left_len,right_len,total_empty,n,first,current_gap_m,current_gap_left,current_gap_right,current_pos,response_gap_m,response_gap_left,response_gap_right,response_pos,best_response_gap_m,best_response_gap_left,best_response_gap_right,best_response_pos,best_response_edge_distance,winning_response_count
2,3,5,6,2,3,0,2,1,2,0,1,1,2,0,1,1,0,1
2,5,7,8,2,5,0,2,1,3,1,2,0,3,1,2,0,0,2
2,5,7,8,2,5,0,2,2,2,1,2,0,2,1,2,0,0,1
2,5,7,8,2,5,0,2,3,3,0,2,1,3,0,2,1,1,1
2,6,8,9,2,6,0,2,1,4,1,2,1,4,1,2,1,1,2
2,6,8,9,2,6,0,2,2,3,1,2,1,3,1,2,1,1,1
2,6,8,9,2,6,0,2,3,3,0,2,1,3,0,2,1,1,1
2,6,8,9,2,6,0,2,4,4,0,2,1,4,0,2,1,1,2
2,7,9,10,2,7,0,2,1,5,1,2,1,5,1,2,1,1,3
2,7,9,10,2,7,0,2,2,4,1,2,1,4,1,2,1,1,2
2,7,9,10,2,7,0,2,3,3,1,2,0,3,1,2,0,0,2
2,7,9,10,2,7,0,2,4,4,0,2,1,4,0,2,1,1,2
2,7,9,10,2,7,0,2,5,5,0,2,2,5,0,2,3,1,2
2,8,10,11,2,8,0,2,1,6,1,2,2,6,1,2,4,1,3
2,8,10,11,2,8,0,2,2,5,1,2,2,5,1,2,2,2,1
2,8,10,11,2,8,0,2,3,4,1,2,0,4,1,2,0,0,3
2,8,10,11,2,8,0,2,4,4,0,2,1,4,0,2,1,1,2
2,8,10,11,2,8,0,2,5,5,0,2,1,5,0,2,1,1,3
2,8,10,11,2,8,0,2,6,6,0,2,2,6,0,2,2,2,2
2,9,11,12,2,9,0,2,1,7,1,2,0,7,1,2,0,0,6
2,9,11,12,2,9,0,2,2,6,1,2,2,6,1,2,4,1,3
2,9,11,12,2,9,0,2,3,5,1,2,1,5,1,2,1,1,3
2,9,11,12,2,9,0,2,4,4,1,2,0,4,1,2,0,0,3
2,9,11,12,2,9,0,2,5,5,0,2,1,5,0,2,1,1,3
2,9,11,12,2,9,0,2,6,6,0,2,2,6,0,2,4,1,3
2,9,11,12,2,9,0,2,7,7,0,2,3,7,0,2,5,1,3
2,10,12,13,2,10,0,2,1,8,1,2,1,8,1,2,1,1,6
2,10,12,13,2,10,0,2,2,7,1,2,3,7,1,2,3,3,1
2,10,12,13,2,10,0,2,3,3,0,2,1,3,0,2,1,1,5
2,10,12,13,2,10,0,2,4,4,0,2,2,5,1,2,0,0,5
2,10,12,13,2,10,0,2,5,5,0,2,1,5,0,2,1,1,3
2,10,12,13,2,10,0,2,6,3,1,2,1,3,1,2,1,1,5
2,10,12,13,2,10,0,2,7,7,0,2,2,7,0,2,2,2,2
2,10,12,13,2,10,0,2,8,8,0,2,1,8,0,2,1,1,5
2,11,13,14,2,11,0,2,1,9,1,2,0,9,1,2,0,0,8
2,11,13,14,2,11,0,2,2,8,1,2,1,8,1,2,1,1,6
2,11,13,14,2,11,0,2,3,7,1,2,2,7,1,2,5,1,4
2,11,13,14,2,11,0,2,4,4,0,2,2,4,0,2,2,1,5
2,11,13,14,2,11,0,2,5,5,1,2,1,5,1,2,1,1,3
2,11,13,14,2,11,0,2,6,4,1,2,2,4,1,2,2,1,4
2,11,13,14,2,11,0,2,7,3,1,2,1,3,1,2,1,1,5
2,11,13,14,2,11,0,2,8,8,0,2,4,8,0,2,6,1,3
2,11,13,14,2,11,0,2,9,9,0,2,2,9,0,2,7,1,5
2,12,14,15,2,12,0,2,1,10,1,2,1,10,1,2,1,1,7
2,12,14,15,2,12,0,2,2,9,1,2,2,9,1,2,2,2,3
2,12,14,15,2,12,0,2,3,3,0,2,1,3,0,2,1,1,5
2,12,14,15,2,12,0,2,4,4,0,2,1,4,0,2,1,1,6
2,12,14,15,2,12,0,2,5,5,0,2,2,6,1,2,1,1,4
2,12,14,15,2,12,0,2,6,5,1,2,2,6,0,2,1,1,5
2,12,14,15,2,12,0,2,7,4,1,2,1,4,1,2,1,1,6
2,12,14,15,2,12,0,2,8,3,1,2,1,3,1,2,1,1,3
2,12,14,15,2,12,0,2,9,9,0,2,1,9,0,2,1,1,7
2,12,14,15,2,12,0,2,10,10,0,2,1,10,0,2,1,1,6
2,13,15,16,2,13,0,2,1,11,1,2,0,11,1,2,0,0,10
2,13,15,16,2,13,0,2,2,10,1,2,1,10,1,2,1,1,7
2,13,15,16,2,13,0,2,3,9,1,2,1,9,1,2,1,1,7
2,13,15,16,2,13,0,2,4,4,0,2,2,4,0,2,2,1,5
2,13,15,16,2,13,0,2,5,5,0,2,2,5,0,2,3,1,6
2,13,15,16,2,13,0,2,6,6,0,2,3,6,1,2,1,1,5
2,13,15,16,2,13,0,2,7,5,1,2,2,7,0,2,1,1,6
2,13,15,16,2,13,0,2,8,4,1,2,1,4,1,2,1,1,6
2,13,15,16,2,13,0,2,9,3,1,2,1,3,1,2,1,1,5
2,13,15,16,2,13,0,2,10,10,0,2,2,10,0,2,8,1,7
2,13,15,16,2,13,0,2,11,11,0,2,2,11,0,2,9,1,7
2,14,16,17,2,14,0,2,1,12,1,2,1,12,1,2,1,1,10
2,14,16,17,2,14,0,2,2,11,1,2,2,11,1,2,2,2,4
2,14,16,17,2,14,0,2,3,3,0,2,1,3,0,2,1,1,9
2,14,16,17,2,14,0,2,4,4,0,2,1,4,0,2,1,1,8
2,14,16,17,2,14,0,2,5,5,0,2,1,5,0,2,1,1,5
2,14,16,17,2,14,0,2,6,6,0,2,2,7,1,2,0,0,8
2,14,16,17,2,14,0,2,7,6,1,2,2,7,0,2,1,1,6
2,14,16,17,2,14,0,2,8,5,1,2,1,5,1,2,1,1,9
2,14,16,17,2,14,0,2,9,4,1,2,2,4,1,2,2,1,5
2,14,16,17,2,14,0,2,10,3,1,2,1,3,1,2,1,1,9
2,14,16,17,2,14,0,2,11,11,0,2,1,11,0,2,1,1,9
2,14,16,17,2,14,0,2,12,12,0,2,1,12,0,2,1,1,8
2,15,17,18,2,15,0,2,1,13,1,2,0,13,1,2,0,0,12
2,15,17,18,2,15,0,2,2,12,1,2,1,12,1,2,1,1,10
2,15,17,18,2,15,0,2,3,11,1,2,1,11,1,2,1,1,9
2,15,17,18,2,15,0,2,4,4,0,2,2,4,0,2,2,1,9
2,15,17,18,2,15,0,2,5,5,0,2,2,5,0,2,3,1,6
2,15,17,18,2,15,0,2,6,6,0,2,2,6,0,2,4,1,9
2,15,17,18,2,15,0,2,7,7,0,2,3,7,0,2,5,1,7
2,15,17,18,2,15,0,2,8,6,1,2,2,8,0,2,1,1,7
2,15,17,18,2,15,0,2,9,5,1,2,1,5,1,2,1,1,9
2,15,17,18,2,15,0,2,10,4,1,2,2,4,1,2,2,1,7
2,15,17,18,2,15,0,2,11,3,1,2,1,3,1,2,1,1,9
2,15,17,18,2,15,0,2,12,12,0,2,2,12,0,2,10,1,9
2,15,17,18,2,15,0,2,13,13,0,2,2,13,0,2,11,1,10
2,16,18,19,2,16,0,2,1,14,1,2,1,14,1,2,1,1,12
2,16,18,19,2,16,0,2,2,13,1,2,2,13,1,2,2,2,3
2,16,18,19,2,16,0,2,3,3,0,2,1,3,0,2,1,1,11
2,16,18,19,2,16,0,2,4,4,0,2,1,4,0,2,1,1,11
2,16,18,19,2,16,0,2,5,5,0,2,1,5,0,2,1,1,6
2,16,18,19,2,16,0,2,6,6,0,2,1,6,0,2,1,1,11
2,16,18,19,2,16,0,2,7,7,0,2,2,7,0,2,5,1,9
2,16,18,19,2,16,0,2,8,7,1,2,2,8,0,2,1,1,9
2,16,18,19,2,16,0,2,9,6,1,2,1,6,1,2,1,1,11
2,16,18,19,2,16,0,2,10,5,1,2,2,5,1,2,2,2,4
2,16,18,19,2,16,0,2,11,4,1,2,2,4,1,2,2,1,8
2,16,18,19,2,16,0,2,12,3,1,2,1,3,1,2,1,1,11
2,16,18,19,2,16,0,2,13,13,0,2,1,13,0,2,1,1,8
2,16,18,19,2,16,0,2,14,14,0,2,1,14,0,2,1,1,11
2,17,19,20,2,17,0,2,1,15,1,2,0,15,1,2,0,0,14
2,17,19,20,2,17,0,2,2,14,1,2,1,14,1,2,1,1,12
2,17,19,20,2,17,0,2,3,13,1,2,1,13,1,2,1,1,11
2,17,19,20,2,17,0,2,4,4,0,2,2,4,0,2,2,1,11
2,17,19,20,2,17,0,2,5,5,0,2,2,5,0,2,3,1,11
2,17,19,20,2,17,0,2,6,6,0,2,2,6,0,2,4,1,10
2,17,19,20,2,17,0,2,7,7,0,2,2,7,0,2,5,1,11
2,17,19,20,2,17,0,2,8,8,0,2,4,8,0,2,6,1,9
2,17,19,20,2,17,0,2,9,7,1,2,2,7,1,2,5,1,10
2,17,19,20,2,17,0,2,10,6,1,2,1,6,1,2,1,1,11
2,17,19,20,2,17,0,2,11,5,1,2,1,5,1,2,1,1,9
2,17,19,20,2,17,0,2,12,4,1,2,1,4,1,2,1,1,10
2,17,19,20,2,17,0,2,13,3,1,2,1,3,1,2,1,1,11
2,17,19,20,2,17,0,2,14,14,0,2,2,14,0,2,12,1,11
2,17,19,20,2,17,0,2,15,15,0,2,2,15,0,2,13,1,12
2,18,20,21,2,18,0,2,1,16,1,2,1,16,1,2,1,1,14
2,18,20,21,2,18,0,2,2,15,1,2,2,15,1,2,2,2,5
2,18,20,21,2,18,0,2,3,3,0,2,1,3,0,2,1,1,13
2,18,20,21,2,18,0,2,4,4,0,2,1,4,0,2,1,1,12
2,18,20,21,2,18,0,2,5,5,0,2,1,5,0,2,1,1,9
2,18,20,21,2,18,0,2,6,6,0,2,1,6,0,2,1,1,11
2,18,20,21,2,18,0,2,7,7,0,2,1,7,0,2,1,1,11
2,18,20,21,2,18,0,2,8,8,0,2,2,9,1,2,1,1,8
2,18,20,21,2,18,0,2,9,8,1,2,2,9,0,2,1,1,9
2,18,20,21,2,18,0,2,10,7,1,2,1,7,1,2,1,1,11
2,18,20,21,2,18,0,2,11,6,1,2,1,6,1,2,1,1,6
2,18,20,21,2,18,0,2,12,5,1,2,2,12,0,2,1,1,11
2,18,20,21,2,18,0,2,13,4,1,2,1,4,1,2,1,1,10
2,18,20,21,2,18,0,2,14,3,1,2,1,3,1,2,1,1,9
2,18,20,21,2,18,0,2,15,15,0,2,1,15,0,2,1,1,13
2,18,20,21,2,18,0,2,16,16,0,2,1,16,0,2,1,1,12
2,19,21,22,2,19,0,2,1,17,1,2,0,17,1,2,0,0,16
2,19,21,22,2,19,0,2,2,16,1,2,1,16,1,2,1,1,14
2,19,21,22,2,19,0,2,3,15,1,2,1,15,1,2,1,1,13
2,19,21,22,2,19,0,2,4,4,0,2,2,4,0,2,2,1,13
2,19,21,22,2,19,0,2,5,5,0,2,2,5,0,2,3,1,10
2,19,21,22,2,19,0,2,6,6,0,2,2,6,0,2,4,1,13
2,19,21,22,2,19,0,2,7,7,0,2,2,7,0,2,5,1,11
2,19,21,22,2,19,0,2,8,8,0,2,2,8,0,2,6,1,11
2,19,21,22,2,19,0,2,9,9,0,2,3,9,0,2,7,1,10
2,19,21,22,2,19,0,2,10,8,1,2,2,8,1,2,6,1,12
2,19,21,22,2,19,0,2,11,7,1,2,1,7,1,2,1,1,12
2,19,21,22,2,19,0,2,12,6,1,2,1,6,1,2,1,1,10
2,19,21,22,2,19,0,2,13,5,1,2,2,13,0,2,11,1,11
2,19,21,22,2,19,0,2,14,4,1,2,1,4,1,2,1,1,12
2,19,21,22,2,19,0,2,15,15,0,2,2,15,0,2,13,1,12
2,19,21,22,2,19,0,2,16,16,0,2,2,16,0,2,14,1,13
2,19,21,22,2,19,0,2,17,17,0,2,2,17,0,2,15,1,14
2,20,22,23,2,20,0,2,1,18,1,2,1,18,1,2,1,1,16
2,20,22,23,2,20,0,2,2,17,1,2,2,17,1,2,2,2,7
2,20,22,23,2,20,0,2,3,3,0,2,1,3,0,2,1,1,15
2,20,22,23,2,20,0,2,4,4,0,2,1,4,0,2,1,1,15
2,20,22,23,2,20,0,2,5,5,0,2,1,5,0,2,1,1,9
2,20,22,23,2,20,0,2,6,6,0,2,1,6,0,2,1,1,15
2,20,22,23,2,20,0,2,7,7,0,2,1,7,0,2,1,1,14
2,20,22,23,2,20,0,2,8,8,0,2,1,8,0,2,1,1,13
2,20,22,23,2,20,0,2,9,9,0,2,2,9,0,2,7,1,14
2,20,22,23,2,20,0,2,10,9,1,2,2,10,0,2,1,1,12
2,20,22,23,2,20,0,2,11,8,1,2,1,8,1,2,1,1,15
2,20,22,23,2,20,0,2,12,7,1,2,2,7,1,2,5,1,10
2,20,22,23,2,20,0,2,13,6,1,2,1,6,1,2,1,1,14
2,20,22,23,2,20,0,2,14,5,1,2,1,5,1,2,1,1,15
2,20,22,23,2,20,0,2,15,4,1,2,2,4,1,2,2,1,14
2,20,22,23,2,20,0,2,16,3,1,2,1,3,1,2,1,1,15
2,20,22,23,2,20,0,2,17,17,0,2,1,17,0,2,1,1,15
2,20,22,23,2,20,0,2,18,18,0,2,1,18,0,2,1,1,15
2,21,23,24,2,21,0,2,1,19,1,2,0,19,1,2,0,0,18
2,21,23,24,2,21,0,2,2,18,1,2,1,18,1,2,1,1,16
2,21,23,24,2,21,0,2,3,17,1,2,1,17,1,2,1,1,15
2,21,23,24,2,21,0,2,4,4,0,2,2,4,0,2,2,1,15
2,21,23,24,2,21,0,2,5,5,0,2,2,5,0,2,3,1,15
2,21,23,24,2,21,0,2,6,6,0,2,2,6,0,2,4,1,15
2,21,23,24,2,21,0,2,7,7,0,2,2,7,0,2,5,1,15
2,21,23,24,2,21,0,2,8,8,0,2,2,8,0,2,6,1,13
2,21,23,24,2,21,0,2,9,9,0,2,2,9,0,2,7,1,15
2,21,23,24,2,21,0,2,10,10,0,2,3,10,0,2,8,1,13
2,21,23,24,2,21,0,2,11,9,1,2,2,9,1,2,7,1,14
2,21,23,24,2,21,0,2,12,8,1,2,1,8,1,2,1,1,15
2,21,23,24,2,21,0,2,13,7,1,2,2,7,1,2,5,1,13
2,21,23,24,2,21,0,2,14,6,1,2,1,6,1,2,1,1,15
2,21,23,24,2,21,0,2,15,5,1,2,1,5,1,2,1,1,15
2,21,23,24,2,21,0,2,16,4,1,2,1,4,1,2,1,1,15
2,21,23,24,2,21,0,2,17,3,1,2,1,3,1,2,1,1,15
2,21,23,24,2,21,0,2,18,18,0,2,2,18,0,2,16,1,15
2,21,23,24,2,21,0,2,19,19,0,2,2,19,0,2,17,1,16
2,22,24,25,2,22,0,2,1,20,1,2,1,20,1,2,1,1,18
2,22,24,25,2,22,0,2,2,19,1,2,2,19,1,2,2,2,9
2,22,24,25,2,22,0,2,3,3,0,2,1,3,0,2,1,1,17
2,22,24,25,2,22,0,2,4,4,0,2,1,4,0,2,1,1,17
2,22,24,25,2,22,0,2,5,5,0,2,1,5,0,2,1,1,11
2,22,24,25,2,22,0,2,6,6,0,2,1,6,0,2,1,1,17
2,22,24,25,2,22,0,2,7,7,0,2,1,7,0,2,1,1,17
2,22,24,25,2,22,0,2,8,8,0,2,1,8,0,2,1,1,13
2,22,24,25,2,22,0,2,9,9,0,2,1,9,0,2,1,1,17
2,22,24,25,2,22,0,2,10,10,0,2,2,10,0,2,8,1,15
2,22,24,25,2,22,0,2,11,10,1,2,2,11,0,2,1,1,15
2,22,24,25,2,22,0,2,12,9,1,2,1,9,1,2,1,1,17
2,22,24,25,2,22,0,2,13,8,1,2,2,8,1,2,6,1,12
2,22,24,25,2,22,0,2,14,7,1,2,2,7,1,2,5,1,16
2,22,24,25,2,22,0,2,15,6,1,2,1,6,1,2,1,1,17
2,22,24,25,2,22,0,2,16,5,1,2,2,16,0,2,1,1,15
2,22,24,25,2,22,0,2,17,4,1,2,2,4,1,2,2,1,16
2,22,24,25,2,22,0,2,18,3,1,2,1,3,1,2,1,1,17
2,22,24,25,2,22,0,2,19,19,0,2,1,19,0,2,1,1,17
2,22,24,25,2,22,0,2,20,20,0,2,1,20,0,2,1,1,17
2,23,25,26,2,23,0,2,1,21,1,2,0,21,1,2,0,0,20
2,23,25,26,2,23,0,2,2,20,1,2,1,20,1,2,1,1,18
2,23,25,26,2,23,0,2,3,19,1,2,1,19,1,2,1,1,17
2,23,25,26,2,23,0,2,4,4,0,2,2,4,0,2,2,1,17
2,23,25,26,2,23,0,2,5,5,0,2,2,5,0,2,3,1,16
2,23,25,26,2,23,0,2,6,6,0,2,2,6,0,2,4,1,17
2,23,25,26,2,23,0,2,7,7,0,2,2,7,0,2,5,1,15
2,23,25,26,2,23,0,2,8,8,0,2,2,8,0,2,6,1,17
2,23,25,26,2,23,0,2,9,9,0,2,2,9,0,2,7,1,16
2,23,25,26,2,23,0,2,10,10,0,2,2,10,0,2,8,1,17
2,23,25,26,2,23,0,2,11,11,0,2,3,11,0,2,9,1,16
2,23,25,26,2,23,0,2,12,10,1,2,2,10,1,2,8,1,17
2,23,25,26,2,23,0,2,13,9,1,2,1,9,1,2,1,1,17
2,23,25,26,2,23,0,2,14,8,1,2,1,8,1,2,1,1,16
2,23,25,26,2,23,0,2,15,7,1,2,1,7,1,2,1,1,16
2,23,25,26,2,23,0,2,16,6,1,2,1,6,1,2,1,1,17
2,23,25,26,2,23,0,2,17,5,1,2,2,17,0,2,15,1,15
2,23,25,26,2,23,0,2,18,4,1,2,1,4,1,2,1,1,17
2,23,25,26,2,23,0,2,19,3,1,2,1,3,1,2,1,1,17
2,23,25,26,2,23,0,2,20,20,0,2,2,20,0,2,18,1,17
2,23,25,26,2,23,0,2,21,21,0,2,2,21,0,2,19,1,18
2,24,26,27,2,24,0,2,1,22,1,2,1,22,1,2,1,1,20
2,24,26,27,2,24,0,2,2,21,1,2,2,21,1,2,2,2,9
2,24,26,27,2,24,0,2,3,3,0,2,1,3,0,2,1,1,19
2,24,26,27,2,24,0,2,4,4,0,2,1,4,0,2,1,1,19
2,24,26,27,2,24,0,2,5,5,0,2,1,5,0,2,1,1,11
2,24,26,27,2,24,0,2,6,6,0,2,1,6,0,2,1,1,19
2,24,26,27,2,24,0,2,7,7,0,2,1,7,0,2,1,1,18
2,24,26,27,2,24,0,2,8,8,0,2,1,8,0,2,1,1,16
2,24,26,27,2,24,0,2,9,9,0,2,1,9,0,2,1,1,17
2,24,26,27,2,24,0,2,10,10,0,2,1,10,0,2,1,1,18
2,24,26,27,2,24,0,2,11,11,0,2,2,11,0,2,9,1,17
2,24,26,27,2,24,0,2,12,11,1,2,2,12,0,2,1,1,14
2,24,26,27,2,24,0,2,13,10,1,2,1,10,1,2,1,1,19
2,24,26,27,2,24,0,2,14,9,1,2,1,9,1,2,1,1,15
2,24,26,27,2,24,0,2,15,8,1,2,2,15,0,2,1,1,15
2,24,26,27,2,24,0,2,16,7,1,2,2,7,1,2,5,1,18
2,24,26,27,2,24,0,2,17,6,1,2,2,6,1,2,4,1,17
2,24,26,27,2,24,0,2,18,5,1,2,2,18,0,2,1,1,17
2,24,26,27,2,24,0,2,19,4,1,2,2,4,1,2,2,1,18
2,24,26,27,2,24,0,2,20,3,1,2,1,3,1,2,1,1,19
2,24,26,27,2,24,0,2,21,21,0,2,1,21,0,2,1,1,19
2,24,26,27,2,24,0,2,22,22,0,2,1,22,0,2,1,1,19
2,25,27,28,2,25,0,2,1,23,1,2,0,23,1,2,0,0,22
2,25,27,28,2,25,0,2,2,22,1,2,1,22,1,2,1,1,20
2,25,27,28,2,25,0,2,3,21,1,2,1,21,1,2,1,1,19
2,25,27,28,2,25,0,2,4,4,0,2,2,4,0,2,2,1,19
2,25,27,28,2,25,0,2,5,5,0,2,2,5,0,2,3,1,17
2,25,27,28,2,25,0,2,6,6,0,2,2,6,0,2,4,1,19
2,25,27,28,2,25,0,2,7,7,0,2,2,7,0,2,5,1,18
2,25,27,28,2,25,0,2,8,8,0,2,2,8,0,2,6,1,18
2,25,27,28,2,25,0,2,9,9,0,2,2,9,0,2,7,1,18
2,25,27,28,2,25,0,2,10,10,0,2,2,10,0,2,8,1,17
2,25,27,28,2,25,0,2,11,11,0,2,2,11,0,2,9,1,18
2,25,27,28,2,25,0,2,12,12,0,2,3,12,0,2,10,1,17
2,25,27,28,2,25,0,2,13,11,1,2,2,11,1,2,9,1,18
2,25,27,28,2,25,0,2,14,10,1,2,1,10,1,2,1,1,19
2,25,27,28,2,25,0,2,15,9,1,2,2,9,1,2,7,1,16
2,25,27,28,2,25,0,2,16,8,1,2,2,8,1,2,6,1,17
2,25,27,28,2,25,0,2,17,7,1,2,1,7,1,2,1,1,19
2,25,27,28,2,25,0,2,18,6,1,2,2,6,1,2,4,1,17
2,25,27,28,2,25,0,2,19,5,1,2,2,19,0,2,17,1,17
2,25,27,28,2,25,0,2,20,4,1,2,2,4,1,2,2,1,18
2,25,27,28,2,25,0,2,21,3,1,2,1,3,1,2,1,1,19
2,25,27,28,2,25,0,2,22,22,0,2,2,22,0,2,20,1,19
2,25,27,28,2,25,0,2,23,23,0,2,2,23,0,2,21,1,20
2,26,28,29,2,26,0,2,1,24,1,2,1,24,1,2,1,1,22
2,26,28,29,2,26,0,2,2,23,1,2,2,23,1,2,2,2,12
2,26,28,29,2,26,0,2,3,3,0,2,1,3,0,2,1,1,21
2,26,28,29,2,26,0,2,4,4,0,2,1,4,0,2,1,1,21
2,26,28,29,2,26,0,2,5,5,0,2,1,5,0,2,1,1,15
2,26,28,29,2,26,0,2,6,6,0,2,1,6,0,2,1,1,21
2,26,28,29,2,26,0,2,7,7,0,2,1,7,0,2,1,1,21
2,26,28,29,2,26,0,2,8,8,0,2,1,8,0,2,1,1,18
2,26,28,29,2,26,0,2,9,9,0,2,1,9,0,2,1,1,21
2,26,28,29,2,26,0,2,10,10,0,2,1,10,0,2,1,1,20
2,26,28,29,2,26,0,2,11,11,0,2,1,11,0,2,1,1,19
2,26,28,29,2,26,0,2,12,12,0,2,2,12,0,2,10,1,20
2,26,28,29,2,26,0,2,13,12,1,2,2,13,0,2,1,1,18
2,26,28,29,2,26,0,2,14,11,1,2,1,11,1,2,1,1,21
2,26,28,29,2,26,0,2,15,10,1,2,2,10,1,2,8,1,16
2,26,28,29,2,26,0,2,16,9,1,2,1,9,1,2,1,1,20
2,26,28,29,2,26,0,2,17,8,1,2,1,8,1,2,1,1,21
2,26,28,29,2,26,0,2,18,7,1,2,2,7,1,2,5,1,20
2,26,28,29,2,26,0,2,19,6,1,2,1,6,1,2,1,1,20
2,26,28,29,2,26,0,2,20,5,1,2,2,20,0,2,1,1,19
2,26,28,29,2,26,0,2,21,4,1,2,2,4,1,2,2,1,20
2,26,28,29,2,26,0,2,22,3,1,2,1,3,1,2,1,1,21
2,26,28,29,2,26,0,2,23,23,0,2,1,23,0,2,1,1,21
2,26,28,29,2,26,0,2,24,24,0,2,1,24,0,2,1,1,21
2,27,29,30,2,27,0,2,1,25,1,2,0,25,1,2,0,0,24
2,27,29,30,2,27,0,2,2,24,1,2,1,24,1,2,1,1,22
2,27,29,30,2,27,0,2,3,23,1,2,1,23,1,2,1,1,21
2,27,29,30,2,27,0,2,4,4,0,2,2,4,0,2,2,1,21
2,27,29,30,2,27,0,2,5,5,0,2,2,5,0,2,3,1,21
2,27,29,30,2,27,0,2,6,6,0,2,2,6,0,2,4,1,21
2,27,29,30,2,27,0,2,7,7,0,2,2,7,0,2,5,1,21
2,27,29,30,2,27,0,2,8,8,0,2,2,8,0,2,6,1,21
2,27,29,30,2,27,0,2,9,9,0,2,2,9,0,2,7,1,21
2,27,29,30,2,27,0,2,10,10,0,2,2,10,0,2,8,1,21
2,27,29,30,2,27,0,2,11,11,0,2,2,11,0,2,9,1,20
2,27,29,30,2,27,0,2,12,12,0,2,2,12,0,2,10,1,21
2,27,29,30,2,27,0,2,13,13,0,2,3,13,0,2,11,1,20
2,27,29,30,2,27,0,2,14,12,1,2,2,12,1,2,10,1,21
2,27,29,30,2,27,0,2,15,11,1,2,1,11,1,2,1,1,21
2,27,29,30,2,27,0,2,16,10,1,2,1,10,1,2,1,1,20
2,27,29,30,2,27,0,2,17,9,1,2,1,9,1,2,1,1,21
2,27,29,30,2,27,0,2,18,8,1,2,1,8,1,2,1,1,21
2,27,29,30,2,27,0,2,19,7,1,2,1,7,1,2,1,1,21
2,27,29,30,2,27,0,2,20,6,1,2,1,6,1,2,1,1,21
2,27,29,30,2,27,0,2,21,5,1,2,1,5,1,2,1,1,21
2,27,29,30,2,27,0,2,22,4,1,2,1,4,1,2,1,1,21
2,27,29,30,2,27,0,2,23,3,1,2,1,3,1,2,1,1,21
2,27,29,30,2,27,0,2,24,24,0,2,2,24,0,2,22,1,21
2,27,29,30,2,27,0,2,25,25,0,2,2,25,0,2,23,1,22
2,28,30,31,2,28,0,2,1,26,1,2,1,26,1,2,1,1,24
2,28,30,31,2,28,0,2,2,25,1,2,2,25,1,2,2,2,17
2,28,30,31,2,28,0,2,3,3,0,2,1,3,0,2,1,1,23
2,28,30,31,2,28,0,2,4,4,0,2,1,4,0,2,1,1,23
2,28,30,31,2,28,0,2,5,5,0,2,1,5,0,2,1,1,19
2,28,30,31,2,28,0,2,6,6,0,2,1,6,0,2,1,1,23
2,28,30,31,2,28,0,2,7,7,0,2,1,7,0,2,1,1,23
2,28,30,31,2,28,0,2,8,8,0,2,1,8,0,2,1,1,20
2,28,30,31,2,28,0,2,9,9,0,2,1,9,0,2,1,1,23
2,28,30,31,2,28,0,2,10,10,0,2,1,10,0,2,1,1,21
2,28,30,31,2,28,0,2,11,11,0,2,1,11,0,2,1,1,21
2,28,30,31,2,28,0,2,12,12,0,2,1,12,0,2,1,1,21
2,28,30,31,2,28,0,2,13,13,0,2,2,13,0,2,11,1,21
2,28,30,31,2,28,0,2,14,13,1,2,2,14,0,2,1,1,21
2,28,30,31,2,28,0,2,15,12,1,2,1,12,1,2,1,1,23
2,28,30,31,2,28,0,2,16,11,1,2,2,11,1,2,9,1,18
2,28,30,31,2,28,0,2,17,10,1,2,2,10,1,2,8,1,21
2,28,30,31,2,28,0,2,18,9,1,2,1,9,1,2,1,1,22
2,28,30,31,2,28,0,2,19,8,1,2,2,8,1,2,6,1,21
2,28,30,31,2,28,0,2,20,7,1,2,2,7,1,2,5,1,22
2,28,30,31,2,28,0,2,21,6,1,2,1,6,1,2,1,1,22
2,28,30,31,2,28,0,2,22,5,1,2,2,22,0,2,1,1,21
2,28,30,31,2,28,0,2,23,4,1,2,2,4,1,2,2,1,22
2,28,30,31,2,28,0,2,24,3,1,2,1,3,1,2,1,1,23
2,28,30,31,2,28,0,2,25,25,0,2,1,25,0,2,1,1,23
2,28,30,31,2,28,0,2,26,26,0,2,1,26,0,2,1,1,23
2,29,31,32,2,29,0,2,1,27,1,2,0,27,1,2,0,0,26
2,29,31,32,2,29,0,2,2,26,1,2,1,26,1,2,1,1,24
2,29,31,32,2,29,0,2,3,25,1,2,1,25,1,2,1,1,23
2,29,31,32,2,29,0,2,4,4,0,2,2,4,0,2,2,1,23
2,29,31,32,2,29,0,2,5,5,0,2,2,5,0,2,3,1,22
2,29,31,32,2,29,0,2,6,6,0,2,2,6,0,2,4,1,23
2,29,31,32,2,29,0,2,7,7,0,2,2,7,0,2,5,1,21
2,29,31,32,2,29,0,2,8,8,0,2,2,8,0,2,6,1,23
2,29,31,32,2,29,0,2,9,9,0,2,2,9,0,2,7,1,22
2,29,31,32,2,29,0,2,10,10,0,2,2,10,0,2,8,1,21
2,29,31,32,2,29,0,2,11,11,0,2,2,11,0,2,9,1,23
2,29,31,32,2,29,0,2,12,12,0,2,2,12,0,2,10,1,22
2,29,31,32,2,29,0,2,13,13,0,2,2,13,0,2,11,1,23
2,29,31,32,2,29,0,2,14,14,0,2,3,14,0,2,12,1,22
2,29,31,32,2,29,0,2,15,13,1,2,2,13,1,2,11,1,22
2,29,31,32,2,29,0,2,16,12,1,2,1,12,1,2,1,1,23
2,29,31,32,2,29,0,2,17,11,1,2,2,11,1,2,9,1,20
2,29,31,32,2,29,0,2,18,10,1,2,1,10,1,2,1,1,22
2,29,31,32,2,29,0,2,19,9,1,2,1,9,1,2,1,1,23
2,29,31,32,2,29,0,2,20,8,1,2,2,8,1,2,6,1,21
2,29,31,32,2,29,0,2,21,7,1,2,1,7,1,2,1,1,23
2,29,31,32,2,29,0,2,22,6,1,2,1,6,1,2,1,1,23
2,29,31,32,2,29,0,2,23,5,1,2,2,23,0,2,21,1,21
2,29,31,32,2,29,0,2,24,4,1,2,1,4,1,2,1,1,23
2,29,31,32,2,29,0,2,25,3,1,2,1,3,1,2,1,1,23
2,29,31,32,2,29,0,2,26,26,0,2,2,26,0,2,24,1,23
2,29,31,32,2,29,0,2,27,27,0,2,2,27,0,2,25,1,24
2,30,32,33,2,30,0,2,1,28,1,2,1,28,1,2,1,1,26
2,30,32,33,2,30,0,2,2,27,1,2,2,27,1,2,2,2,15
2,30,32,33,2,30,0,2,3,3,0,2,1,3,0,2,1,1,25
2,30,32,33,2,30,0,2,4,4,0,2,1,4,0,2,1,1,25
2,30,32,33,2,30,0,2,5,5,0,2,1,5,0,2,1,1,19
2,30,32,33,2,30,0,2,6,6,0,2,1,6,0,2,1,1,25
2,30,32,33,2,30,0,2,7,7,0,2,1,7,0,2,1,1,23
2,30,32,33,2,30,0,2,8,8,0,2,1,8,0,2,1,1,21
2,30,32,33,2,30,0,2,9,9,0,2,1,9,0,2,1,1,24
2,30,32,33,2,30,0,2,10,10,0,2,1,10,0,2,1,1,23
2,30,32,33,2,30,0,2,11,11,0,2,1,11,0,2,1,1,23
2,30,32,33,2,30,0,2,12,12,0,2,1,12,0,2,1,1,23
2,30,32,33,2,30,0,2,13,13,0,2,1,13,0,2,1,1,23
2,30,32,33,2,30,0,2,14,14,0,2,2,14,0,2,12,1,23
2,30,32,33,2,30,0,2,15,14,1,2,2,15,0,2,1,1,19
2,30,32,33,2,30,0,2,16,13,1,2,1,13,1,2,1,1,25
2,30,32,33,2,30,0,2,17,12,1,2,2,12,1,2,10,1,20
2,30,32,33,2,30,0,2,18,11,1,2,2,11,1,2,9,1,21
2,30,32,33,2,30,0,2,19,10,1,2,2,10,1,2,8,1,24
2,30,32,33,2,30,0,2,20,9,1,2,2,9,1,2,7,1,23
2,30,32,33,2,30,0,2,21,8,1,2,2,21,0,2,1,1,21
2,30,32,33,2,30,0,2,22,7,1,2,2,7,1,2,5,1,24
2,30,32,33,2,30,0,2,23,6,1,2,1,6,1,2,1,1,24
2,30,32,33,2,30,0,2,24,5,1,2,2,24,0,2,1,1,23
2,30,32,33,2,30,0,2,25,4,1,2,2,4,1,2,2,1,24
2,30,32,33,2,30,0,2,26,3,1,2,1,3,1,2,1,1,25
2,30,32,33,2,30,0,2,27,27,0,2,1,27,0,2,1,1,25
2,30,32,33,2,30,0,2,28,28,0,2,1,28,0,2,1,1,25
2,31,33,34,2,31,0,2,1,29,1,2,0,29,1,2,0,0,28
2,31,33,34,2,31,0,2,2,28,1,2,1,28,1,2,1,1,26
2,31,33,34,2,31,0,2,3,27,1,2,1,27,1,2,1,1,25
2,31,33,34,2,31,0,2,4,4,0,2,2,4,0,2,2,1,25
2,31,33,34,2,31,0,2,5,5,0,2,2,5,0,2,3,1,23
2,31,33,34,2,31,0,2,6,6,0,2,2,6,0,2,4,1,25
2,31,33,34,2,31,0,2,7,7,0,2,2,7,0,2,5,1,25
2,31,33,34,2,31,0,2,8,8,0,2,2,8,0,2,6,1,23
2,31,33,34,2,31,0,2,9,9,0,2,2,9,0,2,7,1,24
2,31,33,34,2,31,0,2,10,10,0,2,2,10,0,2,8,1,24
2,31,33,34,2,31,0,2,11,11,0,2,2,11,0,2,9,1,24
2,31,33,34,2,31,0,2,12,12,0,2,2,12,0,2,10,1,24
2,31,33,34,2,31,0,2,13,13,0,2,2,13,0,2,11,1,23
2,31,33,34,2,31,0,2,14,14,0,2,2,14,0,2,12,1,25
2,31,33,34,2,31,0,2,15,15,0,2,3,15,0,2,13,1,22
2,31,33,34,2,31,0,2,16,14,1,2,2,14,1,2,12,1,24
2,31,33,34,2,31,0,2,17,13,1,2,1,13,1,2,1,1,25
2,31,33,34,2,31,0,2,18,12,1,2,2,12,1,2,10,1,22
2,31,33,34,2,31,0,2,19,11,1,2,2,11,1,2,9,1,23
2,31,33,34,2,31,0,2,20,10,1,2,2,10,1,2,8,1,24
2,31,33,34,2,31,0,2,21,9,1,2,2,9,1,2,7,1,23
2,31,33,34,2,31,0,2,22,8,1,2,1,8,1,2,1,1,25
2,31,33,34,2,31,0,2,23,7,1,2,2,7,1,2,5,1,24
2,31,33,34,2,31,0,2,24,6,1,2,1,6,1,2,1,1,24
2,31,33,34,2,31,0,2,25,5,1,2,1,5,1,2,1,1,25
2,31,33,34,2,31,0,2,26,4,1,2,2,4,1,2,2,1,24
2,31,33,34,2,31,0,2,27,3,1,2,1,3,1,2,1,1,25
2,31,33,34,2,31,0,2,28,28,0,2,2,28,0,2,26,1,25
2,31,33,34,2,31,0,2,29,29,0,2,2,29,0,2,27,1,26
2,32,34,35,2,32,0,2,1,30,1,2,1,30,1,2,1,1,28
2,32,34,35,2,32,0,2,2,29,1,2,2,29,1,2,2,2,19
2,32,34,35,2,32,0,2,3,3,0,2,1,3,0,2,1,1,27
2,32,34,35,2,32,0,2,4,4,0,2,1,4,0,2,1,1,27
2,32,34,35,2,32,0,2,5,5,0,2,1,5,0,2,1,1,21
2,32,34,35,2,32,0,2,6,6,0,2,1,6,0,2,1,1,27
2,32,34,35,2,32,0,2,7,7,0,2,1,7,0,2,1,1,27
2,32,34,35,2,32,0,2,8,8,0,2,1,8,0,2,1,1,25
2,32,34,35,2,32,0,2,9,9,0,2,1,9,0,2,1,1,27
2,32,34,35,2,32,0,2,10,10,0,2,1,10,0,2,1,1,26
2,32,34,35,2,32,0,2,11,11,0,2,1,11,0,2,1,1,25
2,32,34,35,2,32,0,2,12,12,0,2,1,12,0,2,1,1,27
2,32,34,35,2,32,0,2,13,13,0,2,1,13,0,2,1,1,26
2,32,34,35,2,32,0,2,14,14,0,2,1,14,0,2,1,1,25
2,32,34,35,2,32,0,2,15,15,0,2,2,15,0,2,13,1,26
2,32,34,35,2,32,0,2,16,15,1,2,2,16,0,2,1,1,24
2,32,34,35,2,32,0,2,17,14,1,2,1,14,1,2,1,1,27
2,32,34,35,2,32,0,2,18,13,1,2,2,13,1,2,11,1,22
2,32,34,35,2,32,0,2,19,12,1,2,1,12,1,2,1,1,26
2,32,34,35,2,32,0,2,20,11,1,2,2,11,1,2,9,1,25
2,32,34,35,2,32,0,2,21,10,1,2,2,10,1,2,8,1,26
2,32,34,35,2,32,0,2,22,9,1,2,1,9,1,2,1,1,26
2,32,34,35,2,32,0,2,23,8,1,2,2,8,1,2,6,1,25
2,32,34,35,2,32,0,2,24,7,1,2,2,7,1,2,5,1,26
2,32,34,35,2,32,0,2,25,6,1,2,2,6,1,2,4,1,25
2,32,34,35,2,32,0,2,26,5,1,2,2,26,0,2,1,1,25
2,32,34,35,2,32,0,2,27,4,1,2,2,4,1,2,2,1,26
2,32,34,35,2,32,0,2,28,3,1,2,1,3,1,2,1,1,27
2,32,34,35,2,32,0,2,29,29,0,2,1,29,0,2,1,1,27
2,32,34,35,2,32,0,2,30,30,0,2,1,30,0,2,1,1,27
2,33,35,36,2,33,0,2,1,31,1,2,0,31,1,2,0,0,30
2,33,35,36,2,33,0,2,2,30,1,2,1,30,1,2,1,1,28
2,33,35,36,2,33,0,2,3,29,1,2,1,29,1,2,1,1,27
2,33,35,36,2,33,0,2,4,4,0,2,2,4,0,2,2,1,27
2,33,35,36,2,33,0,2,5,5,0,2,2,5,0,2,3,1,27
2,33,35,36,2,33,0,2,6,6,0,2,2,6,0,2,4,1,27
2,33,35,36,2,33,0,2,7,7,0,2,2,7,0,2,5,1,27
2,33,35,36,2,33,0,2,8,8,0,2,2,8,0,2,6,1,27
2,33,35,36,2,33,0,2,9,9,0,2,2,9,0,2,7,1,27
2,33,35,36,2,33,0,2,10,10,0,2,2,10,0,2,8,1,27
2,33,35,36,2,33,0,2,11,11,0,2,2,11,0,2,9,1,27
2,33,35,36,2,33,0,2,12,12,0,2,2,12,0,2,10,1,27
2,33,35,36,2,33,0,2,13,13,0,2,2,13,0,2,11,1,27
2,33,35,36,2,33,0,2,14,14,0,2,2,14,0,2,12,1,26
2,33,35,36,2,33,0,2,15,15,0,2,2,15,0,2,13,1,27
2,33,35,36,2,33,0,2,16,16,0,2,3,16,0,2,14,1,26
2,33,35,36,2,33,0,2,17,15,1,2,2,15,1,2,13,1,27
2,33,35,36,2,33,0,2,18,14,1,2,1,14,1,2,1,1,27
2,33,35,36,2,33,0,2,19,13,1,2,1,13,1,2,1,1,26
2,33,35,36,2,33,0,2,20,12,1,2,1,12,1,2,1,1,27
2,33,35,36,2,33,0,2,21,11,1,2,1,11,1,2,1,1,27
2,33,35,36,2,33,0,2,22,10,1,2,1,10,1,2,1,1,27
2,33,35,36,2,33,0,2,23,9,1,2,1,9,1,2,1,1,27
2,33,35,36,2,33,0,2,24,8,1,2,1,8,1,2,1,1,27
2,33,35,36,2,33,0,2,25,7,1,2,1,7,1,2,1,1,27
2,33,35,36,2,33,0,2,26,6,1,2,1,6,1,2,1,1,27
2,33,35,36,2,33,0,2,27,5,1,2,1,5,1,2,1,1,27
2,33,35,36,2,33,0,2,28,4,1,2,1,4,1,2,1,1,27
2,33,35,36,2,33,0,2,29,3,1,2,1,3,1,2,1,1,27
2,33,35,36,2,33,0,2,30,30,0,2,2,30,0,2,28,1,27
2,33,35,36,2,33,0,2,31,31,0,2,2,31,0,2,29,1,28
2,34,36,37,2,34,0,2,1,32,1,2,1,32,1,2,1,1,30
2,34,36,37,2,34,0,2,2,31,1,2,2,31,1,2,2,2,22
2,34,36,37,2,34,0,2,3,3,0,2,1,3,0,2,1,1,29
2,34,36,37,2,34,0,2,4,4,0,2,1,4,0,2,1,1,29
2,34,36,37,2,34,0,2,5,5,0,2,1,5,0,2,1,1,25
2,34,36,37,2,34,0,2,6,6,0,2,1,6,0,2,1,1,29
2,34,36,37,2,34,0,2,7,7,0,2,1,7,0,2,1,1,28
2,34,36,37,2,34,0,2,8,8,0,2,1,8,0,2,1,1,27
2,34,36,37,2,34,0,2,9,9,0,2,1,9,0,2,1,1,27
2,34,36,37,2,34,0,2,10,10,0,2,1,10,0,2,1,1,27
2,34,36,37,2,34,0,2,11,11,0,2,1,11,0,2,1,1,27
2,34,36,37,2,34,0,2,12,12,0,2,1,12,0,2,1,1,27
2,34,36,37,2,34,0,2,13,13,0,2,1,13,0,2,1,1,27
2,34,36,37,2,34,0,2,14,14,0,2,1,14,0,2,1,1,28
2,34,36,37,2,34,0,2,15,15,0,2,1,15,0,2,1,1,27
2,34,36,37,2,34,0,2,16,16,0,2,2,16,0,2,14,1,27
2,34,36,37,2,34,0,2,17,16,1,2,2,17,0,2,1,1,26
2,34,36,37,2,34,0,2,18,15,1,2,1,15,1,2,1,1,29
2,34,36,37,2,34,0,2,19,14,1,2,2,14,1,2,12,1,24
2,34,36,37,2,34,0,2,20,13,1,2,2,13,1,2,11,1,27
2,34,36,37,2,34,0,2,21,12,1,2,1,12,1,2,1,1,28
2,34,36,37,2,34,0,2,22,11,1,2,2,11,1,2,9,1,27
2,34,36,37,2,34,0,2,23,10,1,2,2,10,1,2,8,1,28
2,34,36,37,2,34,0,2,24,9,1,2,1,9,1,2,1,1,28
2,34,36,37,2,34,0,2,25,8,1,2,2,8,1,2,6,1,27
2,34,36,37,2,34,0,2,26,7,1,2,2,7,1,2,5,1,28
2,34,36,37,2,34,0,2,27,6,1,2,2,6,1,2,4,1,27
2,34,36,37,2,34,0,2,28,5,1,2,2,28,0,2,1,1,27
2,34,36,37,2,34,0,2,29,4,1,2,2,4,1,2,2,1,28
2,34,36,37,2,34,0,2,30,3,1,2,1,3,1,2,1,1,29
2,34,36,37,2,34,0,2,31,31,0,2,1,31,0,2,1,1,29
2,34,36,37,2,34,0,2,32,32,0,2,1,32,0,2,1,1,29
2,35,37,38,2,35,0,2,1,33,1,2,0,33,1,2,0,0,32
2,35,37,38,2,35,0,2,2,32,1,2,1,32,1,2,1,1,30
2,35,37,38,2,35,0,2,3,31,1,2,1,31,1,2,1,1,29
2,35,37,38,2,35,0,2,4,4,0,2,2,4,0,2,2,1,29
2,35,37,38,2,35,0,2,5,5,0,2,2,5,0,2,3,1,28
2,35,37,38,2,35,0,2,6,6,0,2,2,6,0,2,4,1,29
2,35,37,38,2,35,0,2,7,7,0,2,2,7,0,2,5,1,28
2,35,37,38,2,35,0,2,8,8,0,2,2,8,0,2,6,1,28
2,35,37,38,2,35,0,2,9,9,0,2,2,9,0,2,7,1,28
2,35,37,38,2,35,0,2,10,10,0,2,2,10,0,2,8,1,27
2,35,37,38,2,35,0,2,11,11,0,2,2,11,0,2,9,1,29
2,35,37,38,2,35,0,2,12,12,0,2,2,12,0,2,10,1,28
2,35,37,38,2,35,0,2,13,13,0,2,2,13,0,2,11,1,27
2,35,37,38,2,35,0,2,14,14,0,2,2,14,0,2,12,1,29
2,35,37,38,2,35,0,2,15,15,0,2,2,15,0,2,13,1,27
2,35,37,38,2,35,0,2,16,16,0,2,2,16,0,2,14,1,29
2,35,37,38,2,35,0,2,17,17,0,2,3,17,0,2,15,1,28
2,35,37,38,2,35,0,2,18,16,1,2,2,16,1,2,14,1,28
2,35,37,38,2,35,0,2,19,15,1,2,1,15,1,2,1,1,29
2,35,37,38,2,35,0,2,20,14,1,2,2,14,1,2,12,1,26
2,35,37,38,2,35,0,2,21,13,1,2,1,13,1,2,1,1,28
2,35,37,38,2,35,0,2,22,12,1,2,1,12,1,2,1,1,29
2,35,37,38,2,35,0,2,23,11,1,2,2,11,1,2,9,1,27
2,35,37,38,2,35,0,2,24,10,1,2,1,10,1,2,1,1,29
2,35,37,38,2,35,0,2,25,9,1,2,1,9,1,2,1,1,29
2,35,37,38,2,35,0,2,26,8,1,2,2,8,1,2,6,1,27
2,35,37,38,2,35,0,2,27,7,1,2,1,7,1,2,1,1,29
2,35,37,38,2,35,0,2,28,6,1,2,1,6,1,2,1,1,29
2,35,37,38,2,35,0,2,29,5,1,2,2,29,0,2,27,1,27
2,35,37,38,2,35,0,2,30,4,1,2,1,4,1,2,1,1,29
2,35,37,38,2,35,0,2,31,3,1,2,1,3,1,2,1,1,29
2,35,37,38,2,35,0,2,32,32,0,2,2,32,0,2,30,1,29
2,35,37,38,2,35,0,2,33,33,0,2,2,33,0,2,31,1,30
2,36,38,39,2,36,0,2,1,34,1,2,1,34,1,2,1,1,32
2,36,38,39,2,36,0,2,2,33,1,2,2,33,1,2,2,2,23
2,36,38,39,2,36,0,2,3,3,0,2,1,3,0,2,1,1,31
2,36,38,39,2,36,0,2,4,4,0,2,1,4,0,2,1,1,31
2,36,38,39,2,36,0,2,5,5,0,2,1,5,0,2,1,1,26
2,36,38,39,2,36,0,2,6,6,0,2,1,6,0,2,1,1,31
2,36,38,39,2,36,0,2,7,7,0,2,1,7,0,2,1,1,29
2,36,38,39,2,36,0,2,8,8,0,2,1,8,0,2,1,1,29
2,36,38,39,2,36,0,2,9,9,0,2,1,9,0,2,1,1,30
2,36,38,39,2,36,0,2,10,10,0,2,1,10,0,2,1,1,29
2,36,38,39,2,36,0,2,11,11,0,2,1,11,0,2,1,1,29
2,36,38,39,2,36,0,2,12,12,0,2,1,12,0,2,1,1,30
2,36,38,39,2,36,0,2,13,13,0,2,1,13,0,2,1,1,29
2,36,38,39,2,36,0,2,14,14,0,2,1,14,0,2,1,1,29
2,36,38,39,2,36,0,2,15,15,0,2,1,15,0,2,1,1,29
2,36,38,39,2,36,0,2,16,16,0,2,1,16,0,2,1,1,29
2,36,38,39,2,36,0,2,17,17,0,2,2,17,0,2,15,1,29
2,36,38,39,2,36,0,2,18,17,1,2,2,18,0,2,1,1,26
2,36,38,39,2,36,0,2,19,16,1,2,1,16,1,2,1,1,31
2,36,38,39,2,36,0,2,20,15,1,2,2,15,1,2,13,1,26
2,36,38,39,2,36,0,2,21,14,1,2,2,14,1,2,12,1,29
2,36,38,39,2,36,0,2,22,13,1,2,2,13,1,2,11,1,30
2,36,38,39,2,36,0,2,23,12,1,2,2,12,1,2,10,1,29
2,36,38,39,2,36,0,2,24,11,1,2,2,11,1,2,9,1,29
2,36,38,39,2,36,0,2,25,10,1,2,2,10,1,2,8,1,29
2,36,38,39,2,36,0,2,26,9,1,2,1,9,1,2,1,1,30
2,36,38,39,2,36,0,2,27,8,1,2,2,8,1,2,6,1,29
2,36,38,39,2,36,0,2,28,7,1,2,2,7,1,2,5,1,30
2,36,38,39,2,36,0,2,29,6,1,2,1,6,1,2,1,1,30
2,36,38,39,2,36,0,2,30,5,1,2,2,30,0,2,1,1,29
2,36,38,39,2,36,0,2,31,4,1,2,2,4,1,2,2,1,30
2,36,38,39,2,36,0,2,32,3,1,2,1,3,1,2,1,1,31
2,36,38,39,2,36,0,2,33,33,0,2,1,33,0,2,1,1,31
2,36,38,39,2,36,0,2,34,34,0,2,1,34,0,2,1,1,31
2,37,39,40,2,37,0,2,1,35,1,2,0,35,1,2,0,0,34
2,37,39,40,2,37,0,2,2,34,1,2,1,34,1,2,1,1,32
2,37,39,40,2,37,0,2,3,33,1,2,1,33,1,2,1,1,31
2,37,39,40,2,37,0,2,4,4,0,2,2,4,0,2,2,1,31
2,37,39,40,2,37,0,2,5,5,0,2,2,5,0,2,3,1,29
2,37,39,40,2,37,0,2,6,6,0,2,2,6,0,2,4,1,31
2,37,39,40,2,37,0,2,7,7,0,2,2,7,0,2,5,1,31
2,37,39,40,2,37,0,2,8,8,0,2,2,8,0,2,6,1,29
2,37,39,40,2,37,0,2,9,9,0,2,2,9,0,2,7,1,31
2,37,39,40,2,37,0,2,10,10,0,2,2,10,0,2,8,1,30
2,37,39,40,2,37,0,2,11,11,0,2,2,11,0,2,9,1,29
2,37,39,40,2,37,0,2,12,12,0,2,2,12,0,2,10,1,31
2,37,39,40,2,37,0,2,13,13,0,2,2,13,0,2,11,1,30
2,37,39,40,2,37,0,2,14,14,0,2,2,14,0,2,12,1,30
2,37,39,40,2,37,0,2,15,15,0,2,2,15,0,2,13,1,31
2,37,39,40,2,37,0,2,16,16,0,2,2,16,0,2,14,1,30
2,37,39,40,2,37,0,2,17,17,0,2,2,17,0,2,15,1,31
2,37,39,40,2,37,0,2,18,18,0,2,3,18,0,2,16,1,30
2,37,39,40,2,37,0,2,19,17,1,2,2,17,1,2,15,1,31
2,37,39,40,2,37,0,2,20,16,1,2,1,16,1,2,1,1,31
2,37,39,40,2,37,0,2,21,15,1,2,2,15,1,2,13,1,28
2,37,39,40,2,37,0,2,22,14,1,2,1,14,1,2,1,1,31
2,37,39,40,2,37,0,2,23,13,1,2,2,13,1,2,11,1,30
2,37,39,40,2,37,0,2,24,12,1,2,2,12,1,2,10,1,29
2,37,39,40,2,37,0,2,25,11,1,2,1,11,1,2,1,1,31
2,37,39,40,2,37,0,2,26,10,1,2,2,10,1,2,8,1,30
2,37,39,40,2,37,0,2,27,9,1,2,1,9,1,2,1,1,31
2,37,39,40,2,37,0,2,28,8,1,2,1,8,1,2,1,1,31
2,37,39,40,2,37,0,2,29,7,1,2,2,7,1,2,5,1,30
2,37,39,40,2,37,0,2,30,6,1,2,1,6,1,2,1,1,31
2,37,39,40,2,37,0,2,31,5,1,2,1,5,1,2,1,1,31
2,37,39,40,2,37,0,2,32,4,1,2,2,4,1,2,2,1,30
2,37,39,40,2,37,0,2,33,3,1,2,1,3,1,2,1,1,31
2,37,39,40,2,37,0,2,34,34,0,2,2,34,0,2,32,1,31
2,37,39,40,2,37,0,2,35,35,0,2,2,35,0,2,33,1,32
3,2,5,6,3,3,0,2,1,2,0,1,1,2,0,1,1,0,1
3,3,6,7,3,3,0,2,1,3,0,1,1,3,0,1,2,0,2
3,4,7,8,3,3,0,2,1,4,0,1,1,4,0,1,1,1,2
3,4,7,8,3,4,0,2,1,3,0,1,1,3,0,1,2,0,2
3,4,7,8,3,4,0,2,2,3,0,1,1,3,0,1,2,0,2
3,7,10,11,3,3,0,2,1,7,0,1,2,7,0,1,5,1,4
3,7,10,11,3,7,0,2,1,5,1,2,1,5,1,2,1,1,3
3,7,10,11,3,7,0,2,2,4,1,2,1,4,1,2,1,1,2
3,7,10,11,3,7,0,2,3,3,0,1,1,3,0,1,2,0,4
3,7,10,11,3,7,0,2,4,4,0,2,2,4,0,2,2,1,1
3,7,10,11,3,7,0,2,5,5,0,2,1,5,0,2,1,1,3
3,8,11,12,3,3,0,2,1,8,0,1,1,8,0,1,1,1,6
3,8,11,12,3,8,0,2,1,3,0,1,1,3,0,1,2,0,6
3,8,11,12,3,8,0,2,2,5,1,2,1,5,1,2,1,1,3
3,8,11,12,3,8,0,2,3,4,1,2,1,4,1,2,1,1,2
3,8,11,12,3,8,0,2,4,3,0,1,1,3,0,1,2,0,4
3,8,11,12,3,8,0,2,5,5,0,2,2,5,0,2,3,1,2
3,8,11,12,3,8,0,2,6,6,0,2,2,6,0,2,4,1,3
3,9,12,13,3,3,0,2,1,9,0,1,2,9,0,1,7,1,6
3,9,12,13,3,9,0,2,1,7,1,2,2,7,1,2,5,1,4
3,9,12,13,3,9,0,2,2,6,1,2,2,6,1,2,2,2,1
3,9,12,13,3,9,0,2,3,5,1,2,2,5,1,2,2,2,1
3,9,12,13,3,9,0,2,4,3,0,1,1,3,0,1,2,0,4
3,9,12,13,3,9,0,2,5,5,0,2,2,5,0,2,2,2,1
3,9,12,13,3,9,0,2,6,6,0,2,2,6,0,2,2,2,2
3,9,12,13,3,9,0,2,7,7,0,2,2,7,0,2,2,2,1
3,10,13,14,3,3,0,2,1,10,0,1,1,10,0,1,1,1,7
3,10,13,14,3,10,0,2,1,3,0,1,1,3,0,1,2,0,6
3,10,13,14,3,10,0,2,2,7,1,2,2,7,1,2,2,2,2
3,10,13,14,3,10,0,2,3,6,1,2,2,6,1,2,4,1,3
3,10,13,14,3,10,0,2,4,5,1,2,2,5,1,2,2,2,1
3,10,13,14,3,10,0,2,5,4,1,2,2,4,1,2,2,1,1
3,10,13,14,3,10,0,2,6,6,0,2,2,6,0,2,2,2,2
3,10,13,14,3,10,0,2,7,7,0,2,3,7,0,2,5,1,3
3,10,13,14,3,10,0,2,8,8,0,2,5,8,0,2,5,2,1
3,12,15,16,3,3,0,2,1,12,0,1,1,12,0,1,1,1,10
3,12,15,16,3,12,0,2,1,3,0,1,1,3,0,1,2,0,10
3,12,15,16,3,12,0,2,2,9,1,2,7,9,1,2,7,1,1
3,12,15,16,3,12,0,2,3,8,1,2,1,8,1,2,1,1,6
3,12,15,16,3,12,0,2,4,4,0,2,2,4,0,2,2,1,6
3,12,15,16,3,12,0,2,5,5,0,2,2,5,0,2,3,1,2
3,12,15,16,3,12,0,2,6,5,1,2,1,5,1,2,1,1,6
3,12,15,16,3,12,0,2,7,4,1,2,2,4,1,2,2,1,6
3,12,15,16,3,12,0,2,8,3,1,2,1,3,1,2,1,1,5
3,12,15,16,3,12,0,2,9,9,0,2,2,9,0,2,7,1,3
3,12,15,16,3,12,0,2,10,10,0,2,2,10,0,2,8,1,7
3,13,16,17,3,3,0,2,1,13,0,1,2,13,0,1,11,1,10
3,13,16,17,3,13,0,2,1,11,1,2,1,11,1,2,1,1,9
3,13,16,17,3,13,0,2,2,10,1,2,2,10,1,2,8,1,4
3,13,16,17,3,13,0,2,3,9,1,2,2,9,1,2,2,2,3
3,13,16,17,3,13,0,2,4,4,0,2,2,4,0,2,2,1,7
3,13,16,17,3,13,0,2,5,5,0,2,2,7,1,2,5,1,4
3,13,16,17,3,13,0,2,6,3,0,1,1,3,0,1,2,0,8
3,13,16,17,3,13,0,2,7,5,1,2,2,7,0,2,5,1,3
3,13,16,17,3,13,0,2,8,4,1,2,2,4,1,2,2,1,7
3,13,16,17,3,13,0,2,9,9,0,2,2,9,0,2,2,2,2
3,13,16,17,3,13,0,2,10,10,0,2,2,10,0,2,8,1,4
3,13,16,17,3,13,0,2,11,11,0,2,2,11,0,2,9,1,6
3,14,17,18,3,3,0,2,1,14,0,1,1,14,0,1,1,1,12
3,14,17,18,3,14,0,2,1,3,0,1,1,3,0,1,2,0,12
3,14,17,18,3,14,0,2,2,11,1,2,2,11,1,2,9,1,6
3,14,17,18,3,14,0,2,3,10,1,2,1,10,1,2,1,1,7
3,14,17,18,3,14,0,2,4,4,0,2,2,4,0,2,2,1,7
3,14,17,18,3,14,0,2,5,5,0,2,2,5,0,2,3,1,6
3,14,17,18,3,14,0,2,6,6,0,2,2,6,0,2,4,1,7
3,14,17,18,3,14,0,2,7,6,1,2,2,6,1,2,4,1,4
3,14,17,18,3,14,0,2,8,5,1,2,2,8,0,2,6,1,5
3,14,17,18,3,14,0,2,9,4,1,2,1,4,1,2,1,1,8
3,14,17,18,3,14,0,2,10,10,0,2,2,10,0,2,8,1,4
3,14,17,18,3,14,0,2,11,11,0,2,2,11,0,2,9,1,7
3,14,17,18,3,14,0,2,12,12,0,2,2,12,0,2,10,1,9
3,15,18,19,3,3,0,2,1,15,0,1,2,15,0,1,13,1,12
3,15,18,19,3,15,0,2,1,13,1,2,1,13,1,2,1,1,11
3,15,18,19,3,15,0,2,2,12,1,2,2,12,1,2,2,2,3
3,15,18,19,3,15,0,2,3,11,1,2,2,11,1,2,2,2,4
3,15,18,19,3,15,0,2,4,4,0,2,2,4,0,2,2,1,7
3,15,18,19,3,15,0,2,5,5,0,2,2,5,0,2,2,2,3
3,15,18,19,3,15,0,2,6,6,0,2,2,6,0,2,2,2,3
3,15,18,19,3,15,0,2,7,7,0,2,2,7,0,2,5,1,4
3,15,18,19,3,15,0,2,8,6,1,2,2,6,1,2,2,2,3
3,15,18,19,3,15,0,2,9,5,1,2,2,5,1,2,2,2,5
3,15,18,19,3,15,0,2,10,4,1,2,2,4,1,2,2,1,2
3,15,18,19,3,15,0,2,11,11,0,2,2,11,0,2,9,1,5
3,15,18,19,3,15,0,2,12,12,0,2,2,12,0,2,10,1,6
3,15,18,19,3,15,0,2,13,13,0,2,2,13,0,2,2,2,4
3,16,19,20,3,3,0,2,1,16,0,1,1,16,0,1,1,1,14
3,16,19,20,3,16,0,2,1,3,0,1,1,3,0,1,2,0,14
3,16,19,20,3,16,0,2,2,13,1,2,2,13,1,2,2,2,4
3,16,19,20,3,16,0,2,3,12,1,2,1,12,1,2,1,1,10
3,16,19,20,3,16,0,2,4,4,0,2,2,4,0,2,2,1,8
3,16,19,20,3,16,0,2,5,5,0,2,2,5,0,2,3,1,5
3,16,19,20,3,16,0,2,6,6,0,2,2,9,1,2,7,1,8
3,16,19,20,3,16,0,2,7,7,0,2,3,7,0,2,5,1,5
3,16,19,20,3,16,0,2,8,7,1,2,2,7,1,2,5,1,4
3,16,19,20,3,16,0,2,9,6,1,2,2,6,1,2,2,2,5
3,16,19,20,3,16,0,2,10,5,1,2,1,5,1,2,1,1,9
3,16,19,20,3,16,0,2,11,4,1,2,2,4,1,2,2,1,3
3,16,19,20,3,16,0,2,12,12,0,2,2,12,0,2,10,1,7
3,16,19,20,3,16,0,2,13,13,0,2,2,13,0,2,11,1,10
3,16,19,20,3,16,0,2,14,14,0,2,2,14,0,2,12,1,7
3,17,20,21,3,3,0,2,1,17,0,1,2,17,0,1,15,1,14
3,17,20,21,3,17,0,2,1,15,1,2,1,15,1,2,1,1,13
3,17,20,21,3,17,0,2,2,14,1,2,2,14,1,2,12,1,7
3,17,20,21,3,17,0,2,3,13,1,2,2,13,1,2,2,2,3
3,17,20,21,3,17,0,2,4,4,0,2,2,4,0,2,2,1,10
3,17,20,21,3,17,0,2,5,5,0,2,2,11,1,2,9,1,4
3,17,20,21,3,17,0,2,6,6,0,2,2,6,0,2,2,2,3
3,17,20,21,3,17,0,2,7,7,0,2,5,7,0,2,5,1,6
3,17,20,21,3,17,0,2,8,8,0,2,2,8,0,2,2,2,4
3,17,20,21,3,17,0,2,9,9,0,2,5,9,0,2,7,1,2
3,17,20,21,3,17,0,2,10,6,1,2,2,6,1,2,4,1,8
3,17,20,21,3,17,0,2,11,5,1,2,2,5,1,2,2,2,4
3,17,20,21,3,17,0,2,12,4,1,2,2,4,1,2,2,1,5
3,17,20,21,3,17,0,2,13,13,0,2,2,13,0,2,11,1,9
3,17,20,21,3,17,0,2,14,14,0,2,2,14,0,2,2,2,4
3,17,20,21,3,17,0,2,15,15,0,2,2,15,0,2,13,1,7
3,18,21,22,3,3,0,2,1,18,0,1,1,18,0,1,1,1,16
3,18,21,22,3,18,0,2,1,3,0,1,1,3,0,1,2,0,16
3,18,21,22,3,18,0,2,2,15,1,2,2,15,1,2,13,1,4
3,18,21,22,3,18,0,2,3,14,1,2,1,14,1,2,1,1,12
3,18,21,22,3,18,0,2,4,4,0,2,2,4,0,2,2,1,10
3,18,21,22,3,18,0,2,5,5,0,2,2,5,0,2,3,1,4
3,18,21,22,3,18,0,2,6,6,0,2,2,11,1,2,1,1,11
3,18,21,22,3,18,0,2,7,7,0,2,2,7,0,2,5,1,11
3,18,21,22,3,18,0,2,8,8,0,2,2,8,0,2,6,1,7
3,18,21,22,3,18,0,2,9,8,1,2,2,8,1,2,6,1,8
3,18,21,22,3,18,0,2,10,7,1,2,2,7,1,2,5,1,10
3,18,21,22,3,18,0,2,11,6,1,2,1,6,1,2,1,1,9
3,18,21,22,3,18,0,2,12,5,1,2,2,12,0,2,10,1,5
3,18,21,22,3,18,0,2,13,4,1,2,2,4,1,2,2,1,11
3,18,21,22,3,18,0,2,14,3,1,2,1,3,1,2,1,1,10
3,18,21,22,3,18,0,2,15,15,0,2,2,15,0,2,13,1,9
3,18,21,22,3,18,0,2,16,16,0,2,2,16,0,2,14,1,12
3,19,22,23,3,3,0,2,1,19,0,1,2,19,0,1,17,1,16
3,19,22,23,3,19,0,2,1,17,1,2,1,17,1,2,1,1,15
3,19,22,23,3,19,0,2,2,16,1,2,2,16,1,2,14,1,6
3,19,22,23,3,19,0,2,3,15,1,2,2,15,1,2,2,2,5
3,19,22,23,3,19,0,2,4,4,0,2,2,4,0,2,2,1,12
3,19,22,23,3,19,0,2,5,5,0,2,2,13,1,2,11,1,7
3,19,22,23,3,19,0,2,6,6,0,2,2,6,0,2,2,2,5
3,19,22,23,3,19,0,2,7,7,0,2,2,7,0,2,5,1,9
3,19,22,23,3,19,0,2,8,8,0,2,2,10,1,2,8,1,8
3,19,22,23,3,19,0,2,9,9,0,2,2,9,0,2,7,1,8
3,19,22,23,3,19,0,2,10,8,1,2,2,10,0,2,8,1,6
3,19,22,23,3,19,0,2,11,7,1,2,2,7,1,2,5,1,11
3,19,22,23,3,19,0,2,12,6,1,2,2,6,1,2,2,2,3
3,19,22,23,3,19,0,2,13,5,1,2,2,13,0,2,11,1,7
3,19,22,23,3,19,0,2,14,4,1,2,2,4,1,2,2,1,9
3,19,22,23,3,19,0,2,15,15,0,2,2,15,0,2,2,2,5
3,19,22,23,3,19,0,2,16,16,0,2,2,16,0,2,14,1,9
3,19,22,23,3,19,0,2,17,17,0,2,2,17,0,2,15,1,9
3,20,23,24,3,3,0,2,1,20,0,1,1,20,0,1,1,1,18
3,20,23,24,3,20,0,2,1,3,0,1,1,3,0,1,2,0,18
3,20,23,24,3,20,0,2,2,17,1,2,2,17,1,2,15,1,10
3,20,23,24,3,20,0,2,3,16,1,2,1,16,1,2,1,1,14
3,20,23,24,3,20,0,2,4,4,0,2,2,4,0,2,2,1,13
3,20,23,24,3,20,0,2,5,5,0,2,2,5,0,2,3,1,10
3,20,23,24,3,20,0,2,6,6,0,2,2,6,0,2,4,1,13
3,20,23,24,3,20,0,2,7,7,0,2,2,7,0,2,5,1,12
3,20,23,24,3,20,0,2,8,8,0,2,2,8,0,2,6,1,11
3,20,23,24,3,20,0,2,9,9,0,2,2,9,0,2,7,1,12
3,20,23,24,3,20,0,2,10,9,1,2,2,9,1,2,7,1,8
3,20,23,24,3,20,0,2,11,8,1,2,2,8,1,2,6,1,11
3,20,23,24,3,20,0,2,12,7,1,2,1,7,1,2,1,1,13
3,20,23,24,3,20,0,2,13,6,1,2,2,13,0,2,11,1,7
3,20,23,24,3,20,0,2,14,5,1,2,2,14,0,2,12,1,11
3,20,23,24,3,20,0,2,15,4,1,2,2,4,1,2,2,1,13
3,20,23,24,3,20,0,2,16,16,0,2,2,16,0,2,14,1,10
3,20,23,24,3,20,0,2,17,17,0,2,2,17,0,2,15,1,14
3,20,23,24,3,20,0,2,18,18,0,2,2,18,0,2,16,1,15
3,21,24,25,3,3,0,2,1,21,0,1,2,21,0,1,19,1,18
3,21,24,25,3,21,0,2,1,19,1,2,1,19,1,2,1,1,17
3,21,24,25,3,21,0,2,2,18,1,2,2,18,1,2,16,1,9
3,21,24,25,3,21,0,2,3,17,1,2,2,17,1,2,2,2,7
3,21,24,25,3,21,0,2,4,4,0,2,2,4,0,2,2,1,15
3,21,24,25,3,21,0,2,5,5,0,2,2,15,1,2,13,1,8
3,21,24,25,3,21,0,2,6,6,0,2,2,6,0,2,4,1,8
3,21,24,25,3,21,0,2,7,7,0,2,2,7,0,2,5,1,11
3,21,24,25,3,21,0,2,8,8,0,2,2,12,1,2,10,1,11
3,21,24,25,3,21,0,2,9,9,0,2,2,9,0,2,2,2,6
3,21,24,25,3,21,0,2,10,10,0,2,2,10,0,2,8,1,9
3,21,24,25,3,21,0,2,11,9,1,2,2,11,0,2,9,1,8
3,21,24,25,3,21,0,2,12,8,1,2,2,8,1,2,6,1,11
3,21,24,25,3,21,0,2,13,7,1,2,2,7,1,2,5,1,5
3,21,24,25,3,21,0,2,14,6,1,2,2,14,0,2,12,1,9
3,21,24,25,3,21,0,2,15,5,1,2,2,15,0,2,13,1,11
3,21,24,25,3,21,0,2,16,4,1,2,2,4,1,2,2,1,7
3,21,24,25,3,21,0,2,17,17,0,2,2,17,0,2,15,1,12
3,21,24,25,3,21,0,2,18,18,0,2,2,18,0,2,16,1,11
3,21,24,25,3,21,0,2,19,19,0,2,2,19,0,2,17,1,11
3,22,25,26,3,3,0,2,1,22,0,1,1,22,0,1,1,1,20
3,22,25,26,3,22,0,2,1,3,0,1,1,3,0,1,2,0,20
3,22,25,26,3,22,0,2,2,19,1,2,2,19,1,2,17,1,7
3,22,25,26,3,22,0,2,3,18,1,2,1,18,1,2,1,1,16
3,22,25,26,3,22,0,2,4,4,0,2,2,4,0,2,2,1,14
3,22,25,26,3,22,0,2,5,5,0,2,2,5,0,2,3,1,8
3,22,25,26,3,22,0,2,6,6,0,2,2,15,1,2,1,1,15
3,22,25,26,3,22,0,2,7,7,0,2,2,7,0,2,5,1,13
3,22,25,26,3,22,0,2,8,8,0,2,2,8,0,2,6,1,11
3,22,25,26,3,22,0,2,9,9,0,2,2,9,0,2,7,1,14
3,22,25,26,3,22,0,2,10,10,0,2,2,10,0,2,8,1,13
3,22,25,26,3,22,0,2,11,10,1,2,2,10,1,2,8,1,12
3,22,25,26,3,22,0,2,12,9,1,2,2,9,1,2,7,1,11
3,22,25,26,3,22,0,2,13,8,1,2,1,8,1,2,1,1,16
3,22,25,26,3,22,0,2,14,7,1,2,2,7,1,2,5,1,10
3,22,25,26,3,22,0,2,15,6,1,2,2,15,0,2,13,1,12
3,22,25,26,3,22,0,2,16,5,1,2,2,16,0,2,14,1,14
3,22,25,26,3,22,0,2,17,4,1,2,2,4,1,2,2,1,14
3,22,25,26,3,22,0,2,18,18,0,2,2,18,0,2,16,1,13
3,22,25,26,3,22,0,2,19,19,0,2,2,19,0,2,17,1,15
3,22,25,26,3,22,0,2,20,20,0,2,2,20,0,2,18,1,16
3,23,26,27,3,3,0,2,1,23,0,1,2,23,0,1,21,1,20
3,23,26,27,3,23,0,2,1,21,1,2,1,21,1,2,1,1,19
3,23,26,27,3,23,0,2,2,20,1,2,2,20,1,2,18,1,12
3,23,26,27,3,23,0,2,3,19,1,2,2,19,1,2,2,2,9
3,23,26,27,3,23,0,2,4,4,0,2,2,4,0,2,2,1,15
3,23,26,27,3,23,0,2,5,5,0,2,2,17,1,2,15,1,10
3,23,26,27,3,23,0,2,6,6,0,2,2,16,1,2,14,1,7
3,23,26,27,3,23,0,2,7,7,0,2,2,7,0,2,5,1,13
3,23,26,27,3,23,0,2,8,8,0,2,2,14,1,2,12,1,8
3,23,26,27,3,23,0,2,9,9,0,2,2,9,0,2,7,1,6
3,23,26,27,3,23,0,2,10,10,0,2,2,10,0,2,8,1,11
3,23,26,27,3,23,0,2,11,11,0,2,2,11,1,2,9,1,9
3,23,26,27,3,23,0,2,12,10,1,2,2,12,0,2,10,1,7
3,23,26,27,3,23,0,2,13,9,1,2,2,9,1,2,7,1,14
3,23,26,27,3,23,0,2,14,8,1,2,2,8,1,2,2,2,6
3,23,26,27,3,23,0,2,15,7,1,2,2,7,1,2,5,1,9
3,23,26,27,3,23,0,2,16,6,1,2,2,6,1,2,4,1,14
3,23,26,27,3,23,0,2,17,5,1,2,2,17,0,2,15,1,7
3,23,26,27,3,23,0,2,18,4,1,2,2,4,1,2,2,1,11
3,23,26,27,3,23,0,2,19,19,0,2,2,19,0,2,17,1,13
3,23,26,27,3,23,0,2,20,20,0,2,2,20,0,2,18,1,10
3,23,26,27,3,23,0,2,21,21,0,2,2,21,0,2,19,1,13
3,24,27,28,3,3,0,2,1,24,0,1,1,24,0,1,1,1,22
3,24,27,28,3,24,0,2,1,3,0,1,1,3,0,1,2,0,22
3,24,27,28,3,24,0,2,2,21,1,2,2,21,1,2,19,1,11
3,24,27,28,3,24,0,2,3,20,1,2,1,20,1,2,1,1,18
3,24,27,28,3,24,0,2,4,4,0,2,2,4,0,2,2,1,16
3,24,27,28,3,24,0,2,5,5,0,2,2,5,0,2,3,1,11
3,24,27,28,3,24,0,2,6,6,0,2,2,17,1,2,1,1,17
3,24,27,28,3,24,0,2,7,7,0,2,2,7,0,2,5,1,16
3,24,27,28,3,24,0,2,8,8,0,2,2,8,0,2,6,1,11
3,24,27,28,3,24,0,2,9,9,0,2,2,9,0,2,7,1,15
3,24,27,28,3,24,0,2,10,10,0,2,2,10,0,2,8,1,15
3,24,27,28,3,24,0,2,11,11,0,2,2,11,0,2,9,1,14
3,24,27,28,3,24,0,2,12,11,1,2,2,11,1,2,9,1,13
3,24,27,28,3,24,0,2,13,10,1,2,2,10,1,2,8,1,15
3,24,27,28,3,24,0,2,14,9,1,2,1,9,1,2,1,1,17
3,24,27,28,3,24,0,2,15,8,1,2,2,8,1,2,6,1,12
3,24,27,28,3,24,0,2,16,7,1,2,2,7,1,2,5,1,15
3,24,27,28,3,24,0,2,17,6,1,2,2,6,1,2,4,1,15
3,24,27,28,3,24,0,2,18,5,1,2,2,18,0,2,16,1,15
3,24,27,28,3,24,0,2,19,4,1,2,2,4,1,2,2,1,16
3,24,27,28,3,24,0,2,20,20,0,2,2,20,0,2,18,1,15
3,24,27,28,3,24,0,2,21,21,0,2,2,21,0,2,19,1,17
3,24,27,28,3,24,0,2,22,22,0,2,2,22,0,2,20,1,18
3,25,28,29,3,3,0,2,1,25,0,1,2,25,0,1,23,1,22
3,25,28,29,3,25,0,2,1,23,1,2,1,23,1,2,1,1,21
3,25,28,29,3,25,0,2,2,22,1,2,2,22,1,2,20,1,11
3,25,28,29,3,25,0,2,3,21,1,2,2,21,1,2,2,2,9
3,25,28,29,3,25,0,2,4,4,0,2,2,4,0,2,2,1,18
3,25,28,29,3,25,0,2,5,5,0,2,2,19,1,2,17,1,11
3,25,28,29,3,25,0,2,6,6,0,2,2,6,0,2,2,2,7
3,25,28,29,3,25,0,2,7,7,0,2,2,7,0,2,5,1,15
3,25,28,29,3,25,0,2,8,8,0,2,2,16,1,2,14,1,15
3,25,28,29,3,25,0,2,9,9,0,2,2,9,0,2,7,1,10
3,25,28,29,3,25,0,2,10,10,0,2,2,10,0,2,8,1,14
3,25,28,29,3,25,0,2,11,11,0,2,2,11,0,2,9,1,14
3,25,28,29,3,25,0,2,12,12,0,2,2,12,0,2,10,1,11
3,25,28,29,3,25,0,2,13,11,1,2,2,13,0,2,11,1,10
3,25,28,29,3,25,0,2,14,10,1,2,2,10,1,2,8,1,15
3,25,28,29,3,25,0,2,15,9,1,2,2,9,1,2,7,1,7
3,25,28,29,3,25,0,2,16,8,1,2,2,16,0,2,14,1,11
3,25,28,29,3,25,0,2,17,7,1,2,2,7,1,2,5,1,12
3,25,28,29,3,25,0,2,18,6,1,2,2,6,1,2,4,1,9
3,25,28,29,3,25,0,2,19,5,1,2,2,19,0,2,17,1,14
3,25,28,29,3,25,0,2,20,4,1,2,2,4,1,2,2,1,13
3,25,28,29,3,25,0,2,21,21,0,2,2,21,0,2,19,1,12
3,25,28,29,3,25,0,2,22,22,0,2,2,22,0,2,20,1,15
3,25,28,29,3,25,0,2,23,23,0,2,2,23,0,2,21,1,16
3,26,29,30,3,3,0,2,1,26,0,1,1,26,0,1,1,1,24
3,26,29,30,3,26,0,2,1,3,0,1,1,3,0,1,2,0,24
3,26,29,30,3,26,0,2,2,23,1,2,2,23,1,2,21,1,14
3,26,29,30,3,26,0,2,3,22,1,2,1,22,1,2,1,1,20
3,26,29,30,3,26,0,2,4,4,0,2,2,4,0,2,2,1,19
3,26,29,30,3,26,0,2,5,5,0,2,2,5,0,2,3,1,15
3,26,29,30,3,26,0,2,6,6,0,2,2,6,0,2,4,1,20
3,26,29,30,3,26,0,2,7,7,0,2,2,7,0,2,5,1,18
3,26,29,30,3,26,0,2,8,8,0,2,2,8,0,2,6,1,17
3,26,29,30,3,26,0,2,9,9,0,2,2,9,0,2,7,1,19
3,26,29,30,3,26,0,2,10,10,0,2,2,10,0,2,8,1,17
3,26,29,30,3,26,0,2,11,11,0,2,2,11,0,2,9,1,17
3,26,29,30,3,26,0,2,12,12,0,2,2,12,0,2,10,1,16
3,26,29,30,3,26,0,2,13,12,1,2,2,12,1,2,10,1,15
3,26,29,30,3,26,0,2,14,11,1,2,2,11,1,2,9,1,17
3,26,29,30,3,26,0,2,15,10,1,2,2,10,1,2,8,1,17
3,26,29,30,3,26,0,2,16,9,1,2,2,9,1,2,7,1,13
3,26,29,30,3,26,0,2,17,8,1,2,2,8,1,2,6,1,17
3,26,29,30,3,26,0,2,18,7,1,2,2,7,1,2,5,1,18
3,26,29,30,3,26,0,2,19,6,1,2,2,6,1,2,4,1,17
3,26,29,30,3,26,0,2,20,5,1,2,2,20,0,2,18,1,18
3,26,29,30,3,26,0,2,21,4,1,2,2,4,1,2,2,1,19
3,26,29,30,3,26,0,2,22,22,0,2,2,22,0,2,20,1,17
3,26,29,30,3,26,0,2,23,23,0,2,2,23,0,2,21,1,20
3,26,29,30,3,26,0,2,24,24,0,2,2,24,0,2,22,1,21
3,27,30,31,3,3,0,2,1,27,0,1,2,27,0,1,25,1,24
3,27,30,31,3,27,0,2,1,25,1,2,1,25,1,2,1,1,23
3,27,30,31,3,27,0,2,2,24,1,2,2,24,1,2,22,1,15
3,27,30,31,3,27,0,2,3,23,1,2,2,23,1,2,2,2,12
3,27,30,31,3,27,0,2,4,4,0,2,2,4,0,2,2,1,21
3,27,30,31,3,27,0,2,5,5,0,2,2,21,1,2,19,1,15
3,27,30,31,3,27,0,2,6,6,0,2,2,6,0,2,4,1,11
3,27,30,31,3,27,0,2,7,7,0,2,2,7,0,2,5,1,17
3,27,30,31,3,27,0,2,8,8,0,2,2,18,1,2,16,1,17
3,27,30,31,3,27,0,2,9,9,0,2,2,9,0,2,7,1,12
3,27,30,31,3,27,0,2,10,10,0,2,2,10,0,2,8,1,16
3,27,30,31,3,27,0,2,11,11,0,2,2,11,0,2,9,1,17
3,27,30,31,3,27,0,2,12,12,0,2,2,12,0,2,10,1,16
3,27,30,31,3,27,0,2,13,13,0,2,2,13,0,2,11,1,15
3,27,30,31,3,27,0,2,14,12,1,2,2,14,0,2,12,1,13
3,27,30,31,3,27,0,2,15,11,1,2,2,11,1,2,9,1,17
3,27,30,31,3,27,0,2,16,10,1,2,2,10,1,2,8,1,10
3,27,30,31,3,27,0,2,17,9,1,2,2,9,1,2,7,1,15
3,27,30,31,3,27,0,2,18,8,1,2,2,8,1,2,6,1,16
3,27,30,31,3,27,0,2,19,7,1,2,2,7,1,2,5,1,13
3,27,30,31,3,27,0,2,20,6,1,2,2,20,0,2,18,1,16
3,27,30,31,3,27,0,2,21,5,1,2,2,21,0,2,19,1,16
3,27,30,31,3,27,0,2,22,4,1,2,2,4,1,2,2,1,16
3,27,30,31,3,27,0,2,23,23,0,2,2,23,0,2,21,1,18
3,27,30,31,3,27,0,2,24,24,0,2,2,24,0,2,22,1,17
3,27,30,31,3,27,0,2,25,25,0,2,2,25,0,2,23,1,19
3,28,31,32,3,3,0,2,1,28,0,1,1,28,0,1,1,1,26
3,28,31,32,3,28,0,2,1,3,0,1,1,3,0,1,2,0,26
3,28,31,32,3,28,0,2,2,25,1,2,2,25,1,2,23,1,11
3,28,31,32,3,28,0,2,3,24,1,2,1,24,1,2,1,1,22
3,28,31,32,3,28,0,2,4,4,0,2,2,4,0,2,2,1,21
3,28,31,32,3,28,0,2,5,5,0,2,2,5,0,2,3,1,11
3,28,31,32,3,28,0,2,6,6,0,2,2,6,0,2,4,1,22
3,28,31,32,3,28,0,2,7,7,0,2,2,7,0,2,5,1,19
3,28,31,32,3,28,0,2,8,8,0,2,2,8,0,2,6,1,17
3,28,31,32,3,28,0,2,9,9,0,2,2,9,0,2,7,1,21
3,28,31,32,3,28,0,2,10,10,0,2,2,10,0,2,8,1,19
3,28,31,32,3,28,0,2,11,11,0,2,2,11,0,2,9,1,18
3,28,31,32,3,28,0,2,12,12,0,2,2,12,0,2,10,1,19
3,28,31,32,3,28,0,2,13,13,0,2,2,13,0,2,11,1,18
3,28,31,32,3,28,0,2,14,13,1,2,2,13,1,2,11,1,17
3,28,31,32,3,28,0,2,15,12,1,2,2,12,1,2,10,1,16
3,28,31,32,3,28,0,2,16,11,1,2,2,11,1,2,9,1,20
3,28,31,32,3,28,0,2,17,10,1,2,2,10,1,2,8,1,15
3,28,31,32,3,28,0,2,18,9,1,2,2,9,1,2,7,1,18
3,28,31,32,3,28,0,2,19,8,1,2,2,8,1,2,6,1,19
3,28,31,32,3,28,0,2,20,7,1,2,2,7,1,2,5,1,19
3,28,31,32,3,28,0,2,21,6,1,2,2,21,0,2,19,1,18
3,28,31,32,3,28,0,2,22,5,1,2,2,22,0,2,20,1,19
3,28,31,32,3,28,0,2,23,4,1,2,2,4,1,2,2,1,21
3,28,31,32,3,28,0,2,24,24,0,2,2,24,0,2,22,1,19
3,28,31,32,3,28,0,2,25,25,0,2,2,25,0,2,23,1,21
3,28,31,32,3,28,0,2,26,26,0,2,2,26,0,2,24,1,23
3,29,32,33,3,3,0,2,1,29,0,1,2,29,0,1,27,1,26
3,29,32,33,3,29,0,2,1,27,1,2,1,27,1,2,1,1,25
3,29,32,33,3,29,0,2,2,26,1,2,2,26,1,2,24,1,16
3,29,32,33,3,29,0,2,3,25,1,2,2,25,1,2,2,2,17
3,29,32,33,3,29,0,2,4,4,0,2,2,4,0,2,2,1,21
3,29,32,33,3,29,0,2,5,5,0,2,2,23,1,2,21,1,17
3,29,32,33,3,29,0,2,6,6,0,2,2,6,0,2,2,2,12
3,29,32,33,3,29,0,2,7,7,0,2,2,7,0,2,5,1,19
3,29,32,33,3,29,0,2,8,8,0,2,2,20,1,2,18,1,15
3,29,32,33,3,29,0,2,9,9,0,2,2,9,0,2,7,1,13
3,29,32,33,3,29,0,2,10,10,0,2,2,10,0,2,8,1,17
3,29,32,33,3,29,0,2,11,11,0,2,2,17,1,2,15,1,14
3,29,32,33,3,29,0,2,12,12,0,2,2,12,0,2,10,1,14
3,29,32,33,3,29,0,2,13,13,0,2,2,13,0,2,11,1,17
3,29,32,33,3,29,0,2,14,14,0,2,2,14,0,2,12,1,15
3,29,32,33,3,29,0,2,15,13,1,2,2,15,0,2,13,1,11
3,29,32,33,3,29,0,2,16,12,1,2,2,12,1,2,10,1,20
3,29,32,33,3,29,0,2,17,11,1,2,2,11,1,2,9,1,10
3,29,32,33,3,29,0,2,18,10,1,2,2,10,1,2,8,1,16
3,29,32,33,3,29,0,2,19,9,1,2,2,9,1,2,7,1,20
3,29,32,33,3,29,0,2,20,8,1,2,2,20,0,2,18,1,10
3,29,32,33,3,29,0,2,21,7,1,2,2,7,1,2,5,1,16
3,29,32,33,3,29,0,2,22,6,1,2,2,6,1,2,4,1,18
3,29,32,33,3,29,0,2,23,5,1,2,2,23,0,2,21,1,14
3,29,32,33,3,29,0,2,24,4,1,2,2,4,1,2,2,1,16
3,29,32,33,3,29,0,2,25,25,0,2,2,25,0,2,23,1,19
3,29,32,33,3,29,0,2,26,26,0,2,2,26,0,2,24,1,18
3,29,32,33,3,29,0,2,27,27,0,2,2,27,0,2,25,1,19
3,30,33,34,3,3,0,2,1,30,0,1,1,30,0,1,1,1,28
3,30,33,34,3,30,0,2,1,3,0,1,1,3,0,1,2,0,28
3,30,33,34,3,30,0,2,2,27,1,2,2,27,1,2,25,1,19
3,30,33,34,3,30,0,2,3,26,1,2,1,26,1,2,1,1,24
3,30,33,34,3,30,0,2,4,4,0,2,2,4,0,2,2,1,22
3,30,33,34,3,30,0,2,5,5,0,2,2,5,0,2,3,1,18
3,30,33,34,3,30,0,2,6,6,0,2,2,23,1,2,1,1,23
3,30,33,34,3,30,0,2,7,7,0,2,2,7,0,2,5,1,22
3,30,33,34,3,30,0,2,8,8,0,2,2,8,0,2,6,1,18
3,30,33,34,3,30,0,2,9,9,0,2,2,9,0,2,7,1,21
3,30,33,34,3,30,0,2,10,10,0,2,2,10,0,2,8,1,22
3,30,33,34,3,30,0,2,11,11,0,2,2,11,0,2,9,1,18
3,30,33,34,3,30,0,2,12,12,0,2,2,12,0,2,10,1,21
3,30,33,34,3,30,0,2,13,13,0,2,2,13,0,2,11,1,21
3,30,33,34,3,30,0,2,14,14,0,2,2,14,0,2,12,1,20
3,30,33,34,3,30,0,2,15,14,1,2,2,14,1,2,12,1,20
3,30,33,34,3,30,0,2,16,13,1,2,2,13,1,2,11,1,21
3,30,33,34,3,30,0,2,17,12,1,2,2,12,1,2,10,1,22
3,30,33,34,3,30,0,2,18,11,1,2,2,11,1,2,9,1,19
3,30,33,34,3,30,0,2,19,10,1,2,2,10,1,2,8,1,21
3,30,33,34,3,30,0,2,20,9,1,2,2,9,1,2,7,1,21
3,30,33,34,3,30,0,2,21,8,1,2,2,8,1,2,6,1,22
3,30,33,34,3,30,0,2,22,7,1,2,2,7,1,2,5,1,21
3,30,33,34,3,30,0,2,23,6,1,2,2,6,1,2,4,1,21
3,30,33,34,3,30,0,2,24,5,1,2,2,24,0,2,22,1,22
3,30,33,34,3,30,0,2,25,4,1,2,2,4,1,2,2,1,22
3,30,33,34,3,30,0,2,26,26,0,2,2,26,0,2,24,1,21
3,30,33,34,3,30,0,2,27,27,0,2,2,27,0,2,25,1,24
3,30,33,34,3,30,0,2,28,28,0,2,2,28,0,2,26,1,24
3,31,34,35,3,3,0,2,1,31,0,1,2,31,0,1,29,1,28
3,31,34,35,3,31,0,2,1,29,1,2,1,29,1,2,1,1,27
3,31,34,35,3,31,0,2,2,28,1,2,2,28,1,2,26,1,16
3,31,34,35,3,31,0,2,3,27,1,2,2,27,1,2,2,2,15
3,31,34,35,3,31,0,2,4,4,0,2,2,4,0,2,2,1,24
3,31,34,35,3,31,0,2,5,5,0,2,2,25,1,2,23,1,16
3,31,34,35,3,31,0,2,6,6,0,2,2,24,1,2,22,1,13
3,31,34,35,3,31,0,2,7,7,0,2,2,7,0,2,5,1,22
3,31,34,35,3,31,0,2,8,8,0,2,2,22,1,2,20,1,21
3,31,34,35,3,31,0,2,9,9,0,2,2,9,0,2,7,1,13
3,31,34,35,3,31,0,2,10,10,0,2,2,10,0,2,8,1,21
3,31,34,35,3,31,0,2,11,11,0,2,2,11,0,2,9,1,21
3,31,34,35,3,31,0,2,12,12,0,2,2,12,0,2,10,1,19
3,31,34,35,3,31,0,2,13,13,0,2,2,13,0,2,11,1,19
3,31,34,35,3,31,0,2,14,14,0,2,2,14,0,2,12,1,20
3,31,34,35,3,31,0,2,15,15,0,2,2,15,0,2,13,1,18
3,31,34,35,3,31,0,2,16,14,1,2,2,16,0,2,14,1,15
3,31,34,35,3,31,0,2,17,13,1,2,2,13,1,2,11,1,20
3,31,34,35,3,31,0,2,18,12,1,2,2,12,1,2,10,1,12
3,31,34,35,3,31,0,2,19,11,1,2,2,19,0,2,17,1,16
3,31,34,35,3,31,0,2,20,10,1,2,2,10,1,2,8,1,18
3,31,34,35,3,31,0,2,21,9,1,2,2,9,1,2,7,1,14
3,31,34,35,3,31,0,2,22,8,1,2,2,22,0,2,20,1,19
3,31,34,35,3,31,0,2,23,7,1,2,2,7,1,2,5,1,19
3,31,34,35,3,31,0,2,24,6,1,2,2,6,1,2,4,1,17
3,31,34,35,3,31,0,2,25,5,1,2,2,25,0,2,23,1,21
3,31,34,35,3,31,0,2,26,4,1,2,2,4,1,2,2,1,19
3,31,34,35,3,31,0,2,27,27,0,2,2,27,0,2,25,1,21
3,31,34,35,3,31,0,2,28,28,0,2,2,28,0,2,26,1,22
3,31,34,35,3,31,0,2,29,29,0,2,2,29,0,2,27,1,22
3,32,35,36,3,3,0,2,1,32,0,1,1,32,0,1,1,1,30
3,32,35,36,3,32,0,2,1,3,0,1,1,3,0,1,2,0,30
3,32,35,36,3,32,0,2,2,29,1,2,2,29,1,2,27,1,19
3,32,35,36,3,32,0,2,3,28,1,2,1,28,1,2,1,1,26
3,32,35,36,3,32,0,2,4,4,0,2,2,4,0,2,2,1,26
3,32,35,36,3,32,0,2,5,5,0,2,2,5,0,2,3,1,21
3,32,35,36,3,32,0,2,6,6,0,2,2,6,0,2,4,1,26
3,32,35,36,3,32,0,2,7,7,0,2,2,7,0,2,5,1,24
3,32,35,36,3,32,0,2,8,8,0,2,2,8,0,2,6,1,23
3,32,35,36,3,32,0,2,9,9,0,2,2,9,0,2,7,1,24
3,32,35,36,3,32,0,2,10,10,0,2,2,10,0,2,8,1,24
3,32,35,36,3,32,0,2,11,11,0,2,2,11,0,2,9,1,24
3,32,35,36,3,32,0,2,12,12,0,2,2,12,0,2,10,1,23
3,32,35,36,3,32,0,2,13,13,0,2,2,13,0,2,11,1,23
3,32,35,36,3,32,0,2,14,14,0,2,2,14,0,2,12,1,23
3,32,35,36,3,32,0,2,15,15,0,2,2,15,0,2,13,1,21
3,32,35,36,3,32,0,2,16,15,1,2,2,15,1,2,13,1,21
3,32,35,36,3,32,0,2,17,14,1,2,2,14,1,2,12,1,23
3,32,35,36,3,32,0,2,18,13,1,2,2,13,1,2,11,1,23
3,32,35,36,3,32,0,2,19,12,1,2,2,12,1,2,10,1,19
3,32,35,36,3,32,0,2,20,11,1,2,2,11,1,2,9,1,23
3,32,35,36,3,32,0,2,21,10,1,2,2,10,1,2,8,1,23
3,32,35,36,3,32,0,2,22,9,1,2,2,9,1,2,7,1,23
3,32,35,36,3,32,0,2,23,8,1,2,2,8,1,2,6,1,24
3,32,35,36,3,32,0,2,24,7,1,2,2,7,1,2,5,1,24
3,32,35,36,3,32,0,2,25,6,1,2,2,6,1,2,4,1,24
3,32,35,36,3,32,0,2,26,5,1,2,2,26,0,2,24,1,24
3,32,35,36,3,32,0,2,27,4,1,2,2,4,1,2,2,1,25
3,32,35,36,3,32,0,2,28,28,0,2,2,28,0,2,26,1,24
3,32,35,36,3,32,0,2,29,29,0,2,2,29,0,2,27,1,26
3,32,35,36,3,32,0,2,30,30,0,2,2,30,0,2,28,1,27
3,33,36,37,3,3,0,2,1,33,0,1,2,33,0,1,31,1,30
3,33,36,37,3,33,0,2,1,31,1,2,1,31,1,2,1,1,29
3,33,36,37,3,33,0,2,2,30,1,2,2,30,1,2,28,1,22
3,33,36,37,3,33,0,2,3,29,1,2,2,29,1,2,2,2,19
3,33,36,37,3,33,0,2,4,4,0,2,2,4,0,2,2,1,27
3,33,36,37,3,33,0,2,5,5,0,2,2,27,1,2,25,1,22
3,33,36,37,3,33,0,2,6,6,0,2,2,6,0,2,4,1,19
3,33,36,37,3,33,0,2,7,7,0,2,2,7,0,2,5,1,23
3,33,36,37,3,33,0,2,8,8,0,2,2,24,1,2,22,1,23
3,33,36,37,3,33,0,2,9,9,0,2,2,9,0,2,7,1,18
3,33,36,37,3,33,0,2,10,10,0,2,2,10,0,2,8,1,22
3,33,36,37,3,33,0,2,11,11,0,2,2,11,0,2,9,1,23
3,33,36,37,3,33,0,2,12,12,0,2,2,12,0,2,10,1,21
3,33,36,37,3,33,0,2,13,13,0,2,2,13,0,2,11,1,22
3,33,36,37,3,33,0,2,14,14,0,2,2,14,0,2,12,1,23
3,33,36,37,3,33,0,2,15,15,0,2,2,15,0,2,13,1,22
3,33,36,37,3,33,0,2,16,16,0,2,2,16,0,2,14,1,21
3,33,36,37,3,33,0,2,17,15,1,2,2,17,0,2,15,1,19
3,33,36,37,3,33,0,2,18,14,1,2,2,14,1,2,12,1,23
3,33,36,37,3,33,0,2,19,13,1,2,2,13,1,2,11,1,17
3,33,36,37,3,33,0,2,20,12,1,2,2,12,1,2,10,1,21
3,33,36,37,3,33,0,2,21,11,1,2,2,11,1,2,9,1,22
3,33,36,37,3,33,0,2,22,10,1,2,2,10,1,2,8,1,19
3,33,36,37,3,33,0,2,23,9,1,2,2,9,1,2,7,1,22
3,33,36,37,3,33,0,2,24,8,1,2,2,8,1,2,6,1,22
3,33,36,37,3,33,0,2,25,7,1,2,2,7,1,2,5,1,22
3,33,36,37,3,33,0,2,26,6,1,2,2,26,0,2,24,1,22
3,33,36,37,3,33,0,2,27,5,1,2,2,27,0,2,25,1,22
3,33,36,37,3,33,0,2,28,4,1,2,2,4,1,2,2,1,23
3,33,36,37,3,33,0,2,29,29,0,2,2,29,0,2,27,1,24
3,33,36,37,3,33,0,2,30,30,0,2,2,30,0,2,28,1,23
3,33,36,37,3,33,0,2,31,31,0,2,2,31,0,2,29,1,25
3,34,37,38,3,3,0,2,1,34,0,1,1,34,0,1,1,1,32
3,34,37,38,3,34,0,2,1,3,0,1,1,3,0,1,2,0,32
3,34,37,38,3,34,0,2,2,31,1,2,2,31,1,2,29,1,17
3,34,37,38,3,34,0,2,3,30,1,2,1,30,1,2,1,1,28
3,34,37,38,3,34,0,2,4,4,0,2,2,4,0,2,2,1,27
3,34,37,38,3,34,0,2,5,5,0,2,2,5,0,2,3,1,19
3,34,37,38,3,34,0,2,6,6,0,2,2,6,0,2,4,1,28
3,34,37,38,3,34,0,2,7,7,0,2,2,7,0,2,5,1,25
3,34,37,38,3,34,0,2,8,8,0,2,2,8,0,2,6,1,25
3,34,37,38,3,34,0,2,9,9,0,2,2,9,0,2,7,1,27
3,34,37,38,3,34,0,2,10,10,0,2,2,10,0,2,8,1,25
3,34,37,38,3,34,0,2,11,11,0,2,2,11,0,2,9,1,25
3,34,37,38,3,34,0,2,12,12,0,2,2,12,0,2,10,1,26
3,34,37,38,3,34,0,2,13,13,0,2,2,13,0,2,11,1,25
3,34,37,38,3,34,0,2,14,14,0,2,2,14,0,2,12,1,25
3,34,37,38,3,34,0,2,15,15,0,2,2,15,0,2,13,1,26
3,34,37,38,3,34,0,2,16,16,0,2,2,16,0,2,14,1,24
3,34,37,38,3,34,0,2,17,16,1,2,2,16,1,2,14,1,23
3,34,37,38,3,34,0,2,18,15,1,2,2,15,1,2,13,1,24
3,34,37,38,3,34,0,2,19,14,1,2,2,14,1,2,12,1,26
3,34,37,38,3,34,0,2,20,13,1,2,2,13,1,2,11,1,22
3,34,37,38,3,34,0,2,21,12,1,2,2,12,1,2,10,1,25
3,34,37,38,3,34,0,2,22,11,1,2,2,11,1,2,9,1,25
3,34,37,38,3,34,0,2,23,10,1,2,2,10,1,2,8,1,26
3,34,37,38,3,34,0,2,24,9,1,2,2,9,1,2,7,1,25
3,34,37,38,3,34,0,2,25,8,1,2,2,8,1,2,6,1,25
3,34,37,38,3,34,0,2,26,7,1,2,2,7,1,2,5,1,26
3,34,37,38,3,34,0,2,27,6,1,2,2,6,1,2,4,1,25
3,34,37,38,3,34,0,2,28,5,1,2,2,28,0,2,26,1,25
3,34,37,38,3,34,0,2,29,4,1,2,2,4,1,2,2,1,27
3,34,37,38,3,34,0,2,30,30,0,2,2,30,0,2,28,1,25
3,34,37,38,3,34,0,2,31,31,0,2,2,31,0,2,29,1,27
3,34,37,38,3,34,0,2,32,32,0,2,2,32,0,2,30,1,29
3,35,38,39,3,3,0,2,1,35,0,1,2,35,0,1,33,1,32
3,35,38,39,3,35,0,2,1,33,1,2,1,33,1,2,1,1,31
3,35,38,39,3,35,0,2,2,32,1,2,2,32,1,2,30,1,21
3,35,38,39,3,35,0,2,3,31,1,2,2,31,1,2,2,2,22
3,35,38,39,3,35,0,2,4,4,0,2,2,4,0,2,2,1,27
3,35,38,39,3,35,0,2,5,5,0,2,2,29,1,2,27,1,21
3,35,38,39,3,35,0,2,6,6,0,2,2,6,0,2,2,2,20
3,35,38,39,3,35,0,2,7,7,0,2,2,7,0,2,5,1,25
3,35,38,39,3,35,0,2,8,8,0,2,2,26,1,2,24,1,23
3,35,38,39,3,35,0,2,9,9,0,2,2,9,0,2,7,1,21
3,35,38,39,3,35,0,2,10,10,0,2,2,10,0,2,8,1,24
3,35,38,39,3,35,0,2,11,11,0,2,2,11,0,2,9,1,22
3,35,38,39,3,35,0,2,12,12,0,2,2,12,0,2,10,1,22
3,35,38,39,3,35,0,2,13,13,0,2,2,13,0,2,11,1,23
3,35,38,39,3,35,0,2,14,14,0,2,2,14,0,2,12,1,22
3,35,38,39,3,35,0,2,15,15,0,2,2,15,0,2,13,1,20
3,35,38,39,3,35,0,2,16,16,0,2,2,16,0,2,14,1,23
3,35,38,39,3,35,0,2,17,17,0,2,2,17,0,2,15,1,22
3,35,38,39,3,35,0,2,18,16,1,2,2,18,0,2,16,1,19
3,35,38,39,3,35,0,2,19,15,1,2,2,15,1,2,13,1,26
3,35,38,39,3,35,0,2,20,14,1,2,2,14,1,2,12,1,21
3,35,38,39,3,35,0,2,21,13,1,2,2,13,1,2,11,1,23
3,35,38,39,3,35,0,2,22,12,1,2,2,12,1,2,10,1,26
3,35,38,39,3,35,0,2,23,11,1,2,2,11,1,2,9,1,19
3,35,38,39,3,35,0,2,24,10,1,2,2,10,1,2,8,1,24
3,35,38,39,3,35,0,2,25,9,1,2,2,9,1,2,7,1,24
3,35,38,39,3,35,0,2,26,8,1,2,2,8,1,2,6,1,22
3,35,38,39,3,35,0,2,27,7,1,2,2,7,1,2,5,1,24
3,35,38,39,3,35,0,2,28,6,1,2,2,6,1,2,4,1,24
3,35,38,39,3,35,0,2,29,5,1,2,2,29,0,2,27,1,24
3,35,38,39,3,35,0,2,30,4,1,2,2,4,1,2,2,1,24
3,35,38,39,3,35,0,2,31,31,0,2,2,31,0,2,29,1,25
3,35,38,39,3,35,0,2,32,32,0,2,2,32,0,2,30,1,25
3,35,38,39,3,35,0,2,33,33,0,2,2,33,0,2,31,1,26
3,36,39,40,3,3,0,2,1,36,0,1,1,36,0,1,1,1,34
3,36,39,40,3,36,0,2,1,3,0,1,1,3,0,1,2,0,34
3,36,39,40,3,36,0,2,2,33,1,2,2,33,1,2,31,1,24
3,36,39,40,3,36,0,2,3,32,1,2,1,32,1,2,1,1,30
3,36,39,40,3,36,0,2,4,4,0,2,2,4,0,2,2,1,28
3,36,39,40,3,36,0,2,5,5,0,2,2,5,0,2,3,1,24
3,36,39,40,3,36,0,2,6,6,0,2,2,29,1,2,1,1,29
3,36,39,40,3,36,0,2,7,7,0,2,2,7,0,2,5,1,28
3,36,39,40,3,36,0,2,8,8,0,2,2,8,0,2,6,1,25
3,36,39,40,3,36,0,2,9,9,0,2,2,9,0,2,7,1,27
3,36,39,40,3,36,0,2,10,10,0,2,2,10,0,2,8,1,28
3,36,39,40,3,36,0,2,11,11,0,2,2,11,0,2,9,1,25
3,36,39,40,3,36,0,2,12,12,0,2,2,12,0,2,10,1,27
3,36,39,40,3,36,0,2,13,13,0,2,2,13,0,2,11,1,28
3,36,39,40,3,36,0,2,14,14,0,2,2,14,0,2,12,1,25
3,36,39,40,3,36,0,2,15,15,0,2,2,15,0,2,13,1,27
3,36,39,40,3,36,0,2,16,16,0,2,2,16,0,2,14,1,27
3,36,39,40,3,36,0,2,17,17,0,2,2,17,0,2,15,1,26
3,36,39,40,3,36,0,2,18,17,1,2,2,17,1,2,15,1,26
3,36,39,40,3,36,0,2,19,16,1,2,2,16,1,2,14,1,26
3,36,39,40,3,36,0,2,20,15,1,2,2,15,1,2,13,1,28
3,36,39,40,3,36,0,2,21,14,1,2,2,14,1,2,12,1,24
3,36,39,40,3,36,0,2,22,13,1,2,2,13,1,2,11,1,27
3,36,39,40,3,36,0,2,23,12,1,2,2,12,1,2,10,1,27
3,36,39,40,3,36,0,2,24,11,1,2,2,11,1,2,9,1,28
3,36,39,40,3,36,0,2,25,10,1,2,2,10,1,2,8,1,27
3,36,39,40,3,36,0,2,26,9,1,2,2,9,1,2,7,1,27
3,36,39,40,3,36,0,2,27,8,1,2,2,8,1,2,6,1,28
3,36,39,40,3,36,0,2,28,7,1,2,2,7,1,2,5,1,27
3,36,39,40,3,36,0,2,29,6,1,2,2,6,1,2,4,1,27
3,36,39,40,3,36,0,2,30,5,1,2,2,30,0,2,28,1,28
3,36,39,40,3,36,0,2,31,4,1,2,2,4,1,2,2,1,28
3,36,39,40,3,36,0,2,32,32,0,2,2,32,0,2,30,1,27
3,36,39,40,3,36,0,2,33,33,0,2,2,33,0,2,31,1,30
3,36,39,40,3,36,0,2,34,34,0,2,2,34,0,2,32,1,30
4,3,7,8,4,3,0,2,1,4,0,1,1,4,0,1,1,1,2
4,3,7,8,4,4,0,2,1,3,0,1,1,3,0,1,2,0,2
4,3,7,8,4,4,0,2,2,3,0,1,1,3,0,1,2,0,2
4,4,8,9,4,4,0,2,1,4,0,1,1,4,0,1,3,0,3
4,4,8,9,4,4,0,2,2,4,0,1,1,4,0,1,1,1,2
4,5,9,10,4,4,0,2,1,5,0,1,1,5,0,1,1,1,3
4,5,9,10,4,4,0,2,2,5,0,1,2,5,0,1,2,2,1
4,5,9,10,4,5,0,2,1,4,0,1,1,4,0,1,3,0,3
4,5,9,10,4,5,0,2,2,4,0,1,1,4,0,1,1,1,2
4,5,9,10,4,5,0,2,3,4,0,1,1,4,0,1,3,0,3
4,9,13,14,4,4,0,2,1,9,0,1,1,9,0,1,8,0,8
4,9,13,14,4,4,0,2,2,9,0,1,2,9,0,1,2,2,3
4,9,13,14,4,9,0,2,1,4,0,1,1,4,0,1,1,1,6
4,9,13,14,4,9,0,2,2,4,0,1,1,4,0,1,1,1,5
4,9,13,14,4,9,0,2,3,5,1,2,2,5,1,2,2,2,1
4,9,13,14,4,9,0,2,4,4,0,1,1,4,0,1,1,1,5
4,9,13,14,4,9,0,2,5,3,1,2,1,3,1,2,1,1,4
4,9,13,14,4,9,0,2,6,6,0,2,2,6,0,2,4,1,3
4,9,13,14,4,9,0,2,7,4,0,1,1,4,0,1,1,1,5
4,10,14,15,4,4,0,2,1,10,0,1,1,10,0,1,1,1,8
4,10,14,15,4,4,0,2,2,10,0,1,3,10,0,1,7,2,3
4,10,14,15,4,10,0,2,1,4,0,1,1,4,0,1,1,1,6
4,10,14,15,4,10,0,2,2,7,1,2,2,7,1,2,2,2,2
4,10,14,15,4,10,0,2,3,6,1,2,2,6,1,2,4,1,3
4,10,14,15,4,10,0,2,4,4,0,1,1,4,0,1,1,1,5
4,10,14,15,4,10,0,2,5,4,0,1,1,4,0,1,1,1,4
4,10,14,15,4,10,0,2,6,6,0,2,3,6,0,2,3,2,1
4,10,14,15,4,10,0,2,7,4,0,1,1,4,0,1,1,1,7
4,10,14,15,4,10,0,2,8,4,0,1,1,4,0,1,1,1,4
4,11,15,16,4,4,0,2,1,11,0,1,1,11,0,1,1,1,9
4,11,15,16,4,4,0,2,2,11,0,1,2,11,0,1,2,2,4
4,11,15,16,4,11,0,2,1,4,0,1,1,4,0,1,1,1,8
4,11,15,16,4,11,0,2,2,4,0,1,1,4,0,1,1,1,4
4,11,15,16,4,11,0,2,3,4,0,1,1,4,0,1,1,1,7
4,11,15,16,4,11,0,2,4,6,1,2,2,6,1,2,4,1,3
4,11,15,16,4,11,0,2,5,4,0,1,1,4,0,1,1,1,5
4,11,15,16,4,11,0,2,6,4,0,1,1,4,0,1,1,1,5
4,11,15,16,4,11,0,2,7,7,0,2,3,7,0,2,5,1,3
4,11,15,16,4,11,0,2,8,4,0,1,1,4,0,1,1,1,7
4,11,15,16,4,11,0,2,9,4,0,1,1,4,0,1,1,1,5
4,12,16,17,4,4,0,2,1,12,0,1,2,12,0,1,10,1,9
4,12,16,17,4,4,0,2,2,12,0,1,3,12,0,1,9,2,5
4,12,16,17,4,12,0,2,1,4,0,1,1,4,0,1,1,1,10
4,12,16,17,4,12,0,2,2,9,1,2,7,9,1,2,7,1,1
4,12,16,17,4,12,0,2,3,4,0,1,1,4,0,1,1,1,8
4,12,16,17,4,12,0,2,4,7,1,2,3,7,1,2,3,3,1
4,12,16,17,4,12,0,2,5,5,0,2,1,5,0,2,1,1,3
4,12,16,17,4,12,0,2,6,4,0,1,1,4,0,1,1,1,6
4,12,16,17,4,12,0,2,7,7,0,2,3,7,0,2,3,3,1
4,12,16,17,4,12,0,2,8,4,0,1,1,4,0,1,1,1,7
4,12,16,17,4,12,0,2,9,9,0,2,2,9,0,2,2,2,1
4,12,16,17,4,12,0,2,10,4,0,1,1,4,0,1,1,1,4
4,13,17,18,4,4,0,2,1,13,0,1,1,13,0,1,1,1,11
4,13,17,18,4,4,0,2,2,13,0,1,2,13,0,1,2,2,5
4,13,17,18,4,13,0,2,1,4,0,1,1,4,0,1,1,1,11
4,13,17,18,4,13,0,2,2,4,0,1,1,4,0,1,1,1,4
4,13,17,18,4,13,0,2,3,4,0,1,1,4,0,1,1,1,8
4,13,17,18,4,13,0,2,4,4,0,1,1,4,0,1,1,1,9
4,13,17,18,4,13,0,2,5,5,0,2,2,5,0,2,3,1,3
4,13,17,18,4,13,0,2,6,4,0,1,1,4,0,1,1,1,8
4,13,17,18,4,13,0,2,7,5,1,2,1,5,1,2,1,1,4
4,13,17,18,4,13,0,2,8,4,1,2,2,4,1,2,2,1,6
4,13,17,18,4,13,0,2,9,3,1,2,1,3,1,2,1,1,8
4,13,17,18,4,13,0,2,10,10,0,2,2,10,0,2,2,2,2
4,13,17,18,4,13,0,2,11,4,0,1,1,4,0,1,1,1,8
4,15,19,20,4,4,0,2,1,15,0,1,1,15,0,1,1,1,13
4,15,19,20,4,4,0,2,2,15,0,1,2,15,0,1,2,2,7
4,15,19,20,4,15,0,2,1,4,0,1,1,4,0,1,1,1,12
4,15,19,20,4,15,0,2,2,4,0,1,1,4,0,1,1,1,6
4,15,19,20,4,15,0,2,3,4,0,1,1,4,0,1,1,1,9
4,15,19,20,4,15,0,2,4,4,0,1,1,4,0,1,1,1,10
4,15,19,20,4,15,0,2,5,4,0,1,1,4,0,1,1,1,9
4,15,19,20,4,15,0,2,6,6,0,2,2,6,0,2,4,1,7
4,15,19,20,4,15,0,2,7,4,0,1,1,4,0,1,1,1,9
4,15,19,20,4,15,0,2,8,4,0,1,1,4,0,1,1,1,7
4,15,19,20,4,15,0,2,9,5,1,2,2,9,0,2,7,1,7
4,15,19,20,4,15,0,2,10,4,0,1,1,4,0,1,1,1,9
4,15,19,20,4,15,0,2,11,3,1,2,1,3,1,2,1,1,6
4,15,19,20,4,15,0,2,12,4,0,1,1,4,0,1,1,1,11
4,15,19,20,4,15,0,2,13,4,0,1,1,4,0,1,1,1,9
4,16,20,21,4,4,0,2,1,16,0,1,1,16,0,1,1,1,14
4,16,20,21,4,4,0,2,2,16,0,1,3,16,0,1,13,2,8
4,16,20,21,4,16,0,2,1,4,0,1,1,4,0,1,1,1,14
4,16,20,21,4,16,0,2,2,13,1,2,2,13,1,2,2,2,4
4,16,20,21,4,16,0,2,3,4,0,1,1,4,0,1,1,1,11
4,16,20,21,4,16,0,2,4,4,0,1,1,4,0,1,1,1,7
4,16,20,21,4,16,0,2,5,5,0,2,2,5,0,2,2,2,4
4,16,20,21,4,16,0,2,6,9,1,2,2,9,1,2,7,1,4
4,16,20,21,4,16,0,2,7,4,0,1,1,4,0,1,1,1,7
4,16,20,21,4,16,0,2,8,4,0,1,1,4,0,1,1,1,7
4,16,20,21,4,16,0,2,9,6,1,2,2,6,1,2,2,2,3
4,16,20,21,4,16,0,2,10,4,0,1,1,4,0,1,1,1,10
4,16,20,21,4,16,0,2,11,4,0,1,1,4,0,1,1,1,6
4,16,20,21,4,16,0,2,12,12,0,2,3,12,0,2,10,1,3
4,16,20,21,4,16,0,2,13,4,0,1,1,4,0,1,1,1,9
4,16,20,21,4,16,0,2,14,4,0,1,1,4,0,1,1,1,8
4,17,21,22,4,4,0,2,1,17,0,1,1,17,0,1,1,1,15
4,17,21,22,4,4,0,2,2,17,0,1,2,17,0,1,2,2,8
4,17,21,22,4,17,0,2,1,4,0,1,1,4,0,1,1,1,15
4,17,21,22,4,17,0,2,2,4,0,1,1,4,0,1,1,1,8
4,17,21,22,4,17,0,2,3,4,0,1,1,4,0,1,1,1,11
4,17,21,22,4,17,0,2,4,4,0,1,1,4,0,1,1,1,13
4,17,21,22,4,17,0,2,5,5,0,2,2,5,0,2,2,2,5
4,17,21,22,4,17,0,2,6,4,0,1,1,4,0,1,1,1,13
4,17,21,22,4,17,0,2,7,7,0,2,4,7,0,2,5,1,6
4,17,21,22,4,17,0,2,8,4,0,1,1,4,0,1,1,1,9
4,17,21,22,4,17,0,2,9,4,0,1,1,4,0,1,1,1,9
4,17,21,22,4,17,0,2,10,6,1,2,2,10,0,2,8,1,7
4,17,21,22,4,17,0,2,11,4,0,1,1,4,0,1,1,1,11
4,17,21,22,4,17,0,2,12,4,0,1,1,4,0,1,1,1,9
4,17,21,22,4,17,0,2,13,13,0,2,2,13,0,2,11,1,9
4,17,21,22,4,17,0,2,14,4,0,1,1,4,0,1,1,1,13
4,17,21,22,4,17,0,2,15,15,0,2,2,15,0,2,13,1,10
4,18,22,23,4,4,0,2,1,18,0,1,1,18,0,1,1,1,16
4,18,22,23,4,4,0,2,2,18,0,1,3,18,0,1,15,2,12
4,18,22,23,4,18,0,2,1,4,0,1,1,4,0,1,1,1,16
4,18,22,23,4,18,0,2,2,15,1,2,2,15,1,2,13,1,4
4,18,22,23,4,18,0,2,3,4,0,1,1,4,0,1,1,1,13
4,18,22,23,4,18,0,2,4,4,0,1,1,4,0,1,1,1,6
4,18,22,23,4,18,0,2,5,5,0,2,2,5,0,2,2,2,2
4,18,22,23,4,18,0,2,6,4,0,1,1,4,0,1,1,1,11
4,18,22,23,4,18,0,2,7,7,0,2,2,7,0,2,2,2,5
4,18,22,23,4,18,0,2,8,8,0,2,2,8,0,2,6,1,5
4,18,22,23,4,18,0,2,9,4,0,1,1,4,0,1,1,1,10
4,18,22,23,4,18,0,2,10,7,1,2,2,7,1,2,2,2,3
4,18,22,23,4,18,0,2,11,4,0,1,1,4,0,1,1,1,9
4,18,22,23,4,18,0,2,12,5,1,2,2,5,1,2,2,2,2
4,18,22,23,4,18,0,2,13,4,0,1,1,4,0,1,1,1,7
4,18,22,23,4,18,0,2,14,4,0,1,1,4,0,1,1,1,11
4,18,22,23,4,18,0,2,15,15,0,2,2,15,0,2,2,2,4
4,18,22,23,4,18,0,2,16,4,0,1,1,4,0,1,1,1,6
4,19,23,24,4,4,0,2,1,19,0,1,1,19,0,1,1,1,17
4,19,23,24,4,4,0,2,2,19,0,1,2,19,0,1,2,2,10
4,19,23,24,4,19,0,2,1,4,0,1,1,4,0,1,1,1,17
4,19,23,24,4,19,0,2,2,4,0,1,1,4,0,1,1,1,8
4,19,23,24,4,19,0,2,3,4,0,1,1,4,0,1,1,1,14
4,19,23,24,4,19,0,2,4,4,0,1,1,4,0,1,1,1,15
4,19,23,24,4,19,0,2,5,4,0,1,1,4,0,1,1,1,8
4,19,23,24,4,19,0,2,6,4,0,1,1,4,0,1,1,1,14
4,19,23,24,4,19,0,2,7,4,0,1,1,4,0,1,1,1,14
4,19,23,24,4,19,0,2,8,8,0,2,2,8,0,2,6,1,9
4,19,23,24,4,19,0,2,9,4,0,1,1,4,0,1,1,1,13
4,19,23,24,4,19,0,2,10,8,1,2,2,8,1,2,6,1,8
4,19,23,24,4,19,0,2,11,7,1,2,2,7,1,2,5,1,12
4,19,23,24,4,19,0,2,12,4,0,1,1,4,0,1,1,1,13
4,19,23,24,4,19,0,2,13,5,1,2,2,13,0,2,11,1,7
4,19,23,24,4,19,0,2,14,4,0,1,1,4,0,1,1,1,13
4,19,23,24,4,19,0,2,15,4,0,1,1,4,0,1,1,1,13
4,19,23,24,4,19,0,2,16,4,0,1,1,4,0,1,1,1,14
4,19,23,24,4,19,0,2,17,4,0,1,1,4,0,1,1,1,16
4,20,24,25,4,4,0,2,1,20,0,1,1,20,0,1,1,1,18
4,20,24,25,4,4,0,2,2,20,0,1,3,20,0,1,17,2,15
4,20,24,25,4,20,0,2,1,4,0,1,1,4,0,1,1,1,18
4,20,24,25,4,20,0,2,2,17,1,2,2,17,1,2,15,1,10
4,20,24,25,4,20,0,2,3,4,0,1,1,4,0,1,1,1,16
4,20,24,25,4,20,0,2,4,4,0,1,1,4,0,1,1,1,8
4,20,24,25,4,20,0,2,5,5,0,2,2,5,0,2,3,1,8
4,20,24,25,4,20,0,2,6,4,0,1,1,4,0,1,1,1,11
4,20,24,25,4,20,0,2,7,4,0,1,1,4,0,1,1,1,11
4,20,24,25,4,20,0,2,8,8,0,2,2,11,1,2,9,1,6
4,20,24,25,4,20,0,2,9,4,0,1,1,4,0,1,1,1,9
4,20,24,25,4,20,0,2,10,4,0,1,1,4,0,1,1,1,11
4,20,24,25,4,20,0,2,11,11,0,2,9,11,0,2,9,1,1
4,20,24,25,4,20,0,2,12,4,0,1,1,4,0,1,1,1,12
4,20,24,25,4,20,0,2,13,6,1,2,2,6,1,2,4,1,6
4,20,24,25,4,20,0,2,14,5,1,2,2,14,0,2,12,1,6
4,20,24,25,4,20,0,2,15,4,0,1,1,4,0,1,1,1,10
4,20,24,25,4,20,0,2,16,16,0,2,2,16,0,2,14,1,8
4,20,24,25,4,20,0,2,17,17,0,2,2,17,0,2,15,1,8
4,20,24,25,4,20,0,2,18,4,0,1,1,4,0,1,1,1,13
4,21,25,26,4,4,0,2,1,21,0,1,1,21,0,1,1,1,19
4,21,25,26,4,4,0,2,2,21,0,1,2,21,0,1,2,2,10
4,21,25,26,4,21,0,2,1,4,0,1,1,4,0,1,1,1,19
4,21,25,26,4,21,0,2,2,4,0,1,1,4,0,1,1,1,8
4,21,25,26,4,21,0,2,3,4,0,1,1,4,0,1,1,1,15
4,21,25,26,4,21,0,2,4,4,0,1,1,4,0,1,1,1,17
4,21,25,26,4,21,0,2,5,4,0,1,1,4,0,1,1,1,10
4,21,25,26,4,21,0,2,6,4,0,1,1,4,0,1,1,1,14
4,21,25,26,4,21,0,2,7,7,0,2,2,7,0,2,5,1,11
4,21,25,26,4,21,0,2,8,4,0,1,1,4,0,1,1,1,15
4,21,25,26,4,21,0,2,9,9,0,2,2,9,0,2,7,1,11
4,21,25,26,4,21,0,2,10,4,0,1,1,4,0,1,1,1,13
4,21,25,26,4,21,0,2,11,4,0,1,1,4,0,1,1,1,11
4,21,25,26,4,21,0,2,12,8,1,2,2,12,0,2,10,1,11
4,21,25,26,4,21,0,2,13,4,0,1,1,4,0,1,1,1,13
4,21,25,26,4,21,0,2,14,4,0,1,1,4,0,1,1,1,11
4,21,25,26,4,21,0,2,15,4,0,1,1,4,0,1,1,1,15
4,21,25,26,4,21,0,2,16,4,0,1,1,4,0,1,1,1,13
4,21,25,26,4,21,0,2,17,17,0,2,2,17,0,2,15,1,10
4,21,25,26,4,21,0,2,18,4,0,1,1,4,0,1,1,1,16
4,21,25,26,4,21,0,2,19,4,0,1,1,4,0,1,1,1,16
4,22,26,27,4,4,0,2,1,22,0,1,1,22,0,1,1,1,20
4,22,26,27,4,4,0,2,2,22,0,1,3,22,0,1,19,2,16
4,22,26,27,4,22,0,2,1,4,0,1,1,4,0,1,1,1,20
4,22,26,27,4,22,0,2,2,19,1,2,2,19,1,2,17,1,7
4,22,26,27,4,22,0,2,3,4,0,1,1,4,0,1,1,1,16
4,22,26,27,4,22,0,2,4,4,0,1,1,4,0,1,1,1,10
4,22,26,27,4,22,0,2,5,5,0,2,2,5,0,2,2,2,5
4,22,26,27,4,22,0,2,6,4,0,1,1,4,0,1,1,1,13
4,22,26,27,4,22,0,2,7,4,0,1,1,4,0,1,1,1,10
4,22,26,27,4,22,0,2,8,8,0,2,2,8,0,2,2,2,6
4,22,26,27,4,22,0,2,9,9,0,2,2,12,1,2,10,1,7
4,22,26,27,4,22,0,2,10,4,0,1,1,4,0,1,1,1,10
4,22,26,27,4,22,0,2,11,4,0,1,1,4,0,1,1,1,10
4,22,26,27,4,22,0,2,12,9,1,2,2,12,0,2,10,1,5
4,22,26,27,4,22,0,2,13,4,0,1,1,4,0,1,1,1,14
4,22,26,27,4,22,0,2,14,4,0,1,1,4,0,1,1,1,8
4,22,26,27,4,22,0,2,15,6,1,2,2,15,0,2,13,1,6
4,22,26,27,4,22,0,2,16,5,1,2,2,16,0,2,14,1,10
4,22,26,27,4,22,0,2,17,4,1,2,2,4,1,2,2,1,10
4,22,26,27,4,22,0,2,18,18,0,2,2,18,0,2,16,1,5
4,22,26,27,4,22,0,2,19,19,0,2,2,19,0,2,17,1,9
4,22,26,27,4,22,0,2,20,4,0,1,1,4,0,1,1,1,13
4,23,27,28,4,4,0,2,1,23,0,1,1,23,0,1,1,1,21
4,23,27,28,4,4,0,2,2,23,0,1,2,23,0,1,2,2,14
4,23,27,28,4,23,0,2,1,4,0,1,1,4,0,1,1,1,21
4,23,27,28,4,23,0,2,2,4,0,1,1,4,0,1,1,1,11
4,23,27,28,4,23,0,2,3,4,0,1,1,4,0,1,1,1,17
4,23,27,28,4,23,0,2,4,4,0,1,1,4,0,1,1,1,19
4,23,27,28,4,23,0,2,5,5,0,2,2,5,0,2,2,2,9
4,23,27,28,4,23,0,2,6,4,0,1,1,4,0,1,1,1,17
4,23,27,28,4,23,0,2,7,7,0,2,2,7,0,2,5,1,16
4,23,27,28,4,23,0,2,8,4,0,1,1,4,0,1,1,1,12
4,23,27,28,4,23,0,2,9,4,0,1,1,4,0,1,1,1,18
4,23,27,28,4,23,0,2,10,10,0,2,2,10,0,2,8,1,12
4,23,27,28,4,23,0,2,11,4,0,1,1,4,0,1,1,1,16
4,23,27,28,4,23,0,2,12,4,0,1,1,4,0,1,1,1,14
4,23,27,28,4,23,0,2,13,9,1,2,2,9,1,2,7,1,14
4,23,27,28,4,23,0,2,14,4,0,1,1,4,0,1,1,1,17
4,23,27,28,4,23,0,2,15,7,1,2,2,7,1,2,5,1,10
4,23,27,28,4,23,0,2,16,6,1,2,2,6,1,2,4,1,14
4,23,27,28,4,23,0,2,17,4,0,1,1,4,0,1,1,1,17
4,23,27,28,4,23,0,2,18,4,1,2,2,4,1,2,2,1,13
4,23,27,28,4,23,0,2,19,19,0,2,2,19,0,2,17,1,15
4,23,27,28,4,23,0,2,20,20,0,2,2,20,0,2,18,1,17
4,23,27,28,4,23,0,2,21,4,0,1,1,4,0,1,1,1,19
4,24,28,29,4,4,0,2,1,24,0,1,1,24,0,1,23,0,23
4,24,28,29,4,4,0,2,2,24,0,1,3,24,0,1,21,2,19
4,24,28,29,4,24,0,2,1,4,0,1,1,4,0,1,1,1,22
4,24,28,29,4,24,0,2,2,21,1,2,2,21,1,2,19,1,11
4,24,28,29,4,24,0,2,3,4,0,1,1,4,0,1,1,1,19
4,24,28,29,4,24,0,2,4,4,0,1,1,4,0,1,1,1,12
4,24,28,29,4,24,0,2,5,5,0,2,2,18,1,2,16,1,5
4,24,28,29,4,24,0,2,6,4,0,1,1,4,0,1,1,1,16
4,24,28,29,4,24,0,2,7,4,0,1,1,4,0,1,1,1,12
4,24,28,29,4,24,0,2,8,8,0,2,2,8,0,2,2,2,4
4,24,28,29,4,24,0,2,9,4,0,1,1,4,0,1,1,1,15
4,24,28,29,4,24,0,2,10,10,0,2,2,10,0,2,2,2,10
4,24,28,29,4,24,0,2,11,11,0,2,2,11,0,2,9,1,8
4,24,28,29,4,24,0,2,12,4,0,1,1,4,0,1,1,1,13
4,24,28,29,4,24,0,2,13,10,1,2,2,10,1,2,2,2,6
4,24,28,29,4,24,0,2,14,4,0,1,1,4,0,1,1,1,16
4,24,28,29,4,24,0,2,15,8,1,2,2,8,1,2,6,1,8
4,24,28,29,4,24,0,2,16,4,0,1,1,4,0,1,1,1,9
4,24,28,29,4,24,0,2,17,4,0,1,1,4,0,1,1,1,16
4,24,28,29,4,24,0,2,18,5,1,2,2,5,1,2,2,2,8
4,24,28,29,4,24,0,2,19,4,0,1,1,4,0,1,1,1,10
4,24,28,29,4,24,0,2,20,20,0,2,2,20,0,2,18,1,15
4,24,28,29,4,24,0,2,21,21,0,2,2,21,0,2,19,1,13
4,24,28,29,4,24,0,2,22,4,0,1,1,4,0,1,1,1,11
4,25,29,30,4,4,0,2,1,25,0,1,1,25,0,1,1,1,23
4,25,29,30,4,4,0,2,2,25,0,1,2,25,0,1,2,2,18
4,25,29,30,4,25,0,2,1,4,0,1,1,4,0,1,1,1,23
4,25,29,30,4,25,0,2,2,4,0,1,1,4,0,1,1,1,13
4,25,29,30,4,25,0,2,3,4,0,1,1,4,0,1,1,1,20
4,25,29,30,4,25,0,2,4,4,0,1,1,4,0,1,1,1,21
4,25,29,30,4,25,0,2,5,4,0,1,1,4,0,1,1,1,15
4,25,29,30,4,25,0,2,6,4,0,1,1,4,0,1,1,1,20
4,25,29,30,4,25,0,2,7,4,0,1,1,4,0,1,1,1,19
4,25,29,30,4,25,0,2,8,4,0,1,1,4,0,1,1,1,17
4,25,29,30,4,25,0,2,9,4,0,1,1,4,0,1,1,1,19
4,25,29,30,4,25,0,2,10,4,0,1,1,4,0,1,1,1,18
4,25,29,30,4,25,0,2,11,11,0,2,2,11,0,2,9,1,15
4,25,29,30,4,25,0,2,12,4,0,1,1,4,0,1,1,1,18
4,25,29,30,4,25,0,2,13,4,0,1,1,4,0,1,1,1,17
4,25,29,30,4,25,0,2,14,10,1,2,2,10,1,2,8,1,18
4,25,29,30,4,25,0,2,15,4,0,1,1,4,0,1,1,1,19
4,25,29,30,4,25,0,2,16,4,0,1,1,4,0,1,1,1,15
4,25,29,30,4,25,0,2,17,4,0,1,1,4,0,1,1,1,19
4,25,29,30,4,25,0,2,18,4,0,1,1,4,0,1,1,1,18
4,25,29,30,4,25,0,2,19,4,0,1,1,4,0,1,1,1,19
4,25,29,30,4,25,0,2,20,4,0,1,1,4,0,1,1,1,19
4,25,29,30,4,25,0,2,21,4,0,1,1,4,0,1,1,1,19
4,25,29,30,4,25,0,2,22,4,0,1,1,4,0,1,1,1,21
4,25,29,30,4,25,0,2,23,4,0,1,1,4,0,1,1,1,22
4,26,30,31,4,4,0,2,1,26,0,1,1,26,0,1,1,1,24
4,26,30,31,4,4,0,2,2,26,0,1,3,26,0,1,23,2,20
4,26,30,31,4,26,0,2,1,4,0,1,1,4,0,1,1,1,24
4,26,30,31,4,26,0,2,2,23,1,2,2,23,1,2,21,1,14
4,26,30,31,4,26,0,2,3,4,0,1,1,4,0,1,1,1,22
4,26,30,31,4,26,0,2,4,4,0,1,1,4,0,1,1,1,12
4,26,30,31,4,26,0,2,5,5,0,2,2,5,0,2,3,1,12
4,26,30,31,4,26,0,2,6,4,0,1,1,4,0,1,1,1,18
4,26,30,31,4,26,0,2,7,4,0,1,1,4,0,1,1,1,13
4,26,30,31,4,26,0,2,8,8,0,2,2,8,0,2,6,1,14
4,26,30,31,4,26,0,2,9,4,0,1,1,4,0,1,1,1,13
4,26,30,31,4,26,0,2,10,10,0,2,2,10,0,2,8,1,16
4,26,30,31,4,26,0,2,11,11,0,2,2,11,0,2,9,1,13
4,26,30,31,4,26,0,2,12,12,0,2,2,12,0,2,10,1,12
4,26,30,31,4,26,0,2,13,4,0,1,1,4,0,1,1,1,17
4,26,30,31,4,26,0,2,14,11,1,2,2,14,0,2,12,1,5
4,26,30,31,4,26,0,2,15,4,0,1,1,4,0,1,1,1,17
4,26,30,31,4,26,0,2,16,9,1,2,2,9,1,2,7,1,12
4,26,30,31,4,26,0,2,17,8,1,2,2,17,0,2,15,1,9
4,26,30,31,4,26,0,2,18,4,0,1,1,4,0,1,1,1,18
4,26,30,31,4,26,0,2,19,6,1,2,2,19,0,2,17,1,14
4,26,30,31,4,26,0,2,20,5,1,2,2,20,0,2,18,1,12
4,26,30,31,4,26,0,2,21,4,0,1,1,4,0,1,1,1,19
4,26,30,31,4,26,0,2,22,22,0,2,2,22,0,2,20,1,15
4,26,30,31,4,26,0,2,23,23,0,2,2,23,0,2,21,1,15
4,26,30,31,4,26,0,2,24,4,0,1,1,4,0,1,1,1,20
4,27,31,32,4,4,0,2,1,27,0,1,1,27,0,1,1,1,25
4,27,31,32,4,4,0,2,2,27,0,1,2,27,0,1,2,2,18
4,27,31,32,4,27,0,2,1,4,0,1,1,4,0,1,1,1,25
4,27,31,32,4,27,0,2,2,4,0,1,1,4,0,1,1,1,14
4,27,31,32,4,27,0,2,3,4,0,1,1,4,0,1,1,1,22
4,27,31,32,4,27,0,2,4,4,0,1,1,4,0,1,1,1,23
4,27,31,32,4,27,0,2,5,4,0,1,1,4,0,1,1,1,14
4,27,31,32,4,27,0,2,6,4,0,1,1,4,0,1,1,1,20
4,27,31,32,4,27,0,2,7,7,0,2,2,7,0,2,5,1,18
4,27,31,32,4,27,0,2,8,4,0,1,1,4,0,1,1,1,20
4,27,31,32,4,27,0,2,9,9,0,2,2,9,0,2,7,1,17
4,27,31,32,4,27,0,2,10,10,0,2,2,10,0,2,8,1,17
4,27,31,32,4,27,0,2,11,4,0,1,1,4,0,1,1,1,21
4,27,31,32,4,27,0,2,12,12,0,2,2,12,0,2,10,1,15
4,27,31,32,4,27,0,2,13,4,0,1,1,4,0,1,1,1,18
4,27,31,32,4,27,0,2,14,4,0,1,1,4,0,1,1,1,20
4,27,31,32,4,27,0,2,15,11,1,2,2,15,0,2,13,1,16
4,27,31,32,4,27,0,2,16,4,0,1,1,4,0,1,1,1,19
4,27,31,32,4,27,0,2,17,9,1,2,2,9,1,2,7,1,13
4,27,31,32,4,27,0,2,18,4,0,1,1,4,0,1,1,1,18
4,27,31,32,4,27,0,2,19,4,0,1,1,4,0,1,1,1,19
4,27,31,32,4,27,0,2,20,6,1,2,2,6,1,2,4,1,16
4,27,31,32,4,27,0,2,21,4,0,1,1,4,0,1,1,1,20
4,27,31,32,4,27,0,2,22,4,0,1,1,4,0,1,1,1,21
4,27,31,32,4,27,0,2,23,23,0,2,2,23,0,2,21,1,19
4,27,31,32,4,27,0,2,24,4,0,1,1,4,0,1,1,1,22
4,27,31,32,4,27,0,2,25,4,0,1,1,4,0,1,1,1,24
4,28,32,33,4,4,0,2,1,28,0,1,1,28,0,1,1,1,26
4,28,32,33,4,4,0,2,2,28,0,1,3,28,0,1,25,2,22
4,28,32,33,4,28,0,2,1,4,0,1,1,4,0,1,1,1,26
4,28,32,33,4,28,0,2,2,25,1,2,2,25,1,2,23,1,11
4,28,32,33,4,28,0,2,3,4,0,1,1,4,0,1,1,1,22
4,28,32,33,4,28,0,2,4,4,0,1,1,4,0,1,1,1,15
4,28,32,33,4,28,0,2,5,5,0,2,2,22,1,2,20,1,8
4,28,32,33,4,28,0,2,6,4,0,1,1,4,0,1,1,1,20
4,28,32,33,4,28,0,2,7,7,0,2,2,7,0,2,5,1,12
4,28,32,33,4,28,0,2,8,8,0,2,2,19,1,2,17,1,10
4,28,32,33,4,28,0,2,9,9,0,2,2,18,1,2,16,1,14
4,28,32,33,4,28,0,2,10,10,0,2,2,10,0,2,8,1,11
4,28,32,33,4,28,0,2,11,11,0,2,2,11,0,2,9,1,11
4,28,32,33,4,28,0,2,12,12,0,2,2,12,0,2,10,1,10
4,28,32,33,4,28,0,2,13,13,0,2,2,13,0,2,11,1,13
4,28,32,33,4,28,0,2,14,4,0,1,1,4,0,1,1,1,16
4,28,32,33,4,28,0,2,15,12,1,2,2,15,0,2,13,1,8
4,28,32,33,4,28,0,2,16,4,0,1,1,4,0,1,1,1,20
4,28,32,33,4,28,0,2,17,10,1,2,2,10,1,2,8,1,11
4,28,32,33,4,28,0,2,18,9,1,2,2,18,0,2,16,1,9
4,28,32,33,4,28,0,2,19,8,1,2,2,8,1,2,6,1,16
4,28,32,33,4,28,0,2,20,7,1,2,2,7,1,2,5,1,14
4,28,32,33,4,28,0,2,21,6,1,2,2,21,0,2,19,1,11
4,28,32,33,4,28,0,2,22,5,1,2,2,22,0,2,20,1,13
4,28,32,33,4,28,0,2,23,4,0,1,1,4,0,1,1,1,18
4,28,32,33,4,28,0,2,24,24,0,2,2,24,0,2,22,1,12
4,28,32,33,4,28,0,2,25,25,0,2,2,25,0,2,23,1,16
4,28,32,33,4,28,0,2,26,4,0,1,1,4,0,1,1,1,20
4,29,33,34,4,4,0,2,1,29,0,1,1,29,0,1,1,1,27
4,29,33,34,4,4,0,2,2,29,0,1,2,29,0,1,2,2,20
4,29,33,34,4,29,0,2,1,4,0,1,1,4,0,1,1,1,27
4,29,33,34,4,29,0,2,2,4,0,1,1,4,0,1,1,1,19
4,29,33,34,4,29,0,2,3,4,0,1,1,4,0,1,1,1,23
4,29,33,34,4,29,0,2,4,4,0,1,1,4,0,1,1,1,25
4,29,33,34,4,29,0,2,5,5,0,2,2,5,0,2,2,2,15
4,29,33,34,4,29,0,2,6,4,0,1,1,4,0,1,1,1,23
4,29,33,34,4,29,0,2,7,4,0,1,1,4,0,1,1,1,24
4,29,33,34,4,29,0,2,8,8,0,2,2,8,0,2,6,1,17
4,29,33,34,4,29,0,2,9,4,0,1,1,4,0,1,1,1,23
4,29,33,34,4,29,0,2,10,10,0,2,2,10,0,2,8,1,20
4,29,33,34,4,29,0,2,11,4,0,1,1,4,0,1,1,1,21
4,29,33,34,4,29,0,2,12,4,0,1,1,4,0,1,1,1,24
4,29,33,34,4,29,0,2,13,13,0,2,2,13,0,2,11,1,19
4,29,33,34,4,29,0,2,14,4,0,1,1,4,0,1,1,1,22
4,29,33,34,4,29,0,2,15,13,1,2,2,13,1,2,11,1,19
4,29,33,34,4,29,0,2,16,12,1,2,2,12,1,2,10,1,21
4,29,33,34,4,29,0,2,17,4,0,1,1,4,0,1,1,1,23
4,29,33,34,4,29,0,2,18,10,1,2,2,10,1,2,8,1,16
4,29,33,34,4,29,0,2,19,9,1,2,2,9,1,2,7,1,20
4,29,33,34,4,29,0,2,20,8,1,2,2,8,1,2,6,1,21
4,29,33,34,4,29,0,2,21,7,1,2,2,7,1,2,5,1,20
4,29,33,34,4,29,0,2,22,4,0,1,1,4,0,1,1,1,22
4,29,33,34,4,29,0,2,23,5,1,2,2,23,0,2,21,1,21
4,29,33,34,4,29,0,2,24,4,0,1,1,4,0,1,1,1,22
4,29,33,34,4,29,0,2,25,4,0,1,1,4,0,1,1,1,23
4,29,33,34,4,29,0,2,26,26,0,2,2,26,0,2,24,1,23
4,29,33,34,4,29,0,2,27,4,0,1,1,4,0,1,1,1,25
4,30,34,35,4,4,0,2,1,30,0,1,1,30,0,1,29,0,29
4,30,34,35,4,4,0,2,2,30,0,1,3,30,0,1,27,2,25
4,30,34,35,4,30,0,2,1,4,0,1,1,4,0,1,1,1,28
4,30,34,35,4,30,0,2,2,27,1,2,2,27,1,2,25,1,19
4,30,34,35,4,30,0,2,3,4,0,1,1,4,0,1,1,1,25
4,30,34,35,4,30,0,2,4,4,0,1,1,4,0,1,1,1,20
4,30,34,35,4,30,0,2,5,5,0,2,2,24,1,2,22,1,13
4,30,34,35,4,30,0,2,6,4,0,1,1,4,0,1,1,1,23
4,30,34,35,4,30,0,2,7,4,0,1,1,4,0,1,1,1,20
4,30,34,35,4,30,0,2,8,8,0,2,2,21,1,2,19,1,12
4,30,34,35,4,30,0,2,9,4,0,1,1,4,0,1,1,1,22
4,30,34,35,4,30,0,2,10,10,0,2,2,10,0,2,8,1,19
4,30,34,35,4,30,0,2,11,11,0,2,2,11,0,2,9,1,11
4,30,34,35,4,30,0,2,12,4,0,1,1,4,0,1,1,1,23
4,30,34,35,4,30,0,2,13,13,0,2,2,16,1,2,14,1,18
4,30,34,35,4,30,0,2,14,14,0,2,2,14,0,2,12,1,13
4,30,34,35,4,30,0,2,15,4,0,1,1,4,0,1,1,1,22
4,30,34,35,4,30,0,2,16,13,1,2,2,13,1,2,2,2,9
4,30,34,35,4,30,0,2,17,4,0,1,1,4,0,1,1,1,23
4,30,34,35,4,30,0,2,18,11,1,2,2,11,1,2,9,1,13
4,30,34,35,4,30,0,2,19,4,0,1,1,4,0,1,1,1,13
4,30,34,35,4,30,0,2,20,9,1,2,2,9,1,2,7,1,21
4,30,34,35,4,30,0,2,21,8,1,2,2,8,1,2,6,1,16
4,30,34,35,4,30,0,2,22,4,0,1,1,4,0,1,1,1,15
4,30,34,35,4,30,0,2,23,6,1,2,2,6,1,2,4,1,21
4,30,34,35,4,30,0,2,24,5,1,2,2,24,0,2,22,1,19
4,30,34,35,4,30,0,2,25,4,1,2,2,4,1,2,2,1,16
4,30,34,35,4,30,0,2,26,26,0,2,2,26,0,2,24,1,21
4,30,34,35,4,30,0,2,27,27,0,2,2,27,0,2,25,1,21
4,30,34,35,4,30,0,2,28,4,0,1,1,4,0,1,1,1,21
4,31,35,36,4,4,0,2,1,31,0,1,1,31,0,1,1,1,29
4,31,35,36,4,4,0,2,2,31,0,1,2,31,0,1,2,2,24
4,31,35,36,4,31,0,2,1,4,0,1,1,4,0,1,1,1,29
4,31,35,36,4,31,0,2,2,4,0,1,1,4,0,1,1,1,21
4,31,35,36,4,31,0,2,3,4,0,1,1,4,0,1,1,1,27
4,31,35,36,4,31,0,2,4,4,0,1,1,4,0,1,1,1,27
4,31,35,36,4,31,0,2,5,4,0,1,1,4,0,1,1,1,22
4,31,35,36,4,31,0,2,6,4,0,1,1,4,0,1,1,1,25
4,31,35,36,4,31,0,2,7,4,0,1,1,4,0,1,1,1,26
4,31,35,36,4,31,0,2,8,4,0,1,1,4,0,1,1,1,24
4,31,35,36,4,31,0,2,9,4,0,1,1,4,0,1,1,1,25
4,31,35,36,4,31,0,2,10,4,0,1,1,4,0,1,1,1,25
4,31,35,36,4,31,0,2,11,4,0,1,1,4,0,1,1,1,25
4,31,35,36,4,31,0,2,12,4,0,1,1,4,0,1,1,1,23
4,31,35,36,4,31,0,2,13,4,0,1,1,4,0,1,1,1,24
4,31,35,36,4,31,0,2,14,14,0,2,2,14,0,2,12,1,22
4,31,35,36,4,31,0,2,15,4,0,1,1,4,0,1,1,1,24
4,31,35,36,4,31,0,2,16,4,0,1,1,4,0,1,1,1,23
4,31,35,36,4,31,0,2,17,13,1,2,2,13,1,2,11,1,23
4,31,35,36,4,31,0,2,18,4,0,1,1,4,0,1,1,1,24
4,31,35,36,4,31,0,2,19,4,0,1,1,4,0,1,1,1,21
4,31,35,36,4,31,0,2,20,4,0,1,1,4,0,1,1,1,25
4,31,35,36,4,31,0,2,21,4,0,1,1,4,0,1,1,1,24
4,31,35,36,4,31,0,2,22,4,0,1,1,4,0,1,1,1,23
4,31,35,36,4,31,0,2,23,4,0,1,1,4,0,1,1,1,25
4,31,35,36,4,31,0,2,24,4,0,1,1,4,0,1,1,1,25
4,31,35,36,4,31,0,2,25,4,0,1,1,4,0,1,1,1,25
4,31,35,36,4,31,0,2,26,4,0,1,1,4,0,1,1,1,25
4,31,35,36,4,31,0,2,27,4,0,1,1,4,0,1,1,1,26
4,31,35,36,4,31,0,2,28,4,0,1,1,4,0,1,1,1,27
4,31,35,36,4,31,0,2,29,4,0,1,1,4,0,1,1,1,28
4,32,36,37,4,4,0,2,1,32,0,1,1,32,0,1,1,1,30
4,32,36,37,4,4,0,2,2,32,0,1,3,32,0,1,29,2,26
4,32,36,37,4,32,0,2,1,4,0,1,1,4,0,1,1,1,30
4,32,36,37,4,32,0,2,2,29,1,2,2,29,1,2,27,1,19
4,32,36,37,4,32,0,2,3,4,0,1,1,4,0,1,1,1,28
4,32,36,37,4,32,0,2,4,4,0,1,1,4,0,1,1,1,18
4,32,36,37,4,32,0,2,5,5,0,2,2,5,0,2,3,1,16
4,32,36,37,4,32,0,2,6,4,0,1,1,4,0,1,1,1,24
4,32,36,37,4,32,0,2,7,4,0,1,1,4,0,1,1,1,19
4,32,36,37,4,32,0,2,8,8,0,2,2,8,0,2,6,1,17
4,32,36,37,4,32,0,2,9,9,0,2,2,22,1,2,20,1,18
4,32,36,37,4,32,0,2,10,10,0,2,2,10,0,2,8,1,20
4,32,36,37,4,32,0,2,11,11,0,2,2,11,0,2,9,1,20
4,32,36,37,4,32,0,2,12,12,0,2,2,12,0,2,10,1,16
4,32,36,37,4,32,0,2,13,13,0,2,2,13,0,2,11,1,22
4,32,36,37,4,32,0,2,14,14,0,2,2,14,0,2,12,1,18
4,32,36,37,4,32,0,2,15,15,0,2,2,15,0,2,13,1,16
4,32,36,37,4,32,0,2,16,4,0,1,1,4,0,1,1,1,23
4,32,36,37,4,32,0,2,17,14,1,2,2,17,0,2,15,1,10
4,32,36,37,4,32,0,2,18,4,0,1,1,4,0,1,1,1,22
4,32,36,37,4,32,0,2,19,12,1,2,2,12,1,2,10,1,15
4,32,36,37,4,32,0,2,20,11,1,2,2,20,0,2,18,1,12
4,32,36,37,4,32,0,2,21,4,0,1,1,4,0,1,1,1,24
4,32,36,37,4,32,0,2,22,9,1,2,2,9,1,2,7,1,19
4,32,36,37,4,32,0,2,23,8,1,2,2,23,0,2,21,1,15
4,32,36,37,4,32,0,2,24,4,0,1,1,4,0,1,1,1,24
4,32,36,37,4,32,0,2,25,6,1,2,2,25,0,2,23,1,20
4,32,36,37,4,32,0,2,26,5,1,2,2,26,0,2,24,1,18
4,32,36,37,4,32,0,2,27,4,1,2,2,4,1,2,2,1,23
4,32,36,37,4,32,0,2,28,28,0,2,2,28,0,2,26,1,21
4,32,36,37,4,32,0,2,29,29,0,2,2,29,0,2,27,1,21
4,32,36,37,4,32,0,2,30,4,0,1,1,4,0,1,1,1,26
4,33,37,38,4,4,0,2,1,33,0,1,1,33,0,1,1,1,31
4,33,37,38,4,4,0,2,2,33,0,1,2,33,0,1,2,2,25
4,33,37,38,4,33,0,2,1,4,0,1,1,4,0,1,1,1,31
4,33,37,38,4,33,0,2,2,4,0,1,1,4,0,1,1,1,20
4,33,37,38,4,33,0,2,3,4,0,1,1,4,0,1,1,1,28
4,33,37,38,4,33,0,2,4,4,0,1,1,4,0,1,1,1,29
4,33,37,38,4,33,0,2,5,4,0,1,1,4,0,1,1,1,22
4,33,37,38,4,33,0,2,6,4,0,1,1,4,0,1,1,1,27
4,33,37,38,4,33,0,2,7,7,0,2,2,7,0,2,5,1,24
4,33,37,38,4,33,0,2,8,4,0,1,1,4,0,1,1,1,25
4,33,37,38,4,33,0,2,9,9,0,2,2,9,0,2,7,1,24
4,33,37,38,4,33,0,2,10,10,0,2,2,10,0,2,8,1,24
4,33,37,38,4,33,0,2,11,4,0,1,1,4,0,1,1,1,27
4,33,37,38,4,33,0,2,12,12,0,2,2,12,0,2,10,1,22
4,33,37,38,4,33,0,2,13,13,0,2,2,13,0,2,11,1,24
4,33,37,38,4,33,0,2,14,4,0,1,1,4,0,1,1,1,28
4,33,37,38,4,33,0,2,15,15,0,2,2,15,0,2,13,1,20
4,33,37,38,4,33,0,2,16,4,0,1,1,4,0,1,1,1,26
4,33,37,38,4,33,0,2,17,4,0,1,1,4,0,1,1,1,26
4,33,37,38,4,33,0,2,18,14,1,2,2,18,0,2,16,1,21
4,33,37,38,4,33,0,2,19,4,0,1,1,4,0,1,1,1,27
4,33,37,38,4,33,0,2,20,12,1,2,2,12,1,2,10,1,21
4,33,37,38,4,33,0,2,21,4,0,1,1,4,0,1,1,1,24
4,33,37,38,4,33,0,2,22,4,0,1,1,4,0,1,1,1,27
4,33,37,38,4,33,0,2,23,9,1,2,2,9,1,2,7,1,24
4,33,37,38,4,33,0,2,24,4,0,1,1,4,0,1,1,1,24
4,33,37,38,4,33,0,2,25,4,0,1,1,4,0,1,1,1,26
4,33,37,38,4,33,0,2,26,6,1,2,2,6,1,2,4,1,24
4,33,37,38,4,33,0,2,27,4,0,1,1,4,0,1,1,1,26
4,33,37,38,4,33,0,2,28,4,0,1,1,4,0,1,1,1,27
4,33,37,38,4,33,0,2,29,29,0,2,2,29,0,2,27,1,25
4,33,37,38,4,33,0,2,30,4,0,1,1,4,0,1,1,1,28
4,33,37,38,4,33,0,2,31,4,0,1,1,4,0,1,1,1,30
4,34,38,39,4,4,0,2,1,34,0,1,1,34,0,1,1,1,32
4,34,38,39,4,4,0,2,2,34,0,1,3,34,0,1,31,2,28
4,34,38,39,4,34,0,2,1,4,0,1,1,4,0,1,1,1,32
4,34,38,39,4,34,0,2,2,31,1,2,2,31,1,2,29,1,17
4,34,38,39,4,34,0,2,3,4,0,1,1,4,0,1,1,1,28
4,34,38,39,4,34,0,2,4,4,0,1,1,4,0,1,1,1,22
4,34,38,39,4,34,0,2,5,5,0,2,2,28,1,2,26,1,14
4,34,38,39,4,34,0,2,6,4,0,1,1,4,0,1,1,1,26
4,34,38,39,4,34,0,2,7,7,0,2,2,7,0,2,5,1,20
4,34,38,39,4,34,0,2,8,8,0,2,2,8,0,2,6,1,16
4,34,38,39,4,34,0,2,9,9,0,2,2,24,1,2,22,1,22
4,34,38,39,4,34,0,2,10,10,0,2,2,10,0,2,8,1,18
4,34,38,39,4,34,0,2,11,11,0,2,2,11,0,2,9,1,16
4,34,38,39,4,34,0,2,12,12,0,2,2,12,0,2,10,1,22
4,34,38,39,4,34,0,2,13,13,0,2,2,13,0,2,11,1,18
4,34,38,39,4,34,0,2,14,14,0,2,2,14,0,2,12,1,20
4,34,38,39,4,34,0,2,15,15,0,2,2,15,0,2,13,1,16
4,34,38,39,4,34,0,2,16,16,0,2,2,16,0,2,14,1,21
4,34,38,39,4,34,0,2,17,4,0,1,1,4,0,1,1,1,25
4,34,38,39,4,34,0,2,18,15,1,2,2,18,0,2,16,1,13
4,34,38,39,4,34,0,2,19,4,0,1,1,4,0,1,1,1,28
4,34,38,39,4,34,0,2,20,13,1,2,2,13,1,2,11,1,18
4,34,38,39,4,34,0,2,21,12,1,2,2,12,1,2,10,1,15
4,34,38,39,4,34,0,2,22,11,1,2,2,11,1,2,9,1,24
4,34,38,39,4,34,0,2,23,10,1,2,2,10,1,2,8,1,20
4,34,38,39,4,34,0,2,24,9,1,2,2,9,1,2,7,1,17
4,34,38,39,4,34,0,2,25,8,1,2,2,8,1,2,6,1,20
4,34,38,39,4,34,0,2,26,4,0,1,1,4,0,1,1,1,23
4,34,38,39,4,34,0,2,27,6,1,2,2,27,0,2,25,1,20
4,34,38,39,4,34,0,2,28,5,1,2,2,28,0,2,26,1,19
4,34,38,39,4,34,0,2,29,4,0,1,1,4,0,1,1,1,25
4,34,38,39,4,34,0,2,30,30,0,2,2,30,0,2,28,1,22
4,34,38,39,4,34,0,2,31,31,0,2,2,31,0,2,29,1,23
4,34,38,39,4,34,0,2,32,4,0,1,1,4,0,1,1,1,27
4,35,39,40,4,4,0,2,1,35,0,1,1,35,0,1,1,1,33
4,35,39,40,4,4,0,2,2,35,0,1,2,35,0,1,2,2,28
4,35,39,40,4,35,0,2,1,4,0,1,1,4,0,1,1,1,33
4,35,39,40,4,35,0,2,2,4,0,1,1,4,0,1,1,1,25
4,35,39,40,4,35,0,2,3,4,0,1,1,4,0,1,1,1,29
4,35,39,40,4,35,0,2,4,4,0,1,1,4,0,1,1,1,31
4,35,39,40,4,35,0,2,5,5,0,2,2,29,1,2,27,1,23
4,35,39,40,4,35,0,2,6,4,0,1,1,4,0,1,1,1,29
4,35,39,40,4,35,0,2,7,4,0,1,1,4,0,1,1,1,30
4,35,39,40,4,35,0,2,8,8,0,2,2,8,0,2,6,1,25
4,35,39,40,4,35,0,2,9,4,0,1,1,4,0,1,1,1,29
4,35,39,40,4,35,0,2,10,10,0,2,2,10,0,2,8,1,26
4,35,39,40,4,35,0,2,11,11,0,2,2,11,0,2,9,1,26
4,35,39,40,4,35,0,2,12,4,0,1,1,4,0,1,1,1,29
4,35,39,40,4,35,0,2,13,13,0,2,2,13,0,2,11,1,26
4,35,39,40,4,35,0,2,14,4,0,1,1,4,0,1,1,1,28
4,35,39,40,4,35,0,2,15,4,0,1,1,4,0,1,1,1,29
4,35,39,40,4,35,0,2,16,16,0,2,2,16,0,2,14,1,25
4,35,39,40,4,35,0,2,17,4,0,1,1,4,0,1,1,1,28
4,35,39,40,4,35,0,2,18,4,0,1,1,4,0,1,1,1,26
4,35,39,40,4,35,0,2,19,15,1,2,2,15,1,2,13,1,27
4,35,39,40,4,35,0,2,20,4,0,1,1,4,0,1,1,1,28
4,35,39,40,4,35,0,2,21,13,1,2,2,13,1,2,11,1,22
4,35,39,40,4,35,0,2,22,4,0,1,1,4,0,1,1,1,28
4,35,39,40,4,35,0,2,23,11,1,2,2,11,1,2,9,1,27
4,35,39,40,4,35,0,2,24,10,1,2,2,10,1,2,8,1,26
4,35,39,40,4,35,0,2,25,4,0,1,1,4,0,1,1,1,28
4,35,39,40,4,35,0,2,26,8,1,2,2,8,1,2,6,1,27
4,35,39,40,4,35,0,2,27,4,0,1,1,4,0,1,1,1,28
4,35,39,40,4,35,0,2,28,4,0,1,1,4,0,1,1,1,28
4,35,39,40,4,35,0,2,29,5,1,2,2,29,0,2,27,1,27
4,35,39,40,4,35,0,2,30,4,0,1,1,4,0,1,1,1,28
4,35,39,40,4,35,0,2,31,4,0,1,1,4,0,1,1,1,29
4,35,39,40,4,35,0,2,32,32,0,2,2,32,0,2,30,1,29
4,35,39,40,4,35,0,2,33,4,0,1,1,4,0,1,1,1,31
5,2,7,8,5,5,0,2,1,3,1,2,0,3,1,2,0,0,2
5,2,7,8,5,5,0,2,2,2,1,2,0,2,1,2,0,0,1
5,2,7,8,5,5,0,2,3,3,0,2,1,3,0,2,1,1,1
5,4,9,10,5,4,0,2,1,5,0,1,1,5,0,1,1,1,3
5,4,9,10,5,4,0,2,2,5,0,1,2,5,0,1,2,2,1
5,4,9,10,5,5,0,2,1,4,0,1,1,4,0,1,3,0,3
5,4,9,10,5,5,0,2,2,4,0,1,1,4,0,1,1,1,2
5,4,9,10,5,5,0,2,3,4,0,1,1,4,0,1,3,0,3
5,5,10,11,5,5,0,2,1,3,1,2,1,5,0,1,4,0,5
5,5,10,11,5,5,0,2,2,5,0,1,2,5,0,1,3,1,2
5,5,10,11,5,5,0,2,3,5,0,1,1,5,0,1,1,1,3
5,6,11,12,5,5,0,2,1,3,1,2,1,3,1,2,1,1,5
5,6,11,12,5,5,0,2,2,6,0,1,2,6,0,1,2,2,2
5,6,11,12,5,5,0,2,3,6,0,1,2,6,0,1,4,1,3
5,6,11,12,5,6,0,2,1,4,1,2,2,5,0,1,4,0,5
5,6,11,12,5,6,0,2,2,5,0,1,1,5,0,1,1,1,3
5,6,11,12,5,6,0,2,3,5,0,1,2,5,0,1,3,1,2
5,6,11,12,5,6,0,2,4,4,0,2,2,5,0,1,4,0,5
5,8,13,14,5,5,0,2,1,3,1,2,0,3,1,2,0,0,6
5,8,13,14,5,5,0,2,2,8,0,1,1,8,0,1,1,1,3
5,8,13,14,5,5,0,2,3,8,0,1,1,8,0,1,1,1,4
5,8,13,14,5,8,0,2,1,5,0,1,2,6,1,2,0,0,6
5,8,13,14,5,8,0,2,2,5,0,1,2,5,0,1,2,2,1
5,8,13,14,5,8,0,2,3,3,0,2,1,3,0,2,1,1,4
5,8,13,14,5,8,0,2,4,3,1,2,0,3,1,2,0,0,5
5,8,13,14,5,8,0,2,5,2,1,2,0,2,1,2,0,0,5
5,8,13,14,5,8,0,2,6,5,0,1,2,6,0,2,1,1,5
5,9,14,15,5,5,0,2,1,3,1,2,1,3,1,2,1,1,8
5,9,14,15,5,5,0,2,2,9,0,1,2,9,0,1,7,1,5
5,9,14,15,5,5,0,2,3,9,0,1,1,9,0,1,1,1,6
5,9,14,15,5,9,0,2,1,5,0,1,2,5,0,1,3,1,7
5,9,14,15,5,9,0,2,2,5,0,1,2,6,1,2,1,1,5
5,9,14,15,5,9,0,2,3,3,0,2,1,3,0,2,1,1,5
5,9,14,15,5,9,0,2,4,4,0,2,1,4,0,2,1,1,5
5,9,14,15,5,9,0,2,5,3,1,2,1,3,1,2,1,1,4
5,9,14,15,5,9,0,2,6,5,0,1,2,6,0,2,1,1,4
5,9,14,15,5,9,0,2,7,5,0,1,2,7,0,2,1,1,6
5,10,15,16,5,5,0,2,1,3,1,2,1,10,0,1,9,0,10
5,10,15,16,5,5,0,2,2,10,0,1,1,10,0,1,1,1,6
5,10,15,16,5,5,0,2,3,10,0,1,1,10,0,1,1,1,8
5,10,15,16,5,10,0,2,1,5,0,1,1,5,0,1,1,1,9
5,10,15,16,5,10,0,2,2,5,0,1,2,7,1,2,1,1,5
5,10,15,16,5,10,0,2,3,5,0,1,2,5,0,1,3,1,5
5,10,15,16,5,10,0,2,4,4,0,2,1,4,0,2,1,1,7
5,10,15,16,5,10,0,2,5,4,1,2,1,4,1,2,1,1,5
5,10,15,16,5,10,0,2,6,3,1,2,1,3,1,2,1,1,5
5,10,15,16,5,10,0,2,7,5,0,1,2,7,0,2,1,1,5
5,10,15,16,5,10,0,2,8,5,0,1,2,5,0,1,3,1,7
5,11,16,17,5,5,0,2,1,3,1,2,1,11,0,1,10,0,11
5,11,16,17,5,5,0,2,2,11,0,1,2,11,0,1,2,2,4
5,11,16,17,5,5,0,2,3,11,0,1,1,11,0,1,1,1,7
5,11,16,17,5,11,0,2,1,5,0,1,2,5,0,1,3,1,9
5,11,16,17,5,11,0,2,2,5,0,1,2,8,1,2,6,1,5
5,11,16,17,5,11,0,2,3,5,0,1,2,7,1,2,1,1,5
5,11,16,17,5,11,0,2,4,4,0,2,2,4,0,2,2,1,6
5,11,16,17,5,11,0,2,5,5,0,1,2,5,0,2,3,1,4
5,11,16,17,5,11,0,2,6,4,1,2,1,4,1,2,1,1,7
5,11,16,17,5,11,0,2,7,5,0,1,2,7,0,2,5,1,3
5,11,16,17,5,11,0,2,8,5,0,1,2,8,0,2,6,1,5
5,11,16,17,5,11,0,2,9,5,0,1,2,5,0,1,2,2,5
5,12,17,18,5,5,0,2,1,3,1,2,1,3,1,2,1,1,11
5,12,17,18,5,5,0,2,2,12,0,1,2,12,0,1,2,2,4
5,12,17,18,5,5,0,2,3,12,0,1,2,12,0,1,10,1,9
5,12,17,18,5,12,0,2,1,5,0,1,1,5,0,1,1,1,11
5,12,17,18,5,12,0,2,2,5,0,1,2,5,0,1,2,2,3
5,12,17,18,5,12,0,2,3,5,0,1,2,5,0,1,3,1,8
5,12,17,18,5,12,0,2,4,4,0,2,2,4,0,2,2,1,7
5,12,17,18,5,12,0,2,5,5,0,1,2,5,0,2,1,1,7
5,12,17,18,5,12,0,2,6,5,0,1,2,5,0,1,3,1,7
5,12,17,18,5,12,0,2,7,4,1,2,1,4,1,2,1,1,6
5,12,17,18,5,12,0,2,8,5,0,1,2,8,0,2,1,1,7
5,12,17,18,5,12,0,2,9,5,0,1,2,5,0,1,3,1,7
5,12,17,18,5,12,0,2,10,5,0,1,2,10,0,2,8,1,7
5,13,18,19,5,5,0,2,1,3,1,2,1,3,1,2,1,1,11
5,13,18,19,5,5,0,2,2,13,0,1,4,13,0,1,10,2,6
5,13,18,19,5,5,0,2,3,13,0,1,2,13,0,1,2,2,8
5,13,18,19,5,13,0,2,1,5,0,1,2,5,0,1,3,1,11
5,13,18,19,5,13,0,2,2,5,0,1,2,10,1,2,8,1,7
5,13,18,19,5,13,0,2,3,5,0,1,2,9,1,2,1,1,8
5,13,18,19,5,13,0,2,4,4,0,2,2,4,0,2,2,1,8
5,13,18,19,5,13,0,2,5,5,0,1,2,5,0,2,3,1,4
5,13,18,19,5,13,0,2,6,5,0,1,2,6,0,2,4,1,7
5,13,18,19,5,13,0,2,7,5,0,1,2,5,1,2,1,1,5
5,13,18,19,5,13,0,2,8,5,0,1,2,8,0,2,6,1,3
5,13,18,19,5,13,0,2,9,3,1,2,1,3,1,2,1,1,8
5,13,18,19,5,13,0,2,10,5,0,1,2,5,0,1,2,2,4
5,13,18,19,5,13,0,2,11,5,0,1,2,11,0,2,9,1,7
5,14,19,20,5,5,0,2,1,3,1,2,1,3,1,2,1,1,13
5,14,19,20,5,5,0,2,2,14,0,1,1,14,0,1,1,1,8
5,14,19,20,5,5,0,2,3,14,0,1,1,14,0,1,1,1,12
5,14,19,20,5,14,0,2,1,5,0,1,1,5,0,1,1,1,13
5,14,19,20,5,14,0,2,2,5,0,1,2,11,1,2,9,1,6
5,14,19,20,5,14,0,2,3,5,0,1,2,5,0,1,3,1,10
5,14,19,20,5,14,0,2,4,4,0,2,1,4,0,2,1,1,10
5,14,19,20,5,14,0,2,5,5,0,1,2,5,0,2,3,1,9
5,14,19,20,5,14,0,2,6,5,0,1,2,6,0,2,1,1,10
5,14,19,20,5,14,0,2,7,5,0,1,2,6,1,2,0,0,11
5,14,19,20,5,14,0,2,8,5,0,1,2,5,1,2,0,0,11
5,14,19,20,5,14,0,2,9,4,1,2,1,4,1,2,1,1,10
5,14,19,20,5,14,0,2,10,3,1,2,1,3,1,2,1,1,10
5,14,19,20,5,14,0,2,11,5,0,1,2,11,0,2,1,1,10
5,14,19,20,5,14,0,2,12,5,0,1,2,12,0,2,10,1,10
5,15,20,21,5,5,0,2,1,3,1,2,1,3,1,2,1,1,14
5,15,20,21,5,5,0,2,2,15,0,1,2,15,0,1,2,2,9
5,15,20,21,5,5,0,2,3,15,0,1,1,15,0,1,1,1,12
5,15,20,21,5,15,0,2,1,5,0,1,2,5,0,1,3,1,13
5,15,20,21,5,15,0,2,2,5,0,1,2,12,1,2,10,1,9
5,15,20,21,5,15,0,2,3,5,0,1,2,11,1,2,1,1,10
5,15,20,21,5,15,0,2,4,4,0,2,2,4,0,2,2,1,9
5,15,20,21,5,15,0,2,5,5,0,1,2,5,0,2,3,1,6
5,15,20,21,5,15,0,2,6,5,0,1,2,6,0,2,1,1,9
5,15,20,21,5,15,0,2,7,5,0,1,2,7,0,2,1,1,10
5,15,20,21,5,15,0,2,8,5,0,1,2,6,1,2,1,1,8
5,15,20,21,5,15,0,2,9,5,0,1,2,9,0,2,1,1,8
5,15,20,21,5,15,0,2,10,4,1,2,1,4,1,2,1,1,11
5,15,20,21,5,15,0,2,11,3,1,2,1,3,1,2,1,1,7
5,15,20,21,5,15,0,2,12,5,0,1,2,12,0,2,10,1,10
5,15,20,21,5,15,0,2,13,5,0,1,2,13,0,2,11,1,10
5,16,21,22,5,5,0,2,1,3,1,2,1,3,1,2,1,1,15
5,16,21,22,5,5,0,2,2,16,0,1,1,16,0,1,1,1,8
5,16,21,22,5,5,0,2,3,16,0,1,1,16,0,1,1,1,14
5,16,21,22,5,16,0,2,1,5,0,1,1,5,0,1,1,1,15
5,16,21,22,5,16,0,2,2,5,0,1,2,13,1,2,11,1,7
5,16,21,22,5,16,0,2,3,5,0,1,2,5,0,1,3,1,12
5,16,21,22,5,16,0,2,4,4,0,2,2,4,0,2,2,1,11
5,16,21,22,5,16,0,2,5,5,0,1,2,5,0,2,3,1,10
5,16,21,22,5,16,0,2,6,5,0,1,2,5,0,1,3,1,11
5,16,21,22,5,16,0,2,7,5,0,1,2,5,0,1,3,1,13
5,16,21,22,5,16,0,2,8,5,0,1,2,7,1,2,1,1,10
5,16,21,22,5,16,0,2,9,5,0,1,2,6,1,2,1,1,8
5,16,21,22,5,16,0,2,10,5,0,1,2,5,1,2,1,1,10
5,16,21,22,5,16,0,2,11,4,1,2,1,4,1,2,1,1,12
5,16,21,22,5,16,0,2,12,3,1,2,1,3,1,2,1,1,10
5,16,21,22,5,16,0,2,13,5,0,1,2,13,0,2,11,1,10
5,16,21,22,5,16,0,2,14,5,0,1,2,5,0,1,3,1,13
5,17,22,23,5,5,0,2,1,3,1,2,1,17,0,1,16,0,17
5,17,22,23,5,5,0,2,2,17,0,1,2,17,0,1,2,2,10
5,17,22,23,5,5,0,2,3,17,0,1,1,17,0,1,1,1,13
5,17,22,23,5,17,0,2,1,5,0,1,2,5,0,1,3,1,15
5,17,22,23,5,17,0,2,2,5,0,1,2,14,1,2,12,1,11
5,17,22,23,5,17,0,2,3,5,0,1,2,13,1,2,1,1,12
5,17,22,23,5,17,0,2,4,4,0,2,2,4,0,2,2,1,11
5,17,22,23,5,17,0,2,5,5,0,1,2,5,0,2,3,1,7
5,17,22,23,5,17,0,2,6,5,0,1,2,10,1,2,1,1,10
5,17,22,23,5,17,0,2,7,5,0,1,2,7,0,2,5,1,9
5,17,22,23,5,17,0,2,8,5,0,1,2,8,0,2,6,1,8
5,17,22,23,5,17,0,2,9,5,0,1,2,7,1,2,5,1,9
5,17,22,23,5,17,0,2,10,5,0,1,2,10,0,2,8,1,7
5,17,22,23,5,17,0,2,11,5,0,1,2,5,1,2,1,1,11
5,17,22,23,5,17,0,2,12,4,1,2,2,4,1,2,2,1,8
5,17,22,23,5,17,0,2,13,3,1,2,1,3,1,2,1,1,12
5,17,22,23,5,17,0,2,14,5,0,1,2,14,0,2,12,1,12
5,17,22,23,5,17,0,2,15,5,0,1,2,15,0,2,13,1,10
5,18,23,24,5,5,0,2,1,3,1,2,1,3,1,2,1,1,17
5,18,23,24,5,5,0,2,2,18,0,1,1,18,0,1,1,1,10
5,18,23,24,5,5,0,2,3,18,0,1,1,18,0,1,1,1,16
5,18,23,24,5,18,0,2,1,5,0,1,1,5,0,1,1,1,17
5,18,23,24,5,18,0,2,2,5,0,1,2,15,1,2,13,1,8
5,18,23,24,5,18,0,2,3,5,0,1,2,5,0,1,3,1,14
5,18,23,24,5,18,0,2,4,4,0,2,1,4,0,2,1,1,15
5,18,23,24,5,18,0,2,5,5,0,1,2,5,0,2,1,1,14
5,18,23,24,5,18,0,2,6,5,0,1,2,5,0,1,3,1,14
5,18,23,24,5,18,0,2,7,5,0,1,2,7,0,2,5,1,12
5,18,23,24,5,18,0,2,8,5,0,1,2,8,0,2,1,1,13
5,18,23,24,5,18,0,2,9,5,0,1,2,5,0,1,3,1,14
5,18,23,24,5,18,0,2,10,5,0,1,2,7,1,2,1,1,13
5,18,23,24,5,18,0,2,11,5,0,1,2,6,1,2,4,1,13
5,18,23,24,5,18,0,2,12,5,0,1,2,5,0,1,3,1,14
5,18,23,24,5,18,0,2,13,4,1,2,1,4,1,2,1,1,13
5,18,23,24,5,18,0,2,14,3,1,2,1,3,1,2,1,1,14
5,18,23,24,5,18,0,2,15,5,0,1,2,15,0,2,1,1,14
5,18,23,24,5,18,0,2,16,5,0,1,2,16,0,2,14,1,14
5,19,24,25,5,5,0,2,1,3,1,2,1,3,1,2,1,1,18
5,19,24,25,5,5,0,2,2,19,0,1,2,19,0,1,2,2,14
5,19,24,25,5,5,0,2,3,19,0,1,1,19,0,1,1,1,16
5,19,24,25,5,19,0,2,1,5,0,1,2,5,0,1,3,1,17
5,19,24,25,5,19,0,2,2,5,0,1,2,16,1,2,14,1,14
5,19,24,25,5,19,0,2,3,5,0,1,2,15,1,2,1,1,14
5,19,24,25,5,19,0,2,4,4,0,2,2,4,0,2,2,1,15
5,19,24,25,5,19,0,2,5,5,0,1,2,5,0,2,3,1,6
5,19,24,25,5,19,0,2,6,5,0,1,2,6,0,2,4,1,14
5,19,24,25,5,19,0,2,7,5,0,1,2,7,0,2,5,1,14
5,19,24,25,5,19,0,2,8,5,0,1,2,8,0,2,6,1,9
5,19,24,25,5,19,0,2,9,5,0,1,2,9,0,2,7,1,14
5,19,24,25,5,19,0,2,10,5,0,1,2,8,1,2,6,1,8
5,19,24,25,5,19,0,2,11,5,0,1,2,11,0,2,9,1,9
5,19,24,25,5,19,0,2,12,5,0,1,2,6,1,2,1,1,14
5,19,24,25,5,19,0,2,13,5,0,1,2,5,0,1,2,2,6
5,19,24,25,5,19,0,2,14,4,1,2,2,4,1,2,2,1,10
5,19,24,25,5,19,0,2,15,3,1,2,1,3,1,2,1,1,14
5,19,24,25,5,19,0,2,16,5,0,1,2,16,0,2,14,1,10
5,19,24,25,5,19,0,2,17,5,0,1,2,17,0,2,15,1,13
5,20,25,26,5,5,0,2,1,3,1,2,1,3,1,2,1,1,19
5,20,25,26,5,5,0,2,2,20,0,1,1,20,0,1,1,1,14
5,20,25,26,5,5,0,2,3,20,0,1,1,20,0,1,1,1,18
5,20,25,26,5,20,0,2,1,5,0,1,1,5,0,1,1,1,19
5,20,25,26,5,20,0,2,2,5,0,1,2,17,1,2,15,1,12
5,20,25,26,5,20,0,2,3,5,0,1,2,5,0,1,3,1,16
5,20,25,26,5,20,0,2,4,4,0,2,1,4,0,2,1,1,16
5,20,25,26,5,20,0,2,5,5,0,1,2,5,0,2,3,1,15
5,20,25,26,5,20,0,2,6,5,0,1,2,5,0,1,3,1,16
5,20,25,26,5,20,0,2,7,5,0,1,2,7,0,2,1,1,16
5,20,25,26,5,20,0,2,8,5,0,1,2,8,0,2,6,1,15
5,20,25,26,5,20,0,2,9,5,0,1,2,9,0,2,1,1,16
5,20,25,26,5,20,0,2,10,5,0,1,2,9,1,2,1,1,16
5,20,25,26,5,20,0,2,11,5,0,1,2,8,1,2,1,1,16
5,20,25,26,5,20,0,2,12,5,0,1,2,7,1,2,1,1,16
5,20,25,26,5,20,0,2,13,5,0,1,2,5,0,1,3,1,16
5,20,25,26,5,20,0,2,14,5,0,1,2,5,1,2,1,1,16
5,20,25,26,5,20,0,2,15,4,1,2,1,4,1,2,1,1,15
5,20,25,26,5,20,0,2,16,3,1,2,1,3,1,2,1,1,15
5,20,25,26,5,20,0,2,17,5,0,1,2,17,0,2,1,1,16
5,20,25,26,5,20,0,2,18,5,0,1,2,18,0,2,16,1,16
5,21,26,27,5,5,0,2,1,3,1,2,1,21,0,1,20,0,21
5,21,26,27,5,5,0,2,2,21,0,1,2,21,0,1,2,2,15
5,21,26,27,5,5,0,2,3,21,0,1,1,21,0,1,1,1,18
5,21,26,27,5,21,0,2,1,5,0,1,2,5,0,1,3,1,19
5,21,26,27,5,21,0,2,2,5,0,1,2,18,1,2,16,1,15
5,21,26,27,5,21,0,2,3,5,0,1,2,17,1,2,1,1,16
5,21,26,27,5,21,0,2,4,4,0,2,2,4,0,2,2,1,15
5,21,26,27,5,21,0,2,5,5,0,1,2,5,0,2,3,1,8
5,21,26,27,5,21,0,2,6,5,0,1,2,6,0,2,4,1,14
5,21,26,27,5,21,0,2,7,5,0,1,2,7,0,2,5,1,13
5,21,26,27,5,21,0,2,8,5,0,1,2,8,0,2,6,1,11
5,21,26,27,5,21,0,2,9,5,0,1,2,9,0,2,7,1,12
5,21,26,27,5,21,0,2,10,5,0,1,2,10,0,2,8,1,14
5,21,26,27,5,21,0,2,11,5,0,1,2,9,1,2,1,1,13
5,21,26,27,5,21,0,2,12,5,0,1,2,12,0,2,10,1,11
5,21,26,27,5,21,0,2,13,5,0,1,2,7,1,2,1,1,16
5,21,26,27,5,21,0,2,14,5,0,1,2,6,1,2,1,1,10
5,21,26,27,5,21,0,2,15,5,0,1,2,15,0,2,13,1,14
5,21,26,27,5,21,0,2,16,4,1,2,2,4,1,2,2,1,13
5,21,26,27,5,21,0,2,17,5,0,1,2,17,0,2,15,1,11
5,21,26,27,5,21,0,2,18,5,0,1,2,18,0,2,16,1,16
5,21,26,27,5,21,0,2,19,5,0,1,2,19,0,2,17,1,16
5,22,27,28,5,5,0,2,1,3,1,2,1,3,1,2,1,1,21
5,22,27,28,5,5,0,2,2,22,0,1,1,22,0,1,1,1,13
5,22,27,28,5,5,0,2,3,22,0,1,1,22,0,1,1,1,20
5,22,27,28,5,22,0,2,1,5,0,1,1,5,0,1,1,1,21
5,22,27,28,5,22,0,2,2,5,0,1,2,19,1,2,17,1,11
5,22,27,28,5,22,0,2,3,5,0,1,2,5,0,1,3,1,18
5,22,27,28,5,22,0,2,4,4,0,2,2,4,0,2,2,1,17
5,22,27,28,5,22,0,2,5,5,0,1,2,5,0,2,3,1,17
5,22,27,28,5,22,0,2,6,5,0,1,2,5,0,1,3,1,18
5,22,27,28,5,22,0,2,7,5,0,1,2,7,0,2,5,1,17
5,22,27,28,5,22,0,2,8,5,0,1,2,8,0,2,6,1,16
5,22,27,28,5,22,0,2,9,5,0,1,2,9,0,2,7,1,16
5,22,27,28,5,22,0,2,10,5,0,1,2,10,0,2,1,1,18
5,22,27,28,5,22,0,2,11,5,0,1,2,10,1,2,1,1,16
5,22,27,28,5,22,0,2,12,5,0,1,2,9,1,2,1,1,16
5,22,27,28,5,22,0,2,13,5,0,1,2,8,1,2,1,1,18
5,22,27,28,5,22,0,2,14,5,0,1,2,5,0,1,3,1,18
5,22,27,28,5,22,0,2,15,5,0,1,2,6,1,2,1,1,17
5,22,27,28,5,22,0,2,16,5,0,1,2,5,1,2,1,1,17
5,22,27,28,5,22,0,2,17,4,1,2,1,4,1,2,1,1,17
5,22,27,28,5,22,0,2,18,3,1,2,1,3,1,2,1,1,17
5,22,27,28,5,22,0,2,19,5,0,1,2,19,0,2,17,1,17
5,22,27,28,5,22,0,2,20,5,0,1,2,20,0,2,18,1,18
5,23,28,29,5,5,0,2,1,3,1,2,0,3,1,2,0,0,23
5,23,28,29,5,5,0,2,2,23,0,1,2,23,0,1,2,2,17
5,23,28,29,5,5,0,2,3,23,0,1,1,23,0,1,1,1,20
5,23,28,29,5,23,0,2,1,5,0,1,2,21,1,2,0,0,22
5,23,28,29,5,23,0,2,2,5,0,1,2,20,1,2,18,1,17
5,23,28,29,5,23,0,2,3,5,0,1,2,19,1,2,1,1,18
5,23,28,29,5,23,0,2,4,4,0,2,2,4,0,2,2,1,18
5,23,28,29,5,23,0,2,5,5,0,1,2,5,0,2,3,1,10
5,23,28,29,5,23,0,2,6,5,0,1,2,6,0,2,4,1,18
5,23,28,29,5,23,0,2,7,5,0,1,2,7,0,2,5,1,18
5,23,28,29,5,23,0,2,8,5,0,1,2,8,0,2,6,1,12
5,23,28,29,5,23,0,2,9,5,0,1,2,9,0,2,7,1,18
5,23,28,29,5,23,0,2,10,5,0,1,2,10,0,2,8,1,16
5,23,28,29,5,23,0,2,11,5,0,1,2,11,0,2,9,1,16
5,23,28,29,5,23,0,2,12,5,0,1,2,10,1,2,8,1,15
5,23,28,29,5,23,0,2,13,5,0,1,2,13,0,2,11,1,14
5,23,28,29,5,23,0,2,14,5,0,1,2,8,1,2,1,1,18
5,23,28,29,5,23,0,2,15,5,0,1,2,7,1,2,5,1,12
5,23,28,29,5,23,0,2,16,5,0,1,2,6,1,2,1,1,17
5,23,28,29,5,23,0,2,17,5,0,1,2,5,1,2,1,1,18
5,23,28,29,5,23,0,2,18,4,1,2,2,4,1,2,2,1,16
5,23,28,29,5,23,0,2,19,3,1,2,1,3,1,2,1,1,18
5,23,28,29,5,23,0,2,20,5,0,1,2,20,0,2,18,1,18
5,23,28,29,5,23,0,2,21,5,0,1,2,21,0,2,19,1,17
5,24,29,30,5,5,0,2,1,3,1,2,1,3,1,2,1,1,23
5,24,29,30,5,5,0,2,2,24,0,1,1,24,0,1,1,1,17
5,24,29,30,5,5,0,2,3,24,0,1,1,24,0,1,1,1,22
5,24,29,30,5,24,0,2,1,5,0,1,1,5,0,1,1,1,23
5,24,29,30,5,24,0,2,2,5,0,1,2,21,1,2,19,1,15
5,24,29,30,5,24,0,2,3,3,0,2,1,3,0,2,1,1,21
5,24,29,30,5,24,0,2,4,4,0,2,1,4,0,2,1,1,21
5,24,29,30,5,24,0,2,5,5,0,1,2,5,0,2,1,1,20
5,24,29,30,5,24,0,2,6,5,0,1,2,5,0,1,3,1,21
5,24,29,30,5,24,0,2,7,5,0,1,2,7,0,2,1,1,20
5,24,29,30,5,24,0,2,8,5,0,1,2,8,0,2,1,1,20
5,24,29,30,5,24,0,2,9,5,0,1,2,5,0,1,3,1,21
5,24,29,30,5,24,0,2,10,5,0,1,2,10,0,2,8,1,19
5,24,29,30,5,24,0,2,11,5,0,1,2,11,0,2,1,1,20
5,24,29,30,5,24,0,2,12,5,0,1,2,11,1,2,1,1,19
5,24,29,30,5,24,0,2,13,5,0,1,2,10,1,2,1,1,19
5,24,29,30,5,24,0,2,14,5,0,1,2,9,1,2,1,1,20
5,24,29,30,5,24,0,2,15,5,0,1,2,8,1,2,1,1,19
5,24,29,30,5,24,0,2,16,5,0,1,2,7,1,2,1,1,20
5,24,29,30,5,24,0,2,17,5,0,1,2,6,1,2,1,1,20
5,24,29,30,5,24,0,2,18,5,0,1,2,5,1,2,1,1,20
5,24,29,30,5,24,0,2,19,4,1,2,1,4,1,2,1,1,20
5,24,29,30,5,24,0,2,20,3,1,2,1,3,1,2,1,1,20
5,24,29,30,5,24,0,2,21,5,0,1,2,21,0,2,1,1,20
5,24,29,30,5,24,0,2,22,5,0,1,2,22,0,2,1,1,21
5,25,30,31,5,5,0,2,1,3,1,2,1,3,1,2,1,1,24
5,25,30,31,5,5,0,2,2,25,0,1,2,25,0,1,23,1,21
5,25,30,31,5,5,0,2,3,25,0,1,1,25,0,1,1,1,22
5,25,30,31,5,25,0,2,1,5,0,1,2,5,0,1,3,1,23
5,25,30,31,5,25,0,2,2,5,0,1,2,22,1,2,1,1,21
5,25,30,31,5,25,0,2,3,5,0,1,2,21,1,2,1,1,20
5,25,30,31,5,25,0,2,4,4,0,2,2,4,0,2,2,1,21
5,25,30,31,5,25,0,2,5,5,0,1,2,5,0,2,3,1,12
5,25,30,31,5,25,0,2,6,5,0,1,2,6,0,2,4,1,20
5,25,30,31,5,25,0,2,7,5,0,1,2,7,0,2,5,1,19
5,25,30,31,5,25,0,2,8,5,0,1,2,8,0,2,6,1,13
5,25,30,31,5,25,0,2,9,5,0,1,2,9,0,2,7,1,18
5,25,30,31,5,25,0,2,10,5,0,1,2,10,0,2,8,1,18
5,25,30,31,5,25,0,2,11,5,0,1,2,11,0,2,9,1,16
5,25,30,31,5,25,0,2,12,5,0,1,2,12,0,2,10,1,20
5,25,30,31,5,25,0,2,13,5,0,1,2,11,1,2,9,1,16
5,25,30,31,5,25,0,2,14,5,0,1,2,14,0,2,12,1,17
5,25,30,31,5,25,0,2,15,5,0,1,2,9,1,2,1,1,20
5,25,30,31,5,25,0,2,16,5,0,1,2,8,1,2,6,1,14
5,25,30,31,5,25,0,2,17,5,0,1,2,7,1,2,5,1,18
5,25,30,31,5,25,0,2,18,5,0,1,2,6,1,2,1,1,20
5,25,30,31,5,25,0,2,19,5,0,1,2,19,0,2,17,1,18
5,25,30,31,5,25,0,2,20,4,1,2,2,4,1,2,2,1,18
5,25,30,31,5,25,0,2,21,3,1,2,1,3,1,2,1,1,20
5,25,30,31,5,25,0,2,22,5,0,1,2,22,0,2,20,1,20
5,25,30,31,5,25,0,2,23,5,0,1,2,23,0,2,21,1,19
5,26,31,32,5,5,0,2,1,3,1,2,1,3,1,2,1,1,25
5,26,31,32,5,5,0,2,2,26,0,1,1,26,0,1,1,1,20
5,26,31,32,5,5,0,2,3,26,0,1,1,26,0,1,1,1,24
5,26,31,32,5,26,0,2,1,5,0,1,1,5,0,1,1,1,25
5,26,31,32,5,26,0,2,2,5,0,1,2,23,1,2,21,1,18
5,26,31,32,5,26,0,2,3,5,0,1,2,5,0,1,3,1,22
5,26,31,32,5,26,0,2,4,4,0,2,1,4,0,2,1,1,23
5,26,31,32,5,26,0,2,5,5,0,1,2,5,0,2,3,1,21
5,26,31,32,5,26,0,2,6,5,0,1,2,5,0,1,3,1,22
5,26,31,32,5,26,0,2,7,5,0,1,2,7,0,2,1,1,22
5,26,31,32,5,26,0,2,8,5,0,1,2,8,0,2,6,1,21
5,26,31,32,5,26,0,2,9,5,0,1,2,9,0,2,7,1,21
5,26,31,32,5,26,0,2,10,5,0,1,2,10,0,2,1,1,22
5,26,31,32,5,26,0,2,11,5,0,1,2,11,0,2,9,1,21
5,26,31,32,5,26,0,2,12,5,0,1,2,12,0,2,1,1,22
5,26,31,32,5,26,0,2,13,5,0,1,2,12,1,2,1,1,21
5,26,31,32,5,26,0,2,14,5,0,1,2,11,1,2,1,1,21
5,26,31,32,5,26,0,2,15,5,0,1,2,10,1,2,1,1,22
5,26,31,32,5,26,0,2,16,5,0,1,2,9,1,2,1,1,21
5,26,31,32,5,26,0,2,17,5,0,1,2,8,1,2,1,1,22
5,26,31,32,5,26,0,2,18,5,0,1,2,7,1,2,1,1,21
5,26,31,32,5,26,0,2,19,5,0,1,2,6,1,2,1,1,21
5,26,31,32,5,26,0,2,20,5,0,1,2,5,1,2,1,1,22
5,26,31,32,5,26,0,2,21,4,1,2,1,4,1,2,1,1,21
5,26,31,32,5,26,0,2,22,3,1,2,1,3,1,2,1,1,21
5,26,31,32,5,26,0,2,23,5,0,1,2,23,0,2,1,1,22
5,26,31,32,5,26,0,2,24,5,0,1,2,24,0,2,22,1,22
5,27,32,33,5,5,0,2,1,3,1,2,1,27,0,1,26,0,27
5,27,32,33,5,5,0,2,2,27,0,1,2,27,0,1,2,2,21
5,27,32,33,5,5,0,2,3,27,0,1,1,27,0,1,1,1,24
5,27,32,33,5,27,0,2,1,5,0,1,2,5,0,1,3,1,25
5,27,32,33,5,27,0,2,2,5,0,1,2,24,1,2,22,1,21
5,27,32,33,5,27,0,2,3,5,0,1,2,23,1,2,1,1,22
5,27,32,33,5,27,0,2,4,4,0,2,2,4,0,2,2,1,22
5,27,32,33,5,27,0,2,5,5,0,1,2,5,0,2,3,1,12
5,27,32,33,5,27,0,2,6,5,0,1,2,6,0,2,4,1,22
5,27,32,33,5,27,0,2,7,5,0,1,2,7,0,2,5,1,20
5,27,32,33,5,27,0,2,8,5,0,1,2,8,0,2,6,1,14
5,27,32,33,5,27,0,2,9,5,0,1,2,9,0,2,7,1,21
5,27,32,33,5,27,0,2,10,5,0,1,2,10,0,2,8,1,21
5,27,32,33,5,27,0,2,11,5,0,1,2,11,0,2,9,1,19
5,27,32,33,5,27,0,2,12,5,0,1,2,12,0,2,10,1,18
5,27,32,33,5,27,0,2,13,5,0,1,2,13,0,2,11,1,21
5,27,32,33,5,27,0,2,14,5,0,1,2,12,1,2,1,1,20
5,27,32,33,5,27,0,2,15,5,0,1,2,15,0,2,13,1,16
5,27,32,33,5,27,0,2,16,5,0,1,2,10,1,2,8,1,21
5,27,32,33,5,27,0,2,17,5,0,1,2,9,1,2,7,1,17
5,27,32,33,5,27,0,2,18,5,0,1,2,18,0,2,16,1,18
5,27,32,33,5,27,0,2,19,5,0,1,2,7,1,2,5,1,21
5,27,32,33,5,27,0,2,20,5,0,1,2,6,1,2,4,1,20
5,27,32,33,5,27,0,2,21,5,0,1,2,21,0,2,19,1,20
5,27,32,33,5,27,0,2,22,4,1,2,2,4,1,2,2,1,21
5,27,32,33,5,27,0,2,23,5,0,1,2,23,0,2,21,1,21
5,27,32,33,5,27,0,2,24,5,0,1,2,24,0,2,22,1,22
5,27,32,33,5,27,0,2,25,5,0,1,2,25,0,2,23,1,22
5,28,33,34,5,5,0,2,1,3,1,2,1,3,1,2,1,1,27
5,28,33,34,5,5,0,2,2,28,0,1,1,28,0,1,1,1,18
5,28,33,34,5,5,0,2,3,28,0,1,1,28,0,1,1,1,26
5,28,33,34,5,28,0,2,1,5,0,1,1,5,0,1,1,1,27
5,28,33,34,5,28,0,2,2,5,0,1,2,25,1,2,23,1,16
5,28,33,34,5,28,0,2,3,5,0,1,2,5,0,1,3,1,24
5,28,33,34,5,28,0,2,4,4,0,2,2,4,0,2,2,1,23
5,28,33,34,5,28,0,2,5,5,0,1,2,5,0,2,1,1,24
5,28,33,34,5,28,0,2,6,5,0,1,2,5,0,1,3,1,24
5,28,33,34,5,28,0,2,7,5,0,1,2,7,0,2,5,1,23
5,28,33,34,5,28,0,2,8,5,0,1,2,8,0,2,1,1,24
5,28,33,34,5,28,0,2,9,5,0,1,2,9,0,2,7,1,23
5,28,33,34,5,28,0,2,10,5,0,1,2,10,0,2,8,1,23
5,28,33,34,5,28,0,2,11,5,0,1,2,11,0,2,1,1,24
5,28,33,34,5,28,0,2,12,5,0,1,2,12,0,2,10,1,23
5,28,33,34,5,28,0,2,13,5,0,1,2,13,0,2,1,1,24
5,28,33,34,5,28,0,2,14,5,0,1,2,13,1,2,1,1,23
5,28,33,34,5,28,0,2,15,5,0,1,2,12,1,2,1,1,23
5,28,33,34,5,28,0,2,16,5,0,1,2,11,1,2,1,1,24
5,28,33,34,5,28,0,2,17,5,0,1,2,10,1,2,1,1,23
5,28,33,34,5,28,0,2,18,5,0,1,2,9,1,2,1,1,24
5,28,33,34,5,28,0,2,19,5,0,1,2,8,1,2,1,1,23
5,28,33,34,5,28,0,2,20,5,0,1,2,7,1,2,1,1,23
5,28,33,34,5,28,0,2,21,5,0,1,2,6,1,2,1,1,24
5,28,33,34,5,28,0,2,22,5,0,1,2,5,1,2,1,1,23
5,28,33,34,5,28,0,2,23,4,1,2,1,4,1,2,1,1,23
5,28,33,34,5,28,0,2,24,3,1,2,1,3,1,2,1,1,24
5,28,33,34,5,28,0,2,25,5,0,1,2,25,0,2,23,1,23
5,28,33,34,5,28,0,2,26,5,0,1,2,26,0,2,24,1,24
5,29,34,35,5,5,0,2,1,3,1,2,0,3,1,2,0,0,29
5,29,34,35,5,5,0,2,2,29,0,1,2,29,0,1,2,2,23
5,29,34,35,5,5,0,2,3,29,0,1,1,29,0,1,1,1,26
5,29,34,35,5,29,0,2,1,5,0,1,2,27,1,2,0,0,28
5,29,34,35,5,29,0,2,2,5,0,1,2,26,1,2,24,1,24
5,29,34,35,5,29,0,2,3,5,0,1,2,25,1,2,1,1,24
5,29,34,35,5,29,0,2,4,4,0,2,2,4,0,2,2,1,24
5,29,34,35,5,29,0,2,5,5,0,1,2,5,0,2,3,1,15
5,29,34,35,5,29,0,2,6,5,0,1,2,6,0,2,4,1,24
5,29,34,35,5,29,0,2,7,5,0,1,2,7,0,2,5,1,24
5,29,34,35,5,29,0,2,8,5,0,1,2,8,0,2,6,1,18
5,29,34,35,5,29,0,2,9,5,0,1,2,9,0,2,7,1,24
5,29,34,35,5,29,0,2,10,5,0,1,2,10,0,2,8,1,23
5,29,34,35,5,29,0,2,11,5,0,1,2,11,0,2,9,1,21
5,29,34,35,5,29,0,2,12,5,0,1,2,12,0,2,10,1,24
5,29,34,35,5,29,0,2,13,5,0,1,2,13,0,2,11,1,22
5,29,34,35,5,29,0,2,14,5,0,1,2,14,0,2,12,1,22
5,29,34,35,5,29,0,2,15,5,0,1,2,13,1,2,11,1,22
5,29,34,35,5,29,0,2,16,5,0,1,2,16,0,2,14,1,20
5,29,34,35,5,29,0,2,17,5,0,1,2,11,1,2,1,1,24
5,29,34,35,5,29,0,2,18,5,0,1,2,10,1,2,8,1,19
5,29,34,35,5,29,0,2,19,5,0,1,2,9,1,2,1,1,23
5,29,34,35,5,29,0,2,20,5,0,1,2,8,1,2,6,1,22
5,29,34,35,5,29,0,2,21,5,0,1,2,7,1,2,5,1,23
5,29,34,35,5,29,0,2,22,5,0,1,2,6,1,2,1,1,23
5,29,34,35,5,29,0,2,23,5,0,1,2,23,0,2,21,1,22
5,29,34,35,5,29,0,2,24,4,1,2,2,4,1,2,2,1,23
5,29,34,35,5,29,0,2,25,3,1,2,1,3,1,2,1,1,24
5,29,34,35,5,29,0,2,26,5,0,1,2,26,0,2,24,1,24
5,29,34,35,5,29,0,2,27,5,0,1,2,27,0,2,25,1,24
5,30,35,36,5,5,0,2,1,3,1,2,1,3,1,2,1,1,29
5,30,35,36,5,5,0,2,2,30,0,1,1,30,0,1,1,1,24
5,30,35,36,5,5,0,2,3,30,0,1,1,30,0,1,1,1,28
5,30,35,36,5,30,0,2,1,5,0,1,1,5,0,1,1,1,29
5,30,35,36,5,30,0,2,2,5,0,1,2,27,1,2,25,1,22
5,30,35,36,5,30,0,2,3,3,0,2,1,3,0,2,1,1,27
5,30,35,36,5,30,0,2,4,4,0,2,1,4,0,2,1,1,27
5,30,35,36,5,30,0,2,5,5,0,1,2,5,0,2,1,1,26
5,30,35,36,5,30,0,2,6,5,0,1,2,5,0,1,3,1,27
5,30,35,36,5,30,0,2,7,5,0,1,2,7,0,2,1,1,26
5,30,35,36,5,30,0,2,8,5,0,1,2,8,0,2,1,1,26
5,30,35,36,5,30,0,2,9,5,0,1,2,9,0,2,1,1,26
5,30,35,36,5,30,0,2,10,5,0,1,2,10,0,2,1,1,26
5,30,35,36,5,30,0,2,11,5,0,1,2,11,0,2,1,1,26
5,30,35,36,5,30,0,2,12,5,0,1,2,12,0,2,1,1,26
5,30,35,36,5,30,0,2,13,5,0,1,2,13,0,2,11,1,25
5,30,35,36,5,30,0,2,14,5,0,1,2,14,0,2,1,1,26
5,30,35,36,5,30,0,2,15,5,0,1,2,14,1,2,1,1,25
5,30,35,36,5,30,0,2,16,5,0,1,2,13,1,2,1,1,25
5,30,35,36,5,30,0,2,17,5,0,1,2,12,1,2,1,1,26
5,30,35,36,5,30,0,2,18,5,0,1,2,11,1,2,1,1,25
5,30,35,36,5,30,0,2,19,5,0,1,2,10,1,2,1,1,26
5,30,35,36,5,30,0,2,20,5,0,1,2,9,1,2,1,1,26
5,30,35,36,5,30,0,2,21,5,0,1,2,8,1,2,1,1,26
5,30,35,36,5,30,0,2,22,5,0,1,2,7,1,2,1,1,26
5,30,35,36,5,30,0,2,23,5,0,1,2,6,1,2,1,1,26
5,30,35,36,5,30,0,2,24,5,0,1,2,5,1,2,1,1,26
5,30,35,36,5,30,0,2,25,4,1,2,1,4,1,2,1,1,26
5,30,35,36,5,30,0,2,26,3,1,2,1,3,1,2,1,1,26
5,30,35,36,5,30,0,2,27,5,0,1,2,27,0,2,1,1,26
5,30,35,36,5,30,0,2,28,5,0,1,2,28,0,2,1,1,27
5,31,36,37,5,5,0,2,1,3,1,2,1,3,1,2,1,1,30
5,31,36,37,5,5,0,2,2,31,0,1,2,31,0,1,29,1,26
5,31,36,37,5,5,0,2,3,31,0,1,1,31,0,1,1,1,28
5,31,36,37,5,31,0,2,1,5,0,1,2,5,0,1,3,1,29
5,31,36,37,5,31,0,2,2,5,0,1,2,28,1,2,1,1,27
5,31,36,37,5,31,0,2,3,5,0,1,2,27,1,2,1,1,26
5,31,36,37,5,31,0,2,4,4,0,2,2,4,0,2,2,1,27
5,31,36,37,5,31,0,2,5,5,0,1,2,5,0,2,3,1,20
5,31,36,37,5,31,0,2,6,5,0,1,2,6,0,2,4,1,26
5,31,36,37,5,31,0,2,7,5,0,1,2,7,0,2,5,1,25
5,31,36,37,5,31,0,2,8,5,0,1,2,8,0,2,6,1,22
5,31,36,37,5,31,0,2,9,5,0,1,2,9,0,2,7,1,24
5,31,36,37,5,31,0,2,10,5,0,1,2,10,0,2,8,1,24
5,31,36,37,5,31,0,2,11,5,0,1,2,11,0,2,9,1,23
5,31,36,37,5,31,0,2,12,5,0,1,2,12,0,2,10,1,24
5,31,36,37,5,31,0,2,13,5,0,1,2,13,0,2,11,1,24
5,31,36,37,5,31,0,2,14,5,0,1,2,14,0,2,12,1,24
5,31,36,37,5,31,0,2,15,5,0,1,2,15,0,2,13,1,24
5,31,36,37,5,31,0,2,16,5,0,1,2,14,1,2,12,1,23
5,31,36,37,5,31,0,2,17,5,0,1,2,17,0,2,15,1,22
5,31,36,37,5,31,0,2,18,5,0,1,2,12,1,2,1,1,26
5,31,36,37,5,31,0,2,19,5,0,1,2,11,1,2,9,1,21
5,31,36,37,5,31,0,2,20,5,0,1,2,10,1,2,8,1,24
5,31,36,37,5,31,0,2,21,5,0,1,2,9,1,2,1,1,25
5,31,36,37,5,31,0,2,22,5,0,1,2,8,1,2,6,1,24
5,31,36,37,5,31,0,2,23,5,0,1,2,7,1,2,5,1,24
5,31,36,37,5,31,0,2,24,5,0,1,2,6,1,2,1,1,25
5,31,36,37,5,31,0,2,25,5,0,1,2,25,0,2,23,1,24
5,31,36,37,5,31,0,2,26,4,1,2,2,4,1,2,2,1,25
5,31,36,37,5,31,0,2,27,5,0,1,2,27,0,2,25,1,25
5,31,36,37,5,31,0,2,28,5,0,1,2,28,0,2,26,1,26
5,31,36,37,5,31,0,2,29,5,0,1,2,29,0,2,27,1,26
5,32,37,38,5,5,0,2,1,3,1,2,1,3,1,2,1,1,31
5,32,37,38,5,5,0,2,2,32,0,1,1,32,0,1,1,1,24
5,32,37,38,5,5,0,2,3,32,0,1,1,32,0,1,1,1,30
5,32,37,38,5,32,0,2,1,5,0,1,1,5,0,1,1,1,31
5,32,37,38,5,32,0,2,2,5,0,1,2,29,1,2,27,1,22
5,32,37,38,5,32,0,2,3,5,0,1,2,5,0,1,3,1,28
5,32,37,38,5,32,0,2,4,4,0,2,1,4,0,2,1,1,29
5,32,37,38,5,32,0,2,5,5,0,1,2,5,0,2,3,1,27
5,32,37,38,5,32,0,2,6,5,0,1,2,5,0,1,3,1,28
5,32,37,38,5,32,0,2,7,5,0,1,2,7,0,2,1,1,28
5,32,37,38,5,32,0,2,8,5,0,1,2,8,0,2,6,1,27
5,32,37,38,5,32,0,2,9,5,0,1,2,9,0,2,7,1,27
5,32,37,38,5,32,0,2,10,5,0,1,2,10,0,2,1,1,28
5,32,37,38,5,32,0,2,11,5,0,1,2,11,0,2,9,1,27
5,32,37,38,5,32,0,2,12,5,0,1,2,12,0,2,10,1,27
5,32,37,38,5,32,0,2,13,5,0,1,2,13,0,2,1,1,28
5,32,37,38,5,32,0,2,14,5,0,1,2,14,0,2,12,1,27
5,32,37,38,5,32,0,2,15,5,0,1,2,15,0,2,1,1,28
5,32,37,38,5,32,0,2,16,5,0,1,2,15,1,2,1,1,27
5,32,37,38,5,32,0,2,17,5,0,1,2,14,1,2,1,1,27
5,32,37,38,5,32,0,2,18,5,0,1,2,13,1,2,1,1,28
5,32,37,38,5,32,0,2,19,5,0,1,2,12,1,2,1,1,27
5,32,37,38,5,32,0,2,20,5,0,1,2,11,1,2,1,1,28
5,32,37,38,5,32,0,2,21,5,0,1,2,10,1,2,1,1,27
5,32,37,38,5,32,0,2,22,5,0,1,2,9,1,2,1,1,27
5,32,37,38,5,32,0,2,23,5,0,1,2,8,1,2,1,1,28
5,32,37,38,5,32,0,2,24,5,0,1,2,7,1,2,1,1,27
5,32,37,38,5,32,0,2,25,5,0,1,2,6,1,2,1,1,27
5,32,37,38,5,32,0,2,26,5,0,1,2,5,1,2,1,1,28
5,32,37,38,5,32,0,2,27,4,1,2,1,4,1,2,1,1,27
5,32,37,38,5,32,0,2,28,3,1,2,1,3,1,2,1,1,27
5,32,37,38,5,32,0,2,29,5,0,1,2,29,0,2,1,1,28
5,32,37,38,5,32,0,2,30,5,0,1,2,30,0,2,28,1,28
5,33,38,39,5,5,0,2,1,3,1,2,1,33,0,1,32,0,33
5,33,38,39,5,5,0,2,2,33,0,1,2,33,0,1,2,2,27
5,33,38,39,5,5,0,2,3,33,0,1,1,33,0,1,1,1,30
5,33,38,39,5,33,0,2,1,5,0,1,2,5,0,1,3,1,31
5,33,38,39,5,33,0,2,2,5,0,1,2,30,1,2,28,1,27
5,33,38,39,5,33,0,2,3,5,0,1,2,29,1,2,1,1,28
5,33,38,39,5,33,0,2,4,4,0,2,2,4,0,2,2,1,28
5,33,38,39,5,33,0,2,5,5,0,1,2,5,0,2,3,1,18
5,33,38,39,5,33,0,2,6,5,0,1,2,6,0,2,4,1,28
5,33,38,39,5,33,0,2,7,5,0,1,2,7,0,2,5,1,26
5,33,38,39,5,33,0,2,8,5,0,1,2,8,0,2,6,1,22
5,33,38,39,5,33,0,2,9,5,0,1,2,9,0,2,7,1,27
5,33,38,39,5,33,0,2,10,5,0,1,2,10,0,2,8,1,26
5,33,38,39,5,33,0,2,11,5,0,1,2,11,0,2,9,1,24
5,33,38,39,5,33,0,2,12,5,0,1,2,12,0,2,10,1,27
5,33,38,39,5,33,0,2,13,5,0,1,2,13,0,2,11,1,26
5,33,38,39,5,33,0,2,14,5,0,1,2,14,0,2,12,1,26
5,33,38,39,5,33,0,2,15,5,0,1,2,15,0,2,13,1,24
5,33,38,39,5,33,0,2,16,5,0,1,2,16,0,2,14,1,26
5,33,38,39,5,33,0,2,17,5,0,1,2,15,1,2,13,1,25
5,33,38,39,5,33,0,2,18,5,0,1,2,18,0,2,16,1,21
5,33,38,39,5,33,0,2,19,5,0,1,2,13,1,2,11,1,27
5,33,38,39,5,33,0,2,20,5,0,1,2,12,1,2,10,1,23
5,33,38,39,5,33,0,2,21,5,0,1,2,11,1,2,9,1,24
5,33,38,39,5,33,0,2,22,5,0,1,2,10,1,2,8,1,27
5,33,38,39,5,33,0,2,23,5,0,1,2,9,1,2,7,1,26
5,33,38,39,5,33,0,2,24,5,0,1,2,24,0,2,22,1,24
5,33,38,39,5,33,0,2,25,5,0,1,2,7,1,2,5,1,27
5,33,38,39,5,33,0,2,26,5,0,1,2,6,1,2,4,1,26
5,33,38,39,5,33,0,2,27,5,0,1,2,27,0,2,25,1,26
5,33,38,39,5,33,0,2,28,4,1,2,2,4,1,2,2,1,27
5,33,38,39,5,33,0,2,29,5,0,1,2,29,0,2,27,1,27
5,33,38,39,5,33,0,2,30,5,0,1,2,30,0,2,28,1,28
5,33,38,39,5,33,0,2,31,5,0,1,2,31,0,2,29,1,28
5,34,39,40,5,5,0,2,1,3,1,2,1,3,1,2,1,1,33
5,34,39,40,5,5,0,2,2,34,0,1,1,34,0,1,1,1,27
5,34,39,40,5,5,0,2,3,34,0,1,1,34,0,1,1,1,32
5,34,39,40,5,34,0,2,1,5,0,1,1,5,0,1,1,1,33
5,34,39,40,5,34,0,2,2,5,0,1,2,31,1,2,29,1,25
5,34,39,40,5,34,0,2,3,5,0,1,2,5,0,1,3,1,30
5,34,39,40,5,34,0,2,4,4,0,2,2,4,0,2,2,1,29
5,34,39,40,5,34,0,2,5,5,0,1,2,5,0,2,1,1,30
5,34,39,40,5,34,0,2,6,5,0,1,2,5,0,1,3,1,30
5,34,39,40,5,34,0,2,7,5,0,1,2,7,0,2,5,1,29
5,34,39,40,5,34,0,2,8,5,0,1,2,8,0,2,1,1,30
5,34,39,40,5,34,0,2,9,5,0,1,2,9,0,2,7,1,29
5,34,39,40,5,34,0,2,10,5,0,1,2,10,0,2,8,1,29
5,34,39,40,5,34,0,2,11,5,0,1,2,11,0,2,1,1,30
5,34,39,40,5,34,0,2,12,5,0,1,2,12,0,2,10,1,29
5,34,39,40,5,34,0,2,13,5,0,1,2,13,0,2,11,1,29
5,34,39,40,5,34,0,2,14,5,0,1,2,14,0,2,1,1,30
5,34,39,40,5,34,0,2,15,5,0,1,2,15,0,2,13,1,29
5,34,39,40,5,34,0,2,16,5,0,1,2,16,0,2,1,1,30
5,34,39,40,5,34,0,2,17,5,0,1,2,16,1,2,1,1,30
5,34,39,40,5,34,0,2,18,5,0,1,2,15,1,2,1,1,30
5,34,39,40,5,34,0,2,19,5,0,1,2,14,1,2,1,1,30
5,34,39,40,5,34,0,2,20,5,0,1,2,13,1,2,1,1,29
5,34,39,40,5,34,0,2,21,5,0,1,2,12,1,2,1,1,30
5,34,39,40,5,34,0,2,22,5,0,1,2,11,1,2,1,1,29
5,34,39,40,5,34,0,2,23,5,0,1,2,10,1,2,1,1,29
5,34,39,40,5,34,0,2,24,5,0,1,2,9,1,2,1,1,30
5,34,39,40,5,34,0,2,25,5,0,1,2,8,1,2,1,1,29
5,34,39,40,5,34,0,2,26,5,0,1,2,7,1,2,1,1,29
5,34,39,40,5,34,0,2,27,5,0,1,2,6,1,2,1,1,30
5,34,39,40,5,34,0,2,28,5,0,1,2,5,1,2,1,1,29
5,34,39,40,5,34,0,2,29,4,1,2,1,4,1,2,1,1,29
5,34,39,40,5,34,0,2,30,3,1,2,1,3,1,2,1,1,30
5,34,39,40,5,34,0,2,31,5,0,1,2,31,0,2,29,1,29
5,34,39,40,5,34,0,2,32,5,0,1,2,32,0,2,30,1,30
6,2,8,9,6,6,0,2,1,4,1,2,1,4,1,2,1,1,2
6,2,8,9,6,6,0,2,2,3,1,2,1,3,1,2,1,1,1
6,2,8,9,6,6,0,2,3,3,0,2,1,3,0,2,1,1,1
6,2,8,9,6,6,0,2,4,4,0,2,1,4,0,2,1,1,2
6,5,11,12,6,5,0,2,1,3,1,2,1,3,1,2,1,1,5
6,5,11,12,6,5,0,2,2,6,0,1,2,6,0,1,2,2,2
6,5,11,12,6,5,0,2,3,6,0,1,2,6,0,1,4,1,3
6,5,11,12,6,6,0,2,1,4,1,2,2,5,0,1,4,0,5
6,5,11,12,6,6,0,2,2,5,0,1,1,5,0,1,1,1,3
6,5,11,12,6,6,0,2,3,5,0,1,2,5,0,1,3,1,2
6,5,11,12,6,6,0,2,4,4,0,2,2,5,0,1,4,0,5
6,6,12,13,6,6,0,2,1,4,1,2,1,6,0,1,5,0,7
6,6,12,13,6,6,0,2,2,6,0,1,2,6,0,1,4,1,3
6,6,12,13,6,6,0,2,3,6,0,1,1,6,0,1,1,1,3
6,6,12,13,6,6,0,2,4,4,0,2,2,4,0,2,2,1,5
6,7,13,14,6,6,0,2,1,4,1,2,1,4,1,2,1,1,6
6,7,13,14,6,6,0,2,2,7,0,1,2,7,0,1,2,2,2
6,7,13,14,6,6,0,2,3,3,0,2,1,3,0,2,1,1,5
6,7,13,14,6,6,0,2,4,4,0,2,1,4,0,2,1,1,5
6,7,13,14,6,7,0,2,1,5,1,2,2,6,0,1,5,0,6
6,7,13,14,6,7,0,2,2,4,1,2,2,4,1,2,2,1,5
6,7,13,14,6,7,0,2,3,6,0,1,1,6,0,1,1,1,3
6,7,13,14,6,7,0,2,4,4,0,2,2,6,0,1,5,0,6
6,7,13,14,6,7,0,2,5,5,0,2,2,6,0,1,5,0,6
6,10,16,17,6,6,0,2,1,4,1,2,0,4,1,2,0,0,10
6,10,16,17,6,6,0,2,2,10,0,1,2,10,0,1,2,2,3
6,10,16,17,6,6,0,2,3,10,0,1,1,10,0,1,1,1,7
6,10,16,17,6,6,0,2,4,4,0,2,2,4,0,2,2,1,6
6,10,16,17,6,10,0,2,1,6,0,1,2,6,0,1,4,1,9
6,10,16,17,6,10,0,2,2,6,0,1,3,7,1,2,1,1,5
6,10,16,17,6,10,0,2,3,3,0,2,1,3,0,2,1,1,8
6,10,16,17,6,10,0,2,4,4,0,2,2,4,0,2,2,1,6
6,10,16,17,6,10,0,2,5,4,1,2,2,4,1,2,2,1,5
6,10,16,17,6,10,0,2,6,3,1,2,1,3,1,2,1,1,8
6,10,16,17,6,10,0,2,7,6,0,1,3,7,0,2,5,1,3
6,10,16,17,6,10,0,2,8,6,0,1,2,8,0,2,1,1,8
6,11,17,18,6,6,0,2,1,4,1,2,1,4,1,2,1,1,11
6,11,17,18,6,6,0,2,2,11,0,1,1,11,0,1,1,1,7
6,11,17,18,6,6,0,2,3,11,0,1,2,11,0,1,9,1,8
6,11,17,18,6,6,0,2,4,4,0,2,2,4,0,2,2,1,10
6,11,17,18,6,11,0,2,1,6,0,1,1,6,0,1,1,1,11
6,11,17,18,6,11,0,2,2,6,0,1,2,8,1,2,1,1,8
6,11,17,18,6,11,0,2,3,6,0,1,2,6,0,1,4,1,7
6,11,17,18,6,11,0,2,4,4,0,2,2,4,0,2,2,1,9
6,11,17,18,6,11,0,2,5,5,0,2,2,5,0,2,3,1,6
6,11,17,18,6,11,0,2,6,4,1,2,1,4,1,2,1,1,8
6,11,17,18,6,11,0,2,7,3,1,2,1,3,1,2,1,1,8
6,11,17,18,6,11,0,2,8,6,0,1,3,8,0,2,6,1,6
6,11,17,18,6,11,0,2,9,6,0,1,2,6,0,1,4,1,9
6,12,18,19,6,6,0,2,1,4,1,2,1,4,1,2,1,1,11
6,12,18,19,6,6,0,2,2,12,0,1,2,12,0,1,10,1,7
6,12,18,19,6,6,0,2,3,12,0,1,1,12,0,1,1,1,10
6,12,18,19,6,6,0,2,4,4,0,2,2,4,0,2,2,1,8
6,12,18,19,6,12,0,2,1,6,0,1,2,6,0,1,4,1,11
6,12,18,19,6,12,0,2,2,6,0,1,3,9,1,2,7,1,5
6,12,18,19,6,12,0,2,3,6,0,1,2,8,1,2,6,1,6
6,12,18,19,6,12,0,2,4,4,0,2,2,4,0,2,2,1,7
6,12,18,19,6,12,0,2,5,5,0,2,2,5,0,2,2,2,4
6,12,18,19,6,12,0,2,6,5,1,2,2,6,0,1,1,1,6
6,12,18,19,6,12,0,2,7,4,1,2,2,4,1,2,2,1,7
6,12,18,19,6,12,0,2,8,6,0,1,2,8,0,2,6,1,5
6,12,18,19,6,12,0,2,9,6,0,1,2,9,0,2,7,1,7
6,12,18,19,6,12,0,2,10,6,0,1,3,6,0,1,3,2,5
6,13,19,20,6,6,0,2,1,4,1,2,1,4,1,2,1,1,12
6,13,19,20,6,6,0,2,2,13,0,1,2,13,0,1,2,2,5
6,13,19,20,6,6,0,2,3,13,0,1,2,13,0,1,11,1,10
6,13,19,20,6,6,0,2,4,4,0,2,2,4,0,2,2,1,10
6,13,19,20,6,13,0,2,1,6,0,1,1,6,0,1,1,1,11
6,13,19,20,6,13,0,2,2,6,0,1,2,6,0,1,2,2,5
6,13,19,20,6,13,0,2,3,6,0,1,1,6,0,1,1,1,9
6,13,19,20,6,13,0,2,4,4,0,2,2,4,0,2,2,1,8
6,13,19,20,6,13,0,2,5,5,0,2,2,6,0,1,4,1,7
6,13,19,20,6,13,0,2,6,6,0,1,2,6,1,2,4,1,7
6,13,19,20,6,13,0,2,7,5,1,2,2,6,0,1,5,0,10
6,13,19,20,6,13,0,2,8,4,1,2,2,6,0,1,5,0,8
6,13,19,20,6,13,0,2,9,6,0,1,2,6,0,1,2,2,6
6,13,19,20,6,13,0,2,10,6,0,1,1,6,0,1,1,1,11
6,13,19,20,6,13,0,2,11,6,0,1,2,6,0,1,4,1,6
6,14,20,21,6,6,0,2,1,4,1,2,1,4,1,2,1,1,13
6,14,20,21,6,6,0,2,2,14,0,1,3,14,0,1,11,2,5
6,14,20,21,6,6,0,2,3,14,0,1,2,14,0,1,2,2,9
6,14,20,21,6,6,0,2,4,4,0,2,2,4,0,2,2,1,11
6,14,20,21,6,14,0,2,1,6,0,1,2,6,0,1,4,1,13
6,14,20,21,6,14,0,2,2,6,0,1,3,11,1,2,9,1,8
6,14,20,21,6,14,0,2,3,6,0,1,2,10,1,2,8,1,8
6,14,20,21,6,14,0,2,4,6,0,1,3,9,1,2,7,1,7
6,14,20,21,6,14,0,2,5,5,0,2,2,5,0,2,2,2,4
6,14,20,21,6,14,0,2,6,7,1,2,3,7,1,2,3,3,1
6,14,20,21,6,14,0,2,7,6,0,1,3,6,1,2,4,1,6
6,14,20,21,6,14,0,2,8,5,1,2,2,5,1,2,2,2,5
6,14,20,21,6,14,0,2,9,9,0,2,5,9,0,2,7,1,2
6,14,20,21,6,14,0,2,10,6,0,1,2,10,0,2,8,1,8
6,14,20,21,6,14,0,2,11,6,0,1,3,6,0,1,3,2,5
6,14,20,21,6,14,0,2,12,6,0,1,3,12,0,2,10,1,5
6,15,21,22,6,6,0,2,1,4,1,2,1,4,1,2,1,1,15
6,15,21,22,6,6,0,2,2,15,0,1,1,15,0,1,1,1,5
6,15,21,22,6,6,0,2,3,15,0,1,2,15,0,1,13,1,12
6,15,21,22,6,6,0,2,4,4,0,2,2,4,0,2,2,1,14
6,15,21,22,6,15,0,2,1,6,0,1,1,6,0,1,1,1,15
6,15,21,22,6,15,0,2,2,6,0,1,2,12,1,2,10,1,4
6,15,21,22,6,15,0,2,3,6,0,1,2,11,1,2,1,1,11
6,15,21,22,6,15,0,2,4,4,0,2,2,4,0,2,2,1,12
6,15,21,22,6,15,0,2,5,5,0,2,2,5,0,2,3,1,4
6,15,21,22,6,15,0,2,6,6,0,1,1,6,0,1,1,1,13
6,15,21,22,6,15,0,2,7,6,0,1,3,7,0,2,1,1,10
6,15,21,22,6,15,0,2,8,6,0,1,3,6,1,2,1,1,8
6,15,21,22,6,15,0,2,9,5,1,2,1,5,1,2,1,1,8
6,15,21,22,6,15,0,2,10,4,1,2,2,4,1,2,2,1,10
6,15,21,22,6,15,0,2,11,3,1,2,1,3,1,2,1,1,9
6,15,21,22,6,15,0,2,12,6,0,1,3,12,0,2,10,1,5
6,15,21,22,6,15,0,2,13,6,0,1,3,13,0,2,11,1,11
6,16,22,23,6,6,0,2,1,4,1,2,0,4,1,2,0,0,17
6,16,22,23,6,6,0,2,2,16,0,1,2,16,0,1,2,2,9
6,16,22,23,6,6,0,2,3,16,0,1,1,16,0,1,1,1,14
6,16,22,23,6,6,0,2,4,4,0,2,2,4,0,2,2,1,13
6,16,22,23,6,16,0,2,1,6,0,1,2,6,0,1,4,1,15
6,16,22,23,6,16,0,2,2,6,0,1,3,13,1,2,11,1,9
6,16,22,23,6,16,0,2,3,6,0,1,1,6,0,1,1,1,11
6,16,22,23,6,16,0,2,4,4,0,2,2,4,0,2,2,1,12
6,16,22,23,6,16,0,2,5,5,0,2,2,10,1,2,8,1,7
6,16,22,23,6,16,0,2,6,6,0,1,1,6,0,1,1,1,8
6,16,22,23,6,16,0,2,7,6,0,1,2,7,0,2,5,1,10
6,16,22,23,6,16,0,2,8,6,0,1,3,7,1,2,5,1,9
6,16,22,23,6,16,0,2,9,6,0,1,1,6,0,1,1,1,11
6,16,22,23,6,16,0,2,10,5,1,2,2,10,0,2,8,1,6
6,16,22,23,6,16,0,2,11,4,1,2,2,4,1,2,2,1,11
6,16,22,23,6,16,0,2,12,6,0,1,2,6,0,1,2,2,7
6,16,22,23,6,16,0,2,13,6,0,1,3,13,0,2,11,1,8
6,16,22,23,6,16,0,2,14,6,0,1,2,14,0,2,12,1,11
6,17,23,24,6,6,0,2,1,4,1,2,1,4,1,2,1,1,17
6,17,23,24,6,6,0,2,2,17,0,1,1,17,0,1,1,1,11
6,17,23,24,6,6,0,2,3,17,0,1,2,17,0,1,15,1,14
6,17,23,24,6,6,0,2,4,4,0,2,2,4,0,2,2,1,16
6,17,23,24,6,17,0,2,1,6,0,1,1,6,0,1,1,1,17
6,17,23,24,6,17,0,2,2,6,0,1,2,14,1,2,12,1,10
6,17,23,24,6,17,0,2,3,6,0,1,1,6,0,1,1,1,14
6,17,23,24,6,17,0,2,4,4,0,2,2,4,0,2,2,1,15
6,17,23,24,6,17,0,2,5,5,0,2,2,5,0,2,3,1,12
6,17,23,24,6,17,0,2,6,6,0,1,2,6,0,1,4,1,13
6,17,23,24,6,17,0,2,7,6,0,1,1,6,0,1,1,1,14
6,17,23,24,6,17,0,2,8,6,0,1,3,8,0,2,6,1,12
6,17,23,24,6,17,0,2,9,6,0,1,2,6,0,1,4,1,13
6,17,23,24,6,17,0,2,10,6,0,1,2,6,1,2,4,1,10
6,17,23,24,6,17,0,2,11,5,1,2,1,5,1,2,1,1,12
6,17,23,24,6,17,0,2,12,4,1,2,1,4,1,2,1,1,13
6,17,23,24,6,17,0,2,13,6,0,1,2,13,0,2,11,1,9
6,17,23,24,6,17,0,2,14,6,0,1,2,14,0,2,12,1,13
6,17,23,24,6,17,0,2,15,6,0,1,2,15,0,2,13,1,14
6,18,24,25,6,6,0,2,1,4,1,2,1,4,1,2,1,1,17
6,18,24,25,6,6,0,2,2,18,0,1,2,18,0,1,16,1,13
6,18,24,25,6,6,0,2,3,18,0,1,1,18,0,1,1,1,16
6,18,24,25,6,6,0,2,4,4,0,2,2,4,0,2,2,1,15
6,18,24,25,6,18,0,2,1,6,0,1,2,6,0,1,4,1,17
6,18,24,25,6,18,0,2,2,6,0,1,3,15,1,2,13,1,11
6,18,24,25,6,18,0,2,3,6,0,1,2,6,0,1,4,1,13
6,18,24,25,6,18,0,2,4,4,0,2,2,4,0,2,2,1,12
6,18,24,25,6,18,0,2,5,5,0,2,2,12,1,2,10,1,9
6,18,24,25,6,18,0,2,6,6,0,1,2,6,0,1,2,2,7
6,18,24,25,6,18,0,2,7,6,0,1,2,7,0,2,5,1,10
6,18,24,25,6,18,0,2,8,6,0,1,2,8,0,2,6,1,11
6,18,24,25,6,18,0,2,9,6,0,1,2,9,0,2,7,1,9
6,18,24,25,6,18,0,2,10,6,0,1,3,7,1,2,5,1,9
6,18,24,25,6,18,0,2,11,6,0,1,2,11,0,2,9,1,9
6,18,24,25,6,18,0,2,12,5,1,2,2,12,0,2,10,1,11
6,18,24,25,6,18,0,2,13,4,1,2,2,4,1,2,2,1,8
6,18,24,25,6,18,0,2,14,6,0,1,2,14,0,2,12,1,11
6,18,24,25,6,18,0,2,15,6,0,1,2,15,0,2,13,1,12
6,18,24,25,6,18,0,2,16,6,0,1,3,16,0,2,14,1,11
6,19,25,26,6,6,0,2,1,4,1,2,1,4,1,2,1,1,19
6,19,25,26,6,6,0,2,2,19,0,1,1,19,0,1,1,1,8
6,19,25,26,6,6,0,2,3,19,0,1,2,19,0,1,17,1,16
6,19,25,26,6,6,0,2,4,4,0,2,2,4,0,2,2,1,18
6,19,25,26,6,19,0,2,1,6,0,1,1,6,0,1,1,1,19
6,19,25,26,6,19,0,2,2,6,0,1,2,6,0,1,2,2,7
6,19,25,26,6,19,0,2,3,6,0,1,1,6,0,1,1,1,16
6,19,25,26,6,19,0,2,4,4,0,2,2,4,0,2,2,1,15
6,19,25,26,6,19,0,2,5,5,0,2,2,5,0,2,3,1,8
6,19,25,26,6,19,0,2,6,6,0,1,2,6,0,2,4,1,15
6,19,25,26,6,19,0,2,7,6,0,1,3,7,0,2,5,1,10
6,19,25,26,6,19,0,2,8,6,0,1,2,6,0,1,4,1,14
6,19,25,26,6,19,0,2,9,6,0,1,2,9,0,2,7,1,11
6,19,25,26,6,19,0,2,10,6,0,1,2,6,0,1,4,1,16
6,19,25,26,6,19,0,2,11,6,0,1,1,6,0,1,1,1,13
6,19,25,26,6,19,0,2,12,6,0,1,2,12,0,2,10,1,10
6,19,25,26,6,19,0,2,13,5,1,2,1,5,1,2,1,1,16
6,19,25,26,6,19,0,2,14,4,1,2,2,4,1,2,2,1,11
6,19,25,26,6,19,0,2,15,6,0,1,3,15,0,2,13,1,12
6,19,25,26,6,19,0,2,16,6,0,1,2,16,0,2,14,1,15
6,19,25,26,6,19,0,2,17,6,0,1,3,17,0,2,15,1,15
6,20,26,27,6,6,0,2,1,4,1,2,0,4,1,2,0,0,20
6,20,26,27,6,6,0,2,2,20,0,1,2,20,0,1,2,2,14
6,20,26,27,6,6,0,2,3,20,0,1,1,20,0,1,1,1,18
6,20,26,27,6,6,0,2,4,4,0,2,2,4,0,2,2,1,17
6,20,26,27,6,20,0,2,1,6,0,1,2,6,0,1,4,1,19
6,20,26,27,6,20,0,2,2,6,0,1,3,17,1,2,15,1,14
6,20,26,27,6,20,0,2,3,6,0,1,2,16,1,2,14,1,13
6,20,26,27,6,20,0,2,4,4,0,2,2,4,0,2,2,1,15
6,20,26,27,6,20,0,2,5,5,0,2,2,14,1,2,12,1,10
6,20,26,27,6,20,0,2,6,6,0,1,2,6,0,1,2,2,6
6,20,26,27,6,20,0,2,7,6,0,1,3,7,0,2,5,1,11
6,20,26,27,6,20,0,2,8,6,0,1,3,11,1,2,9,1,9
6,20,26,27,6,20,0,2,9,6,0,1,3,9,0,2,7,1,7
6,20,26,27,6,20,0,2,10,6,0,1,3,9,1,2,7,1,13
6,20,26,27,6,20,0,2,11,6,0,1,3,6,0,1,3,2,8
6,20,26,27,6,20,0,2,12,6,0,1,3,12,0,2,10,1,7
6,20,26,27,6,20,0,2,13,6,0,1,2,6,1,2,4,1,14
6,20,26,27,6,20,0,2,14,5,1,2,2,5,1,2,2,2,7
6,20,26,27,6,20,0,2,15,4,1,2,2,4,1,2,2,1,9
6,20,26,27,6,20,0,2,16,6,0,1,2,16,0,2,14,1,14
6,20,26,27,6,20,0,2,17,6,0,1,3,17,0,2,15,1,9
6,20,26,27,6,20,0,2,18,6,0,1,3,18,0,2,16,1,11
6,21,27,28,6,6,0,2,1,4,1,2,1,4,1,2,1,1,21
6,21,27,28,6,6,0,2,2,21,0,1,1,21,0,1,1,1,13
6,21,27,28,6,6,0,2,3,21,0,1,2,21,0,1,19,1,18
6,21,27,28,6,6,0,2,4,4,0,2,2,4,0,2,2,1,20
6,21,27,28,6,21,0,2,1,6,0,1,1,6,0,1,1,1,21
6,21,27,28,6,21,0,2,2,6,0,1,2,18,1,2,16,1,9
6,21,27,28,6,21,0,2,3,6,0,1,2,17,1,2,1,1,17
6,21,27,28,6,21,0,2,4,4,0,2,2,4,0,2,2,1,18
6,21,27,28,6,21,0,2,5,5,0,2,2,5,0,2,3,1,8
6,21,27,28,6,21,0,2,6,6,0,1,2,6,0,2,4,1,17
6,21,27,28,6,21,0,2,7,6,0,1,2,6,0,1,4,1,18
6,21,27,28,6,21,0,2,8,6,0,1,3,8,0,2,6,1,12
6,21,27,28,6,21,0,2,9,6,0,1,3,9,0,2,7,1,16
6,21,27,28,6,21,0,2,10,6,0,1,3,10,0,2,8,1,14
6,21,27,28,6,21,0,2,11,6,0,1,3,9,1,2,1,1,15
6,21,27,28,6,21,0,2,12,6,0,1,3,8,1,2,6,1,12
6,21,27,28,6,21,0,2,13,6,0,1,3,7,1,2,5,1,14
6,21,27,28,6,21,0,2,14,6,0,1,2,6,1,2,1,1,15
6,21,27,28,6,21,0,2,15,5,1,2,2,15,0,2,13,1,11
6,21,27,28,6,21,0,2,16,4,1,2,2,4,1,2,2,1,15
6,21,27,28,6,21,0,2,17,3,1,2,1,3,1,2,1,1,17
6,21,27,28,6,21,0,2,18,6,0,1,3,18,0,2,16,1,16
6,21,27,28,6,21,0,2,19,6,0,1,3,19,0,2,17,1,17
6,22,28,29,6,6,0,2,1,4,1,2,1,4,1,2,1,1,21
6,22,28,29,6,6,0,2,2,22,0,1,2,22,0,1,20,1,17
6,22,28,29,6,6,0,2,3,22,0,1,1,22,0,1,1,1,20
6,22,28,29,6,6,0,2,4,4,0,2,2,4,0,2,2,1,19
6,22,28,29,6,22,0,2,1,6,0,1,1,6,0,1,5,0,23
6,22,28,29,6,22,0,2,2,6,0,1,3,19,1,2,17,1,16
6,22,28,29,6,22,0,2,3,6,0,1,1,6,0,1,1,1,17
6,22,28,29,6,22,0,2,4,4,0,2,2,4,0,2,2,1,18
6,22,28,29,6,22,0,2,5,5,0,2,2,16,1,2,14,1,14
6,22,28,29,6,22,0,2,6,6,0,1,1,6,0,1,1,1,9
6,22,28,29,6,22,0,2,7,6,0,1,2,7,0,2,5,1,17
6,22,28,29,6,22,0,2,8,6,0,1,3,8,0,2,6,1,14
6,22,28,29,6,22,0,2,9,6,0,1,2,9,0,2,7,1,12
6,22,28,29,6,22,0,2,10,6,0,1,2,10,0,2,8,1,13
6,22,28,29,6,22,0,2,11,6,0,1,3,10,1,2,8,1,13
6,22,28,29,6,22,0,2,12,6,0,1,2,9,1,2,7,1,14
6,22,28,29,6,22,0,2,13,6,0,1,3,13,0,2,11,1,10
6,22,28,29,6,22,0,2,14,6,0,1,2,7,1,2,5,1,15
6,22,28,29,6,22,0,2,15,6,0,1,2,6,1,2,4,1,10
6,22,28,29,6,22,0,2,16,5,1,2,2,16,0,2,14,1,12
6,22,28,29,6,22,0,2,17,4,1,2,2,4,1,2,2,1,14
6,22,28,29,6,22,0,2,18,6,0,1,2,18,0,2,16,1,13
6,22,28,29,6,22,0,2,19,6,0,1,3,19,0,2,17,1,15
6,22,28,29,6,22,0,2,20,6,0,1,3,20,0,2,18,1,15
6,23,29,30,6,6,0,2,1,4,1,2,1,4,1,2,1,1,23
6,23,29,30,6,6,0,2,2,23,0,1,1,23,0,1,1,1,15
6,23,29,30,6,6,0,2,3,3,0,2,1,3,0,2,1,1,21
6,23,29,30,6,6,0,2,4,4,0,2,1,4,0,2,1,1,23
6,23,29,30,6,23,0,2,1,6,0,1,1,6,0,1,1,1,23
6,23,29,30,6,23,0,2,2,6,0,1,1,6,0,1,1,1,15
6,23,29,30,6,23,0,2,3,6,0,1,1,6,0,1,1,1,21
6,23,29,30,6,23,0,2,4,4,0,2,2,4,0,2,2,1,21
6,23,29,30,6,23,0,2,5,5,0,2,2,5,0,2,3,1,15
6,23,29,30,6,23,0,2,6,6,0,1,2,6,0,1,4,1,20
6,23,29,30,6,23,0,2,7,6,0,1,1,6,0,1,1,1,21
6,23,29,30,6,23,0,2,8,6,0,1,2,8,0,2,6,1,19
6,23,29,30,6,23,0,2,9,6,0,1,2,9,0,2,7,1,17
6,23,29,30,6,23,0,2,10,6,0,1,2,10,0,2,8,1,18
6,23,29,30,6,23,0,2,11,6,0,1,2,11,0,2,9,1,19
6,23,29,30,6,23,0,2,12,6,0,1,2,10,1,2,1,1,17
6,23,29,30,6,23,0,2,13,6,0,1,2,9,1,2,7,1,16
6,23,29,30,6,23,0,2,14,6,0,1,2,8,1,2,1,1,19
6,23,29,30,6,23,0,2,15,6,0,1,2,7,1,2,1,1,18
6,23,29,30,6,23,0,2,16,6,0,1,2,6,1,2,4,1,15
6,23,29,30,6,23,0,2,17,5,1,2,2,17,0,2,15,1,17
6,23,29,30,6,23,0,2,18,4,1,2,2,4,1,2,2,1,18
6,23,29,30,6,23,0,2,19,6,0,1,2,19,0,2,17,1,18
6,23,29,30,6,23,0,2,20,6,0,1,2,20,0,2,18,1,19
6,23,29,30,6,23,0,2,21,6,0,1,2,21,0,2,19,1,20
6,24,30,31,6,6,0,2,1,4,1,2,1,4,1,2,1,1,24
6,24,30,31,6,6,0,2,2,24,0,1,2,24,0,1,2,2,18
6,24,30,31,6,6,0,2,3,24,0,1,1,24,0,1,1,1,22
6,24,30,31,6,6,0,2,4,4,0,2,2,4,0,2,2,1,22
6,24,30,31,6,24,0,2,1,6,0,1,2,6,0,1,4,1,23
6,24,30,31,6,24,0,2,2,6,0,1,3,21,1,2,19,1,18
6,24,30,31,6,24,0,2,3,6,0,1,2,6,0,1,4,1,19
6,24,30,31,6,24,0,2,4,4,0,2,2,4,0,2,2,1,20
6,24,30,31,6,24,0,2,5,5,0,2,2,18,1,2,16,1,16
6,24,30,31,6,24,0,2,6,6,0,1,2,6,0,2,4,1,11
6,24,30,31,6,24,0,2,7,6,0,1,2,7,0,2,5,1,16
6,24,30,31,6,24,0,2,8,6,0,1,3,8,0,2,6,1,16
6,24,30,31,6,24,0,2,9,6,0,1,2,9,0,2,7,1,13
6,24,30,31,6,24,0,2,10,6,0,1,3,10,0,2,8,1,15
6,24,30,31,6,24,0,2,11,6,0,1,2,11,0,2,9,1,16
6,24,30,31,6,24,0,2,12,6,0,1,3,11,1,2,9,1,15
6,24,30,31,6,24,0,2,13,6,0,1,3,10,1,2,8,1,15
6,24,30,31,6,24,0,2,14,6,0,1,2,14,0,2,12,1,14
6,24,30,31,6,24,0,2,15,6,0,1,2,8,1,2,6,1,16
6,24,30,31,6,24,0,2,16,6,0,1,3,7,1,2,5,1,12
6,24,30,31,6,24,0,2,17,6,0,1,3,17,0,2,15,1,15
6,24,30,31,6,24,0,2,18,5,1,2,2,18,0,2,16,1,15
6,24,30,31,6,24,0,2,19,4,1,2,2,4,1,2,2,1,17
6,24,30,31,6,24,0,2,20,6,0,1,2,20,0,2,18,1,18
6,24,30,31,6,24,0,2,21,6,0,1,3,21,0,2,19,1,17
6,24,30,31,6,24,0,2,22,6,0,1,3,22,0,2,20,1,18
6,25,31,32,6,6,0,2,1,4,1,2,1,4,1,2,1,1,25
6,25,31,32,6,6,0,2,2,25,0,1,1,25,0,1,1,1,12
6,25,31,32,6,6,0,2,3,25,0,1,2,25,0,1,23,1,22
6,25,31,32,6,6,0,2,4,4,0,2,2,4,0,2,2,1,24
6,25,31,32,6,25,0,2,1,6,0,1,1,6,0,1,1,1,25
6,25,31,32,6,25,0,2,2,6,0,1,2,22,1,2,20,1,11
6,25,31,32,6,25,0,2,3,6,0,1,1,6,0,1,1,1,23
6,25,31,32,6,25,0,2,4,4,0,2,2,4,0,2,2,1,22
6,25,31,32,6,25,0,2,5,5,0,2,2,5,0,2,3,1,11
6,25,31,32,6,25,0,2,6,6,0,1,2,6,0,2,4,1,21
6,25,31,32,6,25,0,2,7,6,0,1,3,7,0,2,5,1,18
6,25,31,32,6,25,0,2,8,6,0,1,2,8,0,2,6,1,18
6,25,31,32,6,25,0,2,9,6,0,1,2,9,0,2,7,1,21
6,25,31,32,6,25,0,2,10,6,0,1,3,10,0,2,8,1,17
6,25,31,32,6,25,0,2,11,6,0,1,2,6,0,1,4,1,20
6,25,31,32,6,25,0,2,12,6,0,1,2,12,0,2,10,1,17
6,25,31,32,6,25,0,2,13,6,0,1,2,11,1,2,1,1,21
6,25,31,32,6,25,0,2,14,6,0,1,2,6,0,1,4,1,18
6,25,31,32,6,25,0,2,15,6,0,1,3,9,1,2,7,1,15
6,25,31,32,6,25,0,2,16,6,0,1,2,6,0,1,4,1,22
6,25,31,32,6,25,0,2,17,6,0,1,3,7,1,2,5,1,16
6,25,31,32,6,25,0,2,18,6,0,1,3,18,0,2,16,1,15
6,25,31,32,6,25,0,2,19,5,1,2,1,5,1,2,1,1,21
6,25,31,32,6,25,0,2,20,4,1,2,2,4,1,2,2,1,19
6,25,31,32,6,25,0,2,21,6,0,1,2,21,0,2,19,1,20
6,25,31,32,6,25,0,2,22,6,0,1,2,22,0,2,20,1,21
6,25,31,32,6,25,0,2,23,6,0,1,3,23,0,2,21,1,21
6,26,32,33,6,6,0,2,1,4,1,2,0,4,1,2,0,0,27
6,26,32,33,6,6,0,2,2,26,0,1,2,26,0,1,2,2,20
6,26,32,33,6,6,0,2,3,26,0,1,1,26,0,1,1,1,24
6,26,32,33,6,6,0,2,4,4,0,2,2,4,0,2,2,1,24
6,26,32,33,6,26,0,2,1,6,0,1,2,6,0,1,4,1,25
6,26,32,33,6,26,0,2,2,6,0,1,3,23,1,2,21,1,20
6,26,32,33,6,26,0,2,3,6,0,1,1,6,0,1,1,1,21
6,26,32,33,6,26,0,2,4,4,0,2,2,4,0,2,2,1,20
6,26,32,33,6,26,0,2,5,5,0,2,2,20,1,2,18,1,17
6,26,32,33,6,26,0,2,6,6,0,1,1,6,0,1,1,1,13
6,26,32,33,6,26,0,2,7,6,0,1,3,7,0,2,5,1,17
6,26,32,33,6,26,0,2,8,6,0,1,3,17,1,2,15,1,15
6,26,32,33,6,26,0,2,9,6,0,1,2,9,0,2,7,1,12
6,26,32,33,6,26,0,2,10,6,0,1,3,10,0,2,8,1,17
6,26,32,33,6,26,0,2,11,6,0,1,3,11,0,2,9,1,15
6,26,32,33,6,26,0,2,12,6,0,1,2,12,0,2,10,1,14
6,26,32,33,6,26,0,2,13,6,0,1,3,12,1,2,10,1,19
6,26,32,33,6,26,0,2,14,6,0,1,3,11,1,2,9,1,14
6,26,32,33,6,26,0,2,15,6,0,1,3,15,0,2,13,1,13
6,26,32,33,6,26,0,2,16,6,0,1,2,9,1,2,7,1,20
6,26,32,33,6,26,0,2,17,6,0,1,3,6,0,1,3,2,11
6,26,32,33,6,26,0,2,18,6,0,1,3,7,1,2,5,1,14
6,26,32,33,6,26,0,2,19,6,0,1,2,6,1,2,4,1,19
6,26,32,33,6,26,0,2,20,5,1,2,2,20,0,2,18,1,14
6,26,32,33,6,26,0,2,21,4,1,2,2,4,1,2,2,1,15
6,26,32,33,6,26,0,2,22,6,0,1,2,22,0,2,20,1,19
6,26,32,33,6,26,0,2,23,6,0,1,3,23,0,2,21,1,17
6,26,32,33,6,26,0,2,24,6,0,1,3,24,0,2,22,1,18
6,27,33,34,6,6,0,2,1,4,1,2,1,4,1,2,1,1,27
6,27,33,34,6,6,0,2,2,27,0,1,1,27,0,1,1,1,20
6,27,33,34,6,6,0,2,3,27,0,1,2,27,0,1,25,1,24
6,27,33,34,6,6,0,2,4,4,0,2,2,4,0,2,2,1,26
6,27,33,34,6,27,0,2,1,6,0,1,1,6,0,1,1,1,27
6,27,33,34,6,27,0,2,2,6,0,1,2,24,1,2,22,1,17
6,27,33,34,6,27,0,2,3,6,0,1,2,23,1,2,1,1,23
6,27,33,34,6,27,0,2,4,4,0,2,2,4,0,2,2,1,25
6,27,33,34,6,27,0,2,5,5,0,2,2,5,0,2,3,1,18
6,27,33,34,6,27,0,2,6,6,0,1,2,6,0,2,4,1,23
6,27,33,34,6,27,0,2,7,6,0,1,2,6,0,1,4,1,24
6,27,33,34,6,27,0,2,8,6,0,1,3,8,0,2,6,1,19
6,27,33,34,6,27,0,2,9,6,0,1,3,9,0,2,7,1,22
6,27,33,34,6,27,0,2,10,6,0,1,2,10,0,2,8,1,21
6,27,33,34,6,27,0,2,11,6,0,1,3,11,0,2,9,1,18
6,27,33,34,6,27,0,2,12,6,0,1,3,12,0,2,10,1,20
6,27,33,34,6,27,0,2,13,6,0,1,3,13,0,2,11,1,20
6,27,33,34,6,27,0,2,14,6,0,1,2,12,1,2,1,1,22
6,27,33,34,6,27,0,2,15,6,0,1,3,11,1,2,9,1,18
6,27,33,34,6,27,0,2,16,6,0,1,3,10,1,2,8,1,20
6,27,33,34,6,27,0,2,17,6,0,1,2,9,1,2,1,1,22
6,27,33,34,6,27,0,2,18,6,0,1,3,8,1,2,6,1,17
6,27,33,34,6,27,0,2,19,6,0,1,3,7,1,2,5,1,20
6,27,33,34,6,27,0,2,20,6,0,1,2,6,1,2,4,1,20
6,27,33,34,6,27,0,2,21,5,1,2,2,21,0,2,19,1,20
6,27,33,34,6,27,0,2,22,4,1,2,2,4,1,2,2,1,22
6,27,33,34,6,27,0,2,23,6,0,1,2,23,0,2,21,1,22
6,27,33,34,6,27,0,2,24,6,0,1,3,24,0,2,22,1,22
6,27,33,34,6,27,0,2,25,6,0,1,2,25,0,2,23,1,24
6,28,34,35,6,6,0,2,1,4,1,2,1,4,1,2,1,1,27
6,28,34,35,6,6,0,2,2,28,0,1,2,28,0,1,26,1,23
6,28,34,35,6,6,0,2,3,28,0,1,1,28,0,1,1,1,26
6,28,34,35,6,6,0,2,4,4,0,2,2,4,0,2,2,1,25
6,28,34,35,6,28,0,2,1,6,0,1,1,6,0,1,5,0,29
6,28,34,35,6,28,0,2,2,6,0,1,3,25,1,2,23,1,22
6,28,34,35,6,28,0,2,3,6,0,1,1,6,0,1,1,1,23
6,28,34,35,6,28,0,2,4,4,0,2,2,4,0,2,2,1,24
6,28,34,35,6,28,0,2,5,5,0,2,2,22,1,2,20,1,20
6,28,34,35,6,28,0,2,6,6,0,1,1,6,0,1,1,1,13
6,28,34,35,6,28,0,2,7,6,0,1,2,7,0,2,5,1,21
6,28,34,35,6,28,0,2,8,6,0,1,3,8,0,2,6,1,20
6,28,34,35,6,28,0,2,9,6,0,1,2,9,0,2,7,1,13
6,28,34,35,6,28,0,2,10,6,0,1,2,10,0,2,8,1,20
6,28,34,35,6,28,0,2,11,6,0,1,3,11,0,2,9,1,19
6,28,34,35,6,28,0,2,12,6,0,1,2,12,0,2,10,1,18
6,28,34,35,6,28,0,2,13,6,0,1,2,13,0,2,11,1,20
6,28,34,35,6,28,0,2,14,6,0,1,3,13,1,2,11,1,19
6,28,34,35,6,28,0,2,15,6,0,1,2,12,1,2,10,1,20
6,28,34,35,6,28,0,2,16,6,0,1,3,16,0,2,14,1,15
6,28,34,35,6,28,0,2,17,6,0,1,2,10,1,2,8,1,20
6,28,34,35,6,28,0,2,18,6,0,1,2,9,1,2,7,1,18
6,28,34,35,6,28,0,2,19,6,0,1,3,19,0,2,17,1,17
6,28,34,35,6,28,0,2,20,6,0,1,3,7,1,2,5,1,19
6,28,34,35,6,28,0,2,21,6,0,1,2,6,1,2,4,1,20
6,28,34,35,6,28,0,2,22,5,1,2,2,22,0,2,20,1,19
6,28,34,35,6,28,0,2,23,4,1,2,2,4,1,2,2,1,20
6,28,34,35,6,28,0,2,24,6,0,1,2,24,0,2,22,1,21
6,28,34,35,6,28,0,2,25,6,0,1,3,25,0,2,23,1,21
6,28,34,35,6,28,0,2,26,6,0,1,3,26,0,2,24,1,21
6,29,35,36,6,6,0,2,1,4,1,2,1,4,1,2,1,1,29
6,29,35,36,6,6,0,2,2,29,0,1,1,29,0,1,1,1,21
6,29,35,36,6,6,0,2,3,3,0,2,1,3,0,2,1,1,27
6,29,35,36,6,6,0,2,4,4,0,2,1,4,0,2,1,1,29
6,29,35,36,6,29,0,2,1,6,0,1,1,6,0,1,1,1,29
6,29,35,36,6,29,0,2,2,6,0,1,1,6,0,1,1,1,21
6,29,35,36,6,29,0,2,3,6,0,1,1,6,0,1,1,1,27
6,29,35,36,6,29,0,2,4,4,0,2,2,4,0,2,2,1,27
6,29,35,36,6,29,0,2,5,5,0,2,2,5,0,2,3,1,20
6,29,35,36,6,29,0,2,6,6,0,1,2,6,0,2,4,1,25
6,29,35,36,6,29,0,2,7,6,0,1,2,6,0,1,4,1,24
6,29,35,36,6,29,0,2,8,6,0,1,2,8,0,2,6,1,23
6,29,35,36,6,29,0,2,9,6,0,1,2,9,0,2,7,1,23
6,29,35,36,6,29,0,2,10,6,0,1,2,10,0,2,8,1,24
6,29,35,36,6,29,0,2,11,6,0,1,2,11,0,2,9,1,25
6,29,35,36,6,29,0,2,12,6,0,1,2,12,0,2,10,1,21
6,29,35,36,6,29,0,2,13,6,0,1,2,13,0,2,11,1,24
6,29,35,36,6,29,0,2,14,6,0,1,2,14,0,2,12,1,25
6,29,35,36,6,29,0,2,15,6,0,1,2,13,1,2,11,1,21
6,29,35,36,6,29,0,2,16,6,0,1,2,12,1,2,10,1,22
6,29,35,36,6,29,0,2,17,6,0,1,2,11,1,2,9,1,23
6,29,35,36,6,29,0,2,18,6,0,1,2,10,1,2,8,1,22
6,29,35,36,6,29,0,2,19,6,0,1,2,9,1,2,7,1,20
6,29,35,36,6,29,0,2,20,6,0,1,2,8,1,2,1,1,25
6,29,35,36,6,29,0,2,21,6,0,1,2,7,1,2,5,1,23
6,29,35,36,6,29,0,2,22,6,0,1,2,6,1,2,4,1,22
6,29,35,36,6,29,0,2,23,5,1,2,1,5,1,2,1,1,25
6,29,35,36,6,29,0,2,24,4,1,2,2,4,1,2,2,1,24
6,29,35,36,6,29,0,2,25,6,0,1,2,25,0,2,23,1,24
6,29,35,36,6,29,0,2,26,6,0,1,2,26,0,2,24,1,25
6,29,35,36,6,29,0,2,27,6,0,1,2,27,0,2,25,1,26
6,30,36,37,6,6,0,2,1,4,1,2,1,4,1,2,1,1,30
6,30,36,37,6,6,0,2,2,30,0,1,2,30,0,1,2,2,24
6,30,36,37,6,6,0,2,3,30,0,1,1,30,0,1,1,1,28
6,30,36,37,6,6,0,2,4,4,0,2,2,4,0,2,2,1,28
6,30,36,37,6,30,0,2,1,6,0,1,2,6,0,1,4,1,29
6,30,36,37,6,30,0,2,2,6,0,1,3,27,1,2,25,1,24
6,30,36,37,6,30,0,2,3,6,0,1,2,6,0,1,4,1,25
6,30,36,37,6,30,0,2,4,4,0,2,2,4,0,2,2,1,26
6,30,36,37,6,30,0,2,5,5,0,2,2,24,1,2,22,1,22
6,30,36,37,6,30,0,2,6,6,0,1,2,6,0,2,4,1,16
6,30,36,37,6,30,0,2,7,6,0,1,3,7,0,2,5,1,21
6,30,36,37,6,30,0,2,8,6,0,1,3,8,0,2,6,1,22
6,30,36,37,6,30,0,2,9,6,0,1,3,9,0,2,7,1,18
6,30,36,37,6,30,0,2,10,6,0,1,3,10,0,2,8,1,21
6,30,36,37,6,30,0,2,11,6,0,1,3,11,0,2,9,1,22
6,30,36,37,6,30,0,2,12,6,0,1,3,12,0,2,10,1,21
6,30,36,37,6,30,0,2,13,6,0,1,3,13,0,2,11,1,21
6,30,36,37,6,30,0,2,14,6,0,1,2,14,0,2,12,1,22
6,30,36,37,6,30,0,2,15,6,0,1,3,14,1,2,12,1,22
6,30,36,37,6,30,0,2,16,6,0,1,3,13,1,2,11,1,21
6,30,36,37,6,30,0,2,17,6,0,1,3,17,0,2,15,1,19
6,30,36,37,6,30,0,2,18,6,0,1,2,11,1,2,9,1,22
6,30,36,37,6,30,0,2,19,6,0,1,3,10,1,2,8,1,19
6,30,36,37,6,30,0,2,20,6,0,1,3,9,1,2,7,1,21
6,30,36,37,6,30,0,2,21,6,0,1,3,8,1,2,6,1,21
6,30,36,37,6,30,0,2,22,6,0,1,3,7,1,2,5,1,22
6,30,36,37,6,30,0,2,23,6,0,1,2,23,0,2,21,1,22
6,30,36,37,6,30,0,2,24,5,1,2,2,24,0,2,22,1,21
6,30,36,37,6,30,0,2,25,4,1,2,2,4,1,2,2,1,23
6,30,36,37,6,30,0,2,26,6,0,1,2,26,0,2,24,1,24
6,30,36,37,6,30,0,2,27,6,0,1,3,27,0,2,25,1,23
6,30,36,37,6,30,0,2,28,6,0,1,3,28,0,2,26,1,24
6,31,37,38,6,6,0,2,1,4,1,2,1,4,1,2,1,1,31
6,31,37,38,6,6,0,2,2,31,0,1,1,31,0,1,1,1,19
6,31,37,38,6,6,0,2,3,31,0,1,2,31,0,1,29,1,28
6,31,37,38,6,6,0,2,4,4,0,2,2,4,0,2,2,1,30
6,31,37,38,6,31,0,2,1,6,0,1,1,6,0,1,1,1,31
6,31,37,38,6,31,0,2,2,6,0,1,2,28,1,2,26,1,15
6,31,37,38,6,31,0,2,3,6,0,1,1,6,0,1,1,1,29
6,31,37,38,6,31,0,2,4,4,0,2,2,4,0,2,2,1,28
6,31,37,38,6,31,0,2,5,5,0,2,2,5,0,2,3,1,15
6,31,37,38,6,31,0,2,6,6,0,1,2,6,0,1,4,1,28
6,31,37,38,6,31,0,2,7,6,0,1,2,7,0,2,5,1,26
6,31,37,38,6,31,0,2,8,6,0,1,3,8,0,2,6,1,24
6,31,37,38,6,31,0,2,9,6,0,1,2,9,0,2,7,1,27
6,31,37,38,6,31,0,2,10,6,0,1,3,10,0,2,8,1,24
6,31,37,38,6,31,0,2,11,6,0,1,2,11,0,2,9,1,25
6,31,37,38,6,31,0,2,12,6,0,1,2,12,0,2,10,1,25
6,31,37,38,6,31,0,2,13,6,0,1,3,13,0,2,11,1,23
6,31,37,38,6,31,0,2,14,6,0,1,2,6,0,1,4,1,27
6,31,37,38,6,31,0,2,15,6,0,1,3,15,0,2,13,1,23
6,31,37,38,6,31,0,2,16,6,0,1,2,14,1,2,12,1,26
6,31,37,38,6,31,0,2,17,6,0,1,2,13,1,2,11,1,24
6,31,37,38,6,31,0,2,18,6,0,1,3,12,1,2,10,1,23
6,31,37,38,6,31,0,2,19,6,0,1,2,11,1,2,1,1,27
6,31,37,38,6,31,0,2,20,6,0,1,3,10,1,2,8,1,21
6,31,37,38,6,31,0,2,21,6,0,1,3,9,1,2,7,1,23
6,31,37,38,6,31,0,2,22,6,0,1,2,8,1,2,6,1,25
6,31,37,38,6,31,0,2,23,6,0,1,3,7,1,2,5,1,24
6,31,37,38,6,31,0,2,24,6,0,1,2,6,1,2,4,1,24
6,31,37,38,6,31,0,2,25,5,1,2,2,25,0,2,23,1,25
6,31,37,38,6,31,0,2,26,4,1,2,2,4,1,2,2,1,25
6,31,37,38,6,31,0,2,27,6,0,1,2,27,0,2,25,1,26
6,31,37,38,6,31,0,2,28,6,0,1,2,28,0,2,26,1,27
6,31,37,38,6,31,0,2,29,6,0,1,3,29,0,2,27,1,27
6,32,38,39,6,6,0,2,1,4,1,2,0,4,1,2,0,0,33
6,32,38,39,6,6,0,2,2,32,0,1,2,32,0,1,2,2,26
6,32,38,39,6,6,0,2,3,32,0,1,1,32,0,1,1,1,30
6,32,38,39,6,6,0,2,4,4,0,2,2,4,0,2,2,1,30
6,32,38,39,6,32,0,2,1,6,0,1,2,6,0,1,4,1,31
6,32,38,39,6,32,0,2,2,6,0,1,3,29,1,2,27,1,26
6,32,38,39,6,32,0,2,3,6,0,1,1,6,0,1,1,1,27
6,32,38,39,6,32,0,2,4,4,0,2,2,4,0,2,2,1,28
6,32,38,39,6,32,0,2,5,5,0,2,2,26,1,2,24,1,24
6,32,38,39,6,32,0,2,6,6,0,1,1,6,0,1,1,1,22
6,32,38,39,6,32,0,2,7,6,0,1,3,7,0,2,5,1,23
6,32,38,39,6,32,0,2,8,6,0,1,3,23,1,2,21,1,23
6,32,38,39,6,32,0,2,9,6,0,1,2,9,0,2,7,1,21
6,32,38,39,6,32,0,2,10,6,0,1,3,10,0,2,8,1,23
6,32,38,39,6,32,0,2,11,6,0,1,3,11,0,2,9,1,20
6,32,38,39,6,32,0,2,12,6,0,1,2,12,0,2,10,1,21
6,32,38,39,6,32,0,2,13,6,0,1,3,13,0,2,11,1,23
6,32,38,39,6,32,0,2,14,6,0,1,3,14,0,2,12,1,21
6,32,38,39,6,32,0,2,15,6,0,1,2,15,0,2,13,1,21
6,32,38,39,6,32,0,2,16,6,0,1,3,15,1,2,13,1,25
6,32,38,39,6,32,0,2,17,6,0,1,3,14,1,2,12,1,21
6,32,38,39,6,32,0,2,18,6,0,1,3,18,0,2,16,1,21
6,32,38,39,6,32,0,2,19,6,0,1,2,12,1,2,10,1,26
6,32,38,39,6,32,0,2,20,6,0,1,3,11,1,2,9,1,19
6,32,38,39,6,32,0,2,21,6,0,1,3,10,1,2,8,1,22
6,32,38,39,6,32,0,2,22,6,0,1,2,9,1,2,7,1,25
6,32,38,39,6,32,0,2,23,6,0,1,3,8,1,2,6,1,22
6,32,38,39,6,32,0,2,24,6,0,1,3,7,1,2,5,1,22
6,32,38,39,6,32,0,2,25,6,0,1,3,6,1,2,4,1,23
6,32,38,39,6,32,0,2,26,5,1,2,2,26,0,2,24,1,22
6,32,38,39,6,32,0,2,27,4,1,2,2,4,1,2,2,1,23
6,32,38,39,6,32,0,2,28,6,0,1,2,28,0,2,26,1,26
6,32,38,39,6,32,0,2,29,6,0,1,3,29,0,2,27,1,24
6,32,38,39,6,32,0,2,30,6,0,1,3,30,0,2,28,1,25
6,33,39,40,6,6,0,2,1,4,1,2,1,4,1,2,1,1,33
6,33,39,40,6,6,0,2,2,33,0,1,1,33,0,1,1,1,26
6,33,39,40,6,6,0,2,3,33,0,1,2,33,0,1,31,1,30
6,33,39,40,6,6,0,2,4,4,0,2,2,4,0,2,2,1,32
6,33,39,40,6,33,0,2,1,6,0,1,1,6,0,1,1,1,33
6,33,39,40,6,33,0,2,2,6,0,1,2,30,1,2,28,1,23
6,33,39,40,6,33,0,2,3,6,0,1,2,29,1,2,1,1,29
6,33,39,40,6,33,0,2,4,4,0,2,2,4,0,2,2,1,31
6,33,39,40,6,33,0,2,5,5,0,2,2,5,0,2,3,1,23
6,33,39,40,6,33,0,2,6,6,0,1,2,6,0,2,4,1,29
6,33,39,40,6,33,0,2,7,6,0,1,1,6,0,1,1,1,31
6,33,39,40,6,33,0,2,8,6,0,1,3,8,0,2,6,1,25
6,33,39,40,6,33,0,2,9,6,0,1,2,9,0,2,7,1,28
6,33,39,40,6,33,0,2,10,6,0,1,2,10,0,2,8,1,27
6,33,39,40,6,33,0,2,11,6,0,1,3,11,0,2,9,1,26
6,33,39,40,6,33,0,2,12,6,0,1,2,12,0,2,10,1,27
6,33,39,40,6,33,0,2,13,6,0,1,2,13,0,2,11,1,27
6,33,39,40,6,33,0,2,14,6,0,1,3,14,0,2,12,1,25
6,33,39,40,6,33,0,2,15,6,0,1,2,15,0,2,13,1,27
6,33,39,40,6,33,0,2,16,6,0,1,2,16,0,2,14,1,27
6,33,39,40,6,33,0,2,17,6,0,1,2,15,1,2,1,1,28
6,33,39,40,6,33,0,2,18,6,0,1,2,14,1,2,12,1,25
6,33,39,40,6,33,0,2,19,6,0,1,2,13,1,2,11,1,27
6,33,39,40,6,33,0,2,20,6,0,1,2,12,1,2,10,1,27
6,33,39,40,6,33,0,2,21,6,0,1,3,11,1,2,9,1,23
6,33,39,40,6,33,0,2,22,6,0,1,2,10,1,2,8,1,27
6,33,39,40,6,33,0,2,23,6,0,1,2,9,1,2,7,1,27
6,33,39,40,6,33,0,2,24,6,0,1,3,8,1,2,6,1,26
6,33,39,40,6,33,0,2,25,6,0,1,2,7,1,2,5,1,27
6,33,39,40,6,33,0,2,26,6,0,1,2,6,1,2,4,1,26
6,33,39,40,6,33,0,2,27,5,1,2,2,27,0,2,25,1,27
6,33,39,40,6,33,0,2,28,4,1,2,2,4,1,2,2,1,28
6,33,39,40,6,33,0,2,29,6,0,1,2,29,0,2,27,1,28
6,33,39,40,6,33,0,2,30,6,0,1,2,30,0,2,28,1,29
6,33,39,40,6,33,0,2,31,6,0,1,2,31,0,2,29,1,30
7,2,9,10,7,7,0,2,1,5,1,2,1,5,1,2,1,1,3
7,2,9,10,7,7,0,2,2,4,1,2,1,4,1,2,1,1,2
7,2,9,10,7,7,0,2,3,3,1,2,0,3,1,2,0,0,2
7,2,9,10,7,7,0,2,4,4,0,2,1,4,0,2,1,1,2
7,2,9,10,7,7,0,2,5,5,0,2,2,5,0,2,3,1,2
7,3,10,11,7,3,0,2,1,7,0,1,2,7,0,1,5,1,4
7,3,10,11,7,7,0,2,1,5,1,2,1,5,1,2,1,1,3
7,3,10,11,7,7,0,2,2,4,1,2,1,4,1,2,1,1,2
7,3,10,11,7,7,0,2,3,3,0,1,1,3,0,1,2,0,4
7,3,10,11,7,7,0,2,4,4,0,2,2,4,0,2,2,1,1
7,3,10,11,7,7,0,2,5,5,0,2,1,5,0,2,1,1,3
7,6,13,14,7,6,0,2,1,4,1,2,1,4,1,2,1,1,6
7,6,13,14,7,6,0,2,2,7,0,1,2,7,0,1,2,2,2
7,6,13,14,7,6,0,2,3,3,0,2,1,3,0,2,1,1,5
7,6,13,14,7,6,0,2,4,4,0,2,1,4,0,2,1,1,5
7,6,13,14,7,7,0,2,1,5,1,2,2,6,0,1,5,0,6
7,6,13,14,7,7,0,2,2,4,1,2,2,4,1,2,2,1,5
7,6,13,14,7,7,0,2,3,6,0,1,1,6,0,1,1,1,3
7,6,13,14,7,7,0,2,4,4,0,2,2,6,0,1,5,0,6
7,6,13,14,7,7,0,2,5,5,0,2,2,6,0,1,5,0,6
7,7,14,15,7,7,0,2,1,5,1,2,1,7,0,1,6,0,9
7,7,14,15,7,7,0,2,2,4,1,2,1,4,1,2,1,1,5
7,7,14,15,7,7,0,2,3,3,1,2,1,3,1,2,1,1,5
7,7,14,15,7,7,0,2,4,4,0,2,2,4,0,2,2,1,6
7,7,14,15,7,7,0,2,5,5,0,2,2,5,0,2,3,1,6
7,8,15,16,7,7,0,2,1,5,1,2,1,5,1,2,1,1,9
7,8,15,16,7,7,0,2,2,4,1,2,1,4,1,2,1,1,4
7,8,15,16,7,7,0,2,3,3,1,2,1,3,1,2,1,1,6
7,8,15,16,7,7,0,2,4,4,0,2,2,4,0,2,2,1,6
7,8,15,16,7,7,0,2,5,5,0,2,2,5,0,2,3,1,4
7,8,15,16,7,8,0,2,1,6,1,2,2,7,0,1,6,0,9
7,8,15,16,7,8,0,2,2,5,1,2,2,7,0,1,1,1,5
7,8,15,16,7,8,0,2,3,4,1,2,1,7,0,1,6,0,8
7,8,15,16,7,8,0,2,4,4,0,2,2,4,0,2,2,1,5
7,8,15,16,7,8,0,2,5,5,0,2,2,5,0,2,3,1,5
7,8,15,16,7,8,0,2,6,6,0,2,2,7,0,1,6,0,8
7,10,17,18,7,7,0,2,1,5,1,2,1,5,1,2,1,1,10
7,10,17,18,7,7,0,2,2,4,1,2,2,4,1,2,2,1,4
7,10,17,18,7,7,0,2,3,3,0,2,1,3,0,2,1,1,9
7,10,17,18,7,7,0,2,4,4,0,2,2,4,0,2,2,1,8
7,10,17,18,7,7,0,2,5,5,0,2,1,5,0,2,1,1,8
7,10,17,18,7,10,0,2,1,7,0,1,1,8,1,2,0,0,12
7,10,17,18,7,10,0,2,2,7,0,1,2,7,0,1,2,2,1
7,10,17,18,7,10,0,2,3,3,0,2,1,3,0,2,1,1,9
7,10,17,18,7,10,0,2,4,4,0,2,2,4,0,2,2,1,7
7,10,17,18,7,10,0,2,5,4,1,2,2,4,1,2,2,1,4
7,10,17,18,7,10,0,2,6,3,1,2,1,3,1,2,1,1,9
7,10,17,18,7,10,0,2,7,2,1,2,0,2,1,2,0,0,7
7,10,17,18,7,10,0,2,8,7,0,1,4,8,0,2,1,1,7
7,12,19,20,7,7,0,2,1,5,1,2,1,12,0,1,11,0,14
7,12,19,20,7,7,0,2,2,4,1,2,2,4,1,2,2,1,5
7,12,19,20,7,7,0,2,3,3,1,2,1,3,1,2,1,1,11
7,12,19,20,7,7,0,2,4,4,0,2,2,4,0,2,2,1,11
7,12,19,20,7,7,0,2,5,5,0,2,2,5,0,2,3,1,8
7,12,19,20,7,12,0,2,1,7,0,1,1,7,0,1,1,1,12
7,12,19,20,7,12,0,2,2,7,0,1,1,7,0,1,1,1,9
7,12,19,20,7,12,0,2,3,7,0,1,2,7,0,1,5,1,8
7,12,19,20,7,12,0,2,4,4,0,2,1,4,0,2,1,1,10
7,12,19,20,7,12,0,2,5,5,0,2,2,6,1,2,1,1,8
7,12,19,20,7,12,0,2,6,5,1,2,2,6,0,2,1,1,9
7,12,19,20,7,12,0,2,7,4,1,2,1,4,1,2,1,1,9
7,12,19,20,7,12,0,2,8,3,1,2,1,3,1,2,1,1,8
7,12,19,20,7,12,0,2,9,7,0,1,2,7,0,1,5,1,10
7,12,19,20,7,12,0,2,10,7,0,1,2,7,0,1,5,1,9
7,13,20,21,7,7,0,2,1,5,1,2,1,5,1,2,1,1,14
7,13,20,21,7,7,0,2,2,4,1,2,2,4,1,2,2,1,7
7,13,20,21,7,7,0,2,3,3,1,2,1,3,1,2,1,1,11
7,13,20,21,7,7,0,2,4,4,0,2,2,4,0,2,2,1,11
7,13,20,21,7,7,0,2,5,5,0,2,2,5,0,2,3,1,6
7,13,20,21,7,13,0,2,1,7,0,1,1,7,0,1,1,1,14
7,13,20,21,7,13,0,2,2,7,0,1,4,10,1,2,8,1,6
7,13,20,21,7,13,0,2,3,7,0,1,2,7,0,1,5,1,10
7,13,20,21,7,13,0,2,4,4,0,2,1,4,0,2,1,1,11
7,13,20,21,7,13,0,2,5,5,0,2,2,5,0,2,3,1,7
7,13,20,21,7,13,0,2,6,6,0,2,3,6,1,2,4,1,6
7,13,20,21,7,13,0,2,7,5,1,2,2,7,0,1,1,1,9
7,13,20,21,7,13,0,2,8,4,1,2,2,4,1,2,2,1,9
7,13,20,21,7,13,0,2,9,7,0,1,4,9,0,2,7,1,4
7,13,20,21,7,13,0,2,10,7,0,1,1,7,0,1,1,1,12
7,13,20,21,7,13,0,2,11,7,0,1,1,7,0,1,1,1,10
7,14,21,22,7,7,0,2,1,5,1,2,1,5,1,2,1,1,15
7,14,21,22,7,7,0,2,2,4,1,2,2,4,1,2,2,1,7
7,14,21,22,7,7,0,2,3,3,1,2,1,3,1,2,1,1,12
7,14,21,22,7,7,0,2,4,4,0,2,2,4,0,2,2,1,12
7,14,21,22,7,7,0,2,5,5,0,2,2,5,0,2,3,1,11
7,14,21,22,7,14,0,2,1,7,0,1,1,7,0,1,1,1,15
7,14,21,22,7,14,0,2,2,7,0,1,1,7,0,1,1,1,7
7,14,21,22,7,14,0,2,3,7,0,1,1,7,0,1,1,1,13
7,14,21,22,7,14,0,2,4,4,0,2,2,4,0,2,2,1,10
7,14,21,22,7,14,0,2,5,5,0,2,2,5,0,2,3,1,10
7,14,21,22,7,14,0,2,6,6,0,2,2,7,0,1,1,1,12
7,14,21,22,7,14,0,2,7,6,1,2,2,6,1,2,4,1,10
7,14,21,22,7,14,0,2,8,5,1,2,2,7,0,1,5,1,9
7,14,21,22,7,14,0,2,9,4,1,2,1,4,1,2,1,1,10
7,14,21,22,7,14,0,2,10,7,0,1,2,7,0,1,5,1,10
7,14,21,22,7,14,0,2,11,7,0,1,1,7,0,1,1,1,12
7,14,21,22,7,14,0,2,12,7,0,1,1,7,0,1,1,1,11
7,15,22,23,7,7,0,2,1,5,1,2,1,5,1,2,1,1,16
7,15,22,23,7,7,0,2,2,4,1,2,2,4,1,2,2,1,9
7,15,22,23,7,7,0,2,3,3,1,2,1,3,1,2,1,1,10
7,15,22,23,7,7,0,2,4,4,0,2,2,4,0,2,2,1,12
7,15,22,23,7,7,0,2,5,5,0,2,2,5,0,2,3,1,6
7,15,22,23,7,15,0,2,1,7,0,1,1,13,1,2,0,0,17
7,15,22,23,7,15,0,2,2,7,0,1,4,12,1,2,10,1,7
7,15,22,23,7,15,0,2,3,7,0,1,1,7,0,1,1,1,13
7,15,22,23,7,15,0,2,4,4,0,2,2,4,0,2,2,1,10
7,15,22,23,7,15,0,2,5,5,0,2,1,5,0,2,1,1,6
7,15,22,23,7,15,0,2,6,6,0,2,2,7,0,1,1,1,10
7,15,22,23,7,15,0,2,7,7,0,1,2,7,0,1,2,2,5
7,15,22,23,7,15,0,2,8,6,1,2,2,8,0,2,6,1,7
7,15,22,23,7,15,0,2,9,5,1,2,1,5,1,2,1,1,9
7,15,22,23,7,15,0,2,10,7,0,1,2,7,0,1,2,2,4
7,15,22,23,7,15,0,2,11,7,0,1,1,7,0,1,1,1,13
7,15,22,23,7,15,0,2,12,7,0,1,4,7,0,1,4,2,6
7,15,22,23,7,15,0,2,13,7,0,1,1,7,0,1,1,1,8
7,16,23,24,7,7,0,2,1,5,1,2,1,5,1,2,1,1,17
7,16,23,24,7,7,0,2,2,4,1,2,2,4,1,2,2,1,8
7,16,23,24,7,7,0,2,3,3,0,2,1,3,0,2,1,1,16
7,16,23,24,7,7,0,2,4,4,0,2,2,4,0,2,2,1,15
7,16,23,24,7,7,0,2,5,5,0,2,1,5,0,2,1,1,14
7,16,23,24,7,16,0,2,1,7,0,1,1,7,0,1,1,1,17
7,16,23,24,7,16,0,2,2,7,0,1,1,7,0,1,1,1,7
7,16,23,24,7,16,0,2,3,3,0,2,1,3,0,2,1,1,16
7,16,23,24,7,16,0,2,4,4,0,2,2,4,0,2,2,1,14
7,16,23,24,7,16,0,2,5,5,0,2,2,5,0,2,3,1,11
7,16,23,24,7,16,0,2,6,6,0,2,1,6,0,2,1,1,15
7,16,23,24,7,16,0,2,7,7,0,1,2,7,0,2,5,1,11
7,16,23,24,7,16,0,2,8,7,0,1,2,7,1,2,5,1,11
7,16,23,24,7,16,0,2,9,6,1,2,1,6,1,2,1,1,15
7,16,23,24,7,16,0,2,10,5,1,2,1,5,1,2,1,1,11
7,16,23,24,7,16,0,2,11,4,1,2,2,4,1,2,2,1,12
7,16,23,24,7,16,0,2,12,3,1,2,1,3,1,2,1,1,14
7,16,23,24,7,16,0,2,13,7,0,1,2,7,0,1,5,1,11
7,16,23,24,7,16,0,2,14,7,0,1,1,7,0,1,1,1,16
7,17,24,25,7,7,0,2,1,5,1,2,1,5,1,2,1,1,18
7,17,24,25,7,7,0,2,2,4,1,2,2,4,1,2,2,1,14
7,17,24,25,7,7,0,2,3,3,1,2,1,3,1,2,1,1,15
7,17,24,25,7,7,0,2,4,4,0,2,2,4,0,2,2,1,16
7,17,24,25,7,7,0,2,5,5,0,2,2,5,0,2,3,1,11
7,17,24,25,7,17,0,2,1,7,0,1,1,7,0,1,1,1,18
7,17,24,25,7,17,0,2,2,7,0,1,4,14,1,2,1,1,12
7,17,24,25,7,17,0,2,3,7,0,1,1,7,0,1,1,1,14
7,17,24,25,7,17,0,2,4,4,0,2,2,4,0,2,2,1,14
7,17,24,25,7,17,0,2,5,5,0,2,2,11,1,2,9,1,7
7,17,24,25,7,17,0,2,6,6,0,2,2,7,0,1,1,1,12
7,17,24,25,7,17,0,2,7,7,0,1,2,7,0,1,5,1,10
7,17,24,25,7,17,0,2,8,8,0,2,2,8,0,2,6,1,4
7,17,24,25,7,17,0,2,9,7,0,1,2,7,0,1,5,1,12
7,17,24,25,7,17,0,2,10,6,1,2,1,6,1,2,1,1,12
7,17,24,25,7,17,0,2,11,5,1,2,2,11,0,2,9,1,8
7,17,24,25,7,17,0,2,12,4,1,2,2,4,1,2,2,1,12
7,17,24,25,7,17,0,2,13,3,1,2,1,3,1,2,1,1,10
7,17,24,25,7,17,0,2,14,7,0,1,2,14,0,2,12,1,10
7,17,24,25,7,17,0,2,15,7,0,1,1,7,0,1,1,1,13
7,18,25,26,7,7,0,2,1,5,1,2,1,5,1,2,1,1,19
7,18,25,26,7,7,0,2,2,4,1,2,2,4,1,2,2,1,9
7,18,25,26,7,7,0,2,3,3,1,2,1,3,1,2,1,1,17
7,18,25,26,7,7,0,2,4,4,0,2,2,4,0,2,2,1,17
7,18,25,26,7,7,0,2,5,5,0,2,2,5,0,2,3,1,12
7,18,25,26,7,18,0,2,1,7,0,1,1,7,0,1,1,1,19
7,18,25,26,7,18,0,2,2,7,0,1,1,7,0,1,1,1,10
7,18,25,26,7,18,0,2,3,7,0,1,1,7,0,1,1,1,17
7,18,25,26,7,18,0,2,4,4,0,2,2,4,0,2,2,1,15
7,18,25,26,7,18,0,2,5,5,0,2,2,5,0,2,3,1,13
7,18,25,26,7,18,0,2,6,6,0,2,2,6,0,2,4,1,14
7,18,25,26,7,18,0,2,7,7,0,1,1,7,0,1,1,1,15
7,18,25,26,7,18,0,2,8,7,0,1,2,7,0,1,5,1,14
7,18,25,26,7,18,0,2,9,7,0,1,2,7,0,1,5,1,14
7,18,25,26,7,18,0,2,10,7,0,1,2,7,0,1,5,1,14
7,18,25,26,7,18,0,2,11,6,1,2,1,6,1,2,1,1,13
7,18,25,26,7,18,0,2,12,5,1,2,2,7,0,1,5,1,13
7,18,25,26,7,18,0,2,13,4,1,2,1,4,1,2,1,1,14
7,18,25,26,7,18,0,2,14,3,1,2,1,3,1,2,1,1,14
7,18,25,26,7,18,0,2,15,7,0,1,2,7,0,1,5,1,15
7,18,25,26,7,18,0,2,16,7,0,1,2,7,0,1,5,1,15
7,19,26,27,7,7,0,2,1,5,1,2,1,5,1,2,1,1,20
7,19,26,27,7,7,0,2,2,4,1,2,2,4,1,2,2,1,12
7,19,26,27,7,7,0,2,3,3,1,2,1,3,1,2,1,1,17
7,19,26,27,7,7,0,2,4,4,0,2,2,4,0,2,2,1,17
7,19,26,27,7,7,0,2,5,5,0,2,2,5,0,2,3,1,10
7,19,26,27,7,19,0,2,1,7,0,1,1,7,0,1,1,1,20
7,19,26,27,7,19,0,2,2,7,0,1,4,16,1,2,14,1,10
7,19,26,27,7,19,0,2,3,7,0,1,1,7,0,1,1,1,17
7,19,26,27,7,19,0,2,4,4,0,2,2,4,0,2,2,1,15
7,19,26,27,7,19,0,2,5,5,0,2,2,5,0,2,3,1,8
7,19,26,27,7,19,0,2,6,6,0,2,2,12,1,2,10,1,12
7,19,26,27,7,19,0,2,7,7,0,1,1,7,0,1,1,1,10
7,19,26,27,7,19,0,2,8,7,0,1,2,8,0,2,6,1,11
7,19,26,27,7,19,0,2,9,7,0,1,2,9,0,2,7,1,9
7,19,26,27,7,19,0,2,10,7,0,1,1,7,0,1,1,1,13
7,19,26,27,7,19,0,2,11,7,0,1,1,7,0,1,1,1,14
7,19,26,27,7,19,0,2,12,6,1,2,2,12,0,2,10,1,7
7,19,26,27,7,19,0,2,13,5,1,2,2,7,0,1,1,1,14
7,19,26,27,7,19,0,2,14,4,1,2,2,4,1,2,2,1,13
7,19,26,27,7,19,0,2,15,7,0,1,4,15,0,2,13,1,7
7,19,26,27,7,19,0,2,16,7,0,1,2,16,0,2,14,1,12
7,19,26,27,7,19,0,2,17,7,0,1,2,17,0,2,15,1,14
7,20,27,28,7,7,0,2,1,5,1,2,1,5,1,2,1,1,21
7,20,27,28,7,7,0,2,2,4,1,2,2,4,1,2,2,1,11
7,20,27,28,7,7,0,2,3,3,0,2,1,3,0,2,1,1,20
7,20,27,28,7,7,0,2,4,4,0,2,2,4,0,2,2,1,19
7,20,27,28,7,7,0,2,5,5,0,2,1,5,0,2,1,1,18
7,20,27,28,7,20,0,2,1,7,0,1,1,7,0,1,1,1,21
7,20,27,28,7,20,0,2,2,7,0,1,1,7,0,1,1,1,11
7,20,27,28,7,20,0,2,3,7,0,1,1,7,0,1,1,1,19
7,20,27,28,7,20,0,2,4,4,0,2,2,4,0,2,2,1,18
7,20,27,28,7,20,0,2,5,5,0,2,2,5,0,2,3,1,15
7,20,27,28,7,20,0,2,6,6,0,2,2,6,0,2,4,1,19
7,20,27,28,7,20,0,2,7,7,0,1,2,7,0,1,5,1,17
7,20,27,28,7,20,0,2,8,7,0,1,2,7,0,1,5,1,15
7,20,27,28,7,20,0,2,9,7,0,1,1,7,0,1,1,1,17
7,20,27,28,7,20,0,2,10,7,0,1,2,7,0,1,5,1,15
7,20,27,28,7,20,0,2,11,7,0,1,1,7,0,1,1,1,16
7,20,27,28,7,20,0,2,12,7,0,1,1,7,0,1,1,1,15
7,20,27,28,7,20,0,2,13,6,1,2,2,6,1,2,4,1,15
7,20,27,28,7,20,0,2,14,5,1,2,1,5,1,2,1,1,18
7,20,27,28,7,20,0,2,15,4,1,2,2,4,1,2,2,1,14
7,20,27,28,7,20,0,2,16,3,1,2,1,3,1,2,1,1,17
7,20,27,28,7,20,0,2,17,7,0,1,1,7,0,1,1,1,18
7,20,27,28,7,20,0,2,18,7,0,1,2,7,0,1,5,1,18
7,21,28,29,7,7,0,2,1,5,1,2,1,21,0,1,20,0,23
7,21,28,29,7,7,0,2,2,4,1,2,2,4,1,2,2,1,17
7,21,28,29,7,7,0,2,3,3,1,2,1,3,1,2,1,1,19
7,21,28,29,7,7,0,2,4,4,0,2,2,4,0,2,2,1,20
7,21,28,29,7,7,0,2,5,5,0,2,2,5,0,2,3,1,12
7,21,28,29,7,21,0,2,1,7,0,1,1,7,0,1,1,1,22
7,21,28,29,7,21,0,2,2,7,0,1,4,18,1,2,16,1,15
7,21,28,29,7,21,0,2,3,7,0,1,1,7,0,1,1,1,19
7,21,28,29,7,21,0,2,4,4,0,2,2,4,0,2,2,1,19
7,21,28,29,7,21,0,2,5,5,0,2,2,5,0,2,3,1,8
7,21,28,29,7,21,0,2,6,6,0,2,2,7,0,1,1,1,18
7,21,28,29,7,21,0,2,7,7,0,1,2,7,0,1,5,1,10
7,21,28,29,7,21,0,2,8,7,0,1,2,8,0,2,6,1,10
7,21,28,29,7,21,0,2,9,7,0,1,1,7,0,1,1,1,18
7,21,28,29,7,21,0,2,10,7,0,1,2,7,0,1,2,2,9
7,21,28,29,7,21,0,2,11,7,0,1,2,9,1,2,7,1,14
7,21,28,29,7,21,0,2,12,7,0,1,2,8,1,2,1,1,14
7,21,28,29,7,21,0,2,13,7,0,1,2,7,0,1,2,2,9
7,21,28,29,7,21,0,2,14,6,1,2,2,6,1,2,4,1,17
7,21,28,29,7,21,0,2,15,5,1,2,2,5,1,2,2,2,8
7,21,28,29,7,21,0,2,16,4,1,2,2,4,1,2,2,1,12
7,21,28,29,7,21,0,2,17,7,0,1,1,7,0,1,1,1,18
7,21,28,29,7,21,0,2,18,7,0,1,2,18,0,2,16,1,13
7,21,28,29,7,21,0,2,19,7,0,1,1,7,0,1,1,1,15
7,22,29,30,7,7,0,2,1,5,1,2,1,5,1,2,1,1,23
7,22,29,30,7,7,0,2,2,4,1,2,2,4,1,2,2,1,13
7,22,29,30,7,7,0,2,3,3,1,2,1,3,1,2,1,1,21
7,22,29,30,7,7,0,2,4,4,0,2,2,4,0,2,2,1,21
7,22,29,30,7,7,0,2,5,5,0,2,2,5,0,2,3,1,20
7,22,29,30,7,22,0,2,1,7,0,1,1,7,0,1,1,1,23
7,22,29,30,7,22,0,2,2,7,0,1,1,7,0,1,1,1,14
7,22,29,30,7,22,0,2,3,7,0,1,1,7,0,1,1,1,21
7,22,29,30,7,22,0,2,4,4,0,2,2,4,0,2,2,1,20
7,22,29,30,7,22,0,2,5,5,0,2,2,5,0,2,3,1,19
7,22,29,30,7,22,0,2,6,6,0,2,1,6,0,2,1,1,22
7,22,29,30,7,22,0,2,7,7,0,1,1,7,0,1,1,1,20
7,22,29,30,7,22,0,2,8,7,0,1,2,7,0,1,5,1,18
7,22,29,30,7,22,0,2,9,7,0,1,1,7,0,1,1,1,21
7,22,29,30,7,22,0,2,10,7,0,1,2,7,0,1,5,1,19
7,22,29,30,7,22,0,2,11,7,0,1,2,7,0,1,5,1,18
7,22,29,30,7,22,0,2,12,7,0,1,1,7,0,1,1,1,20
7,22,29,30,7,22,0,2,13,7,0,1,2,7,0,1,5,1,17
7,22,29,30,7,22,0,2,14,7,0,1,2,7,0,1,5,1,19
7,22,29,30,7,22,0,2,15,6,1,2,1,6,1,2,1,1,20
7,22,29,30,7,22,0,2,16,5,1,2,1,5,1,2,1,1,18
7,22,29,30,7,22,0,2,17,4,1,2,1,4,1,2,1,1,20
7,22,29,30,7,22,0,2,18,3,1,2,1,3,1,2,1,1,20
7,22,29,30,7,22,0,2,19,7,0,1,1,7,0,1,1,1,20
7,22,29,30,7,22,0,2,20,7,0,1,2,7,0,1,5,1,20
7,23,30,31,7,7,0,2,1,5,1,2,1,5,1,2,1,1,24
7,23,30,31,7,7,0,2,2,4,1,2,1,4,1,2,1,1,19
7,23,30,31,7,7,0,2,3,3,1,2,1,3,1,2,1,1,21
7,23,30,31,7,7,0,2,4,4,0,2,2,4,0,2,2,1,22
7,23,30,31,7,7,0,2,5,5,0,2,2,5,0,2,3,1,16
7,23,30,31,7,23,0,2,1,7,0,1,1,7,0,1,1,1,24
7,23,30,31,7,23,0,2,2,7,0,1,2,7,0,1,5,1,18
7,23,30,31,7,23,0,2,3,7,0,1,1,7,0,1,1,1,21
7,23,30,31,7,23,0,2,4,4,0,2,2,4,0,2,2,1,20
7,23,30,31,7,23,0,2,5,5,0,2,2,5,0,2,3,1,14
7,23,30,31,7,23,0,2,6,6,0,2,2,7,0,1,1,1,18
7,23,30,31,7,23,0,2,7,7,0,1,1,7,0,1,1,1,13
7,23,30,31,7,23,0,2,8,7,0,1,2,8,0,2,6,1,13
7,23,30,31,7,23,0,2,9,7,0,1,1,7,0,1,1,1,16
7,23,30,31,7,23,0,2,10,7,0,1,2,10,0,2,8,1,15
7,23,30,31,7,23,0,2,11,7,0,1,2,11,0,2,9,1,13
7,23,30,31,7,23,0,2,12,7,0,1,2,7,0,1,5,1,17
7,23,30,31,7,23,0,2,13,7,0,1,2,9,1,2,1,1,18
7,23,30,31,7,23,0,2,14,7,0,1,2,14,0,2,12,1,12
7,23,30,31,7,23,0,2,15,7,0,1,1,7,0,1,1,1,19
7,23,30,31,7,23,0,2,16,6,1,2,2,6,1,2,4,1,12
7,23,30,31,7,23,0,2,17,5,1,2,2,17,0,2,15,1,15
7,23,30,31,7,23,0,2,18,4,1,2,2,4,1,2,2,1,17
7,23,30,31,7,23,0,2,19,7,0,1,2,19,0,2,17,1,15
7,23,30,31,7,23,0,2,20,7,0,1,2,20,0,2,18,1,17
7,23,30,31,7,23,0,2,21,7,0,1,1,7,0,1,1,1,20
7,24,31,32,7,7,0,2,1,5,1,2,1,5,1,2,1,1,25
7,24,31,32,7,7,0,2,2,4,1,2,2,4,1,2,2,1,14
7,24,31,32,7,7,0,2,3,3,1,2,1,3,1,2,1,1,23
7,24,31,32,7,7,0,2,4,4,0,2,2,4,0,2,2,1,23
7,24,31,32,7,7,0,2,5,5,0,2,2,5,0,2,3,1,21
7,24,31,32,7,24,0,2,1,7,0,1,1,7,0,1,1,1,25
7,24,31,32,7,24,0,2,2,7,0,1,1,7,0,1,1,1,13
7,24,31,32,7,24,0,2,3,7,0,1,1,7,0,1,1,1,23
7,24,31,32,7,24,0,2,4,4,0,2,2,4,0,2,2,1,22
7,24,31,32,7,24,0,2,5,5,0,2,2,5,0,2,3,1,19
7,24,31,32,7,24,0,2,6,6,0,2,2,6,0,2,4,1,21
7,24,31,32,7,24,0,2,7,7,0,1,2,7,0,1,5,1,21
7,24,31,32,7,24,0,2,8,7,0,1,2,7,0,1,5,1,19
7,24,31,32,7,24,0,2,9,7,0,1,2,7,0,1,5,1,20
7,24,31,32,7,24,0,2,10,7,0,1,2,7,0,1,5,1,20
7,24,31,32,7,24,0,2,11,7,0,1,1,7,0,1,1,1,22
7,24,31,32,7,24,0,2,12,7,0,1,2,7,0,1,5,1,19
7,24,31,32,7,24,0,2,13,7,0,1,2,7,0,1,5,1,20
7,24,31,32,7,24,0,2,14,7,0,1,1,7,0,1,1,1,18
7,24,31,32,7,24,0,2,15,7,0,1,2,7,0,1,5,1,19
7,24,31,32,7,24,0,2,16,7,0,1,2,7,0,1,5,1,20
7,24,31,32,7,24,0,2,17,6,1,2,1,6,1,2,1,1,18
7,24,31,32,7,24,0,2,18,5,1,2,2,7,0,1,5,1,19
7,24,31,32,7,24,0,2,19,4,1,2,1,4,1,2,1,1,21
7,24,31,32,7,24,0,2,20,3,1,2,1,3,1,2,1,1,21
7,24,31,32,7,24,0,2,21,7,0,1,2,7,0,1,5,1,21
7,24,31,32,7,24,0,2,22,7,0,1,1,7,0,1,1,1,23
7,25,32,33,7,7,0,2,1,5,1,2,1,5,1,2,1,1,26
7,25,32,33,7,7,0,2,2,4,1,2,2,4,1,2,2,1,21
7,25,32,33,7,7,0,2,3,3,1,2,1,3,1,2,1,1,23
7,25,32,33,7,7,0,2,4,4,0,2,2,4,0,2,2,1,24
7,25,32,33,7,7,0,2,5,5,0,2,2,5,0,2,3,1,16
7,25,32,33,7,25,0,2,1,7,0,1,1,7,0,1,1,1,26
7,25,32,33,7,25,0,2,2,7,0,1,4,22,1,2,20,1,17
7,25,32,33,7,25,0,2,3,7,0,1,1,7,0,1,1,1,23
7,25,32,33,7,25,0,2,4,4,0,2,2,4,0,2,2,1,21
7,25,32,33,7,25,0,2,5,5,0,2,2,5,0,2,3,1,11
7,25,32,33,7,25,0,2,6,6,0,2,2,7,0,1,1,1,20
7,25,32,33,7,25,0,2,7,7,0,1,2,7,0,2,5,1,12
7,25,32,33,7,25,0,2,8,7,0,1,4,8,0,2,6,1,12
7,25,32,33,7,25,0,2,9,7,0,1,2,9,0,2,7,1,16
7,25,32,33,7,25,0,2,10,7,0,1,2,7,0,1,5,1,15
7,25,32,33,7,25,0,2,11,7,0,1,2,11,0,2,9,1,17
7,25,32,33,7,25,0,2,12,7,0,1,4,12,0,2,10,1,15
7,25,32,33,7,25,0,2,13,7,0,1,2,7,0,1,5,1,18
7,25,32,33,7,25,0,2,14,7,0,1,1,7,0,1,1,1,20
7,25,32,33,7,25,0,2,15,7,0,1,4,15,0,2,13,1,11
7,25,32,33,7,25,0,2,16,7,0,1,2,8,1,2,6,1,19
7,25,32,33,7,25,0,2,17,7,0,1,2,7,1,2,5,1,15
7,25,32,33,7,25,0,2,18,6,1,2,2,18,0,2,16,1,13
7,25,32,33,7,25,0,2,19,5,1,2,2,19,0,2,17,1,17
7,25,32,33,7,25,0,2,20,4,1,2,2,4,1,2,2,1,19
7,25,32,33,7,25,0,2,21,7,0,1,4,21,0,2,19,1,17
7,25,32,33,7,25,0,2,22,7,0,1,2,22,0,2,20,1,20
7,25,32,33,7,25,0,2,23,7,0,1,1,7,0,1,1,1,21
7,26,33,34,7,7,0,2,1,5,1,2,1,5,1,2,1,1,27
7,26,33,34,7,7,0,2,2,4,1,2,2,4,1,2,2,1,19
7,26,33,34,7,7,0,2,3,3,0,2,1,3,0,2,1,1,26
7,26,33,34,7,7,0,2,4,4,0,2,2,4,0,2,2,1,25
7,26,33,34,7,7,0,2,5,5,0,2,1,5,0,2,1,1,24
7,26,33,34,7,26,0,2,1,7,0,1,1,7,0,1,1,1,27
7,26,33,34,7,26,0,2,2,7,0,1,1,7,0,1,1,1,18
7,26,33,34,7,26,0,2,3,7,0,1,1,7,0,1,1,1,25
7,26,33,34,7,26,0,2,4,4,0,2,2,4,0,2,2,1,24
7,26,33,34,7,26,0,2,5,5,0,2,2,5,0,2,3,1,21
7,26,33,34,7,26,0,2,6,6,0,2,1,6,0,2,1,1,26
7,26,33,34,7,26,0,2,7,7,0,1,2,7,0,1,5,1,23
7,26,33,34,7,26,0,2,8,7,0,1,2,7,0,1,5,1,22
7,26,33,34,7,26,0,2,9,7,0,1,1,7,0,1,1,1,24
7,26,33,34,7,26,0,2,10,7,0,1,2,7,0,1,5,1,23
7,26,33,34,7,26,0,2,11,7,0,1,1,7,0,1,1,1,22
7,26,33,34,7,26,0,2,12,7,0,1,1,7,0,1,1,1,23
7,26,33,34,7,26,0,2,13,7,0,1,2,7,0,1,5,1,21
7,26,33,34,7,26,0,2,14,7,0,1,1,7,0,1,1,1,22
7,26,33,34,7,26,0,2,15,7,0,1,2,7,0,1,5,1,20
7,26,33,34,7,26,0,2,16,7,0,1,2,7,0,1,5,1,21
7,26,33,34,7,26,0,2,17,7,0,1,1,7,0,1,1,1,24
7,26,33,34,7,26,0,2,18,7,0,1,2,7,0,1,5,1,21
7,26,33,34,7,26,0,2,19,6,1,2,1,6,1,2,1,1,24
7,26,33,34,7,26,0,2,20,5,1,2,1,5,1,2,1,1,23
7,26,33,34,7,26,0,2,21,4,1,2,2,4,1,2,2,1,23
7,26,33,34,7,26,0,2,22,3,1,2,1,3,1,2,1,1,23
7,26,33,34,7,26,0,2,23,7,0,1,2,7,0,1,5,1,23
7,26,33,34,7,26,0,2,24,7,0,1,1,7,0,1,1,1,25
7,27,34,35,7,7,0,2,1,5,1,2,1,27,0,1,26,0,29
7,27,34,35,7,7,0,2,2,4,1,2,2,4,1,2,2,1,24
7,27,34,35,7,7,0,2,3,3,1,2,1,3,1,2,1,1,25
7,27,34,35,7,7,0,2,4,4,0,2,2,4,0,2,2,1,26
7,27,34,35,7,7,0,2,5,5,0,2,2,5,0,2,3,1,20
7,27,34,35,7,27,0,2,1,7,0,1,1,7,0,1,1,1,28
7,27,34,35,7,27,0,2,2,7,0,1,4,24,1,2,22,1,21
7,27,34,35,7,27,0,2,3,7,0,1,1,7,0,1,1,1,25
7,27,34,35,7,27,0,2,4,4,0,2,2,4,0,2,2,1,26
7,27,34,35,7,27,0,2,5,5,0,2,2,5,0,2,3,1,14
7,27,34,35,7,27,0,2,6,6,0,2,2,6,0,2,4,1,24
7,27,34,35,7,27,0,2,7,7,0,1,1,7,0,1,1,1,17
7,27,34,35,7,27,0,2,8,7,0,1,2,8,0,2,6,1,16
7,27,34,35,7,27,0,2,9,7,0,1,1,7,0,1,1,1,23
7,27,34,35,7,27,0,2,10,7,0,1,2,10,0,2,8,1,16
7,27,34,35,7,27,0,2,11,7,0,1,2,11,0,2,9,1,20
7,27,34,35,7,27,0,2,12,7,0,1,2,7,0,1,5,1,23
7,27,34,35,7,27,0,2,13,7,0,1,2,7,0,1,2,2,15
7,27,34,35,7,27,0,2,14,7,0,1,2,12,1,2,10,1,21
7,27,34,35,7,27,0,2,15,7,0,1,2,11,1,2,9,1,19
7,27,34,35,7,27,0,2,16,7,0,1,2,16,0,2,14,1,14
7,27,34,35,7,27,0,2,17,7,0,1,2,7,0,1,5,1,22
7,27,34,35,7,27,0,2,18,7,0,1,4,8,1,2,6,1,15
7,27,34,35,7,27,0,2,19,7,0,1,1,7,0,1,1,1,19
7,27,34,35,7,27,0,2,20,6,1,2,2,6,1,2,4,1,21
7,27,34,35,7,27,0,2,21,5,1,2,2,21,0,2,19,1,19
7,27,34,35,7,27,0,2,22,4,1,2,2,4,1,2,2,1,22
7,27,34,35,7,27,0,2,23,7,0,1,2,23,0,2,21,1,22
7,27,34,35,7,27,0,2,24,7,0,1,2,24,0,2,22,1,22
7,27,34,35,7,27,0,2,25,7,0,1,2,7,0,1,5,1,22
7,28,35,36,7,7,0,2,1,5,1,2,1,5,1,2,1,1,29
7,28,35,36,7,7,0,2,2,4,1,2,2,4,1,2,2,1,21
7,28,35,36,7,7,0,2,3,3,1,2,1,3,1,2,1,1,27
7,28,35,36,7,7,0,2,4,4,0,2,2,4,0,2,2,1,27
7,28,35,36,7,7,0,2,5,5,0,2,2,5,0,2,3,1,25
7,28,35,36,7,28,0,2,1,7,0,1,1,7,0,1,1,1,29
7,28,35,36,7,28,0,2,2,7,0,1,1,7,0,1,1,1,21
7,28,35,36,7,28,0,2,3,7,0,1,1,7,0,1,1,1,27
7,28,35,36,7,28,0,2,4,4,0,2,2,4,0,2,2,1,27
7,28,35,36,7,28,0,2,5,5,0,2,2,5,0,2,3,1,25
7,28,35,36,7,28,0,2,6,6,0,2,2,6,0,2,4,1,27
7,28,35,36,7,28,0,2,7,7,0,1,1,7,0,1,1,1,26
7,28,35,36,7,28,0,2,8,7,0,1,1,7,0,1,1,1,26
7,28,35,36,7,28,0,2,9,7,0,1,1,7,0,1,1,1,26
7,28,35,36,7,28,0,2,10,7,0,1,2,7,0,1,5,1,25
7,28,35,36,7,28,0,2,11,7,0,1,2,7,0,1,5,1,25
7,28,35,36,7,28,0,2,12,7,0,1,1,7,0,1,1,1,24
7,28,35,36,7,28,0,2,13,7,0,1,1,7,0,1,1,1,26
7,28,35,36,7,28,0,2,14,7,0,1,2,7,0,1,5,1,24
7,28,35,36,7,28,0,2,15,7,0,1,2,7,0,1,5,1,25
7,28,35,36,7,28,0,2,16,7,0,1,1,7,0,1,1,1,24
7,28,35,36,7,28,0,2,17,7,0,1,2,7,0,1,5,1,24
7,28,35,36,7,28,0,2,18,7,0,1,2,7,0,1,5,1,25
7,28,35,36,7,28,0,2,19,7,0,1,1,7,0,1,1,1,25
7,28,35,36,7,28,0,2,20,7,0,1,2,7,0,1,5,1,25
7,28,35,36,7,28,0,2,21,6,1,2,1,6,1,2,1,1,26
7,28,35,36,7,28,0,2,22,5,1,2,2,7,0,1,1,1,24
7,28,35,36,7,28,0,2,23,4,1,2,1,4,1,2,1,1,25
7,28,35,36,7,28,0,2,24,3,1,2,1,3,1,2,1,1,26
7,28,35,36,7,28,0,2,25,7,0,1,1,7,0,1,1,1,26
7,28,35,36,7,28,0,2,26,7,0,1,2,7,0,1,5,1,26
7,29,36,37,7,7,0,2,1,5,1,2,1,5,1,2,1,1,30
7,29,36,37,7,7,0,2,2,4,1,2,1,4,1,2,1,1,25
7,29,36,37,7,7,0,2,3,3,1,2,1,3,1,2,1,1,27
7,29,36,37,7,7,0,2,4,4,0,2,2,4,0,2,2,1,28
7,29,36,37,7,7,0,2,5,5,0,2,2,5,0,2,3,1,22
7,29,36,37,7,29,0,2,1,7,0,1,1,7,0,1,1,1,30
7,29,36,37,7,29,0,2,2,7,0,1,2,7,0,1,5,1,24
7,29,36,37,7,29,0,2,3,7,0,1,1,7,0,1,1,1,27
7,29,36,37,7,29,0,2,4,4,0,2,2,4,0,2,2,1,26
7,29,36,37,7,29,0,2,5,5,0,2,2,5,0,2,3,1,17
7,29,36,37,7,29,0,2,6,6,0,2,2,7,0,1,1,1,24
7,29,36,37,7,29,0,2,7,7,0,1,1,7,0,1,1,1,17
7,29,36,37,7,29,0,2,8,7,0,1,2,8,0,2,6,1,20
7,29,36,37,7,29,0,2,9,7,0,1,2,9,0,2,7,1,20
7,29,36,37,7,29,0,2,10,7,0,1,2,10,0,2,8,1,17
7,29,36,37,7,29,0,2,11,7,0,1,2,11,0,2,9,1,20
7,29,36,37,7,29,0,2,12,7,0,1,2,12,0,2,10,1,21
7,29,36,37,7,29,0,2,13,7,0,1,2,13,0,2,11,1,22
7,29,36,37,7,29,0,2,14,7,0,1,2,14,0,2,12,1,17
7,29,36,37,7,29,0,2,15,7,0,1,2,13,1,2,11,1,22
7,29,36,37,7,29,0,2,16,7,0,1,2,12,1,2,10,1,22
7,29,36,37,7,29,0,2,17,7,0,1,2,17,0,2,15,1,16
7,29,36,37,7,29,0,2,18,7,0,1,1,7,0,1,1,1,24
7,29,36,37,7,29,0,2,19,7,0,1,2,9,1,2,7,1,20
7,29,36,37,7,29,0,2,20,7,0,1,2,20,0,2,18,1,18
7,29,36,37,7,29,0,2,21,7,0,1,1,7,0,1,1,1,24
7,29,36,37,7,29,0,2,22,6,1,2,2,22,0,2,20,1,21
7,29,36,37,7,29,0,2,23,5,1,2,2,23,0,2,21,1,21
7,29,36,37,7,29,0,2,24,4,1,2,2,4,1,2,2,1,25
7,29,36,37,7,29,0,2,25,7,0,1,2,25,0,2,23,1,23
7,29,36,37,7,29,0,2,26,7,0,1,2,26,0,2,24,1,24
7,29,36,37,7,29,0,2,27,7,0,1,2,27,0,2,25,1,24
7,30,37,38,7,7,0,2,1,5,1,2,1,5,1,2,1,1,31
7,30,37,38,7,7,0,2,2,4,1,2,2,4,1,2,2,1,21
7,30,37,38,7,7,0,2,3,3,1,2,1,3,1,2,1,1,29
7,30,37,38,7,7,0,2,4,4,0,2,2,4,0,2,2,1,29
7,30,37,38,7,7,0,2,5,5,0,2,2,5,0,2,3,1,28
7,30,37,38,7,30,0,2,1,7,0,1,1,7,0,1,1,1,31
7,30,37,38,7,30,0,2,2,7,0,1,1,7,0,1,1,1,21
7,30,37,38,7,30,0,2,3,7,0,1,1,7,0,1,1,1,29
7,30,37,38,7,30,0,2,4,4,0,2,2,4,0,2,2,1,28
7,30,37,38,7,30,0,2,5,5,0,2,2,5,0,2,3,1,25
7,30,37,38,7,30,0,2,6,6,0,2,2,6,0,2,4,1,29
7,30,37,38,7,30,0,2,7,7,0,1,2,7,0,1,5,1,27
7,30,37,38,7,30,0,2,8,7,0,1,2,7,0,1,5,1,25
7,30,37,38,7,30,0,2,9,7,0,1,2,7,0,1,5,1,28
7,30,37,38,7,30,0,2,10,7,0,1,2,7,0,1,5,1,26
7,30,37,38,7,30,0,2,11,7,0,1,2,7,0,1,5,1,25
7,30,37,38,7,30,0,2,12,7,0,1,2,7,0,1,5,1,25
7,30,37,38,7,30,0,2,13,7,0,1,2,7,0,1,5,1,26
7,30,37,38,7,30,0,2,14,7,0,1,1,7,0,1,1,1,28
7,30,37,38,7,30,0,2,15,7,0,1,2,7,0,1,5,1,25
7,30,37,38,7,30,0,2,16,7,0,1,1,7,0,1,1,1,27
7,30,37,38,7,30,0,2,17,7,0,1,2,7,0,1,5,1,24
7,30,37,38,7,30,0,2,18,7,0,1,2,7,0,1,5,1,25
7,30,37,38,7,30,0,2,19,7,0,1,1,7,0,1,1,1,28
7,30,37,38,7,30,0,2,20,7,0,1,2,7,0,1,5,1,25
7,30,37,38,7,30,0,2,21,7,0,1,2,7,0,1,5,1,25
7,30,37,38,7,30,0,2,22,7,0,1,1,7,0,1,1,1,27
7,30,37,38,7,30,0,2,23,6,1,2,2,6,1,2,4,1,25
7,30,37,38,7,30,0,2,24,5,1,2,2,7,0,1,1,1,26
7,30,37,38,7,30,0,2,25,4,1,2,2,4,1,2,2,1,27
7,30,37,38,7,30,0,2,26,7,0,1,2,7,0,1,5,1,26
7,30,37,38,7,30,0,2,27,7,0,1,1,7,0,1,1,1,28
7,30,37,38,7,30,0,2,28,7,0,1,2,7,0,1,5,1,28
7,31,38,39,7,7,0,2,1,5,1,2,1,5,1,2,1,1,32
7,31,38,39,7,7,0,2,2,4,1,2,2,4,1,2,2,1,27
7,31,38,39,7,7,0,2,3,3,1,2,1,3,1,2,1,1,29
7,31,38,39,7,7,0,2,4,4,0,2,2,4,0,2,2,1,30
7,31,38,39,7,7,0,2,5,5,0,2,2,5,0,2,3,1,21
7,31,38,39,7,31,0,2,1,7,0,1,1,7,0,1,1,1,32
7,31,38,39,7,31,0,2,2,7,0,1,4,28,1,2,26,1,25
7,31,38,39,7,31,0,2,3,7,0,1,1,7,0,1,1,1,29
7,31,38,39,7,31,0,2,4,4,0,2,2,4,0,2,2,1,28
7,31,38,39,7,31,0,2,5,5,0,2,2,5,0,2,3,1,16
7,31,38,39,7,31,0,2,6,6,0,2,2,7,0,1,1,1,28
7,31,38,39,7,31,0,2,7,7,0,1,2,7,0,2,5,1,17
7,31,38,39,7,31,0,2,8,7,0,1,2,8,0,2,6,1,18
7,31,38,39,7,31,0,2,9,7,0,1,2,9,0,2,7,1,24
7,31,38,39,7,31,0,2,10,7,0,1,2,10,0,2,8,1,19
7,31,38,39,7,31,0,2,11,7,0,1,2,11,0,2,9,1,24
7,31,38,39,7,31,0,2,12,7,0,1,2,12,0,2,10,1,22
7,31,38,39,7,31,0,2,13,7,0,1,2,13,0,2,11,1,22
7,31,38,39,7,31,0,2,14,7,0,1,2,14,0,2,12,1,25
7,31,38,39,7,31,0,2,15,7,0,1,4,15,0,2,13,1,20
7,31,38,39,7,31,0,2,16,7,0,1,2,14,1,2,12,1,25
7,31,38,39,7,31,0,2,17,7,0,1,2,13,1,2,11,1,24
7,31,38,39,7,31,0,2,18,7,0,1,4,18,0,2,16,1,16
7,31,38,39,7,31,0,2,19,7,0,1,2,11,1,2,9,1,25
7,31,38,39,7,31,0,2,20,7,0,1,2,10,1,2,8,1,21
7,31,38,39,7,31,0,2,21,7,0,1,2,9,1,2,7,1,20
7,31,38,39,7,31,0,2,22,7,0,1,2,8,1,2,6,1,24
7,31,38,39,7,31,0,2,23,7,0,1,2,7,1,2,5,1,24
7,31,38,39,7,31,0,2,24,6,1,2,2,6,1,2,4,1,24
7,31,38,39,7,31,0,2,25,5,1,2,2,25,0,2,23,1,23
7,31,38,39,7,31,0,2,26,4,1,2,2,4,1,2,2,1,26
7,31,38,39,7,31,0,2,27,7,0,1,2,27,0,2,25,1,26
7,31,38,39,7,31,0,2,28,7,0,1,2,28,0,2,26,1,26
7,31,38,39,7,31,0,2,29,7,0,1,1,7,0,1,1,1,27
7,32,39,40,7,7,0,2,1,5,1,2,1,5,1,2,1,1,33
7,32,39,40,7,7,0,2,2,4,1,2,2,4,1,2,2,1,25
7,32,39,40,7,7,0,2,3,3,0,2,1,3,0,2,1,1,32
7,32,39,40,7,7,0,2,4,4,0,2,2,4,0,2,2,1,31
7,32,39,40,7,7,0,2,5,5,0,2,1,5,0,2,1,1,31
7,32,39,40,7,32,0,2,1,7,0,1,1,7,0,1,1,1,33
7,32,39,40,7,32,0,2,2,7,0,1,1,7,0,1,1,1,25
7,32,39,40,7,32,0,2,3,7,0,1,1,7,0,1,1,1,31
7,32,39,40,7,32,0,2,4,4,0,2,2,4,0,2,2,1,30
7,32,39,40,7,32,0,2,5,5,0,2,2,5,0,2,3,1,28
7,32,39,40,7,32,0,2,6,6,0,2,1,6,0,2,1,1,32
7,32,39,40,7,32,0,2,7,7,0,1,1,7,0,1,1,1,30
7,32,39,40,7,32,0,2,8,7,0,1,2,7,0,1,5,1,28
7,32,39,40,7,32,0,2,9,7,0,1,1,7,0,1,1,1,30
7,32,39,40,7,32,0,2,10,7,0,1,2,7,0,1,5,1,29
7,32,39,40,7,32,0,2,11,7,0,1,2,7,0,1,5,1,28
7,32,39,40,7,32,0,2,12,7,0,1,1,7,0,1,1,1,30
7,32,39,40,7,32,0,2,13,7,0,1,2,7,0,1,5,1,29
7,32,39,40,7,32,0,2,14,7,0,1,1,7,0,1,1,1,28
7,32,39,40,7,32,0,2,15,7,0,1,2,7,0,1,5,1,29
7,32,39,40,7,32,0,2,16,7,0,1,2,7,0,1,5,1,27
7,32,39,40,7,32,0,2,17,7,0,1,1,7,0,1,1,1,29
7,32,39,40,7,32,0,2,18,7,0,1,2,7,0,1,5,1,26
7,32,39,40,7,32,0,2,19,7,0,1,2,7,0,1,5,1,27
7,32,39,40,7,32,0,2,20,7,0,1,2,7,0,1,5,1,29
7,32,39,40,7,32,0,2,21,7,0,1,2,7,0,1,5,1,27
7,32,39,40,7,32,0,2,22,7,0,1,2,7,0,1,5,1,29
7,32,39,40,7,32,0,2,23,7,0,1,2,7,0,1,5,1,29
7,32,39,40,7,32,0,2,24,7,0,1,2,7,0,1,5,1,28
7,32,39,40,7,32,0,2,25,6,1,2,1,6,1,2,1,1,30
7,32,39,40,7,32,0,2,26,5,1,2,1,5,1,2,1,1,29
7,32,39,40,7,32,0,2,27,4,1,2,1,4,1,2,1,1,31
7,32,39,40,7,32,0,2,28,3,1,2,1,3,1,2,1,1,30
7,32,39,40,7,32,0,2,29,7,0,1,2,7,0,1,5,1,29
7,32,39,40,7,32,0,2,30,7,0,1,1,7,0,1,1,1,31
8,2,10,11,8,8,0,2,1,6,1,2,2,6,1,2,4,1,3
8,2,10,11,8,8,0,2,2,5,1,2,2,5,1,2,2,2,1
8,2,10,11,8,8,0,2,3,4,1,2,0,4,1,2,0,0,3
8,2,10,11,8,8,0,2,4,4,0,2,1,4,0,2,1,1,2
8,2,10,11,8,8,0,2,5,5,0,2,1,5,0,2,1,1,3
8,2,10,11,8,8,0,2,6,6,0,2,2,6,0,2,2,2,2
8,3,11,12,8,3,0,2,1,8,0,1,1,8,0,1,1,1,6
8,3,11,12,8,8,0,2,1,3,0,1,1,3,0,1,2,0,6
8,3,11,12,8,8,0,2,2,5,1,2,1,5,1,2,1,1,3
8,3,11,12,8,8,0,2,3,4,1,2,1,4,1,2,1,1,2
8,3,11,12,8,8,0,2,4,3,0,1,1,3,0,1,2,0,4
8,3,11,12,8,8,0,2,5,5,0,2,2,5,0,2,3,1,2
8,3,11,12,8,8,0,2,6,6,0,2,2,6,0,2,4,1,3
8,5,13,14,8,5,0,2,1,3,1,2,0,3,1,2,0,0,6
8,5,13,14,8,5,0,2,2,8,0,1,1,8,0,1,1,1,3
8,5,13,14,8,5,0,2,3,8,0,1,1,8,0,1,1,1,4
8,5,13,14,8,8,0,2,1,5,0,1,2,6,1,2,0,0,6
8,5,13,14,8,8,0,2,2,5,0,1,2,5,0,1,2,2,1
8,5,13,14,8,8,0,2,3,3,0,2,1,3,0,2,1,1,4
8,5,13,14,8,8,0,2,4,3,1,2,0,3,1,2,0,0,5
8,5,13,14,8,8,0,2,5,2,1,2,0,2,1,2,0,0,5
8,5,13,14,8,8,0,2,6,5,0,1,2,6,0,2,1,1,5
8,7,15,16,8,7,0,2,1,5,1,2,1,5,1,2,1,1,9
8,7,15,16,8,7,0,2,2,4,1,2,1,4,1,2,1,1,4
8,7,15,16,8,7,0,2,3,3,1,2,1,3,1,2,1,1,6
8,7,15,16,8,7,0,2,4,4,0,2,2,4,0,2,2,1,6
8,7,15,16,8,7,0,2,5,5,0,2,2,5,0,2,3,1,4
8,7,15,16,8,8,0,2,1,6,1,2,2,7,0,1,6,0,9
8,7,15,16,8,8,0,2,2,5,1,2,2,7,0,1,1,1,5
8,7,15,16,8,8,0,2,3,4,1,2,1,7,0,1,6,0,8
8,7,15,16,8,8,0,2,4,4,0,2,2,4,0,2,2,1,5
8,7,15,16,8,8,0,2,5,5,0,2,2,5,0,2,3,1,5
8,7,15,16,8,8,0,2,6,6,0,2,2,7,0,1,6,0,8
8,8,16,17,8,8,0,2,1,6,1,2,1,8,0,1,7,0,11
8,8,16,17,8,8,0,2,2,5,1,2,2,8,0,1,6,1,5
8,8,16,17,8,8,0,2,3,4,1,2,1,4,1,2,1,1,8
8,8,16,17,8,8,0,2,4,4,0,2,2,4,0,2,2,1,7
8,8,16,17,8,8,0,2,5,5,0,2,2,5,0,2,3,1,5
8,8,16,17,8,8,0,2,6,6,0,2,2,8,0,1,1,1,8
8,9,17,18,8,8,0,2,1,6,1,2,1,6,1,2,1,1,11
8,9,17,18,8,8,0,2,2,5,1,2,1,5,1,2,1,1,6
8,9,17,18,8,8,0,2,3,4,1,2,1,4,1,2,1,1,8
8,9,17,18,8,8,0,2,4,3,1,2,1,3,1,2,1,1,9
8,9,17,18,8,8,0,2,5,5,0,2,1,5,0,2,1,1,7
8,9,17,18,8,8,0,2,6,6,0,2,2,6,0,2,4,1,9
8,9,17,18,8,9,0,2,1,7,1,2,2,8,0,1,7,0,11
8,9,17,18,8,9,0,2,2,6,1,2,2,8,0,1,1,1,7
8,9,17,18,8,9,0,2,3,5,1,2,1,5,1,2,1,1,7
8,9,17,18,8,9,0,2,4,4,0,2,2,4,0,2,2,1,8
8,9,17,18,8,9,0,2,5,5,0,2,2,5,0,2,3,1,8
8,9,17,18,8,9,0,2,6,6,0,2,2,8,0,1,6,1,6
8,9,17,18,8,9,0,2,7,7,0,2,2,8,0,1,7,0,10
8,11,19,20,8,8,0,2,1,6,1,2,0,6,1,2,0,0,12
8,11,19,20,8,8,0,2,2,5,1,2,2,11,0,1,1,1,6
8,11,19,20,8,8,0,2,3,4,1,2,1,4,1,2,1,1,9
8,11,19,20,8,8,0,2,4,3,1,2,1,3,1,2,1,1,8
8,11,19,20,8,8,0,2,5,5,0,2,2,5,0,2,3,1,11
8,11,19,20,8,8,0,2,6,6,0,2,2,6,0,2,4,1,10
8,11,19,20,8,11,0,2,1,8,0,1,1,9,1,2,0,0,12
8,11,19,20,8,11,0,2,2,8,0,1,2,8,1,2,6,1,4
8,11,19,20,8,11,0,2,3,3,0,2,1,3,0,2,1,1,10
8,11,19,20,8,11,0,2,4,4,0,2,1,6,1,2,0,0,10
8,11,19,20,8,11,0,2,5,5,0,2,1,5,0,2,1,1,6
8,11,19,20,8,11,0,2,6,4,1,2,1,4,1,2,1,1,8
8,11,19,20,8,11,0,2,7,3,1,2,1,3,1,2,1,1,8
8,11,19,20,8,11,0,2,8,2,1,2,0,2,1,2,0,0,9
8,11,19,20,8,11,0,2,9,8,0,1,2,9,0,2,1,1,9
8,12,20,21,8,8,0,2,1,6,1,2,1,6,1,2,1,1,14
8,12,20,21,8,8,0,2,2,5,1,2,2,12,0,1,10,1,9
8,12,20,21,8,8,0,2,3,4,1,2,2,4,1,2,2,1,10
8,12,20,21,8,8,0,2,4,3,1,2,1,3,1,2,1,1,11
8,12,20,21,8,8,0,2,5,5,0,2,2,5,0,2,2,2,6
8,12,20,21,8,8,0,2,6,6,0,2,2,6,0,2,4,1,9
8,12,20,21,8,12,0,2,1,8,0,1,2,8,0,1,6,1,13
8,12,20,21,8,12,0,2,2,8,0,1,2,9,1,2,1,1,10
8,12,20,21,8,12,0,2,3,3,0,2,1,3,0,2,1,1,10
8,12,20,21,8,12,0,2,4,4,0,2,1,4,0,2,1,1,9
8,12,20,21,8,12,0,2,5,5,0,2,2,5,0,2,3,1,7
8,12,20,21,8,12,0,2,6,5,1,2,2,6,0,2,1,1,6
8,12,20,21,8,12,0,2,7,4,1,2,1,4,1,2,1,1,10
8,12,20,21,8,12,0,2,8,3,1,2,1,3,1,2,1,1,7
8,12,20,21,8,12,0,2,9,8,0,1,2,9,0,2,1,1,7
8,12,20,21,8,12,0,2,10,8,0,1,2,10,0,2,1,1,11
8,13,21,22,8,8,0,2,1,6,1,2,1,13,0,1,12,0,16
8,13,21,22,8,8,0,2,2,5,1,2,2,13,0,1,1,1,9
8,13,21,22,8,8,0,2,3,4,1,2,1,4,1,2,1,1,13
8,13,21,22,8,8,0,2,4,3,1,2,1,3,1,2,1,1,12
8,13,21,22,8,8,0,2,5,5,0,2,2,5,0,2,3,1,9
8,13,21,22,8,8,0,2,6,6,0,2,2,6,0,2,4,1,14
8,13,21,22,8,13,0,2,1,8,0,1,1,8,0,1,1,1,15
8,13,21,22,8,13,0,2,2,8,0,1,2,10,1,2,1,1,8
8,13,21,22,8,13,0,2,3,8,0,1,2,8,0,1,6,1,10
8,13,21,22,8,13,0,2,4,4,0,2,1,4,0,2,1,1,13
8,13,21,22,8,13,0,2,5,5,0,2,2,5,0,2,3,1,8
8,13,21,22,8,13,0,2,6,6,0,2,2,6,0,2,4,1,10
8,13,21,22,8,13,0,2,7,5,1,2,1,5,1,2,1,1,9
8,13,21,22,8,13,0,2,8,4,1,2,1,4,1,2,1,1,11
8,13,21,22,8,13,0,2,9,3,1,2,1,3,1,2,1,1,10
8,13,21,22,8,13,0,2,10,8,0,1,2,10,0,2,1,1,9
8,13,21,22,8,13,0,2,11,8,0,1,2,8,0,1,6,1,12
8,14,22,23,8,8,0,2,1,6,1,2,1,14,0,1,13,0,17
8,14,22,23,8,8,0,2,2,5,1,2,2,5,1,2,2,2,7
8,14,22,23,8,8,0,2,3,4,1,2,1,4,1,2,1,1,12
8,14,22,23,8,8,0,2,4,4,0,2,2,4,0,2,2,1,13
8,14,22,23,8,8,0,2,5,5,0,2,2,5,0,2,3,1,7
8,14,22,23,8,8,0,2,6,6,0,2,2,14,0,1,1,1,11
8,14,22,23,8,14,0,2,1,8,0,1,1,8,0,1,7,0,17
8,14,22,23,8,14,0,2,2,8,0,1,2,11,1,2,9,1,9
8,14,22,23,8,14,0,2,3,8,0,1,2,10,1,2,1,1,10
8,14,22,23,8,14,0,2,4,4,0,2,2,4,0,2,2,1,11
8,14,22,23,8,14,0,2,5,5,0,2,2,5,0,2,3,1,7
8,14,22,23,8,14,0,2,6,6,0,2,2,7,1,2,1,1,11
8,14,22,23,8,14,0,2,7,6,1,2,2,7,0,2,5,1,9
8,14,22,23,8,14,0,2,8,5,1,2,2,8,0,2,6,1,8
8,14,22,23,8,14,0,2,9,4,1,2,2,4,1,2,2,1,11
8,14,22,23,8,14,0,2,10,8,0,1,2,10,0,2,8,1,6
8,14,22,23,8,14,0,2,11,8,0,1,2,11,0,2,9,1,10
8,14,22,23,8,14,0,2,12,8,0,1,2,8,0,1,2,2,8
8,15,23,24,8,8,0,2,1,6,1,2,1,6,1,2,1,1,17
8,15,23,24,8,8,0,2,2,5,1,2,2,15,0,1,1,1,7
8,15,23,24,8,8,0,2,3,4,1,2,1,4,1,2,1,1,15
8,15,23,24,8,8,0,2,4,3,1,2,1,3,1,2,1,1,15
8,15,23,24,8,8,0,2,5,5,0,2,1,5,0,2,1,1,13
8,15,23,24,8,8,0,2,6,6,0,2,2,6,0,2,4,1,15
8,15,23,24,8,15,0,2,1,8,0,1,1,8,0,1,1,1,17
8,15,23,24,8,15,0,2,2,8,0,1,1,8,0,1,1,1,7
8,15,23,24,8,15,0,2,3,8,0,1,1,8,0,1,1,1,14
8,15,23,24,8,15,0,2,4,4,0,2,2,4,0,2,2,1,14
8,15,23,24,8,15,0,2,5,5,0,2,1,5,0,2,1,1,12
8,15,23,24,8,15,0,2,6,6,0,2,2,6,0,2,4,1,13
8,15,23,24,8,15,0,2,7,7,0,2,2,7,0,2,5,1,15
8,15,23,24,8,15,0,2,8,6,1,2,2,6,1,2,4,1,14
8,15,23,24,8,15,0,2,9,5,1,2,1,5,1,2,1,1,12
8,15,23,24,8,15,0,2,10,4,1,2,1,4,1,2,1,1,10
8,15,23,24,8,15,0,2,11,8,0,1,2,8,0,1,6,1,14
8,15,23,24,8,15,0,2,12,8,0,1,1,8,0,1,1,1,15
8,15,23,24,8,15,0,2,13,8,0,1,2,13,0,2,11,1,12
8,16,24,25,8,8,0,2,1,6,1,2,1,6,1,2,1,1,17
8,16,24,25,8,8,0,2,2,5,1,2,1,5,1,2,1,1,13
8,16,24,25,8,8,0,2,3,4,1,2,1,4,1,2,1,1,13
8,16,24,25,8,8,0,2,4,3,1,2,1,3,1,2,1,1,14
8,16,24,25,8,8,0,2,5,5,0,2,2,5,0,2,3,1,6
8,16,24,25,8,8,0,2,6,6,0,2,2,6,0,2,4,1,13
8,16,24,25,8,16,0,2,1,8,0,1,2,8,0,1,6,1,17
8,16,24,25,8,16,0,2,2,8,0,1,2,13,1,2,11,1,12
8,16,24,25,8,16,0,2,3,8,0,1,2,12,1,2,1,1,13
8,16,24,25,8,16,0,2,4,4,0,2,2,4,0,2,2,1,13
8,16,24,25,8,16,0,2,5,5,0,2,2,5,0,2,3,1,7
8,16,24,25,8,16,0,2,6,6,0,2,2,6,0,2,4,1,11
8,16,24,25,8,16,0,2,7,7,0,2,2,8,1,2,1,1,11
8,16,24,25,8,16,0,2,8,7,1,2,3,8,0,2,6,1,7
8,16,24,25,8,16,0,2,9,6,1,2,2,6,1,2,4,1,10
8,16,24,25,8,16,0,2,10,5,1,2,2,5,1,2,2,2,7
8,16,24,25,8,16,0,2,11,8,0,1,2,11,0,2,9,1,5
8,16,24,25,8,16,0,2,12,3,1,2,1,3,1,2,1,1,13
8,16,24,25,8,16,0,2,13,8,0,1,2,8,0,1,2,2,6
8,16,24,25,8,16,0,2,14,8,0,1,2,14,0,2,12,1,10
8,17,25,26,8,8,0,2,1,6,1,2,1,6,1,2,1,1,19
8,17,25,26,8,8,0,2,2,5,1,2,2,17,0,1,1,1,11
8,17,25,26,8,8,0,2,3,4,1,2,1,4,1,2,1,1,17
8,17,25,26,8,8,0,2,4,3,1,2,1,3,1,2,1,1,16
8,17,25,26,8,8,0,2,5,5,0,2,2,5,0,2,3,1,16
8,17,25,26,8,8,0,2,6,6,0,2,2,6,0,2,4,1,18
8,17,25,26,8,17,0,2,1,8,0,1,1,8,0,1,1,1,19
8,17,25,26,8,17,0,2,2,8,0,1,2,14,1,2,12,1,9
8,17,25,26,8,17,0,2,3,8,0,1,2,8,0,1,6,1,15
8,17,25,26,8,17,0,2,4,4,0,2,1,4,0,2,1,1,17
8,17,25,26,8,17,0,2,5,5,0,2,2,5,0,2,3,1,13
8,17,25,26,8,17,0,2,6,6,0,2,2,6,0,2,4,1,15
8,17,25,26,8,17,0,2,7,7,0,2,1,7,0,2,1,1,15
8,17,25,26,8,17,0,2,8,8,0,1,2,8,0,2,6,1,13
8,17,25,26,8,17,0,2,9,7,1,2,1,7,1,2,1,1,14
8,17,25,26,8,17,0,2,10,6,1,2,1,6,1,2,1,1,15
8,17,25,26,8,17,0,2,11,5,1,2,1,5,1,2,1,1,14
8,17,25,26,8,17,0,2,12,4,1,2,1,4,1,2,1,1,13
8,17,25,26,8,17,0,2,13,3,1,2,1,3,1,2,1,1,15
8,17,25,26,8,17,0,2,14,8,0,1,2,14,0,2,1,1,14
8,17,25,26,8,17,0,2,15,8,0,1,2,15,0,2,13,1,14
8,18,26,27,8,8,0,2,1,6,1,2,1,18,0,1,17,0,21
8,18,26,27,8,8,0,2,2,5,1,2,2,5,1,2,2,2,14
8,18,26,27,8,8,0,2,3,4,1,2,1,4,1,2,1,1,18
8,18,26,27,8,8,0,2,4,3,1,2,1,3,1,2,1,1,17
8,18,26,27,8,8,0,2,5,5,0,2,2,5,0,2,3,1,10
8,18,26,27,8,8,0,2,6,6,0,2,2,6,0,2,4,1,17
8,18,26,27,8,18,0,2,1,8,0,1,2,8,0,1,6,1,19
8,18,26,27,8,18,0,2,2,8,0,1,2,15,1,2,13,1,14
8,18,26,27,8,18,0,2,3,8,0,1,2,14,1,2,1,1,14
8,18,26,27,8,18,0,2,4,4,0,2,2,4,0,2,2,1,14
8,18,26,27,8,18,0,2,5,5,0,2,2,5,0,2,3,1,8
8,18,26,27,8,18,0,2,6,6,0,2,2,6,0,2,4,1,12
8,18,26,27,8,18,0,2,7,7,0,2,2,7,0,2,5,1,13
8,18,26,27,8,18,0,2,8,8,0,1,2,8,0,2,6,1,9
8,18,26,27,8,18,0,2,9,8,0,1,2,9,0,2,7,1,9
8,18,26,27,8,18,0,2,10,7,1,2,1,7,1,2,1,1,14
8,18,26,27,8,18,0,2,11,6,1,2,1,6,1,2,1,1,10
8,18,26,27,8,18,0,2,12,5,1,2,2,12,0,2,10,1,10
8,18,26,27,8,18,0,2,13,4,1,2,1,4,1,2,1,1,14
8,18,26,27,8,18,0,2,14,3,1,2,1,3,1,2,1,1,9
8,18,26,27,8,18,0,2,15,8,0,1,2,15,0,2,13,1,14
8,18,26,27,8,18,0,2,16,8,0,1,2,16,0,2,14,1,14
8,19,27,28,8,8,0,2,1,6,1,2,1,6,1,2,1,1,21
8,19,27,28,8,8,0,2,2,5,1,2,2,19,0,1,1,1,11
8,19,27,28,8,8,0,2,3,4,1,2,1,4,1,2,1,1,19
8,19,27,28,8,8,0,2,4,3,1,2,1,3,1,2,1,1,18
8,19,27,28,8,8,0,2,5,5,0,2,2,5,0,2,3,1,16
8,19,27,28,8,8,0,2,6,6,0,2,2,6,0,2,4,1,20
8,19,27,28,8,19,0,2,1,8,0,1,1,8,0,1,1,1,21
8,19,27,28,8,19,0,2,2,8,0,1,2,16,1,2,14,1,9
8,19,27,28,8,19,0,2,3,8,0,1,2,8,0,1,6,1,17
8,19,27,28,8,19,0,2,4,4,0,2,2,4,0,2,2,1,18
8,19,27,28,8,19,0,2,5,5,0,2,2,5,0,2,3,1,14
8,19,27,28,8,19,0,2,6,6,0,2,2,6,0,2,4,1,16
8,19,27,28,8,19,0,2,7,7,0,2,2,7,0,2,5,1,18
8,19,27,28,8,19,0,2,8,8,0,1,2,8,0,2,6,1,14
8,19,27,28,8,19,0,2,9,8,0,1,2,8,0,1,6,1,17
8,19,27,28,8,19,0,2,10,8,0,1,2,8,1,2,1,1,16
8,19,27,28,8,19,0,2,11,7,1,2,1,7,1,2,1,1,16
8,19,27,28,8,19,0,2,12,6,1,2,1,6,1,2,1,1,14
8,19,27,28,8,19,0,2,13,5,1,2,1,5,1,2,1,1,15
8,19,27,28,8,19,0,2,14,4,1,2,1,4,1,2,1,1,17
8,19,27,28,8,19,0,2,15,3,1,2,1,3,1,2,1,1,16
8,19,27,28,8,19,0,2,16,8,0,1,2,16,0,2,14,1,16
8,19,27,28,8,19,0,2,17,8,0,1,2,8,0,1,6,1,18
8,20,28,29,8,8,0,2,1,6,1,2,0,6,1,2,0,0,23
8,20,28,29,8,8,0,2,2,5,1,2,1,5,1,2,1,1,17
8,20,28,29,8,8,0,2,3,4,1,2,1,4,1,2,1,1,19
8,20,28,29,8,8,0,2,4,3,1,2,1,3,1,2,1,1,20
8,20,28,29,8,8,0,2,5,5,0,2,2,5,0,2,3,1,11
8,20,28,29,8,8,0,2,6,6,0,2,2,6,0,2,4,1,18
8,20,28,29,8,20,0,2,1,8,0,1,1,8,0,1,1,1,22
8,20,28,29,8,20,0,2,2,8,0,1,2,17,1,2,15,1,15
8,20,28,29,8,20,0,2,3,8,0,1,2,16,1,2,1,1,17
8,20,28,29,8,20,0,2,4,4,0,2,2,4,0,2,2,1,17
8,20,28,29,8,20,0,2,5,5,0,2,2,5,0,2,3,1,11
8,20,28,29,8,20,0,2,6,6,0,2,2,13,1,2,1,1,14
8,20,28,29,8,20,0,2,7,7,0,2,2,7,0,2,5,1,15
8,20,28,29,8,20,0,2,8,8,0,1,2,8,0,2,6,1,12
8,20,28,29,8,20,0,2,9,8,0,1,2,10,1,2,8,1,13
8,20,28,29,8,20,0,2,10,8,0,1,2,9,1,2,7,1,13
8,20,28,29,8,20,0,2,11,8,0,1,2,11,0,2,9,1,13
8,20,28,29,8,20,0,2,12,7,1,2,2,7,1,2,5,1,12
8,20,28,29,8,20,0,2,13,6,1,2,2,13,0,2,11,1,11
8,20,28,29,8,20,0,2,14,5,1,2,1,5,1,2,1,1,17
8,20,28,29,8,20,0,2,15,4,1,2,2,4,1,2,2,1,11
8,20,28,29,8,20,0,2,16,3,1,2,1,3,1,2,1,1,16
8,20,28,29,8,20,0,2,17,8,0,1,2,17,0,2,15,1,17
8,20,28,29,8,20,0,2,18,8,0,1,2,18,0,2,16,1,14
8,21,29,30,8,8,0,2,1,6,1,2,1,6,1,2,1,1,23
8,21,29,30,8,8,0,2,2,5,1,2,2,21,0,1,1,1,14
8,21,29,30,8,8,0,2,3,4,1,2,1,4,1,2,1,1,21
8,21,29,30,8,8,0,2,4,3,1,2,1,3,1,2,1,1,21
8,21,29,30,8,8,0,2,5,5,0,2,1,5,0,2,1,1,21
8,21,29,30,8,8,0,2,6,6,0,2,2,6,0,2,4,1,22
8,21,29,30,8,21,0,2,1,8,0,1,1,8,0,1,1,1,23
8,21,29,30,8,21,0,2,2,8,0,1,1,8,0,1,1,1,14
8,21,29,30,8,21,0,2,3,8,0,1,1,8,0,1,1,1,20
8,21,29,30,8,21,0,2,4,4,0,2,1,4,0,2,1,1,21
8,21,29,30,8,21,0,2,5,5,0,2,1,5,0,2,1,1,19
8,21,29,30,8,21,0,2,6,6,0,2,2,6,0,2,4,1,19
8,21,29,30,8,21,0,2,7,7,0,2,2,7,0,2,5,1,19
8,21,29,30,8,21,0,2,8,8,0,1,2,8,0,1,6,1,21
8,21,29,30,8,21,0,2,9,8,0,1,2,8,0,1,6,1,19
8,21,29,30,8,21,0,2,10,8,0,1,2,10,0,2,8,1,17
8,21,29,30,8,21,0,2,11,8,0,1,2,8,0,1,6,1,19
8,21,29,30,8,21,0,2,12,8,0,1,2,8,0,1,6,1,19
8,21,29,30,8,21,0,2,13,7,1,2,1,7,1,2,1,1,17
8,21,29,30,8,21,0,2,14,6,1,2,2,6,1,2,4,1,20
8,21,29,30,8,21,0,2,15,5,1,2,1,5,1,2,1,1,20
8,21,29,30,8,21,0,2,16,4,1,2,1,4,1,2,1,1,17
8,21,29,30,8,21,0,2,17,3,1,2,1,3,1,2,1,1,19
8,21,29,30,8,21,0,2,18,8,0,1,2,18,0,2,1,1,19
8,21,29,30,8,21,0,2,19,8,0,1,2,19,0,2,17,1,19
8,22,30,31,8,8,0,2,1,6,1,2,1,6,1,2,1,1,24
8,22,30,31,8,8,0,2,2,5,1,2,2,22,0,1,20,1,19
8,22,30,31,8,8,0,2,3,4,1,2,1,4,1,2,1,1,21
8,22,30,31,8,8,0,2,4,3,1,2,1,3,1,2,1,1,22
8,22,30,31,8,8,0,2,5,5,0,2,2,5,0,2,3,1,12
8,22,30,31,8,8,0,2,6,6,0,2,2,6,0,2,4,1,21
8,22,30,31,8,22,0,2,1,8,0,1,2,8,0,1,6,1,23
8,22,30,31,8,22,0,2,2,8,0,1,2,19,1,2,17,1,19
8,22,30,31,8,22,0,2,3,8,0,1,2,18,1,2,1,1,19
8,22,30,31,8,22,0,2,4,4,0,2,2,4,0,2,2,1,20
8,22,30,31,8,22,0,2,5,5,0,2,2,5,0,2,3,1,11
8,22,30,31,8,22,0,2,6,6,0,2,2,6,0,2,4,1,18
8,22,30,31,8,22,0,2,7,7,0,2,2,7,0,2,5,1,19
8,22,30,31,8,22,0,2,8,8,0,1,2,8,0,2,6,1,11
8,22,30,31,8,22,0,2,9,8,0,1,2,9,0,2,7,1,18
8,22,30,31,8,22,0,2,10,8,0,1,2,10,0,2,8,1,15
8,22,30,31,8,22,0,2,11,8,0,1,2,11,0,2,9,1,13
8,22,30,31,8,22,0,2,12,8,0,1,2,9,1,2,1,1,18
8,22,30,31,8,22,0,2,13,8,0,1,2,8,1,2,6,1,12
8,22,30,31,8,22,0,2,14,7,1,2,2,14,0,2,12,1,12
8,22,30,31,8,22,0,2,15,6,1,2,1,6,1,2,1,1,19
8,22,30,31,8,22,0,2,16,5,1,2,2,5,1,2,2,2,9
8,22,30,31,8,22,0,2,17,4,1,2,2,4,1,2,2,1,14
8,22,30,31,8,22,0,2,18,3,1,2,1,3,1,2,1,1,19
8,22,30,31,8,22,0,2,19,8,0,1,2,19,0,2,17,1,13
8,22,30,31,8,22,0,2,20,8,0,1,2,20,0,2,18,1,17
8,23,31,32,8,8,0,2,1,6,1,2,1,6,1,2,1,1,25
8,23,31,32,8,8,0,2,2,5,1,2,2,23,0,1,1,1,18
8,23,31,32,8,8,0,2,3,4,1,2,1,4,1,2,1,1,23
8,23,31,32,8,8,0,2,4,3,1,2,1,3,1,2,1,1,22
8,23,31,32,8,8,0,2,5,5,0,2,2,5,0,2,3,1,22
8,23,31,32,8,8,0,2,6,6,0,2,2,6,0,2,4,1,24
8,23,31,32,8,23,0,2,1,8,0,1,1,8,0,1,1,1,25
8,23,31,32,8,23,0,2,2,8,0,1,2,20,1,2,18,1,16
8,23,31,32,8,23,0,2,3,8,0,1,2,8,0,1,6,1,21
8,23,31,32,8,23,0,2,4,4,0,2,1,4,0,2,1,1,23
8,23,31,32,8,23,0,2,5,5,0,2,2,5,0,2,3,1,19
8,23,31,32,8,23,0,2,6,6,0,2,2,6,0,2,4,1,21
8,23,31,32,8,23,0,2,7,7,0,2,1,7,0,2,1,1,21
8,23,31,32,8,23,0,2,8,8,0,1,2,8,0,2,6,1,19
8,23,31,32,8,23,0,2,9,8,0,1,2,8,0,1,6,1,21
8,23,31,32,8,23,0,2,10,8,0,1,2,10,0,2,1,1,21
8,23,31,32,8,23,0,2,11,8,0,1,2,11,0,2,9,1,19
8,23,31,32,8,23,0,2,12,8,0,1,2,10,1,2,1,1,20
8,23,31,32,8,23,0,2,13,8,0,1,2,8,0,1,6,1,21
8,23,31,32,8,23,0,2,14,8,0,1,2,8,1,2,1,1,20
8,23,31,32,8,23,0,2,15,7,1,2,1,7,1,2,1,1,19
8,23,31,32,8,23,0,2,16,6,1,2,1,6,1,2,1,1,21
8,23,31,32,8,23,0,2,17,5,1,2,1,5,1,2,1,1,20
8,23,31,32,8,23,0,2,18,4,1,2,1,4,1,2,1,1,19
8,23,31,32,8,23,0,2,19,3,1,2,1,3,1,2,1,1,21
8,23,31,32,8,23,0,2,20,8,0,1,2,20,0,2,1,1,21
8,23,31,32,8,23,0,2,21,8,0,1,2,21,0,2,19,1,20
8,24,32,33,8,8,0,2,1,6,1,2,1,24,0,1,23,0,27
8,24,32,33,8,8,0,2,2,5,1,2,2,5,1,2,2,2,19
8,24,32,33,8,8,0,2,3,4,1,2,1,4,1,2,1,1,23
8,24,32,33,8,8,0,2,4,3,1,2,1,3,1,2,1,1,24
8,24,32,33,8,8,0,2,5,5,0,2,2,5,0,2,3,1,13
8,24,32,33,8,8,0,2,6,6,0,2,2,6,0,2,4,1,22
8,24,32,33,8,24,0,2,1,8,0,1,1,8,0,1,1,1,26
8,24,32,33,8,24,0,2,2,8,0,1,2,21,1,2,19,1,20
8,24,32,33,8,24,0,2,3,8,0,1,1,8,0,1,1,1,22
8,24,32,33,8,24,0,2,4,4,0,2,2,4,0,2,2,1,21
8,24,32,33,8,24,0,2,5,5,0,2,2,5,0,2,3,1,10
8,24,32,33,8,24,0,2,6,6,0,2,2,6,0,2,4,1,20
8,24,32,33,8,24,0,2,7,7,0,2,2,7,0,2,5,1,18
8,24,32,33,8,24,0,2,8,8,0,1,2,8,0,2,6,1,11
8,24,32,33,8,24,0,2,9,8,0,1,2,9,0,2,7,1,16
8,24,32,33,8,24,0,2,10,8,0,1,2,10,0,2,8,1,18
8,24,32,33,8,24,0,2,11,8,0,1,2,11,0,2,9,1,15
8,24,32,33,8,24,0,2,12,8,0,1,2,11,1,2,9,1,15
8,24,32,33,8,24,0,2,13,8,0,1,2,10,1,2,1,1,19
8,24,32,33,8,24,0,2,14,8,0,1,2,9,1,2,1,1,16
8,24,32,33,8,24,0,2,15,8,0,1,2,15,0,2,13,1,14
8,24,32,33,8,24,0,2,16,7,1,2,2,7,1,2,5,1,20
8,24,32,33,8,24,0,2,17,6,1,2,2,6,1,2,4,1,12
8,24,32,33,8,24,0,2,18,5,1,2,2,18,0,2,16,1,19
8,24,32,33,8,24,0,2,19,4,1,2,2,4,1,2,2,1,18
8,24,32,33,8,24,0,2,20,8,0,1,2,20,0,2,18,1,15
8,24,32,33,8,24,0,2,21,8,0,1,2,21,0,2,19,1,21
8,24,32,33,8,24,0,2,22,8,0,1,2,22,0,2,20,1,21
8,25,33,34,8,8,0,2,1,6,1,2,1,6,1,2,1,1,27
8,25,33,34,8,8,0,2,2,5,1,2,2,25,0,1,1,1,15
8,25,33,34,8,8,0,2,3,4,1,2,1,4,1,2,1,1,25
8,25,33,34,8,8,0,2,4,3,1,2,1,3,1,2,1,1,24
8,25,33,34,8,8,0,2,5,5,0,2,2,5,0,2,3,1,24
8,25,33,34,8,8,0,2,6,6,0,2,2,6,0,2,4,1,26
8,25,33,34,8,25,0,2,1,8,0,1,1,8,0,1,1,1,27
8,25,33,34,8,25,0,2,2,8,0,1,1,8,0,1,1,1,15
8,25,33,34,8,25,0,2,3,8,0,1,2,8,0,1,6,1,23
8,25,33,34,8,25,0,2,4,4,0,2,2,4,0,2,2,1,25
8,25,33,34,8,25,0,2,5,5,0,2,2,5,0,2,3,1,21
8,25,33,34,8,25,0,2,6,6,0,2,2,6,0,2,4,1,23
8,25,33,34,8,25,0,2,7,7,0,2,2,7,0,2,5,1,24
8,25,33,34,8,25,0,2,8,8,0,1,2,8,0,2,6,1,21
8,25,33,34,8,25,0,2,9,8,0,1,2,8,0,1,6,1,22
8,25,33,34,8,25,0,2,10,8,0,1,2,10,0,2,8,1,22
8,25,33,34,8,25,0,2,11,8,0,1,2,11,0,2,9,1,20
8,25,33,34,8,25,0,2,12,8,0,1,2,12,0,2,10,1,22
8,25,33,34,8,25,0,2,13,8,0,1,2,11,1,2,1,1,22
8,25,33,34,8,25,0,2,14,8,0,1,2,8,0,1,6,1,22
8,25,33,34,8,25,0,2,15,8,0,1,2,9,1,2,1,1,22
8,25,33,34,8,25,0,2,16,8,0,1,2,8,1,2,1,1,22
8,25,33,34,8,25,0,2,17,7,1,2,1,7,1,2,1,1,23
8,25,33,34,8,25,0,2,18,6,1,2,1,6,1,2,1,1,22
8,25,33,34,8,25,0,2,19,5,1,2,1,5,1,2,1,1,22
8,25,33,34,8,25,0,2,20,4,1,2,1,4,1,2,1,1,22
8,25,33,34,8,25,0,2,21,3,1,2,1,3,1,2,1,1,22
8,25,33,34,8,25,0,2,22,8,0,1,2,22,0,2,20,1,22
8,25,33,34,8,25,0,2,23,8,0,1,2,23,0,2,21,1,23
8,26,34,35,8,8,0,2,1,6,1,2,0,6,1,2,0,0,29
8,26,34,35,8,8,0,2,2,5,1,2,1,5,1,2,1,1,24
8,26,34,35,8,8,0,2,3,4,1,2,1,4,1,2,1,1,26
8,26,34,35,8,8,0,2,4,3,1,2,1,3,1,2,1,1,26
8,26,34,35,8,8,0,2,5,5,0,2,2,5,0,2,3,1,18
8,26,34,35,8,8,0,2,6,6,0,2,2,6,0,2,4,1,26
8,26,34,35,8,26,0,2,1,8,0,1,1,24,1,2,0,0,29
8,26,34,35,8,26,0,2,2,8,0,1,2,23,1,2,21,1,21
8,26,34,35,8,26,0,2,3,8,0,1,2,22,1,2,1,1,23
8,26,34,35,8,26,0,2,4,4,0,2,2,4,0,2,2,1,24
8,26,34,35,8,26,0,2,5,5,0,2,2,5,0,2,3,1,13
8,26,34,35,8,26,0,2,6,6,0,2,2,6,0,2,4,1,22
8,26,34,35,8,26,0,2,7,7,0,2,2,7,0,2,5,1,23
8,26,34,35,8,26,0,2,8,8,0,1,2,8,0,2,6,1,15
8,26,34,35,8,26,0,2,9,8,0,1,2,9,0,2,7,1,22
8,26,34,35,8,26,0,2,10,8,0,1,2,10,0,2,8,1,21
8,26,34,35,8,26,0,2,11,8,0,1,2,11,0,2,9,1,17
8,26,34,35,8,26,0,2,12,8,0,1,2,12,0,2,10,1,21
8,26,34,35,8,26,0,2,13,8,0,1,2,12,1,2,10,1,18
8,26,34,35,8,26,0,2,14,8,0,1,2,11,1,2,9,1,21
8,26,34,35,8,26,0,2,15,8,0,1,2,10,1,2,8,1,17
8,26,34,35,8,26,0,2,16,8,0,1,2,16,0,2,14,1,17
8,26,34,35,8,26,0,2,17,8,0,1,2,8,1,2,1,1,23
8,26,34,35,8,26,0,2,18,7,1,2,2,7,1,2,5,1,15
8,26,34,35,8,26,0,2,19,6,1,2,1,6,1,2,1,1,21
8,26,34,35,8,26,0,2,20,5,1,2,2,20,0,2,18,1,21
8,26,34,35,8,26,0,2,21,4,1,2,2,4,1,2,2,1,20
8,26,34,35,8,26,0,2,22,3,1,2,1,3,1,2,1,1,22
8,26,34,35,8,26,0,2,23,8,0,1,2,23,0,2,21,1,23
8,26,34,35,8,26,0,2,24,8,0,1,2,24,0,2,22,1,22
8,27,35,36,8,8,0,2,1,6,1,2,1,6,1,2,1,1,29
8,27,35,36,8,8,0,2,2,5,1,2,2,27,0,1,1,1,20
8,27,35,36,8,8,0,2,3,4,1,2,1,4,1,2,1,1,27
8,27,35,36,8,8,0,2,4,3,1,2,1,3,1,2,1,1,26
8,27,35,36,8,8,0,2,5,5,0,2,2,5,0,2,3,1,26
8,27,35,36,8,8,0,2,6,6,0,2,2,6,0,2,4,1,28
8,27,35,36,8,27,0,2,1,8,0,1,1,8,0,1,1,1,29
8,27,35,36,8,27,0,2,2,8,0,1,1,8,0,1,1,1,20
8,27,35,36,8,27,0,2,3,3,0,2,1,3,0,2,1,1,28
8,27,35,36,8,27,0,2,4,4,0,2,1,4,0,2,1,1,27
8,27,35,36,8,27,0,2,5,5,0,2,1,5,0,2,1,1,25
8,27,35,36,8,27,0,2,6,6,0,2,1,6,0,2,1,1,26
8,27,35,36,8,27,0,2,7,7,0,2,1,7,0,2,1,1,25
8,27,35,36,8,27,0,2,8,8,0,1,2,8,0,2,1,1,25
8,27,35,36,8,27,0,2,9,8,0,1,2,9,0,2,1,1,25
8,27,35,36,8,27,0,2,10,8,0,1,2,10,0,2,8,1,24
8,27,35,36,8,27,0,2,11,8,0,1,2,8,0,1,6,1,27
8,27,35,36,8,27,0,2,12,8,0,1,2,12,0,2,10,1,24
8,27,35,36,8,27,0,2,13,8,0,1,2,13,0,2,11,1,23
8,27,35,36,8,27,0,2,14,8,0,1,2,8,0,1,6,1,25
8,27,35,36,8,27,0,2,15,8,0,1,2,11,1,2,1,1,24
8,27,35,36,8,27,0,2,16,8,0,1,2,10,1,2,1,1,23
8,27,35,36,8,27,0,2,17,8,0,1,2,9,1,2,1,1,25
8,27,35,36,8,27,0,2,18,8,0,1,2,8,1,2,1,1,24
8,27,35,36,8,27,0,2,19,7,1,2,1,7,1,2,1,1,24
8,27,35,36,8,27,0,2,20,6,1,2,1,6,1,2,1,1,26
8,27,35,36,8,27,0,2,21,5,1,2,1,5,1,2,1,1,25
8,27,35,36,8,27,0,2,22,4,1,2,1,4,1,2,1,1,25
8,27,35,36,8,27,0,2,23,3,1,2,1,3,1,2,1,1,26
8,27,35,36,8,27,0,2,24,8,0,1,2,24,0,2,1,1,25
8,27,35,36,8,27,0,2,25,8,0,1,2,25,0,2,1,1,26
8,28,36,37,8,8,0,2,1,6,1,2,1,6,1,2,1,1,30
8,28,36,37,8,8,0,2,2,5,1,2,2,28,0,1,26,1,25
8,28,36,37,8,8,0,2,3,4,1,2,1,4,1,2,1,1,28
8,28,36,37,8,8,0,2,4,3,1,2,1,3,1,2,1,1,28
8,28,36,37,8,8,0,2,5,5,0,2,2,5,0,2,3,1,22
8,28,36,37,8,8,0,2,6,6,0,2,2,6,0,2,4,1,28
8,28,36,37,8,28,0,2,1,8,0,1,2,8,0,1,6,1,29
8,28,36,37,8,28,0,2,2,8,0,1,2,25,1,2,1,1,26
8,28,36,37,8,28,0,2,3,8,0,1,2,24,1,2,1,1,25
8,28,36,37,8,28,0,2,4,4,0,2,2,4,0,2,2,1,26
8,28,36,37,8,28,0,2,5,5,0,2,2,5,0,2,3,1,16
8,28,36,37,8,28,0,2,6,6,0,2,2,6,0,2,4,1,24
8,28,36,37,8,28,0,2,7,7,0,2,2,7,0,2,5,1,24
8,28,36,37,8,28,0,2,8,8,0,1,2,8,0,2,6,1,17
8,28,36,37,8,28,0,2,9,8,0,1,2,9,0,2,7,1,22
8,28,36,37,8,28,0,2,10,8,0,1,2,10,0,2,8,1,23
8,28,36,37,8,28,0,2,11,8,0,1,2,11,0,2,9,1,18
8,28,36,37,8,28,0,2,12,8,0,1,2,12,0,2,10,1,22
8,28,36,37,8,28,0,2,13,8,0,1,2,13,0,2,11,1,22
8,28,36,37,8,28,0,2,14,8,0,1,2,14,0,2,12,1,20
8,28,36,37,8,28,0,2,15,8,0,1,2,12,1,2,1,1,24
8,28,36,37,8,28,0,2,16,8,0,1,2,11,1,2,9,1,20
8,28,36,37,8,28,0,2,17,8,0,1,2,17,0,2,15,1,19
8,28,36,37,8,28,0,2,18,8,0,1,2,9,1,2,1,1,25
8,28,36,37,8,28,0,2,19,8,0,1,2,8,1,2,6,1,16
8,28,36,37,8,28,0,2,20,7,1,2,2,7,1,2,5,1,21
8,28,36,37,8,28,0,2,21,6,1,2,1,6,1,2,1,1,24
8,28,36,37,8,28,0,2,22,5,1,2,2,22,0,2,20,1,23
8,28,36,37,8,28,0,2,23,4,1,2,2,4,1,2,2,1,21
8,28,36,37,8,28,0,2,24,3,1,2,1,3,1,2,1,1,25
8,28,36,37,8,28,0,2,25,8,0,1,2,25,0,2,23,1,25
8,28,36,37,8,28,0,2,26,8,0,1,2,26,0,2,24,1,24
8,29,37,38,8,8,0,2,1,6,1,2,1,6,1,2,1,1,31
8,29,37,38,8,8,0,2,2,5,1,2,2,29,0,1,1,1,21
8,29,37,38,8,8,0,2,3,4,1,2,1,4,1,2,1,1,29
8,29,37,38,8,8,0,2,4,3,1,2,1,3,1,2,1,1,28
8,29,37,38,8,8,0,2,5,5,0,2,2,5,0,2,3,1,28
8,29,37,38,8,8,0,2,6,6,0,2,2,6,0,2,4,1,30
8,29,37,38,8,29,0,2,1,8,0,1,1,8,0,1,1,1,31
8,29,37,38,8,29,0,2,2,8,0,1,2,26,1,2,24,1,19
8,29,37,38,8,29,0,2,3,8,0,1,2,8,0,1,6,1,27
8,29,37,38,8,29,0,2,4,4,0,2,2,4,0,2,2,1,28
8,29,37,38,8,29,0,2,5,5,0,2,2,5,0,2,3,1,25
8,29,37,38,8,29,0,2,6,6,0,2,2,6,0,2,4,1,27
8,29,37,38,8,29,0,2,7,7,0,2,1,7,0,2,1,1,27
8,29,37,38,8,29,0,2,8,8,0,1,2,8,0,2,6,1,26
8,29,37,38,8,29,0,2,9,8,0,1,2,8,0,1,6,1,27
8,29,37,38,8,29,0,2,10,8,0,1,2,10,0,2,1,1,27
8,29,37,38,8,29,0,2,11,8,0,1,2,11,0,2,9,1,26
8,29,37,38,8,29,0,2,12,8,0,1,2,12,0,2,10,1,26
8,29,37,38,8,29,0,2,13,8,0,1,2,13,0,2,11,1,26
8,29,37,38,8,29,0,2,14,8,0,1,2,14,0,2,12,1,26
8,29,37,38,8,29,0,2,15,8,0,1,2,13,1,2,1,1,26
8,29,37,38,8,29,0,2,16,8,0,1,2,12,1,2,1,1,26
8,29,37,38,8,29,0,2,17,8,0,1,2,11,1,2,1,1,25
8,29,37,38,8,29,0,2,18,8,0,1,2,10,1,2,1,1,25
8,29,37,38,8,29,0,2,19,8,0,1,2,8,0,1,6,1,27
8,29,37,38,8,29,0,2,20,8,0,1,2,8,1,2,1,1,26
8,29,37,38,8,29,0,2,21,7,1,2,1,7,1,2,1,1,26
8,29,37,38,8,29,0,2,22,6,1,2,1,6,1,2,1,1,26
8,29,37,38,8,29,0,2,23,5,1,2,1,5,1,2,1,1,27
8,29,37,38,8,29,0,2,24,4,1,2,1,4,1,2,1,1,26
8,29,37,38,8,29,0,2,25,3,1,2,1,3,1,2,1,1,26
8,29,37,38,8,29,0,2,26,8,0,1,2,26,0,2,24,1,26
8,29,37,38,8,29,0,2,27,8,0,1,2,27,0,2,25,1,27
8,30,38,39,8,8,0,2,1,6,1,2,1,30,0,1,29,0,33
8,30,38,39,8,8,0,2,2,5,1,2,2,5,1,2,2,2,25
8,30,38,39,8,8,0,2,3,4,1,2,1,4,1,2,1,1,29
8,30,38,39,8,8,0,2,4,3,1,2,1,3,1,2,1,1,30
8,30,38,39,8,8,0,2,5,5,0,2,2,5,0,2,3,1,21
8,30,38,39,8,8,0,2,6,6,0,2,2,6,0,2,4,1,29
8,30,38,39,8,30,0,2,1,8,0,1,1,8,0,1,1,1,32
8,30,38,39,8,30,0,2,2,8,0,1,2,27,1,2,25,1,26
8,30,38,39,8,30,0,2,3,8,0,1,1,8,0,1,1,1,28
8,30,38,39,8,30,0,2,4,4,0,2,2,4,0,2,2,1,29
8,30,38,39,8,30,0,2,5,5,0,2,2,5,0,2,3,1,16
8,30,38,39,8,30,0,2,6,6,0,2,2,6,0,2,4,1,28
8,30,38,39,8,30,0,2,7,7,0,2,2,7,0,2,5,1,25
8,30,38,39,8,30,0,2,8,8,0,1,2,8,0,2,6,1,16
8,30,38,39,8,30,0,2,9,8,0,1,2,9,0,2,7,1,26
8,30,38,39,8,30,0,2,10,8,0,1,2,10,0,2,8,1,25
8,30,38,39,8,30,0,2,11,8,0,1,2,11,0,2,9,1,18
8,30,38,39,8,30,0,2,12,8,0,1,2,12,0,2,10,1,24
8,30,38,39,8,30,0,2,13,8,0,1,2,13,0,2,11,1,26
8,30,38,39,8,30,0,2,14,8,0,1,2,14,0,2,12,1,22
8,30,38,39,8,30,0,2,15,8,0,1,2,14,1,2,12,1,20
8,30,38,39,8,30,0,2,16,8,0,1,2,13,1,2,11,1,25
8,30,38,39,8,30,0,2,17,8,0,1,2,12,1,2,10,1,22
8,30,38,39,8,30,0,2,18,8,0,1,2,18,0,2,16,1,19
8,30,38,39,8,30,0,2,19,8,0,1,2,10,1,2,8,1,26
8,30,38,39,8,30,0,2,20,8,0,1,2,9,1,2,7,1,20
8,30,38,39,8,30,0,2,21,8,0,1,2,21,0,2,19,1,23
8,30,38,39,8,30,0,2,22,7,1,2,2,7,1,2,5,1,26
8,30,38,39,8,30,0,2,23,6,1,2,2,6,1,2,4,1,25
8,30,38,39,8,30,0,2,24,5,1,2,2,24,0,2,22,1,25
8,30,38,39,8,30,0,2,25,4,1,2,2,4,1,2,2,1,25
8,30,38,39,8,30,0,2,26,8,0,1,2,26,0,2,24,1,26
8,30,38,39,8,30,0,2,27,8,0,1,2,27,0,2,25,1,27
8,30,38,39,8,30,0,2,28,8,0,1,2,28,0,2,26,1,27
8,31,39,40,8,8,0,2,1,6,1,2,1,6,1,2,1,1,33
8,31,39,40,8,8,0,2,2,5,1,2,2,31,0,1,1,1,23
8,31,39,40,8,8,0,2,3,4,1,2,1,4,1,2,1,1,31
8,31,39,40,8,8,0,2,4,3,1,2,1,3,1,2,1,1,30
8,31,39,40,8,8,0,2,5,5,0,2,2,5,0,2,3,1,30
8,31,39,40,8,8,0,2,6,6,0,2,2,6,0,2,4,1,32
8,31,39,40,8,31,0,2,1,8,0,1,1,8,0,1,1,1,33
8,31,39,40,8,31,0,2,2,8,0,1,1,8,0,1,1,1,23
8,31,39,40,8,31,0,2,3,8,0,1,2,8,0,1,6,1,29
8,31,39,40,8,31,0,2,4,4,0,2,2,4,0,2,2,1,31
8,31,39,40,8,31,0,2,5,5,0,2,1,5,0,2,1,1,28
8,31,39,40,8,31,0,2,6,6,0,2,2,6,0,2,4,1,29
8,31,39,40,8,31,0,2,7,7,0,2,2,7,0,2,5,1,30
8,31,39,40,8,31,0,2,8,8,0,1,2,8,0,2,1,1,28
8,31,39,40,8,31,0,2,9,8,0,1,2,8,0,1,6,1,29
8,31,39,40,8,31,0,2,10,8,0,1,2,10,0,2,8,1,28
8,31,39,40,8,31,0,2,11,8,0,1,2,11,0,2,1,1,28
8,31,39,40,8,31,0,2,12,8,0,1,2,12,0,2,10,1,28
8,31,39,40,8,31,0,2,13,8,0,1,2,13,0,2,11,1,28
8,31,39,40,8,31,0,2,14,8,0,1,2,14,0,2,12,1,27
8,31,39,40,8,31,0,2,15,8,0,1,2,15,0,2,13,1,28
8,31,39,40,8,31,0,2,16,8,0,1,2,14,1,2,1,1,28
8,31,39,40,8,31,0,2,17,8,0,1,2,8,0,1,6,1,29
8,31,39,40,8,31,0,2,18,8,0,1,2,12,1,2,1,1,28
8,31,39,40,8,31,0,2,19,8,0,1,2,11,1,2,1,1,28
8,31,39,40,8,31,0,2,20,8,0,1,2,10,1,2,1,1,28
8,31,39,40,8,31,0,2,21,8,0,1,2,9,1,2,1,1,29
8,31,39,40,8,31,0,2,22,8,0,1,2,8,1,2,1,1,28
8,31,39,40,8,31,0,2,23,7,1,2,1,7,1,2,1,1,28
8,31,39,40,8,31,0,2,24,6,1,2,1,6,1,2,1,1,29
8,31,39,40,8,31,0,2,25,5,1,2,1,5,1,2,1,1,28
8,31,39,40,8,31,0,2,26,4,1,2,1,4,1,2,1,1,28
8,31,39,40,8,31,0,2,27,3,1,2,1,3,1,2,1,1,29
8,31,39,40,8,31,0,2,28,8,0,1,2,28,0,2,26,1,28
8,31,39,40,8,31,0,2,29,8,0,1,2,29,0,2,27,1,29
9,2,11,12,9,9,0,2,1,7,1,2,0,7,1,2,0,0,6
9,2,11,12,9,9,0,2,2,6,1,2,2,6,1,2,4,1,3
9,2,11,12,9,9,0,2,3,5,1,2,1,5,1,2,1,1,3
9,2,11,12,9,9,0,2,4,4,1,2,0,4,1,2,0,0,3
9,2,11,12,9,9,0,2,5,5,0,2,1,5,0,2,1,1,3
9,2,11,12,9,9,0,2,6,6,0,2,2,6,0,2,4,1,3
9,2,11,12,9,9,0,2,7,7,0,2,3,7,0,2,5,1,3
9,3,12,13,9,3,0,2,1,9,0,1,2,9,0,1,7,1,6
9,3,12,13,9,9,0,2,1,7,1,2,2,7,1,2,5,1,4
9,3,12,13,9,9,0,2,2,6,1,2,2,6,1,2,2,2,1
9,3,12,13,9,9,0,2,3,5,1,2,2,5,1,2,2,2,1
9,3,12,13,9,9,0,2,4,3,0,1,1,3,0,1,2,0,4
9,3,12,13,9,9,0,2,5,5,0,2,2,5,0,2,2,2,1
9,3,12,13,9,9,0,2,6,6,0,2,2,6,0,2,2,2,2
9,3,12,13,9,9,0,2,7,7,0,2,2,7,0,2,2,2,1
9,4,13,14,9,4,0,2,1,9,0,1,1,9,0,1,8,0,8
9,4,13,14,9,4,0,2,2,9,0,1,2,9,0,1,2,2,3
9,4,13,14,9,9,0,2,1,4,0,1,1,4,0,1,1,1,6
9,4,13,14,9,9,0,2,2,4,0,1,1,4,0,1,1,1,5
9,4,13,14,9,9,0,2,3,5,1,2,2,5,1,2,2,2,1
9,4,13,14,9,9,0,2,4,4,0,1,1,4,0,1,1,1,5
9,4,13,14,9,9,0,2,5,3,1,2,1,3,1,2,1,1,4
9,4,13,14,9,9,0,2,6,6,0,2,2,6,0,2,4,1,3
9,4,13,14,9,9,0,2,7,4,0,1,1,4,0,1,1,1,5
9,5,14,15,9,5,0,2,1,3,1,2,1,3,1,2,1,1,8
9,5,14,15,9,5,0,2,2,9,0,1,2,9,0,1,7,1,5
9,5,14,15,9,5,0,2,3,9,0,1,1,9,0,1,1,1,6
9,5,14,15,9,9,0,2,1,5,0,1,2,5,0,1,3,1,7
9,5,14,15,9,9,0,2,2,5,0,1,2,6,1,2,1,1,5
9,5,14,15,9,9,0,2,3,3,0,2,1,3,0,2,1,1,5
9,5,14,15,9,9,0,2,4,4,0,2,1,4,0,2,1,1,5
9,5,14,15,9,9,0,2,5,3,1,2,1,3,1,2,1,1,4
9,5,14,15,9,9,0,2,6,5,0,1,2,6,0,2,1,1,4
9,5,14,15,9,9,0,2,7,5,0,1,2,7,0,2,1,1,6
9,8,17,18,9,8,0,2,1,6,1,2,1,6,1,2,1,1,11
9,8,17,18,9,8,0,2,2,5,1,2,1,5,1,2,1,1,6
9,8,17,18,9,8,0,2,3,4,1,2,1,4,1,2,1,1,8
9,8,17,18,9,8,0,2,4,3,1,2,1,3,1,2,1,1,9
9,8,17,18,9,8,0,2,5,5,0,2,1,5,0,2,1,1,7
9,8,17,18,9,8,0,2,6,6,0,2,2,6,0,2,4,1,9
9,8,17,18,9,9,0,2,1,7,1,2,2,8,0,1,7,0,11
9,8,17,18,9,9,0,2,2,6,1,2,2,8,0,1,1,1,7
9,8,17,18,9,9,0,2,3,5,1,2,1,5,1,2,1,1,7
9,8,17,18,9,9,0,2,4,4,0,2,2,4,0,2,2,1,8
9,8,17,18,9,9,0,2,5,5,0,2,2,5,0,2,3,1,8
9,8,17,18,9,9,0,2,6,6,0,2,2,8,0,1,6,1,6
9,8,17,18,9,9,0,2,7,7,0,2,2,8,0,1,7,0,10
9,9,18,19,9,9,0,2,1,7,1,2,1,9,0,1,8,0,13
9,9,18,19,9,9,0,2,2,6,1,2,2,6,1,2,4,1,9
9,9,18,19,9,9,0,2,3,5,1,2,1,5,1,2,1,1,9
9,9,18,19,9,9,0,2,4,4,0,2,2,4,0,2,2,1,9
9,9,18,19,9,9,0,2,5,5,0,2,2,5,0,2,3,1,7
9,9,18,19,9,9,0,2,6,6,0,2,2,6,0,2,4,1,9
9,9,18,19,9,9,0,2,7,7,0,2,2,7,0,2,5,1,11
9,10,19,20,9,9,0,2,1,7,1,2,1,7,1,2,1,1,12
9,10,19,20,9,9,0,2,2,6,1,2,2,6,1,2,4,1,5
9,10,19,20,9,9,0,2,3,3,0,2,1,3,0,2,1,1,11
9,10,19,20,9,9,0,2,4,4,0,2,1,4,0,2,1,1,10
9,10,19,20,9,9,0,2,5,5,0,2,2,5,0,2,3,1,6
9,10,19,20,9,9,0,2,6,6,0,2,1,6,0,2,1,1,11
9,10,19,20,9,9,0,2,7,7,0,2,1,7,0,2,1,1,10
9,10,19,20,9,10,0,2,1,8,1,2,2,9,0,1,8,0,12
9,10,19,20,9,10,0,2,2,7,1,2,2,7,1,2,5,1,9
9,10,19,20,9,10,0,2,3,6,1,2,2,6,1,2,4,1,9
9,10,19,20,9,10,0,2,4,4,0,2,2,9,0,1,8,0,10
9,10,19,20,9,10,0,2,5,4,1,2,1,4,1,2,1,1,9
9,10,19,20,9,10,0,2,6,6,0,2,2,9,0,1,1,1,8
9,10,19,20,9,10,0,2,7,7,0,2,2,7,0,2,5,1,10
9,10,19,20,9,10,0,2,8,8,0,2,2,9,0,1,8,0,10
9,12,21,22,9,9,0,2,1,7,1,2,0,7,1,2,0,0,15
9,12,21,22,9,9,0,2,2,6,1,2,2,12,0,1,1,1,4
9,12,21,22,9,9,0,2,3,5,1,2,1,5,1,2,1,1,11
9,12,21,22,9,9,0,2,4,4,0,2,2,4,0,2,2,1,13
9,12,21,22,9,9,0,2,5,5,0,2,2,5,0,2,3,1,8
9,12,21,22,9,9,0,2,6,6,0,2,2,6,0,2,4,1,11
9,12,21,22,9,9,0,2,7,7,0,2,2,7,0,2,5,1,12
9,12,21,22,9,12,0,2,1,9,0,1,1,10,1,2,0,0,16
9,12,21,22,9,12,0,2,2,9,0,1,2,9,1,2,7,1,2
9,12,21,22,9,12,0,2,3,3,0,2,1,3,0,2,1,1,14
9,12,21,22,9,12,0,2,4,4,0,2,2,4,0,2,2,1,12
9,12,21,22,9,12,0,2,5,5,0,2,2,5,0,2,3,1,4
9,12,21,22,9,12,0,2,6,5,1,2,1,5,1,2,1,1,10
9,12,21,22,9,12,0,2,7,4,1,2,1,4,1,2,1,1,10
9,12,21,22,9,12,0,2,8,8,0,2,2,8,0,2,6,1,6
9,12,21,22,9,12,0,2,9,2,1,2,0,2,1,2,0,0,11
9,12,21,22,9,12,0,2,10,9,0,1,2,10,0,2,1,1,12
9,13,22,23,9,9,0,2,1,7,1,2,0,7,1,2,0,0,16
9,13,22,23,9,9,0,2,2,6,1,2,2,6,1,2,4,1,7
9,13,22,23,9,9,0,2,3,5,1,2,2,13,0,1,1,1,11
9,13,22,23,9,9,0,2,4,4,0,2,2,4,0,2,2,1,10
9,13,22,23,9,9,0,2,5,5,0,2,2,5,0,2,2,2,5
9,13,22,23,9,9,0,2,6,6,0,2,2,13,0,1,1,1,12
9,13,22,23,9,9,0,2,7,7,0,2,2,7,0,2,5,1,8
9,13,22,23,9,13,0,2,1,9,0,1,2,9,0,1,7,1,15
9,13,22,23,9,13,0,2,2,9,0,1,3,10,1,2,1,1,9
9,13,22,23,9,13,0,2,3,3,0,2,1,3,0,2,1,1,14
9,13,22,23,9,13,0,2,4,4,0,2,2,4,0,2,2,1,11
9,13,22,23,9,13,0,2,5,5,0,2,1,5,0,2,1,1,7
9,13,22,23,9,13,0,2,6,6,0,2,1,6,0,2,1,1,9
9,13,22,23,9,13,0,2,7,5,1,2,1,5,1,2,1,1,8
9,13,22,23,9,13,0,2,8,4,1,2,2,4,1,2,2,1,10
9,13,22,23,9,13,0,2,9,3,1,2,1,3,1,2,1,1,13
9,13,22,23,9,13,0,2,10,9,0,1,2,10,0,2,8,1,7
9,13,22,23,9,13,0,2,11,9,0,1,2,11,0,2,1,1,13
9,14,23,24,9,9,0,2,1,7,1,2,1,7,1,2,1,1,17
9,14,23,24,9,9,0,2,2,6,1,2,2,6,1,2,4,1,11
9,14,23,24,9,9,0,2,3,5,1,2,1,5,1,2,1,1,14
9,14,23,24,9,9,0,2,4,4,0,2,2,4,0,2,2,1,15
9,14,23,24,9,9,0,2,5,5,0,2,2,5,0,2,3,1,12
9,14,23,24,9,9,0,2,6,6,0,2,2,6,0,2,4,1,14
9,14,23,24,9,9,0,2,7,7,0,2,2,7,0,2,5,1,16
9,14,23,24,9,14,0,2,1,9,0,1,1,9,0,1,1,1,17
9,14,23,24,9,14,0,2,2,9,0,1,2,11,1,2,1,1,12
9,14,23,24,9,14,0,2,3,9,0,1,2,9,0,1,7,1,13
9,14,23,24,9,14,0,2,4,4,0,2,2,4,0,2,2,1,15
9,14,23,24,9,14,0,2,5,5,0,2,1,5,0,2,1,1,13
9,14,23,24,9,14,0,2,6,6,0,2,2,6,0,2,4,1,13
9,14,23,24,9,14,0,2,7,6,1,2,1,6,1,2,1,1,14
9,14,23,24,9,14,0,2,8,5,1,2,1,5,1,2,1,1,13
9,14,23,24,9,14,0,2,9,4,1,2,1,4,1,2,1,1,14
9,14,23,24,9,14,0,2,10,3,1,2,1,3,1,2,1,1,13
9,14,23,24,9,14,0,2,11,9,0,1,2,11,0,2,9,1,13
9,14,23,24,9,14,0,2,12,9,0,1,2,9,0,1,7,1,15
9,15,24,25,9,9,0,2,1,7,1,2,1,7,1,2,1,1,17
9,15,24,25,9,9,0,2,2,6,1,2,2,6,1,2,4,1,13
9,15,24,25,9,9,0,2,3,5,1,2,1,5,1,2,1,1,16
9,15,24,25,9,9,0,2,4,4,0,2,2,4,0,2,2,1,13
9,15,24,25,9,9,0,2,5,5,0,2,2,5,0,2,3,1,11
9,15,24,25,9,9,0,2,6,6,0,2,2,6,0,2,4,1,16
9,15,24,25,9,9,0,2,7,7,0,2,2,7,0,2,5,1,12
9,15,24,25,9,15,0,2,1,9,0,1,1,9,0,1,1,1,18
9,15,24,25,9,15,0,2,2,9,0,1,2,9,0,1,7,1,15
9,15,24,25,9,15,0,2,3,9,0,1,2,11,1,2,1,1,14
9,15,24,25,9,15,0,2,4,4,0,2,2,4,0,2,2,1,13
9,15,24,25,9,15,0,2,5,5,0,2,2,5,0,2,3,1,12
9,15,24,25,9,15,0,2,6,6,0,2,2,6,0,2,4,1,13
9,15,24,25,9,15,0,2,7,7,0,2,2,7,0,2,5,1,12
9,15,24,25,9,15,0,2,8,6,1,2,2,6,1,2,4,1,12
9,15,24,25,9,15,0,2,9,5,1,2,2,9,0,2,7,1,12
9,15,24,25,9,15,0,2,10,4,1,2,2,4,1,2,2,1,14
9,15,24,25,9,15,0,2,11,9,0,1,2,11,0,2,9,1,10
9,15,24,25,9,15,0,2,12,9,0,1,2,12,0,2,10,1,14
9,15,24,25,9,15,0,2,13,9,0,1,2,9,0,1,7,1,14
9,16,25,26,9,9,0,2,1,7,1,2,1,7,1,2,1,1,19
9,16,25,26,9,9,0,2,2,6,1,2,2,6,1,2,2,2,7
9,16,25,26,9,9,0,2,3,5,1,2,1,5,1,2,1,1,17
9,16,25,26,9,9,0,2,4,4,0,2,2,4,0,2,2,1,16
9,16,25,26,9,9,0,2,5,5,0,2,2,5,0,2,3,1,10
9,16,25,26,9,9,0,2,6,6,0,2,2,6,0,2,4,1,16
9,16,25,26,9,9,0,2,7,7,0,2,2,7,0,2,5,1,16
9,16,25,26,9,16,0,2,1,9,0,1,1,9,0,1,1,1,19
9,16,25,26,9,16,0,2,2,9,0,1,1,9,0,1,1,1,9
9,16,25,26,9,16,0,2,3,9,0,1,1,9,0,1,1,1,17
9,16,25,26,9,16,0,2,4,4,0,2,2,4,0,2,2,1,14
9,16,25,26,9,16,0,2,5,5,0,2,2,5,0,2,3,1,13
9,16,25,26,9,16,0,2,6,6,0,2,2,9,0,1,1,1,14
9,16,25,26,9,16,0,2,7,7,0,2,2,7,0,2,5,1,15
9,16,25,26,9,16,0,2,8,7,1,2,1,7,1,2,1,1,14
9,16,25,26,9,16,0,2,9,6,1,2,2,6,1,2,4,1,11
9,16,25,26,9,16,0,2,10,5,1,2,2,9,0,1,7,1,14
9,16,25,26,9,16,0,2,11,4,1,2,1,4,1,2,1,1,12
9,16,25,26,9,16,0,2,12,9,0,1,2,12,0,2,10,1,11
9,16,25,26,9,16,0,2,13,9,0,1,1,9,0,1,1,1,17
9,16,25,26,9,16,0,2,14,9,0,1,2,9,0,1,7,1,14
9,17,26,27,9,9,0,2,1,7,1,2,0,7,1,2,0,0,20
9,17,26,27,9,9,0,2,2,6,1,2,2,6,1,2,4,1,9
9,17,26,27,9,9,0,2,3,5,1,2,1,5,1,2,1,1,18
9,17,26,27,9,9,0,2,4,4,0,2,2,4,0,2,2,1,16
9,17,26,27,9,9,0,2,5,5,0,2,2,5,0,2,3,1,6
9,17,26,27,9,9,0,2,6,6,0,2,2,6,0,2,4,1,15
9,17,26,27,9,9,0,2,7,7,0,2,2,7,0,2,5,1,14
9,17,26,27,9,17,0,2,1,9,0,1,1,15,1,2,0,0,21
9,17,26,27,9,17,0,2,2,9,0,1,3,14,1,2,12,1,12
9,17,26,27,9,17,0,2,3,9,0,1,1,9,0,1,1,1,17
9,17,26,27,9,17,0,2,4,4,0,2,2,4,0,2,2,1,13
9,17,26,27,9,17,0,2,5,5,0,2,2,5,0,2,2,2,5
9,17,26,27,9,17,0,2,6,6,0,2,2,9,0,1,1,1,10
9,17,26,27,9,17,0,2,7,7,0,2,2,7,0,2,5,1,10
9,17,26,27,9,17,0,2,8,8,0,2,2,8,0,2,2,2,9
9,17,26,27,9,17,0,2,9,7,1,2,3,9,0,2,7,1,6
9,17,26,27,9,17,0,2,10,6,1,2,2,6,1,2,4,1,8
9,17,26,27,9,17,0,2,11,5,1,2,2,5,1,2,2,2,8
9,17,26,27,9,17,0,2,12,9,0,1,6,12,0,2,10,1,3
9,17,26,27,9,17,0,2,13,9,0,1,2,13,0,2,11,1,12
9,17,26,27,9,17,0,2,14,9,0,1,2,9,0,1,2,2,7
9,17,26,27,9,17,0,2,15,9,0,1,3,15,0,2,13,1,8
9,18,27,28,9,9,0,2,1,7,1,2,1,7,1,2,1,1,21
9,18,27,28,9,9,0,2,2,6,1,2,2,18,0,1,1,1,9
9,18,27,28,9,9,0,2,3,5,1,2,1,5,1,2,1,1,18
9,18,27,28,9,9,0,2,4,4,0,2,2,4,0,2,2,1,19
9,18,27,28,9,9,0,2,5,5,0,2,2,5,0,2,3,1,15
9,18,27,28,9,9,0,2,6,6,0,2,2,6,0,2,4,1,18
9,18,27,28,9,9,0,2,7,7,0,2,2,7,0,2,5,1,20
9,18,27,28,9,18,0,2,1,9,0,1,1,9,0,1,1,1,21
9,18,27,28,9,18,0,2,2,9,0,1,1,9,0,1,1,1,9
9,18,27,28,9,18,0,2,3,3,0,2,1,3,0,2,1,1,20
9,18,27,28,9,18,0,2,4,4,0,2,2,4,0,2,2,1,19
9,18,27,28,9,18,0,2,5,5,0,2,2,5,0,2,3,1,13
9,18,27,28,9,18,0,2,6,6,0,2,1,6,0,2,1,1,18
9,18,27,28,9,18,0,2,7,7,0,2,2,7,0,2,5,1,18
9,18,27,28,9,18,0,2,8,8,0,2,2,8,0,2,6,1,12
9,18,27,28,9,18,0,2,9,8,1,2,1,8,1,2,1,1,16
9,18,27,28,9,18,0,2,10,7,1,2,2,7,1,2,5,1,15
9,18,27,28,9,18,0,2,11,6,1,2,1,6,1,2,1,1,15
9,18,27,28,9,18,0,2,12,5,1,2,1,5,1,2,1,1,12
9,18,27,28,9,18,0,2,13,4,1,2,2,4,1,2,2,1,16
9,18,27,28,9,18,0,2,14,3,1,2,1,3,1,2,1,1,18
9,18,27,28,9,18,0,2,15,9,0,1,2,15,0,2,13,1,14
9,18,27,28,9,18,0,2,16,9,0,1,2,9,0,1,7,1,20
9,19,28,29,9,9,0,2,1,7,1,2,1,19,0,1,18,0,23
9,19,28,29,9,9,0,2,2,6,1,2,2,6,1,2,4,1,17
9,19,28,29,9,9,0,2,3,5,1,2,1,5,1,2,1,1,20
9,19,28,29,9,9,0,2,4,4,0,2,2,4,0,2,2,1,19
9,19,28,29,9,9,0,2,5,5,0,2,2,5,0,2,3,1,16
9,19,28,29,9,9,0,2,6,6,0,2,2,6,0,2,4,1,20
9,19,28,29,9,9,0,2,7,7,0,2,2,7,0,2,5,1,18
9,19,28,29,9,19,0,2,1,9,0,1,1,9,0,1,1,1,22
9,19,28,29,9,19,0,2,2,9,0,1,3,16,1,2,1,1,15
9,19,28,29,9,19,0,2,3,9,0,1,1,9,0,1,1,1,19
9,19,28,29,9,19,0,2,4,4,0,2,2,4,0,2,2,1,17
9,19,28,29,9,19,0,2,5,5,0,2,2,5,0,2,3,1,14
9,19,28,29,9,19,0,2,6,6,0,2,2,6,0,2,4,1,18
9,19,28,29,9,19,0,2,7,7,0,2,2,7,0,2,5,1,16
9,19,28,29,9,19,0,2,8,8,0,2,2,8,0,2,6,1,13
9,19,28,29,9,19,0,2,9,9,0,1,2,9,0,1,7,1,15
9,19,28,29,9,19,0,2,10,8,1,2,1,8,1,2,1,1,14
9,19,28,29,9,19,0,2,11,7,1,2,2,7,1,2,5,1,14
9,19,28,29,9,19,0,2,12,6,1,2,1,6,1,2,1,1,17
9,19,28,29,9,19,0,2,13,5,1,2,2,13,0,2,11,1,12
9,19,28,29,9,19,0,2,14,4,1,2,2,4,1,2,2,1,16
9,19,28,29,9,19,0,2,15,3,1,2,1,3,1,2,1,1,15
9,19,28,29,9,19,0,2,16,9,0,1,2,16,0,2,14,1,17
9,19,28,29,9,19,0,2,17,9,0,1,2,17,0,2,15,1,17
9,20,29,30,9,9,0,2,1,7,1,2,1,7,1,2,1,1,23
9,20,29,30,9,9,0,2,2,6,1,2,2,6,1,2,4,1,15
9,20,29,30,9,9,0,2,3,3,0,2,1,3,0,2,1,1,21
9,20,29,30,9,9,0,2,4,4,0,2,1,4,0,2,1,1,22
9,20,29,30,9,9,0,2,5,5,0,2,2,5,0,2,3,1,17
9,20,29,30,9,9,0,2,6,6,0,2,1,6,0,2,1,1,21
9,20,29,30,9,9,0,2,7,7,0,2,1,7,0,2,1,1,23
9,20,29,30,9,20,0,2,1,9,0,1,1,9,0,1,1,1,23
9,20,29,30,9,20,0,2,2,9,0,1,1,9,0,1,1,1,16
9,20,29,30,9,20,0,2,3,9,0,1,1,9,0,1,1,1,21
9,20,29,30,9,20,0,2,4,4,0,2,2,4,0,2,2,1,21
9,20,29,30,9,20,0,2,5,5,0,2,1,5,0,2,1,1,19
9,20,29,30,9,20,0,2,6,6,0,2,2,6,0,2,4,1,19
9,20,29,30,9,20,0,2,7,7,0,2,2,7,0,2,5,1,20
9,20,29,30,9,20,0,2,8,8,0,2,1,8,0,2,1,1,19
9,20,29,30,9,20,0,2,9,9,0,1,2,9,0,1,7,1,19
9,20,29,30,9,20,0,2,10,9,0,1,2,9,0,1,7,1,21
9,20,29,30,9,20,0,2,11,8,1,2,1,8,1,2,1,1,19
9,20,29,30,9,20,0,2,12,7,1,2,1,7,1,2,1,1,19
9,20,29,30,9,20,0,2,13,6,1,2,1,6,1,2,1,1,19
9,20,29,30,9,20,0,2,14,5,1,2,1,5,1,2,1,1,19
9,20,29,30,9,20,0,2,15,4,1,2,1,4,1,2,1,1,20
9,20,29,30,9,20,0,2,16,3,1,2,1,3,1,2,1,1,20
9,20,29,30,9,20,0,2,17,9,0,1,2,9,0,1,7,1,20
9,20,29,30,9,20,0,2,18,9,0,1,2,9,0,1,7,1,21
9,21,30,31,9,9,0,2,1,7,1,2,1,7,1,2,1,1,23
9,21,30,31,9,9,0,2,2,6,1,2,2,6,1,2,4,1,18
9,21,30,31,9,9,0,2,3,5,1,2,1,5,1,2,1,1,22
9,21,30,31,9,9,0,2,4,4,0,2,2,4,0,2,2,1,20
9,21,30,31,9,9,0,2,5,5,0,2,2,5,0,2,3,1,17
9,21,30,31,9,9,0,2,6,6,0,2,2,6,0,2,4,1,22
9,21,30,31,9,9,0,2,7,7,0,2,2,7,0,2,5,1,18
9,21,30,31,9,21,0,2,1,9,0,1,1,9,0,1,1,1,24
9,21,30,31,9,21,0,2,2,9,0,1,2,18,1,2,16,1,20
9,21,30,31,9,21,0,2,3,9,0,1,2,9,0,1,7,1,21
9,21,30,31,9,21,0,2,4,4,0,2,2,4,0,2,2,1,19
9,21,30,31,9,21,0,2,5,5,0,2,2,5,0,2,3,1,17
9,21,30,31,9,21,0,2,6,6,0,2,2,6,0,2,4,1,18
9,21,30,31,9,21,0,2,7,7,0,2,2,7,0,2,5,1,16
9,21,30,31,9,21,0,2,8,8,0,2,2,8,0,2,6,1,17
9,21,30,31,9,21,0,2,9,9,0,1,2,9,0,2,7,1,13
9,21,30,31,9,21,0,2,10,9,0,1,2,10,0,2,8,1,17
9,21,30,31,9,21,0,2,11,9,0,1,2,9,1,2,7,1,18
9,21,30,31,9,21,0,2,12,8,1,2,2,12,0,2,10,1,16
9,21,30,31,9,21,0,2,13,7,1,2,2,7,1,2,5,1,18
9,21,30,31,9,21,0,2,14,6,1,2,2,14,0,2,12,1,14
9,21,30,31,9,21,0,2,15,5,1,2,2,15,0,2,13,1,18
9,21,30,31,9,21,0,2,16,4,1,2,2,4,1,2,2,1,16
9,21,30,31,9,21,0,2,17,9,0,1,2,17,0,2,15,1,16
9,21,30,31,9,21,0,2,18,9,0,1,2,18,0,2,16,1,20
9,21,30,31,9,21,0,2,19,9,0,1,2,19,0,2,17,1,18
9,22,31,32,9,9,0,2,1,7,1,2,1,7,1,2,1,1,25
9,22,31,32,9,9,0,2,2,6,1,2,2,22,0,1,1,1,11
9,22,31,32,9,9,0,2,3,5,1,2,1,5,1,2,1,1,22
9,22,31,32,9,9,0,2,4,4,0,2,2,4,0,2,2,1,23
9,22,31,32,9,9,0,2,5,5,0,2,2,5,0,2,3,1,18
9,22,31,32,9,9,0,2,6,6,0,2,2,6,0,2,4,1,22
9,22,31,32,9,9,0,2,7,7,0,2,2,7,0,2,5,1,23
9,22,31,32,9,22,0,2,1,9,0,1,1,9,0,1,1,1,25
9,22,31,32,9,22,0,2,2,9,0,1,1,9,0,1,1,1,12
9,22,31,32,9,22,0,2,3,9,0,1,1,9,0,1,1,1,23
9,22,31,32,9,22,0,2,4,4,0,2,2,4,0,2,2,1,22
9,22,31,32,9,22,0,2,5,5,0,2,2,5,0,2,3,1,18
9,22,31,32,9,22,0,2,6,6,0,2,2,6,0,2,4,1,22
9,22,31,32,9,22,0,2,7,7,0,2,2,7,0,2,5,1,20
9,22,31,32,9,22,0,2,8,8,0,2,2,8,0,2,6,1,19
9,22,31,32,9,22,0,2,9,9,0,1,2,9,0,2,7,1,21
9,22,31,32,9,22,0,2,10,9,0,1,2,9,0,1,7,1,20
9,22,31,32,9,22,0,2,11,9,0,1,2,9,0,1,7,1,21
9,22,31,32,9,22,0,2,12,9,0,1,2,9,1,2,7,1,16
9,22,31,32,9,22,0,2,13,8,1,2,1,8,1,2,1,1,22
9,22,31,32,9,22,0,2,14,7,1,2,2,7,1,2,5,1,17
9,22,31,32,9,22,0,2,15,6,1,2,2,6,1,2,4,1,16
9,22,31,32,9,22,0,2,16,5,1,2,1,5,1,2,1,1,22
9,22,31,32,9,22,0,2,17,4,1,2,2,4,1,2,2,1,19
9,22,31,32,9,22,0,2,18,9,0,1,2,18,0,2,16,1,19
9,22,31,32,9,22,0,2,19,9,0,1,2,9,0,1,7,1,22
9,22,31,32,9,22,0,2,20,9,0,1,2,9,0,1,7,1,23
9,23,32,33,9,9,0,2,1,7,1,2,0,7,1,2,0,0,26
9,23,32,33,9,9,0,2,2,6,1,2,2,6,1,2,4,1,19
9,23,32,33,9,9,0,2,3,5,1,2,1,5,1,2,1,1,24
9,23,32,33,9,9,0,2,4,4,0,2,2,4,0,2,2,1,22
9,23,32,33,9,9,0,2,5,5,0,2,2,5,0,2,3,1,13
9,23,32,33,9,9,0,2,6,6,0,2,2,6,0,2,4,1,24
9,23,32,33,9,9,0,2,7,7,0,2,2,7,0,2,5,1,20
9,23,32,33,9,23,0,2,1,9,0,1,1,21,1,2,0,0,27
9,23,32,33,9,23,0,2,2,9,0,1,3,20,1,2,18,1,18
9,23,32,33,9,23,0,2,3,9,0,1,1,9,0,1,1,1,23
9,23,32,33,9,23,0,2,4,4,0,2,2,4,0,2,2,1,22
9,23,32,33,9,23,0,2,5,5,0,2,2,17,1,2,15,1,9
9,23,32,33,9,23,0,2,6,6,0,2,2,6,0,2,4,1,21
9,23,32,33,9,23,0,2,7,7,0,2,2,7,0,2,5,1,17
9,23,32,33,9,23,0,2,8,8,0,2,2,8,0,2,6,1,14
9,23,32,33,9,23,0,2,9,9,0,1,2,9,0,2,7,1,11
9,23,32,33,9,23,0,2,10,9,0,1,2,10,0,2,8,1,17
9,23,32,33,9,23,0,2,11,9,0,1,2,11,0,2,9,1,15
9,23,32,33,9,23,0,2,12,9,0,1,2,12,0,2,10,1,11
9,23,32,33,9,23,0,2,13,9,0,1,2,9,1,2,7,1,18
9,23,32,33,9,23,0,2,14,8,1,2,2,8,1,2,6,1,15
9,23,32,33,9,23,0,2,15,7,1,2,2,15,0,2,13,1,10
9,23,32,33,9,23,0,2,16,6,1,2,2,6,1,2,4,1,19
9,23,32,33,9,23,0,2,17,5,1,2,2,5,1,2,2,2,10
9,23,32,33,9,23,0,2,18,4,1,2,2,4,1,2,2,1,12
9,23,32,33,9,23,0,2,19,9,0,1,2,19,0,2,17,1,21
9,23,32,33,9,23,0,2,20,9,0,1,2,20,0,2,18,1,15
9,23,32,33,9,23,0,2,21,9,0,1,3,21,0,2,19,1,17
9,24,33,34,9,9,0,2,1,7,1,2,1,7,1,2,1,1,27
9,24,33,34,9,9,0,2,2,6,1,2,2,24,0,1,1,1,17
9,24,33,34,9,9,0,2,3,5,1,2,1,5,1,2,1,1,25
9,24,33,34,9,9,0,2,4,4,0,2,2,4,0,2,2,1,25
9,24,33,34,9,9,0,2,5,5,0,2,2,5,0,2,3,1,21
9,24,33,34,9,9,0,2,6,6,0,2,2,6,0,2,4,1,24
9,24,33,34,9,9,0,2,7,7,0,2,2,7,0,2,5,1,26
9,24,33,34,9,24,0,2,1,9,0,1,1,9,0,1,1,1,27
9,24,33,34,9,24,0,2,2,9,0,1,1,9,0,1,1,1,19
9,24,33,34,9,24,0,2,3,3,0,2,1,3,0,2,1,1,26
9,24,33,34,9,24,0,2,4,4,0,2,2,4,0,2,2,1,25
9,24,33,34,9,24,0,2,5,5,0,2,2,5,0,2,3,1,20
9,24,33,34,9,24,0,2,6,6,0,2,1,6,0,2,1,1,25
9,24,33,34,9,24,0,2,7,7,0,2,2,7,0,2,5,1,24
9,24,33,34,9,24,0,2,8,8,0,2,2,8,0,2,6,1,20
9,24,33,34,9,24,0,2,9,9,0,1,2,9,0,1,7,1,25
9,24,33,34,9,24,0,2,10,9,0,1,2,9,0,1,7,1,24
9,24,33,34,9,24,0,2,11,9,0,1,2,11,0,2,9,1,21
9,24,33,34,9,24,0,2,12,9,0,1,2,11,1,2,1,1,23
9,24,33,34,9,24,0,2,13,9,0,1,2,10,1,2,8,1,22
9,24,33,34,9,24,0,2,14,9,0,1,2,9,1,2,1,1,22
9,24,33,34,9,24,0,2,15,8,1,2,1,8,1,2,1,1,20
9,24,33,34,9,24,0,2,16,7,1,2,2,7,1,2,5,1,23
9,24,33,34,9,24,0,2,17,6,1,2,1,6,1,2,1,1,24
9,24,33,34,9,24,0,2,18,5,1,2,1,5,1,2,1,1,21
9,24,33,34,9,24,0,2,19,4,1,2,1,4,1,2,1,1,25
9,24,33,34,9,24,0,2,20,3,1,2,1,3,1,2,1,1,24
9,24,33,34,9,24,0,2,21,9,0,1,2,21,0,2,19,1,23
9,24,33,34,9,24,0,2,22,9,0,1,2,9,0,1,7,1,26
9,25,34,35,9,9,0,2,1,7,1,2,1,7,1,2,1,1,27
9,25,34,35,9,9,0,2,2,6,1,2,2,6,1,2,4,1,22
9,25,34,35,9,9,0,2,3,5,1,2,1,5,1,2,1,1,26
9,25,34,35,9,9,0,2,4,4,0,2,2,4,0,2,2,1,24
9,25,34,35,9,9,0,2,5,5,0,2,2,5,0,2,3,1,21
9,25,34,35,9,9,0,2,6,6,0,2,2,6,0,2,4,1,26
9,25,34,35,9,9,0,2,7,7,0,2,2,7,0,2,5,1,24
9,25,34,35,9,25,0,2,1,9,0,1,1,9,0,1,8,0,29
9,25,34,35,9,25,0,2,2,9,0,1,2,22,1,2,1,1,24
9,25,34,35,9,25,0,2,3,9,0,1,1,9,0,1,1,1,25
9,25,34,35,9,25,0,2,4,4,0,2,2,4,0,2,2,1,26
9,25,34,35,9,25,0,2,5,5,0,2,2,5,0,2,3,1,21
9,25,34,35,9,25,0,2,6,6,0,2,2,6,0,2,4,1,24
9,25,34,35,9,25,0,2,7,7,0,2,2,7,0,2,5,1,21
9,25,34,35,9,25,0,2,8,8,0,2,2,8,0,2,6,1,21
9,25,34,35,9,25,0,2,9,9,0,1,2,9,0,2,7,1,16
9,25,34,35,9,25,0,2,10,9,0,1,2,10,0,2,8,1,23
9,25,34,35,9,25,0,2,11,9,0,1,2,11,0,2,9,1,20
9,25,34,35,9,25,0,2,12,9,0,1,2,9,0,1,7,1,21
9,25,34,35,9,25,0,2,13,9,0,1,2,11,1,2,1,1,19
9,25,34,35,9,25,0,2,14,9,0,1,2,10,1,2,8,1,19
9,25,34,35,9,25,0,2,15,9,0,1,2,9,1,2,1,1,22
9,25,34,35,9,25,0,2,16,8,1,2,2,16,0,2,14,1,16
9,25,34,35,9,25,0,2,17,7,1,2,2,7,1,2,5,1,22
9,25,34,35,9,25,0,2,18,6,1,2,2,6,1,2,4,1,17
9,25,34,35,9,25,0,2,19,5,1,2,2,19,0,2,17,1,21
9,25,34,35,9,25,0,2,20,4,1,2,2,4,1,2,2,1,20
9,25,34,35,9,25,0,2,21,9,0,1,2,21,0,2,19,1,20
9,25,34,35,9,25,0,2,22,9,0,1,2,22,0,2,20,1,23
9,25,34,35,9,25,0,2,23,9,0,1,2,23,0,2,21,1,23
9,26,35,36,9,9,0,2,1,7,1,2,1,7,1,2,1,1,29
9,26,35,36,9,9,0,2,2,6,1,2,2,6,1,2,4,1,21
9,26,35,36,9,9,0,2,3,3,0,2,1,3,0,2,1,1,28
9,26,35,36,9,9,0,2,4,4,0,2,1,4,0,2,1,1,28
9,26,35,36,9,9,0,2,5,5,0,2,2,5,0,2,3,1,23
9,26,35,36,9,9,0,2,6,6,0,2,1,6,0,2,1,1,28
9,26,35,36,9,9,0,2,7,7,0,2,1,7,0,2,1,1,28
9,26,35,36,9,26,0,2,1,9,0,1,1,9,0,1,1,1,29
9,26,35,36,9,26,0,2,2,9,0,1,1,9,0,1,1,1,21
9,26,35,36,9,26,0,2,3,9,0,1,1,9,0,1,1,1,27
9,26,35,36,9,26,0,2,4,4,0,2,2,4,0,2,2,1,27
9,26,35,36,9,26,0,2,5,5,0,2,2,5,0,2,3,1,25
9,26,35,36,9,26,0,2,6,6,0,2,2,6,0,2,4,1,26
9,26,35,36,9,26,0,2,7,7,0,2,2,7,0,2,5,1,26
9,26,35,36,9,26,0,2,8,8,0,2,2,8,0,2,6,1,25
9,26,35,36,9,26,0,2,9,9,0,1,2,9,0,1,7,1,26
9,26,35,36,9,26,0,2,10,9,0,1,2,9,0,1,7,1,26
9,26,35,36,9,26,0,2,11,9,0,1,2,9,0,1,7,1,26
9,26,35,36,9,26,0,2,12,9,0,1,2,12,0,2,10,1,22
9,26,35,36,9,26,0,2,13,9,0,1,2,9,0,1,7,1,27
9,26,35,36,9,26,0,2,14,9,0,1,2,11,1,2,1,1,26
9,26,35,36,9,26,0,2,15,9,0,1,2,9,0,1,7,1,25
9,26,35,36,9,26,0,2,16,9,0,1,2,9,0,1,7,1,24
9,26,35,36,9,26,0,2,17,8,1,2,1,8,1,2,1,1,25
9,26,35,36,9,26,0,2,18,7,1,2,1,7,1,2,1,1,25
9,26,35,36,9,26,0,2,19,6,1,2,1,6,1,2,1,1,25
9,26,35,36,9,26,0,2,20,5,1,2,1,5,1,2,1,1,26
9,26,35,36,9,26,0,2,21,4,1,2,1,4,1,2,1,1,26
9,26,35,36,9,26,0,2,22,9,0,1,2,22,0,2,20,1,23
9,26,35,36,9,26,0,2,23,9,0,1,2,9,0,1,7,1,26
9,26,35,36,9,26,0,2,24,9,0,1,2,9,0,1,7,1,27
9,27,36,37,9,9,0,2,1,7,1,2,1,7,1,2,1,1,30
9,27,36,37,9,9,0,2,2,6,1,2,2,6,1,2,4,1,24
9,27,36,37,9,9,0,2,3,5,1,2,1,5,1,2,1,1,28
9,27,36,37,9,9,0,2,4,4,0,2,2,4,0,2,2,1,27
9,27,36,37,9,9,0,2,5,5,0,2,2,5,0,2,3,1,24
9,27,36,37,9,9,0,2,6,6,0,2,2,6,0,2,4,1,28
9,27,36,37,9,9,0,2,7,7,0,2,2,7,0,2,5,1,25
9,27,36,37,9,27,0,2,1,9,0,1,1,9,0,1,1,1,30
9,27,36,37,9,27,0,2,2,9,0,1,2,24,1,2,22,1,25
9,27,36,37,9,27,0,2,3,9,0,1,2,9,0,1,7,1,27
9,27,36,37,9,27,0,2,4,4,0,2,2,4,0,2,2,1,26
9,27,36,37,9,27,0,2,5,5,0,2,2,5,0,2,3,1,23
9,27,36,37,9,27,0,2,6,6,0,2,2,6,0,2,4,1,24
9,27,36,37,9,27,0,2,7,7,0,2,2,7,0,2,5,1,22
9,27,36,37,9,27,0,2,8,8,0,2,2,8,0,2,6,1,23
9,27,36,37,9,27,0,2,9,9,0,1,2,9,0,2,7,1,16
9,27,36,37,9,27,0,2,10,9,0,1,2,10,0,2,8,1,22
9,27,36,37,9,27,0,2,11,9,0,1,2,11,0,2,9,1,24
9,27,36,37,9,27,0,2,12,9,0,1,2,12,0,2,10,1,18
9,27,36,37,9,27,0,2,13,9,0,1,2,13,0,2,11,1,23
9,27,36,37,9,27,0,2,14,9,0,1,2,12,1,2,10,1,23
9,27,36,37,9,27,0,2,15,9,0,1,2,11,1,2,9,1,22
9,27,36,37,9,27,0,2,16,9,0,1,2,10,1,2,8,1,23
9,27,36,37,9,27,0,2,17,9,0,1,2,17,0,2,15,1,18
9,27,36,37,9,27,0,2,18,8,1,2,2,8,1,2,6,1,24
9,27,36,37,9,27,0,2,19,7,1,2,2,7,1,2,5,1,19
9,27,36,37,9,27,0,2,20,6,1,2,2,20,0,2,18,1,21
9,27,36,37,9,27,0,2,21,5,1,2,2,21,0,2,19,1,23
9,27,36,37,9,27,0,2,22,4,1,2,2,4,1,2,2,1,23
9,27,36,37,9,27,0,2,23,9,0,1,2,23,0,2,21,1,23
9,27,36,37,9,27,0,2,24,9,0,1,2,24,0,2,22,1,25
9,27,36,37,9,27,0,2,25,9,0,1,2,25,0,2,23,1,24
9,28,37,38,9,9,0,2,1,7,1,2,1,7,1,2,1,1,31
9,28,37,38,9,9,0,2,2,6,1,2,2,28,0,1,1,1,16
9,28,37,38,9,9,0,2,3,5,1,2,1,5,1,2,1,1,28
9,28,37,38,9,9,0,2,4,4,0,2,2,4,0,2,2,1,29
9,28,37,38,9,9,0,2,5,5,0,2,2,5,0,2,3,1,25
9,28,37,38,9,9,0,2,6,6,0,2,2,6,0,2,4,1,28
9,28,37,38,9,9,0,2,7,7,0,2,2,7,0,2,5,1,30
9,28,37,38,9,28,0,2,1,9,0,1,1,9,0,1,1,1,31
9,28,37,38,9,28,0,2,2,9,0,1,1,9,0,1,1,1,16
9,28,37,38,9,28,0,2,3,9,0,1,1,9,0,1,1,1,29
9,28,37,38,9,28,0,2,4,4,0,2,2,4,0,2,2,1,28
9,28,37,38,9,28,0,2,5,5,0,2,2,5,0,2,3,1,24
9,28,37,38,9,28,0,2,6,6,0,2,2,6,0,2,4,1,29
9,28,37,38,9,28,0,2,7,7,0,2,2,7,0,2,5,1,28
9,28,37,38,9,28,0,2,8,8,0,2,2,8,0,2,6,1,24
9,28,37,38,9,28,0,2,9,9,0,1,2,9,0,1,7,1,28
9,28,37,38,9,28,0,2,10,9,0,1,2,9,0,1,7,1,27
9,28,37,38,9,28,0,2,11,9,0,1,2,11,0,2,9,1,25
9,28,37,38,9,28,0,2,12,9,0,1,2,12,0,2,10,1,26
9,28,37,38,9,28,0,2,13,9,0,1,2,9,0,1,7,1,27
9,28,37,38,9,28,0,2,14,9,0,1,2,9,0,1,7,1,28
9,28,37,38,9,28,0,2,15,9,0,1,2,12,1,2,10,1,24
9,28,37,38,9,28,0,2,16,9,0,1,2,9,0,1,7,1,28
9,28,37,38,9,28,0,2,17,9,0,1,2,9,0,1,7,1,25
9,28,37,38,9,28,0,2,18,9,0,1,2,9,1,2,7,1,24
9,28,37,38,9,28,0,2,19,8,1,2,1,8,1,2,1,1,28
9,28,37,38,9,28,0,2,20,7,1,2,2,7,1,2,5,1,26
9,28,37,38,9,28,0,2,21,6,1,2,2,6,1,2,4,1,25
9,28,37,38,9,28,0,2,22,5,1,2,1,5,1,2,1,1,27
9,28,37,38,9,28,0,2,23,4,1,2,2,4,1,2,2,1,26
9,28,37,38,9,28,0,2,24,9,0,1,2,24,0,2,22,1,25
9,28,37,38,9,28,0,2,25,9,0,1,2,25,0,2,23,1,26
9,28,37,38,9,28,0,2,26,9,0,1,2,26,0,2,24,1,28
9,29,38,39,9,9,0,2,1,7,1,2,0,7,1,2,0,0,33
9,29,38,39,9,9,0,2,2,6,1,2,2,6,1,2,4,1,26
9,29,38,39,9,9,0,2,3,5,1,2,1,5,1,2,1,1,30
9,29,38,39,9,9,0,2,4,4,0,2,2,4,0,2,2,1,29
9,29,38,39,9,9,0,2,5,5,0,2,2,5,0,2,3,1,24
9,29,38,39,9,9,0,2,6,6,0,2,2,6,0,2,4,1,30
9,29,38,39,9,9,0,2,7,7,0,2,2,7,0,2,5,1,28
9,29,38,39,9,29,0,2,1,9,0,1,1,27,1,2,0,0,33
9,29,38,39,9,29,0,2,2,9,0,1,3,26,1,2,24,1,24
9,29,38,39,9,29,0,2,3,9,0,1,1,9,0,1,1,1,30
9,29,38,39,9,29,0,2,4,4,0,2,2,4,0,2,2,1,28
9,29,38,39,9,29,0,2,5,5,0,2,2,5,0,2,3,1,21
9,29,38,39,9,29,0,2,6,6,0,2,2,6,0,2,4,1,30
9,29,38,39,9,29,0,2,7,7,0,2,2,7,0,2,5,1,24
9,29,38,39,9,29,0,2,8,8,0,2,2,8,0,2,6,1,24
9,29,38,39,9,29,0,2,9,9,0,1,2,9,0,2,7,1,20
9,29,38,39,9,29,0,2,10,9,0,1,2,10,0,2,8,1,23
9,29,38,39,9,29,0,2,11,9,0,1,2,11,0,2,9,1,24
9,29,38,39,9,29,0,2,12,9,0,1,2,12,0,2,10,1,20
9,29,38,39,9,29,0,2,13,9,0,1,2,13,0,2,11,1,23
9,29,38,39,9,29,0,2,14,9,0,1,2,14,0,2,12,1,25
9,29,38,39,9,29,0,2,15,9,0,1,2,15,0,2,13,1,20
9,29,38,39,9,29,0,2,16,9,0,1,2,12,1,2,10,1,24
9,29,38,39,9,29,0,2,17,9,0,1,2,11,1,2,9,1,24
9,29,38,39,9,29,0,2,18,9,0,1,3,18,0,2,16,1,18
9,29,38,39,9,29,0,2,19,9,0,1,2,9,1,2,7,1,26
9,29,38,39,9,29,0,2,20,8,1,2,2,8,1,2,6,1,19
9,29,38,39,9,29,0,2,21,7,1,2,2,7,1,2,5,1,23
9,29,38,39,9,29,0,2,22,6,1,2,2,6,1,2,4,1,26
9,29,38,39,9,29,0,2,23,5,1,2,2,23,0,2,21,1,22
9,29,38,39,9,29,0,2,24,4,1,2,2,4,1,2,2,1,25
9,29,38,39,9,29,0,2,25,9,0,1,2,25,0,2,23,1,27
9,29,38,39,9,29,0,2,26,9,0,1,2,26,0,2,24,1,26
9,29,38,39,9,29,0,2,27,9,0,1,2,27,0,2,25,1,26
9,30,39,40,9,9,0,2,1,7,1,2,1,7,1,2,1,1,33
9,30,39,40,9,9,0,2,2,6,1,2,2,30,0,1,1,1,23
9,30,39,40,9,9,0,2,3,5,1,2,1,5,1,2,1,1,31
9,30,39,40,9,9,0,2,4,4,0,2,2,4,0,2,2,1,31
9,30,39,40,9,9,0,2,5,5,0,2,2,5,0,2,3,1,26
9,30,39,40,9,9,0,2,6,6,0,2,2,6,0,2,4,1,30
9,30,39,40,9,9,0,2,7,7,0,2,2,7,0,2,5,1,32
9,30,39,40,9,30,0,2,1,9,0,1,1,9,0,1,1,1,33
9,30,39,40,9,30,0,2,2,9,0,1,1,9,0,1,1,1,24
9,30,39,40,9,30,0,2,3,3,0,2,1,3,0,2,1,1,32
9,30,39,40,9,30,0,2,4,4,0,2,2,4,0,2,2,1,31
9,30,39,40,9,30,0,2,5,5,0,2,2,5,0,2,3,1,28
9,30,39,40,9,30,0,2,6,6,0,2,1,6,0,2,1,1,31
9,30,39,40,9,30,0,2,7,7,0,2,2,7,0,2,5,1,30
9,30,39,40,9,30,0,2,8,8,0,2,2,8,0,2,6,1,28
9,30,39,40,9,30,0,2,9,9,0,1,2,9,0,1,7,1,31
9,30,39,40,9,30,0,2,10,9,0,1,2,9,0,1,7,1,30
9,30,39,40,9,30,0,2,11,9,0,1,2,11,0,2,9,1,29
9,30,39,40,9,30,0,2,12,9,0,1,2,9,0,1,7,1,30
9,30,39,40,9,30,0,2,13,9,0,1,2,9,0,1,7,1,30
9,30,39,40,9,30,0,2,14,9,0,1,2,14,0,2,12,1,28
9,30,39,40,9,30,0,2,15,9,0,1,2,9,0,1,7,1,30
9,30,39,40,9,30,0,2,16,9,0,1,2,13,1,2,11,1,28
9,30,39,40,9,30,0,2,17,9,0,1,2,9,0,1,7,1,29
9,30,39,40,9,30,0,2,18,9,0,1,2,11,1,2,1,1,26
9,30,39,40,9,30,0,2,19,9,0,1,2,10,1,2,8,1,29
9,30,39,40,9,30,0,2,20,9,0,1,2,9,0,1,7,1,30
9,30,39,40,9,30,0,2,21,8,1,2,1,8,1,2,1,1,27
9,30,39,40,9,30,0,2,22,7,1,2,1,7,1,2,1,1,30
9,30,39,40,9,30,0,2,23,6,1,2,1,6,1,2,1,1,30
9,30,39,40,9,30,0,2,24,5,1,2,1,5,1,2,1,1,29
9,30,39,40,9,30,0,2,25,4,1,2,1,4,1,2,1,1,31
9,30,39,40,9,30,0,2,26,3,1,2,1,3,1,2,1,1,30
9,30,39,40,9,30,0,2,27,9,0,1,2,9,0,1,7,1,30
9,30,39,40,9,30,0,2,28,9,0,1,2,9,0,1,7,1,32
10,2,12,13,10,10,0,2,1,8,1,2,1,8,1,2,1,1,6
10,2,12,13,10,10,0,2,2,7,1,2,3,7,1,2,3,3,1
10,2,12,13,10,10,0,2,3,3,0,2,1,3,0,2,1,1,5
10,2,12,13,10,10,0,2,4,4,0,2,2,5,1,2,0,0,5
10,2,12,13,10,10,0,2,5,5,0,2,1,5,0,2,1,1,3
10,2,12,13,10,10,0,2,6,3,1,2,1,3,1,2,1,1,5
10,2,12,13,10,10,0,2,7,7,0,2,2,7,0,2,2,2,2
10,2,12,13,10,10,0,2,8,8,0,2,1,8,0,2,1,1,5
10,3,13,14,10,3,0,2,1,10,0,1,1,10,0,1,1,1,7
10,3,13,14,10,10,0,2,1,3,0,1,1,3,0,1,2,0,6
10,3,13,14,10,10,0,2,2,7,1,2,2,7,1,2,2,2,2
10,3,13,14,10,10,0,2,3,6,1,2,2,6,1,2,4,1,3
10,3,13,14,10,10,0,2,4,5,1,2,2,5,1,2,2,2,1
10,3,13,14,10,10,0,2,5,4,1,2,2,4,1,2,2,1,1
10,3,13,14,10,10,0,2,6,6,0,2,2,6,0,2,2,2,2
10,3,13,14,10,10,0,2,7,7,0,2,3,7,0,2,5,1,3
10,3,13,14,10,10,0,2,8,8,0,2,5,8,0,2,5,2,1
10,4,14,15,10,4,0,2,1,10,0,1,1,10,0,1,1,1,8
10,4,14,15,10,4,0,2,2,10,0,1,3,10,0,1,7,2,3
10,4,14,15,10,10,0,2,1,4,0,1,1,4,0,1,1,1,6
10,4,14,15,10,10,0,2,2,7,1,2,2,7,1,2,2,2,2
10,4,14,15,10,10,0,2,3,6,1,2,2,6,1,2,4,1,3
10,4,14,15,10,10,0,2,4,4,0,1,1,4,0,1,1,1,5
10,4,14,15,10,10,0,2,5,4,0,1,1,4,0,1,1,1,4
10,4,14,15,10,10,0,2,6,6,0,2,3,6,0,2,3,2,1
10,4,14,15,10,10,0,2,7,4,0,1,1,4,0,1,1,1,7
10,4,14,15,10,10,0,2,8,4,0,1,1,4,0,1,1,1,4
10,5,15,16,10,5,0,2,1,3,1,2,1,10,0,1,9,0,10
10,5,15,16,10,5,0,2,2,10,0,1,1,10,0,1,1,1,6
10,5,15,16,10,5,0,2,3,10,0,1,1,10,0,1,1,1,8
10,5,15,16,10,10,0,2,1,5,0,1,1,5,0,1,1,1,9
10,5,15,16,10,10,0,2,2,5,0,1,2,7,1,2,1,1,5
10,5,15,16,10,10,0,2,3,5,0,1,2,5,0,1,3,1,5
10,5,15,16,10,10,0,2,4,4,0,2,1,4,0,2,1,1,7
10,5,15,16,10,10,0,2,5,4,1,2,1,4,1,2,1,1,5
10,5,15,16,10,10,0,2,6,3,1,2,1,3,1,2,1,1,5
10,5,15,16,10,10,0,2,7,5,0,1,2,7,0,2,1,1,5
10,5,15,16,10,10,0,2,8,5,0,1,2,5,0,1,3,1,7
10,6,16,17,10,6,0,2,1,4,1,2,0,4,1,2,0,0,10
10,6,16,17,10,6,0,2,2,10,0,1,2,10,0,1,2,2,3
10,6,16,17,10,6,0,2,3,10,0,1,1,10,0,1,1,1,7
10,6,16,17,10,6,0,2,4,4,0,2,2,4,0,2,2,1,6
10,6,16,17,10,10,0,2,1,6,0,1,2,6,0,1,4,1,9
10,6,16,17,10,10,0,2,2,6,0,1,3,7,1,2,1,1,5
10,6,16,17,10,10,0,2,3,3,0,2,1,3,0,2,1,1,8
10,6,16,17,10,10,0,2,4,4,0,2,2,4,0,2,2,1,6
10,6,16,17,10,10,0,2,5,4,1,2,2,4,1,2,2,1,5
10,6,16,17,10,10,0,2,6,3,1,2,1,3,1,2,1,1,8
10,6,16,17,10,10,0,2,7,6,0,1,3,7,0,2,5,1,3
10,6,16,17,10,10,0,2,8,6,0,1,2,8,0,2,1,1,8
10,7,17,18,10,7,0,2,1,5,1,2,1,5,1,2,1,1,10
10,7,17,18,10,7,0,2,2,4,1,2,2,4,1,2,2,1,4
10,7,17,18,10,7,0,2,3,3,0,2,1,3,0,2,1,1,9
10,7,17,18,10,7,0,2,4,4,0,2,2,4,0,2,2,1,8
10,7,17,18,10,7,0,2,5,5,0,2,1,5,0,2,1,1,8
10,7,17,18,10,10,0,2,1,7,0,1,1,8,1,2,0,0,12
10,7,17,18,10,10,0,2,2,7,0,1,2,7,0,1,2,2,1
10,7,17,18,10,10,0,2,3,3,0,2,1,3,0,2,1,1,9
10,7,17,18,10,10,0,2,4,4,0,2,2,4,0,2,2,1,7
10,7,17,18,10,10,0,2,5,4,1,2,2,4,1,2,2,1,4
10,7,17,18,10,10,0,2,6,3,1,2,1,3,1,2,1,1,9
10,7,17,18,10,10,0,2,7,2,1,2,0,2,1,2,0,0,7
10,7,17,18,10,10,0,2,8,7,0,1,4,8,0,2,1,1,7
10,9,19,20,10,9,0,2,1,7,1,2,1,7,1,2,1,1,12
10,9,19,20,10,9,0,2,2,6,1,2,2,6,1,2,4,1,5
10,9,19,20,10,9,0,2,3,3,0,2,1,3,0,2,1,1,11
10,9,19,20,10,9,0,2,4,4,0,2,1,4,0,2,1,1,10
10,9,19,20,10,9,0,2,5,5,0,2,2,5,0,2,3,1,6
10,9,19,20,10,9,0,2,6,6,0,2,1,6,0,2,1,1,11
10,9,19,20,10,9,0,2,7,7,0,2,1,7,0,2,1,1,10
10,9,19,20,10,10,0,2,1,8,1,2,2,9,0,1,8,0,12
10,9,19,20,10,10,0,2,2,7,1,2,2,7,1,2,5,1,9
10,9,19,20,10,10,0,2,3,6,1,2,2,6,1,2,4,1,9
10,9,19,20,10,10,0,2,4,4,0,2,2,9,0,1,8,0,10
10,9,19,20,10,10,0,2,5,4,1,2,1,4,1,2,1,1,9
10,9,19,20,10,10,0,2,6,6,0,2,2,9,0,1,1,1,8
10,9,19,20,10,10,0,2,7,7,0,2,2,7,0,2,5,1,10
10,9,19,20,10,10,0,2,8,8,0,2,2,9,0,1,8,0,10
10,10,20,21,10,10,0,2,1,8,1,2,1,10,0,1,9,0,15
10,10,20,21,10,10,0,2,2,7,1,2,1,7,1,2,1,1,10
10,10,20,21,10,10,0,2,3,6,1,2,1,6,1,2,1,1,11
10,10,20,21,10,10,0,2,4,4,0,2,2,4,0,2,2,1,12
10,10,20,21,10,10,0,2,5,4,1,2,2,4,1,2,2,1,8
10,10,20,21,10,10,0,2,6,3,1,2,1,3,1,2,1,1,10
10,10,20,21,10,10,0,2,7,7,0,2,2,7,0,2,5,1,10
10,10,20,21,10,10,0,2,8,8,0,2,2,8,0,2,6,1,11
10,11,21,22,10,10,0,2,1,8,1,2,1,8,1,2,1,1,15
10,11,21,22,10,10,0,2,2,7,1,2,1,7,1,2,1,1,8
10,11,21,22,10,10,0,2,3,6,1,2,1,6,1,2,1,1,12
10,11,21,22,10,10,0,2,4,4,0,2,2,4,0,2,2,1,12
10,11,21,22,10,10,0,2,5,4,1,2,1,4,1,2,1,1,7
10,11,21,22,10,10,0,2,6,3,1,2,1,3,1,2,1,1,12
10,11,21,22,10,10,0,2,7,7,0,2,2,7,0,2,5,1,12
10,11,21,22,10,10,0,2,8,8,0,2,2,8,0,2,6,1,9
10,11,21,22,10,11,0,2,1,9,1,2,2,10,0,1,9,0,15
10,11,21,22,10,11,0,2,2,8,1,2,2,10,0,1,1,1,8
10,11,21,22,10,11,0,2,3,7,1,2,1,7,1,2,1,1,13
10,11,21,22,10,11,0,2,4,4,0,2,2,4,0,2,2,1,12
10,11,21,22,10,11,0,2,5,5,0,2,2,5,0,2,3,1,10
10,11,21,22,10,11,0,2,6,4,1,2,1,4,1,2,1,1,13
10,11,21,22,10,11,0,2,7,7,0,2,2,7,0,2,5,1,11
10,11,21,22,10,11,0,2,8,8,0,2,2,8,0,2,6,1,11
10,11,21,22,10,11,0,2,9,9,0,2,2,10,0,1,9,0,15
10,13,23,24,10,10,0,2,1,8,1,2,1,8,1,2,1,1,16
10,13,23,24,10,10,0,2,2,7,1,2,2,7,1,2,5,1,7
10,13,23,24,10,10,0,2,3,3,0,2,1,3,0,2,1,1,15
10,13,23,24,10,10,0,2,4,4,0,2,2,4,0,2,2,1,15
10,13,23,24,10,10,0,2,5,4,1,2,2,4,1,2,2,1,12
10,13,23,24,10,10,0,2,6,3,1,2,1,3,1,2,1,1,15
10,13,23,24,10,10,0,2,7,7,0,2,2,7,0,2,5,1,13
10,13,23,24,10,10,0,2,8,8,0,2,1,8,0,2,1,1,14
10,13,23,24,10,13,0,2,1,10,0,1,1,11,1,2,0,0,18
10,13,23,24,10,13,0,2,2,10,0,1,2,10,0,1,2,2,4
10,13,23,24,10,13,0,2,3,3,0,2,1,3,0,2,1,1,15
10,13,23,24,10,13,0,2,4,4,0,2,2,4,0,2,2,1,15
10,13,23,24,10,13,0,2,5,5,0,2,1,5,0,2,1,1,11
10,13,23,24,10,13,0,2,6,6,0,2,1,6,0,2,1,1,15
10,13,23,24,10,13,0,2,7,5,1,2,1,5,1,2,1,1,14
10,13,23,24,10,13,0,2,8,4,1,2,2,4,1,2,2,1,12
10,13,23,24,10,13,0,2,9,3,1,2,1,3,1,2,1,1,14
10,13,23,24,10,13,0,2,10,2,1,2,0,2,1,2,0,0,15
10,13,23,24,10,13,0,2,11,10,0,1,2,11,0,2,1,1,15
10,14,24,25,10,10,0,2,1,8,1,2,1,8,1,2,1,1,18
10,14,24,25,10,10,0,2,2,7,1,2,2,7,1,2,5,1,11
10,14,24,25,10,10,0,2,3,6,1,2,2,6,1,2,4,1,14
10,14,24,25,10,10,0,2,4,4,0,2,2,4,0,2,2,1,16
10,14,24,25,10,10,0,2,5,4,1,2,2,4,1,2,2,1,6
10,14,24,25,10,10,0,2,6,6,0,2,2,6,0,2,4,1,14
10,14,24,25,10,10,0,2,7,7,0,2,2,7,0,2,5,1,15
10,14,24,25,10,10,0,2,8,8,0,2,2,8,0,2,6,1,10
10,14,24,25,10,14,0,2,1,10,0,1,1,10,0,1,1,1,18
10,14,24,25,10,14,0,2,2,10,0,1,3,11,1,2,1,1,13
10,14,24,25,10,14,0,2,3,3,0,2,1,3,0,2,1,1,15
10,14,24,25,10,14,0,2,4,4,0,2,2,4,0,2,2,1,14
10,14,24,25,10,14,0,2,5,5,0,2,2,5,0,2,3,1,5
10,14,24,25,10,14,0,2,6,6,0,2,2,6,0,2,4,1,10
10,14,24,25,10,14,0,2,7,6,1,2,1,6,1,2,1,1,14
10,14,24,25,10,14,0,2,8,5,1,2,2,8,0,2,6,1,8
10,14,24,25,10,14,0,2,9,4,1,2,1,4,1,2,1,1,12
10,14,24,25,10,14,0,2,10,3,1,2,1,3,1,2,1,1,13
10,14,24,25,10,14,0,2,11,10,0,1,2,11,0,2,9,1,9
10,14,24,25,10,14,0,2,12,10,0,1,2,10,0,1,8,1,16
10,15,25,26,10,10,0,2,1,8,1,2,1,15,0,1,14,0,20
10,15,25,26,10,10,0,2,2,7,1,2,2,7,1,2,5,1,10
10,15,25,26,10,10,0,2,3,6,1,2,1,6,1,2,1,1,17
10,15,25,26,10,10,0,2,4,4,0,2,2,4,0,2,2,1,17
10,15,25,26,10,10,0,2,5,4,1,2,1,4,1,2,1,1,11
10,15,25,26,10,10,0,2,6,3,1,2,1,3,1,2,1,1,17
10,15,25,26,10,10,0,2,7,7,0,2,2,7,0,2,5,1,16
10,15,25,26,10,10,0,2,8,8,0,2,2,8,0,2,6,1,14
10,15,25,26,10,15,0,2,1,10,0,1,1,10,0,1,1,1,19
10,15,25,26,10,15,0,2,2,10,0,1,1,10,0,1,1,1,14
10,15,25,26,10,15,0,2,3,10,0,1,2,10,0,1,8,1,15
10,15,25,26,10,15,0,2,4,4,0,2,2,4,0,2,2,1,16
10,15,25,26,10,15,0,2,5,5,0,2,2,5,0,2,3,1,14
10,15,25,26,10,15,0,2,6,6,0,2,1,6,0,2,1,1,17
10,15,25,26,10,15,0,2,7,7,0,2,1,7,0,2,1,1,14
10,15,25,26,10,15,0,2,8,6,1,2,1,6,1,2,1,1,16
10,15,25,26,10,15,0,2,9,5,1,2,2,9,0,2,1,1,14
10,15,25,26,10,15,0,2,10,4,1,2,1,4,1,2,1,1,17
10,15,25,26,10,15,0,2,11,3,1,2,1,3,1,2,1,1,16
10,15,25,26,10,15,0,2,12,10,0,1,2,10,0,1,8,1,14
10,15,25,26,10,15,0,2,13,10,0,1,2,10,0,1,8,1,17
10,16,26,27,10,10,0,2,1,8,1,2,1,8,1,2,1,1,20
10,16,26,27,10,10,0,2,2,7,1,2,2,7,1,2,5,1,12
10,16,26,27,10,10,0,2,3,6,1,2,1,6,1,2,1,1,18
10,16,26,27,10,10,0,2,4,4,0,2,2,4,0,2,2,1,17
10,16,26,27,10,10,0,2,5,4,1,2,2,4,1,2,2,1,9
10,16,26,27,10,10,0,2,6,3,1,2,1,3,1,2,1,1,17
10,16,26,27,10,10,0,2,7,7,0,2,2,7,0,2,5,1,14
10,16,26,27,10,10,0,2,8,8,0,2,2,8,0,2,6,1,12
10,16,26,27,10,16,0,2,1,10,0,1,1,10,0,1,9,0,21
10,16,26,27,10,16,0,2,2,10,0,1,2,13,1,2,11,1,12
10,16,26,27,10,16,0,2,3,10,0,1,2,10,0,1,8,1,16
10,16,26,27,10,16,0,2,4,4,0,2,2,4,0,2,2,1,17
10,16,26,27,10,16,0,2,5,5,0,2,2,5,0,2,3,1,10
10,16,26,27,10,16,0,2,6,6,0,2,2,6,0,2,4,1,14
10,16,26,27,10,16,0,2,7,7,0,2,2,7,0,2,5,1,15
10,16,26,27,10,16,0,2,8,7,1,2,2,7,1,2,5,1,11
10,16,26,27,10,16,0,2,9,6,1,2,2,6,1,2,4,1,12
10,16,26,27,10,16,0,2,10,5,1,2,2,10,0,1,8,1,13
10,16,26,27,10,16,0,2,11,4,1,2,2,4,1,2,2,1,15
10,16,26,27,10,16,0,2,12,10,0,1,2,12,0,2,10,1,9
10,16,26,27,10,16,0,2,13,10,0,1,2,10,0,1,8,1,15
10,16,26,27,10,16,0,2,14,10,0,1,1,10,0,1,1,1,16
10,17,27,28,10,10,0,2,1,8,1,2,1,8,1,2,1,1,21
10,17,27,28,10,10,0,2,2,7,1,2,2,7,1,2,5,1,11
10,17,27,28,10,10,0,2,3,3,0,2,1,3,0,2,1,1,20
10,17,27,28,10,10,0,2,4,4,0,2,2,4,0,2,2,1,19
10,17,27,28,10,10,0,2,5,4,1,2,1,4,1,2,1,1,17
10,17,27,28,10,10,0,2,6,3,1,2,1,3,1,2,1,1,19
10,17,27,28,10,10,0,2,7,7,0,2,2,7,0,2,5,1,18
10,17,27,28,10,10,0,2,8,8,0,2,1,8,0,2,1,1,18
10,17,27,28,10,17,0,2,1,10,0,1,1,10,0,1,1,1,21
10,17,27,28,10,17,0,2,2,10,0,1,1,10,0,1,1,1,11
10,17,27,28,10,17,0,2,3,10,0,1,1,10,0,1,1,1,19
10,17,27,28,10,17,0,2,4,4,0,2,2,4,0,2,2,1,18
10,17,27,28,10,17,0,2,5,5,0,2,2,5,0,2,3,1,15
10,17,27,28,10,17,0,2,6,6,0,2,2,6,0,2,4,1,19
10,17,27,28,10,17,0,2,7,7,0,2,2,7,0,2,5,1,17
10,17,27,28,10,17,0,2,8,8,0,2,2,8,0,2,6,1,16
10,17,27,28,10,17,0,2,9,7,1,2,1,7,1,2,1,1,18
10,17,27,28,10,17,0,2,10,6,1,2,2,6,1,2,4,1,15
10,17,27,28,10,17,0,2,11,5,1,2,1,5,1,2,1,1,17
10,17,27,28,10,17,0,2,12,4,1,2,1,4,1,2,1,1,17
10,17,27,28,10,17,0,2,13,10,0,1,2,10,0,1,8,1,15
10,17,27,28,10,17,0,2,14,10,0,1,1,10,0,1,1,1,18
10,17,27,28,10,17,0,2,15,10,0,1,2,10,0,1,8,1,18
10,18,28,29,10,10,0,2,1,8,1,2,0,8,1,2,0,0,23
10,18,28,29,10,10,0,2,2,7,1,2,2,7,1,2,5,1,14
10,18,28,29,10,10,0,2,3,6,1,2,1,6,1,2,1,1,17
10,18,28,29,10,10,0,2,4,4,0,2,2,4,0,2,2,1,19
10,18,28,29,10,10,0,2,5,4,1,2,2,4,1,2,2,1,8
10,18,28,29,10,10,0,2,6,3,1,2,1,3,1,2,1,1,15
10,18,28,29,10,10,0,2,7,7,0,2,2,7,0,2,5,1,17
10,18,28,29,10,10,0,2,8,8,0,2,2,8,0,2,6,1,13
10,18,28,29,10,18,0,2,1,10,0,1,1,16,1,2,0,0,23
10,18,28,29,10,18,0,2,2,10,0,1,2,15,1,2,13,1,14
10,18,28,29,10,18,0,2,3,10,0,1,1,10,0,1,1,1,18
10,18,28,29,10,18,0,2,4,4,0,2,2,4,0,2,2,1,17
10,18,28,29,10,18,0,2,5,5,0,2,2,5,0,2,3,1,8
10,18,28,29,10,18,0,2,6,6,0,2,2,10,0,1,1,1,15
10,18,28,29,10,18,0,2,7,7,0,2,2,10,1,2,8,1,14
10,18,28,29,10,18,0,2,8,8,0,2,2,8,0,2,6,1,10
10,18,28,29,10,18,0,2,9,8,1,2,2,8,1,2,6,1,13
10,18,28,29,10,18,0,2,10,7,1,2,3,10,0,1,2,2,8
10,18,28,29,10,18,0,2,11,6,1,2,2,11,0,2,9,1,11
10,18,28,29,10,18,0,2,12,5,1,2,1,5,1,2,1,1,13
10,18,28,29,10,18,0,2,13,10,0,1,2,10,0,1,2,2,6
10,18,28,29,10,18,0,2,14,10,0,1,1,10,0,1,1,1,17
10,18,28,29,10,18,0,2,15,10,0,1,2,10,0,1,2,2,10
10,18,28,29,10,18,0,2,16,10,0,1,2,10,0,1,8,1,11
10,19,29,30,10,10,0,2,1,8,1,2,1,8,1,2,1,1,23
10,19,29,30,10,10,0,2,2,7,1,2,2,7,1,2,5,1,13
10,19,29,30,10,10,0,2,3,6,1,2,1,6,1,2,1,1,21
10,19,29,30,10,10,0,2,4,4,0,2,2,4,0,2,2,1,21
10,19,29,30,10,10,0,2,5,4,1,2,1,4,1,2,1,1,20
10,19,29,30,10,10,0,2,6,3,1,2,1,3,1,2,1,1,21
10,19,29,30,10,10,0,2,7,7,0,2,2,7,0,2,5,1,20
10,19,29,30,10,10,0,2,8,8,0,2,2,8,0,2,6,1,21
10,19,29,30,10,19,0,2,1,10,0,1,1,10,0,1,1,1,23
10,19,29,30,10,19,0,2,2,10,0,1,1,10,0,1,1,1,12
10,19,29,30,10,19,0,2,3,3,0,2,1,3,0,2,1,1,22
10,19,29,30,10,19,0,2,4,4,0,2,2,4,0,2,2,1,21
10,19,29,30,10,19,0,2,5,5,0,2,2,5,0,2,3,1,17
10,19,29,30,10,19,0,2,6,6,0,2,1,6,0,2,1,1,22
10,19,29,30,10,19,0,2,7,7,0,2,2,7,0,2,5,1,20
10,19,29,30,10,19,0,2,8,8,0,2,1,8,0,2,1,1,20
10,19,29,30,10,19,0,2,9,9,0,2,1,9,0,2,1,1,21
10,19,29,30,10,19,0,2,10,8,1,2,1,8,1,2,1,1,20
10,19,29,30,10,19,0,2,11,7,1,2,2,7,1,2,5,1,19
10,19,29,30,10,19,0,2,12,6,1,2,1,6,1,2,1,1,20
10,19,29,30,10,19,0,2,13,5,1,2,1,5,1,2,1,1,20
10,19,29,30,10,19,0,2,14,4,1,2,1,4,1,2,1,1,20
10,19,29,30,10,19,0,2,15,3,1,2,1,3,1,2,1,1,18
10,19,29,30,10,19,0,2,16,10,0,1,2,10,0,1,8,1,19
10,19,29,30,10,19,0,2,17,10,0,1,2,10,0,1,8,1,21
10,20,30,31,10,10,0,2,1,8,1,2,1,8,1,2,1,1,24
10,20,30,31,10,10,0,2,2,7,1,2,1,7,1,2,1,1,21
10,20,30,31,10,10,0,2,3,6,1,2,1,6,1,2,1,1,21
10,20,30,31,10,10,0,2,4,4,0,2,2,4,0,2,2,1,22
10,20,30,31,10,10,0,2,5,4,1,2,2,4,1,2,2,1,15
10,20,30,31,10,10,0,2,6,3,1,2,1,3,1,2,1,1,21
10,20,30,31,10,10,0,2,7,7,0,2,2,7,0,2,5,1,20
10,20,30,31,10,10,0,2,8,8,0,2,2,8,0,2,6,1,18
10,20,30,31,10,20,0,2,1,10,0,1,1,10,0,1,1,1,24
10,20,30,31,10,20,0,2,2,10,0,1,2,17,1,2,1,1,19
10,20,30,31,10,20,0,2,3,10,0,1,1,10,0,1,1,1,20
10,20,30,31,10,20,0,2,4,4,0,2,2,4,0,2,2,1,22
10,20,30,31,10,20,0,2,5,5,0,2,2,5,0,2,3,1,13
10,20,30,31,10,20,0,2,6,6,0,2,2,6,0,2,4,1,20
10,20,30,31,10,20,0,2,7,7,0,2,2,7,0,2,5,1,18
10,20,30,31,10,20,0,2,8,8,0,2,2,8,0,2,6,1,13
10,20,30,31,10,20,0,2,9,9,0,2,2,9,0,2,7,1,17
10,20,30,31,10,20,0,2,10,9,1,2,2,10,0,2,8,1,15
10,20,30,31,10,20,0,2,11,8,1,2,2,8,1,2,6,1,14
10,20,30,31,10,20,0,2,12,7,1,2,2,7,1,2,5,1,18
10,20,30,31,10,20,0,2,13,6,1,2,1,6,1,2,1,1,18
10,20,30,31,10,20,0,2,14,5,1,2,2,14,0,2,12,1,14
10,20,30,31,10,20,0,2,15,4,1,2,2,4,1,2,2,1,19
10,20,30,31,10,20,0,2,16,10,0,1,2,10,0,1,2,2,16
10,20,30,31,10,20,0,2,17,10,0,1,2,17,0,2,15,1,17
10,20,30,31,10,20,0,2,18,10,0,1,2,10,0,1,8,1,20
10,21,31,32,10,10,0,2,1,8,1,2,1,8,1,2,1,1,25
10,21,31,32,10,10,0,2,2,7,1,2,2,7,1,2,5,1,14
10,21,31,32,10,10,0,2,3,6,1,2,1,6,1,2,1,1,23
10,21,31,32,10,10,0,2,4,4,0,2,2,4,0,2,2,1,23
10,21,31,32,10,10,0,2,5,4,1,2,1,4,1,2,1,1,17
10,21,31,32,10,10,0,2,6,3,1,2,1,3,1,2,1,1,23
10,21,31,32,10,10,0,2,7,7,0,2,2,7,0,2,5,1,22
10,21,31,32,10,10,0,2,8,8,0,2,2,8,0,2,6,1,20
10,21,31,32,10,21,0,2,1,10,0,1,1,10,0,1,1,1,25
10,21,31,32,10,21,0,2,2,10,0,1,1,10,0,1,1,1,14
10,21,31,32,10,21,0,2,3,10,0,1,1,10,0,1,1,1,23
10,21,31,32,10,21,0,2,4,4,0,2,2,4,0,2,2,1,23
10,21,31,32,10,21,0,2,5,5,0,2,2,5,0,2,3,1,19
10,21,31,32,10,21,0,2,6,6,0,2,2,6,0,2,4,1,22
10,21,31,32,10,21,0,2,7,7,0,2,2,7,0,2,5,1,20
10,21,31,32,10,21,0,2,8,8,0,2,2,8,0,2,6,1,21
10,21,31,32,10,21,0,2,9,9,0,2,2,9,0,2,7,1,20
10,21,31,32,10,21,0,2,10,10,0,1,2,10,0,1,8,1,21
10,21,31,32,10,21,0,2,11,9,1,2,1,9,1,2,1,1,22
10,21,31,32,10,21,0,2,12,8,1,2,2,8,1,2,6,1,20
10,21,31,32,10,21,0,2,13,7,1,2,1,7,1,2,1,1,20
10,21,31,32,10,21,0,2,14,6,1,2,1,6,1,2,1,1,22
10,21,31,32,10,21,0,2,15,5,1,2,1,5,1,2,1,1,20
10,21,31,32,10,21,0,2,16,4,1,2,1,4,1,2,1,1,22
10,21,31,32,10,21,0,2,17,3,1,2,1,3,1,2,1,1,22
10,21,31,32,10,21,0,2,18,10,0,1,2,10,0,1,8,1,21
10,21,31,32,10,21,0,2,19,10,0,1,2,10,0,1,8,1,23
10,22,32,33,10,10,0,2,1,8,1,2,1,8,1,2,1,1,26
10,22,32,33,10,10,0,2,2,7,1,2,2,7,1,2,5,1,19
10,22,32,33,10,10,0,2,3,6,1,2,1,6,1,2,1,1,23
10,22,32,33,10,10,0,2,4,4,0,2,2,4,0,2,2,1,24
10,22,32,33,10,10,0,2,5,4,1,2,2,4,1,2,2,1,13
10,22,32,33,10,10,0,2,6,3,1,2,1,3,1,2,1,1,22
10,22,32,33,10,10,0,2,7,7,0,2,2,7,0,2,5,1,21
10,22,32,33,10,10,0,2,8,8,0,2,2,8,0,2,6,1,19
10,22,32,33,10,22,0,2,1,10,0,1,1,10,0,1,9,0,28
10,22,32,33,10,22,0,2,2,10,0,1,2,19,1,2,17,1,18
10,22,32,33,10,22,0,2,3,10,0,1,1,10,0,1,1,1,23
10,22,32,33,10,22,0,2,4,4,0,2,2,4,0,2,2,1,23
10,22,32,33,10,22,0,2,5,5,0,2,2,5,0,2,3,1,12
10,22,32,33,10,22,0,2,6,6,0,2,2,6,0,2,4,1,20
10,22,32,33,10,22,0,2,7,7,0,2,2,7,0,2,5,1,19
10,22,32,33,10,22,0,2,8,8,0,2,2,8,0,2,6,1,15
10,22,32,33,10,22,0,2,9,9,0,2,2,9,0,2,7,1,18
10,22,32,33,10,22,0,2,10,10,0,1,2,10,0,2,8,1,15
10,22,32,33,10,22,0,2,11,10,0,1,2,10,1,2,8,1,17
10,22,32,33,10,22,0,2,12,9,1,2,2,9,1,2,7,1,15
10,22,32,33,10,22,0,2,13,8,1,2,2,10,0,1,8,1,17
10,22,32,33,10,22,0,2,14,7,1,2,2,7,1,2,5,1,20
10,22,32,33,10,22,0,2,15,6,1,2,2,15,0,2,13,1,14
10,22,32,33,10,22,0,2,16,5,1,2,2,16,0,2,14,1,18
10,22,32,33,10,22,0,2,17,4,1,2,2,4,1,2,2,1,17
10,22,32,33,10,22,0,2,18,10,0,1,2,18,0,2,16,1,17
10,22,32,33,10,22,0,2,19,10,0,1,2,19,0,2,17,1,21
10,22,32,33,10,22,0,2,20,10,0,1,2,20,0,2,18,1,20
10,23,33,34,10,10,0,2,1,8,1,2,1,8,1,2,1,1,27
10,23,33,34,10,10,0,2,2,7,1,2,2,7,1,2,5,1,16
10,23,33,34,10,10,0,2,3,3,0,2,1,3,0,2,1,1,26
10,23,33,34,10,10,0,2,4,4,0,2,2,4,0,2,2,1,25
10,23,33,34,10,10,0,2,5,4,1,2,1,4,1,2,1,1,23
10,23,33,34,10,10,0,2,6,3,1,2,1,3,1,2,1,1,26
10,23,33,34,10,10,0,2,7,7,0,2,2,7,0,2,5,1,24
10,23,33,34,10,10,0,2,8,8,0,2,1,8,0,2,1,1,25
10,23,33,34,10,23,0,2,1,10,0,1,1,10,0,1,1,1,27
10,23,33,34,10,23,0,2,2,10,0,1,1,10,0,1,1,1,17
10,23,33,34,10,23,0,2,3,3,0,2,1,3,0,2,1,1,26
10,23,33,34,10,23,0,2,4,4,0,2,2,4,0,2,2,1,25
10,23,33,34,10,23,0,2,5,5,0,2,1,5,0,2,1,1,23
10,23,33,34,10,23,0,2,6,6,0,2,1,6,0,2,1,1,26
10,23,33,34,10,23,0,2,7,7,0,2,2,7,0,2,5,1,24
10,23,33,34,10,23,0,2,8,8,0,2,1,8,0,2,1,1,23
10,23,33,34,10,23,0,2,9,9,0,2,2,9,0,2,7,1,25
10,23,33,34,10,23,0,2,10,10,0,1,2,10,0,1,8,1,23
10,23,33,34,10,23,0,2,11,10,0,1,2,10,0,1,8,1,22
10,23,33,34,10,23,0,2,12,10,0,1,1,10,0,1,1,1,24
10,23,33,34,10,23,0,2,13,9,1,2,2,9,1,2,7,1,21
10,23,33,34,10,23,0,2,14,8,1,2,1,8,1,2,1,1,24
10,23,33,34,10,23,0,2,15,7,1,2,1,7,1,2,1,1,23
10,23,33,34,10,23,0,2,16,6,1,2,2,6,1,2,4,1,22
10,23,33,34,10,23,0,2,17,5,1,2,1,5,1,2,1,1,24
10,23,33,34,10,23,0,2,18,4,1,2,1,4,1,2,1,1,24
10,23,33,34,10,23,0,2,19,3,1,2,1,3,1,2,1,1,24
10,23,33,34,10,23,0,2,20,10,0,1,2,10,0,1,8,1,23
10,23,33,34,10,23,0,2,21,10,0,1,2,10,0,1,8,1,25
10,24,34,35,10,10,0,2,1,8,1,2,1,24,0,1,23,0,29
10,24,34,35,10,10,0,2,2,7,1,2,2,7,1,2,5,1,22
10,24,34,35,10,10,0,2,3,6,1,2,1,6,1,2,1,1,26
10,24,34,35,10,10,0,2,4,4,0,2,2,4,0,2,2,1,26
10,24,34,35,10,10,0,2,5,4,1,2,2,4,1,2,2,1,15
10,24,34,35,10,10,0,2,6,3,1,2,1,3,1,2,1,1,26
10,24,34,35,10,10,0,2,7,7,0,2,2,7,0,2,5,1,26
10,24,34,35,10,10,0,2,8,8,0,2,2,8,0,2,6,1,21
10,24,34,35,10,24,0,2,1,10,0,1,1,22,1,2,0,0,29
10,24,34,35,10,24,0,2,2,10,0,1,2,21,1,2,1,1,23
10,24,34,35,10,24,0,2,3,10,0,1,1,10,0,1,1,1,24
10,24,34,35,10,24,0,2,4,4,0,2,2,4,0,2,2,1,26
10,24,34,35,10,24,0,2,5,5,0,2,2,5,0,2,3,1,11
10,24,34,35,10,24,0,2,6,6,0,2,2,6,0,2,4,1,24
10,24,34,35,10,24,0,2,7,7,0,2,2,7,0,2,5,1,23
10,24,34,35,10,24,0,2,8,8,0,2,2,8,0,2,6,1,14
10,24,34,35,10,24,0,2,9,9,0,2,2,9,0,2,7,1,23
10,24,34,35,10,24,0,2,10,10,0,1,2,10,0,2,8,1,15
10,24,34,35,10,24,0,2,11,10,0,1,2,11,0,2,9,1,20
10,24,34,35,10,24,0,2,12,10,0,1,2,11,1,2,1,1,22
10,24,34,35,10,24,0,2,13,10,0,1,2,10,0,1,2,2,13
10,24,34,35,10,24,0,2,14,9,1,2,2,9,1,2,7,1,20
10,24,34,35,10,24,0,2,15,8,1,2,2,8,1,2,6,1,17
10,24,34,35,10,24,0,2,16,7,1,2,2,16,0,2,14,1,13
10,24,34,35,10,24,0,2,17,6,1,2,2,6,1,2,4,1,21
10,24,34,35,10,24,0,2,18,5,1,2,2,5,1,2,2,2,13
10,24,34,35,10,24,0,2,19,4,1,2,2,4,1,2,2,1,17
10,24,34,35,10,24,0,2,20,10,0,1,2,20,0,2,18,1,21
10,24,34,35,10,24,0,2,21,10,0,1,2,21,0,2,19,1,18
10,24,34,35,10,24,0,2,22,10,0,1,2,10,0,1,8,1,21
10,25,35,36,10,10,0,2,1,8,1,2,1,8,1,2,1,1,29
10,25,35,36,10,10,0,2,2,7,1,2,2,7,1,2,5,1,19
10,25,35,36,10,10,0,2,3,6,1,2,1,6,1,2,1,1,27
10,25,35,36,10,10,0,2,4,4,0,2,2,4,0,2,2,1,27
10,25,35,36,10,10,0,2,5,4,1,2,1,4,1,2,1,1,24
10,25,35,36,10,10,0,2,6,3,1,2,1,3,1,2,1,1,27
10,25,35,36,10,10,0,2,7,7,0,2,2,7,0,2,5,1,26
10,25,35,36,10,10,0,2,8,8,0,2,2,8,0,2,6,1,26
10,25,35,36,10,25,0,2,1,10,0,1,1,10,0,1,1,1,29
10,25,35,36,10,25,0,2,2,10,0,1,1,10,0,1,1,1,20
10,25,35,36,10,25,0,2,3,3,0,2,1,3,0,2,1,1,28
10,25,35,36,10,25,0,2,4,4,0,2,1,4,0,2,1,1,28
10,25,35,36,10,25,0,2,5,5,0,2,2,5,0,2,3,1,23
10,25,35,36,10,25,0,2,6,6,0,2,1,6,0,2,1,1,28
10,25,35,36,10,25,0,2,7,7,0,2,1,7,0,2,1,1,26
10,25,35,36,10,25,0,2,8,8,0,2,2,8,0,2,6,1,23
10,25,35,36,10,25,0,2,9,9,0,2,1,9,0,2,1,1,27
10,25,35,36,10,25,0,2,10,10,0,1,2,10,0,1,8,1,26
10,25,35,36,10,25,0,2,11,10,0,1,2,10,0,1,8,1,25
10,25,35,36,10,25,0,2,12,10,0,1,1,10,0,1,1,1,26
10,25,35,36,10,25,0,2,13,10,0,1,2,10,0,1,8,1,26
10,25,35,36,10,25,0,2,14,10,0,1,2,10,0,1,8,1,26
10,25,35,36,10,25,0,2,15,9,1,2,1,9,1,2,1,1,24
10,25,35,36,10,25,0,2,16,8,1,2,1,8,1,2,1,1,26
10,25,35,36,10,25,0,2,17,7,1,2,1,7,1,2,1,1,26
10,25,35,36,10,25,0,2,18,6,1,2,1,6,1,2,1,1,24
10,25,35,36,10,25,0,2,19,5,1,2,1,5,1,2,1,1,26
10,25,35,36,10,25,0,2,20,4,1,2,1,4,1,2,1,1,27
10,25,35,36,10,25,0,2,21,3,1,2,1,3,1,2,1,1,25
10,25,35,36,10,25,0,2,22,10,0,1,1,10,0,1,1,1,27
10,25,35,36,10,25,0,2,23,10,0,1,2,10,0,1,8,1,28
10,26,36,37,10,10,0,2,1,8,1,2,1,8,1,2,1,1,30
10,26,36,37,10,10,0,2,2,7,1,2,1,7,1,2,1,1,24
10,26,36,37,10,10,0,2,3,6,1,2,1,6,1,2,1,1,28
10,26,36,37,10,10,0,2,4,4,0,2,2,4,0,2,2,1,28
10,26,36,37,10,10,0,2,5,4,1,2,2,4,1,2,2,1,18
10,26,36,37,10,10,0,2,6,3,1,2,1,3,1,2,1,1,28
10,26,36,37,10,10,0,2,7,7,0,2,2,7,0,2,5,1,25
10,26,36,37,10,10,0,2,8,8,0,2,2,8,0,2,6,1,24
10,26,36,37,10,26,0,2,1,10,0,1,1,10,0,1,1,1,30
10,26,36,37,10,26,0,2,2,10,0,1,2,10,0,1,8,1,26
10,26,36,37,10,26,0,2,3,10,0,1,1,10,0,1,1,1,27
10,26,36,37,10,26,0,2,4,4,0,2,2,4,0,2,2,1,28
10,26,36,37,10,26,0,2,5,5,0,2,2,5,0,2,3,1,20
10,26,36,37,10,26,0,2,6,6,0,2,2,6,0,2,4,1,27
10,26,36,37,10,26,0,2,7,7,0,2,2,7,0,2,5,1,24
10,26,36,37,10,26,0,2,8,8,0,2,2,8,0,2,6,1,21
10,26,36,37,10,26,0,2,9,9,0,2,2,9,0,2,7,1,22
10,26,36,37,10,26,0,2,10,10,0,1,2,10,0,2,8,1,17
10,26,36,37,10,26,0,2,11,10,0,1,2,11,0,2,9,1,21
10,26,36,37,10,26,0,2,12,10,0,1,2,12,0,2,10,1,22
10,26,36,37,10,26,0,2,13,10,0,1,2,13,0,2,11,1,21
10,26,36,37,10,26,0,2,14,10,0,1,2,11,1,2,9,1,22
10,26,36,37,10,26,0,2,15,10,0,1,2,10,0,1,8,1,23
10,26,36,37,10,26,0,2,16,9,1,2,2,9,1,2,7,1,23
10,26,36,37,10,26,0,2,17,8,1,2,2,17,0,2,15,1,19
10,26,36,37,10,26,0,2,18,7,1,2,2,7,1,2,5,1,24
10,26,36,37,10,26,0,2,19,6,1,2,2,6,1,2,4,1,19
10,26,36,37,10,26,0,2,20,5,1,2,2,20,0,2,18,1,22
10,26,36,37,10,26,0,2,21,4,1,2,2,4,1,2,2,1,23
10,26,36,37,10,26,0,2,22,10,0,1,2,22,0,2,20,1,22
10,26,36,37,10,26,0,2,23,10,0,1,2,23,0,2,21,1,24
10,26,36,37,10,26,0,2,24,10,0,1,2,10,0,1,8,1,26
10,27,37,38,10,10,0,2,1,8,1,2,1,8,1,2,1,1,31
10,27,37,38,10,10,0,2,2,7,1,2,2,7,1,2,5,1,21
10,27,37,38,10,10,0,2,3,6,1,2,1,6,1,2,1,1,29
10,27,37,38,10,10,0,2,4,4,0,2,2,4,0,2,2,1,29
10,27,37,38,10,10,0,2,5,4,1,2,1,4,1,2,1,1,27
10,27,37,38,10,10,0,2,6,3,1,2,1,3,1,2,1,1,29
10,27,37,38,10,10,0,2,7,7,0,2,2,7,0,2,5,1,28
10,27,37,38,10,10,0,2,8,8,0,2,2,8,0,2,6,1,28
10,27,37,38,10,27,0,2,1,10,0,1,1,10,0,1,1,1,31
10,27,37,38,10,27,0,2,2,10,0,1,1,10,0,1,1,1,20
10,27,37,38,10,27,0,2,3,10,0,1,1,10,0,1,1,1,29
10,27,37,38,10,27,0,2,4,4,0,2,2,4,0,2,2,1,29
10,27,37,38,10,27,0,2,5,5,0,2,2,5,0,2,3,1,25
10,27,37,38,10,27,0,2,6,6,0,2,2,6,0,2,4,1,29
10,27,37,38,10,27,0,2,7,7,0,2,2,7,0,2,5,1,28
10,27,37,38,10,27,0,2,8,8,0,2,2,8,0,2,6,1,26
10,27,37,38,10,27,0,2,9,9,0,2,2,9,0,2,7,1,26
10,27,37,38,10,27,0,2,10,10,0,1,2,10,0,1,8,1,27
10,27,37,38,10,27,0,2,11,10,0,1,2,10,0,1,8,1,27
10,27,37,38,10,27,0,2,12,10,0,1,2,10,0,1,8,1,25
10,27,37,38,10,27,0,2,13,10,0,1,2,10,0,1,8,1,27
10,27,37,38,10,27,0,2,14,10,0,1,1,10,0,1,1,1,29
10,27,37,38,10,27,0,2,15,10,0,1,2,10,0,1,8,1,28
10,27,37,38,10,27,0,2,16,10,0,1,2,10,0,1,8,1,27
10,27,37,38,10,27,0,2,17,9,1,2,1,9,1,2,1,1,28
10,27,37,38,10,27,0,2,18,8,1,2,1,8,1,2,1,1,26
10,27,37,38,10,27,0,2,19,7,1,2,1,7,1,2,1,1,28
10,27,37,38,10,27,0,2,20,6,1,2,1,6,1,2,1,1,27
10,27,37,38,10,27,0,2,21,5,1,2,1,5,1,2,1,1,27
10,27,37,38,10,27,0,2,22,4,1,2,1,4,1,2,1,1,28
10,27,37,38,10,27,0,2,23,3,1,2,1,3,1,2,1,1,27
10,27,37,38,10,27,0,2,24,10,0,1,2,10,0,1,8,1,27
10,27,37,38,10,27,0,2,25,10,0,1,1,10,0,1,1,1,29
10,28,38,39,10,10,0,2,1,8,1,2,1,8,1,2,1,1,32
10,28,38,39,10,10,0,2,2,7,1,2,2,7,1,2,5,1,26
10,28,38,39,10,10,0,2,3,6,1,2,1,6,1,2,1,1,29
10,28,38,39,10,10,0,2,4,4,0,2,2,4,0,2,2,1,30
10,28,38,39,10,10,0,2,5,4,1,2,2,4,1,2,2,1,19
10,28,38,39,10,10,0,2,6,3,1,2,1,3,1,2,1,1,29
10,28,38,39,10,10,0,2,7,7,0,2,2,7,0,2,5,1,27
10,28,38,39,10,10,0,2,8,8,0,2,2,8,0,2,6,1,25
10,28,38,39,10,28,0,2,1,10,0,1,1,10,0,1,9,0,34
10,28,38,39,10,28,0,2,2,10,0,1,2,25,1,2,23,1,25
10,28,38,39,10,28,0,2,3,10,0,1,1,10,0,1,1,1,29
10,28,38,39,10,28,0,2,4,4,0,2,2,4,0,2,2,1,30
10,28,38,39,10,28,0,2,5,5,0,2,2,5,0,2,3,1,16
10,28,38,39,10,28,0,2,6,6,0,2,2,6,0,2,4,1,28
10,28,38,39,10,28,0,2,7,7,0,2,2,7,0,2,5,1,25
10,28,38,39,10,28,0,2,8,8,0,2,2,8,0,2,6,1,18
10,28,38,39,10,28,0,2,9,9,0,2,2,9,0,2,7,1,25
10,28,38,39,10,28,0,2,10,10,0,1,2,10,0,2,8,1,19
10,28,38,39,10,28,0,2,11,10,0,1,2,11,0,2,9,1,22
10,28,38,39,10,28,0,2,12,10,0,1,2,12,0,2,10,1,23
10,28,38,39,10,28,0,2,13,10,0,1,2,10,0,1,8,1,21
10,28,38,39,10,28,0,2,14,10,0,1,2,13,1,2,11,1,24
10,28,38,39,10,28,0,2,15,10,0,1,2,12,1,2,10,1,21
10,28,38,39,10,28,0,2,16,10,0,1,2,11,1,2,9,1,24
10,28,38,39,10,28,0,2,17,10,0,1,2,10,1,2,8,1,24
10,28,38,39,10,28,0,2,18,9,1,2,2,18,0,2,16,1,18
10,28,38,39,10,28,0,2,19,8,1,2,2,8,1,2,6,1,24
10,28,38,39,10,28,0,2,20,7,1,2,2,7,1,2,5,1,22
10,28,38,39,10,28,0,2,21,6,1,2,2,21,0,2,19,1,22
10,28,38,39,10,28,0,2,22,5,1,2,2,22,0,2,20,1,25
10,28,38,39,10,28,0,2,23,4,1,2,2,4,1,2,2,1,26
10,28,38,39,10,28,0,2,24,10,0,1,2,24,0,2,22,1,25
10,28,38,39,10,28,0,2,25,10,0,1,2,25,0,2,23,1,27
10,28,38,39,10,28,0,2,26,10,0,1,2,26,0,2,24,1,27
10,29,39,40,10,10,0,2,1,8,1,2,1,8,1,2,1,1,33
10,29,39,40,10,10,0,2,2,7,1,2,2,7,1,2,5,1,24
10,29,39,40,10,10,0,2,3,3,0,2,1,3,0,2,1,1,32
10,29,39,40,10,10,0,2,4,4,0,2,2,4,0,2,2,1,31
10,29,39,40,10,10,0,2,5,4,1,2,1,4,1,2,1,1,31
10,29,39,40,10,10,0,2,6,3,1,2,1,3,1,2,1,1,32
10,29,39,40,10,10,0,2,7,7,0,2,2,7,0,2,5,1,30
10,29,39,40,10,10,0,2,8,8,0,2,1,8,0,2,1,1,32
10,29,39,40,10,29,0,2,1,10,0,1,1,10,0,1,1,1,33
10,29,39,40,10,29,0,2,2,10,0,1,1,10,0,1,1,1,24
10,29,39,40,10,29,0,2,3,3,0,2,1,3,0,2,1,1,32
10,29,39,40,10,29,0,2,4,4,0,2,2,4,0,2,2,1,31
10,29,39,40,10,29,0,2,5,5,0,2,1,5,0,2,1,1,29
10,29,39,40,10,29,0,2,6,6,0,2,1,6,0,2,1,1,32
10,29,39,40,10,29,0,2,7,7,0,2,2,7,0,2,5,1,30
10,29,39,40,10,29,0,2,8,8,0,2,1,8,0,2,1,1,29
10,29,39,40,10,29,0,2,9,9,0,2,1,9,0,2,1,1,31
10,29,39,40,10,29,0,2,10,10,0,1,2,10,0,1,8,1,29
10,29,39,40,10,29,0,2,11,10,0,1,2,10,0,1,8,1,29
10,29,39,40,10,29,0,2,12,10,0,1,1,10,0,1,1,1,30
10,29,39,40,10,29,0,2,13,10,0,1,2,10,0,1,8,1,29
10,29,39,40,10,29,0,2,14,10,0,1,1,10,0,1,1,1,30
10,29,39,40,10,29,0,2,15,10,0,1,2,10,0,1,8,1,29
10,29,39,40,10,29,0,2,16,10,0,1,2,10,0,1,8,1,29
10,29,39,40,10,29,0,2,17,10,0,1,1,10,0,1,1,1,30
10,29,39,40,10,29,0,2,18,10,0,1,2,10,0,1,8,1,29
10,29,39,40,10,29,0,2,19,9,1,2,1,9,1,2,1,1,29
10,29,39,40,10,29,0,2,20,8,1,2,1,8,1,2,1,1,29
10,29,39,40,10,29,0,2,21,7,1,2,1,7,1,2,1,1,30
10,29,39,40,10,29,0,2,22,6,1,2,1,6,1,2,1,1,30
10,29,39,40,10,29,0,2,23,5,1,2,1,5,1,2,1,1,29
10,29,39,40,10,29,0,2,24,4,1,2,1,4,1,2,1,1,30
10,29,39,40,10,29,0,2,25,3,1,2,1,3,1,2,1,1,30
10,29,39,40,10,29,0,2,26,10,0,1,2,10,0,1,8,1,29
10,29,39,40,10,29,0,2,27,10,0,1,1,10,0,1,1,1,32
11,2,13,14,11,11,0,2,1,9,1,2,0,9,1,2,0,0,8
11,2,13,14,11,11,0,2,2,8,1,2,1,8,1,2,1,1,6
11,2,13,14,11,11,0,2,3,7,1,2,2,7,1,2,5,1,4
11,2,13,14,11,11,0,2,4,4,0,2,2,4,0,2,2,1,5
11,2,13,14,11,11,0,2,5,5,1,2,1,5,1,2,1,1,3
11,2,13,14,11,11,0,2,6,4,1,2,2,4,1,2,2,1,4
11,2,13,14,11,11,0,2,7,3,1,2,1,3,1,2,1,1,5
11,2,13,14,11,11,0,2,8,8,0,2,4,8,0,2,6,1,3
11,2,13,14,11,11,0,2,9,9,0,2,2,9,0,2,7,1,5
11,4,15,16,11,4,0,2,1,11,0,1,1,11,0,1,1,1,9
11,4,15,16,11,4,0,2,2,11,0,1,2,11,0,1,2,2,4
11,4,15,16,11,11,0,2,1,4,0,1,1,4,0,1,1,1,8
11,4,15,16,11,11,0,2,2,4,0,1,1,4,0,1,1,1,4
11,4,15,16,11,11,0,2,3,4,0,1,1,4,0,1,1,1,7
11,4,15,16,11,11,0,2,4,6,1,2,2,6,1,2,4,1,3
11,4,15,16,11,11,0,2,5,4,0,1,1,4,0,1,1,1,5
11,4,15,16,11,11,0,2,6,4,0,1,1,4,0,1,1,1,5
11,4,15,16,11,11,0,2,7,7,0,2,3,7,0,2,5,1,3
11,4,15,16,11,11,0,2,8,4,0,1,1,4,0,1,1,1,7
11,4,15,16,11,11,0,2,9,4,0,1,1,4,0,1,1,1,5
11,5,16,17,11,5,0,2,1,3,1,2,1,11,0,1,10,0,11
11,5,16,17,11,5,0,2,2,11,0,1,2,11,0,1,2,2,4
11,5,16,17,11,5,0,2,3,11,0,1,1,11,0,1,1,1,7
11,5,16,17,11,11,0,2,1,5,0,1,2,5,0,1,3,1,9
11,5,16,17,11,11,0,2,2,5,0,1,2,8,1,2,6,1,5
11,5,16,17,11,11,0,2,3,5,0,1,2,7,1,2,1,1,5
11,5,16,17,11,11,0,2,4,4,0,2,2,4,0,2,2,1,6
11,5,16,17,11,11,0,2,5,5,0,1,2,5,0,2,3,1,4
11,5,16,17,11,11,0,2,6,4,1,2,1,4,1,2,1,1,7
11,5,16,17,11,11,0,2,7,5,0,1,2,7,0,2,5,1,3
11,5,16,17,11,11,0,2,8,5,0,1,2,8,0,2,6,1,5
11,5,16,17,11,11,0,2,9,5,0,1,2,5,0,1,2,2,5
11,6,17,18,11,6,0,2,1,4,1,2,1,4,1,2,1,1,11
11,6,17,18,11,6,0,2,2,11,0,1,1,11,0,1,1,1,7
11,6,17,18,11,6,0,2,3,11,0,1,2,11,0,1,9,1,8
11,6,17,18,11,6,0,2,4,4,0,2,2,4,0,2,2,1,10
11,6,17,18,11,11,0,2,1,6,0,1,1,6,0,1,1,1,11
11,6,17,18,11,11,0,2,2,6,0,1,2,8,1,2,1,1,8
11,6,17,18,11,11,0,2,3,6,0,1,2,6,0,1,4,1,7
11,6,17,18,11,11,0,2,4,4,0,2,2,4,0,2,2,1,9
11,6,17,18,11,11,0,2,5,5,0,2,2,5,0,2,3,1,6
11,6,17,18,11,11,0,2,6,4,1,2,1,4,1,2,1,1,8
11,6,17,18,11,11,0,2,7,3,1,2,1,3,1,2,1,1,8
11,6,17,18,11,11,0,2,8,6,0,1,3,8,0,2,6,1,6
11,6,17,18,11,11,0,2,9,6,0,1,2,6,0,1,4,1,9
11,8,19,20,11,8,0,2,1,6,1,2,0,6,1,2,0,0,12
11,8,19,20,11,8,0,2,2,5,1,2,2,11,0,1,1,1,6
11,8,19,20,11,8,0,2,3,4,1,2,1,4,1,2,1,1,9
11,8,19,20,11,8,0,2,4,3,1,2,1,3,1,2,1,1,8
11,8,19,20,11,8,0,2,5,5,0,2,2,5,0,2,3,1,11
11,8,19,20,11,8,0,2,6,6,0,2,2,6,0,2,4,1,10
11,8,19,20,11,11,0,2,1,8,0,1,1,9,1,2,0,0,12
11,8,19,20,11,11,0,2,2,8,0,1,2,8,1,2,6,1,4
11,8,19,20,11,11,0,2,3,3,0,2,1,3,0,2,1,1,10
11,8,19,20,11,11,0,2,4,4,0,2,1,6,1,2,0,0,10
11,8,19,20,11,11,0,2,5,5,0,2,1,5,0,2,1,1,6
11,8,19,20,11,11,0,2,6,4,1,2,1,4,1,2,1,1,8
11,8,19,20,11,11,0,2,7,3,1,2,1,3,1,2,1,1,8
11,8,19,20,11,11,0,2,8,2,1,2,0,2,1,2,0,0,9
11,8,19,20,11,11,0,2,9,8,0,1,2,9,0,2,1,1,9
11,10,21,22,11,10,0,2,1,8,1,2,1,8,1,2,1,1,15
11,10,21,22,11,10,0,2,2,7,1,2,1,7,1,2,1,1,8
11,10,21,22,11,10,0,2,3,6,1,2,1,6,1,2,1,1,12
11,10,21,22,11,10,0,2,4,4,0,2,2,4,0,2,2,1,12
11,10,21,22,11,10,0,2,5,4,1,2,1,4,1,2,1,1,7
11,10,21,22,11,10,0,2,6,3,1,2,1,3,1,2,1,1,12
11,10,21,22,11,10,0,2,7,7,0,2,2,7,0,2,5,1,12
11,10,21,22,11,10,0,2,8,8,0,2,2,8,0,2,6,1,9
11,10,21,22,11,11,0,2,1,9,1,2,2,10,0,1,9,0,15
11,10,21,22,11,11,0,2,2,8,1,2,2,10,0,1,1,1,8
11,10,21,22,11,11,0,2,3,7,1,2,1,7,1,2,1,1,13
11,10,21,22,11,11,0,2,4,4,0,2,2,4,0,2,2,1,12
11,10,21,22,11,11,0,2,5,5,0,2,2,5,0,2,3,1,10
11,10,21,22,11,11,0,2,6,4,1,2,1,4,1,2,1,1,13
11,10,21,22,11,11,0,2,7,7,0,2,2,7,0,2,5,1,11
11,10,21,22,11,11,0,2,8,8,0,2,2,8,0,2,6,1,11
11,10,21,22,11,11,0,2,9,9,0,2,2,10,0,1,9,0,15
11,11,22,23,11,11,0,2,1,9,1,2,1,11,0,1,10,0,17
11,11,22,23,11,11,0,2,2,8,1,2,2,8,1,2,6,1,10
11,11,22,23,11,11,0,2,3,7,1,2,1,7,1,2,1,1,13
11,11,22,23,11,11,0,2,4,4,0,2,2,4,0,2,2,1,13
11,11,22,23,11,11,0,2,5,5,0,2,2,5,0,2,3,1,8
11,11,22,23,11,11,0,2,6,4,1,2,1,4,1,2,1,1,11
11,11,22,23,11,11,0,2,7,7,0,2,2,7,0,2,5,1,12
11,11,22,23,11,11,0,2,8,8,0,2,2,8,0,2,6,1,10
11,11,22,23,11,11,0,2,9,9,0,2,2,11,0,1,1,1,13
11,12,23,24,11,11,0,2,1,9,1,2,1,9,1,2,1,1,17
11,12,23,24,11,11,0,2,2,8,1,2,1,8,1,2,1,1,11
11,12,23,24,11,11,0,2,3,7,1,2,1,7,1,2,1,1,14
11,12,23,24,11,11,0,2,4,4,0,2,1,4,0,2,1,1,15
11,12,23,24,11,11,0,2,5,5,0,2,1,5,0,2,1,1,12
11,12,23,24,11,11,0,2,6,4,1,2,1,4,1,2,1,1,14
11,12,23,24,11,11,0,2,7,3,1,2,1,3,1,2,1,1,15
11,12,23,24,11,11,0,2,8,8,0,2,1,8,0,2,1,1,13
11,12,23,24,11,11,0,2,9,9,0,2,2,9,0,2,7,1,15
11,12,23,24,11,12,0,2,1,10,1,2,2,11,0,1,10,0,17
11,12,23,24,11,12,0,2,2,9,1,2,2,11,0,1,1,1,12
11,12,23,24,11,12,0,2,3,8,1,2,1,8,1,2,1,1,14
11,12,23,24,11,12,0,2,4,4,0,2,2,4,0,2,2,1,15
11,12,23,24,11,12,0,2,5,5,0,2,2,5,0,2,3,1,14
11,12,23,24,11,12,0,2,6,5,1,2,1,5,1,2,1,1,14
11,12,23,24,11,12,0,2,7,4,1,2,2,4,1,2,2,1,14
11,12,23,24,11,12,0,2,8,8,0,2,2,8,0,2,6,1,14
11,12,23,24,11,12,0,2,9,9,0,2,2,9,0,2,7,1,14
11,12,23,24,11,12,0,2,10,10,0,2,2,11,0,1,10,0,17
11,14,25,26,11,11,0,2,1,9,1,2,0,9,1,2,0,0,19
11,14,25,26,11,11,0,2,2,8,1,2,2,14,0,1,1,1,9
11,14,25,26,11,11,0,2,3,7,1,2,1,7,1,2,1,1,16
11,14,25,26,11,11,0,2,4,4,0,2,2,4,0,2,2,1,16
11,14,25,26,11,11,0,2,5,5,0,2,2,5,0,2,3,1,15
11,14,25,26,11,11,0,2,6,4,1,2,1,4,1,2,1,1,17
11,14,25,26,11,11,0,2,7,3,1,2,1,3,1,2,1,1,14
11,14,25,26,11,11,0,2,8,8,0,2,2,8,0,2,6,1,17
11,14,25,26,11,11,0,2,9,9,0,2,2,9,0,2,7,1,15
11,14,25,26,11,14,0,2,1,11,0,1,1,12,1,2,0,0,20
11,14,25,26,11,14,0,2,2,11,0,1,2,11,1,2,9,1,7
11,14,25,26,11,14,0,2,3,3,0,2,1,3,0,2,1,1,18
11,14,25,26,11,14,0,2,4,4,0,2,2,4,0,2,2,1,14
11,14,25,26,11,14,0,2,5,5,0,2,2,5,0,2,3,1,12
11,14,25,26,11,14,0,2,6,6,0,2,2,6,0,2,4,1,15
11,14,25,26,11,14,0,2,7,6,1,2,1,6,1,2,1,1,12
11,14,25,26,11,14,0,2,8,5,1,2,2,8,0,2,6,1,15
11,14,25,26,11,14,0,2,9,4,1,2,1,4,1,2,1,1,12
11,14,25,26,11,14,0,2,10,3,1,2,1,3,1,2,1,1,12
11,14,25,26,11,14,0,2,11,2,1,2,0,2,1,2,0,0,18
11,14,25,26,11,14,0,2,12,11,0,1,2,12,0,2,1,1,14
11,15,26,27,11,11,0,2,1,9,1,2,1,9,1,2,1,1,20
11,15,26,27,11,11,0,2,2,8,1,2,2,8,1,2,6,1,13
11,15,26,27,11,11,0,2,3,7,1,2,1,7,1,2,1,1,17
11,15,26,27,11,11,0,2,4,4,0,2,2,4,0,2,2,1,16
11,15,26,27,11,11,0,2,5,5,0,2,2,5,0,2,3,1,10
11,15,26,27,11,11,0,2,6,4,1,2,2,4,1,2,2,1,14
11,15,26,27,11,11,0,2,7,7,0,2,2,7,0,2,5,1,12
11,15,26,27,11,11,0,2,8,8,0,2,2,8,0,2,6,1,12
11,15,26,27,11,11,0,2,9,9,0,2,2,9,0,2,7,1,12
11,15,26,27,11,15,0,2,1,11,0,1,1,11,0,1,1,1,20
11,15,26,27,11,15,0,2,2,11,0,1,2,12,1,2,1,1,14
11,15,26,27,11,15,0,2,3,3,0,2,1,3,0,2,1,1,16
11,15,26,27,11,15,0,2,4,4,0,2,2,4,0,2,2,1,13
11,15,26,27,11,15,0,2,5,5,0,2,2,5,0,2,3,1,10
11,15,26,27,11,15,0,2,6,6,0,2,1,6,0,2,1,1,11
11,15,26,27,11,15,0,2,7,7,0,2,2,7,0,2,5,1,13
11,15,26,27,11,15,0,2,8,6,1,2,1,6,1,2,1,1,11
11,15,26,27,11,15,0,2,9,5,1,2,2,9,0,2,7,1,8
11,15,26,27,11,15,0,2,10,4,1,2,2,4,1,2,2,1,14
11,15,26,27,11,15,0,2,11,3,1,2,1,3,1,2,1,1,11
11,15,26,27,11,15,0,2,12,11,0,1,2,12,0,2,10,1,10
11,15,26,27,11,15,0,2,13,11,0,1,2,13,0,2,1,1,16
11,16,27,28,11,11,0,2,1,9,1,2,1,16,0,1,15,0,22
11,16,27,28,11,11,0,2,2,8,1,2,2,8,1,2,6,1,14
11,16,27,28,11,11,0,2,3,7,1,2,1,7,1,2,1,1,19
11,16,27,28,11,11,0,2,4,4,0,2,2,4,0,2,2,1,19
11,16,27,28,11,11,0,2,5,5,0,2,2,5,0,2,3,1,14
11,16,27,28,11,11,0,2,6,4,1,2,1,4,1,2,1,1,19
11,16,27,28,11,11,0,2,7,3,1,2,1,3,1,2,1,1,19
11,16,27,28,11,11,0,2,8,8,0,2,2,8,0,2,6,1,16
11,16,27,28,11,11,0,2,9,9,0,2,2,9,0,2,7,1,20
11,16,27,28,11,16,0,2,1,11,0,1,1,11,0,1,1,1,21
11,16,27,28,11,16,0,2,2,11,0,1,1,11,0,1,1,1,14
11,16,27,28,11,16,0,2,3,11,0,1,2,11,0,1,9,1,17
11,16,27,28,11,16,0,2,4,4,0,2,2,4,0,2,2,1,19
11,16,27,28,11,16,0,2,5,5,0,2,2,5,0,2,3,1,13
11,16,27,28,11,16,0,2,6,6,0,2,2,6,0,2,4,1,18
11,16,27,28,11,16,0,2,7,7,0,2,2,7,0,2,5,1,17
11,16,27,28,11,16,0,2,8,7,1,2,1,7,1,2,1,1,14
11,16,27,28,11,16,0,2,9,6,1,2,1,6,1,2,1,1,17
11,16,27,28,11,16,0,2,10,5,1,2,1,5,1,2,1,1,16
11,16,27,28,11,16,0,2,11,4,1,2,1,4,1,2,1,1,17
11,16,27,28,11,16,0,2,12,3,1,2,1,3,1,2,1,1,18
11,16,27,28,11,16,0,2,13,11,0,1,2,13,0,2,11,1,16
11,16,27,28,11,16,0,2,14,11,0,1,1,11,0,1,1,1,20
11,17,28,29,11,11,0,2,1,9,1,2,1,17,0,1,16,0,23
11,17,28,29,11,11,0,2,2,8,1,2,1,8,1,2,1,1,16
11,17,28,29,11,11,0,2,3,7,1,2,1,7,1,2,1,1,18
11,17,28,29,11,11,0,2,4,4,0,2,2,4,0,2,2,1,20
11,17,28,29,11,11,0,2,5,5,0,2,2,5,0,2,3,1,10
11,17,28,29,11,11,0,2,6,4,1,2,1,4,1,2,1,1,17
11,17,28,29,11,11,0,2,7,7,0,2,2,7,0,2,5,1,18
11,17,28,29,11,11,0,2,8,8,0,2,2,8,0,2,6,1,14
11,17,28,29,11,11,0,2,9,9,0,2,2,9,0,2,7,1,17
11,17,28,29,11,17,0,2,1,11,0,1,1,11,0,1,10,0,23
11,17,28,29,11,17,0,2,2,11,0,1,2,11,0,1,9,1,16
11,17,28,29,11,17,0,2,3,11,0,1,2,11,0,1,9,1,18
11,17,28,29,11,17,0,2,4,4,0,2,2,4,0,2,2,1,18
11,17,28,29,11,17,0,2,5,5,0,2,2,5,0,2,3,1,11
11,17,28,29,11,17,0,2,6,6,0,2,2,10,1,2,1,1,16
11,17,28,29,11,17,0,2,7,7,0,2,2,7,0,2,5,1,15
11,17,28,29,11,17,0,2,8,8,0,2,2,8,0,2,6,1,13
11,17,28,29,11,17,0,2,9,7,1,2,2,7,1,2,5,1,15
11,17,28,29,11,17,0,2,10,6,1,2,2,10,0,2,8,1,14
11,17,28,29,11,17,0,2,11,5,1,2,2,11,0,2,9,1,14
11,17,28,29,11,17,0,2,12,4,1,2,2,4,1,2,2,1,16
11,17,28,29,11,17,0,2,13,11,0,1,2,13,0,2,11,1,12
11,17,28,29,11,17,0,2,14,11,0,1,2,14,0,2,12,1,17
11,17,28,29,11,17,0,2,15,11,0,1,2,11,0,1,9,1,15
11,18,29,30,11,11,0,2,1,9,1,2,1,9,1,2,1,1,23
11,18,29,30,11,11,0,2,2,8,1,2,2,8,1,2,6,1,13
11,18,29,30,11,11,0,2,3,3,0,2,1,3,0,2,1,1,22
11,18,29,30,11,11,0,2,4,4,0,2,1,4,0,2,1,1,21
11,18,29,30,11,11,0,2,5,5,0,2,1,5,0,2,1,1,21
11,18,29,30,11,11,0,2,6,4,1,2,1,4,1,2,1,1,20
11,18,29,30,11,11,0,2,7,3,1,2,1,3,1,2,1,1,21
11,18,29,30,11,11,0,2,8,8,0,2,1,8,0,2,1,1,21
11,18,29,30,11,11,0,2,9,9,0,2,1,9,0,2,1,1,22
11,18,29,30,11,18,0,2,1,11,0,1,1,11,0,1,1,1,23
11,18,29,30,11,18,0,2,2,11,0,1,1,11,0,1,1,1,14
11,18,29,30,11,18,0,2,3,11,0,1,1,11,0,1,1,1,21
11,18,29,30,11,18,0,2,4,4,0,2,2,4,0,2,2,1,20
11,18,29,30,11,18,0,2,5,5,0,2,2,5,0,2,3,1,20
11,18,29,30,11,18,0,2,6,6,0,2,2,6,0,2,4,1,20
11,18,29,30,11,18,0,2,7,7,0,2,2,7,0,2,5,1,20
11,18,29,30,11,18,0,2,8,8,0,2,2,8,0,2,6,1,20
11,18,29,30,11,18,0,2,9,8,1,2,1,8,1,2,1,1,19
11,18,29,30,11,18,0,2,10,7,1,2,1,7,1,2,1,1,21
11,18,29,30,11,18,0,2,11,6,1,2,2,6,1,2,4,1,20
11,18,29,30,11,18,0,2,12,5,1,2,1,5,1,2,1,1,21
11,18,29,30,11,18,0,2,13,4,1,2,1,4,1,2,1,1,20
11,18,29,30,11,18,0,2,14,11,0,1,2,11,0,1,9,1,19
11,18,29,30,11,18,0,2,15,11,0,1,1,11,0,1,1,1,21
11,18,29,30,11,18,0,2,16,11,0,1,1,11,0,1,1,1,22
11,19,30,31,11,11,0,2,1,9,1,2,1,9,1,2,1,1,24
11,19,30,31,11,11,0,2,2,8,1,2,2,8,1,2,6,1,17
11,19,30,31,11,11,0,2,3,7,1,2,1,7,1,2,1,1,21
11,19,30,31,11,11,0,2,4,4,0,2,2,4,0,2,2,1,21
11,19,30,31,11,11,0,2,5,5,0,2,2,5,0,2,3,1,10
11,19,30,31,11,11,0,2,6,4,1,2,1,4,1,2,1,1,19
11,19,30,31,11,11,0,2,7,7,0,2,2,7,0,2,5,1,16
11,19,30,31,11,11,0,2,8,8,0,2,2,8,0,2,6,1,14
11,19,30,31,11,11,0,2,9,9,0,2,2,9,0,2,7,1,17
11,19,30,31,11,19,0,2,1,11,0,1,2,11,0,1,9,1,23
11,19,30,31,11,19,0,2,2,11,0,1,2,16,1,2,14,1,16
11,19,30,31,11,19,0,2,3,11,0,1,2,11,0,1,9,1,21
11,19,30,31,11,19,0,2,4,4,0,2,2,4,0,2,2,1,19
11,19,30,31,11,19,0,2,5,5,0,2,2,5,0,2,3,1,10
11,19,30,31,11,19,0,2,6,6,0,2,2,6,0,2,4,1,16
11,19,30,31,11,19,0,2,7,7,0,2,2,11,1,2,1,1,16
11,19,30,31,11,19,0,2,8,8,0,2,2,8,0,2,6,1,13
11,19,30,31,11,19,0,2,9,9,0,2,2,9,0,2,7,1,16
11,19,30,31,11,19,0,2,10,8,1,2,2,8,1,2,6,1,13
11,19,30,31,11,19,0,2,11,7,1,2,3,11,0,2,9,1,12
11,19,30,31,11,19,0,2,12,6,1,2,2,6,1,2,4,1,15
11,19,30,31,11,19,0,2,13,5,1,2,2,5,1,2,2,2,12
11,19,30,31,11,19,0,2,14,11,0,1,2,14,0,2,12,1,8
11,19,30,31,11,19,0,2,15,11,0,1,2,15,0,2,13,1,17
11,19,30,31,11,19,0,2,16,11,0,1,2,11,0,1,2,2,11
11,19,30,31,11,19,0,2,17,11,0,1,2,17,0,2,15,1,14
11,20,31,32,11,11,0,2,1,9,1,2,1,9,1,2,1,1,25
11,20,31,32,11,11,0,2,2,8,1,2,2,20,0,1,1,1,16
11,20,31,32,11,11,0,2,3,7,1,2,1,7,1,2,1,1,23
11,20,31,32,11,11,0,2,4,4,0,2,2,4,0,2,2,1,22
11,20,31,32,11,11,0,2,5,5,0,2,2,5,0,2,3,1,22
11,20,31,32,11,11,0,2,6,4,1,2,1,4,1,2,1,1,23
11,20,31,32,11,11,0,2,7,3,1,2,1,3,1,2,1,1,22
11,20,31,32,11,11,0,2,8,8,0,2,2,8,0,2,6,1,22
11,20,31,32,11,11,0,2,9,9,0,2,2,9,0,2,7,1,23
11,20,31,32,11,20,0,2,1,11,0,1,1,11,0,1,1,1,25
11,20,31,32,11,20,0,2,2,11,0,1,2,17,1,2,15,1,14
11,20,31,32,11,20,0,2,3,11,0,1,2,11,0,1,9,1,22
11,20,31,32,11,20,0,2,4,4,0,2,2,4,0,2,2,1,22
11,20,31,32,11,20,0,2,5,5,0,2,2,5,0,2,3,1,17
11,20,31,32,11,20,0,2,6,6,0,2,2,6,0,2,4,1,22
11,20,31,32,11,20,0,2,7,7,0,2,2,7,0,2,5,1,21
11,20,31,32,11,20,0,2,8,8,0,2,2,8,0,2,6,1,20
11,20,31,32,11,20,0,2,9,9,0,2,2,9,0,2,7,1,20
11,20,31,32,11,20,0,2,10,9,1,2,1,9,1,2,1,1,19
11,20,31,32,11,20,0,2,11,8,1,2,1,8,1,2,1,1,23
11,20,31,32,11,20,0,2,12,7,1,2,1,7,1,2,1,1,18
11,20,31,32,11,20,0,2,13,6,1,2,1,6,1,2,1,1,20
11,20,31,32,11,20,0,2,14,5,1,2,1,5,1,2,1,1,20
11,20,31,32,11,20,0,2,15,4,1,2,1,4,1,2,1,1,18
11,20,31,32,11,20,0,2,16,3,1,2,1,3,1,2,1,1,22
11,20,31,32,11,20,0,2,17,11,0,1,2,17,0,2,15,1,20
11,20,31,32,11,20,0,2,18,11,0,1,2,18,0,2,16,1,19
11,21,32,33,11,11,0,2,1,9,1,2,1,21,0,1,20,0,27
11,21,32,33,11,11,0,2,2,8,1,2,2,8,1,2,6,1,20
11,21,32,33,11,11,0,2,3,7,1,2,1,7,1,2,1,1,24
11,21,32,33,11,11,0,2,4,4,0,2,2,4,0,2,2,1,24
11,21,32,33,11,11,0,2,5,5,0,2,2,5,0,2,3,1,12
11,21,32,33,11,11,0,2,6,4,1,2,1,4,1,2,1,1,22
11,21,32,33,11,11,0,2,7,7,0,2,2,7,0,2,5,1,21
11,21,32,33,11,11,0,2,8,8,0,2,2,8,0,2,6,1,17
11,21,32,33,11,11,0,2,9,9,0,2,2,9,0,2,7,1,22
11,21,32,33,11,21,0,2,1,11,0,1,1,11,0,1,10,0,27
11,21,32,33,11,21,0,2,2,11,0,1,2,18,1,2,16,1,19
11,21,32,33,11,21,0,2,3,11,0,1,1,11,0,1,1,1,23
11,21,32,33,11,21,0,2,4,4,0,2,2,4,0,2,2,1,21
11,21,32,33,11,21,0,2,5,5,0,2,2,5,0,2,3,1,14
11,21,32,33,11,21,0,2,6,6,0,2,2,6,0,2,4,1,18
11,21,32,33,11,21,0,2,7,7,0,2,2,7,0,2,5,1,17
11,21,32,33,11,21,0,2,8,8,0,2,2,8,0,2,6,1,17
11,21,32,33,11,21,0,2,9,9,0,2,2,9,0,2,7,1,13
11,21,32,33,11,21,0,2,10,10,0,2,2,10,0,2,8,1,18
11,21,32,33,11,21,0,2,11,9,1,2,2,11,0,2,9,1,13
11,21,32,33,11,21,0,2,12,8,1,2,2,12,0,2,10,1,14
11,21,32,33,11,21,0,2,13,7,1,2,2,7,1,2,5,1,18
11,21,32,33,11,21,0,2,14,6,1,2,1,6,1,2,1,1,15
11,21,32,33,11,21,0,2,15,5,1,2,2,15,0,2,13,1,16
11,21,32,33,11,21,0,2,16,4,1,2,2,4,1,2,2,1,19
11,21,32,33,11,21,0,2,17,11,0,1,2,11,0,1,2,2,13
11,21,32,33,11,21,0,2,18,11,0,1,2,18,0,2,16,1,20
11,21,32,33,11,21,0,2,19,11,0,1,2,19,0,2,17,1,21
11,22,33,34,11,11,0,2,1,9,1,2,1,9,1,2,1,1,27
11,22,33,34,11,11,0,2,2,8,1,2,2,8,1,2,6,1,17
11,22,33,34,11,11,0,2,3,7,1,2,1,7,1,2,1,1,25
11,22,33,34,11,11,0,2,4,4,0,2,2,4,0,2,2,1,24
11,22,33,34,11,11,0,2,5,5,0,2,2,5,0,2,3,1,23
11,22,33,34,11,11,0,2,6,4,1,2,1,4,1,2,1,1,25
11,22,33,34,11,11,0,2,7,3,1,2,1,3,1,2,1,1,24
11,22,33,34,11,11,0,2,8,8,0,2,2,8,0,2,6,1,23
11,22,33,34,11,11,0,2,9,9,0,2,2,9,0,2,7,1,26
11,22,33,34,11,22,0,2,1,11,0,1,1,11,0,1,1,1,27
11,22,33,34,11,22,0,2,2,11,0,1,1,11,0,1,1,1,18
11,22,33,34,11,22,0,2,3,11,0,1,2,11,0,1,9,1,24
11,22,33,34,11,22,0,2,4,4,0,2,2,4,0,2,2,1,25
11,22,33,34,11,22,0,2,5,5,0,2,2,5,0,2,3,1,21
11,22,33,34,11,22,0,2,6,6,0,2,2,6,0,2,4,1,24
11,22,33,34,11,22,0,2,7,7,0,2,2,7,0,2,5,1,24
11,22,33,34,11,22,0,2,8,8,0,2,2,8,0,2,6,1,20
11,22,33,34,11,22,0,2,9,9,0,2,2,9,0,2,7,1,23
11,22,33,34,11,22,0,2,10,10,0,2,2,10,0,2,8,1,24
11,22,33,34,11,22,0,2,11,10,1,2,1,10,1,2,1,1,20
11,22,33,34,11,22,0,2,12,9,1,2,1,9,1,2,1,1,24
11,22,33,34,11,22,0,2,13,8,1,2,1,8,1,2,1,1,21
11,22,33,34,11,22,0,2,14,7,1,2,1,7,1,2,1,1,22
11,22,33,34,11,22,0,2,15,6,1,2,1,6,1,2,1,1,24
11,22,33,34,11,22,0,2,16,5,1,2,1,5,1,2,1,1,22
11,22,33,34,11,22,0,2,17,4,1,2,1,4,1,2,1,1,25
11,22,33,34,11,22,0,2,18,3,1,2,1,3,1,2,1,1,25
11,22,33,34,11,22,0,2,19,11,0,1,2,11,0,1,9,1,24
11,22,33,34,11,22,0,2,20,11,0,1,1,11,0,1,1,1,26
11,23,34,35,11,11,0,2,1,9,1,2,0,9,1,2,0,0,29
11,23,34,35,11,11,0,2,2,8,1,2,1,8,1,2,1,1,23
11,23,34,35,11,11,0,2,3,7,1,2,1,7,1,2,1,1,25
11,23,34,35,11,11,0,2,4,4,0,2,2,4,0,2,2,1,26
11,23,34,35,11,11,0,2,5,5,0,2,2,5,0,2,3,1,14
11,23,34,35,11,11,0,2,6,4,1,2,1,4,1,2,1,1,23
11,23,34,35,11,11,0,2,7,3,1,2,1,3,1,2,1,1,25
11,23,34,35,11,11,0,2,8,8,0,2,2,8,0,2,6,1,20
11,23,34,35,11,11,0,2,9,9,0,2,2,9,0,2,7,1,23
11,23,34,35,11,23,0,2,1,11,0,1,1,11,0,1,10,0,29
11,23,34,35,11,23,0,2,2,11,0,1,2,11,0,1,9,1,23
11,23,34,35,11,23,0,2,3,11,0,1,2,11,0,1,9,1,25
11,23,34,35,11,23,0,2,4,4,0,2,2,4,0,2,2,1,25
11,23,34,35,11,23,0,2,5,5,0,2,2,5,0,2,3,1,16
11,23,34,35,11,23,0,2,6,6,0,2,2,16,1,2,1,1,20
11,23,34,35,11,23,0,2,7,7,0,2,2,7,0,2,5,1,21
11,23,34,35,11,23,0,2,8,8,0,2,2,8,0,2,6,1,19
11,23,34,35,11,23,0,2,9,9,0,2,2,13,1,2,11,1,17
11,23,34,35,11,23,0,2,10,10,0,2,2,10,0,2,8,1,20
11,23,34,35,11,23,0,2,11,11,0,1,2,11,0,2,9,1,17
11,23,34,35,11,23,0,2,12,10,1,2,2,10,1,2,8,1,18
11,23,34,35,11,23,0,2,13,9,1,2,2,9,1,2,7,1,20
11,23,34,35,11,23,0,2,14,8,1,2,2,14,0,2,12,1,18
11,23,34,35,11,23,0,2,15,7,1,2,2,7,1,2,5,1,18
11,23,34,35,11,23,0,2,16,6,1,2,2,16,0,2,14,1,17
11,23,34,35,11,23,0,2,17,5,1,2,1,5,1,2,1,1,23
11,23,34,35,11,23,0,2,18,4,1,2,2,4,1,2,2,1,17
11,23,34,35,11,23,0,2,19,3,1,2,1,3,1,2,1,1,21
11,23,34,35,11,23,0,2,20,11,0,1,2,20,0,2,18,1,23
11,23,34,35,11,23,0,2,21,11,0,1,2,21,0,2,19,1,19
11,24,35,36,11,11,0,2,1,9,1,2,1,9,1,2,1,1,29
11,24,35,36,11,11,0,2,2,8,1,2,2,8,1,2,6,1,21
11,24,35,36,11,11,0,2,3,7,1,2,1,7,1,2,1,1,27
11,24,35,36,11,11,0,2,4,4,0,2,2,4,0,2,2,1,27
11,24,35,36,11,11,0,2,5,5,0,2,2,5,0,2,3,1,26
11,24,35,36,11,11,0,2,6,4,1,2,1,4,1,2,1,1,27
11,24,35,36,11,11,0,2,7,3,1,2,1,3,1,2,1,1,26
11,24,35,36,11,11,0,2,8,8,0,2,2,8,0,2,6,1,27
11,24,35,36,11,11,0,2,9,9,0,2,2,9,0,2,7,1,27
11,24,35,36,11,24,0,2,1,11,0,1,1,11,0,1,1,1,29
11,24,35,36,11,24,0,2,2,11,0,1,1,11,0,1,1,1,21
11,24,35,36,11,24,0,2,3,11,0,1,1,11,0,1,1,1,27
11,24,35,36,11,24,0,2,4,4,0,2,1,4,0,2,1,1,27
11,24,35,36,11,24,0,2,5,5,0,2,1,5,0,2,1,1,27
11,24,35,36,11,24,0,2,6,6,0,2,2,6,0,2,4,1,27
11,24,35,36,11,24,0,2,7,7,0,2,2,7,0,2,5,1,26
11,24,35,36,11,24,0,2,8,8,0,2,2,8,0,2,6,1,27
11,24,35,36,11,24,0,2,9,9,0,2,2,9,0,2,7,1,26
11,24,35,36,11,24,0,2,10,10,0,2,2,10,0,2,8,1,26
11,24,35,36,11,24,0,2,11,11,0,1,1,11,0,1,1,1,27
11,24,35,36,11,24,0,2,12,11,0,1,2,11,1,2,1,1,23
11,24,35,36,11,24,0,2,13,10,1,2,1,10,1,2,1,1,27
11,24,35,36,11,24,0,2,14,9,1,2,2,9,1,2,7,1,25
11,24,35,36,11,24,0,2,15,8,1,2,1,8,1,2,1,1,27
11,24,35,36,11,24,0,2,16,7,1,2,1,7,1,2,1,1,27
11,24,35,36,11,24,0,2,17,6,1,2,2,6,1,2,4,1,25
11,24,35,36,11,24,0,2,18,5,1,2,1,5,1,2,1,1,27
11,24,35,36,11,24,0,2,19,4,1,2,1,4,1,2,1,1,26
11,24,35,36,11,24,0,2,20,3,1,2,1,3,1,2,1,1,27
11,24,35,36,11,24,0,2,21,11,0,1,1,11,0,1,1,1,28
11,24,35,36,11,24,0,2,22,11,0,1,2,22,0,2,20,1,24
11,25,36,37,11,11,0,2,1,9,1,2,1,9,1,2,1,1,30
11,25,36,37,11,11,0,2,2,8,1,2,2,8,1,2,6,1,25
11,25,36,37,11,11,0,2,3,7,1,2,1,7,1,2,1,1,27
11,25,36,37,11,11,0,2,4,4,0,2,2,4,0,2,2,1,28
11,25,36,37,11,11,0,2,5,5,0,2,2,5,0,2,3,1,15
11,25,36,37,11,11,0,2,6,4,1,2,1,4,1,2,1,1,26
11,25,36,37,11,11,0,2,7,7,0,2,2,7,0,2,5,1,24
11,25,36,37,11,11,0,2,8,8,0,2,2,8,0,2,6,1,24
11,25,36,37,11,11,0,2,9,9,0,2,2,9,0,2,7,1,23
11,25,36,37,11,25,0,2,1,11,0,1,1,11,0,1,1,1,30
11,25,36,37,11,25,0,2,2,11,0,1,2,22,1,2,20,1,24
11,25,36,37,11,25,0,2,3,11,0,1,1,11,0,1,1,1,28
11,25,36,37,11,25,0,2,4,4,0,2,2,4,0,2,2,1,25
11,25,36,37,11,25,0,2,5,5,0,2,2,5,0,2,3,1,15
11,25,36,37,11,25,0,2,6,6,0,2,2,6,0,2,4,1,24
11,25,36,37,11,25,0,2,7,7,0,2,2,7,0,2,5,1,23
11,25,36,37,11,25,0,2,8,8,0,2,2,8,0,2,6,1,17
11,25,36,37,11,25,0,2,9,9,0,2,2,9,0,2,7,1,21
11,25,36,37,11,25,0,2,10,10,0,2,2,10,0,2,8,1,20
11,25,36,37,11,25,0,2,11,11,0,1,2,11,0,2,9,1,17
11,25,36,37,11,25,0,2,12,11,0,1,2,12,0,2,10,1,24
11,25,36,37,11,25,0,2,13,11,0,1,2,11,1,2,9,1,18
11,25,36,37,11,25,0,2,14,10,1,2,2,14,0,2,12,1,16
11,25,36,37,11,25,0,2,15,9,1,2,2,9,1,2,7,1,22
11,25,36,37,11,25,0,2,16,8,1,2,2,8,1,2,6,1,16
11,25,36,37,11,25,0,2,17,7,1,2,2,17,0,2,15,1,16
11,25,36,37,11,25,0,2,18,6,1,2,2,6,1,2,4,1,23
11,25,36,37,11,25,0,2,19,5,1,2,2,5,1,2,2,2,14
11,25,36,37,11,25,0,2,20,4,1,2,2,4,1,2,2,1,18
11,25,36,37,11,25,0,2,21,11,0,1,2,21,0,2,19,1,23
11,25,36,37,11,25,0,2,22,11,0,1,2,22,0,2,20,1,17
11,25,36,37,11,25,0,2,23,11,0,1,2,23,0,2,21,1,21
11,26,37,38,11,11,0,2,1,9,1,2,1,9,1,2,1,1,31
11,26,37,38,11,11,0,2,2,8,1,2,2,26,0,1,1,1,22
11,26,37,38,11,11,0,2,3,7,1,2,1,7,1,2,1,1,29
11,26,37,38,11,11,0,2,4,4,0,2,2,4,0,2,2,1,29
11,26,37,38,11,11,0,2,5,5,0,2,2,5,0,2,3,1,28
11,26,37,38,11,11,0,2,6,4,1,2,1,4,1,2,1,1,29
11,26,37,38,11,11,0,2,7,3,1,2,1,3,1,2,1,1,29
11,26,37,38,11,11,0,2,8,8,0,2,2,8,0,2,6,1,28
11,26,37,38,11,11,0,2,9,9,0,2,2,9,0,2,7,1,29
11,26,37,38,11,26,0,2,1,11,0,1,1,11,0,1,1,1,31
11,26,37,38,11,26,0,2,2,11,0,1,1,11,0,1,1,1,21
11,26,37,38,11,26,0,2,3,11,0,1,2,11,0,1,9,1,28
11,26,37,38,11,26,0,2,4,4,0,2,1,4,0,2,1,1,30
11,26,37,38,11,26,0,2,5,5,0,2,2,5,0,2,3,1,23
11,26,37,38,11,26,0,2,6,6,0,2,2,6,0,2,4,1,28
11,26,37,38,11,26,0,2,7,7,0,2,1,7,0,2,1,1,29
11,26,37,38,11,26,0,2,8,8,0,2,2,8,0,2,6,1,25
11,26,37,38,11,26,0,2,9,9,0,2,2,9,0,2,7,1,28
11,26,37,38,11,26,0,2,10,10,0,2,1,10,0,2,1,1,27
11,26,37,38,11,26,0,2,11,11,0,1,2,11,0,2,9,1,26
11,26,37,38,11,26,0,2,12,11,0,1,2,11,0,1,9,1,27
11,26,37,38,11,26,0,2,13,11,0,1,2,12,1,2,1,1,26
11,26,37,38,11,26,0,2,14,11,0,1,1,11,0,1,1,1,29
11,26,37,38,11,26,0,2,15,10,1,2,1,10,1,2,1,1,25
11,26,37,38,11,26,0,2,16,9,1,2,1,9,1,2,1,1,27
11,26,37,38,11,26,0,2,17,8,1,2,1,8,1,2,1,1,27
11,26,37,38,11,26,0,2,18,7,1,2,1,7,1,2,1,1,24
11,26,37,38,11,26,0,2,19,6,1,2,1,6,1,2,1,1,28
11,26,37,38,11,26,0,2,20,5,1,2,1,5,1,2,1,1,27
11,26,37,38,11,26,0,2,21,4,1,2,1,4,1,2,1,1,24
11,26,37,38,11,26,0,2,22,3,1,2,1,3,1,2,1,1,28
11,26,37,38,11,26,0,2,23,11,0,1,2,23,0,2,1,1,27
11,26,37,38,11,26,0,2,24,11,0,1,2,24,0,2,22,1,26
11,27,38,39,11,11,0,2,1,9,1,2,1,27,0,1,26,0,33
11,27,38,39,11,11,0,2,2,8,1,2,2,8,1,2,6,1,25
11,27,38,39,11,11,0,2,3,7,1,2,1,7,1,2,1,1,29
11,27,38,39,11,11,0,2,4,4,0,2,2,4,0,2,2,1,30
11,27,38,39,11,11,0,2,5,5,0,2,2,5,0,2,3,1,17
11,27,38,39,11,11,0,2,6,4,1,2,1,4,1,2,1,1,27
11,27,38,39,11,11,0,2,7,7,0,2,2,7,0,2,5,1,29
11,27,38,39,11,11,0,2,8,8,0,2,2,8,0,2,6,1,23
11,27,38,39,11,11,0,2,9,9,0,2,2,9,0,2,7,1,26
11,27,38,39,11,27,0,2,1,11,0,1,1,11,0,1,10,0,33
11,27,38,39,11,27,0,2,2,11,0,1,2,24,1,2,22,1,25
11,27,38,39,11,27,0,2,3,11,0,1,1,11,0,1,1,1,30
11,27,38,39,11,27,0,2,4,4,0,2,2,4,0,2,2,1,29
11,27,38,39,11,27,0,2,5,5,0,2,2,5,0,2,3,1,17
11,27,38,39,11,27,0,2,6,6,0,2,2,6,0,2,4,1,28
11,27,38,39,11,27,0,2,7,7,0,2,2,7,0,2,5,1,26
11,27,38,39,11,27,0,2,8,8,0,2,2,8,0,2,6,1,19
11,27,38,39,11,27,0,2,9,9,0,2,2,9,0,2,7,1,25
11,27,38,39,11,27,0,2,10,10,0,2,2,10,0,2,8,1,24
11,27,38,39,11,27,0,2,11,11,0,1,2,11,0,2,9,1,16
11,27,38,39,11,27,0,2,12,11,0,1,2,12,0,2,10,1,22
11,27,38,39,11,27,0,2,13,11,0,1,2,13,0,2,11,1,23
11,27,38,39,11,27,0,2,14,11,0,1,2,14,0,2,12,1,19
11,27,38,39,11,27,0,2,15,11,0,1,2,11,1,2,9,1,20
11,27,38,39,11,27,0,2,16,10,1,2,2,10,1,2,8,1,23
11,27,38,39,11,27,0,2,17,9,1,2,2,9,1,2,7,1,20
11,27,38,39,11,27,0,2,18,8,1,2,2,18,0,2,16,1,21
11,27,38,39,11,27,0,2,19,7,1,2,2,7,1,2,5,1,26
11,27,38,39,11,27,0,2,20,6,1,2,2,6,1,2,4,1,17
11,27,38,39,11,27,0,2,21,5,1,2,2,21,0,2,19,1,24
11,27,38,39,11,27,0,2,22,4,1,2,2,4,1,2,2,1,24
11,27,38,39,11,27,0,2,23,11,0,1,2,23,0,2,21,1,22
11,27,38,39,11,27,0,2,24,11,0,1,2,24,0,2,22,1,26
11,27,38,39,11,27,0,2,25,11,0,1,2,25,0,2,23,1,27
11,28,39,40,11,11,0,2,1,9,1,2,1,9,1,2,1,1,33
11,28,39,40,11,11,0,2,2,8,1,2,2,8,1,2,6,1,24
11,28,39,40,11,11,0,2,3,7,1,2,1,7,1,2,1,1,31
11,28,39,40,11,11,0,2,4,4,0,2,2,4,0,2,2,1,30
11,28,39,40,11,11,0,2,5,5,0,2,2,5,0,2,3,1,30
11,28,39,40,11,11,0,2,6,4,1,2,1,4,1,2,1,1,31
11,28,39,40,11,11,0,2,7,3,1,2,1,3,1,2,1,1,30
11,28,39,40,11,11,0,2,8,8,0,2,2,8,0,2,6,1,30
11,28,39,40,11,11,0,2,9,9,0,2,2,9,0,2,7,1,32
11,28,39,40,11,28,0,2,1,11,0,1,1,11,0,1,1,1,33
11,28,39,40,11,28,0,2,2,11,0,1,1,11,0,1,1,1,24
11,28,39,40,11,28,0,2,3,11,0,1,1,11,0,1,1,1,31
11,28,39,40,11,28,0,2,4,4,0,2,2,4,0,2,2,1,31
11,28,39,40,11,28,0,2,5,5,0,2,2,5,0,2,3,1,30
11,28,39,40,11,28,0,2,6,6,0,2,2,6,0,2,4,1,30
11,28,39,40,11,28,0,2,7,7,0,2,2,7,0,2,5,1,31
11,28,39,40,11,28,0,2,8,8,0,2,2,8,0,2,6,1,31
11,28,39,40,11,28,0,2,9,9,0,2,2,9,0,2,7,1,29
11,28,39,40,11,28,0,2,10,10,0,2,2,10,0,2,8,1,30
11,28,39,40,11,28,0,2,11,11,0,1,2,11,0,1,9,1,30
11,28,39,40,11,28,0,2,12,11,0,1,1,11,0,1,1,1,30
11,28,39,40,11,28,0,2,13,11,0,1,2,11,0,1,9,1,30
11,28,39,40,11,28,0,2,14,11,0,1,2,11,0,1,9,1,28
11,28,39,40,11,28,0,2,15,11,0,1,1,11,0,1,1,1,31
11,28,39,40,11,28,0,2,16,11,0,1,2,11,1,2,1,1,28
11,28,39,40,11,28,0,2,17,10,1,2,1,10,1,2,1,1,28
11,28,39,40,11,28,0,2,18,9,1,2,1,9,1,2,1,1,31
11,28,39,40,11,28,0,2,19,8,1,2,1,8,1,2,1,1,28
11,28,39,40,11,28,0,2,20,7,1,2,1,7,1,2,1,1,31
11,28,39,40,11,28,0,2,21,6,1,2,1,6,1,2,1,1,31
11,28,39,40,11,28,0,2,22,5,1,2,1,5,1,2,1,1,30
11,28,39,40,11,28,0,2,23,4,1,2,1,4,1,2,1,1,31
11,28,39,40,11,28,0,2,24,3,1,2,1,3,1,2,1,1,30
11,28,39,40,11,28,0,2,25,11,0,1,2,11,0,1,9,1,30
11,28,39,40,11,28,0,2,26,11,0,1,2,11,0,1,9,1,31
12,2,14,15,12,12,0,2,1,10,1,2,1,10,1,2,1,1,7
12,2,14,15,12,12,0,2,2,9,1,2,2,9,1,2,2,2,3
12,2,14,15,12,12,0,2,3,3,0,2,1,3,0,2,1,1,5
12,2,14,15,12,12,0,2,4,4,0,2,1,4,0,2,1,1,6
12,2,14,15,12,12,0,2,5,5,0,2,2,6,1,2,1,1,4
12,2,14,15,12,12,0,2,6,5,1,2,2,6,0,2,1,1,5
12,2,14,15,12,12,0,2,7,4,1,2,1,4,1,2,1,1,6
12,2,14,15,12,12,0,2,8,3,1,2,1,3,1,2,1,1,3
12,2,14,15,12,12,0,2,9,9,0,2,1,9,0,2,1,1,7
12,2,14,15,12,12,0,2,10,10,0,2,1,10,0,2,1,1,6
12,3,15,16,12,3,0,2,1,12,0,1,1,12,0,1,1,1,10
12,3,15,16,12,12,0,2,1,3,0,1,1,3,0,1,2,0,10
12,3,15,16,12,12,0,2,2,9,1,2,7,9,1,2,7,1,1
12,3,15,16,12,12,0,2,3,8,1,2,1,8,1,2,1,1,6
12,3,15,16,12,12,0,2,4,4,0,2,2,4,0,2,2,1,6
12,3,15,16,12,12,0,2,5,5,0,2,2,5,0,2,3,1,2
12,3,15,16,12,12,0,2,6,5,1,2,1,5,1,2,1,1,6
12,3,15,16,12,12,0,2,7,4,1,2,2,4,1,2,2,1,6
12,3,15,16,12,12,0,2,8,3,1,2,1,3,1,2,1,1,5
12,3,15,16,12,12,0,2,9,9,0,2,2,9,0,2,7,1,3
12,3,15,16,12,12,0,2,10,10,0,2,2,10,0,2,8,1,7
12,4,16,17,12,4,0,2,1,12,0,1,2,12,0,1,10,1,9
12,4,16,17,12,4,0,2,2,12,0,1,3,12,0,1,9,2,5
12,4,16,17,12,12,0,2,1,4,0,1,1,4,0,1,1,1,10
12,4,16,17,12,12,0,2,2,9,1,2,7,9,1,2,7,1,1
12,4,16,17,12,12,0,2,3,4,0,1,1,4,0,1,1,1,8
12,4,16,17,12,12,0,2,4,7,1,2,3,7,1,2,3,3,1
12,4,16,17,12,12,0,2,5,5,0,2,1,5,0,2,1,1,3
12,4,16,17,12,12,0,2,6,4,0,1,1,4,0,1,1,1,6
12,4,16,17,12,12,0,2,7,7,0,2,3,7,0,2,3,3,1
12,4,16,17,12,12,0,2,8,4,0,1,1,4,0,1,1,1,7
12,4,16,17,12,12,0,2,9,9,0,2,2,9,0,2,2,2,1
12,4,16,17,12,12,0,2,10,4,0,1,1,4,0,1,1,1,4
12,5,17,18,12,5,0,2,1,3,1,2,1,3,1,2,1,1,11
12,5,17,18,12,5,0,2,2,12,0,1,2,12,0,1,2,2,4
12,5,17,18,12,5,0,2,3,12,0,1,2,12,0,1,10,1,9
12,5,17,18,12,12,0,2,1,5,0,1,1,5,0,1,1,1,11
12,5,17,18,12,12,0,2,2,5,0,1,2,5,0,1,2,2,3
12,5,17,18,12,12,0,2,3,5,0,1,2,5,0,1,3,1,8
12,5,17,18,12,12,0,2,4,4,0,2,2,4,0,2,2,1,7
12,5,17,18,12,12,0,2,5,5,0,1,2,5,0,2,1,1,7
12,5,17,18,12,12,0,2,6,5,0,1,2,5,0,1,3,1,7
12,5,17,18,12,12,0,2,7,4,1,2,1,4,1,2,1,1,6
12,5,17,18,12,12,0,2,8,5,0,1,2,8,0,2,1,1,7
12,5,17,18,12,12,0,2,9,5,0,1,2,5,0,1,3,1,7
12,5,17,18,12,12,0,2,10,5,0,1,2,10,0,2,8,1,7
12,6,18,19,12,6,0,2,1,4,1,2,1,4,1,2,1,1,11
12,6,18,19,12,6,0,2,2,12,0,1,2,12,0,1,10,1,7
12,6,18,19,12,6,0,2,3,12,0,1,1,12,0,1,1,1,10
12,6,18,19,12,6,0,2,4,4,0,2,2,4,0,2,2,1,8
12,6,18,19,12,12,0,2,1,6,0,1,2,6,0,1,4,1,11
12,6,18,19,12,12,0,2,2,6,0,1,3,9,1,2,7,1,5
12,6,18,19,12,12,0,2,3,6,0,1,2,8,1,2,6,1,6
12,6,18,19,12,12,0,2,4,4,0,2,2,4,0,2,2,1,7
12,6,18,19,12,12,0,2,5,5,0,2,2,5,0,2,2,2,4
12,6,18,19,12,12,0,2,6,5,1,2,2,6,0,1,1,1,6
12,6,18,19,12,12,0,2,7,4,1,2,2,4,1,2,2,1,7
12,6,18,19,12,12,0,2,8,6,0,1,2,8,0,2,6,1,5
12,6,18,19,12,12,0,2,9,6,0,1,2,9,0,2,7,1,7
12,6,18,19,12,12,0,2,10,6,0,1,3,6,0,1,3,2,5
12,7,19,20,12,7,0,2,1,5,1,2,1,12,0,1,11,0,14
12,7,19,20,12,7,0,2,2,4,1,2,2,4,1,2,2,1,5
12,7,19,20,12,7,0,2,3,3,1,2,1,3,1,2,1,1,11
12,7,19,20,12,7,0,2,4,4,0,2,2,4,0,2,2,1,11
12,7,19,20,12,7,0,2,5,5,0,2,2,5,0,2,3,1,8
12,7,19,20,12,12,0,2,1,7,0,1,1,7,0,1,1,1,12
12,7,19,20,12,12,0,2,2,7,0,1,1,7,0,1,1,1,9
12,7,19,20,12,12,0,2,3,7,0,1,2,7,0,1,5,1,8
12,7,19,20,12,12,0,2,4,4,0,2,1,4,0,2,1,1,10
12,7,19,20,12,12,0,2,5,5,0,2,2,6,1,2,1,1,8
12,7,19,20,12,12,0,2,6,5,1,2,2,6,0,2,1,1,9
12,7,19,20,12,12,0,2,7,4,1,2,1,4,1,2,1,1,9
12,7,19,20,12,12,0,2,8,3,1,2,1,3,1,2,1,1,8
12,7,19,20,12,12,0,2,9,7,0,1,2,7,0,1,5,1,10
12,7,19,20,12,12,0,2,10,7,0,1,2,7,0,1,5,1,9
12,8,20,21,12,8,0,2,1,6,1,2,1,6,1,2,1,1,14
12,8,20,21,12,8,0,2,2,5,1,2,2,12,0,1,10,1,9
12,8,20,21,12,8,0,2,3,4,1,2,2,4,1,2,2,1,10
12,8,20,21,12,8,0,2,4,3,1,2,1,3,1,2,1,1,11
12,8,20,21,12,8,0,2,5,5,0,2,2,5,0,2,2,2,6
12,8,20,21,12,8,0,2,6,6,0,2,2,6,0,2,4,1,9
12,8,20,21,12,12,0,2,1,8,0,1,2,8,0,1,6,1,13
12,8,20,21,12,12,0,2,2,8,0,1,2,9,1,2,1,1,10
12,8,20,21,12,12,0,2,3,3,0,2,1,3,0,2,1,1,10
12,8,20,21,12,12,0,2,4,4,0,2,1,4,0,2,1,1,9
12,8,20,21,12,12,0,2,5,5,0,2,2,5,0,2,3,1,7
12,8,20,21,12,12,0,2,6,5,1,2,2,6,0,2,1,1,6
12,8,20,21,12,12,0,2,7,4,1,2,1,4,1,2,1,1,10
12,8,20,21,12,12,0,2,8,3,1,2,1,3,1,2,1,1,7
12,8,20,21,12,12,0,2,9,8,0,1,2,9,0,2,1,1,7
12,8,20,21,12,12,0,2,10,8,0,1,2,10,0,2,1,1,11
12,9,21,22,12,9,0,2,1,7,1,2,0,7,1,2,0,0,15
12,9,21,22,12,9,0,2,2,6,1,2,2,12,0,1,1,1,4
12,9,21,22,12,9,0,2,3,5,1,2,1,5,1,2,1,1,11
12,9,21,22,12,9,0,2,4,4,0,2,2,4,0,2,2,1,13
12,9,21,22,12,9,0,2,5,5,0,2,2,5,0,2,3,1,8
12,9,21,22,12,9,0,2,6,6,0,2,2,6,0,2,4,1,11
12,9,21,22,12,9,0,2,7,7,0,2,2,7,0,2,5,1,12
12,9,21,22,12,12,0,2,1,9,0,1,1,10,1,2,0,0,16
12,9,21,22,12,12,0,2,2,9,0,1,2,9,1,2,7,1,2
12,9,21,22,12,12,0,2,3,3,0,2,1,3,0,2,1,1,14
12,9,21,22,12,12,0,2,4,4,0,2,2,4,0,2,2,1,12
12,9,21,22,12,12,0,2,5,5,0,2,2,5,0,2,3,1,4
12,9,21,22,12,12,0,2,6,5,1,2,1,5,1,2,1,1,10
12,9,21,22,12,12,0,2,7,4,1,2,1,4,1,2,1,1,10
12,9,21,22,12,12,0,2,8,8,0,2,2,8,0,2,6,1,6
12,9,21,22,12,12,0,2,9,2,1,2,0,2,1,2,0,0,11
12,9,21,22,12,12,0,2,10,9,0,1,2,10,0,2,1,1,12
12,11,23,24,12,11,0,2,1,9,1,2,1,9,1,2,1,1,17
12,11,23,24,12,11,0,2,2,8,1,2,1,8,1,2,1,1,11
12,11,23,24,12,11,0,2,3,7,1,2,1,7,1,2,1,1,14
12,11,23,24,12,11,0,2,4,4,0,2,1,4,0,2,1,1,15
12,11,23,24,12,11,0,2,5,5,0,2,1,5,0,2,1,1,12
12,11,23,24,12,11,0,2,6,4,1,2,1,4,1,2,1,1,14
12,11,23,24,12,11,0,2,7,3,1,2,1,3,1,2,1,1,15
12,11,23,24,12,11,0,2,8,8,0,2,1,8,0,2,1,1,13
12,11,23,24,12,11,0,2,9,9,0,2,2,9,0,2,7,1,15
12,11,23,24,12,12,0,2,1,10,1,2,2,11,0,1,10,0,17
12,11,23,24,12,12,0,2,2,9,1,2,2,11,0,1,1,1,12
12,11,23,24,12,12,0,2,3,8,1,2,1,8,1,2,1,1,14
12,11,23,24,12,12,0,2,4,4,0,2,2,4,0,2,2,1,15
12,11,23,24,12,12,0,2,5,5,0,2,2,5,0,2,3,1,14
12,11,23,24,12,12,0,2,6,5,1,2,1,5,1,2,1,1,14
12,11,23,24,12,12,0,2,7,4,1,2,2,4,1,2,2,1,14
12,11,23,24,12,12,0,2,8,8,0,2,2,8,0,2,6,1,14
12,11,23,24,12,12,0,2,9,9,0,2,2,9,0,2,7,1,14
12,11,23,24,12,12,0,2,10,10,0,2,2,11,0,1,10,0,17
12,12,24,25,12,12,0,2,1,10,1,2,1,12,0,1,11,0,19
12,12,24,25,12,12,0,2,2,9,1,2,2,9,1,2,7,1,15
12,12,24,25,12,12,0,2,3,8,1,2,1,8,1,2,1,1,16
12,12,24,25,12,12,0,2,4,4,0,2,2,4,0,2,2,1,15
12,12,24,25,12,12,0,2,5,5,0,2,2,5,0,2,3,1,12
12,12,24,25,12,12,0,2,6,5,1,2,1,5,1,2,1,1,15
12,12,24,25,12,12,0,2,7,4,1,2,1,4,1,2,1,1,15
12,12,24,25,12,12,0,2,8,8,0,2,2,8,0,2,6,1,13
12,12,24,25,12,12,0,2,9,9,0,2,2,9,0,2,7,1,15
12,12,24,25,12,12,0,2,10,10,0,2,2,10,0,2,8,1,16
12,13,25,26,12,12,0,2,1,10,1,2,1,10,1,2,1,1,19
12,13,25,26,12,12,0,2,2,9,1,2,2,9,1,2,7,1,10
12,13,25,26,12,12,0,2,3,8,1,2,1,8,1,2,1,1,16
12,13,25,26,12,12,0,2,4,4,0,2,2,4,0,2,2,1,15
12,13,25,26,12,12,0,2,5,5,0,2,2,5,0,2,3,1,10
12,13,25,26,12,12,0,2,6,5,1,2,1,5,1,2,1,1,16
12,13,25,26,12,12,0,2,7,4,1,2,1,4,1,2,1,1,14
12,13,25,26,12,12,0,2,8,8,0,2,2,8,0,2,6,1,13
12,13,25,26,12,12,0,2,9,9,0,2,2,9,0,2,7,1,16
12,13,25,26,12,12,0,2,10,10,0,2,2,10,0,2,8,1,16
12,13,25,26,12,13,0,2,1,11,1,2,2,12,0,1,11,0,19
12,13,25,26,12,13,0,2,2,10,1,2,2,10,1,2,8,1,14
12,13,25,26,12,13,0,2,3,9,1,2,1,9,1,2,1,1,17
12,13,25,26,12,13,0,2,4,4,0,2,2,4,0,2,2,1,17
12,13,25,26,12,13,0,2,5,5,0,2,2,5,0,2,3,1,15
12,13,25,26,12,13,0,2,6,6,0,2,2,6,0,2,4,1,17
12,13,25,26,12,13,0,2,7,5,1,2,2,7,0,2,5,1,14
12,13,25,26,12,13,0,2,8,4,1,2,1,4,1,2,1,1,16
12,13,25,26,12,13,0,2,9,9,0,2,2,9,0,2,7,1,14
12,13,25,26,12,13,0,2,10,10,0,2,2,10,0,2,8,1,16
12,13,25,26,12,13,0,2,11,11,0,2,2,12,0,1,11,0,19
12,15,27,28,12,12,0,2,1,10,1,2,0,10,1,2,0,0,21
12,15,27,28,12,12,0,2,2,9,1,2,2,9,1,2,7,1,8
12,15,27,28,12,12,0,2,3,8,1,2,1,8,1,2,1,1,17
12,15,27,28,12,12,0,2,4,4,0,2,2,4,0,2,2,1,19
12,15,27,28,12,12,0,2,5,5,0,2,2,5,0,2,3,1,13
12,15,27,28,12,12,0,2,6,5,1,2,1,5,1,2,1,1,18
12,15,27,28,12,12,0,2,7,4,1,2,1,4,1,2,1,1,17
12,15,27,28,12,12,0,2,8,8,0,2,2,8,0,2,6,1,14
12,15,27,28,12,12,0,2,9,9,0,2,2,9,0,2,7,1,17
12,15,27,28,12,12,0,2,10,10,0,2,2,10,0,2,8,1,18
12,15,27,28,12,15,0,2,1,12,0,1,1,13,1,2,0,0,22
12,15,27,28,12,15,0,2,2,12,0,1,2,12,1,2,10,1,5
12,15,27,28,12,15,0,2,3,3,0,2,1,3,0,2,1,1,20
12,15,27,28,12,15,0,2,4,4,0,2,2,4,0,2,2,1,19
12,15,27,28,12,15,0,2,5,5,0,2,2,5,0,2,3,1,13
12,15,27,28,12,15,0,2,6,6,0,2,2,6,0,2,4,1,17
12,15,27,28,12,15,0,2,7,7,0,2,2,7,0,2,5,1,17
12,15,27,28,12,15,0,2,8,6,1,2,2,6,1,2,4,1,13
12,15,27,28,12,15,0,2,9,5,1,2,1,5,1,2,1,1,17
12,15,27,28,12,15,0,2,10,4,1,2,1,4,1,2,1,1,16
12,15,27,28,12,15,0,2,11,11,0,2,2,11,0,2,9,1,15
12,15,27,28,12,15,0,2,12,2,1,2,0,2,1,2,0,0,19
12,15,27,28,12,15,0,2,13,12,0,1,2,13,0,2,1,1,19
12,16,28,29,12,12,0,2,1,10,1,2,0,10,1,2,0,0,24
12,16,28,29,12,12,0,2,2,9,1,2,2,9,1,2,7,1,14
12,16,28,29,12,12,0,2,3,8,1,2,1,8,1,2,1,1,20
12,16,28,29,12,12,0,2,4,4,0,2,2,4,0,2,2,1,17
12,16,28,29,12,12,0,2,5,5,0,2,2,5,0,2,3,1,12
12,16,28,29,12,12,0,2,6,5,1,2,2,16,0,1,1,1,16
12,16,28,29,12,12,0,2,7,4,1,2,2,4,1,2,2,1,13
12,16,28,29,12,12,0,2,8,8,0,2,2,8,0,2,6,1,15
12,16,28,29,12,12,0,2,9,9,0,2,2,9,0,2,7,1,18
12,16,28,29,12,12,0,2,10,10,0,2,2,10,0,2,8,1,13
12,16,28,29,12,16,0,2,1,12,0,1,1,12,0,1,1,1,22
12,16,28,29,12,16,0,2,2,12,0,1,2,13,1,2,1,1,17
12,16,28,29,12,16,0,2,3,3,0,2,1,3,0,2,1,1,21
12,16,28,29,12,16,0,2,4,4,0,2,2,4,0,2,2,1,17
12,16,28,29,12,16,0,2,5,5,0,2,2,5,0,2,3,1,11
12,16,28,29,12,16,0,2,6,6,0,2,1,6,0,2,1,1,15
12,16,28,29,12,16,0,2,7,7,0,2,2,7,0,2,5,1,15
12,16,28,29,12,16,0,2,8,7,1,2,2,7,1,2,5,1,12
12,16,28,29,12,16,0,2,9,6,1,2,1,6,1,2,1,1,16
12,16,28,29,12,16,0,2,10,5,1,2,2,10,0,2,8,1,12
12,16,28,29,12,16,0,2,11,4,1,2,2,4,1,2,2,1,15
12,16,28,29,12,16,0,2,12,3,1,2,1,3,1,2,1,1,19
12,16,28,29,12,16,0,2,13,12,0,1,2,13,0,2,11,1,13
12,16,28,29,12,16,0,2,14,12,0,1,2,14,0,2,1,1,19
12,17,29,30,12,12,0,2,1,10,1,2,1,10,1,2,1,1,23
12,17,29,30,12,12,0,2,2,9,1,2,2,9,1,2,7,1,17
12,17,29,30,12,12,0,2,3,8,1,2,1,8,1,2,1,1,20
12,17,29,30,12,12,0,2,4,4,0,2,2,4,0,2,2,1,21
12,17,29,30,12,12,0,2,5,5,0,2,2,5,0,2,3,1,18
12,17,29,30,12,12,0,2,6,5,1,2,1,5,1,2,1,1,20
12,17,29,30,12,12,0,2,7,4,1,2,1,4,1,2,1,1,21
12,17,29,30,12,12,0,2,8,3,1,2,1,3,1,2,1,1,20
12,17,29,30,12,12,0,2,9,9,0,2,2,9,0,2,7,1,20
12,17,29,30,12,12,0,2,10,10,0,2,2,10,0,2,8,1,22
12,17,29,30,12,17,0,2,1,12,0,1,1,12,0,1,1,1,23
12,17,29,30,12,17,0,2,2,12,0,1,1,12,0,1,1,1,18
12,17,29,30,12,17,0,2,3,12,0,1,2,12,0,1,10,1,19
12,17,29,30,12,17,0,2,4,4,0,2,2,4,0,2,2,1,21
12,17,29,30,12,17,0,2,5,5,0,2,2,5,0,2,3,1,18
12,17,29,30,12,17,0,2,6,6,0,2,2,6,0,2,4,1,20
12,17,29,30,12,17,0,2,7,7,0,2,1,7,0,2,1,1,20
12,17,29,30,12,17,0,2,8,8,0,2,1,8,0,2,1,1,20
12,17,29,30,12,17,0,2,9,7,1,2,1,7,1,2,1,1,19
12,17,29,30,12,17,0,2,10,6,1,2,1,6,1,2,1,1,21
12,17,29,30,12,17,0,2,11,5,1,2,1,5,1,2,1,1,20
12,17,29,30,12,17,0,2,12,4,1,2,1,4,1,2,1,1,20
12,17,29,30,12,17,0,2,13,3,1,2,1,3,1,2,1,1,19
12,17,29,30,12,17,0,2,14,12,0,1,2,12,0,1,10,1,20
12,17,29,30,12,17,0,2,15,12,0,1,2,12,0,1,10,1,21
12,18,30,31,12,12,0,2,1,10,1,2,1,10,1,2,1,1,23
12,18,30,31,12,12,0,2,2,9,1,2,1,9,1,2,1,1,20
12,18,30,31,12,12,0,2,3,8,1,2,1,8,1,2,1,1,22
12,18,30,31,12,12,0,2,4,4,0,2,2,4,0,2,2,1,20
12,18,30,31,12,12,0,2,5,5,0,2,2,5,0,2,3,1,16
12,18,30,31,12,12,0,2,6,5,1,2,1,5,1,2,1,1,22
12,18,30,31,12,12,0,2,7,4,1,2,1,4,1,2,1,1,17
12,18,30,31,12,12,0,2,8,8,0,2,2,8,0,2,6,1,18
12,18,30,31,12,12,0,2,9,9,0,2,2,9,0,2,7,1,19
12,18,30,31,12,12,0,2,10,10,0,2,2,10,0,2,8,1,18
12,18,30,31,12,18,0,2,1,12,0,1,1,12,0,1,1,1,24
12,18,30,31,12,18,0,2,2,12,0,1,2,12,0,1,10,1,20
12,18,30,31,12,18,0,2,3,12,0,1,2,12,0,1,10,1,21
12,18,30,31,12,18,0,2,4,4,0,2,2,4,0,2,2,1,21
12,18,30,31,12,18,0,2,5,5,0,2,2,5,0,2,3,1,17
12,18,30,31,12,18,0,2,6,6,0,2,2,6,0,2,4,1,22
12,18,30,31,12,18,0,2,7,7,0,2,2,7,0,2,5,1,18
12,18,30,31,12,18,0,2,8,8,0,2,2,8,0,2,6,1,16
12,18,30,31,12,18,0,2,9,8,1,2,2,8,1,2,6,1,18
12,18,30,31,12,18,0,2,10,7,1,2,2,7,1,2,5,1,17
12,18,30,31,12,18,0,2,11,6,1,2,2,6,1,2,4,1,17
12,18,30,31,12,18,0,2,12,5,1,2,2,12,0,2,10,1,18
12,18,30,31,12,18,0,2,13,4,1,2,2,4,1,2,2,1,20
12,18,30,31,12,18,0,2,14,12,0,1,2,14,0,2,12,1,15
12,18,30,31,12,18,0,2,15,12,0,1,2,15,0,2,13,1,20
12,18,30,31,12,18,0,2,16,12,0,1,2,12,0,1,2,2,19
12,19,31,32,12,12,0,2,1,10,1,2,1,10,1,2,1,1,25
12,19,31,32,12,12,0,2,2,9,1,2,2,9,1,2,7,1,13
12,19,31,32,12,12,0,2,3,8,1,2,1,8,1,2,1,1,23
12,19,31,32,12,12,0,2,4,4,0,2,2,4,0,2,2,1,23
12,19,31,32,12,12,0,2,5,5,0,2,2,5,0,2,3,1,16
12,19,31,32,12,12,0,2,6,5,1,2,1,5,1,2,1,1,22
12,19,31,32,12,12,0,2,7,4,1,2,1,4,1,2,1,1,22
12,19,31,32,12,12,0,2,8,8,0,2,2,8,0,2,6,1,19
12,19,31,32,12,12,0,2,9,9,0,2,2,9,0,2,7,1,22
12,19,31,32,12,12,0,2,10,10,0,2,2,10,0,2,8,1,23
12,19,31,32,12,19,0,2,1,12,0,1,1,12,0,1,1,1,25
12,19,31,32,12,19,0,2,2,12,0,1,1,12,0,1,1,1,15
12,19,31,32,12,19,0,2,3,12,0,1,1,12,0,1,1,1,23
12,19,31,32,12,19,0,2,4,4,0,2,2,4,0,2,2,1,22
12,19,31,32,12,19,0,2,5,5,0,2,2,5,0,2,3,1,20
12,19,31,32,12,19,0,2,6,6,0,2,2,6,0,2,4,1,23
12,19,31,32,12,19,0,2,7,7,0,2,2,7,0,2,5,1,21
12,19,31,32,12,19,0,2,8,8,0,2,2,8,0,2,6,1,21
12,19,31,32,12,19,0,2,9,9,0,2,2,9,0,2,7,1,19
12,19,31,32,12,19,0,2,10,8,1,2,2,8,1,2,6,1,20
12,19,31,32,12,19,0,2,11,7,1,2,1,7,1,2,1,1,21
12,19,31,32,12,19,0,2,12,6,1,2,2,6,1,2,4,1,20
12,19,31,32,12,19,0,2,13,5,1,2,2,12,0,1,10,1,20
12,19,31,32,12,19,0,2,14,4,1,2,1,4,1,2,1,1,21
12,19,31,32,12,19,0,2,15,12,0,1,2,12,0,1,10,1,21
12,19,31,32,12,19,0,2,16,12,0,1,1,12,0,1,1,1,23
12,19,31,32,12,19,0,2,17,12,0,1,2,12,0,1,10,1,23
12,20,32,33,12,12,0,2,1,10,1,2,0,10,1,2,0,0,26
12,20,32,33,12,12,0,2,2,9,1,2,2,9,1,2,7,1,18
12,20,32,33,12,12,0,2,3,8,1,2,1,8,1,2,1,1,24
12,20,32,33,12,12,0,2,4,4,0,2,2,4,0,2,2,1,22
12,20,32,33,12,12,0,2,5,5,0,2,2,5,0,2,3,1,9
12,20,32,33,12,12,0,2,6,5,1,2,2,6,0,2,4,1,20
12,20,32,33,12,12,0,2,7,4,1,2,2,4,1,2,2,1,18
12,20,32,33,12,12,0,2,8,8,0,2,2,8,0,2,6,1,15
12,20,32,33,12,12,0,2,9,9,0,2,2,9,0,2,7,1,20
12,20,32,33,12,12,0,2,10,10,0,2,2,10,0,2,8,1,19
12,20,32,33,12,20,0,2,1,12,0,1,1,18,1,2,0,0,27
12,20,32,33,12,20,0,2,2,12,0,1,3,17,1,2,15,1,17
12,20,32,33,12,20,0,2,3,12,0,1,1,12,0,1,1,1,24
12,20,32,33,12,20,0,2,4,4,0,2,2,4,0,2,2,1,22
12,20,32,33,12,20,0,2,5,5,0,2,2,5,0,2,3,1,8
12,20,32,33,12,20,0,2,6,6,0,2,2,6,0,2,4,1,20
12,20,32,33,12,20,0,2,7,7,0,2,2,7,0,2,5,1,17
12,20,32,33,12,20,0,2,8,8,0,2,2,8,0,2,6,1,15
12,20,32,33,12,20,0,2,9,9,0,2,2,9,0,2,7,1,15
12,20,32,33,12,20,0,2,10,9,1,2,2,9,1,2,7,1,17
12,20,32,33,12,20,0,2,11,8,1,2,2,8,1,2,6,1,15
12,20,32,33,12,20,0,2,12,7,1,2,3,12,0,2,10,1,10
12,20,32,33,12,20,0,2,13,6,1,2,2,6,1,2,4,1,15
12,20,32,33,12,20,0,2,14,5,1,2,2,5,1,2,2,2,13
12,20,32,33,12,20,0,2,15,12,0,1,6,15,0,2,13,1,8
12,20,32,33,12,20,0,2,16,12,0,1,2,16,0,2,14,1,21
12,20,32,33,12,20,0,2,17,12,0,1,2,12,0,1,2,2,14
12,20,32,33,12,20,0,2,18,12,0,1,2,18,0,2,16,1,16
12,21,33,34,12,12,0,2,1,10,1,2,1,10,1,2,1,1,27
12,21,33,34,12,12,0,2,2,9,1,2,2,9,1,2,7,1,17
12,21,33,34,12,12,0,2,3,8,1,2,1,8,1,2,1,1,24
12,21,33,34,12,12,0,2,4,4,0,2,2,4,0,2,2,1,25
12,21,33,34,12,12,0,2,5,5,0,2,2,5,0,2,3,1,23
12,21,33,34,12,12,0,2,6,5,1,2,1,5,1,2,1,1,24
12,21,33,34,12,12,0,2,7,4,1,2,1,4,1,2,1,1,25
12,21,33,34,12,12,0,2,8,8,0,2,2,8,0,2,6,1,23
12,21,33,34,12,12,0,2,9,9,0,2,2,9,0,2,7,1,24
12,21,33,34,12,12,0,2,10,10,0,2,2,10,0,2,8,1,25
12,21,33,34,12,21,0,2,1,12,0,1,1,12,0,1,1,1,27
12,21,33,34,12,21,0,2,2,12,0,1,1,12,0,1,1,1,17
12,21,33,34,12,21,0,2,3,3,0,2,1,3,0,2,1,1,26
12,21,33,34,12,21,0,2,4,4,0,2,2,4,0,2,2,1,25
12,21,33,34,12,21,0,2,5,5,0,2,2,5,0,2,3,1,22
12,21,33,34,12,21,0,2,6,6,0,2,1,6,0,2,1,1,25
12,21,33,34,12,21,0,2,7,7,0,2,2,7,0,2,5,1,24
12,21,33,34,12,21,0,2,8,8,0,2,2,8,0,2,6,1,22
12,21,33,34,12,21,0,2,9,9,0,2,2,9,0,2,7,1,23
12,21,33,34,12,21,0,2,10,10,0,2,2,10,0,2,8,1,24
12,21,33,34,12,21,0,2,11,9,1,2,2,9,1,2,7,1,21
12,21,33,34,12,21,0,2,12,8,1,2,1,8,1,2,1,1,23
12,21,33,34,12,21,0,2,13,7,1,2,1,7,1,2,1,1,23
12,21,33,34,12,21,0,2,14,6,1,2,1,6,1,2,1,1,23
12,21,33,34,12,21,0,2,15,5,1,2,1,5,1,2,1,1,24
12,21,33,34,12,21,0,2,16,4,1,2,1,4,1,2,1,1,24
12,21,33,34,12,21,0,2,17,3,1,2,1,3,1,2,1,1,24
12,21,33,34,12,21,0,2,18,12,0,1,2,12,0,1,10,1,24
12,21,33,34,12,21,0,2,19,12,0,1,2,12,0,1,10,1,26
12,22,34,35,12,12,0,2,1,10,1,2,1,22,0,1,21,0,29
12,22,34,35,12,12,0,2,2,9,1,2,2,9,1,2,7,1,24
12,22,34,35,12,12,0,2,3,8,1,2,1,8,1,2,1,1,26
12,22,34,35,12,12,0,2,4,4,0,2,2,4,0,2,2,1,25
12,22,34,35,12,12,0,2,5,5,0,2,2,5,0,2,3,1,21
12,22,34,35,12,12,0,2,6,5,1,2,1,5,1,2,1,1,26
12,22,34,35,12,12,0,2,7,4,1,2,1,4,1,2,1,1,24
12,22,34,35,12,12,0,2,8,8,0,2,2,8,0,2,6,1,22
12,22,34,35,12,12,0,2,9,9,0,2,2,9,0,2,7,1,24
12,22,34,35,12,12,0,2,10,10,0,2,2,10,0,2,8,1,23
12,22,34,35,12,22,0,2,1,12,0,1,1,12,0,1,1,1,28
12,22,34,35,12,22,0,2,2,12,0,1,2,12,0,1,10,1,24
12,22,34,35,12,22,0,2,3,12,0,1,1,12,0,1,1,1,26
12,22,34,35,12,22,0,2,4,4,0,2,2,4,0,2,2,1,26
12,22,34,35,12,22,0,2,5,5,0,2,2,5,0,2,3,1,19
12,22,34,35,12,22,0,2,6,6,0,2,2,6,0,2,4,1,26
12,22,34,35,12,22,0,2,7,7,0,2,2,7,0,2,5,1,22
12,22,34,35,12,22,0,2,8,8,0,2,2,8,0,2,6,1,19
12,22,34,35,12,22,0,2,9,9,0,2,2,9,0,2,7,1,23
12,22,34,35,12,22,0,2,10,10,0,2,2,10,0,2,8,1,19
12,22,34,35,12,22,0,2,11,10,1,2,2,10,1,2,8,1,18
12,22,34,35,12,22,0,2,12,9,1,2,2,12,0,1,10,1,21
12,22,34,35,12,22,0,2,13,8,1,2,2,8,1,2,6,1,20
12,22,34,35,12,22,0,2,14,7,1,2,2,7,1,2,5,1,20
12,22,34,35,12,22,0,2,15,6,1,2,1,6,1,2,1,1,23
12,22,34,35,12,22,0,2,16,5,1,2,2,16,0,2,14,1,19
12,22,34,35,12,22,0,2,17,4,1,2,2,4,1,2,2,1,23
12,22,34,35,12,22,0,2,18,3,1,2,1,3,1,2,1,1,22
12,22,34,35,12,22,0,2,19,12,0,1,2,19,0,2,17,1,23
12,22,34,35,12,22,0,2,20,12,0,1,2,20,0,2,18,1,23
12,23,35,36,12,12,0,2,1,10,1,2,1,10,1,2,1,1,29
12,23,35,36,12,12,0,2,2,9,1,2,2,9,1,2,7,1,21
12,23,35,36,12,12,0,2,3,3,0,2,1,3,0,2,1,1,27
12,23,35,36,12,12,0,2,4,4,0,2,1,4,0,2,1,1,28
12,23,35,36,12,12,0,2,5,5,0,2,2,5,0,2,3,1,22
12,23,35,36,12,12,0,2,6,5,1,2,1,5,1,2,1,1,27
12,23,35,36,12,12,0,2,7,4,1,2,1,4,1,2,1,1,27
12,23,35,36,12,12,0,2,8,8,0,2,2,8,0,2,6,1,25
12,23,35,36,12,12,0,2,9,9,0,2,1,9,0,2,1,1,27
12,23,35,36,12,12,0,2,10,10,0,2,1,10,0,2,1,1,28
12,23,35,36,12,23,0,2,1,12,0,1,1,12,0,1,1,1,29
12,23,35,36,12,23,0,2,2,12,0,1,1,12,0,1,1,1,22
12,23,35,36,12,23,0,2,3,12,0,1,1,12,0,1,1,1,27
12,23,35,36,12,23,0,2,4,4,0,2,2,4,0,2,2,1,27
12,23,35,36,12,23,0,2,5,5,0,2,2,5,0,2,3,1,24
12,23,35,36,12,23,0,2,6,6,0,2,2,6,0,2,4,1,26
12,23,35,36,12,23,0,2,7,7,0,2,2,7,0,2,5,1,26
12,23,35,36,12,23,0,2,8,8,0,2,2,8,0,2,6,1,25
12,23,35,36,12,23,0,2,9,9,0,2,2,9,0,2,7,1,25
12,23,35,36,12,23,0,2,10,10,0,2,1,10,0,2,1,1,27
12,23,35,36,12,23,0,2,11,11,0,2,2,11,0,2,9,1,25
12,23,35,36,12,23,0,2,12,10,1,2,1,10,1,2,1,1,25
12,23,35,36,12,23,0,2,13,9,1,2,1,9,1,2,1,1,25
12,23,35,36,12,23,0,2,14,8,1,2,1,8,1,2,1,1,26
12,23,35,36,12,23,0,2,15,7,1,2,1,7,1,2,1,1,25
12,23,35,36,12,23,0,2,16,6,1,2,1,6,1,2,1,1,25
12,23,35,36,12,23,0,2,17,5,1,2,1,5,1,2,1,1,26
12,23,35,36,12,23,0,2,18,4,1,2,1,4,1,2,1,1,26
12,23,35,36,12,23,0,2,19,3,1,2,1,3,1,2,1,1,26
12,23,35,36,12,23,0,2,20,12,0,1,2,12,0,1,10,1,26
12,23,35,36,12,23,0,2,21,12,0,1,2,12,0,1,10,1,27
12,24,36,37,12,12,0,2,1,10,1,2,1,10,1,2,1,1,30
12,24,36,37,12,12,0,2,2,9,1,2,2,9,1,2,7,1,23
12,24,36,37,12,12,0,2,3,8,1,2,1,8,1,2,1,1,28
12,24,36,37,12,12,0,2,4,4,0,2,2,4,0,2,2,1,27
12,24,36,37,12,12,0,2,5,5,0,2,2,5,0,2,3,1,22
12,24,36,37,12,12,0,2,6,5,1,2,1,5,1,2,1,1,28
12,24,36,37,12,12,0,2,7,4,1,2,2,4,1,2,2,1,22
12,24,36,37,12,12,0,2,8,8,0,2,2,8,0,2,6,1,24
12,24,36,37,12,12,0,2,9,9,0,2,2,9,0,2,7,1,25
12,24,36,37,12,12,0,2,10,10,0,2,2,10,0,2,8,1,24
12,24,36,37,12,24,0,2,1,12,0,1,1,12,0,1,1,1,30
12,24,36,37,12,24,0,2,2,12,0,1,2,12,0,1,10,1,26
12,24,36,37,12,24,0,2,3,12,0,1,1,12,0,1,1,1,28
12,24,36,37,12,24,0,2,4,4,0,2,2,4,0,2,2,1,27
12,24,36,37,12,24,0,2,5,5,0,2,2,5,0,2,3,1,23
12,24,36,37,12,24,0,2,6,6,0,2,2,6,0,2,4,1,27
12,24,36,37,12,24,0,2,7,7,0,2,2,7,0,2,5,1,22
12,24,36,37,12,24,0,2,8,8,0,2,2,8,0,2,6,1,22
12,24,36,37,12,24,0,2,9,9,0,2,2,9,0,2,7,1,22
12,24,36,37,12,24,0,2,10,10,0,2,2,10,0,2,8,1,22
12,24,36,37,12,24,0,2,11,11,0,2,2,11,0,2,9,1,22
12,24,36,37,12,24,0,2,12,11,1,2,2,12,0,2,10,1,20
12,24,36,37,12,24,0,2,13,10,1,2,2,10,1,2,8,1,23
12,24,36,37,12,24,0,2,14,9,1,2,2,9,1,2,7,1,23
12,24,36,37,12,24,0,2,15,8,1,2,2,15,0,2,13,1,22
12,24,36,37,12,24,0,2,16,7,1,2,2,7,1,2,5,1,23
12,24,36,37,12,24,0,2,17,6,1,2,2,17,0,2,15,1,19
12,24,36,37,12,24,0,2,18,5,1,2,2,18,0,2,16,1,24
12,24,36,37,12,24,0,2,19,4,1,2,2,4,1,2,2,1,22
12,24,36,37,12,24,0,2,20,12,0,1,2,20,0,2,18,1,22
12,24,36,37,12,24,0,2,21,12,0,1,2,21,0,2,19,1,25
12,24,36,37,12,24,0,2,22,12,0,1,2,22,0,2,20,1,24
12,25,37,38,12,12,0,2,1,10,1,2,1,10,1,2,1,1,31
12,25,37,38,12,12,0,2,2,9,1,2,2,9,1,2,7,1,17
12,25,37,38,12,12,0,2,3,8,1,2,1,8,1,2,1,1,28
12,25,37,38,12,12,0,2,4,4,0,2,2,4,0,2,2,1,29
12,25,37,38,12,12,0,2,5,5,0,2,2,5,0,2,3,1,24
12,25,37,38,12,12,0,2,6,5,1,2,1,5,1,2,1,1,28
12,25,37,38,12,12,0,2,7,4,1,2,1,4,1,2,1,1,28
12,25,37,38,12,12,0,2,8,8,0,2,2,8,0,2,6,1,26
12,25,37,38,12,12,0,2,9,9,0,2,2,9,0,2,7,1,28
12,25,37,38,12,12,0,2,10,10,0,2,2,10,0,2,8,1,29
12,25,37,38,12,25,0,2,1,12,0,1,1,12,0,1,1,1,31
12,25,37,38,12,25,0,2,2,12,0,1,1,12,0,1,1,1,18
12,25,37,38,12,25,0,2,3,12,0,1,1,12,0,1,1,1,29
12,25,37,38,12,25,0,2,4,4,0,2,2,4,0,2,2,1,29
12,25,37,38,12,25,0,2,5,5,0,2,2,5,0,2,3,1,26
12,25,37,38,12,25,0,2,6,6,0,2,2,6,0,2,4,1,29
12,25,37,38,12,25,0,2,7,7,0,2,2,7,0,2,5,1,27
12,25,37,38,12,25,0,2,8,8,0,2,2,8,0,2,6,1,26
12,25,37,38,12,25,0,2,9,9,0,2,2,9,0,2,7,1,27
12,25,37,38,12,25,0,2,10,10,0,2,2,10,0,2,8,1,26
12,25,37,38,12,25,0,2,11,11,0,2,2,11,0,2,9,1,27
12,25,37,38,12,25,0,2,12,12,0,1,2,12,0,2,10,1,27
12,25,37,38,12,25,0,2,13,11,1,2,2,11,1,2,9,1,26
12,25,37,38,12,25,0,2,14,10,1,2,1,10,1,2,1,1,28
12,25,37,38,12,25,0,2,15,9,1,2,2,9,1,2,7,1,26
12,25,37,38,12,25,0,2,16,8,1,2,1,8,1,2,1,1,28
12,25,37,38,12,25,0,2,17,7,1,2,1,7,1,2,1,1,28
12,25,37,38,12,25,0,2,18,6,1,2,2,6,1,2,4,1,26
12,25,37,38,12,25,0,2,19,5,1,2,1,5,1,2,1,1,28
12,25,37,38,12,25,0,2,20,4,1,2,1,4,1,2,1,1,28
12,25,37,38,12,25,0,2,21,12,0,1,2,12,0,1,10,1,27
12,25,37,38,12,25,0,2,22,12,0,1,2,12,0,1,10,1,28
12,25,37,38,12,25,0,2,23,12,0,1,2,12,0,1,10,1,29
12,26,38,39,12,12,0,2,1,10,1,2,0,10,1,2,0,0,33
12,26,38,39,12,12,0,2,2,9,1,2,2,9,1,2,7,1,25
12,26,38,39,12,12,0,2,3,8,1,2,1,8,1,2,1,1,30
12,26,38,39,12,12,0,2,4,4,0,2,2,4,0,2,2,1,29
12,26,38,39,12,12,0,2,5,5,0,2,2,5,0,2,3,1,19
12,26,38,39,12,12,0,2,6,5,1,2,1,5,1,2,1,1,30
12,26,38,39,12,12,0,2,7,4,1,2,2,4,1,2,2,1,24
12,26,38,39,12,12,0,2,8,8,0,2,2,8,0,2,6,1,24
12,26,38,39,12,12,0,2,9,9,0,2,2,9,0,2,7,1,28
12,26,38,39,12,12,0,2,10,10,0,2,2,10,0,2,8,1,25
12,26,38,39,12,26,0,2,1,12,0,1,1,24,1,2,0,0,33
12,26,38,39,12,26,0,2,2,12,0,1,2,23,1,2,21,1,25
12,26,38,39,12,26,0,2,3,12,0,1,1,12,0,1,1,1,30
12,26,38,39,12,26,0,2,4,4,0,2,2,4,0,2,2,1,30
12,26,38,39,12,26,0,2,5,5,0,2,2,5,0,2,3,1,17
12,26,38,39,12,26,0,2,6,6,0,2,2,6,0,2,4,1,30
12,26,38,39,12,26,0,2,7,7,0,2,2,7,0,2,5,1,26
12,26,38,39,12,26,0,2,8,8,0,2,2,8,0,2,6,1,21
12,26,38,39,12,26,0,2,9,9,0,2,2,9,0,2,7,1,27
12,26,38,39,12,26,0,2,10,10,0,2,2,10,0,2,8,1,24
12,26,38,39,12,26,0,2,11,11,0,2,2,11,0,2,9,1,24
12,26,38,39,12,26,0,2,12,12,0,1,2,12,0,2,10,1,18
12,26,38,39,12,26,0,2,13,12,0,1,2,12,1,2,10,1,24
12,26,38,39,12,26,0,2,14,11,1,2,2,11,1,2,9,1,25
12,26,38,39,12,26,0,2,15,10,1,2,2,15,0,2,13,1,18
12,26,38,39,12,26,0,2,16,9,1,2,2,9,1,2,7,1,25
12,26,38,39,12,26,0,2,17,8,1,2,2,8,1,2,6,1,22
12,26,38,39,12,26,0,2,18,7,1,2,2,18,0,2,16,1,18
12,26,38,39,12,26,0,2,19,6,1,2,2,6,1,2,4,1,26
12,26,38,39,12,26,0,2,20,5,1,2,2,5,1,2,2,2,18
12,26,38,39,12,26,0,2,21,4,1,2,2,4,1,2,2,1,21
12,26,38,39,12,26,0,2,22,12,0,1,2,22,0,2,20,1,27
12,26,38,39,12,26,0,2,23,12,0,1,2,23,0,2,21,1,23
12,26,38,39,12,26,0,2,24,12,0,1,2,24,0,2,22,1,25
12,27,39,40,12,12,0,2,1,10,1,2,1,10,1,2,1,1,33
12,27,39,40,12,12,0,2,2,9,1,2,2,9,1,2,7,1,22
12,27,39,40,12,12,0,2,3,8,1,2,1,8,1,2,1,1,31
12,27,39,40,12,12,0,2,4,4,0,2,2,4,0,2,2,1,31
12,27,39,40,12,12,0,2,5,5,0,2,2,5,0,2,3,1,27
12,27,39,40,12,12,0,2,6,5,1,2,1,5,1,2,1,1,30
12,27,39,40,12,12,0,2,7,4,1,2,1,4,1,2,1,1,31
12,27,39,40,12,12,0,2,8,3,1,2,1,3,1,2,1,1,29
12,27,39,40,12,12,0,2,9,9,0,2,2,9,0,2,7,1,30
12,27,39,40,12,12,0,2,10,10,0,2,2,10,0,2,8,1,31
12,27,39,40,12,27,0,2,1,12,0,1,1,12,0,1,1,1,33
12,27,39,40,12,27,0,2,2,12,0,1,1,12,0,1,1,1,24
12,27,39,40,12,27,0,2,3,3,0,2,1,3,0,2,1,1,32
12,27,39,40,12,27,0,2,4,4,0,2,2,4,0,2,2,1,31
12,27,39,40,12,27,0,2,5,5,0,2,2,5,0,2,3,1,30
12,27,39,40,12,27,0,2,6,6,0,2,1,6,0,2,1,1,32
12,27,39,40,12,27,0,2,7,7,0,2,2,7,0,2,5,1,30
12,27,39,40,12,27,0,2,8,8,0,2,2,8,0,2,6,1,30
12,27,39,40,12,27,0,2,9,9,0,2,1,9,0,2,1,1,31
12,27,39,40,12,27,0,2,10,10,0,2,2,10,0,2,8,1,30
12,27,39,40,12,27,0,2,11,11,0,2,2,11,0,2,9,1,28
12,27,39,40,12,27,0,2,12,12,0,1,2,12,0,1,10,1,30
12,27,39,40,12,27,0,2,13,12,0,1,2,12,0,1,10,1,30
12,27,39,40,12,27,0,2,14,12,0,1,2,12,0,1,10,1,28
12,27,39,40,12,27,0,2,15,11,1,2,1,11,1,2,1,1,30
12,27,39,40,12,27,0,2,16,10,1,2,1,10,1,2,1,1,30
12,27,39,40,12,27,0,2,17,9,1,2,1,9,1,2,1,1,30
12,27,39,40,12,27,0,2,18,8,1,2,1,8,1,2,1,1,30
12,27,39,40,12,27,0,2,19,7,1,2,1,7,1,2,1,1,31
12,27,39,40,12,27,0,2,20,6,1,2,1,6,1,2,1,1,30
12,27,39,40,12,27,0,2,21,5,1,2,1,5,1,2,1,1,30
12,27,39,40,12,27,0,2,22,4,1,2,1,4,1,2,1,1,31
12,27,39,40,12,27,0,2,23,3,1,2,1,3,1,2,1,1,30
12,27,39,40,12,27,0,2,24,12,0,1,2,12,0,1,10,1,30
12,27,39,40,12,27,0,2,25,12,0,1,2,12,0,1,10,1,32
13,2,15,16,13,13,0,2,1,11,1,2,0,11,1,2,0,0,10
13,2,15,16,13,13,0,2,2,10,1,2,1,10,1,2,1,1,7
13,2,15,16,13,13,0,2,3,9,1,2,1,9,1,2,1,1,7
13,2,15,16,13,13,0,2,4,4,0,2,2,4,0,2,2,1,5
13,2,15,16,13,13,0,2,5,5,0,2,2,5,0,2,3,1,6
13,2,15,16,13,13,0,2,6,6,0,2,3,6,1,2,1,1,5
13,2,15,16,13,13,0,2,7,5,1,2,2,7,0,2,1,1,6
13,2,15,16,13,13,0,2,8,4,1,2,1,4,1,2,1,1,6
13,2,15,16,13,13,0,2,9,3,1,2,1,3,1,2,1,1,5
13,2,15,16,13,13,0,2,10,10,0,2,2,10,0,2,8,1,7
13,2,15,16,13,13,0,2,11,11,0,2,2,11,0,2,9,1,7
13,3,16,17,13,3,0,2,1,13,0,1,2,13,0,1,11,1,10
13,3,16,17,13,13,0,2,1,11,1,2,1,11,1,2,1,1,9
13,3,16,17,13,13,0,2,2,10,1,2,2,10,1,2,8,1,4
13,3,16,17,13,13,0,2,3,9,1,2,2,9,1,2,2,2,3
13,3,16,17,13,13,0,2,4,4,0,2,2,4,0,2,2,1,7
13,3,16,17,13,13,0,2,5,5,0,2,2,7,1,2,5,1,4
13,3,16,17,13,13,0,2,6,3,0,1,1,3,0,1,2,0,8
13,3,16,17,13,13,0,2,7,5,1,2,2,7,0,2,5,1,3
13,3,16,17,13,13,0,2,8,4,1,2,2,4,1,2,2,1,7
13,3,16,17,13,13,0,2,9,9,0,2,2,9,0,2,2,2,2
13,3,16,17,13,13,0,2,10,10,0,2,2,10,0,2,8,1,4
13,3,16,17,13,13,0,2,11,11,0,2,2,11,0,2,9,1,6
13,4,17,18,13,4,0,2,1,13,0,1,1,13,0,1,1,1,11
13,4,17,18,13,4,0,2,2,13,0,1,2,13,0,1,2,2,5
13,4,17,18,13,13,0,2,1,4,0,1,1,4,0,1,1,1,11
13,4,17,18,13,13,0,2,2,4,0,1,1,4,0,1,1,1,4
13,4,17,18,13,13,0,2,3,4,0,1,1,4,0,1,1,1,8
13,4,17,18,13,13,0,2,4,4,0,1,1,4,0,1,1,1,9
13,4,17,18,13,13,0,2,5,5,0,2,2,5,0,2,3,1,3
13,4,17,18,13,13,0,2,6,4,0,1,1,4,0,1,1,1,8
13,4,17,18,13,13,0,2,7,5,1,2,1,5,1,2,1,1,4
13,4,17,18,13,13,0,2,8,4,1,2,2,4,1,2,2,1,6
13,4,17,18,13,13,0,2,9,3,1,2,1,3,1,2,1,1,8
13,4,17,18,13,13,0,2,10,10,0,2,2,10,0,2,2,2,2
13,4,17,18,13,13,0,2,11,4,0,1,1,4,0,1,1,1,8
13,5,18,19,13,5,0,2,1,3,1,2,1,3,1,2,1,1,11
13,5,18,19,13,5,0,2,2,13,0,1,4,13,0,1,10,2,6
13,5,18,19,13,5,0,2,3,13,0,1,2,13,0,1,2,2,8
13,5,18,19,13,13,0,2,1,5,0,1,2,5,0,1,3,1,11
13,5,18,19,13,13,0,2,2,5,0,1,2,10,1,2,8,1,7
13,5,18,19,13,13,0,2,3,5,0,1,2,9,1,2,1,1,8
13,5,18,19,13,13,0,2,4,4,0,2,2,4,0,2,2,1,8
13,5,18,19,13,13,0,2,5,5,0,1,2,5,0,2,3,1,4
13,5,18,19,13,13,0,2,6,5,0,1,2,6,0,2,4,1,7
13,5,18,19,13,13,0,2,7,5,0,1,2,5,1,2,1,1,5
13,5,18,19,13,13,0,2,8,5,0,1,2,8,0,2,6,1,3
13,5,18,19,13,13,0,2,9,3,1,2,1,3,1,2,1,1,8
13,5,18,19,13,13,0,2,10,5,0,1,2,5,0,1,2,2,4
13,5,18,19,13,13,0,2,11,5,0,1,2,11,0,2,9,1,7
13,6,19,20,13,6,0,2,1,4,1,2,1,4,1,2,1,1,12
13,6,19,20,13,6,0,2,2,13,0,1,2,13,0,1,2,2,5
13,6,19,20,13,6,0,2,3,13,0,1,2,13,0,1,11,1,10
13,6,19,20,13,6,0,2,4,4,0,2,2,4,0,2,2,1,10
13,6,19,20,13,13,0,2,1,6,0,1,1,6,0,1,1,1,11
13,6,19,20,13,13,0,2,2,6,0,1,2,6,0,1,2,2,5
13,6,19,20,13,13,0,2,3,6,0,1,1,6,0,1,1,1,9
13,6,19,20,13,13,0,2,4,4,0,2,2,4,0,2,2,1,8
13,6,19,20,13,13,0,2,5,5,0,2,2,6,0,1,4,1,7
13,6,19,20,13,13,0,2,6,6,0,1,2,6,1,2,4,1,7
13,6,19,20,13,13,0,2,7,5,1,2,2,6,0,1,5,0,10
13,6,19,20,13,13,0,2,8,4,1,2,2,6,0,1,5,0,8
13,6,19,20,13,13,0,2,9,6,0,1,2,6,0,1,2,2,6
13,6,19,20,13,13,0,2,10,6,0,1,1,6,0,1,1,1,11
13,6,19,20,13,13,0,2,11,6,0,1,2,6,0,1,4,1,6
13,7,20,21,13,7,0,2,1,5,1,2,1,5,1,2,1,1,14
13,7,20,21,13,7,0,2,2,4,1,2,2,4,1,2,2,1,7
13,7,20,21,13,7,0,2,3,3,1,2,1,3,1,2,1,1,11
13,7,20,21,13,7,0,2,4,4,0,2,2,4,0,2,2,1,11
13,7,20,21,13,7,0,2,5,5,0,2,2,5,0,2,3,1,6
13,7,20,21,13,13,0,2,1,7,0,1,1,7,0,1,1,1,14
13,7,20,21,13,13,0,2,2,7,0,1,4,10,1,2,8,1,6
13,7,20,21,13,13,0,2,3,7,0,1,2,7,0,1,5,1,10
13,7,20,21,13,13,0,2,4,4,0,2,1,4,0,2,1,1,11
13,7,20,21,13,13,0,2,5,5,0,2,2,5,0,2,3,1,7
13,7,20,21,13,13,0,2,6,6,0,2,3,6,1,2,4,1,6
13,7,20,21,13,13,0,2,7,5,1,2,2,7,0,1,1,1,9
13,7,20,21,13,13,0,2,8,4,1,2,2,4,1,2,2,1,9
13,7,20,21,13,13,0,2,9,7,0,1,4,9,0,2,7,1,4
13,7,20,21,13,13,0,2,10,7,0,1,1,7,0,1,1,1,12
13,7,20,21,13,13,0,2,11,7,0,1,1,7,0,1,1,1,10
13,8,21,22,13,8,0,2,1,6,1,2,1,13,0,1,12,0,16
13,8,21,22,13,8,0,2,2,5,1,2,2,13,0,1,1,1,9
13,8,21,22,13,8,0,2,3,4,1,2,1,4,1,2,1,1,13
13,8,21,22,13,8,0,2,4,3,1,2,1,3,1,2,1,1,12
13,8,21,22,13,8,0,2,5,5,0,2,2,5,0,2,3,1,9
13,8,21,22,13,8,0,2,6,6,0,2,2,6,0,2,4,1,14
13,8,21,22,13,13,0,2,1,8,0,1,1,8,0,1,1,1,15
13,8,21,22,13,13,0,2,2,8,0,1,2,10,1,2,1,1,8
13,8,21,22,13,13,0,2,3,8,0,1,2,8,0,1,6,1,10
13,8,21,22,13,13,0,2,4,4,0,2,1,4,0,2,1,1,13
13,8,21,22,13,13,0,2,5,5,0,2,2,5,0,2,3,1,8
13,8,21,22,13,13,0,2,6,6,0,2,2,6,0,2,4,1,10
13,8,21,22,13,13,0,2,7,5,1,2,1,5,1,2,1,1,9
13,8,21,22,13,13,0,2,8,4,1,2,1,4,1,2,1,1,11
13,8,21,22,13,13,0,2,9,3,1,2,1,3,1,2,1,1,10
13,8,21,22,13,13,0,2,10,8,0,1,2,10,0,2,1,1,9
13,8,21,22,13,13,0,2,11,8,0,1,2,8,0,1,6,1,12
13,9,22,23,13,9,0,2,1,7,1,2,0,7,1,2,0,0,16
13,9,22,23,13,9,0,2,2,6,1,2,2,6,1,2,4,1,7
13,9,22,23,13,9,0,2,3,5,1,2,2,13,0,1,1,1,11
13,9,22,23,13,9,0,2,4,4,0,2,2,4,0,2,2,1,10
13,9,22,23,13,9,0,2,5,5,0,2,2,5,0,2,2,2,5
13,9,22,23,13,9,0,2,6,6,0,2,2,13,0,1,1,1,12
13,9,22,23,13,9,0,2,7,7,0,2,2,7,0,2,5,1,8
13,9,22,23,13,13,0,2,1,9,0,1,2,9,0,1,7,1,15
13,9,22,23,13,13,0,2,2,9,0,1,3,10,1,2,1,1,9
13,9,22,23,13,13,0,2,3,3,0,2,1,3,0,2,1,1,14
13,9,22,23,13,13,0,2,4,4,0,2,2,4,0,2,2,1,11
13,9,22,23,13,13,0,2,5,5,0,2,1,5,0,2,1,1,7
13,9,22,23,13,13,0,2,6,6,0,2,1,6,0,2,1,1,9
13,9,22,23,13,13,0,2,7,5,1,2,1,5,1,2,1,1,8
13,9,22,23,13,13,0,2,8,4,1,2,2,4,1,2,2,1,10
13,9,22,23,13,13,0,2,9,3,1,2,1,3,1,2,1,1,13
13,9,22,23,13,13,0,2,10,9,0,1,2,10,0,2,8,1,7
13,9,22,23,13,13,0,2,11,9,0,1,2,11,0,2,1,1,13
13,10,23,24,13,10,0,2,1,8,1,2,1,8,1,2,1,1,16
13,10,23,24,13,10,0,2,2,7,1,2,2,7,1,2,5,1,7
13,10,23,24,13,10,0,2,3,3,0,2,1,3,0,2,1,1,15
13,10,23,24,13,10,0,2,4,4,0,2,2,4,0,2,2,1,15
13,10,23,24,13,10,0,2,5,4,1,2,2,4,1,2,2,1,12
13,10,23,24,13,10,0,2,6,3,1,2,1,3,1,2,1,1,15
13,10,23,24,13,10,0,2,7,7,0,2,2,7,0,2,5,1,13
13,10,23,24,13,10,0,2,8,8,0,2,1,8,0,2,1,1,14
13,10,23,24,13,13,0,2,1,10,0,1,1,11,1,2,0,0,18
13,10,23,24,13,13,0,2,2,10,0,1,2,10,0,1,2,2,4
13,10,23,24,13,13,0,2,3,3,0,2,1,3,0,2,1,1,15
13,10,23,24,13,13,0,2,4,4,0,2,2,4,0,2,2,1,15
13,10,23,24,13,13,0,2,5,5,0,2,1,5,0,2,1,1,11
13,10,23,24,13,13,0,2,6,6,0,2,1,6,0,2,1,1,15
13,10,23,24,13,13,0,2,7,5,1,2,1,5,1,2,1,1,14
13,10,23,24,13,13,0,2,8,4,1,2,2,4,1,2,2,1,12
13,10,23,24,13,13,0,2,9,3,1,2,1,3,1,2,1,1,14
13,10,23,24,13,13,0,2,10,2,1,2,0,2,1,2,0,0,15
13,10,23,24,13,13,0,2,11,10,0,1,2,11,0,2,1,1,15
13,12,25,26,13,12,0,2,1,10,1,2,1,10,1,2,1,1,19
13,12,25,26,13,12,0,2,2,9,1,2,2,9,1,2,7,1,10
13,12,25,26,13,12,0,2,3,8,1,2,1,8,1,2,1,1,16
13,12,25,26,13,12,0,2,4,4,0,2,2,4,0,2,2,1,15
13,12,25,26,13,12,0,2,5,5,0,2,2,5,0,2,3,1,10
13,12,25,26,13,12,0,2,6,5,1,2,1,5,1,2,1,1,16
13,12,25,26,13,12,0,2,7,4,1,2,1,4,1,2,1,1,14
13,12,25,26,13,12,0,2,8,8,0,2,2,8,0,2,6,1,13
13,12,25,26,13,12,0,2,9,9,0,2,2,9,0,2,7,1,16
13,12,25,26,13,12,0,2,10,10,0,2,2,10,0,2,8,1,16
13,12,25,26,13,13,0,2,1,11,1,2,2,12,0,1,11,0,19
13,12,25,26,13,13,0,2,2,10,1,2,2,10,1,2,8,1,14
13,12,25,26,13,13,0,2,3,9,1,2,1,9,1,2,1,1,17
13,12,25,26,13,13,0,2,4,4,0,2,2,4,0,2,2,1,17
13,12,25,26,13,13,0,2,5,5,0,2,2,5,0,2,3,1,15
13,12,25,26,13,13,0,2,6,6,0,2,2,6,0,2,4,1,17
13,12,25,26,13,13,0,2,7,5,1,2,2,7,0,2,5,1,14
13,12,25,26,13,13,0,2,8,4,1,2,1,4,1,2,1,1,16
13,12,25,26,13,13,0,2,9,9,0,2,2,9,0,2,7,1,14
13,12,25,26,13,13,0,2,10,10,0,2,2,10,0,2,8,1,16
13,12,25,26,13,13,0,2,11,11,0,2,2,12,0,1,11,0,19
13,13,26,27,13,13,0,2,1,11,1,2,1,13,0,1,12,0,21
13,13,26,27,13,13,0,2,2,10,1,2,2,10,1,2,8,1,15
13,13,26,27,13,13,0,2,3,9,1,2,1,9,1,2,1,1,17
13,13,26,27,13,13,0,2,4,4,0,2,2,4,0,2,2,1,18
13,13,26,27,13,13,0,2,5,5,0,2,2,5,0,2,3,1,11
13,13,26,27,13,13,0,2,6,6,0,2,2,6,0,2,4,1,15
13,13,26,27,13,13,0,2,7,5,1,2,2,7,0,2,5,1,14
13,13,26,27,13,13,0,2,8,4,1,2,2,4,1,2,2,1,14
13,13,26,27,13,13,0,2,9,9,0,2,2,9,0,2,7,1,14
13,13,26,27,13,13,0,2,10,10,0,2,2,10,0,2,8,1,15
13,13,26,27,13,13,0,2,11,11,0,2,2,11,0,2,9,1,17
13,14,27,28,13,13,0,2,1,11,1,2,1,11,1,2,1,1,21
13,14,27,28,13,13,0,2,2,10,1,2,1,10,1,2,1,1,13
13,14,27,28,13,13,0,2,3,9,1,2,1,9,1,2,1,1,18
13,14,27,28,13,13,0,2,4,4,0,2,2,4,0,2,2,1,18
13,14,27,28,13,13,0,2,5,5,0,2,2,5,0,2,3,1,15
13,14,27,28,13,13,0,2,6,6,0,2,2,6,0,2,4,1,18
13,14,27,28,13,13,0,2,7,5,1,2,1,5,1,2,1,1,18
13,14,27,28,13,13,0,2,8,4,1,2,1,4,1,2,1,1,16
13,14,27,28,13,13,0,2,9,3,1,2,1,3,1,2,1,1,18
13,14,27,28,13,13,0,2,10,10,0,2,2,10,0,2,8,1,18
13,14,27,28,13,13,0,2,11,11,0,2,2,11,0,2,9,1,18
13,14,27,28,13,14,0,2,1,12,1,2,2,13,0,1,12,0,21
13,14,27,28,13,14,0,2,2,11,1,2,2,11,1,2,9,1,14
13,14,27,28,13,14,0,2,3,10,1,2,1,10,1,2,1,1,19
13,14,27,28,13,14,0,2,4,4,0,2,2,4,0,2,2,1,18
13,14,27,28,13,14,0,2,5,5,0,2,2,5,0,2,3,1,16
13,14,27,28,13,14,0,2,6,6,0,2,2,6,0,2,4,1,19
13,14,27,28,13,14,0,2,7,6,1,2,2,6,1,2,4,1,17
13,14,27,28,13,14,0,2,8,5,1,2,1,5,1,2,1,1,17
13,14,27,28,13,14,0,2,9,4,1,2,1,4,1,2,1,1,19
13,14,27,28,13,14,0,2,10,10,0,2,2,10,0,2,8,1,17
13,14,27,28,13,14,0,2,11,11,0,2,2,11,0,2,9,1,17
13,14,27,28,13,14,0,2,12,12,0,2,2,13,0,1,12,0,21
13,16,29,30,13,13,0,2,1,11,1,2,1,11,1,2,1,1,22
13,16,29,30,13,13,0,2,2,10,1,2,2,10,1,2,8,1,10
13,16,29,30,13,13,0,2,3,3,0,2,1,3,0,2,1,1,21
13,16,29,30,13,13,0,2,4,4,0,2,2,4,0,2,2,1,21
13,16,29,30,13,13,0,2,5,5,0,2,1,5,0,2,1,1,18
13,16,29,30,13,13,0,2,6,6,0,2,1,6,0,2,1,1,22
13,16,29,30,13,13,0,2,7,5,1,2,1,5,1,2,1,1,21
13,16,29,30,13,13,0,2,8,4,1,2,1,4,1,2,1,1,19
13,16,29,30,13,13,0,2,9,3,1,2,1,3,1,2,1,1,21
13,16,29,30,13,13,0,2,10,10,0,2,2,10,0,2,8,1,20
13,16,29,30,13,13,0,2,11,11,0,2,1,11,0,2,1,1,20
13,16,29,30,13,16,0,2,1,13,0,1,1,14,1,2,0,0,24
13,16,29,30,13,16,0,2,2,13,0,1,2,13,0,1,2,2,7
13,16,29,30,13,16,0,2,3,3,0,2,1,3,0,2,1,1,22
13,16,29,30,13,16,0,2,4,4,0,2,2,4,0,2,2,1,21
13,16,29,30,13,16,0,2,5,5,0,2,1,5,0,2,1,1,16
13,16,29,30,13,16,0,2,6,6,0,2,1,6,0,2,1,1,21
13,16,29,30,13,16,0,2,7,7,0,2,2,7,0,2,5,1,20
13,16,29,30,13,16,0,2,8,7,1,2,2,7,1,2,5,1,17
13,16,29,30,13,16,0,2,9,6,1,2,1,6,1,2,1,1,20
13,16,29,30,13,16,0,2,10,5,1,2,1,5,1,2,1,1,20
13,16,29,30,13,16,0,2,11,4,1,2,2,4,1,2,2,1,18
13,16,29,30,13,16,0,2,12,3,1,2,1,3,1,2,1,1,19
13,16,29,30,13,16,0,2,13,2,1,2,0,2,1,2,0,0,21
13,16,29,30,13,16,0,2,14,13,0,1,2,14,0,2,1,1,21
13,17,30,31,13,13,0,2,1,11,1,2,1,11,1,2,1,1,24
13,17,30,31,13,13,0,2,2,10,1,2,2,10,1,2,8,1,19
13,17,30,31,13,13,0,2,3,9,1,2,1,9,1,2,1,1,21
13,17,30,31,13,13,0,2,4,4,0,2,2,4,0,2,2,1,22
13,17,30,31,13,13,0,2,5,5,0,2,2,5,0,2,3,1,13
13,17,30,31,13,13,0,2,6,6,0,2,2,6,0,2,4,1,20
13,17,30,31,13,13,0,2,7,5,1,2,2,7,0,2,5,1,20
13,17,30,31,13,13,0,2,8,4,1,2,2,4,1,2,2,1,15
13,17,30,31,13,13,0,2,9,9,0,2,2,9,0,2,7,1,18
13,17,30,31,13,13,0,2,10,10,0,2,2,10,0,2,8,1,19
13,17,30,31,13,13,0,2,11,11,0,2,2,11,0,2,9,1,17
13,17,30,31,13,17,0,2,1,13,0,1,1,13,0,1,1,1,24
13,17,30,31,13,17,0,2,2,13,0,1,2,14,1,2,1,1,21
13,17,30,31,13,17,0,2,3,3,0,2,1,3,0,2,1,1,23
13,17,30,31,13,17,0,2,4,4,0,2,2,4,0,2,2,1,20
13,17,30,31,13,17,0,2,5,5,0,2,2,5,0,2,3,1,11
13,17,30,31,13,17,0,2,6,6,0,2,2,6,0,2,4,1,16
13,17,30,31,13,17,0,2,7,7,0,2,2,7,0,2,5,1,20
13,17,30,31,13,17,0,2,8,8,0,2,2,8,0,2,6,1,14
13,17,30,31,13,17,0,2,9,7,1,2,1,7,1,2,1,1,16
13,17,30,31,13,17,0,2,10,6,1,2,1,6,1,2,1,1,18
13,17,30,31,13,17,0,2,11,5,1,2,2,11,0,2,9,1,14
13,17,30,31,13,17,0,2,12,4,1,2,2,4,1,2,2,1,18
13,17,30,31,13,17,0,2,13,3,1,2,1,3,1,2,1,1,19
13,17,30,31,13,17,0,2,14,13,0,1,2,14,0,2,12,1,15
13,17,30,31,13,17,0,2,15,13,0,1,2,15,0,2,1,1,21
13,18,31,32,13,13,0,2,1,11,1,2,1,18,0,1,17,0,26
13,18,31,32,13,13,0,2,2,10,1,2,2,10,1,2,8,1,15
13,18,31,32,13,13,0,2,3,9,1,2,1,9,1,2,1,1,23
13,18,31,32,13,13,0,2,4,4,0,2,1,4,0,2,1,1,24
13,18,31,32,13,13,0,2,5,5,0,2,2,5,0,2,3,1,16
13,18,31,32,13,13,0,2,6,6,0,2,2,6,0,2,4,1,23
13,18,31,32,13,13,0,2,7,5,1,2,1,5,1,2,1,1,22
13,18,31,32,13,13,0,2,8,4,1,2,1,4,1,2,1,1,19
13,18,31,32,13,13,0,2,9,3,1,2,1,3,1,2,1,1,22
13,18,31,32,13,13,0,2,10,10,0,2,1,10,0,2,1,1,23
13,18,31,32,13,13,0,2,11,11,0,2,2,11,0,2,9,1,21
13,18,31,32,13,18,0,2,1,13,0,1,1,13,0,1,1,1,25
13,18,31,32,13,18,0,2,2,13,0,1,1,13,0,1,1,1,19
13,18,31,32,13,18,0,2,3,13,0,1,2,13,0,1,11,1,21
13,18,31,32,13,18,0,2,4,4,0,2,2,4,0,2,2,1,23
13,18,31,32,13,18,0,2,5,5,0,2,2,5,0,2,3,1,19
13,18,31,32,13,18,0,2,6,6,0,2,2,6,0,2,4,1,22
13,18,31,32,13,18,0,2,7,7,0,2,2,7,0,2,5,1,19
13,18,31,32,13,18,0,2,8,8,0,2,2,8,0,2,6,1,21
13,18,31,32,13,18,0,2,9,8,1,2,2,8,1,2,6,1,20
13,18,31,32,13,18,0,2,10,7,1,2,1,7,1,2,1,1,20
13,18,31,32,13,18,0,2,11,6,1,2,1,6,1,2,1,1,22
13,18,31,32,13,18,0,2,12,5,1,2,1,5,1,2,1,1,20
13,18,31,32,13,18,0,2,13,4,1,2,1,4,1,2,1,1,22
13,18,31,32,13,18,0,2,14,3,1,2,1,3,1,2,1,1,22
13,18,31,32,13,18,0,2,15,13,0,1,2,13,0,1,11,1,19
13,18,31,32,13,18,0,2,16,13,0,1,2,13,0,1,11,1,23
13,19,32,33,13,13,0,2,1,11,1,2,1,11,1,2,1,1,26
13,19,32,33,13,13,0,2,2,10,1,2,2,10,1,2,8,1,18
13,19,32,33,13,13,0,2,3,9,1,2,1,9,1,2,1,1,24
13,19,32,33,13,13,0,2,4,4,0,2,2,4,0,2,2,1,23
13,19,32,33,13,13,0,2,5,5,0,2,2,5,0,2,3,1,12
13,19,32,33,13,13,0,2,6,6,0,2,2,6,0,2,4,1,22
13,19,32,33,13,13,0,2,7,5,1,2,2,7,0,2,5,1,18
13,19,32,33,13,13,0,2,8,4,1,2,2,4,1,2,2,1,17
13,19,32,33,13,13,0,2,9,9,0,2,2,9,0,2,7,1,21
13,19,32,33,13,13,0,2,10,10,0,2,2,10,0,2,8,1,21
13,19,32,33,13,13,0,2,11,11,0,2,2,11,0,2,9,1,20
13,19,32,33,13,19,0,2,1,13,0,1,1,13,0,1,12,0,27
13,19,32,33,13,19,0,2,2,13,0,1,2,16,1,2,14,1,19
13,19,32,33,13,19,0,2,3,13,0,1,2,13,0,1,11,1,23
13,19,32,33,13,19,0,2,4,4,0,2,2,4,0,2,2,1,23
13,19,32,33,13,19,0,2,5,5,0,2,2,5,0,2,3,1,15
13,19,32,33,13,19,0,2,6,6,0,2,2,6,0,2,4,1,21
13,19,32,33,13,19,0,2,7,7,0,2,2,7,0,2,5,1,19
13,19,32,33,13,19,0,2,8,8,0,2,2,8,0,2,6,1,16
13,19,32,33,13,19,0,2,9,9,0,2,2,9,0,2,7,1,18
13,19,32,33,13,19,0,2,10,8,1,2,2,8,1,2,6,1,20
13,19,32,33,13,19,0,2,11,7,1,2,2,7,1,2,5,1,18
13,19,32,33,13,19,0,2,12,6,1,2,2,6,1,2,4,1,18
13,19,32,33,13,19,0,2,13,5,1,2,2,13,0,2,11,1,19
13,19,32,33,13,19,0,2,14,4,1,2,2,4,1,2,2,1,21
13,19,32,33,13,19,0,2,15,13,0,1,2,15,0,2,13,1,16
13,19,32,33,13,19,0,2,16,13,0,1,2,16,0,2,14,1,21
13,19,32,33,13,19,0,2,17,13,0,1,2,13,0,1,2,2,20
13,20,33,34,13,13,0,2,1,11,1,2,1,11,1,2,1,1,27
13,20,33,34,13,13,0,2,2,10,1,2,2,10,1,2,8,1,17
13,20,33,34,13,13,0,2,3,3,0,2,1,3,0,2,1,1,26
13,20,33,34,13,13,0,2,4,4,0,2,2,4,0,2,2,1,25
13,20,33,34,13,13,0,2,5,5,0,2,1,5,0,2,1,1,22
13,20,33,34,13,13,0,2,6,6,0,2,1,6,0,2,1,1,25
13,20,33,34,13,13,0,2,7,5,1,2,1,5,1,2,1,1,24
13,20,33,34,13,13,0,2,8,4,1,2,1,4,1,2,1,1,24
13,20,33,34,13,13,0,2,9,3,1,2,1,3,1,2,1,1,25
13,20,33,34,13,13,0,2,10,10,0,2,2,10,0,2,8,1,24
13,20,33,34,13,13,0,2,11,11,0,2,1,11,0,2,1,1,25
13,20,33,34,13,20,0,2,1,13,0,1,1,13,0,1,1,1,27
13,20,33,34,13,20,0,2,2,13,0,1,1,13,0,1,1,1,18
13,20,33,34,13,20,0,2,3,13,0,1,1,13,0,1,1,1,25
13,20,33,34,13,20,0,2,4,4,0,2,2,4,0,2,2,1,24
13,20,33,34,13,20,0,2,5,5,0,2,2,5,0,2,3,1,22
13,20,33,34,13,20,0,2,6,6,0,2,2,6,0,2,4,1,25
13,20,33,34,13,20,0,2,7,7,0,2,2,7,0,2,5,1,23
13,20,33,34,13,20,0,2,8,8,0,2,2,8,0,2,6,1,23
13,20,33,34,13,20,0,2,9,9,0,2,2,9,0,2,7,1,24
13,20,33,34,13,20,0,2,10,9,1,2,2,9,1,2,7,1,23
13,20,33,34,13,20,0,2,11,8,1,2,1,8,1,2,1,1,23
13,20,33,34,13,20,0,2,12,7,1,2,1,7,1,2,1,1,25
13,20,33,34,13,20,0,2,13,6,1,2,2,6,1,2,4,1,23
13,20,33,34,13,20,0,2,14,5,1,2,1,5,1,2,1,1,23
13,20,33,34,13,20,0,2,15,4,1,2,1,4,1,2,1,1,23
13,20,33,34,13,20,0,2,16,13,0,1,2,13,0,1,11,1,23
13,20,33,34,13,20,0,2,17,13,0,1,1,13,0,1,1,1,25
13,20,33,34,13,20,0,2,18,13,0,1,2,13,0,1,11,1,25
13,21,34,35,13,13,0,2,1,11,1,2,0,11,1,2,0,0,29
13,21,34,35,13,13,0,2,2,10,1,2,2,10,1,2,8,1,20
13,21,34,35,13,13,0,2,3,9,1,2,1,9,1,2,1,1,25
13,21,34,35,13,13,0,2,4,4,0,2,2,4,0,2,2,1,26
13,21,34,35,13,13,0,2,5,5,0,2,2,5,0,2,3,1,11
13,21,34,35,13,13,0,2,6,6,0,2,2,6,0,2,4,1,22
13,21,34,35,13,13,0,2,7,5,1,2,1,5,1,2,1,1,24
13,21,34,35,13,13,0,2,8,4,1,2,2,4,1,2,2,1,18
13,21,34,35,13,13,0,2,9,3,1,2,1,3,1,2,1,1,21
13,21,34,35,13,13,0,2,10,10,0,2,2,10,0,2,8,1,22
13,21,34,35,13,13,0,2,11,11,0,2,2,11,0,2,9,1,22
13,21,34,35,13,21,0,2,1,13,0,1,1,19,1,2,0,0,29
13,21,34,35,13,21,0,2,2,13,0,1,2,18,1,2,16,1,20
13,21,34,35,13,21,0,2,3,13,0,1,1,13,0,1,1,1,24
13,21,34,35,13,21,0,2,4,4,0,2,2,4,0,2,2,1,24
13,21,34,35,13,21,0,2,5,5,0,2,2,5,0,2,3,1,13
13,21,34,35,13,21,0,2,6,6,0,2,2,6,0,2,4,1,21
13,21,34,35,13,21,0,2,7,7,0,2,2,7,0,2,5,1,21
13,21,34,35,13,21,0,2,8,8,0,2,2,8,0,2,6,1,15
13,21,34,35,13,21,0,2,9,9,0,2,2,11,1,2,9,1,18
13,21,34,35,13,21,0,2,10,10,0,2,2,10,1,2,8,1,18
13,21,34,35,13,21,0,2,11,9,1,2,2,9,1,2,7,1,16
13,21,34,35,13,21,0,2,12,8,1,2,2,8,1,2,6,1,18
13,21,34,35,13,21,0,2,13,7,1,2,3,13,0,1,2,2,13
13,21,34,35,13,21,0,2,14,6,1,2,2,14,0,2,12,1,17
13,21,34,35,13,21,0,2,15,5,1,2,2,5,1,2,2,2,15
13,21,34,35,13,21,0,2,16,13,0,1,2,16,0,2,14,1,11
13,21,34,35,13,21,0,2,17,13,0,1,2,13,0,1,11,1,22
13,21,34,35,13,21,0,2,18,13,0,1,2,13,0,1,2,2,16
13,21,34,35,13,21,0,2,19,13,0,1,2,13,0,1,11,1,17
13,22,35,36,13,13,0,2,1,11,1,2,1,11,1,2,1,1,29
13,22,35,36,13,13,0,2,2,10,1,2,2,10,1,2,8,1,19
13,22,35,36,13,13,0,2,3,9,1,2,1,9,1,2,1,1,27
13,22,35,36,13,13,0,2,4,4,0,2,2,4,0,2,2,1,27
13,22,35,36,13,13,0,2,5,5,0,2,2,5,0,2,3,1,25
13,22,35,36,13,13,0,2,6,6,0,2,2,6,0,2,4,1,27
13,22,35,36,13,13,0,2,7,5,1,2,1,5,1,2,1,1,26
13,22,35,36,13,13,0,2,8,4,1,2,1,4,1,2,1,1,26
13,22,35,36,13,13,0,2,9,3,1,2,1,3,1,2,1,1,27
13,22,35,36,13,13,0,2,10,10,0,2,2,10,0,2,8,1,26
13,22,35,36,13,13,0,2,11,11,0,2,2,11,0,2,9,1,27
13,22,35,36,13,22,0,2,1,13,0,1,1,13,0,1,1,1,29
13,22,35,36,13,22,0,2,2,13,0,1,1,13,0,1,1,1,18
13,22,35,36,13,22,0,2,3,3,0,2,1,3,0,2,1,1,28
13,22,35,36,13,22,0,2,4,4,0,2,2,4,0,2,2,1,27
13,22,35,36,13,22,0,2,5,5,0,2,2,5,0,2,3,1,23
13,22,35,36,13,22,0,2,6,6,0,2,1,6,0,2,1,1,28
13,22,35,36,13,22,0,2,7,7,0,2,2,7,0,2,5,1,26
13,22,35,36,13,22,0,2,8,8,0,2,2,8,0,2,6,1,24
13,22,35,36,13,22,0,2,9,9,0,2,1,9,0,2,1,1,28
13,22,35,36,13,22,0,2,10,10,0,2,2,10,0,2,8,1,26
13,22,35,36,13,22,0,2,11,10,1,2,2,10,1,2,8,1,26
13,22,35,36,13,22,0,2,12,9,1,2,1,9,1,2,1,1,26
13,22,35,36,13,22,0,2,13,8,1,2,1,8,1,2,1,1,26
13,22,35,36,13,22,0,2,14,7,1,2,1,7,1,2,1,1,26
13,22,35,36,13,22,0,2,15,6,1,2,1,6,1,2,1,1,23
13,22,35,36,13,22,0,2,16,5,1,2,1,5,1,2,1,1,26
13,22,35,36,13,22,0,2,17,4,1,2,1,4,1,2,1,1,26
13,22,35,36,13,22,0,2,18,3,1,2,1,3,1,2,1,1,24
13,22,35,36,13,22,0,2,19,13,0,1,2,13,0,1,11,1,26
13,22,35,36,13,22,0,2,20,13,0,1,2,13,0,1,11,1,28
13,23,36,37,13,13,0,2,1,11,1,2,1,11,1,2,1,1,30
13,23,36,37,13,13,0,2,2,10,1,2,1,10,1,2,1,1,26
13,23,36,37,13,13,0,2,3,9,1,2,1,9,1,2,1,1,27
13,23,36,37,13,13,0,2,4,4,0,2,2,4,0,2,2,1,28
13,23,36,37,13,13,0,2,5,5,0,2,2,5,0,2,3,1,21
13,23,36,37,13,13,0,2,6,6,0,2,2,6,0,2,4,1,27
13,23,36,37,13,13,0,2,7,5,1,2,2,7,0,2,5,1,24
13,23,36,37,13,13,0,2,8,4,1,2,2,4,1,2,2,1,23
13,23,36,37,13,13,0,2,9,9,0,2,2,9,0,2,7,1,24
13,23,36,37,13,13,0,2,10,10,0,2,2,10,0,2,8,1,25
13,23,36,37,13,13,0,2,11,11,0,2,2,11,0,2,9,1,25
13,23,36,37,13,23,0,2,1,13,0,1,1,13,0,1,1,1,30
13,23,36,37,13,23,0,2,2,13,0,1,2,20,1,2,1,1,25
13,23,36,37,13,23,0,2,3,13,0,1,1,13,0,1,1,1,28
13,23,36,37,13,23,0,2,4,4,0,2,2,4,0,2,2,1,28
13,23,36,37,13,23,0,2,5,5,0,2,2,5,0,2,3,1,21
13,23,36,37,13,23,0,2,6,6,0,2,2,6,0,2,4,1,26
13,23,36,37,13,23,0,2,7,7,0,2,2,7,0,2,5,1,24
13,23,36,37,13,23,0,2,8,8,0,2,2,8,0,2,6,1,21
13,23,36,37,13,23,0,2,9,9,0,2,2,9,0,2,7,1,23
13,23,36,37,13,23,0,2,10,10,0,2,2,10,0,2,8,1,23
13,23,36,37,13,23,0,2,11,11,0,2,2,11,0,2,9,1,22
13,23,36,37,13,23,0,2,12,10,1,2,2,10,1,2,8,1,23
13,23,36,37,13,23,0,2,13,9,1,2,2,13,0,2,11,1,21
13,23,36,37,13,23,0,2,14,8,1,2,2,8,1,2,6,1,21
13,23,36,37,13,23,0,2,15,7,1,2,2,7,1,2,5,1,23
13,23,36,37,13,23,0,2,16,6,1,2,1,6,1,2,1,1,24
13,23,36,37,13,23,0,2,17,5,1,2,2,17,0,2,15,1,21
13,23,36,37,13,23,0,2,18,4,1,2,2,4,1,2,2,1,24
13,23,36,37,13,23,0,2,19,13,0,1,2,13,0,1,2,2,22
13,23,36,37,13,23,0,2,20,13,0,1,2,20,0,2,18,1,24
13,23,36,37,13,23,0,2,21,13,0,1,2,21,0,2,19,1,25
13,24,37,38,13,13,0,2,1,11,1,2,1,11,1,2,1,1,31
13,24,37,38,13,13,0,2,2,10,1,2,2,10,1,2,8,1,19
13,24,37,38,13,13,0,2,3,9,1,2,1,9,1,2,1,1,29
13,24,37,38,13,13,0,2,4,4,0,2,2,4,0,2,2,1,29
13,24,37,38,13,13,0,2,5,5,0,2,2,5,0,2,3,1,25
13,24,37,38,13,13,0,2,6,6,0,2,2,6,0,2,4,1,29
13,24,37,38,13,13,0,2,7,5,1,2,1,5,1,2,1,1,28
13,24,37,38,13,13,0,2,8,4,1,2,1,4,1,2,1,1,27
13,24,37,38,13,13,0,2,9,3,1,2,1,3,1,2,1,1,28
13,24,37,38,13,13,0,2,10,10,0,2,2,10,0,2,8,1,28
13,24,37,38,13,13,0,2,11,11,0,2,2,11,0,2,9,1,28
13,24,37,38,13,24,0,2,1,13,0,1,1,13,0,1,1,1,31
13,24,37,38,13,24,0,2,2,13,0,1,1,13,0,1,1,1,20
13,24,37,38,13,24,0,2,3,13,0,1,1,13,0,1,1,1,29
13,24,37,38,13,24,0,2,4,4,0,2,2,4,0,2,2,1,29
13,24,37,38,13,24,0,2,5,5,0,2,2,5,0,2,3,1,25
13,24,37,38,13,24,0,2,6,6,0,2,2,6,0,2,4,1,28
13,24,37,38,13,24,0,2,7,7,0,2,2,7,0,2,5,1,28
13,24,37,38,13,24,0,2,8,8,0,2,2,8,0,2,6,1,27
13,24,37,38,13,24,0,2,9,9,0,2,2,9,0,2,7,1,26
13,24,37,38,13,24,0,2,10,10,0,2,2,10,0,2,8,1,27
13,24,37,38,13,24,0,2,11,11,0,2,2,11,0,2,9,1,27
13,24,37,38,13,24,0,2,12,11,1,2,2,11,1,2,9,1,27
13,24,37,38,13,24,0,2,13,10,1,2,1,10,1,2,1,1,26
13,24,37,38,13,24,0,2,14,9,1,2,1,9,1,2,1,1,28
13,24,37,38,13,24,0,2,15,8,1,2,1,8,1,2,1,1,27
13,24,37,38,13,24,0,2,16,7,1,2,1,7,1,2,1,1,27
13,24,37,38,13,24,0,2,17,6,1,2,1,6,1,2,1,1,27
13,24,37,38,13,24,0,2,18,5,1,2,1,5,1,2,1,1,27
13,24,37,38,13,24,0,2,19,4,1,2,1,4,1,2,1,1,28
13,24,37,38,13,24,0,2,20,3,1,2,1,3,1,2,1,1,28
13,24,37,38,13,24,0,2,21,13,0,1,2,13,0,1,11,1,28
13,24,37,38,13,24,0,2,22,13,0,1,2,13,0,1,11,1,29
13,25,38,39,13,13,0,2,1,11,1,2,1,11,1,2,1,1,32
13,25,38,39,13,13,0,2,2,10,1,2,2,10,1,2,8,1,26
13,25,38,39,13,13,0,2,3,9,1,2,1,9,1,2,1,1,29
13,25,38,39,13,13,0,2,4,4,0,2,2,4,0,2,2,1,30
13,25,38,39,13,13,0,2,5,5,0,2,2,5,0,2,3,1,17
13,25,38,39,13,13,0,2,6,6,0,2,2,6,0,2,4,1,28
13,25,38,39,13,13,0,2,7,5,1,2,1,5,1,2,1,1,27
13,25,38,39,13,13,0,2,8,4,1,2,2,4,1,2,2,1,22
13,25,38,39,13,13,0,2,9,9,0,2,2,9,0,2,7,1,27
13,25,38,39,13,13,0,2,10,10,0,2,2,10,0,2,8,1,27
13,25,38,39,13,13,0,2,11,11,0,2,2,11,0,2,9,1,25
13,25,38,39,13,25,0,2,1,13,0,1,1,13,0,1,12,0,34
13,25,38,39,13,25,0,2,2,13,0,1,2,22,1,2,20,1,25
13,25,38,39,13,25,0,2,3,13,0,1,1,13,0,1,1,1,30
13,25,38,39,13,25,0,2,4,4,0,2,2,4,0,2,2,1,30
13,25,38,39,13,25,0,2,5,5,0,2,2,5,0,2,3,1,18
13,25,38,39,13,25,0,2,6,6,0,2,2,6,0,2,4,1,27
13,25,38,39,13,25,0,2,7,7,0,2,2,7,0,2,5,1,25
13,25,38,39,13,25,0,2,8,8,0,2,2,8,0,2,6,1,23
13,25,38,39,13,25,0,2,9,9,0,2,2,9,0,2,7,1,25
13,25,38,39,13,25,0,2,10,10,0,2,2,10,0,2,8,1,25
13,25,38,39,13,25,0,2,11,11,0,2,2,11,0,2,9,1,22
13,25,38,39,13,25,0,2,12,12,0,2,2,12,0,2,10,1,24
13,25,38,39,13,25,0,2,13,11,1,2,2,13,0,2,11,1,22
13,25,38,39,13,25,0,2,14,10,1,2,2,10,1,2,8,1,23
13,25,38,39,13,25,0,2,15,9,1,2,2,9,1,2,7,1,22
13,25,38,39,13,25,0,2,16,8,1,2,2,16,0,2,14,1,23
13,25,38,39,13,25,0,2,17,7,1,2,2,7,1,2,5,1,24
13,25,38,39,13,25,0,2,18,6,1,2,2,18,0,2,16,1,22
13,25,38,39,13,25,0,2,19,5,1,2,2,19,0,2,17,1,25
13,25,38,39,13,25,0,2,20,4,1,2,2,4,1,2,2,1,23
13,25,38,39,13,25,0,2,21,13,0,1,2,21,0,2,19,1,24
13,25,38,39,13,25,0,2,22,13,0,1,2,22,0,2,20,1,27
13,25,38,39,13,25,0,2,23,13,0,1,2,23,0,2,21,1,27
13,26,39,40,13,13,0,2,1,11,1,2,1,11,1,2,1,1,33
13,26,39,40,13,13,0,2,2,10,1,2,2,10,1,2,8,1,23
13,26,39,40,13,13,0,2,3,3,0,2,1,3,0,2,1,1,32
13,26,39,40,13,13,0,2,4,4,0,2,2,4,0,2,2,1,31
13,26,39,40,13,13,0,2,5,5,0,2,1,5,0,2,1,1,28
13,26,39,40,13,13,0,2,6,6,0,2,1,6,0,2,1,1,32
13,26,39,40,13,13,0,2,7,5,1,2,1,5,1,2,1,1,30
13,26,39,40,13,13,0,2,8,4,1,2,1,4,1,2,1,1,30
13,26,39,40,13,13,0,2,9,3,1,2,1,3,1,2,1,1,31
13,26,39,40,13,13,0,2,10,10,0,2,2,10,0,2,8,1,30
13,26,39,40,13,13,0,2,11,11,0,2,1,11,0,2,1,1,31
13,26,39,40,13,26,0,2,1,13,0,1,1,13,0,1,1,1,33
13,26,39,40,13,26,0,2,2,13,0,1,1,13,0,1,1,1,23
13,26,39,40,13,26,0,2,3,3,0,2,1,3,0,2,1,1,32
13,26,39,40,13,26,0,2,4,4,0,2,2,4,0,2,2,1,31
13,26,39,40,13,26,0,2,5,5,0,2,2,5,0,2,3,1,30
13,26,39,40,13,26,0,2,6,6,0,2,1,6,0,2,1,1,32
13,26,39,40,13,26,0,2,7,7,0,2,2,7,0,2,5,1,30
13,26,39,40,13,26,0,2,8,8,0,2,2,8,0,2,6,1,30
13,26,39,40,13,26,0,2,9,9,0,2,2,9,0,2,7,1,31
13,26,39,40,13,26,0,2,10,10,0,2,2,10,0,2,8,1,30
13,26,39,40,13,26,0,2,11,11,0,2,2,11,0,2,9,1,30
13,26,39,40,13,26,0,2,12,12,0,2,2,12,0,2,10,1,30
13,26,39,40,13,26,0,2,13,12,1,2,1,12,1,2,1,1,30
13,26,39,40,13,26,0,2,14,11,1,2,1,11,1,2,1,1,29
13,26,39,40,13,26,0,2,15,10,1,2,1,10,1,2,1,1,30
13,26,39,40,13,26,0,2,16,9,1,2,2,9,1,2,7,1,29
13,26,39,40,13,26,0,2,17,8,1,2,1,8,1,2,1,1,30
13,26,39,40,13,26,0,2,18,7,1,2,1,7,1,2,1,1,30
13,26,39,40,13,26,0,2,19,6,1,2,2,6,1,2,4,1,29
13,26,39,40,13,26,0,2,20,5,1,2,1,5,1,2,1,1,30
13,26,39,40,13,26,0,2,21,4,1,2,1,4,1,2,1,1,31
13,26,39,40,13,26,0,2,22,3,1,2,1,3,1,2,1,1,29
13,26,39,40,13,26,0,2,23,13,0,1,2,13,0,1,11,1,30
13,26,39,40,13,26,0,2,24,13,0,1,2,13,0,1,11,1,32
14,2,16,17,14,14,0,2,1,12,1,2,1,12,1,2,1,1,10
14,2,16,17,14,14,0,2,2,11,1,2,2,11,1,2,2,2,4
14,2,16,17,14,14,0,2,3,3,0,2,1,3,0,2,1,1,9
14,2,16,17,14,14,0,2,4,4,0,2,1,4,0,2,1,1,8
14,2,16,17,14,14,0,2,5,5,0,2,1,5,0,2,1,1,5
14,2,16,17,14,14,0,2,6,6,0,2,2,7,1,2,0,0,8
14,2,16,17,14,14,0,2,7,6,1,2,2,7,0,2,1,1,6
14,2,16,17,14,14,0,2,8,5,1,2,1,5,1,2,1,1,9
14,2,16,17,14,14,0,2,9,4,1,2,2,4,1,2,2,1,5
14,2,16,17,14,14,0,2,10,3,1,2,1,3,1,2,1,1,9
14,2,16,17,14,14,0,2,11,11,0,2,1,11,0,2,1,1,9
14,2,16,17,14,14,0,2,12,12,0,2,1,12,0,2,1,1,8
14,3,17,18,14,3,0,2,1,14,0,1,1,14,0,1,1,1,12
14,3,17,18,14,14,0,2,1,3,0,1,1,3,0,1,2,0,12
14,3,17,18,14,14,0,2,2,11,1,2,2,11,1,2,9,1,6
14,3,17,18,14,14,0,2,3,10,1,2,1,10,1,2,1,1,7
14,3,17,18,14,14,0,2,4,4,0,2,2,4,0,2,2,1,7
14,3,17,18,14,14,0,2,5,5,0,2,2,5,0,2,3,1,6
14,3,17,18,14,14,0,2,6,6,0,2,2,6,0,2,4,1,7
14,3,17,18,14,14,0,2,7,6,1,2,2,6,1,2,4,1,4
14,3,17,18,14,14,0,2,8,5,1,2,2,8,0,2,6,1,5
14,3,17,18,14,14,0,2,9,4,1,2,1,4,1,2,1,1,8
14,3,17,18,14,14,0,2,10,10,0,2,2,10,0,2,8,1,4
14,3,17,18,14,14,0,2,11,11,0,2,2,11,0,2,9,1,7
14,3,17,18,14,14,0,2,12,12,0,2,2,12,0,2,10,1,9
14,5,19,20,14,5,0,2,1,3,1,2,1,3,1,2,1,1,13
14,5,19,20,14,5,0,2,2,14,0,1,1,14,0,1,1,1,8
14,5,19,20,14,5,0,2,3,14,0,1,1,14,0,1,1,1,12
14,5,19,20,14,14,0,2,1,5,0,1,1,5,0,1,1,1,13
14,5,19,20,14,14,0,2,2,5,0,1,2,11,1,2,9,1,6
14,5,19,20,14,14,0,2,3,5,0,1,2,5,0,1,3,1,10
14,5,19,20,14,14,0,2,4,4,0,2,1,4,0,2,1,1,10
14,5,19,20,14,14,0,2,5,5,0,1,2,5,0,2,3,1,9
14,5,19,20,14,14,0,2,6,5,0,1,2,6,0,2,1,1,10
14,5,19,20,14,14,0,2,7,5,0,1,2,6,1,2,0,0,11
14,5,19,20,14,14,0,2,8,5,0,1,2,5,1,2,0,0,11
14,5,19,20,14,14,0,2,9,4,1,2,1,4,1,2,1,1,10
14,5,19,20,14,14,0,2,10,3,1,2,1,3,1,2,1,1,10
14,5,19,20,14,14,0,2,11,5,0,1,2,11,0,2,1,1,10
14,5,19,20,14,14,0,2,12,5,0,1,2,12,0,2,10,1,10
14,6,20,21,14,6,0,2,1,4,1,2,1,4,1,2,1,1,13
14,6,20,21,14,6,0,2,2,14,0,1,3,14,0,1,11,2,5
14,6,20,21,14,6,0,2,3,14,0,1,2,14,0,1,2,2,9
14,6,20,21,14,6,0,2,4,4,0,2,2,4,0,2,2,1,11
14,6,20,21,14,14,0,2,1,6,0,1,2,6,0,1,4,1,13
14,6,20,21,14,14,0,2,2,6,0,1,3,11,1,2,9,1,8
14,6,20,21,14,14,0,2,3,6,0,1,2,10,1,2,8,1,8
14,6,20,21,14,14,0,2,4,6,0,1,3,9,1,2,7,1,7
14,6,20,21,14,14,0,2,5,5,0,2,2,5,0,2,2,2,4
14,6,20,21,14,14,0,2,6,7,1,2,3,7,1,2,3,3,1
14,6,20,21,14,14,0,2,7,6,0,1,3,6,1,2,4,1,6
14,6,20,21,14,14,0,2,8,5,1,2,2,5,1,2,2,2,5
14,6,20,21,14,14,0,2,9,9,0,2,5,9,0,2,7,1,2
14,6,20,21,14,14,0,2,10,6,0,1,2,10,0,2,8,1,8
14,6,20,21,14,14,0,2,11,6,0,1,3,6,0,1,3,2,5
14,6,20,21,14,14,0,2,12,6,0,1,3,12,0,2,10,1,5
14,7,21,22,14,7,0,2,1,5,1,2,1,5,1,2,1,1,15
14,7,21,22,14,7,0,2,2,4,1,2,2,4,1,2,2,1,7
14,7,21,22,14,7,0,2,3,3,1,2,1,3,1,2,1,1,12
14,7,21,22,14,7,0,2,4,4,0,2,2,4,0,2,2,1,12
14,7,21,22,14,7,0,2,5,5,0,2,2,5,0,2,3,1,11
14,7,21,22,14,14,0,2,1,7,0,1,1,7,0,1,1,1,15
14,7,21,22,14,14,0,2,2,7,0,1,1,7,0,1,1,1,7
14,7,21,22,14,14,0,2,3,7,0,1,1,7,0,1,1,1,13
14,7,21,22,14,14,0,2,4,4,0,2,2,4,0,2,2,1,10
14,7,21,22,14,14,0,2,5,5,0,2,2,5,0,2,3,1,10
14,7,21,22,14,14,0,2,6,6,0,2,2,7,0,1,1,1,12
14,7,21,22,14,14,0,2,7,6,1,2,2,6,1,2,4,1,10
14,7,21,22,14,14,0,2,8,5,1,2,2,7,0,1,5,1,9
14,7,21,22,14,14,0,2,9,4,1,2,1,4,1,2,1,1,10
14,7,21,22,14,14,0,2,10,7,0,1,2,7,0,1,5,1,10
14,7,21,22,14,14,0,2,11,7,0,1,1,7,0,1,1,1,12
14,7,21,22,14,14,0,2,12,7,0,1,1,7,0,1,1,1,11
14,8,22,23,14,8,0,2,1,6,1,2,1,14,0,1,13,0,17
14,8,22,23,14,8,0,2,2,5,1,2,2,5,1,2,2,2,7
14,8,22,23,14,8,0,2,3,4,1,2,1,4,1,2,1,1,12
14,8,22,23,14,8,0,2,4,4,0,2,2,4,0,2,2,1,13
14,8,22,23,14,8,0,2,5,5,0,2,2,5,0,2,3,1,7
14,8,22,23,14,8,0,2,6,6,0,2,2,14,0,1,1,1,11
14,8,22,23,14,14,0,2,1,8,0,1,1,8,0,1,7,0,17
14,8,22,23,14,14,0,2,2,8,0,1,2,11,1,2,9,1,9
14,8,22,23,14,14,0,2,3,8,0,1,2,10,1,2,1,1,10
14,8,22,23,14,14,0,2,4,4,0,2,2,4,0,2,2,1,11
14,8,22,23,14,14,0,2,5,5,0,2,2,5,0,2,3,1,7
14,8,22,23,14,14,0,2,6,6,0,2,2,7,1,2,1,1,11
14,8,22,23,14,14,0,2,7,6,1,2,2,7,0,2,5,1,9
14,8,22,23,14,14,0,2,8,5,1,2,2,8,0,2,6,1,8
14,8,22,23,14,14,0,2,9,4,1,2,2,4,1,2,2,1,11
14,8,22,23,14,14,0,2,10,8,0,1,2,10,0,2,8,1,6
14,8,22,23,14,14,0,2,11,8,0,1,2,11,0,2,9,1,10
14,8,22,23,14,14,0,2,12,8,0,1,2,8,0,1,2,2,8
14,9,23,24,14,9,0,2,1,7,1,2,1,7,1,2,1,1,17
14,9,23,24,14,9,0,2,2,6,1,2,2,6,1,2,4,1,11
14,9,23,24,14,9,0,2,3,5,1,2,1,5,1,2,1,1,14
14,9,23,24,14,9,0,2,4,4,0,2,2,4,0,2,2,1,15
14,9,23,24,14,9,0,2,5,5,0,2,2,5,0,2,3,1,12
14,9,23,24,14,9,0,2,6,6,0,2,2,6,0,2,4,1,14
14,9,23,24,14,9,0,2,7,7,0,2,2,7,0,2,5,1,16
14,9,23,24,14,14,0,2,1,9,0,1,1,9,0,1,1,1,17
14,9,23,24,14,14,0,2,2,9,0,1,2,11,1,2,1,1,12
14,9,23,24,14,14,0,2,3,9,0,1,2,9,0,1,7,1,13
14,9,23,24,14,14,0,2,4,4,0,2,2,4,0,2,2,1,15
14,9,23,24,14,14,0,2,5,5,0,2,1,5,0,2,1,1,13
14,9,23,24,14,14,0,2,6,6,0,2,2,6,0,2,4,1,13
14,9,23,24,14,14,0,2,7,6,1,2,1,6,1,2,1,1,14
14,9,23,24,14,14,0,2,8,5,1,2,1,5,1,2,1,1,13
14,9,23,24,14,14,0,2,9,4,1,2,1,4,1,2,1,1,14
14,9,23,24,14,14,0,2,10,3,1,2,1,3,1,2,1,1,13
14,9,23,24,14,14,0,2,11,9,0,1,2,11,0,2,9,1,13
14,9,23,24,14,14,0,2,12,9,0,1,2,9,0,1,7,1,15
14,10,24,25,14,10,0,2,1,8,1,2,1,8,1,2,1,1,18
14,10,24,25,14,10,0,2,2,7,1,2,2,7,1,2,5,1,11
14,10,24,25,14,10,0,2,3,6,1,2,2,6,1,2,4,1,14
14,10,24,25,14,10,0,2,4,4,0,2,2,4,0,2,2,1,16
14,10,24,25,14,10,0,2,5,4,1,2,2,4,1,2,2,1,6
14,10,24,25,14,10,0,2,6,6,0,2,2,6,0,2,4,1,14
14,10,24,25,14,10,0,2,7,7,0,2,2,7,0,2,5,1,15
14,10,24,25,14,10,0,2,8,8,0,2,2,8,0,2,6,1,10
14,10,24,25,14,14,0,2,1,10,0,1,1,10,0,1,1,1,18
14,10,24,25,14,14,0,2,2,10,0,1,3,11,1,2,1,1,13
14,10,24,25,14,14,0,2,3,3,0,2,1,3,0,2,1,1,15
14,10,24,25,14,14,0,2,4,4,0,2,2,4,0,2,2,1,14
14,10,24,25,14,14,0,2,5,5,0,2,2,5,0,2,3,1,5
14,10,24,25,14,14,0,2,6,6,0,2,2,6,0,2,4,1,10
14,10,24,25,14,14,0,2,7,6,1,2,1,6,1,2,1,1,14
14,10,24,25,14,14,0,2,8,5,1,2,2,8,0,2,6,1,8
14,10,24,25,14,14,0,2,9,4,1,2,1,4,1,2,1,1,12
14,10,24,25,14,14,0,2,10,3,1,2,1,3,1,2,1,1,13
14,10,24,25,14,14,0,2,11,10,0,1,2,11,0,2,9,1,9
14,10,24,25,14,14,0,2,12,10,0,1,2,10,0,1,8,1,16
14,11,25,26,14,11,0,2,1,9,1,2,0,9,1,2,0,0,19
14,11,25,26,14,11,0,2,2,8,1,2,2,14,0,1,1,1,9
14,11,25,26,14,11,0,2,3,7,1,2,1,7,1,2,1,1,16
14,11,25,26,14,11,0,2,4,4,0,2,2,4,0,2,2,1,16
14,11,25,26,14,11,0,2,5,5,0,2,2,5,0,2,3,1,15
14,11,25,26,14,11,0,2,6,4,1,2,1,4,1,2,1,1,17
14,11,25,26,14,11,0,2,7,3,1,2,1,3,1,2,1,1,14
14,11,25,26,14,11,0,2,8,8,0,2,2,8,0,2,6,1,17
14,11,25,26,14,11,0,2,9,9,0,2,2,9,0,2,7,1,15
14,11,25,26,14,14,0,2,1,11,0,1,1,12,1,2,0,0,20
14,11,25,26,14,14,0,2,2,11,0,1,2,11,1,2,9,1,7
14,11,25,26,14,14,0,2,3,3,0,2,1,3,0,2,1,1,18
14,11,25,26,14,14,0,2,4,4,0,2,2,4,0,2,2,1,14
14,11,25,26,14,14,0,2,5,5,0,2,2,5,0,2,3,1,12
14,11,25,26,14,14,0,2,6,6,0,2,2,6,0,2,4,1,15
14,11,25,26,14,14,0,2,7,6,1,2,1,6,1,2,1,1,12
14,11,25,26,14,14,0,2,8,5,1,2,2,8,0,2,6,1,15
14,11,25,26,14,14,0,2,9,4,1,2,1,4,1,2,1,1,12
14,11,25,26,14,14,0,2,10,3,1,2,1,3,1,2,1,1,12
14,11,25,26,14,14,0,2,11,2,1,2,0,2,1,2,0,0,18
14,11,25,26,14,14,0,2,12,11,0,1,2,12,0,2,1,1,14
14,13,27,28,14,13,0,2,1,11,1,2,1,11,1,2,1,1,21
14,13,27,28,14,13,0,2,2,10,1,2,1,10,1,2,1,1,13
14,13,27,28,14,13,0,2,3,9,1,2,1,9,1,2,1,1,18
14,13,27,28,14,13,0,2,4,4,0,2,2,4,0,2,2,1,18
14,13,27,28,14,13,0,2,5,5,0,2,2,5,0,2,3,1,15
14,13,27,28,14,13,0,2,6,6,0,2,2,6,0,2,4,1,18
14,13,27,28,14,13,0,2,7,5,1,2,1,5,1,2,1,1,18
14,13,27,28,14,13,0,2,8,4,1,2,1,4,1,2,1,1,16
14,13,27,28,14,13,0,2,9,3,1,2,1,3,1,2,1,1,18
14,13,27,28,14,13,0,2,10,10,0,2,2,10,0,2,8,1,18
14,13,27,28,14,13,0,2,11,11,0,2,2,11,0,2,9,1,18
14,13,27,28,14,14,0,2,1,12,1,2,2,13,0,1,12,0,21
14,13,27,28,14,14,0,2,2,11,1,2,2,11,1,2,9,1,14
14,13,27,28,14,14,0,2,3,10,1,2,1,10,1,2,1,1,19
14,13,27,28,14,14,0,2,4,4,0,2,2,4,0,2,2,1,18
14,13,27,28,14,14,0,2,5,5,0,2,2,5,0,2,3,1,16
14,13,27,28,14,14,0,2,6,6,0,2,2,6,0,2,4,1,19
14,13,27,28,14,14,0,2,7,6,1,2,2,6,1,2,4,1,17
14,13,27,28,14,14,0,2,8,5,1,2,1,5,1,2,1,1,17
14,13,27,28,14,14,0,2,9,4,1,2,1,4,1,2,1,1,19
14,13,27,28,14,14,0,2,10,10,0,2,2,10,0,2,8,1,17
14,13,27,28,14,14,0,2,11,11,0,2,2,11,0,2,9,1,17
14,13,27,28,14,14,0,2,12,12,0,2,2,13,0,1,12,0,21
14,14,28,29,14,14,0,2,1,12,1,2,1,14,0,1,13,0,23
14,14,28,29,14,14,0,2,2,11,1,2,2,11,1,2,9,1,17
14,14,28,29,14,14,0,2,3,10,1,2,1,10,1,2,1,1,19
14,14,28,29,14,14,0,2,4,4,0,2,2,4,0,2,2,1,19
14,14,28,29,14,14,0,2,5,5,0,2,2,5,0,2,3,1,13
14,14,28,29,14,14,0,2,6,6,0,2,2,7,1,2,1,1,16
14,14,28,29,14,14,0,2,7,6,1,2,2,6,1,2,4,1,18
14,14,28,29,14,14,0,2,8,5,1,2,2,8,0,2,6,1,13
14,14,28,29,14,14,0,2,9,4,1,2,1,4,1,2,1,1,17
14,14,28,29,14,14,0,2,10,10,0,2,2,10,0,2,8,1,16
14,14,28,29,14,14,0,2,11,11,0,2,2,11,0,2,9,1,16
14,14,28,29,14,14,0,2,12,12,0,2,2,12,0,2,10,1,20
14,15,29,30,14,14,0,2,1,12,1,2,1,12,1,2,1,1,23
14,15,29,30,14,14,0,2,2,11,1,2,1,11,1,2,1,1,16
14,15,29,30,14,14,0,2,3,3,0,2,1,3,0,2,1,1,21
14,15,29,30,14,14,0,2,4,4,0,2,1,4,0,2,1,1,21
14,15,29,30,14,14,0,2,5,5,0,2,1,5,0,2,1,1,19
14,15,29,30,14,14,0,2,6,6,0,2,2,6,0,2,4,1,20
14,15,29,30,14,14,0,2,7,6,1,2,1,6,1,2,1,1,21
14,15,29,30,14,14,0,2,8,5,1,2,1,5,1,2,1,1,20
14,15,29,30,14,14,0,2,9,4,1,2,1,4,1,2,1,1,20
14,15,29,30,14,14,0,2,10,3,1,2,1,3,1,2,1,1,21
14,15,29,30,14,14,0,2,11,11,0,2,1,11,0,2,1,1,20
14,15,29,30,14,14,0,2,12,12,0,2,1,12,0,2,1,1,22
14,15,29,30,14,15,0,2,1,13,1,2,2,14,0,1,13,0,23
14,15,29,30,14,15,0,2,2,12,1,2,2,12,1,2,10,1,18
14,15,29,30,14,15,0,2,3,11,1,2,1,11,1,2,1,1,21
14,15,29,30,14,15,0,2,4,4,0,2,2,4,0,2,2,1,21
14,15,29,30,14,15,0,2,5,5,0,2,2,5,0,2,3,1,20
14,15,29,30,14,15,0,2,6,6,0,2,2,6,0,2,4,1,20
14,15,29,30,14,15,0,2,7,7,0,2,2,7,0,2,5,1,21
14,15,29,30,14,15,0,2,8,6,1,2,2,6,1,2,4,1,20
14,15,29,30,14,15,0,2,9,5,1,2,1,5,1,2,1,1,20
14,15,29,30,14,15,0,2,10,4,1,2,1,4,1,2,1,1,21
14,15,29,30,14,15,0,2,11,11,0,2,2,11,0,2,9,1,20
14,15,29,30,14,15,0,2,12,12,0,2,2,12,0,2,10,1,21
14,15,29,30,14,15,0,2,13,13,0,2,2,14,0,1,13,0,23
14,17,31,32,14,14,0,2,1,12,1,2,0,12,1,2,0,0,25
14,17,31,32,14,14,0,2,2,11,1,2,2,11,1,2,9,1,14
14,17,31,32,14,14,0,2,3,10,1,2,1,10,1,2,1,1,22
14,17,31,32,14,14,0,2,4,4,0,2,2,4,0,2,2,1,22
14,17,31,32,14,14,0,2,5,5,0,2,2,5,0,2,3,1,21
14,17,31,32,14,14,0,2,6,6,0,2,2,6,0,2,4,1,23
14,17,31,32,14,14,0,2,7,6,1,2,1,6,1,2,1,1,21
14,17,31,32,14,14,0,2,8,5,1,2,2,8,0,2,6,1,21
14,17,31,32,14,14,0,2,9,4,1,2,1,4,1,2,1,1,20
14,17,31,32,14,14,0,2,10,3,1,2,1,3,1,2,1,1,21
14,17,31,32,14,14,0,2,11,11,0,2,2,11,0,2,9,1,23
14,17,31,32,14,14,0,2,12,12,0,2,2,12,0,2,10,1,22
14,17,31,32,14,17,0,2,1,14,0,1,1,15,1,2,0,0,26
14,17,31,32,14,17,0,2,2,14,0,1,2,14,1,2,12,1,11
14,17,31,32,14,17,0,2,3,3,0,2,1,3,0,2,1,1,24
14,17,31,32,14,17,0,2,4,4,0,2,2,4,0,2,2,1,22
14,17,31,32,14,17,0,2,5,5,0,2,2,5,0,2,3,1,18
14,17,31,32,14,17,0,2,6,6,0,2,2,6,0,2,4,1,23
14,17,31,32,14,17,0,2,7,7,0,2,2,7,0,2,5,1,20
14,17,31,32,14,17,0,2,8,8,0,2,2,8,0,2,6,1,21
14,17,31,32,14,17,0,2,9,7,1,2,1,7,1,2,1,1,20
14,17,31,32,14,17,0,2,10,6,1,2,1,6,1,2,1,1,19
14,17,31,32,14,17,0,2,11,5,1,2,2,11,0,2,9,1,21
14,17,31,32,14,17,0,2,12,4,1,2,1,4,1,2,1,1,19
14,17,31,32,14,17,0,2,13,3,1,2,1,3,1,2,1,1,19
14,17,31,32,14,17,0,2,14,2,1,2,0,2,1,2,0,0,24
14,17,31,32,14,17,0,2,15,14,0,1,2,15,0,2,1,1,22
14,18,32,33,14,14,0,2,1,12,1,2,1,12,1,2,1,1,26
14,18,32,33,14,14,0,2,2,11,1,2,2,11,1,2,9,1,19
14,18,32,33,14,14,0,2,3,10,1,2,1,10,1,2,1,1,24
14,18,32,33,14,14,0,2,4,4,0,2,2,4,0,2,2,1,23
14,18,32,33,14,14,0,2,5,5,0,2,2,5,0,2,3,1,15
14,18,32,33,14,14,0,2,6,6,0,2,2,6,0,2,4,1,21
14,18,32,33,14,14,0,2,7,6,1,2,2,6,1,2,4,1,18
14,18,32,33,14,14,0,2,8,5,1,2,2,8,0,2,6,1,17
14,18,32,33,14,14,0,2,9,4,1,2,2,4,1,2,2,1,17
14,18,32,33,14,14,0,2,10,10,0,2,2,10,0,2,8,1,19
14,18,32,33,14,14,0,2,11,11,0,2,2,11,0,2,9,1,20
14,18,32,33,14,14,0,2,12,12,0,2,2,12,0,2,10,1,18
14,18,32,33,14,18,0,2,1,14,0,1,1,14,0,1,1,1,26
14,18,32,33,14,18,0,2,2,14,0,1,2,15,1,2,1,1,19
14,18,32,33,14,18,0,2,3,3,0,2,1,3,0,2,1,1,25
14,18,32,33,14,18,0,2,4,4,0,2,2,4,0,2,2,1,23
14,18,32,33,14,18,0,2,5,5,0,2,2,5,0,2,3,1,15
14,18,32,33,14,18,0,2,6,6,0,2,1,6,0,2,1,1,17
14,18,32,33,14,18,0,2,7,7,0,2,2,7,0,2,5,1,18
14,18,32,33,14,18,0,2,8,8,0,2,2,8,0,2,6,1,14
14,18,32,33,14,18,0,2,9,8,1,2,2,8,1,2,6,1,14
14,18,32,33,14,18,0,2,10,7,1,2,2,7,1,2,5,1,17
14,18,32,33,14,18,0,2,11,6,1,2,1,6,1,2,1,1,16
14,18,32,33,14,18,0,2,12,5,1,2,2,12,0,2,10,1,14
14,18,32,33,14,18,0,2,13,4,1,2,2,4,1,2,2,1,19
14,18,32,33,14,18,0,2,14,3,1,2,1,3,1,2,1,1,20
14,18,32,33,14,18,0,2,15,14,0,1,2,15,0,2,13,1,15
14,18,32,33,14,18,0,2,16,14,0,1,2,16,0,2,1,1,23
14,19,33,34,14,14,0,2,1,12,1,2,1,19,0,1,18,0,28
14,19,33,34,14,14,0,2,2,11,1,2,2,11,1,2,9,1,22
14,19,33,34,14,14,0,2,3,10,1,2,1,10,1,2,1,1,25
14,19,33,34,14,14,0,2,4,4,0,2,2,4,0,2,2,1,25
14,19,33,34,14,14,0,2,5,5,0,2,2,5,0,2,3,1,23
14,19,33,34,14,14,0,2,6,6,0,2,2,6,0,2,4,1,25
14,19,33,34,14,14,0,2,7,6,1,2,1,6,1,2,1,1,24
14,19,33,34,14,14,0,2,8,5,1,2,1,5,1,2,1,1,23
14,19,33,34,14,14,0,2,9,4,1,2,1,4,1,2,1,1,25
14,19,33,34,14,14,0,2,10,3,1,2,1,3,1,2,1,1,24
14,19,33,34,14,14,0,2,11,11,0,2,2,11,0,2,9,1,23
14,19,33,34,14,14,0,2,12,12,0,2,2,12,0,2,10,1,26
14,19,33,34,14,19,0,2,1,14,0,1,1,14,0,1,1,1,27
14,19,33,34,14,19,0,2,2,14,0,1,1,14,0,1,1,1,23
14,19,33,34,14,19,0,2,3,14,0,1,2,14,0,1,12,1,23
14,19,33,34,14,19,0,2,4,4,0,2,2,4,0,2,2,1,25
14,19,33,34,14,19,0,2,5,5,0,2,2,5,0,2,3,1,22
14,19,33,34,14,19,0,2,6,6,0,2,2,6,0,2,4,1,24
14,19,33,34,14,19,0,2,7,7,0,2,2,7,0,2,5,1,24
14,19,33,34,14,19,0,2,8,8,0,2,2,8,0,2,6,1,22
14,19,33,34,14,19,0,2,9,9,0,2,2,9,0,2,7,1,23
14,19,33,34,14,19,0,2,10,8,1,2,1,8,1,2,1,1,24
14,19,33,34,14,19,0,2,11,7,1,2,1,7,1,2,1,1,22
14,19,33,34,14,19,0,2,12,6,1,2,1,6,1,2,1,1,25
14,19,33,34,14,19,0,2,13,5,1,2,1,5,1,2,1,1,24
14,19,33,34,14,19,0,2,14,4,1,2,1,4,1,2,1,1,25
14,19,33,34,14,19,0,2,15,3,1,2,1,3,1,2,1,1,24
14,19,33,34,14,19,0,2,16,14,0,1,2,14,0,1,12,1,24
14,19,33,34,14,19,0,2,17,14,0,1,1,14,0,1,1,1,26
14,20,34,35,14,14,0,2,1,12,1,2,1,12,1,2,1,1,28
14,20,34,35,14,14,0,2,2,11,1,2,1,11,1,2,1,1,22
14,20,34,35,14,14,0,2,3,10,1,2,1,10,1,2,1,1,25
14,20,34,35,14,14,0,2,4,4,0,2,2,4,0,2,2,1,26
14,20,34,35,14,14,0,2,5,5,0,2,2,5,0,2,3,1,15
14,20,34,35,14,14,0,2,6,6,0,2,2,6,0,2,4,1,23
14,20,34,35,14,14,0,2,7,6,1,2,2,6,1,2,4,1,24
14,20,34,35,14,14,0,2,8,5,1,2,2,8,0,2,6,1,17
14,20,34,35,14,14,0,2,9,4,1,2,1,4,1,2,1,1,22
14,20,34,35,14,14,0,2,10,10,0,2,2,10,0,2,8,1,22
14,20,34,35,14,14,0,2,11,11,0,2,2,11,0,2,9,1,21
14,20,34,35,14,14,0,2,12,12,0,2,2,12,0,2,10,1,23
14,20,34,35,14,20,0,2,1,14,0,1,1,14,0,1,13,0,29
14,20,34,35,14,20,0,2,2,14,0,1,2,14,0,1,12,1,24
14,20,34,35,14,20,0,2,3,14,0,1,2,14,0,1,12,1,25
14,20,34,35,14,20,0,2,4,4,0,2,2,4,0,2,2,1,24
14,20,34,35,14,20,0,2,5,5,0,2,2,5,0,2,3,1,19
14,20,34,35,14,20,0,2,6,6,0,2,2,13,1,2,1,1,24
14,20,34,35,14,20,0,2,7,7,0,2,2,7,0,2,5,1,24
14,20,34,35,14,20,0,2,8,8,0,2,2,8,0,2,6,1,20
14,20,34,35,14,20,0,2,9,9,0,2,2,9,0,2,7,1,20
14,20,34,35,14,20,0,2,10,9,1,2,2,9,1,2,7,1,20
14,20,34,35,14,20,0,2,11,8,1,2,2,8,1,2,6,1,21
14,20,34,35,14,20,0,2,12,7,1,2,2,7,1,2,5,1,22
14,20,34,35,14,20,0,2,13,6,1,2,2,6,1,2,4,1,20
14,20,34,35,14,20,0,2,14,5,1,2,2,14,0,2,12,1,21
14,20,34,35,14,20,0,2,15,4,1,2,2,4,1,2,2,1,23
14,20,34,35,14,20,0,2,16,14,0,1,2,16,0,2,14,1,18
14,20,34,35,14,20,0,2,17,14,0,1,2,17,0,2,15,1,23
14,20,34,35,14,20,0,2,18,14,0,1,2,14,0,1,12,1,23
14,21,35,36,14,14,0,2,1,12,1,2,1,12,1,2,1,1,29
14,21,35,36,14,14,0,2,2,11,1,2,2,11,1,2,9,1,21
14,21,35,36,14,14,0,2,3,3,0,2,1,3,0,2,1,1,28
14,21,35,36,14,14,0,2,4,4,0,2,1,4,0,2,1,1,27
14,21,35,36,14,14,0,2,5,5,0,2,1,5,0,2,1,1,27
14,21,35,36,14,14,0,2,6,6,0,2,2,6,0,2,4,1,27
14,21,35,36,14,14,0,2,7,6,1,2,1,6,1,2,1,1,27
14,21,35,36,14,14,0,2,8,5,1,2,1,5,1,2,1,1,27
14,21,35,36,14,14,0,2,9,4,1,2,1,4,1,2,1,1,26
14,21,35,36,14,14,0,2,10,3,1,2,1,3,1,2,1,1,27
14,21,35,36,14,14,0,2,11,11,0,2,1,11,0,2,1,1,27
14,21,35,36,14,14,0,2,12,12,0,2,1,12,0,2,1,1,28
14,21,35,36,14,21,0,2,1,14,0,1,1,14,0,1,1,1,29
14,21,35,36,14,21,0,2,2,14,0,1,1,14,0,1,1,1,22
14,21,35,36,14,21,0,2,3,14,0,1,1,14,0,1,1,1,27
14,21,35,36,14,21,0,2,4,4,0,2,2,4,0,2,2,1,26
14,21,35,36,14,21,0,2,5,5,0,2,2,5,0,2,3,1,26
14,21,35,36,14,21,0,2,6,6,0,2,2,6,0,2,4,1,27
14,21,35,36,14,21,0,2,7,7,0,2,2,7,0,2,5,1,26
14,21,35,36,14,21,0,2,8,8,0,2,2,8,0,2,6,1,26
14,21,35,36,14,21,0,2,9,9,0,2,2,9,0,2,7,1,25
14,21,35,36,14,21,0,2,10,10,0,2,2,10,0,2,8,1,26
14,21,35,36,14,21,0,2,11,9,1,2,2,9,1,2,7,1,26
14,21,35,36,14,21,0,2,12,8,1,2,1,8,1,2,1,1,26
14,21,35,36,14,21,0,2,13,7,1,2,1,7,1,2,1,1,27
14,21,35,36,14,21,0,2,14,6,1,2,2,6,1,2,4,1,25
14,21,35,36,14,21,0,2,15,5,1,2,1,5,1,2,1,1,27
14,21,35,36,14,21,0,2,16,4,1,2,1,4,1,2,1,1,26
14,21,35,36,14,21,0,2,17,14,0,1,2,14,0,1,12,1,25
14,21,35,36,14,21,0,2,18,14,0,1,1,14,0,1,1,1,27
14,21,35,36,14,21,0,2,19,14,0,1,1,14,0,1,1,1,28
14,22,36,37,14,14,0,2,1,12,1,2,1,12,1,2,1,1,30
14,22,36,37,14,14,0,2,2,11,1,2,2,11,1,2,9,1,23
14,22,36,37,14,14,0,2,3,10,1,2,1,10,1,2,1,1,27
14,22,36,37,14,14,0,2,4,4,0,2,2,4,0,2,2,1,28
14,22,36,37,14,14,0,2,5,5,0,2,2,5,0,2,3,1,16
14,22,36,37,14,14,0,2,6,6,0,2,2,6,0,2,4,1,26
14,22,36,37,14,14,0,2,7,6,1,2,2,6,1,2,4,1,22
14,22,36,37,14,14,0,2,8,5,1,2,2,8,0,2,6,1,19
14,22,36,37,14,14,0,2,9,4,1,2,2,4,1,2,2,1,21
14,22,36,37,14,14,0,2,10,10,0,2,2,10,0,2,8,1,22
14,22,36,37,14,14,0,2,11,11,0,2,2,11,0,2,9,1,23
14,22,36,37,14,14,0,2,12,12,0,2,2,12,0,2,10,1,24
14,22,36,37,14,22,0,2,1,14,0,1,1,14,0,1,1,1,30
14,22,36,37,14,22,0,2,2,14,0,1,2,19,1,2,17,1,21
14,22,36,37,14,22,0,2,3,14,0,1,2,14,0,1,12,1,27
14,22,36,37,14,22,0,2,4,4,0,2,2,4,0,2,2,1,26
14,22,36,37,14,22,0,2,5,5,0,2,2,5,0,2,3,1,16
14,22,36,37,14,22,0,2,6,6,0,2,2,6,0,2,4,1,25
14,22,36,37,14,22,0,2,7,7,0,2,2,7,0,2,5,1,21
14,22,36,37,14,22,0,2,8,8,0,2,2,8,0,2,6,1,21
14,22,36,37,14,22,0,2,9,9,0,2,2,9,0,2,7,1,22
14,22,36,37,14,22,0,2,10,10,0,2,2,10,0,2,8,1,21
14,22,36,37,14,22,0,2,11,10,1,2,2,10,1,2,8,1,22
14,22,36,37,14,22,0,2,12,9,1,2,2,9,1,2,7,1,20
14,22,36,37,14,22,0,2,13,8,1,2,2,8,1,2,6,1,19
14,22,36,37,14,22,0,2,14,7,1,2,3,14,0,2,12,1,18
14,22,36,37,14,22,0,2,15,6,1,2,2,6,1,2,4,1,20
14,22,36,37,14,22,0,2,16,5,1,2,2,5,1,2,2,2,19
14,22,36,37,14,22,0,2,17,14,0,1,2,17,0,2,15,1,14
14,22,36,37,14,22,0,2,18,14,0,1,2,18,0,2,16,1,22
14,22,36,37,14,22,0,2,19,14,0,1,2,14,0,1,2,2,19
14,22,36,37,14,22,0,2,20,14,0,1,2,20,0,2,18,1,20
14,23,37,38,14,14,0,2,1,12,1,2,1,12,1,2,1,1,31
14,23,37,38,14,14,0,2,2,11,1,2,2,11,1,2,9,1,20
14,23,37,38,14,14,0,2,3,10,1,2,1,10,1,2,1,1,29
14,23,37,38,14,14,0,2,4,4,0,2,2,4,0,2,2,1,28
14,23,37,38,14,14,0,2,5,5,0,2,2,5,0,2,3,1,28
14,23,37,38,14,14,0,2,6,6,0,2,2,6,0,2,4,1,29
14,23,37,38,14,14,0,2,7,6,1,2,1,6,1,2,1,1,28
14,23,37,38,14,14,0,2,8,5,1,2,1,5,1,2,1,1,28
14,23,37,38,14,14,0,2,9,4,1,2,1,4,1,2,1,1,28
14,23,37,38,14,14,0,2,10,3,1,2,1,3,1,2,1,1,28
14,23,37,38,14,14,0,2,11,11,0,2,2,11,0,2,9,1,28
14,23,37,38,14,14,0,2,12,12,0,2,2,12,0,2,10,1,29
14,23,37,38,14,23,0,2,1,14,0,1,1,14,0,1,1,1,31
14,23,37,38,14,23,0,2,2,14,0,1,1,14,0,1,1,1,19
14,23,37,38,14,23,0,2,3,14,0,1,1,14,0,1,1,1,29
14,23,37,38,14,23,0,2,4,4,0,2,2,4,0,2,2,1,28
14,23,37,38,14,23,0,2,5,5,0,2,2,5,0,2,3,1,24
14,23,37,38,14,23,0,2,6,6,0,2,2,6,0,2,4,1,29
14,23,37,38,14,23,0,2,7,7,0,2,2,7,0,2,5,1,27
14,23,37,38,14,23,0,2,8,8,0,2,2,8,0,2,6,1,26
14,23,37,38,14,23,0,2,9,9,0,2,2,9,0,2,7,1,27
14,23,37,38,14,23,0,2,10,10,0,2,2,10,0,2,8,1,27
14,23,37,38,14,23,0,2,11,11,0,2,2,11,0,2,9,1,29
14,23,37,38,14,23,0,2,12,10,1,2,1,10,1,2,1,1,26
14,23,37,38,14,23,0,2,13,9,1,2,1,9,1,2,1,1,26
14,23,37,38,14,23,0,2,14,8,1,2,1,8,1,2,1,1,29
14,23,37,38,14,23,0,2,15,7,1,2,1,7,1,2,1,1,26
14,23,37,38,14,23,0,2,16,6,1,2,1,6,1,2,1,1,27
14,23,37,38,14,23,0,2,17,5,1,2,1,5,1,2,1,1,28
14,23,37,38,14,23,0,2,18,4,1,2,1,4,1,2,1,1,26
14,23,37,38,14,23,0,2,19,3,1,2,1,3,1,2,1,1,28
14,23,37,38,14,23,0,2,20,14,0,1,2,14,0,1,12,1,28
14,23,37,38,14,23,0,2,21,14,0,1,2,21,0,2,19,1,28
14,24,38,39,14,14,0,2,1,12,1,2,1,24,0,1,23,0,33
14,24,38,39,14,14,0,2,2,11,1,2,2,11,1,2,9,1,26
14,24,38,39,14,14,0,2,3,10,1,2,1,10,1,2,1,1,30
14,24,38,39,14,14,0,2,4,4,0,2,2,4,0,2,2,1,30
14,24,38,39,14,14,0,2,5,5,0,2,2,5,0,2,3,1,16
14,24,38,39,14,14,0,2,6,6,0,2,2,6,0,2,4,1,28
14,24,38,39,14,14,0,2,7,6,1,2,2,6,1,2,4,1,26
14,24,38,39,14,14,0,2,8,5,1,2,2,8,0,2,6,1,20
14,24,38,39,14,14,0,2,9,4,1,2,2,4,1,2,2,1,26
14,24,38,39,14,14,0,2,10,10,0,2,2,10,0,2,8,1,26
14,24,38,39,14,14,0,2,11,11,0,2,2,11,0,2,9,1,25
14,24,38,39,14,14,0,2,12,12,0,2,2,12,0,2,10,1,27
14,24,38,39,14,24,0,2,1,14,0,1,1,14,0,1,13,0,33
14,24,38,39,14,24,0,2,2,14,0,1,2,21,1,2,19,1,26
14,24,38,39,14,24,0,2,3,14,0,1,1,14,0,1,1,1,30
14,24,38,39,14,24,0,2,4,4,0,2,2,4,0,2,2,1,29
14,24,38,39,14,24,0,2,5,5,0,2,2,5,0,2,3,1,18
14,24,38,39,14,24,0,2,6,6,0,2,2,6,0,2,4,1,27
14,24,38,39,14,24,0,2,7,7,0,2,2,7,0,2,5,1,27
14,24,38,39,14,24,0,2,8,8,0,2,2,8,0,2,6,1,22
14,24,38,39,14,24,0,2,9,9,0,2,2,9,0,2,7,1,25
14,24,38,39,14,24,0,2,10,10,0,2,2,10,0,2,8,1,24
14,24,38,39,14,24,0,2,11,11,0,2,2,11,0,2,9,1,22
14,24,38,39,14,24,0,2,12,11,1,2,2,11,1,2,9,1,22
14,24,38,39,14,24,0,2,13,10,1,2,2,10,1,2,8,1,24
14,24,38,39,14,24,0,2,14,9,1,2,2,14,0,2,12,1,22
14,24,38,39,14,24,0,2,15,8,1,2,2,8,1,2,6,1,21
14,24,38,39,14,24,0,2,16,7,1,2,2,7,1,2,5,1,25
14,24,38,39,14,24,0,2,17,6,1,2,1,6,1,2,1,1,25
14,24,38,39,14,24,0,2,18,5,1,2,2,18,0,2,16,1,21
14,24,38,39,14,24,0,2,19,4,1,2,2,4,1,2,2,1,26
14,24,38,39,14,24,0,2,20,14,0,1,2,14,0,1,2,2,23
14,24,38,39,14,24,0,2,21,14,0,1,2,21,0,2,19,1,25
14,24,38,39,14,24,0,2,22,14,0,1,2,22,0,2,20,1,27
14,25,39,40,14,14,0,2,1,12,1,2,1,12,1,2,1,1,33
14,25,39,40,14,14,0,2,2,11,1,2,2,11,1,2,9,1,26
14,25,39,40,14,14,0,2,3,10,1,2,1,10,1,2,1,1,31
14,25,39,40,14,14,0,2,4,4,0,2,2,4,0,2,2,1,30
14,25,39,40,14,14,0,2,5,5,0,2,2,5,0,2,3,1,30
14,25,39,40,14,14,0,2,6,6,0,2,2,6,0,2,4,1,31
14,25,39,40,14,14,0,2,7,6,1,2,1,6,1,2,1,1,30
14,25,39,40,14,14,0,2,8,5,1,2,1,5,1,2,1,1,30
14,25,39,40,14,14,0,2,9,4,1,2,1,4,1,2,1,1,31
14,25,39,40,14,14,0,2,10,3,1,2,1,3,1,2,1,1,30
14,25,39,40,14,14,0,2,11,11,0,2,2,11,0,2,9,1,30
14,25,39,40,14,14,0,2,12,12,0,2,2,12,0,2,10,1,32
14,25,39,40,14,25,0,2,1,14,0,1,1,14,0,1,1,1,33
14,25,39,40,14,25,0,2,2,14,0,1,1,14,0,1,1,1,27
14,25,39,40,14,25,0,2,3,14,0,1,1,14,0,1,1,1,31
14,25,39,40,14,25,0,2,4,4,0,2,2,4,0,2,2,1,31
14,25,39,40,14,25,0,2,5,5,0,2,2,5,0,2,3,1,30
14,25,39,40,14,25,0,2,6,6,0,2,2,6,0,2,4,1,30
14,25,39,40,14,25,0,2,7,7,0,2,2,7,0,2,5,1,31
14,25,39,40,14,25,0,2,8,8,0,2,2,8,0,2,6,1,30
14,25,39,40,14,25,0,2,9,9,0,2,2,9,0,2,7,1,29
14,25,39,40,14,25,0,2,10,10,0,2,2,10,0,2,8,1,30
14,25,39,40,14,25,0,2,11,11,0,2,2,11,0,2,9,1,28
14,25,39,40,14,25,0,2,12,12,0,2,2,12,0,2,10,1,30
14,25,39,40,14,25,0,2,13,11,1,2,1,11,1,2,1,1,29
14,25,39,40,14,25,0,2,14,10,1,2,1,10,1,2,1,1,28
14,25,39,40,14,25,0,2,15,9,1,2,1,9,1,2,1,1,31
14,25,39,40,14,25,0,2,16,8,1,2,1,8,1,2,1,1,30
14,25,39,40,14,25,0,2,17,7,1,2,1,7,1,2,1,1,30
14,25,39,40,14,25,0,2,18,6,1,2,1,6,1,2,1,1,30
14,25,39,40,14,25,0,2,19,5,1,2,1,5,1,2,1,1,30
14,25,39,40,14,25,0,2,20,4,1,2,1,4,1,2,1,1,31
14,25,39,40,14,25,0,2,21,3,1,2,1,3,1,2,1,1,31
14,25,39,40,14,25,0,2,22,14,0,1,2,14,0,1,12,1,30
14,25,39,40,14,25,0,2,23,14,0,1,1,14,0,1,1,1,32
15,2,17,18,15,15,0,2,1,13,1,2,0,13,1,2,0,0,12
15,2,17,18,15,15,0,2,2,12,1,2,1,12,1,2,1,1,10
15,2,17,18,15,15,0,2,3,11,1,2,1,11,1,2,1,1,9
15,2,17,18,15,15,0,2,4,4,0,2,2,4,0,2,2,1,9
15,2,17,18,15,15,0,2,5,5,0,2,2,5,0,2,3,1,6
15,2,17,18,15,15,0,2,6,6,0,2,2,6,0,2,4,1,9
15,2,17,18,15,15,0,2,7,7,0,2,3,7,0,2,5,1,7
15,2,17,18,15,15,0,2,8,6,1,2,2,8,0,2,1,1,7
15,2,17,18,15,15,0,2,9,5,1,2,1,5,1,2,1,1,9
15,2,17,18,15,15,0,2,10,4,1,2,2,4,1,2,2,1,7
15,2,17,18,15,15,0,2,11,3,1,2,1,3,1,2,1,1,9
15,2,17,18,15,15,0,2,12,12,0,2,2,12,0,2,10,1,9
15,2,17,18,15,15,0,2,13,13,0,2,2,13,0,2,11,1,10
15,3,18,19,15,3,0,2,1,15,0,1,2,15,0,1,13,1,12
15,3,18,19,15,15,0,2,1,13,1,2,1,13,1,2,1,1,11
15,3,18,19,15,15,0,2,2,12,1,2,2,12,1,2,2,2,3
15,3,18,19,15,15,0,2,3,11,1,2,2,11,1,2,2,2,4
15,3,18,19,15,15,0,2,4,4,0,2,2,4,0,2,2,1,7
15,3,18,19,15,15,0,2,5,5,0,2,2,5,0,2,2,2,3
15,3,18,19,15,15,0,2,6,6,0,2,2,6,0,2,2,2,3
15,3,18,19,15,15,0,2,7,7,0,2,2,7,0,2,5,1,4
15,3,18,19,15,15,0,2,8,6,1,2,2,6,1,2,2,2,3
15,3,18,19,15,15,0,2,9,5,1,2,2,5,1,2,2,2,5
15,3,18,19,15,15,0,2,10,4,1,2,2,4,1,2,2,1,2
15,3,18,19,15,15,0,2,11,11,0,2,2,11,0,2,9,1,5
15,3,18,19,15,15,0,2,12,12,0,2,2,12,0,2,10,1,6
15,3,18,19,15,15,0,2,13,13,0,2,2,13,0,2,2,2,4
15,4,19,20,15,4,0,2,1,15,0,1,1,15,0,1,1,1,13
15,4,19,20,15,4,0,2,2,15,0,1,2,15,0,1,2,2,7
15,4,19,20,15,15,0,2,1,4,0,1,1,4,0,1,1,1,12
15,4,19,20,15,15,0,2,2,4,0,1,1,4,0,1,1,1,6
15,4,19,20,15,15,0,2,3,4,0,1,1,4,0,1,1,1,9
15,4,19,20,15,15,0,2,4,4,0,1,1,4,0,1,1,1,10
15,4,19,20,15,15,0,2,5,4,0,1,1,4,0,1,1,1,9
15,4,19,20,15,15,0,2,6,6,0,2,2,6,0,2,4,1,7
15,4,19,20,15,15,0,2,7,4,0,1,1,4,0,1,1,1,9
15,4,19,20,15,15,0,2,8,4,0,1,1,4,0,1,1,1,7
15,4,19,20,15,15,0,2,9,5,1,2,2,9,0,2,7,1,7
15,4,19,20,15,15,0,2,10,4,0,1,1,4,0,1,1,1,9
15,4,19,20,15,15,0,2,11,3,1,2,1,3,1,2,1,1,6
15,4,19,20,15,15,0,2,12,4,0,1,1,4,0,1,1,1,11
15,4,19,20,15,15,0,2,13,4,0,1,1,4,0,1,1,1,9
15,5,20,21,15,5,0,2,1,3,1,2,1,3,1,2,1,1,14
15,5,20,21,15,5,0,2,2,15,0,1,2,15,0,1,2,2,9
15,5,20,21,15,5,0,2,3,15,0,1,1,15,0,1,1,1,12
15,5,20,21,15,15,0,2,1,5,0,1,2,5,0,1,3,1,13
15,5,20,21,15,15,0,2,2,5,0,1,2,12,1,2,10,1,9
15,5,20,21,15,15,0,2,3,5,0,1,2,11,1,2,1,1,10
15,5,20,21,15,15,0,2,4,4,0,2,2,4,0,2,2,1,9
15,5,20,21,15,15,0,2,5,5,0,1,2,5,0,2,3,1,6
15,5,20,21,15,15,0,2,6,5,0,1,2,6,0,2,1,1,9
15,5,20,21,15,15,0,2,7,5,0,1,2,7,0,2,1,1,10
15,5,20,21,15,15,0,2,8,5,0,1,2,6,1,2,1,1,8
15,5,20,21,15,15,0,2,9,5,0,1,2,9,0,2,1,1,8
15,5,20,21,15,15,0,2,10,4,1,2,1,4,1,2,1,1,11
15,5,20,21,15,15,0,2,11,3,1,2,1,3,1,2,1,1,7
15,5,20,21,15,15,0,2,12,5,0,1,2,12,0,2,10,1,10
15,5,20,21,15,15,0,2,13,5,0,1,2,13,0,2,11,1,10
15,6,21,22,15,6,0,2,1,4,1,2,1,4,1,2,1,1,15
15,6,21,22,15,6,0,2,2,15,0,1,1,15,0,1,1,1,5
15,6,21,22,15,6,0,2,3,15,0,1,2,15,0,1,13,1,12
15,6,21,22,15,6,0,2,4,4,0,2,2,4,0,2,2,1,14
15,6,21,22,15,15,0,2,1,6,0,1,1,6,0,1,1,1,15
15,6,21,22,15,15,0,2,2,6,0,1,2,12,1,2,10,1,4
15,6,21,22,15,15,0,2,3,6,0,1,2,11,1,2,1,1,11
15,6,21,22,15,15,0,2,4,4,0,2,2,4,0,2,2,1,12
15,6,21,22,15,15,0,2,5,5,0,2,2,5,0,2,3,1,4
15,6,21,22,15,15,0,2,6,6,0,1,1,6,0,1,1,1,13
15,6,21,22,15,15,0,2,7,6,0,1,3,7,0,2,1,1,10
15,6,21,22,15,15,0,2,8,6,0,1,3,6,1,2,1,1,8
15,6,21,22,15,15,0,2,9,5,1,2,1,5,1,2,1,1,8
15,6,21,22,15,15,0,2,10,4,1,2,2,4,1,2,2,1,10
15,6,21,22,15,15,0,2,11,3,1,2,1,3,1,2,1,1,9
15,6,21,22,15,15,0,2,12,6,0,1,3,12,0,2,10,1,5
15,6,21,22,15,15,0,2,13,6,0,1,3,13,0,2,11,1,11
15,7,22,23,15,7,0,2,1,5,1,2,1,5,1,2,1,1,16
15,7,22,23,15,7,0,2,2,4,1,2,2,4,1,2,2,1,9
15,7,22,23,15,7,0,2,3,3,1,2,1,3,1,2,1,1,10
15,7,22,23,15,7,0,2,4,4,0,2,2,4,0,2,2,1,12
15,7,22,23,15,7,0,2,5,5,0,2,2,5,0,2,3,1,6
15,7,22,23,15,15,0,2,1,7,0,1,1,13,1,2,0,0,17
15,7,22,23,15,15,0,2,2,7,0,1,4,12,1,2,10,1,7
15,7,22,23,15,15,0,2,3,7,0,1,1,7,0,1,1,1,13
15,7,22,23,15,15,0,2,4,4,0,2,2,4,0,2,2,1,10
15,7,22,23,15,15,0,2,5,5,0,2,1,5,0,2,1,1,6
15,7,22,23,15,15,0,2,6,6,0,2,2,7,0,1,1,1,10
15,7,22,23,15,15,0,2,7,7,0,1,2,7,0,1,2,2,5
15,7,22,23,15,15,0,2,8,6,1,2,2,8,0,2,6,1,7
15,7,22,23,15,15,0,2,9,5,1,2,1,5,1,2,1,1,9
15,7,22,23,15,15,0,2,10,7,0,1,2,7,0,1,2,2,4
15,7,22,23,15,15,0,2,11,7,0,1,1,7,0,1,1,1,13
15,7,22,23,15,15,0,2,12,7,0,1,4,7,0,1,4,2,6
15,7,22,23,15,15,0,2,13,7,0,1,1,7,0,1,1,1,8
15,8,23,24,15,8,0,2,1,6,1,2,1,6,1,2,1,1,17
15,8,23,24,15,8,0,2,2,5,1,2,2,15,0,1,1,1,7
15,8,23,24,15,8,0,2,3,4,1,2,1,4,1,2,1,1,15
15,8,23,24,15,8,0,2,4,3,1,2,1,3,1,2,1,1,15
15,8,23,24,15,8,0,2,5,5,0,2,1,5,0,2,1,1,13
15,8,23,24,15,8,0,2,6,6,0,2,2,6,0,2,4,1,15
15,8,23,24,15,15,0,2,1,8,0,1,1,8,0,1,1,1,17
15,8,23,24,15,15,0,2,2,8,0,1,1,8,0,1,1,1,7
15,8,23,24,15,15,0,2,3,8,0,1,1,8,0,1,1,1,14
15,8,23,24,15,15,0,2,4,4,0,2,2,4,0,2,2,1,14
15,8,23,24,15,15,0,2,5,5,0,2,1,5,0,2,1,1,12
15,8,23,24,15,15,0,2,6,6,0,2,2,6,0,2,4,1,13
15,8,23,24,15,15,0,2,7,7,0,2,2,7,0,2,5,1,15
15,8,23,24,15,15,0,2,8,6,1,2,2,6,1,2,4,1,14
15,8,23,24,15,15,0,2,9,5,1,2,1,5,1,2,1,1,12
15,8,23,24,15,15,0,2,10,4,1,2,1,4,1,2,1,1,10
15,8,23,24,15,15,0,2,11,8,0,1,2,8,0,1,6,1,14
15,8,23,24,15,15,0,2,12,8,0,1,1,8,0,1,1,1,15
15,8,23,24,15,15,0,2,13,8,0,1,2,13,0,2,11,1,12
15,9,24,25,15,9,0,2,1,7,1,2,1,7,1,2,1,1,17
15,9,24,25,15,9,0,2,2,6,1,2,2,6,1,2,4,1,13
15,9,24,25,15,9,0,2,3,5,1,2,1,5,1,2,1,1,16
15,9,24,25,15,9,0,2,4,4,0,2,2,4,0,2,2,1,13
15,9,24,25,15,9,0,2,5,5,0,2,2,5,0,2,3,1,11
15,9,24,25,15,9,0,2,6,6,0,2,2,6,0,2,4,1,16
15,9,24,25,15,9,0,2,7,7,0,2,2,7,0,2,5,1,12
15,9,24,25,15,15,0,2,1,9,0,1,1,9,0,1,1,1,18
15,9,24,25,15,15,0,2,2,9,0,1,2,9,0,1,7,1,15
15,9,24,25,15,15,0,2,3,9,0,1,2,11,1,2,1,1,14
15,9,24,25,15,15,0,2,4,4,0,2,2,4,0,2,2,1,13
15,9,24,25,15,15,0,2,5,5,0,2,2,5,0,2,3,1,12
15,9,24,25,15,15,0,2,6,6,0,2,2,6,0,2,4,1,13
15,9,24,25,15,15,0,2,7,7,0,2,2,7,0,2,5,1,12
15,9,24,25,15,15,0,2,8,6,1,2,2,6,1,2,4,1,12
15,9,24,25,15,15,0,2,9,5,1,2,2,9,0,2,7,1,12
15,9,24,25,15,15,0,2,10,4,1,2,2,4,1,2,2,1,14
15,9,24,25,15,15,0,2,11,9,0,1,2,11,0,2,9,1,10
15,9,24,25,15,15,0,2,12,9,0,1,2,12,0,2,10,1,14
15,9,24,25,15,15,0,2,13,9,0,1,2,9,0,1,7,1,14
15,10,25,26,15,10,0,2,1,8,1,2,1,15,0,1,14,0,20
15,10,25,26,15,10,0,2,2,7,1,2,2,7,1,2,5,1,10
15,10,25,26,15,10,0,2,3,6,1,2,1,6,1,2,1,1,17
15,10,25,26,15,10,0,2,4,4,0,2,2,4,0,2,2,1,17
15,10,25,26,15,10,0,2,5,4,1,2,1,4,1,2,1,1,11
15,10,25,26,15,10,0,2,6,3,1,2,1,3,1,2,1,1,17
15,10,25,26,15,10,0,2,7,7,0,2,2,7,0,2,5,1,16
15,10,25,26,15,10,0,2,8,8,0,2,2,8,0,2,6,1,14
15,10,25,26,15,15,0,2,1,10,0,1,1,10,0,1,1,1,19
15,10,25,26,15,15,0,2,2,10,0,1,1,10,0,1,1,1,14
15,10,25,26,15,15,0,2,3,10,0,1,2,10,0,1,8,1,15
15,10,25,26,15,15,0,2,4,4,0,2,2,4,0,2,2,1,16
15,10,25,26,15,15,0,2,5,5,0,2,2,5,0,2,3,1,14
15,10,25,26,15,15,0,2,6,6,0,2,1,6,0,2,1,1,17
15,10,25,26,15,15,0,2,7,7,0,2,1,7,0,2,1,1,14
15,10,25,26,15,15,0,2,8,6,1,2,1,6,1,2,1,1,16
15,10,25,26,15,15,0,2,9,5,1,2,2,9,0,2,1,1,14
15,10,25,26,15,15,0,2,10,4,1,2,1,4,1,2,1,1,17
15,10,25,26,15,15,0,2,11,3,1,2,1,3,1,2,1,1,16
15,10,25,26,15,15,0,2,12,10,0,1,2,10,0,1,8,1,14
15,10,25,26,15,15,0,2,13,10,0,1,2,10,0,1,8,1,17
15,11,26,27,15,11,0,2,1,9,1,2,1,9,1,2,1,1,20
15,11,26,27,15,11,0,2,2,8,1,2,2,8,1,2,6,1,13
15,11,26,27,15,11,0,2,3,7,1,2,1,7,1,2,1,1,17
15,11,26,27,15,11,0,2,4,4,0,2,2,4,0,2,2,1,16
15,11,26,27,15,11,0,2,5,5,0,2,2,5,0,2,3,1,10
15,11,26,27,15,11,0,2,6,4,1,2,2,4,1,2,2,1,14
15,11,26,27,15,11,0,2,7,7,0,2,2,7,0,2,5,1,12
15,11,26,27,15,11,0,2,8,8,0,2,2,8,0,2,6,1,12
15,11,26,27,15,11,0,2,9,9,0,2,2,9,0,2,7,1,12
15,11,26,27,15,15,0,2,1,11,0,1,1,11,0,1,1,1,20
15,11,26,27,15,15,0,2,2,11,0,1,2,12,1,2,1,1,14
15,11,26,27,15,15,0,2,3,3,0,2,1,3,0,2,1,1,16
15,11,26,27,15,15,0,2,4,4,0,2,2,4,0,2,2,1,13
15,11,26,27,15,15,0,2,5,5,0,2,2,5,0,2,3,1,10
15,11,26,27,15,15,0,2,6,6,0,2,1,6,0,2,1,1,11
15,11,26,27,15,15,0,2,7,7,0,2,2,7,0,2,5,1,13
15,11,26,27,15,15,0,2,8,6,1,2,1,6,1,2,1,1,11
15,11,26,27,15,15,0,2,9,5,1,2,2,9,0,2,7,1,8
15,11,26,27,15,15,0,2,10,4,1,2,2,4,1,2,2,1,14
15,11,26,27,15,15,0,2,11,3,1,2,1,3,1,2,1,1,11
15,11,26,27,15,15,0,2,12,11,0,1,2,12,0,2,10,1,10
15,11,26,27,15,15,0,2,13,11,0,1,2,13,0,2,1,1,16
15,12,27,28,15,12,0,2,1,10,1,2,0,10,1,2,0,0,21
15,12,27,28,15,12,0,2,2,9,1,2,2,9,1,2,7,1,8
15,12,27,28,15,12,0,2,3,8,1,2,1,8,1,2,1,1,17
15,12,27,28,15,12,0,2,4,4,0,2,2,4,0,2,2,1,19
15,12,27,28,15,12,0,2,5,5,0,2,2,5,0,2,3,1,13
15,12,27,28,15,12,0,2,6,5,1,2,1,5,1,2,1,1,18
15,12,27,28,15,12,0,2,7,4,1,2,1,4,1,2,1,1,17
15,12,27,28,15,12,0,2,8,8,0,2,2,8,0,2,6,1,14
15,12,27,28,15,12,0,2,9,9,0,2,2,9,0,2,7,1,17
15,12,27,28,15,12,0,2,10,10,0,2,2,10,0,2,8,1,18
15,12,27,28,15,15,0,2,1,12,0,1,1,13,1,2,0,0,22
15,12,27,28,15,15,0,2,2,12,0,1,2,12,1,2,10,1,5
15,12,27,28,15,15,0,2,3,3,0,2,1,3,0,2,1,1,20
15,12,27,28,15,15,0,2,4,4,0,2,2,4,0,2,2,1,19
15,12,27,28,15,15,0,2,5,5,0,2,2,5,0,2,3,1,13
15,12,27,28,15,15,0,2,6,6,0,2,2,6,0,2,4,1,17
15,12,27,28,15,15,0,2,7,7,0,2,2,7,0,2,5,1,17
15,12,27,28,15,15,0,2,8,6,1,2,2,6,1,2,4,1,13
15,12,27,28,15,15,0,2,9,5,1,2,1,5,1,2,1,1,17
15,12,27,28,15,15,0,2,10,4,1,2,1,4,1,2,1,1,16
15,12,27,28,15,15,0,2,11,11,0,2,2,11,0,2,9,1,15
15,12,27,28,15,15,0,2,12,2,1,2,0,2,1,2,0,0,19
15,12,27,28,15,15,0,2,13,12,0,1,2,13,0,2,1,1,19
15,14,29,30,15,14,0,2,1,12,1,2,1,12,1,2,1,1,23
15,14,29,30,15,14,0,2,2,11,1,2,1,11,1,2,1,1,16
15,14,29,30,15,14,0,2,3,3,0,2,1,3,0,2,1,1,21
15,14,29,30,15,14,0,2,4,4,0,2,1,4,0,2,1,1,21
15,14,29,30,15,14,0,2,5,5,0,2,1,5,0,2,1,1,19
15,14,29,30,15,14,0,2,6,6,0,2,2,6,0,2,4,1,20
15,14,29,30,15,14,0,2,7,6,1,2,1,6,1,2,1,1,21
15,14,29,30,15,14,0,2,8,5,1,2,1,5,1,2,1,1,20
15,14,29,30,15,14,0,2,9,4,1,2,1,4,1,2,1,1,20
15,14,29,30,15,14,0,2,10,3,1,2,1,3,1,2,1,1,21
15,14,29,30,15,14,0,2,11,11,0,2,1,11,0,2,1,1,20
15,14,29,30,15,14,0,2,12,12,0,2,1,12,0,2,1,1,22
15,14,29,30,15,15,0,2,1,13,1,2,2,14,0,1,13,0,23
15,14,29,30,15,15,0,2,2,12,1,2,2,12,1,2,10,1,18
15,14,29,30,15,15,0,2,3,11,1,2,1,11,1,2,1,1,21
15,14,29,30,15,15,0,2,4,4,0,2,2,4,0,2,2,1,21
15,14,29,30,15,15,0,2,5,5,0,2,2,5,0,2,3,1,20
15,14,29,30,15,15,0,2,6,6,0,2,2,6,0,2,4,1,20
15,14,29,30,15,15,0,2,7,7,0,2,2,7,0,2,5,1,21
15,14,29,30,15,15,0,2,8,6,1,2,2,6,1,2,4,1,20
15,14,29,30,15,15,0,2,9,5,1,2,1,5,1,2,1,1,20
15,14,29,30,15,15,0,2,10,4,1,2,1,4,1,2,1,1,21
15,14,29,30,15,15,0,2,11,11,0,2,2,11,0,2,9,1,20
15,14,29,30,15,15,0,2,12,12,0,2,2,12,0,2,10,1,21
15,14,29,30,15,15,0,2,13,13,0,2,2,14,0,1,13,0,23
15,15,30,31,15,15,0,2,1,13,1,2,1,15,0,1,14,0,25
15,15,30,31,15,15,0,2,2,12,1,2,1,12,1,2,1,1,21
15,15,30,31,15,15,0,2,3,11,1,2,1,11,1,2,1,1,22
15,15,30,31,15,15,0,2,4,4,0,2,2,4,0,2,2,1,21
15,15,30,31,15,15,0,2,5,5,0,2,2,5,0,2,3,1,17
15,15,30,31,15,15,0,2,6,6,0,2,2,6,0,2,4,1,22
15,15,30,31,15,15,0,2,7,7,0,2,2,7,0,2,5,1,20
15,15,30,31,15,15,0,2,8,6,1,2,2,6,1,2,4,1,18
15,15,30,31,15,15,0,2,9,5,1,2,2,9,0,2,7,1,19
15,15,30,31,15,15,0,2,10,4,1,2,2,4,1,2,2,1,19
15,15,30,31,15,15,0,2,11,11,0,2,2,11,0,2,9,1,19
15,15,30,31,15,15,0,2,12,12,0,2,2,12,0,2,10,1,19
15,15,30,31,15,15,0,2,13,13,0,2,2,13,0,2,11,1,22
15,16,31,32,15,15,0,2,1,13,1,2,1,13,1,2,1,1,25
15,16,31,32,15,15,0,2,2,12,1,2,2,12,1,2,10,1,15
15,16,31,32,15,15,0,2,3,11,1,2,1,11,1,2,1,1,22
15,16,31,32,15,15,0,2,4,4,0,2,2,4,0,2,2,1,22
15,16,31,32,15,15,0,2,5,5,0,2,2,5,0,2,3,1,16
15,16,31,32,15,15,0,2,6,6,0,2,2,6,0,2,4,1,22
15,16,31,32,15,15,0,2,7,7,0,2,2,7,0,2,5,1,21
15,16,31,32,15,15,0,2,8,6,1,2,2,6,1,2,4,1,18
15,16,31,32,15,15,0,2,9,5,1,2,1,5,1,2,1,1,22
15,16,31,32,15,15,0,2,10,4,1,2,1,4,1,2,1,1,21
15,16,31,32,15,15,0,2,11,11,0,2,2,11,0,2,9,1,19
15,16,31,32,15,15,0,2,12,12,0,2,2,12,0,2,10,1,22
15,16,31,32,15,15,0,2,13,13,0,2,2,13,0,2,11,1,22
15,16,31,32,15,16,0,2,1,14,1,2,2,15,0,1,14,0,25
15,16,31,32,15,16,0,2,2,13,1,2,2,13,1,2,11,1,19
15,16,31,32,15,16,0,2,3,12,1,2,1,12,1,2,1,1,23
15,16,31,32,15,16,0,2,4,4,0,2,2,4,0,2,2,1,23
15,16,31,32,15,16,0,2,5,5,0,2,2,5,0,2,3,1,21
15,16,31,32,15,16,0,2,6,6,0,2,2,6,0,2,4,1,23
15,16,31,32,15,16,0,2,7,7,0,2,2,7,0,2,5,1,22
15,16,31,32,15,16,0,2,8,7,1,2,1,7,1,2,1,1,21
15,16,31,32,15,16,0,2,9,6,1,2,2,6,1,2,4,1,20
15,16,31,32,15,16,0,2,10,5,1,2,1,5,1,2,1,1,22
15,16,31,32,15,16,0,2,11,4,1,2,1,4,1,2,1,1,22
15,16,31,32,15,16,0,2,12,12,0,2,2,12,0,2,10,1,21
15,16,31,32,15,16,0,2,13,13,0,2,2,13,0,2,11,1,22
15,16,31,32,15,16,0,2,14,14,0,2,2,15,0,1,14,0,25
15,18,33,34,15,15,0,2,1,13,1,2,0,13,1,2,0,0,27
15,18,33,34,15,15,0,2,2,12,1,2,2,12,1,2,10,1,12
15,18,33,34,15,15,0,2,3,11,1,2,1,11,1,2,1,1,23
15,18,33,34,15,15,0,2,4,4,0,2,2,4,0,2,2,1,25
15,18,33,34,15,15,0,2,5,5,0,2,1,5,0,2,1,1,21
15,18,33,34,15,15,0,2,6,6,0,2,2,6,0,2,4,1,24
15,18,33,34,15,15,0,2,7,7,0,2,2,7,0,2,5,1,25
15,18,33,34,15,15,0,2,8,6,1,2,2,6,1,2,4,1,20
15,18,33,34,15,15,0,2,9,5,1,2,1,5,1,2,1,1,23
15,18,33,34,15,15,0,2,10,4,1,2,1,4,1,2,1,1,24
15,18,33,34,15,15,0,2,11,11,0,2,1,11,0,2,1,1,22
15,18,33,34,15,15,0,2,12,12,0,2,2,12,0,2,10,1,24
15,18,33,34,15,15,0,2,13,13,0,2,2,13,0,2,11,1,24
15,18,33,34,15,18,0,2,1,15,0,1,1,16,1,2,0,0,28
15,18,33,34,15,18,0,2,2,15,0,1,2,15,1,2,13,1,8
15,18,33,34,15,18,0,2,3,3,0,2,1,3,0,2,1,1,26
15,18,33,34,15,18,0,2,4,4,0,2,2,4,0,2,2,1,25
15,18,33,34,15,18,0,2,5,5,0,2,1,5,0,2,1,1,19
15,18,33,34,15,18,0,2,6,6,0,2,2,6,0,2,4,1,24
15,18,33,34,15,18,0,2,7,7,0,2,2,7,0,2,5,1,23
15,18,33,34,15,18,0,2,8,8,0,2,2,8,0,2,6,1,20
15,18,33,34,15,18,0,2,9,8,1,2,1,8,1,2,1,1,23
15,18,33,34,15,18,0,2,10,7,1,2,1,7,1,2,1,1,23
15,18,33,34,15,18,0,2,11,6,1,2,2,6,1,2,4,1,19
15,18,33,34,15,18,0,2,12,5,1,2,1,5,1,2,1,1,23
15,18,33,34,15,18,0,2,13,4,1,2,1,4,1,2,1,1,22
15,18,33,34,15,18,0,2,14,3,1,2,1,3,1,2,1,1,23
15,18,33,34,15,18,0,2,15,2,1,2,0,2,1,2,0,0,25
15,18,33,34,15,18,0,2,16,15,0,1,2,16,0,2,1,1,25
15,19,34,35,15,15,0,2,1,13,1,2,1,13,1,2,1,1,28
15,19,34,35,15,15,0,2,2,12,1,2,2,12,1,2,10,1,22
15,19,34,35,15,15,0,2,3,11,1,2,1,11,1,2,1,1,26
15,19,34,35,15,15,0,2,4,4,0,2,2,4,0,2,2,1,26
15,19,34,35,15,15,0,2,5,5,0,2,2,5,0,2,3,1,20
15,19,34,35,15,15,0,2,6,6,0,2,2,6,0,2,4,1,24
15,19,34,35,15,15,0,2,7,7,0,2,2,7,0,2,5,1,21
15,19,34,35,15,15,0,2,8,6,1,2,2,6,1,2,4,1,21
15,19,34,35,15,15,0,2,9,5,1,2,2,9,0,2,7,1,23
15,19,34,35,15,15,0,2,10,4,1,2,2,4,1,2,2,1,20
15,19,34,35,15,15,0,2,11,11,0,2,2,11,0,2,9,1,22
15,19,34,35,15,15,0,2,12,12,0,2,2,12,0,2,10,1,24
15,19,34,35,15,15,0,2,13,13,0,2,2,13,0,2,11,1,21
15,19,34,35,15,19,0,2,1,15,0,1,1,15,0,1,1,1,28
15,19,34,35,15,19,0,2,2,15,0,1,2,16,1,2,1,1,24
15,19,34,35,15,19,0,2,3,3,0,2,1,3,0,2,1,1,27
15,19,34,35,15,19,0,2,4,4,0,2,2,4,0,2,2,1,26
15,19,34,35,15,19,0,2,5,5,0,2,2,5,0,2,3,1,16
15,19,34,35,15,19,0,2,6,6,0,2,1,6,0,2,1,1,23
15,19,34,35,15,19,0,2,7,7,0,2,2,7,0,2,5,1,22
15,19,34,35,15,19,0,2,8,8,0,2,2,8,0,2,6,1,17
15,19,34,35,15,19,0,2,9,9,0,2,2,9,0,2,7,1,22
15,19,34,35,15,19,0,2,10,8,1,2,2,8,1,2,6,1,19
15,19,34,35,15,19,0,2,11,7,1,2,2,7,1,2,5,1,18
15,19,34,35,15,19,0,2,12,6,1,2,1,6,1,2,1,1,22
15,19,34,35,15,19,0,2,13,5,1,2,2,13,0,2,11,1,18
15,19,34,35,15,19,0,2,14,4,1,2,2,4,1,2,2,1,22
15,19,34,35,15,19,0,2,15,3,1,2,1,3,1,2,1,1,23
15,19,34,35,15,19,0,2,16,15,0,1,2,16,0,2,14,1,19
15,19,34,35,15,19,0,2,17,15,0,1,2,17,0,2,1,1,26
15,20,35,36,15,15,0,2,1,13,1,2,1,13,1,2,1,1,29
15,20,35,36,15,15,0,2,2,12,1,2,2,12,1,2,10,1,24
15,20,35,36,15,15,0,2,3,11,1,2,1,11,1,2,1,1,27
15,20,35,36,15,15,0,2,4,4,0,2,1,4,0,2,1,1,28
15,20,35,36,15,15,0,2,5,5,0,2,2,5,0,2,3,1,24
15,20,35,36,15,15,0,2,6,6,0,2,2,6,0,2,4,1,26
15,20,35,36,15,15,0,2,7,7,0,2,2,7,0,2,5,1,27
15,20,35,36,15,15,0,2,8,6,1,2,1,6,1,2,1,1,26
15,20,35,36,15,15,0,2,9,5,1,2,1,5,1,2,1,1,26
15,20,35,36,15,15,0,2,10,4,1,2,1,4,1,2,1,1,26
15,20,35,36,15,15,0,2,11,3,1,2,1,3,1,2,1,1,26
15,20,35,36,15,15,0,2,12,12,0,2,1,12,0,2,1,1,28
15,20,35,36,15,15,0,2,13,13,0,2,2,13,0,2,11,1,28
15,20,35,36,15,20,0,2,1,15,0,1,1,15,0,1,1,1,29
15,20,35,36,15,20,0,2,2,15,0,1,1,15,0,1,1,1,25
15,20,35,36,15,20,0,2,3,15,0,1,2,15,0,1,13,1,25
15,20,35,36,15,20,0,2,4,4,0,2,1,4,0,2,1,1,28
15,20,35,36,15,20,0,2,5,5,0,2,2,5,0,2,3,1,25
15,20,35,36,15,20,0,2,6,6,0,2,2,6,0,2,4,1,26
15,20,35,36,15,20,0,2,7,7,0,2,1,7,0,2,1,1,26
15,20,35,36,15,20,0,2,8,8,0,2,2,8,0,2,6,1,25
15,20,35,36,15,20,0,2,9,9,0,2,1,9,0,2,1,1,26
15,20,35,36,15,20,0,2,10,9,1,2,1,9,1,2,1,1,27
15,20,35,36,15,20,0,2,11,8,1,2,1,8,1,2,1,1,26
15,20,35,36,15,20,0,2,12,7,1,2,1,7,1,2,1,1,26
15,20,35,36,15,20,0,2,13,6,1,2,1,6,1,2,1,1,26
15,20,35,36,15,20,0,2,14,5,1,2,1,5,1,2,1,1,27
15,20,35,36,15,20,0,2,15,4,1,2,1,4,1,2,1,1,26
15,20,35,36,15,20,0,2,16,3,1,2,1,3,1,2,1,1,25
15,20,35,36,15,20,0,2,17,15,0,1,2,15,0,1,13,1,27
15,20,35,36,15,20,0,2,18,15,0,1,2,15,0,1,13,1,27
15,21,36,37,15,15,0,2,1,13,1,2,1,13,1,2,1,1,29
15,21,36,37,15,15,0,2,2,12,1,2,1,12,1,2,1,1,25
15,21,36,37,15,15,0,2,3,11,1,2,1,11,1,2,1,1,28
15,21,36,37,15,15,0,2,4,4,0,2,2,4,0,2,2,1,26
15,21,36,37,15,15,0,2,5,5,0,2,2,5,0,2,3,1,22
15,21,36,37,15,15,0,2,6,6,0,2,2,6,0,2,4,1,28
15,21,36,37,15,15,0,2,7,7,0,2,2,7,0,2,5,1,22
15,21,36,37,15,15,0,2,8,6,1,2,2,6,1,2,4,1,23
15,21,36,37,15,15,0,2,9,5,1,2,2,9,0,2,7,1,23
15,21,36,37,15,15,0,2,10,4,1,2,2,4,1,2,2,1,22
15,21,36,37,15,15,0,2,11,11,0,2,2,11,0,2,9,1,24
15,21,36,37,15,15,0,2,12,12,0,2,2,12,0,2,10,1,25
15,21,36,37,15,15,0,2,13,13,0,2,2,13,0,2,11,1,24
15,21,36,37,15,21,0,2,1,15,0,1,1,15,0,1,1,1,30
15,21,36,37,15,21,0,2,2,15,0,1,2,15,0,1,13,1,26
15,21,36,37,15,21,0,2,3,15,0,1,2,15,0,1,13,1,27
15,21,36,37,15,21,0,2,4,4,0,2,2,4,0,2,2,1,27
15,21,36,37,15,21,0,2,5,5,0,2,2,5,0,2,3,1,23
15,21,36,37,15,21,0,2,6,6,0,2,2,6,0,2,4,1,28
15,21,36,37,15,21,0,2,7,7,0,2,2,7,0,2,5,1,23
15,21,36,37,15,21,0,2,8,8,0,2,2,8,0,2,6,1,22
15,21,36,37,15,21,0,2,9,9,0,2,2,9,0,2,7,1,23
15,21,36,37,15,21,0,2,10,10,0,2,2,10,0,2,8,1,22
15,21,36,37,15,21,0,2,11,9,1,2,2,9,1,2,7,1,23
15,21,36,37,15,21,0,2,12,8,1,2,2,8,1,2,6,1,24
15,21,36,37,15,21,0,2,13,7,1,2,2,7,1,2,5,1,23
15,21,36,37,15,21,0,2,14,6,1,2,2,6,1,2,4,1,23
15,21,36,37,15,21,0,2,15,5,1,2,2,15,0,2,13,1,23
15,21,36,37,15,21,0,2,16,4,1,2,2,4,1,2,2,1,26
15,21,36,37,15,21,0,2,17,15,0,1,2,17,0,2,15,1,20
15,21,36,37,15,21,0,2,18,15,0,1,2,18,0,2,16,1,26
15,21,36,37,15,21,0,2,19,15,0,1,2,15,0,1,2,2,25
15,22,37,38,15,15,0,2,1,13,1,2,1,13,1,2,1,1,31
15,22,37,38,15,15,0,2,2,12,1,2,2,12,1,2,10,1,17
15,22,37,38,15,15,0,2,3,11,1,2,1,11,1,2,1,1,29
15,22,37,38,15,15,0,2,4,4,0,2,2,4,0,2,2,1,29
15,22,37,38,15,15,0,2,5,5,0,2,2,5,0,2,3,1,24
15,22,37,38,15,15,0,2,6,6,0,2,2,6,0,2,4,1,28
15,22,37,38,15,15,0,2,7,7,0,2,2,7,0,2,5,1,28
15,22,37,38,15,15,0,2,8,6,1,2,2,6,1,2,4,1,26
15,22,37,38,15,15,0,2,9,5,1,2,1,5,1,2,1,1,28
15,22,37,38,15,15,0,2,10,4,1,2,1,4,1,2,1,1,28
15,22,37,38,15,15,0,2,11,11,0,2,2,11,0,2,9,1,26
15,22,37,38,15,15,0,2,12,12,0,2,2,12,0,2,10,1,28
15,22,37,38,15,15,0,2,13,13,0,2,2,13,0,2,11,1,29
15,22,37,38,15,22,0,2,1,15,0,1,1,15,0,1,1,1,31
15,22,37,38,15,22,0,2,2,15,0,1,1,15,0,1,1,1,19
15,22,37,38,15,22,0,2,3,15,0,1,1,15,0,1,1,1,29
15,22,37,38,15,22,0,2,4,4,0,2,2,4,0,2,2,1,28
15,22,37,38,15,22,0,2,5,5,0,2,2,5,0,2,3,1,26
15,22,37,38,15,22,0,2,6,6,0,2,2,6,0,2,4,1,29
15,22,37,38,15,22,0,2,7,7,0,2,2,7,0,2,5,1,28
15,22,37,38,15,22,0,2,8,8,0,2,2,8,0,2,6,1,27
15,22,37,38,15,22,0,2,9,9,0,2,2,9,0,2,7,1,25
15,22,37,38,15,22,0,2,10,10,0,2,2,10,0,2,8,1,28
15,22,37,38,15,22,0,2,11,10,1,2,1,10,1,2,1,1,27
15,22,37,38,15,22,0,2,12,9,1,2,2,9,1,2,7,1,26
15,22,37,38,15,22,0,2,13,8,1,2,1,8,1,2,1,1,28
15,22,37,38,15,22,0,2,14,7,1,2,1,7,1,2,1,1,28
15,22,37,38,15,22,0,2,15,6,1,2,2,6,1,2,4,1,27
15,22,37,38,15,22,0,2,16,5,1,2,1,5,1,2,1,1,28
15,22,37,38,15,22,0,2,17,4,1,2,1,4,1,2,1,1,27
15,22,37,38,15,22,0,2,18,15,0,1,2,15,0,1,13,1,27
15,22,37,38,15,22,0,2,19,15,0,1,1,15,0,1,1,1,29
15,22,37,38,15,22,0,2,20,15,0,1,2,15,0,1,13,1,29
15,23,38,39,15,15,0,2,1,13,1,2,0,13,1,2,0,0,32
15,23,38,39,15,15,0,2,2,12,1,2,2,12,1,2,10,1,24
15,23,38,39,15,15,0,2,3,11,1,2,1,11,1,2,1,1,30
15,23,38,39,15,15,0,2,4,4,0,2,2,4,0,2,2,1,28
15,23,38,39,15,15,0,2,5,5,0,2,2,5,0,2,3,1,14
15,23,38,39,15,15,0,2,6,6,0,2,2,6,0,2,4,1,26
15,23,38,39,15,15,0,2,7,7,0,2,2,7,0,2,5,1,24
15,23,38,39,15,15,0,2,8,6,1,2,2,6,1,2,4,1,21
15,23,38,39,15,15,0,2,9,5,1,2,2,9,0,2,7,1,25
15,23,38,39,15,15,0,2,10,4,1,2,2,4,1,2,2,1,23
15,23,38,39,15,15,0,2,11,11,0,2,2,11,0,2,9,1,23
15,23,38,39,15,15,0,2,12,12,0,2,2,12,0,2,10,1,26
15,23,38,39,15,15,0,2,13,13,0,2,2,13,0,2,11,1,26
15,23,38,39,15,23,0,2,1,15,0,1,1,21,1,2,0,0,33
15,23,38,39,15,23,0,2,2,15,0,1,2,20,1,2,18,1,26
15,23,38,39,15,23,0,2,3,15,0,1,1,15,0,1,1,1,30
15,23,38,39,15,23,0,2,4,4,0,2,2,4,0,2,2,1,28
15,23,38,39,15,23,0,2,5,5,0,2,2,5,0,2,3,1,16
15,23,38,39,15,23,0,2,6,6,0,2,2,6,0,2,4,1,28
15,23,38,39,15,23,0,2,7,7,0,2,2,7,0,2,5,1,25
15,23,38,39,15,23,0,2,8,8,0,2,2,8,0,2,6,1,21
15,23,38,39,15,23,0,2,9,9,0,2,2,9,0,2,7,1,25
15,23,38,39,15,23,0,2,10,10,0,2,2,10,0,2,8,1,23
15,23,38,39,15,23,0,2,11,11,0,2,2,11,0,2,9,1,24
15,23,38,39,15,23,0,2,12,10,1,2,2,10,1,2,8,1,23
15,23,38,39,15,23,0,2,13,9,1,2,2,9,1,2,7,1,21
15,23,38,39,15,23,0,2,14,8,1,2,2,8,1,2,6,1,23
15,23,38,39,15,23,0,2,15,7,1,2,3,15,0,2,13,1,19
15,23,38,39,15,23,0,2,16,6,1,2,2,6,1,2,4,1,24
15,23,38,39,15,23,0,2,17,5,1,2,2,5,1,2,2,2,21
15,23,38,39,15,23,0,2,18,15,0,1,2,18,0,2,16,1,16
15,23,38,39,15,23,0,2,19,15,0,1,2,19,0,2,17,1,27
15,23,38,39,15,23,0,2,20,15,0,1,2,15,0,1,2,2,22
15,23,38,39,15,23,0,2,21,15,0,1,2,21,0,2,19,1,23
15,24,39,40,15,15,0,2,1,13,1,2,1,13,1,2,1,1,33
15,24,39,40,15,15,0,2,2,12,1,2,2,12,1,2,10,1,23
15,24,39,40,15,15,0,2,3,11,1,2,1,11,1,2,1,1,31
15,24,39,40,15,15,0,2,4,4,0,2,2,4,0,2,2,1,31
15,24,39,40,15,15,0,2,5,5,0,2,2,5,0,2,3,1,29
15,24,39,40,15,15,0,2,6,6,0,2,2,6,0,2,4,1,30
15,24,39,40,15,15,0,2,7,7,0,2,2,7,0,2,5,1,31
15,24,39,40,15,15,0,2,8,6,1,2,2,6,1,2,4,1,30
15,24,39,40,15,15,0,2,9,5,1,2,1,5,1,2,1,1,30
15,24,39,40,15,15,0,2,10,4,1,2,1,4,1,2,1,1,30
15,24,39,40,15,15,0,2,11,11,0,2,2,11,0,2,9,1,30
15,24,39,40,15,15,0,2,12,12,0,2,2,12,0,2,10,1,30
15,24,39,40,15,15,0,2,13,13,0,2,2,13,0,2,11,1,32
15,24,39,40,15,24,0,2,1,15,0,1,1,15,0,1,1,1,33
15,24,39,40,15,24,0,2,2,15,0,1,1,15,0,1,1,1,23
15,24,39,40,15,24,0,2,3,3,0,2,1,3,0,2,1,1,32
15,24,39,40,15,24,0,2,4,4,0,2,2,4,0,2,2,1,31
15,24,39,40,15,24,0,2,5,5,0,2,2,5,0,2,3,1,30
15,24,39,40,15,24,0,2,6,6,0,2,1,6,0,2,1,1,32
15,24,39,40,15,24,0,2,7,7,0,2,2,7,0,2,5,1,30
15,24,39,40,15,24,0,2,8,8,0,2,1,8,0,2,1,1,29
15,24,39,40,15,24,0,2,9,9,0,2,2,9,0,2,7,1,29
15,24,39,40,15,24,0,2,10,10,0,2,2,10,0,2,8,1,30
15,24,39,40,15,24,0,2,11,11,0,2,2,11,0,2,9,1,28
15,24,39,40,15,24,0,2,12,11,1,2,1,11,1,2,1,1,29
15,24,39,40,15,24,0,2,13,10,1,2,1,10,1,2,1,1,30
15,24,39,40,15,24,0,2,14,9,1,2,1,9,1,2,1,1,29
15,24,39,40,15,24,0,2,15,8,1,2,1,8,1,2,1,1,30
15,24,39,40,15,24,0,2,16,7,1,2,1,7,1,2,1,1,29
15,24,39,40,15,24,0,2,17,6,1,2,1,6,1,2,1,1,30
15,24,39,40,15,24,0,2,18,5,1,2,1,5,1,2,1,1,30
15,24,39,40,15,24,0,2,19,4,1,2,1,4,1,2,1,1,30
15,24,39,40,15,24,0,2,20,3,1,2,1,3,1,2,1,1,30
15,24,39,40,15,24,0,2,21,15,0,1,2,15,0,1,13,1,30
15,24,39,40,15,24,0,2,22,15,0,1,2,15,0,1,13,1,32
16,2,18,19,16,16,0,2,1,14,1,2,1,14,1,2,1,1,12
16,2,18,19,16,16,0,2,2,13,1,2,2,13,1,2,2,2,3
16,2,18,19,16,16,0,2,3,3,0,2,1,3,0,2,1,1,11
16,2,18,19,16,16,0,2,4,4,0,2,1,4,0,2,1,1,11
16,2,18,19,16,16,0,2,5,5,0,2,1,5,0,2,1,1,6
16,2,18,19,16,16,0,2,6,6,0,2,1,6,0,2,1,1,11
16,2,18,19,16,16,0,2,7,7,0,2,2,7,0,2,5,1,9
16,2,18,19,16,16,0,2,8,7,1,2,2,8,0,2,1,1,9
16,2,18,19,16,16,0,2,9,6,1,2,1,6,1,2,1,1,11
16,2,18,19,16,16,0,2,10,5,1,2,2,5,1,2,2,2,4
16,2,18,19,16,16,0,2,11,4,1,2,2,4,1,2,2,1,8
16,2,18,19,16,16,0,2,12,3,1,2,1,3,1,2,1,1,11
16,2,18,19,16,16,0,2,13,13,0,2,1,13,0,2,1,1,8
16,2,18,19,16,16,0,2,14,14,0,2,1,14,0,2,1,1,11
16,3,19,20,16,3,0,2,1,16,0,1,1,16,0,1,1,1,14
16,3,19,20,16,16,0,2,1,3,0,1,1,3,0,1,2,0,14
16,3,19,20,16,16,0,2,2,13,1,2,2,13,1,2,2,2,4
16,3,19,20,16,16,0,2,3,12,1,2,1,12,1,2,1,1,10
16,3,19,20,16,16,0,2,4,4,0,2,2,4,0,2,2,1,8
16,3,19,20,16,16,0,2,5,5,0,2,2,5,0,2,3,1,5
16,3,19,20,16,16,0,2,6,6,0,2,2,9,1,2,7,1,8
16,3,19,20,16,16,0,2,7,7,0,2,3,7,0,2,5,1,5
16,3,19,20,16,16,0,2,8,7,1,2,2,7,1,2,5,1,4
16,3,19,20,16,16,0,2,9,6,1,2,2,6,1,2,2,2,5
16,3,19,20,16,16,0,2,10,5,1,2,1,5,1,2,1,1,9
16,3,19,20,16,16,0,2,11,4,1,2,2,4,1,2,2,1,3
16,3,19,20,16,16,0,2,12,12,0,2,2,12,0,2,10,1,7
16,3,19,20,16,16,0,2,13,13,0,2,2,13,0,2,11,1,10
16,3,19,20,16,16,0,2,14,14,0,2,2,14,0,2,12,1,7
16,4,20,21,16,4,0,2,1,16,0,1,1,16,0,1,1,1,14
16,4,20,21,16,4,0,2,2,16,0,1,3,16,0,1,13,2,8
16,4,20,21,16,16,0,2,1,4,0,1,1,4,0,1,1,1,14
16,4,20,21,16,16,0,2,2,13,1,2,2,13,1,2,2,2,4
16,4,20,21,16,16,0,2,3,4,0,1,1,4,0,1,1,1,11
16,4,20,21,16,16,0,2,4,4,0,1,1,4,0,1,1,1,7
16,4,20,21,16,16,0,2,5,5,0,2,2,5,0,2,2,2,4
16,4,20,21,16,16,0,2,6,9,1,2,2,9,1,2,7,1,4
16,4,20,21,16,16,0,2,7,4,0,1,1,4,0,1,1,1,7
16,4,20,21,16,16,0,2,8,4,0,1,1,4,0,1,1,1,7
16,4,20,21,16,16,0,2,9,6,1,2,2,6,1,2,2,2,3
16,4,20,21,16,16,0,2,10,4,0,1,1,4,0,1,1,1,10
16,4,20,21,16,16,0,2,11,4,0,1,1,4,0,1,1,1,6
16,4,20,21,16,16,0,2,12,12,0,2,3,12,0,2,10,1,3
16,4,20,21,16,16,0,2,13,4,0,1,1,4,0,1,1,1,9
16,4,20,21,16,16,0,2,14,4,0,1,1,4,0,1,1,1,8
16,5,21,22,16,5,0,2,1,3,1,2,1,3,1,2,1,1,15
16,5,21,22,16,5,0,2,2,16,0,1,1,16,0,1,1,1,8
16,5,21,22,16,5,0,2,3,16,0,1,1,16,0,1,1,1,14
16,5,21,22,16,16,0,2,1,5,0,1,1,5,0,1,1,1,15
16,5,21,22,16,16,0,2,2,5,0,1,2,13,1,2,11,1,7
16,5,21,22,16,16,0,2,3,5,0,1,2,5,0,1,3,1,12
16,5,21,22,16,16,0,2,4,4,0,2,2,4,0,2,2,1,11
16,5,21,22,16,16,0,2,5,5,0,1,2,5,0,2,3,1,10
16,5,21,22,16,16,0,2,6,5,0,1,2,5,0,1,3,1,11
16,5,21,22,16,16,0,2,7,5,0,1,2,5,0,1,3,1,13
16,5,21,22,16,16,0,2,8,5,0,1,2,7,1,2,1,1,10
16,5,21,22,16,16,0,2,9,5,0,1,2,6,1,2,1,1,8
16,5,21,22,16,16,0,2,10,5,0,1,2,5,1,2,1,1,10
16,5,21,22,16,16,0,2,11,4,1,2,1,4,1,2,1,1,12
16,5,21,22,16,16,0,2,12,3,1,2,1,3,1,2,1,1,10
16,5,21,22,16,16,0,2,13,5,0,1,2,13,0,2,11,1,10
16,5,21,22,16,16,0,2,14,5,0,1,2,5,0,1,3,1,13
16,6,22,23,16,6,0,2,1,4,1,2,0,4,1,2,0,0,17
16,6,22,23,16,6,0,2,2,16,0,1,2,16,0,1,2,2,9
16,6,22,23,16,6,0,2,3,16,0,1,1,16,0,1,1,1,14
16,6,22,23,16,6,0,2,4,4,0,2,2,4,0,2,2,1,13
16,6,22,23,16,16,0,2,1,6,0,1,2,6,0,1,4,1,15
16,6,22,23,16,16,0,2,2,6,0,1,3,13,1,2,11,1,9
16,6,22,23,16,16,0,2,3,6,0,1,1,6,0,1,1,1,11
16,6,22,23,16,16,0,2,4,4,0,2,2,4,0,2,2,1,12
16,6,22,23,16,16,0,2,5,5,0,2,2,10,1,2,8,1,7
16,6,22,23,16,16,0,2,6,6,0,1,1,6,0,1,1,1,8
16,6,22,23,16,16,0,2,7,6,0,1,2,7,0,2,5,1,10
16,6,22,23,16,16,0,2,8,6,0,1,3,7,1,2,5,1,9
16,6,22,23,16,16,0,2,9,6,0,1,1,6,0,1,1,1,11
16,6,22,23,16,16,0,2,10,5,1,2,2,10,0,2,8,1,6
16,6,22,23,16,16,0,2,11,4,1,2,2,4,1,2,2,1,11
16,6,22,23,16,16,0,2,12,6,0,1,2,6,0,1,2,2,7
16,6,22,23,16,16,0,2,13,6,0,1,3,13,0,2,11,1,8
16,6,22,23,16,16,0,2,14,6,0,1,2,14,0,2,12,1,11
16,7,23,24,16,7,0,2,1,5,1,2,1,5,1,2,1,1,17
16,7,23,24,16,7,0,2,2,4,1,2,2,4,1,2,2,1,8
16,7,23,24,16,7,0,2,3,3,0,2,1,3,0,2,1,1,16
16,7,23,24,16,7,0,2,4,4,0,2,2,4,0,2,2,1,15
16,7,23,24,16,7,0,2,5,5,0,2,1,5,0,2,1,1,14
16,7,23,24,16,16,0,2,1,7,0,1,1,7,0,1,1,1,17
16,7,23,24,16,16,0,2,2,7,0,1,1,7,0,1,1,1,7
16,7,23,24,16,16,0,2,3,3,0,2,1,3,0,2,1,1,16
16,7,23,24,16,16,0,2,4,4,0,2,2,4,0,2,2,1,14
16,7,23,24,16,16,0,2,5,5,0,2,2,5,0,2,3,1,11
16,7,23,24,16,16,0,2,6,6,0,2,1,6,0,2,1,1,15
16,7,23,24,16,16,0,2,7,7,0,1,2,7,0,2,5,1,11
16,7,23,24,16,16,0,2,8,7,0,1,2,7,1,2,5,1,11
16,7,23,24,16,16,0,2,9,6,1,2,1,6,1,2,1,1,15
16,7,23,24,16,16,0,2,10,5,1,2,1,5,1,2,1,1,11
16,7,23,24,16,16,0,2,11,4,1,2,2,4,1,2,2,1,12
16,7,23,24,16,16,0,2,12,3,1,2,1,3,1,2,1,1,14
16,7,23,24,16,16,0,2,13,7,0,1,2,7,0,1,5,1,11
16,7,23,24,16,16,0,2,14,7,0,1,1,7,0,1,1,1,16
16,8,24,25,16,8,0,2,1,6,1,2,1,6,1,2,1,1,17
16,8,24,25,16,8,0,2,2,5,1,2,1,5,1,2,1,1,13
16,8,24,25,16,8,0,2,3,4,1,2,1,4,1,2,1,1,13
16,8,24,25,16,8,0,2,4,3,1,2,1,3,1,2,1,1,14
16,8,24,25,16,8,0,2,5,5,0,2,2,5,0,2,3,1,6
16,8,24,25,16,8,0,2,6,6,0,2,2,6,0,2,4,1,13
16,8,24,25,16,16,0,2,1,8,0,1,2,8,0,1,6,1,17
16,8,24,25,16,16,0,2,2,8,0,1,2,13,1,2,11,1,12
16,8,24,25,16,16,0,2,3,8,0,1,2,12,1,2,1,1,13
16,8,24,25,16,16,0,2,4,4,0,2,2,4,0,2,2,1,13
16,8,24,25,16,16,0,2,5,5,0,2,2,5,0,2,3,1,7
16,8,24,25,16,16,0,2,6,6,0,2,2,6,0,2,4,1,11
16,8,24,25,16,16,0,2,7,7,0,2,2,8,1,2,1,1,11
16,8,24,25,16,16,0,2,8,7,1,2,3,8,0,2,6,1,7
16,8,24,25,16,16,0,2,9,6,1,2,2,6,1,2,4,1,10
16,8,24,25,16,16,0,2,10,5,1,2,2,5,1,2,2,2,7
16,8,24,25,16,16,0,2,11,8,0,1,2,11,0,2,9,1,5
16,8,24,25,16,16,0,2,12,3,1,2,1,3,1,2,1,1,13
16,8,24,25,16,16,0,2,13,8,0,1,2,8,0,1,2,2,6
16,8,24,25,16,16,0,2,14,8,0,1,2,14,0,2,12,1,10
16,9,25,26,16,9,0,2,1,7,1,2,1,7,1,2,1,1,19
16,9,25,26,16,9,0,2,2,6,1,2,2,6,1,2,2,2,7
16,9,25,26,16,9,0,2,3,5,1,2,1,5,1,2,1,1,17
16,9,25,26,16,9,0,2,4,4,0,2,2,4,0,2,2,1,16
16,9,25,26,16,9,0,2,5,5,0,2,2,5,0,2,3,1,10
16,9,25,26,16,9,0,2,6,6,0,2,2,6,0,2,4,1,16
16,9,25,26,16,9,0,2,7,7,0,2,2,7,0,2,5,1,16
16,9,25,26,16,16,0,2,1,9,0,1,1,9,0,1,1,1,19
16,9,25,26,16,16,0,2,2,9,0,1,1,9,0,1,1,1,9
16,9,25,26,16,16,0,2,3,9,0,1,1,9,0,1,1,1,17
16,9,25,26,16,16,0,2,4,4,0,2,2,4,0,2,2,1,14
16,9,25,26,16,16,0,2,5,5,0,2,2,5,0,2,3,1,13
16,9,25,26,16,16,0,2,6,6,0,2,2,9,0,1,1,1,14
16,9,25,26,16,16,0,2,7,7,0,2,2,7,0,2,5,1,15
16,9,25,26,16,16,0,2,8,7,1,2,1,7,1,2,1,1,14
16,9,25,26,16,16,0,2,9,6,1,2,2,6,1,2,4,1,11
16,9,25,26,16,16,0,2,10,5,1,2,2,9,0,1,7,1,14
16,9,25,26,16,16,0,2,11,4,1,2,1,4,1,2,1,1,12
16,9,25,26,16,16,0,2,12,9,0,1,2,12,0,2,10,1,11
16,9,25,26,16,16,0,2,13,9,0,1,1,9,0,1,1,1,17
16,9,25,26,16,16,0,2,14,9,0,1,2,9,0,1,7,1,14
16,10,26,27,16,10,0,2,1,8,1,2,1,8,1,2,1,1,20
16,10,26,27,16,10,0,2,2,7,1,2,2,7,1,2,5,1,12
16,10,26,27,16,10,0,2,3,6,1,2,1,6,1,2,1,1,18
16,10,26,27,16,10,0,2,4,4,0,2,2,4,0,2,2,1,17
16,10,26,27,16,10,0,2,5,4,1,2,2,4,1,2,2,1,9
16,10,26,27,16,10,0,2,6,3,1,2,1,3,1,2,1,1,17
16,10,26,27,16,10,0,2,7,7,0,2,2,7,0,2,5,1,14
16,10,26,27,16,10,0,2,8,8,0,2,2,8,0,2,6,1,12
16,10,26,27,16,16,0,2,1,10,0,1,1,10,0,1,9,0,21
16,10,26,27,16,16,0,2,2,10,0,1,2,13,1,2,11,1,12
16,10,26,27,16,16,0,2,3,10,0,1,2,10,0,1,8,1,16
16,10,26,27,16,16,0,2,4,4,0,2,2,4,0,2,2,1,17
16,10,26,27,16,16,0,2,5,5,0,2,2,5,0,2,3,1,10
16,10,26,27,16,16,0,2,6,6,0,2,2,6,0,2,4,1,14
16,10,26,27,16,16,0,2,7,7,0,2,2,7,0,2,5,1,15
16,10,26,27,16,16,0,2,8,7,1,2,2,7,1,2,5,1,11
16,10,26,27,16,16,0,2,9,6,1,2,2,6,1,2,4,1,12
16,10,26,27,16,16,0,2,10,5,1,2,2,10,0,1,8,1,13
16,10,26,27,16,16,0,2,11,4,1,2,2,4,1,2,2,1,15
16,10,26,27,16,16,0,2,12,10,0,1,2,12,0,2,10,1,9
16,10,26,27,16,16,0,2,13,10,0,1,2,10,0,1,8,1,15
16,10,26,27,16,16,0,2,14,10,0,1,1,10,0,1,1,1,16
16,11,27,28,16,11,0,2,1,9,1,2,1,16,0,1,15,0,22
16,11,27,28,16,11,0,2,2,8,1,2,2,8,1,2,6,1,14
16,11,27,28,16,11,0,2,3,7,1,2,1,7,1,2,1,1,19
16,11,27,28,16,11,0,2,4,4,0,2,2,4,0,2,2,1,19
16,11,27,28,16,11,0,2,5,5,0,2,2,5,0,2,3,1,14
16,11,27,28,16,11,0,2,6,4,1,2,1,4,1,2,1,1,19
16,11,27,28,16,11,0,2,7,3,1,2,1,3,1,2,1,1,19
16,11,27,28,16,11,0,2,8,8,0,2,2,8,0,2,6,1,16
16,11,27,28,16,11,0,2,9,9,0,2,2,9,0,2,7,1,20
16,11,27,28,16,16,0,2,1,11,0,1,1,11,0,1,1,1,21
16,11,27,28,16,16,0,2,2,11,0,1,1,11,0,1,1,1,14
16,11,27,28,16,16,0,2,3,11,0,1,2,11,0,1,9,1,17
16,11,27,28,16,16,0,2,4,4,0,2,2,4,0,2,2,1,19
16,11,27,28,16,16,0,2,5,5,0,2,2,5,0,2,3,1,13
16,11,27,28,16,16,0,2,6,6,0,2,2,6,0,2,4,1,18
16,11,27,28,16,16,0,2,7,7,0,2,2,7,0,2,5,1,17
16,11,27,28,16,16,0,2,8,7,1,2,1,7,1,2,1,1,14
16,11,27,28,16,16,0,2,9,6,1,2,1,6,1,2,1,1,17
16,11,27,28,16,16,0,2,10,5,1,2,1,5,1,2,1,1,16
16,11,27,28,16,16,0,2,11,4,1,2,1,4,1,2,1,1,17
16,11,27,28,16,16,0,2,12,3,1,2,1,3,1,2,1,1,18
16,11,27,28,16,16,0,2,13,11,0,1,2,13,0,2,11,1,16
16,11,27,28,16,16,0,2,14,11,0,1,1,11,0,1,1,1,20
16,12,28,29,16,12,0,2,1,10,1,2,0,10,1,2,0,0,24
16,12,28,29,16,12,0,2,2,9,1,2,2,9,1,2,7,1,14
16,12,28,29,16,12,0,2,3,8,1,2,1,8,1,2,1,1,20
16,12,28,29,16,12,0,2,4,4,0,2,2,4,0,2,2,1,17
16,12,28,29,16,12,0,2,5,5,0,2,2,5,0,2,3,1,12
16,12,28,29,16,12,0,2,6,5,1,2,2,16,0,1,1,1,16
16,12,28,29,16,12,0,2,7,4,1,2,2,4,1,2,2,1,13
16,12,28,29,16,12,0,2,8,8,0,2,2,8,0,2,6,1,15
16,12,28,29,16,12,0,2,9,9,0,2,2,9,0,2,7,1,18
16,12,28,29,16,12,0,2,10,10,0,2,2,10,0,2,8,1,13
16,12,28,29,16,16,0,2,1,12,0,1,1,12,0,1,1,1,22
16,12,28,29,16,16,0,2,2,12,0,1,2,13,1,2,1,1,17
16,12,28,29,16,16,0,2,3,3,0,2,1,3,0,2,1,1,21
16,12,28,29,16,16,0,2,4,4,0,2,2,4,0,2,2,1,17
16,12,28,29,16,16,0,2,5,5,0,2,2,5,0,2,3,1,11
16,12,28,29,16,16,0,2,6,6,0,2,1,6,0,2,1,1,15
16,12,28,29,16,16,0,2,7,7,0,2,2,7,0,2,5,1,15
16,12,28,29,16,16,0,2,8,7,1,2,2,7,1,2,5,1,12
16,12,28,29,16,16,0,2,9,6,1,2,1,6,1,2,1,1,16
16,12,28,29,16,16,0,2,10,5,1,2,2,10,0,2,8,1,12
16,12,28,29,16,16,0,2,11,4,1,2,2,4,1,2,2,1,15
16,12,28,29,16,16,0,2,12,3,1,2,1,3,1,2,1,1,19
16,12,28,29,16,16,0,2,13,12,0,1,2,13,0,2,11,1,13
16,12,28,29,16,16,0,2,14,12,0,1,2,14,0,2,1,1,19
16,13,29,30,16,13,0,2,1,11,1,2,1,11,1,2,1,1,22
16,13,29,30,16,13,0,2,2,10,1,2,2,10,1,2,8,1,10
16,13,29,30,16,13,0,2,3,3,0,2,1,3,0,2,1,1,21
16,13,29,30,16,13,0,2,4,4,0,2,2,4,0,2,2,1,21
16,13,29,30,16,13,0,2,5,5,0,2,1,5,0,2,1,1,18
16,13,29,30,16,13,0,2,6,6,0,2,1,6,0,2,1,1,22
16,13,29,30,16,13,0,2,7,5,1,2,1,5,1,2,1,1,21
16,13,29,30,16,13,0,2,8,4,1,2,1,4,1,2,1,1,19
16,13,29,30,16,13,0,2,9,3,1,2,1,3,1,2,1,1,21
16,13,29,30,16,13,0,2,10,10,0,2,2,10,0,2,8,1,20
16,13,29,30,16,13,0,2,11,11,0,2,1,11,0,2,1,1,20
16,13,29,30,16,16,0,2,1,13,0,1,1,14,1,2,0,0,24
16,13,29,30,16,16,0,2,2,13,0,1,2,13,0,1,2,2,7
16,13,29,30,16,16,0,2,3,3,0,2,1,3,0,2,1,1,22
16,13,29,30,16,16,0,2,4,4,0,2,2,4,0,2,2,1,21
16,13,29,30,16,16,0,2,5,5,0,2,1,5,0,2,1,1,16
16,13,29,30,16,16,0,2,6,6,0,2,1,6,0,2,1,1,21
16,13,29,30,16,16,0,2,7,7,0,2,2,7,0,2,5,1,20
16,13,29,30,16,16,0,2,8,7,1,2,2,7,1,2,5,1,17
16,13,29,30,16,16,0,2,9,6,1,2,1,6,1,2,1,1,20
16,13,29,30,16,16,0,2,10,5,1,2,1,5,1,2,1,1,20
16,13,29,30,16,16,0,2,11,4,1,2,2,4,1,2,2,1,18
16,13,29,30,16,16,0,2,12,3,1,2,1,3,1,2,1,1,19
16,13,29,30,16,16,0,2,13,2,1,2,0,2,1,2,0,0,21
16,13,29,30,16,16,0,2,14,13,0,1,2,14,0,2,1,1,21
16,15,31,32,16,15,0,2,1,13,1,2,1,13,1,2,1,1,25
16,15,31,32,16,15,0,2,2,12,1,2,2,12,1,2,10,1,15
16,15,31,32,16,15,0,2,3,11,1,2,1,11,1,2,1,1,22
16,15,31,32,16,15,0,2,4,4,0,2,2,4,0,2,2,1,22
16,15,31,32,16,15,0,2,5,5,0,2,2,5,0,2,3,1,16
16,15,31,32,16,15,0,2,6,6,0,2,2,6,0,2,4,1,22
16,15,31,32,16,15,0,2,7,7,0,2,2,7,0,2,5,1,21
16,15,31,32,16,15,0,2,8,6,1,2,2,6,1,2,4,1,18
16,15,31,32,16,15,0,2,9,5,1,2,1,5,1,2,1,1,22
16,15,31,32,16,15,0,2,10,4,1,2,1,4,1,2,1,1,21
16,15,31,32,16,15,0,2,11,11,0,2,2,11,0,2,9,1,19
16,15,31,32,16,15,0,2,12,12,0,2,2,12,0,2,10,1,22
16,15,31,32,16,15,0,2,13,13,0,2,2,13,0,2,11,1,22
16,15,31,32,16,16,0,2,1,14,1,2,2,15,0,1,14,0,25
16,15,31,32,16,16,0,2,2,13,1,2,2,13,1,2,11,1,19
16,15,31,32,16,16,0,2,3,12,1,2,1,12,1,2,1,1,23
16,15,31,32,16,16,0,2,4,4,0,2,2,4,0,2,2,1,23
16,15,31,32,16,16,0,2,5,5,0,2,2,5,0,2,3,1,21
16,15,31,32,16,16,0,2,6,6,0,2,2,6,0,2,4,1,23
16,15,31,32,16,16,0,2,7,7,0,2,2,7,0,2,5,1,22
16,15,31,32,16,16,0,2,8,7,1,2,1,7,1,2,1,1,21
16,15,31,32,16,16,0,2,9,6,1,2,2,6,1,2,4,1,20
16,15,31,32,16,16,0,2,10,5,1,2,1,5,1,2,1,1,22
16,15,31,32,16,16,0,2,11,4,1,2,1,4,1,2,1,1,22
16,15,31,32,16,16,0,2,12,12,0,2,2,12,0,2,10,1,21
16,15,31,32,16,16,0,2,13,13,0,2,2,13,0,2,11,1,22
16,15,31,32,16,16,0,2,14,14,0,2,2,15,0,1,14,0,25
16,16,32,33,16,16,0,2,1,14,1,2,1,16,0,1,15,0,27
16,16,32,33,16,16,0,2,2,13,1,2,2,13,1,2,11,1,21
16,16,32,33,16,16,0,2,3,12,1,2,1,12,1,2,1,1,24
16,16,32,33,16,16,0,2,4,4,0,2,2,4,0,2,2,1,24
16,16,32,33,16,16,0,2,5,5,0,2,2,5,0,2,3,1,17
16,16,32,33,16,16,0,2,6,6,0,2,2,6,0,2,4,1,22
16,16,32,33,16,16,0,2,7,7,0,2,2,7,0,2,5,1,20
16,16,32,33,16,16,0,2,8,7,1,2,2,7,1,2,5,1,17
16,16,32,33,16,16,0,2,9,6,1,2,2,6,1,2,4,1,19
16,16,32,33,16,16,0,2,10,5,1,2,2,10,0,2,8,1,19
16,16,32,33,16,16,0,2,11,4,1,2,2,4,1,2,2,1,20
16,16,32,33,16,16,0,2,12,12,0,2,2,12,0,2,10,1,20
16,16,32,33,16,16,0,2,13,13,0,2,2,13,0,2,11,1,21
16,16,32,33,16,16,0,2,14,14,0,2,2,14,0,2,12,1,24
16,17,33,34,16,16,0,2,1,14,1,2,1,14,1,2,1,1,27
16,17,33,34,16,16,0,2,2,13,1,2,1,13,1,2,1,1,22
16,17,33,34,16,16,0,2,3,12,1,2,1,12,1,2,1,1,24
16,17,33,34,16,16,0,2,4,4,0,2,2,4,0,2,2,1,24
16,17,33,34,16,16,0,2,5,5,0,2,2,5,0,2,3,1,22
16,17,33,34,16,16,0,2,6,6,0,2,2,6,0,2,4,1,24
16,17,33,34,16,16,0,2,7,7,0,2,2,7,0,2,5,1,24
16,17,33,34,16,16,0,2,8,7,1,2,1,7,1,2,1,1,23
16,17,33,34,16,16,0,2,9,6,1,2,1,6,1,2,1,1,25
16,17,33,34,16,16,0,2,10,5,1,2,1,5,1,2,1,1,24
16,17,33,34,16,16,0,2,11,4,1,2,1,4,1,2,1,1,23
16,17,33,34,16,16,0,2,12,3,1,2,1,3,1,2,1,1,24
16,17,33,34,16,16,0,2,13,13,0,2,2,13,0,2,11,1,24
16,17,33,34,16,16,0,2,14,14,0,2,2,14,0,2,12,1,25
16,17,33,34,16,17,0,2,1,15,1,2,2,16,0,1,15,0,27
16,17,33,34,16,17,0,2,2,14,1,2,2,14,1,2,12,1,23
16,17,33,34,16,17,0,2,3,13,1,2,1,13,1,2,1,1,25
16,17,33,34,16,17,0,2,4,4,0,2,2,4,0,2,2,1,25
16,17,33,34,16,17,0,2,5,5,0,2,2,5,0,2,3,1,23
16,17,33,34,16,17,0,2,6,6,0,2,2,6,0,2,4,1,25
16,17,33,34,16,17,0,2,7,7,0,2,2,7,0,2,5,1,25
16,17,33,34,16,17,0,2,8,8,0,2,2,8,0,2,6,1,23
16,17,33,34,16,17,0,2,9,7,1,2,1,7,1,2,1,1,25
16,17,33,34,16,17,0,2,10,6,1,2,1,6,1,2,1,1,24
16,17,33,34,16,17,0,2,11,5,1,2,1,5,1,2,1,1,23
16,17,33,34,16,17,0,2,12,4,1,2,1,4,1,2,1,1,25
16,17,33,34,16,17,0,2,13,13,0,2,2,13,0,2,11,1,23
16,17,33,34,16,17,0,2,14,14,0,2,2,14,0,2,12,1,24
16,17,33,34,16,17,0,2,15,15,0,2,2,16,0,1,15,0,27
16,19,35,36,16,16,0,2,1,14,1,2,1,14,1,2,1,1,28
16,19,35,36,16,16,0,2,2,13,1,2,2,13,1,2,11,1,17
16,19,35,36,16,16,0,2,3,12,1,2,1,12,1,2,1,1,26
16,19,35,36,16,16,0,2,4,4,0,2,2,4,0,2,2,1,27
16,19,35,36,16,16,0,2,5,5,0,2,2,5,0,2,3,1,25
16,19,35,36,16,16,0,2,6,6,0,2,1,6,0,2,1,1,28
16,19,35,36,16,16,0,2,7,7,0,2,2,7,0,2,5,1,27
16,19,35,36,16,16,0,2,8,7,1,2,1,7,1,2,1,1,25
16,19,35,36,16,16,0,2,9,6,1,2,1,6,1,2,1,1,26
16,19,35,36,16,16,0,2,10,5,1,2,1,5,1,2,1,1,26
16,19,35,36,16,16,0,2,11,4,1,2,1,4,1,2,1,1,27
16,19,35,36,16,16,0,2,12,3,1,2,1,3,1,2,1,1,26
16,19,35,36,16,16,0,2,13,13,0,2,2,13,0,2,11,1,26
16,19,35,36,16,16,0,2,14,14,0,2,2,14,0,2,12,1,26
16,19,35,36,16,19,0,2,1,16,0,1,1,17,1,2,0,0,30
16,19,35,36,16,19,0,2,2,16,0,1,2,16,1,2,14,1,13
16,19,35,36,16,19,0,2,3,3,0,2,1,3,0,2,1,1,28
16,19,35,36,16,19,0,2,4,4,0,2,2,4,0,2,2,1,27
16,19,35,36,16,19,0,2,5,5,0,2,2,5,0,2,3,1,21
16,19,35,36,16,19,0,2,6,6,0,2,1,6,0,2,1,1,28
16,19,35,36,16,19,0,2,7,7,0,2,2,7,0,2,5,1,26
16,19,35,36,16,19,0,2,8,8,0,2,1,8,0,2,1,1,24
16,19,35,36,16,19,0,2,9,9,0,2,1,9,0,2,1,1,27
16,19,35,36,16,19,0,2,10,8,1,2,1,8,1,2,1,1,26
16,19,35,36,16,19,0,2,11,7,1,2,1,7,1,2,1,1,24
16,19,35,36,16,19,0,2,12,6,1,2,1,6,1,2,1,1,26
16,19,35,36,16,19,0,2,13,5,1,2,1,5,1,2,1,1,26
16,19,35,36,16,19,0,2,14,4,1,2,1,4,1,2,1,1,25
16,19,35,36,16,19,0,2,15,3,1,2,1,3,1,2,1,1,23
16,19,35,36,16,19,0,2,16,2,1,2,0,2,1,2,0,0,27
16,19,35,36,16,19,0,2,17,16,0,1,2,17,0,2,1,1,27
16,20,36,37,16,16,0,2,1,14,1,2,1,14,1,2,1,1,30
16,20,36,37,16,16,0,2,2,13,1,2,2,13,1,2,11,1,23
16,20,36,37,16,16,0,2,3,12,1,2,1,12,1,2,1,1,27
16,20,36,37,16,16,0,2,4,4,0,2,2,4,0,2,2,1,28
16,20,36,37,16,16,0,2,5,5,0,2,2,5,0,2,3,1,21
16,20,36,37,16,16,0,2,6,6,0,2,2,6,0,2,4,1,27
16,20,36,37,16,16,0,2,7,7,0,2,2,7,0,2,5,1,26
16,20,36,37,16,16,0,2,8,7,1,2,2,7,1,2,5,1,21
16,20,36,37,16,16,0,2,9,6,1,2,2,6,1,2,4,1,23
16,20,36,37,16,16,0,2,10,5,1,2,2,10,0,2,8,1,23
16,20,36,37,16,16,0,2,11,4,1,2,2,4,1,2,2,1,22
16,20,36,37,16,16,0,2,12,12,0,2,2,12,0,2,10,1,24
16,20,36,37,16,16,0,2,13,13,0,2,2,13,0,2,11,1,25
16,20,36,37,16,16,0,2,14,14,0,2,2,14,0,2,12,1,23
16,20,36,37,16,20,0,2,1,16,0,1,1,16,0,1,1,1,30
16,20,36,37,16,20,0,2,2,16,0,1,2,17,1,2,1,1,25
16,20,36,37,16,20,0,2,3,3,0,2,1,3,0,2,1,1,29
16,20,36,37,16,20,0,2,4,4,0,2,2,4,0,2,2,1,27
16,20,36,37,16,20,0,2,5,5,0,2,2,5,0,2,3,1,17
16,20,36,37,16,20,0,2,6,6,0,2,2,6,0,2,4,1,25
16,20,36,37,16,20,0,2,7,7,0,2,2,7,0,2,5,1,25
16,20,36,37,16,20,0,2,8,8,0,2,2,8,0,2,6,1,19
16,20,36,37,16,20,0,2,9,9,0,2,2,9,0,2,7,1,23
16,20,36,37,16,20,0,2,10,9,1,2,2,9,1,2,7,1,23
16,20,36,37,16,20,0,2,11,8,1,2,2,8,1,2,6,1,19
16,20,36,37,16,20,0,2,12,7,1,2,2,7,1,2,5,1,22
16,20,36,37,16,20,0,2,13,6,1,2,1,6,1,2,1,1,24
16,20,36,37,16,20,0,2,14,5,1,2,2,14,0,2,12,1,19
16,20,36,37,16,20,0,2,15,4,1,2,2,4,1,2,2,1,24
16,20,36,37,16,20,0,2,16,3,1,2,1,3,1,2,1,1,25
16,20,36,37,16,20,0,2,17,16,0,1,2,17,0,2,15,1,21
16,20,36,37,16,20,0,2,18,16,0,1,2,18,0,2,1,1,27
16,21,37,38,16,16,0,2,1,14,1,2,1,21,0,1,20,0,32
16,21,37,38,16,16,0,2,2,13,1,2,2,13,1,2,11,1,21
16,21,37,38,16,16,0,2,3,12,1,2,1,12,1,2,1,1,29
16,21,37,38,16,16,0,2,4,4,0,2,2,4,0,2,2,1,29
16,21,37,38,16,16,0,2,5,5,0,2,2,5,0,2,3,1,23
16,21,37,38,16,16,0,2,6,6,0,2,2,6,0,2,4,1,29
16,21,37,38,16,16,0,2,7,7,0,2,2,7,0,2,5,1,28
16,21,37,38,16,16,0,2,8,7,1,2,1,7,1,2,1,1,25
16,21,37,38,16,16,0,2,9,6,1,2,1,6,1,2,1,1,28
16,21,37,38,16,16,0,2,10,5,1,2,1,5,1,2,1,1,28
16,21,37,38,16,16,0,2,11,4,1,2,1,4,1,2,1,1,26
16,21,37,38,16,16,0,2,12,3,1,2,1,3,1,2,1,1,28
16,21,37,38,16,16,0,2,13,13,0,2,2,13,0,2,11,1,28
16,21,37,38,16,16,0,2,14,14,0,2,2,14,0,2,12,1,27
16,21,37,38,16,21,0,2,1,16,0,1,1,16,0,1,1,1,31
16,21,37,38,16,21,0,2,2,16,0,1,1,16,0,1,1,1,24
16,21,37,38,16,21,0,2,3,16,0,1,2,16,0,1,14,1,27
16,21,37,38,16,21,0,2,4,4,0,2,2,4,0,2,2,1,29
16,21,37,38,16,21,0,2,5,5,0,2,2,5,0,2,3,1,25
16,21,37,38,16,21,0,2,6,6,0,2,2,6,0,2,4,1,28
16,21,37,38,16,21,0,2,7,7,0,2,2,7,0,2,5,1,27
16,21,37,38,16,21,0,2,8,8,0,2,2,8,0,2,6,1,27
16,21,37,38,16,21,0,2,9,9,0,2,2,9,0,2,7,1,28
16,21,37,38,16,21,0,2,10,10,0,2,2,10,0,2,8,1,27
16,21,37,38,16,21,0,2,11,9,1,2,1,9,1,2,1,1,27
16,21,37,38,16,21,0,2,12,8,1,2,1,8,1,2,1,1,28
16,21,37,38,16,21,0,2,13,7,1,2,1,7,1,2,1,1,26
16,21,37,38,16,21,0,2,14,6,1,2,1,6,1,2,1,1,28
16,21,37,38,16,21,0,2,15,5,1,2,1,5,1,2,1,1,26
16,21,37,38,16,21,0,2,16,4,1,2,1,4,1,2,1,1,28
16,21,37,38,16,21,0,2,17,3,1,2,1,3,1,2,1,1,28
16,21,37,38,16,21,0,2,18,16,0,1,2,16,0,1,14,1,27
16,21,37,38,16,21,0,2,19,16,0,1,2,16,0,1,14,1,29
16,22,38,39,16,16,0,2,1,14,1,2,1,14,1,2,1,1,32
16,22,38,39,16,16,0,2,2,13,1,2,2,13,1,2,11,1,24
16,22,38,39,16,16,0,2,3,12,1,2,1,12,1,2,1,1,30
16,22,38,39,16,16,0,2,4,4,0,2,2,4,0,2,2,1,30
16,22,38,39,16,16,0,2,5,5,0,2,2,5,0,2,3,1,20
16,22,38,39,16,16,0,2,6,6,0,2,2,6,0,2,4,1,28
16,22,38,39,16,16,0,2,7,7,0,2,2,7,0,2,5,1,25
16,22,38,39,16,16,0,2,8,7,1,2,2,7,1,2,5,1,21
16,22,38,39,16,16,0,2,9,6,1,2,2,6,1,2,4,1,27
16,22,38,39,16,16,0,2,10,5,1,2,2,10,0,2,8,1,25
16,22,38,39,16,16,0,2,11,4,1,2,2,4,1,2,2,1,24
16,22,38,39,16,16,0,2,12,12,0,2,2,12,0,2,10,1,27
16,22,38,39,16,16,0,2,13,13,0,2,2,13,0,2,11,1,27
16,22,38,39,16,16,0,2,14,14,0,2,2,14,0,2,12,1,26
16,22,38,39,16,22,0,2,1,16,0,1,1,16,0,1,15,0,33
16,22,38,39,16,22,0,2,2,16,0,1,2,19,1,2,17,1,26
16,22,38,39,16,22,0,2,3,16,0,1,2,16,0,1,14,1,29
16,22,38,39,16,22,0,2,4,4,0,2,2,4,0,2,2,1,29
16,22,38,39,16,22,0,2,5,5,0,2,2,5,0,2,3,1,23
16,22,38,39,16,22,0,2,6,6,0,2,2,6,0,2,4,1,28
16,22,38,39,16,22,0,2,7,7,0,2,2,7,0,2,5,1,27
16,22,38,39,16,22,0,2,8,8,0,2,2,8,0,2,6,1,24
16,22,38,39,16,22,0,2,9,9,0,2,2,9,0,2,7,1,26
16,22,38,39,16,22,0,2,10,10,0,2,2,10,0,2,8,1,25
16,22,38,39,16,22,0,2,11,10,1,2,2,10,1,2,8,1,24
16,22,38,39,16,22,0,2,12,9,1,2,2,9,1,2,7,1,24
16,22,38,39,16,22,0,2,13,8,1,2,2,8,1,2,6,1,25
16,22,38,39,16,22,0,2,14,7,1,2,2,7,1,2,5,1,25
16,22,38,39,16,22,0,2,15,6,1,2,2,6,1,2,4,1,24
16,22,38,39,16,22,0,2,16,5,1,2,2,16,0,2,14,1,25
16,22,38,39,16,22,0,2,17,4,1,2,2,4,1,2,2,1,28
16,22,38,39,16,22,0,2,18,16,0,1,2,18,0,2,16,1,23
16,22,38,39,16,22,0,2,19,16,0,1,2,19,0,2,17,1,27
16,22,38,39,16,22,0,2,20,16,0,1,2,16,0,1,2,2,27
16,23,39,40,16,16,0,2,1,14,1,2,1,14,1,2,1,1,33
16,23,39,40,16,16,0,2,2,13,1,2,2,13,1,2,11,1,24
16,23,39,40,16,16,0,2,3,3,0,2,1,3,0,2,1,1,32
16,23,39,40,16,16,0,2,4,4,0,2,2,4,0,2,2,1,31
16,23,39,40,16,16,0,2,5,5,0,2,1,5,0,2,1,1,28
16,23,39,40,16,16,0,2,6,6,0,2,1,6,0,2,1,1,31
16,23,39,40,16,16,0,2,7,7,0,2,2,7,0,2,5,1,30
16,23,39,40,16,16,0,2,8,7,1,2,1,7,1,2,1,1,29
16,23,39,40,16,16,0,2,9,6,1,2,1,6,1,2,1,1,31
16,23,39,40,16,16,0,2,10,5,1,2,1,5,1,2,1,1,30
16,23,39,40,16,16,0,2,11,4,1,2,1,4,1,2,1,1,30
16,23,39,40,16,16,0,2,12,3,1,2,1,3,1,2,1,1,31
16,23,39,40,16,16,0,2,13,13,0,2,2,13,0,2,11,1,30
16,23,39,40,16,16,0,2,14,14,0,2,1,14,0,2,1,1,32
16,23,39,40,16,23,0,2,1,16,0,1,1,16,0,1,1,1,33
16,23,39,40,16,23,0,2,2,16,0,1,1,16,0,1,1,1,26
16,23,39,40,16,23,0,2,3,16,0,1,1,16,0,1,1,1,31
16,23,39,40,16,23,0,2,4,4,0,2,2,4,0,2,2,1,30
16,23,39,40,16,23,0,2,5,5,0,2,2,5,0,2,3,1,29
16,23,39,40,16,23,0,2,6,6,0,2,2,6,0,2,4,1,31
16,23,39,40,16,23,0,2,7,7,0,2,2,7,0,2,5,1,31
16,23,39,40,16,23,0,2,8,8,0,2,2,8,0,2,6,1,30
16,23,39,40,16,23,0,2,9,9,0,2,2,9,0,2,7,1,30
16,23,39,40,16,23,0,2,10,10,0,2,2,10,0,2,8,1,30
16,23,39,40,16,23,0,2,11,11,0,2,2,11,0,2,9,1,29
16,23,39,40,16,23,0,2,12,10,1,2,1,10,1,2,1,1,31
16,23,39,40,16,23,0,2,13,9,1,2,2,9,1,2,7,1,29
16,23,39,40,16,23,0,2,14,8,1,2,1,8,1,2,1,1,29
16,23,39,40,16,23,0,2,15,7,1,2,1,7,1,2,1,1,31
16,23,39,40,16,23,0,2,16,6,1,2,2,6,1,2,4,1,29
16,23,39,40,16,23,0,2,17,5,1,2,1,5,1,2,1,1,30
16,23,39,40,16,23,0,2,18,4,1,2,1,4,1,2,1,1,29
16,23,39,40,16,23,0,2,19,16,0,1,2,16,0,1,14,1,29
16,23,39,40,16,23,0,2,20,16,0,1,1,16,0,1,1,1,31
16,23,39,40,16,23,0,2,21,16,0,1,2,16,0,1,14,1,31
17,2,19,20,17,17,0,2,1,15,1,2,0,15,1,2,0,0,14
17,2,19,20,17,17,0,2,2,14,1,2,1,14,1,2,1,1,12
17,2,19,20,17,17,0,2,3,13,1,2,1,13,1,2,1,1,11
17,2,19,20,17,17,0,2,4,4,0,2,2,4,0,2,2,1,11
17,2,19,20,17,17,0,2,5,5,0,2,2,5,0,2,3,1,11
17,2,19,20,17,17,0,2,6,6,0,2,2,6,0,2,4,1,10
17,2,19,20,17,17,0,2,7,7,0,2,2,7,0,2,5,1,11
17,2,19,20,17,17,0,2,8,8,0,2,4,8,0,2,6,1,9
17,2,19,20,17,17,0,2,9,7,1,2,2,7,1,2,5,1,10
17,2,19,20,17,17,0,2,10,6,1,2,1,6,1,2,1,1,11
17,2,19,20,17,17,0,2,11,5,1,2,1,5,1,2,1,1,9
17,2,19,20,17,17,0,2,12,4,1,2,1,4,1,2,1,1,10
17,2,19,20,17,17,0,2,13,3,1,2,1,3,1,2,1,1,11
17,2,19,20,17,17,0,2,14,14,0,2,2,14,0,2,12,1,11
17,2,19,20,17,17,0,2,15,15,0,2,2,15,0,2,13,1,12
17,3,20,21,17,3,0,2,1,17,0,1,2,17,0,1,15,1,14
17,3,20,21,17,17,0,2,1,15,1,2,1,15,1,2,1,1,13
17,3,20,21,17,17,0,2,2,14,1,2,2,14,1,2,12,1,7
17,3,20,21,17,17,0,2,3,13,1,2,2,13,1,2,2,2,3
17,3,20,21,17,17,0,2,4,4,0,2,2,4,0,2,2,1,10
17,3,20,21,17,17,0,2,5,5,0,2,2,11,1,2,9,1,4
17,3,20,21,17,17,0,2,6,6,0,2,2,6,0,2,2,2,3
17,3,20,21,17,17,0,2,7,7,0,2,5,7,0,2,5,1,6
17,3,20,21,17,17,0,2,8,8,0,2,2,8,0,2,2,2,4
17,3,20,21,17,17,0,2,9,9,0,2,5,9,0,2,7,1,2
17,3,20,21,17,17,0,2,10,6,1,2,2,6,1,2,4,1,8
17,3,20,21,17,17,0,2,11,5,1,2,2,5,1,2,2,2,4
17,3,20,21,17,17,0,2,12,4,1,2,2,4,1,2,2,1,5
17,3,20,21,17,17,0,2,13,13,0,2,2,13,0,2,11,1,9
17,3,20,21,17,17,0,2,14,14,0,2,2,14,0,2,2,2,4
17,3,20,21,17,17,0,2,15,15,0,2,2,15,0,2,13,1,7
17,4,21,22,17,4,0,2,1,17,0,1,1,17,0,1,1,1,15
17,4,21,22,17,4,0,2,2,17,0,1,2,17,0,1,2,2,8
17,4,21,22,17,17,0,2,1,4,0,1,1,4,0,1,1,1,15
17,4,21,22,17,17,0,2,2,4,0,1,1,4,0,1,1,1,8
17,4,21,22,17,17,0,2,3,4,0,1,1,4,0,1,1,1,11
17,4,21,22,17,17,0,2,4,4,0,1,1,4,0,1,1,1,13
17,4,21,22,17,17,0,2,5,5,0,2,2,5,0,2,2,2,5
17,4,21,22,17,17,0,2,6,4,0,1,1,4,0,1,1,1,13
17,4,21,22,17,17,0,2,7,7,0,2,4,7,0,2,5,1,6
17,4,21,22,17,17,0,2,8,4,0,1,1,4,0,1,1,1,9
17,4,21,22,17,17,0,2,9,4,0,1,1,4,0,1,1,1,9
17,4,21,22,17,17,0,2,10,6,1,2,2,10,0,2,8,1,7
17,4,21,22,17,17,0,2,11,4,0,1,1,4,0,1,1,1,11
17,4,21,22,17,17,0,2,12,4,0,1,1,4,0,1,1,1,9
17,4,21,22,17,17,0,2,13,13,0,2,2,13,0,2,11,1,9
17,4,21,22,17,17,0,2,14,4,0,1,1,4,0,1,1,1,13
17,4,21,22,17,17,0,2,15,15,0,2,2,15,0,2,13,1,10
17,5,22,23,17,5,0,2,1,3,1,2,1,17,0,1,16,0,17
17,5,22,23,17,5,0,2,2,17,0,1,2,17,0,1,2,2,10
17,5,22,23,17,5,0,2,3,17,0,1,1,17,0,1,1,1,13
17,5,22,23,17,17,0,2,1,5,0,1,2,5,0,1,3,1,15
17,5,22,23,17,17,0,2,2,5,0,1,2,14,1,2,12,1,11
17,5,22,23,17,17,0,2,3,5,0,1,2,13,1,2,1,1,12
17,5,22,23,17,17,0,2,4,4,0,2,2,4,0,2,2,1,11
17,5,22,23,17,17,0,2,5,5,0,1,2,5,0,2,3,1,7
17,5,22,23,17,17,0,2,6,5,0,1,2,10,1,2,1,1,10
17,5,22,23,17,17,0,2,7,5,0,1,2,7,0,2,5,1,9
17,5,22,23,17,17,0,2,8,5,0,1,2,8,0,2,6,1,8
17,5,22,23,17,17,0,2,9,5,0,1,2,7,1,2,5,1,9
17,5,22,23,17,17,0,2,10,5,0,1,2,10,0,2,8,1,7
17,5,22,23,17,17,0,2,11,5,0,1,2,5,1,2,1,1,11
17,5,22,23,17,17,0,2,12,4,1,2,2,4,1,2,2,1,8
17,5,22,23,17,17,0,2,13,3,1,2,1,3,1,2,1,1,12
17,5,22,23,17,17,0,2,14,5,0,1,2,14,0,2,12,1,12
17,5,22,23,17,17,0,2,15,5,0,1,2,15,0,2,13,1,10
17,6,23,24,17,6,0,2,1,4,1,2,1,4,1,2,1,1,17
17,6,23,24,17,6,0,2,2,17,0,1,1,17,0,1,1,1,11
17,6,23,24,17,6,0,2,3,17,0,1,2,17,0,1,15,1,14
17,6,23,24,17,6,0,2,4,4,0,2,2,4,0,2,2,1,16
17,6,23,24,17,17,0,2,1,6,0,1,1,6,0,1,1,1,17
17,6,23,24,17,17,0,2,2,6,0,1,2,14,1,2,12,1,10
17,6,23,24,17,17,0,2,3,6,0,1,1,6,0,1,1,1,14
17,6,23,24,17,17,0,2,4,4,0,2,2,4,0,2,2,1,15
17,6,23,24,17,17,0,2,5,5,0,2,2,5,0,2,3,1,12
17,6,23,24,17,17,0,2,6,6,0,1,2,6,0,1,4,1,13
17,6,23,24,17,17,0,2,7,6,0,1,1,6,0,1,1,1,14
17,6,23,24,17,17,0,2,8,6,0,1,3,8,0,2,6,1,12
17,6,23,24,17,17,0,2,9,6,0,1,2,6,0,1,4,1,13
17,6,23,24,17,17,0,2,10,6,0,1,2,6,1,2,4,1,10
17,6,23,24,17,17,0,2,11,5,1,2,1,5,1,2,1,1,12
17,6,23,24,17,17,0,2,12,4,1,2,1,4,1,2,1,1,13
17,6,23,24,17,17,0,2,13,6,0,1,2,13,0,2,11,1,9
17,6,23,24,17,17,0,2,14,6,0,1,2,14,0,2,12,1,13
17,6,23,24,17,17,0,2,15,6,0,1,2,15,0,2,13,1,14
17,7,24,25,17,7,0,2,1,5,1,2,1,5,1,2,1,1,18
17,7,24,25,17,7,0,2,2,4,1,2,2,4,1,2,2,1,14
17,7,24,25,17,7,0,2,3,3,1,2,1,3,1,2,1,1,15
17,7,24,25,17,7,0,2,4,4,0,2,2,4,0,2,2,1,16
17,7,24,25,17,7,0,2,5,5,0,2,2,5,0,2,3,1,11
17,7,24,25,17,17,0,2,1,7,0,1,1,7,0,1,1,1,18
17,7,24,25,17,17,0,2,2,7,0,1,4,14,1,2,1,1,12
17,7,24,25,17,17,0,2,3,7,0,1,1,7,0,1,1,1,14
17,7,24,25,17,17,0,2,4,4,0,2,2,4,0,2,2,1,14
17,7,24,25,17,17,0,2,5,5,0,2,2,11,1,2,9,1,7
17,7,24,25,17,17,0,2,6,6,0,2,2,7,0,1,1,1,12
17,7,24,25,17,17,0,2,7,7,0,1,2,7,0,1,5,1,10
17,7,24,25,17,17,0,2,8,8,0,2,2,8,0,2,6,1,4
17,7,24,25,17,17,0,2,9,7,0,1,2,7,0,1,5,1,12
17,7,24,25,17,17,0,2,10,6,1,2,1,6,1,2,1,1,12
17,7,24,25,17,17,0,2,11,5,1,2,2,11,0,2,9,1,8
17,7,24,25,17,17,0,2,12,4,1,2,2,4,1,2,2,1,12
17,7,24,25,17,17,0,2,13,3,1,2,1,3,1,2,1,1,10
17,7,24,25,17,17,0,2,14,7,0,1,2,14,0,2,12,1,10
17,7,24,25,17,17,0,2,15,7,0,1,1,7,0,1,1,1,13
17,8,25,26,17,8,0,2,1,6,1,2,1,6,1,2,1,1,19
17,8,25,26,17,8,0,2,2,5,1,2,2,17,0,1,1,1,11
17,8,25,26,17,8,0,2,3,4,1,2,1,4,1,2,1,1,17
17,8,25,26,17,8,0,2,4,3,1,2,1,3,1,2,1,1,16
17,8,25,26,17,8,0,2,5,5,0,2,2,5,0,2,3,1,16
17,8,25,26,17,8,0,2,6,6,0,2,2,6,0,2,4,1,18
17,8,25,26,17,17,0,2,1,8,0,1,1,8,0,1,1,1,19
17,8,25,26,17,17,0,2,2,8,0,1,2,14,1,2,12,1,9
17,8,25,26,17,17,0,2,3,8,0,1,2,8,0,1,6,1,15
17,8,25,26,17,17,0,2,4,4,0,2,1,4,0,2,1,1,17
17,8,25,26,17,17,0,2,5,5,0,2,2,5,0,2,3,1,13
17,8,25,26,17,17,0,2,6,6,0,2,2,6,0,2,4,1,15
17,8,25,26,17,17,0,2,7,7,0,2,1,7,0,2,1,1,15
17,8,25,26,17,17,0,2,8,8,0,1,2,8,0,2,6,1,13
17,8,25,26,17,17,0,2,9,7,1,2,1,7,1,2,1,1,14
17,8,25,26,17,17,0,2,10,6,1,2,1,6,1,2,1,1,15
17,8,25,26,17,17,0,2,11,5,1,2,1,5,1,2,1,1,14
17,8,25,26,17,17,0,2,12,4,1,2,1,4,1,2,1,1,13
17,8,25,26,17,17,0,2,13,3,1,2,1,3,1,2,1,1,15
17,8,25,26,17,17,0,2,14,8,0,1,2,14,0,2,1,1,14
17,8,25,26,17,17,0,2,15,8,0,1,2,15,0,2,13,1,14
17,9,26,27,17,9,0,2,1,7,1,2,0,7,1,2,0,0,20
17,9,26,27,17,9,0,2,2,6,1,2,2,6,1,2,4,1,9
17,9,26,27,17,9,0,2,3,5,1,2,1,5,1,2,1,1,18
17,9,26,27,17,9,0,2,4,4,0,2,2,4,0,2,2,1,16
17,9,26,27,17,9,0,2,5,5,0,2,2,5,0,2,3,1,6
17,9,26,27,17,9,0,2,6,6,0,2,2,6,0,2,4,1,15
17,9,26,27,17,9,0,2,7,7,0,2,2,7,0,2,5,1,14
17,9,26,27,17,17,0,2,1,9,0,1,1,15,1,2,0,0,21
17,9,26,27,17,17,0,2,2,9,0,1,3,14,1,2,12,1,12
17,9,26,27,17,17,0,2,3,9,0,1,1,9,0,1,1,1,17
17,9,26,27,17,17,0,2,4,4,0,2,2,4,0,2,2,1,13
17,9,26,27,17,17,0,2,5,5,0,2,2,5,0,2,2,2,5
17,9,26,27,17,17,0,2,6,6,0,2,2,9,0,1,1,1,10
17,9,26,27,17,17,0,2,7,7,0,2,2,7,0,2,5,1,10
17,9,26,27,17,17,0,2,8,8,0,2,2,8,0,2,2,2,9
17,9,26,27,17,17,0,2,9,7,1,2,3,9,0,2,7,1,6
17,9,26,27,17,17,0,2,10,6,1,2,2,6,1,2,4,1,8
17,9,26,27,17,17,0,2,11,5,1,2,2,5,1,2,2,2,8
17,9,26,27,17,17,0,2,12,9,0,1,6,12,0,2,10,1,3
17,9,26,27,17,17,0,2,13,9,0,1,2,13,0,2,11,1,12
17,9,26,27,17,17,0,2,14,9,0,1,2,9,0,1,2,2,7
17,9,26,27,17,17,0,2,15,9,0,1,3,15,0,2,13,1,8
17,10,27,28,17,10,0,2,1,8,1,2,1,8,1,2,1,1,21
17,10,27,28,17,10,0,2,2,7,1,2,2,7,1,2,5,1,11
17,10,27,28,17,10,0,2,3,3,0,2,1,3,0,2,1,1,20
17,10,27,28,17,10,0,2,4,4,0,2,2,4,0,2,2,1,19
17,10,27,28,17,10,0,2,5,4,1,2,1,4,1,2,1,1,17
17,10,27,28,17,10,0,2,6,3,1,2,1,3,1,2,1,1,19
17,10,27,28,17,10,0,2,7,7,0,2,2,7,0,2,5,1,18
17,10,27,28,17,10,0,2,8,8,0,2,1,8,0,2,1,1,18
17,10,27,28,17,17,0,2,1,10,0,1,1,10,0,1,1,1,21
17,10,27,28,17,17,0,2,2,10,0,1,1,10,0,1,1,1,11
17,10,27,28,17,17,0,2,3,10,0,1,1,10,0,1,1,1,19
17,10,27,28,17,17,0,2,4,4,0,2,2,4,0,2,2,1,18
17,10,27,28,17,17,0,2,5,5,0,2,2,5,0,2,3,1,15
17,10,27,28,17,17,0,2,6,6,0,2,2,6,0,2,4,1,19
17,10,27,28,17,17,0,2,7,7,0,2,2,7,0,2,5,1,17
17,10,27,28,17,17,0,2,8,8,0,2,2,8,0,2,6,1,16
17,10,27,28,17,17,0,2,9,7,1,2,1,7,1,2,1,1,18
17,10,27,28,17,17,0,2,10,6,1,2,2,6,1,2,4,1,15
17,10,27,28,17,17,0,2,11,5,1,2,1,5,1,2,1,1,17
17,10,27,28,17,17,0,2,12,4,1,2,1,4,1,2,1,1,17
17,10,27,28,17,17,0,2,13,10,0,1,2,10,0,1,8,1,15
17,10,27,28,17,17,0,2,14,10,0,1,1,10,0,1,1,1,18
17,10,27,28,17,17,0,2,15,10,0,1,2,10,0,1,8,1,18
17,11,28,29,17,11,0,2,1,9,1,2,1,17,0,1,16,0,23
17,11,28,29,17,11,0,2,2,8,1,2,1,8,1,2,1,1,16
17,11,28,29,17,11,0,2,3,7,1,2,1,7,1,2,1,1,18
17,11,28,29,17,11,0,2,4,4,0,2,2,4,0,2,2,1,20
17,11,28,29,17,11,0,2,5,5,0,2,2,5,0,2,3,1,10
17,11,28,29,17,11,0,2,6,4,1,2,1,4,1,2,1,1,17
17,11,28,29,17,11,0,2,7,7,0,2,2,7,0,2,5,1,18
17,11,28,29,17,11,0,2,8,8,0,2,2,8,0,2,6,1,14
17,11,28,29,17,11,0,2,9,9,0,2,2,9,0,2,7,1,17
17,11,28,29,17,17,0,2,1,11,0,1,1,11,0,1,10,0,23
17,11,28,29,17,17,0,2,2,11,0,1,2,11,0,1,9,1,16
17,11,28,29,17,17,0,2,3,11,0,1,2,11,0,1,9,1,18
17,11,28,29,17,17,0,2,4,4,0,2,2,4,0,2,2,1,18
17,11,28,29,17,17,0,2,5,5,0,2,2,5,0,2,3,1,11
17,11,28,29,17,17,0,2,6,6,0,2,2,10,1,2,1,1,16
17,11,28,29,17,17,0,2,7,7,0,2,2,7,0,2,5,1,15
17,11,28,29,17,17,0,2,8,8,0,2,2,8,0,2,6,1,13
17,11,28,29,17,17,0,2,9,7,1,2,2,7,1,2,5,1,15
17,11,28,29,17,17,0,2,10,6,1,2,2,10,0,2,8,1,14
17,11,28,29,17,17,0,2,11,5,1,2,2,11,0,2,9,1,14
17,11,28,29,17,17,0,2,12,4,1,2,2,4,1,2,2,1,16
17,11,28,29,17,17,0,2,13,11,0,1,2,13,0,2,11,1,12
17,11,28,29,17,17,0,2,14,11,0,1,2,14,0,2,12,1,17
17,11,28,29,17,17,0,2,15,11,0,1,2,11,0,1,9,1,15
17,12,29,30,17,12,0,2,1,10,1,2,1,10,1,2,1,1,23
17,12,29,30,17,12,0,2,2,9,1,2,2,9,1,2,7,1,17
17,12,29,30,17,12,0,2,3,8,1,2,1,8,1,2,1,1,20
17,12,29,30,17,12,0,2,4,4,0,2,2,4,0,2,2,1,21
17,12,29,30,17,12,0,2,5,5,0,2,2,5,0,2,3,1,18
17,12,29,30,17,12,0,2,6,5,1,2,1,5,1,2,1,1,20
17,12,29,30,17,12,0,2,7,4,1,2,1,4,1,2,1,1,21
17,12,29,30,17,12,0,2,8,3,1,2,1,3,1,2,1,1,20
17,12,29,30,17,12,0,2,9,9,0,2,2,9,0,2,7,1,20
17,12,29,30,17,12,0,2,10,10,0,2,2,10,0,2,8,1,22
17,12,29,30,17,17,0,2,1,12,0,1,1,12,0,1,1,1,23
17,12,29,30,17,17,0,2,2,12,0,1,1,12,0,1,1,1,18
17,12,29,30,17,17,0,2,3,12,0,1,2,12,0,1,10,1,19
17,12,29,30,17,17,0,2,4,4,0,2,2,4,0,2,2,1,21
17,12,29,30,17,17,0,2,5,5,0,2,2,5,0,2,3,1,18
17,12,29,30,17,17,0,2,6,6,0,2,2,6,0,2,4,1,20
17,12,29,30,17,17,0,2,7,7,0,2,1,7,0,2,1,1,20
17,12,29,30,17,17,0,2,8,8,0,2,1,8,0,2,1,1,20
17,12,29,30,17,17,0,2,9,7,1,2,1,7,1,2,1,1,19
17,12,29,30,17,17,0,2,10,6,1,2,1,6,1,2,1,1,21
17,12,29,30,17,17,0,2,11,5,1,2,1,5,1,2,1,1,20
17,12,29,30,17,17,0,2,12,4,1,2,1,4,1,2,1,1,20
17,12,29,30,17,17,0,2,13,3,1,2,1,3,1,2,1,1,19
17,12,29,30,17,17,0,2,14,12,0,1,2,12,0,1,10,1,20
17,12,29,30,17,17,0,2,15,12,0,1,2,12,0,1,10,1,21
17,13,30,31,17,13,0,2,1,11,1,2,1,11,1,2,1,1,24
17,13,30,31,17,13,0,2,2,10,1,2,2,10,1,2,8,1,19
17,13,30,31,17,13,0,2,3,9,1,2,1,9,1,2,1,1,21
17,13,30,31,17,13,0,2,4,4,0,2,2,4,0,2,2,1,22
17,13,30,31,17,13,0,2,5,5,0,2,2,5,0,2,3,1,13
17,13,30,31,17,13,0,2,6,6,0,2,2,6,0,2,4,1,20
17,13,30,31,17,13,0,2,7,5,1,2,2,7,0,2,5,1,20
17,13,30,31,17,13,0,2,8,4,1,2,2,4,1,2,2,1,15
17,13,30,31,17,13,0,2,9,9,0,2,2,9,0,2,7,1,18
17,13,30,31,17,13,0,2,10,10,0,2,2,10,0,2,8,1,19
17,13,30,31,17,13,0,2,11,11,0,2,2,11,0,2,9,1,17
17,13,30,31,17,17,0,2,1,13,0,1,1,13,0,1,1,1,24
17,13,30,31,17,17,0,2,2,13,0,1,2,14,1,2,1,1,21
17,13,30,31,17,17,0,2,3,3,0,2,1,3,0,2,1,1,23
17,13,30,31,17,17,0,2,4,4,0,2,2,4,0,2,2,1,20
17,13,30,31,17,17,0,2,5,5,0,2,2,5,0,2,3,1,11
17,13,30,31,17,17,0,2,6,6,0,2,2,6,0,2,4,1,16
17,13,30,31,17,17,0,2,7,7,0,2,2,7,0,2,5,1,20
17,13,30,31,17,17,0,2,8,8,0,2,2,8,0,2,6,1,14
17,13,30,31,17,17,0,2,9,7,1,2,1,7,1,2,1,1,16
17,13,30,31,17,17,0,2,10,6,1,2,1,6,1,2,1,1,18
17,13,30,31,17,17,0,2,11,5,1,2,2,11,0,2,9,1,14
17,13,30,31,17,17,0,2,12,4,1,2,2,4,1,2,2,1,18
17,13,30,31,17,17,0,2,13,3,1,2,1,3,1,2,1,1,19
17,13,30,31,17,17,0,2,14,13,0,1,2,14,0,2,12,1,15
17,13,30,31,17,17,0,2,15,13,0,1,2,15,0,2,1,1,21
17,14,31,32,17,14,0,2,1,12,1,2,0,12,1,2,0,0,25
17,14,31,32,17,14,0,2,2,11,1,2,2,11,1,2,9,1,14
17,14,31,32,17,14,0,2,3,10,1,2,1,10,1,2,1,1,22
17,14,31,32,17,14,0,2,4,4,0,2,2,4,0,2,2,1,22
17,14,31,32,17,14,0,2,5,5,0,2,2,5,0,2,3,1,21
17,14,31,32,17,14,0,2,6,6,0,2,2,6,0,2,4,1,23
17,14,31,32,17,14,0,2,7,6,1,2,1,6,1,2,1,1,21
17,14,31,32,17,14,0,2,8,5,1,2,2,8,0,2,6,1,21
17,14,31,32,17,14,0,2,9,4,1,2,1,4,1,2,1,1,20
17,14,31,32,17,14,0,2,10,3,1,2,1,3,1,2,1,1,21
17,14,31,32,17,14,0,2,11,11,0,2,2,11,0,2,9,1,23
17,14,31,32,17,14,0,2,12,12,0,2,2,12,0,2,10,1,22
17,14,31,32,17,17,0,2,1,14,0,1,1,15,1,2,0,0,26
17,14,31,32,17,17,0,2,2,14,0,1,2,14,1,2,12,1,11
17,14,31,32,17,17,0,2,3,3,0,2,1,3,0,2,1,1,24
17,14,31,32,17,17,0,2,4,4,0,2,2,4,0,2,2,1,22
17,14,31,32,17,17,0,2,5,5,0,2,2,5,0,2,3,1,18
17,14,31,32,17,17,0,2,6,6,0,2,2,6,0,2,4,1,23
17,14,31,32,17,17,0,2,7,7,0,2,2,7,0,2,5,1,20
17,14,31,32,17,17,0,2,8,8,0,2,2,8,0,2,6,1,21
17,14,31,32,17,17,0,2,9,7,1,2,1,7,1,2,1,1,20
17,14,31,32,17,17,0,2,10,6,1,2,1,6,1,2,1,1,19
17,14,31,32,17,17,0,2,11,5,1,2,2,11,0,2,9,1,21
17,14,31,32,17,17,0,2,12,4,1,2,1,4,1,2,1,1,19
17,14,31,32,17,17,0,2,13,3,1,2,1,3,1,2,1,1,19
17,14,31,32,17,17,0,2,14,2,1,2,0,2,1,2,0,0,24
17,14,31,32,17,17,0,2,15,14,0,1,2,15,0,2,1,1,22
17,16,33,34,17,16,0,2,1,14,1,2,1,14,1,2,1,1,27
17,16,33,34,17,16,0,2,2,13,1,2,1,13,1,2,1,1,22
17,16,33,34,17,16,0,2,3,12,1,2,1,12,1,2,1,1,24
17,16,33,34,17,16,0,2,4,4,0,2,2,4,0,2,2,1,24
17,16,33,34,17,16,0,2,5,5,0,2,2,5,0,2,3,1,22
17,16,33,34,17,16,0,2,6,6,0,2,2,6,0,2,4,1,24
17,16,33,34,17,16,0,2,7,7,0,2,2,7,0,2,5,1,24
17,16,33,34,17,16,0,2,8,7,1,2,1,7,1,2,1,1,23
17,16,33,34,17,16,0,2,9,6,1,2,1,6,1,2,1,1,25
17,16,33,34,17,16,0,2,10,5,1,2,1,5,1,2,1,1,24
17,16,33,34,17,16,0,2,11,4,1,2,1,4,1,2,1,1,23
17,16,33,34,17,16,0,2,12,3,1,2,1,3,1,2,1,1,24
17,16,33,34,17,16,0,2,13,13,0,2,2,13,0,2,11,1,24
17,16,33,34,17,16,0,2,14,14,0,2,2,14,0,2,12,1,25
17,16,33,34,17,17,0,2,1,15,1,2,2,16,0,1,15,0,27
17,16,33,34,17,17,0,2,2,14,1,2,2,14,1,2,12,1,23
17,16,33,34,17,17,0,2,3,13,1,2,1,13,1,2,1,1,25
17,16,33,34,17,17,0,2,4,4,0,2,2,4,0,2,2,1,25
17,16,33,34,17,17,0,2,5,5,0,2,2,5,0,2,3,1,23
17,16,33,34,17,17,0,2,6,6,0,2,2,6,0,2,4,1,25
17,16,33,34,17,17,0,2,7,7,0,2,2,7,0,2,5,1,25
17,16,33,34,17,17,0,2,8,8,0,2,2,8,0,2,6,1,23
17,16,33,34,17,17,0,2,9,7,1,2,1,7,1,2,1,1,25
17,16,33,34,17,17,0,2,10,6,1,2,1,6,1,2,1,1,24
17,16,33,34,17,17,0,2,11,5,1,2,1,5,1,2,1,1,23
17,16,33,34,17,17,0,2,12,4,1,2,1,4,1,2,1,1,25
17,16,33,34,17,17,0,2,13,13,0,2,2,13,0,2,11,1,23
17,16,33,34,17,17,0,2,14,14,0,2,2,14,0,2,12,1,24
17,16,33,34,17,17,0,2,15,15,0,2,2,16,0,1,15,0,27
17,17,34,35,17,17,0,2,1,15,1,2,1,17,0,1,16,0,29
17,17,34,35,17,17,0,2,2,14,1,2,2,14,1,2,12,1,23
17,17,34,35,17,17,0,2,3,13,1,2,1,13,1,2,1,1,26
17,17,34,35,17,17,0,2,4,4,0,2,2,4,0,2,2,1,26
17,17,34,35,17,17,0,2,5,5,0,2,2,5,0,2,3,1,20
17,17,34,35,17,17,0,2,6,6,0,2,2,6,0,2,4,1,23
17,17,34,35,17,17,0,2,7,7,0,2,2,7,0,2,5,1,25
17,17,34,35,17,17,0,2,8,8,0,2,2,8,0,2,6,1,19
17,17,34,35,17,17,0,2,9,7,1,2,1,7,1,2,1,1,23
17,17,34,35,17,17,0,2,10,6,1,2,2,6,1,2,4,1,22
17,17,34,35,17,17,0,2,11,5,1,2,2,11,0,2,9,1,20
17,17,34,35,17,17,0,2,12,4,1,2,2,4,1,2,2,1,24
17,17,34,35,17,17,0,2,13,13,0,2,2,13,0,2,11,1,23
17,17,34,35,17,17,0,2,14,14,0,2,2,14,0,2,12,1,23
17,17,34,35,17,17,0,2,15,15,0,2,2,15,0,2,13,1,26
17,18,35,36,17,17,0,2,1,15,1,2,1,15,1,2,1,1,29
17,18,35,36,17,17,0,2,2,14,1,2,1,14,1,2,1,1,24
17,18,35,36,17,17,0,2,3,13,1,2,1,13,1,2,1,1,26
17,18,35,36,17,17,0,2,4,4,0,2,1,4,0,2,1,1,27
17,18,35,36,17,17,0,2,5,5,0,2,2,5,0,2,3,1,25
17,18,35,36,17,17,0,2,6,6,0,2,1,6,0,2,1,1,27
17,18,35,36,17,17,0,2,7,7,0,2,1,7,0,2,1,1,27
17,18,35,36,17,17,0,2,8,8,0,2,1,8,0,2,1,1,27
17,18,35,36,17,17,0,2,9,7,1,2,1,7,1,2,1,1,26
17,18,35,36,17,17,0,2,10,6,1,2,1,6,1,2,1,1,27
17,18,35,36,17,17,0,2,11,5,1,2,1,5,1,2,1,1,27
17,18,35,36,17,17,0,2,12,4,1,2,1,4,1,2,1,1,27
17,18,35,36,17,17,0,2,13,3,1,2,1,3,1,2,1,1,26
17,18,35,36,17,17,0,2,14,14,0,2,1,14,0,2,1,1,27
17,18,35,36,17,17,0,2,15,15,0,2,2,15,0,2,13,1,27
17,18,35,36,17,18,0,2,1,16,1,2,2,17,0,1,16,0,29
17,18,35,36,17,18,0,2,2,15,1,2,2,15,1,2,13,1,25
17,18,35,36,17,18,0,2,3,14,1,2,1,14,1,2,1,1,27
17,18,35,36,17,18,0,2,4,4,0,2,2,4,0,2,2,1,27
17,18,35,36,17,18,0,2,5,5,0,2,2,5,0,2,3,1,27
17,18,35,36,17,18,0,2,6,6,0,2,2,6,0,2,4,1,26
17,18,35,36,17,18,0,2,7,7,0,2,2,7,0,2,5,1,27
17,18,35,36,17,18,0,2,8,8,0,2,2,8,0,2,6,1,27
17,18,35,36,17,18,0,2,9,8,1,2,1,8,1,2,1,1,26
17,18,35,36,17,18,0,2,10,7,1,2,1,7,1,2,1,1,27
17,18,35,36,17,18,0,2,11,6,1,2,1,6,1,2,1,1,27
17,18,35,36,17,18,0,2,12,5,1,2,1,5,1,2,1,1,27
17,18,35,36,17,18,0,2,13,4,1,2,1,4,1,2,1,1,27
17,18,35,36,17,18,0,2,14,14,0,2,2,14,0,2,12,1,26
17,18,35,36,17,18,0,2,15,15,0,2,2,15,0,2,13,1,27
17,18,35,36,17,18,0,2,16,16,0,2,2,17,0,1,16,0,29
17,20,37,38,17,17,0,2,1,15,1,2,0,15,1,2,0,0,31
17,20,37,38,17,17,0,2,2,14,1,2,2,14,1,2,12,1,17
17,20,37,38,17,17,0,2,3,13,1,2,1,13,1,2,1,1,28
17,20,37,38,17,17,0,2,4,4,0,2,2,4,0,2,2,1,28
17,20,37,38,17,17,0,2,5,5,0,2,2,5,0,2,3,1,28
17,20,37,38,17,17,0,2,6,6,0,2,2,6,0,2,4,1,29
17,20,37,38,17,17,0,2,7,7,0,2,2,7,0,2,5,1,28
17,20,37,38,17,17,0,2,8,8,0,2,2,8,0,2,6,1,29
17,20,37,38,17,17,0,2,9,7,1,2,1,7,1,2,1,1,28
17,20,37,38,17,17,0,2,10,6,1,2,1,6,1,2,1,1,28
17,20,37,38,17,17,0,2,11,5,1,2,1,5,1,2,1,1,29
17,20,37,38,17,17,0,2,12,4,1,2,1,4,1,2,1,1,27
17,20,37,38,17,17,0,2,13,3,1,2,1,3,1,2,1,1,27
17,20,37,38,17,17,0,2,14,14,0,2,2,14,0,2,12,1,29
17,20,37,38,17,17,0,2,15,15,0,2,2,15,0,2,13,1,28
17,20,37,38,17,20,0,2,1,17,0,1,1,18,1,2,0,0,32
17,20,37,38,17,20,0,2,2,17,0,1,2,17,1,2,15,1,13
17,20,37,38,17,20,0,2,3,3,0,2,1,3,0,2,1,1,30
17,20,37,38,17,20,0,2,4,4,0,2,2,4,0,2,2,1,28
17,20,37,38,17,20,0,2,5,5,0,2,2,5,0,2,3,1,24
17,20,37,38,17,20,0,2,6,6,0,2,2,6,0,2,4,1,29
17,20,37,38,17,20,0,2,7,7,0,2,2,7,0,2,5,1,28
17,20,37,38,17,20,0,2,8,8,0,2,2,8,0,2,6,1,26
17,20,37,38,17,20,0,2,9,9,0,2,2,9,0,2,7,1,26
17,20,37,38,17,20,0,2,10,9,1,2,1,9,1,2,1,1,27
17,20,37,38,17,20,0,2,11,8,1,2,2,8,1,2,6,1,27
17,20,37,38,17,20,0,2,12,7,1,2,1,7,1,2,1,1,27
17,20,37,38,17,20,0,2,13,6,1,2,1,6,1,2,1,1,26
17,20,37,38,17,20,0,2,14,5,1,2,2,14,0,2,12,1,27
17,20,37,38,17,20,0,2,15,4,1,2,1,4,1,2,1,1,26
17,20,37,38,17,20,0,2,16,3,1,2,1,3,1,2,1,1,26
17,20,37,38,17,20,0,2,17,2,1,2,0,2,1,2,0,0,30
17,20,37,38,17,20,0,2,18,17,0,1,2,18,0,2,1,1,28
17,21,38,39,17,17,0,2,1,15,1,2,1,15,1,2,1,1,32
17,21,38,39,17,17,0,2,2,14,1,2,2,14,1,2,12,1,25
17,21,38,39,17,17,0,2,3,13,1,2,1,13,1,2,1,1,30
17,21,38,39,17,17,0,2,4,4,0,2,2,4,0,2,2,1,30
17,21,38,39,17,17,0,2,5,5,0,2,2,5,0,2,3,1,20
17,21,38,39,17,17,0,2,6,6,0,2,2,6,0,2,4,1,29
17,21,38,39,17,17,0,2,7,7,0,2,2,7,0,2,5,1,25
17,21,38,39,17,17,0,2,8,8,0,2,2,8,0,2,6,1,21
17,21,38,39,17,17,0,2,9,7,1,2,2,7,1,2,5,1,25
17,21,38,39,17,17,0,2,10,6,1,2,2,6,1,2,4,1,25
17,21,38,39,17,17,0,2,11,5,1,2,2,11,0,2,9,1,24
17,21,38,39,17,17,0,2,12,4,1,2,2,4,1,2,2,1,24
17,21,38,39,17,17,0,2,13,13,0,2,2,13,0,2,11,1,26
17,21,38,39,17,17,0,2,14,14,0,2,2,14,0,2,12,1,26
17,21,38,39,17,17,0,2,15,15,0,2,2,15,0,2,13,1,25
17,21,38,39,17,21,0,2,1,17,0,1,1,17,0,1,1,1,32
17,21,38,39,17,21,0,2,2,17,0,1,2,18,1,2,1,1,26
17,21,38,39,17,21,0,2,3,3,0,2,1,3,0,2,1,1,31
17,21,38,39,17,21,0,2,4,4,0,2,2,4,0,2,2,1,30
17,21,38,39,17,21,0,2,5,5,0,2,2,5,0,2,3,1,20
17,21,38,39,17,21,0,2,6,6,0,2,1,6,0,2,1,1,29
17,21,38,39,17,21,0,2,7,7,0,2,2,7,0,2,5,1,26
17,21,38,39,17,21,0,2,8,8,0,2,2,8,0,2,6,1,20
17,21,38,39,17,21,0,2,9,9,0,2,2,9,0,2,7,1,24
17,21,38,39,17,21,0,2,10,10,0,2,2,10,0,2,8,1,23
17,21,38,39,17,21,0,2,11,9,1,2,2,9,1,2,7,1,22
17,21,38,39,17,21,0,2,12,8,1,2,2,8,1,2,6,1,22
17,21,38,39,17,21,0,2,13,7,1,2,2,7,1,2,5,1,23
17,21,38,39,17,21,0,2,14,6,1,2,1,6,1,2,1,1,26
17,21,38,39,17,21,0,2,15,5,1,2,2,15,0,2,13,1,20
17,21,38,39,17,21,0,2,16,4,1,2,2,4,1,2,2,1,27
17,21,38,39,17,21,0,2,17,3,1,2,1,3,1,2,1,1,27
17,21,38,39,17,21,0,2,18,17,0,1,2,18,0,2,16,1,20
17,21,38,39,17,21,0,2,19,17,0,1,2,19,0,2,1,1,29
17,22,39,40,17,17,0,2,1,15,1,2,1,22,0,1,21,0,34
17,22,39,40,17,17,0,2,2,14,1,2,2,14,1,2,12,1,28
17,22,39,40,17,17,0,2,3,13,1,2,1,13,1,2,1,1,31
17,22,39,40,17,17,0,2,4,4,0,2,2,4,0,2,2,1,31
17,22,39,40,17,17,0,2,5,5,0,2,2,5,0,2,3,1,29
17,22,39,40,17,17,0,2,6,6,0,2,2,6,0,2,4,1,31
17,22,39,40,17,17,0,2,7,7,0,2,2,7,0,2,5,1,30
17,22,39,40,17,17,0,2,8,8,0,2,2,8,0,2,6,1,29
17,22,39,40,17,17,0,2,9,7,1,2,1,7,1,2,1,1,31
17,22,39,40,17,17,0,2,10,6,1,2,1,6,1,2,1,1,30
17,22,39,40,17,17,0,2,11,5,1,2,1,5,1,2,1,1,29
17,22,39,40,17,17,0,2,12,4,1,2,1,4,1,2,1,1,31
17,22,39,40,17,17,0,2,13,3,1,2,1,3,1,2,1,1,30
17,22,39,40,17,17,0,2,14,14,0,2,2,14,0,2,12,1,29
17,22,39,40,17,17,0,2,15,15,0,2,2,15,0,2,13,1,31
17,22,39,40,17,22,0,2,1,17,0,1,1,17,0,1,1,1,33
17,22,39,40,17,22,0,2,2,17,0,1,1,17,0,1,1,1,29
17,22,39,40,17,22,0,2,3,17,0,1,2,17,0,1,15,1,29
17,22,39,40,17,22,0,2,4,4,0,2,2,4,0,2,2,1,31
17,22,39,40,17,22,0,2,5,5,0,2,2,5,0,2,3,1,30
17,22,39,40,17,22,0,2,6,6,0,2,2,6,0,2,4,1,30
17,22,39,40,17,22,0,2,7,7,0,2,2,7,0,2,5,1,30
17,22,39,40,17,22,0,2,8,8,0,2,2,8,0,2,6,1,29
17,22,39,40,17,22,0,2,9,9,0,2,2,9,0,2,7,1,30
17,22,39,40,17,22,0,2,10,10,0,2,2,10,0,2,8,1,30
17,22,39,40,17,22,0,2,11,10,1,2,1,10,1,2,1,1,29
17,22,39,40,17,22,0,2,12,9,1,2,1,9,1,2,1,1,31
17,22,39,40,17,22,0,2,13,8,1,2,1,8,1,2,1,1,30
17,22,39,40,17,22,0,2,14,7,1,2,1,7,1,2,1,1,29
17,22,39,40,17,22,0,2,15,6,1,2,1,6,1,2,1,1,31
17,22,39,40,17,22,0,2,16,5,1,2,1,5,1,2,1,1,30
17,22,39,40,17,22,0,2,17,4,1,2,1,4,1,2,1,1,31
17,22,39,40,17,22,0,2,18,3,1,2,1,3,1,2,1,1,30
17,22,39,40,17,22,0,2,19,17,0,1,2,17,0,1,15,1,30
17,22,39,40,17,22,0,2,20,17,0,1,1,17,0,1,1,1,32
18,2,20,21,18,18,0,2,1,16,1,2,1,16,1,2,1,1,14
18,2,20,21,18,18,0,2,2,15,1,2,2,15,1,2,2,2,5
18,2,20,21,18,18,0,2,3,3,0,2,1,3,0,2,1,1,13
18,2,20,21,18,18,0,2,4,4,0,2,1,4,0,2,1,1,12
18,2,20,21,18,18,0,2,5,5,0,2,1,5,0,2,1,1,9
18,2,20,21,18,18,0,2,6,6,0,2,1,6,0,2,1,1,11
18,2,20,21,18,18,0,2,7,7,0,2,1,7,0,2,1,1,11
18,2,20,21,18,18,0,2,8,8,0,2,2,9,1,2,1,1,8
18,2,20,21,18,18,0,2,9,8,1,2,2,9,0,2,1,1,9
18,2,20,21,18,18,0,2,10,7,1,2,1,7,1,2,1,1,11
18,2,20,21,18,18,0,2,11,6,1,2,1,6,1,2,1,1,6
18,2,20,21,18,18,0,2,12,5,1,2,2,12,0,2,1,1,11
18,2,20,21,18,18,0,2,13,4,1,2,1,4,1,2,1,1,10
18,2,20,21,18,18,0,2,14,3,1,2,1,3,1,2,1,1,9
18,2,20,21,18,18,0,2,15,15,0,2,1,15,0,2,1,1,13
18,2,20,21,18,18,0,2,16,16,0,2,1,16,0,2,1,1,12
18,3,21,22,18,3,0,2,1,18,0,1,1,18,0,1,1,1,16
18,3,21,22,18,18,0,2,1,3,0,1,1,3,0,1,2,0,16
18,3,21,22,18,18,0,2,2,15,1,2,2,15,1,2,13,1,4
18,3,21,22,18,18,0,2,3,14,1,2,1,14,1,2,1,1,12
18,3,21,22,18,18,0,2,4,4,0,2,2,4,0,2,2,1,10
18,3,21,22,18,18,0,2,5,5,0,2,2,5,0,2,3,1,4
18,3,21,22,18,18,0,2,6,6,0,2,2,11,1,2,1,1,11
18,3,21,22,18,18,0,2,7,7,0,2,2,7,0,2,5,1,11
18,3,21,22,18,18,0,2,8,8,0,2,2,8,0,2,6,1,7
18,3,21,22,18,18,0,2,9,8,1,2,2,8,1,2,6,1,8
18,3,21,22,18,18,0,2,10,7,1,2,2,7,1,2,5,1,10
18,3,21,22,18,18,0,2,11,6,1,2,1,6,1,2,1,1,9
18,3,21,22,18,18,0,2,12,5,1,2,2,12,0,2,10,1,5
18,3,21,22,18,18,0,2,13,4,1,2,2,4,1,2,2,1,11
18,3,21,22,18,18,0,2,14,3,1,2,1,3,1,2,1,1,10
18,3,21,22,18,18,0,2,15,15,0,2,2,15,0,2,13,1,9
18,3,21,22,18,18,0,2,16,16,0,2,2,16,0,2,14,1,12
18,4,22,23,18,4,0,2,1,18,0,1,1,18,0,1,1,1,16
18,4,22,23,18,4,0,2,2,18,0,1,3,18,0,1,15,2,12
18,4,22,23,18,18,0,2,1,4,0,1,1,4,0,1,1,1,16
18,4,22,23,18,18,0,2,2,15,1,2,2,15,1,2,13,1,4
18,4,22,23,18,18,0,2,3,4,0,1,1,4,0,1,1,1,13
18,4,22,23,18,18,0,2,4,4,0,1,1,4,0,1,1,1,6
18,4,22,23,18,18,0,2,5,5,0,2,2,5,0,2,2,2,2
18,4,22,23,18,18,0,2,6,4,0,1,1,4,0,1,1,1,11
18,4,22,23,18,18,0,2,7,7,0,2,2,7,0,2,2,2,5
18,4,22,23,18,18,0,2,8,8,0,2,2,8,0,2,6,1,5
18,4,22,23,18,18,0,2,9,4,0,1,1,4,0,1,1,1,10
18,4,22,23,18,18,0,2,10,7,1,2,2,7,1,2,2,2,3
18,4,22,23,18,18,0,2,11,4,0,1,1,4,0,1,1,1,9
18,4,22,23,18,18,0,2,12,5,1,2,2,5,1,2,2,2,2
18,4,22,23,18,18,0,2,13,4,0,1,1,4,0,1,1,1,7
18,4,22,23,18,18,0,2,14,4,0,1,1,4,0,1,1,1,11
18,4,22,23,18,18,0,2,15,15,0,2,2,15,0,2,2,2,4
18,4,22,23,18,18,0,2,16,4,0,1,1,4,0,1,1,1,6
18,5,23,24,18,5,0,2,1,3,1,2,1,3,1,2,1,1,17
18,5,23,24,18,5,0,2,2,18,0,1,1,18,0,1,1,1,10
18,5,23,24,18,5,0,2,3,18,0,1,1,18,0,1,1,1,16
18,5,23,24,18,18,0,2,1,5,0,1,1,5,0,1,1,1,17
18,5,23,24,18,18,0,2,2,5,0,1,2,15,1,2,13,1,8
18,5,23,24,18,18,0,2,3,5,0,1,2,5,0,1,3,1,14
18,5,23,24,18,18,0,2,4,4,0,2,1,4,0,2,1,1,15
18,5,23,24,18,18,0,2,5,5,0,1,2,5,0,2,1,1,14
18,5,23,24,18,18,0,2,6,5,0,1,2,5,0,1,3,1,14
18,5,23,24,18,18,0,2,7,5,0,1,2,7,0,2,5,1,12
18,5,23,24,18,18,0,2,8,5,0,1,2,8,0,2,1,1,13
18,5,23,24,18,18,0,2,9,5,0,1,2,5,0,1,3,1,14
18,5,23,24,18,18,0,2,10,5,0,1,2,7,1,2,1,1,13
18,5,23,24,18,18,0,2,11,5,0,1,2,6,1,2,4,1,13
18,5,23,24,18,18,0,2,12,5,0,1,2,5,0,1,3,1,14
18,5,23,24,18,18,0,2,13,4,1,2,1,4,1,2,1,1,13
18,5,23,24,18,18,0,2,14,3,1,2,1,3,1,2,1,1,14
18,5,23,24,18,18,0,2,15,5,0,1,2,15,0,2,1,1,14
18,5,23,24,18,18,0,2,16,5,0,1,2,16,0,2,14,1,14
18,6,24,25,18,6,0,2,1,4,1,2,1,4,1,2,1,1,17
18,6,24,25,18,6,0,2,2,18,0,1,2,18,0,1,16,1,13
18,6,24,25,18,6,0,2,3,18,0,1,1,18,0,1,1,1,16
18,6,24,25,18,6,0,2,4,4,0,2,2,4,0,2,2,1,15
18,6,24,25,18,18,0,2,1,6,0,1,2,6,0,1,4,1,17
18,6,24,25,18,18,0,2,2,6,0,1,3,15,1,2,13,1,11
18,6,24,25,18,18,0,2,3,6,0,1,2,6,0,1,4,1,13
18,6,24,25,18,18,0,2,4,4,0,2,2,4,0,2,2,1,12
18,6,24,25,18,18,0,2,5,5,0,2,2,12,1,2,10,1,9
18,6,24,25,18,18,0,2,6,6,0,1,2,6,0,1,2,2,7
18,6,24,25,18,18,0,2,7,6,0,1,2,7,0,2,5,1,10
18,6,24,25,18,18,0,2,8,6,0,1,2,8,0,2,6,1,11
18,6,24,25,18,18,0,2,9,6,0,1,2,9,0,2,7,1,9
18,6,24,25,18,18,0,2,10,6,0,1,3,7,1,2,5,1,9
18,6,24,25,18,18,0,2,11,6,0,1,2,11,0,2,9,1,9
18,6,24,25,18,18,0,2,12,5,1,2,2,12,0,2,10,1,11
18,6,24,25,18,18,0,2,13,4,1,2,2,4,1,2,2,1,8
18,6,24,25,18,18,0,2,14,6,0,1,2,14,0,2,12,1,11
18,6,24,25,18,18,0,2,15,6,0,1,2,15,0,2,13,1,12
18,6,24,25,18,18,0,2,16,6,0,1,3,16,0,2,14,1,11
18,7,25,26,18,7,0,2,1,5,1,2,1,5,1,2,1,1,19
18,7,25,26,18,7,0,2,2,4,1,2,2,4,1,2,2,1,9
18,7,25,26,18,7,0,2,3,3,1,2,1,3,1,2,1,1,17
18,7,25,26,18,7,0,2,4,4,0,2,2,4,0,2,2,1,17
18,7,25,26,18,7,0,2,5,5,0,2,2,5,0,2,3,1,12
18,7,25,26,18,18,0,2,1,7,0,1,1,7,0,1,1,1,19
18,7,25,26,18,18,0,2,2,7,0,1,1,7,0,1,1,1,10
18,7,25,26,18,18,0,2,3,7,0,1,1,7,0,1,1,1,17
18,7,25,26,18,18,0,2,4,4,0,2,2,4,0,2,2,1,15
18,7,25,26,18,18,0,2,5,5,0,2,2,5,0,2,3,1,13
18,7,25,26,18,18,0,2,6,6,0,2,2,6,0,2,4,1,14
18,7,25,26,18,18,0,2,7,7,0,1,1,7,0,1,1,1,15
18,7,25,26,18,18,0,2,8,7,0,1,2,7,0,1,5,1,14
18,7,25,26,18,18,0,2,9,7,0,1,2,7,0,1,5,1,14
18,7,25,26,18,18,0,2,10,7,0,1,2,7,0,1,5,1,14
18,7,25,26,18,18,0,2,11,6,1,2,1,6,1,2,1,1,13
18,7,25,26,18,18,0,2,12,5,1,2,2,7,0,1,5,1,13
18,7,25,26,18,18,0,2,13,4,1,2,1,4,1,2,1,1,14
18,7,25,26,18,18,0,2,14,3,1,2,1,3,1,2,1,1,14
18,7,25,26,18,18,0,2,15,7,0,1,2,7,0,1,5,1,15
18,7,25,26,18,18,0,2,16,7,0,1,2,7,0,1,5,1,15
18,8,26,27,18,8,0,2,1,6,1,2,1,18,0,1,17,0,21
18,8,26,27,18,8,0,2,2,5,1,2,2,5,1,2,2,2,14
18,8,26,27,18,8,0,2,3,4,1,2,1,4,1,2,1,1,18
18,8,26,27,18,8,0,2,4,3,1,2,1,3,1,2,1,1,17
18,8,26,27,18,8,0,2,5,5,0,2,2,5,0,2,3,1,10
18,8,26,27,18,8,0,2,6,6,0,2,2,6,0,2,4,1,17
18,8,26,27,18,18,0,2,1,8,0,1,2,8,0,1,6,1,19
18,8,26,27,18,18,0,2,2,8,0,1,2,15,1,2,13,1,14
18,8,26,27,18,18,0,2,3,8,0,1,2,14,1,2,1,1,14
18,8,26,27,18,18,0,2,4,4,0,2,2,4,0,2,2,1,14
18,8,26,27,18,18,0,2,5,5,0,2,2,5,0,2,3,1,8
18,8,26,27,18,18,0,2,6,6,0,2,2,6,0,2,4,1,12
18,8,26,27,18,18,0,2,7,7,0,2,2,7,0,2,5,1,13
18,8,26,27,18,18,0,2,8,8,0,1,2,8,0,2,6,1,9
18,8,26,27,18,18,0,2,9,8,0,1,2,9,0,2,7,1,9
18,8,26,27,18,18,0,2,10,7,1,2,1,7,1,2,1,1,14
18,8,26,27,18,18,0,2,11,6,1,2,1,6,1,2,1,1,10
18,8,26,27,18,18,0,2,12,5,1,2,2,12,0,2,10,1,10
18,8,26,27,18,18,0,2,13,4,1,2,1,4,1,2,1,1,14
18,8,26,27,18,18,0,2,14,3,1,2,1,3,1,2,1,1,9
18,8,26,27,18,18,0,2,15,8,0,1,2,15,0,2,13,1,14
18,8,26,27,18,18,0,2,16,8,0,1,2,16,0,2,14,1,14
18,9,27,28,18,9,0,2,1,7,1,2,1,7,1,2,1,1,21
18,9,27,28,18,9,0,2,2,6,1,2,2,18,0,1,1,1,9
18,9,27,28,18,9,0,2,3,5,1,2,1,5,1,2,1,1,18
18,9,27,28,18,9,0,2,4,4,0,2,2,4,0,2,2,1,19
18,9,27,28,18,9,0,2,5,5,0,2,2,5,0,2,3,1,15
18,9,27,28,18,9,0,2,6,6,0,2,2,6,0,2,4,1,18
18,9,27,28,18,9,0,2,7,7,0,2,2,7,0,2,5,1,20
18,9,27,28,18,18,0,2,1,9,0,1,1,9,0,1,1,1,21
18,9,27,28,18,18,0,2,2,9,0,1,1,9,0,1,1,1,9
18,9,27,28,18,18,0,2,3,3,0,2,1,3,0,2,1,1,20
18,9,27,28,18,18,0,2,4,4,0,2,2,4,0,2,2,1,19
18,9,27,28,18,18,0,2,5,5,0,2,2,5,0,2,3,1,13
18,9,27,28,18,18,0,2,6,6,0,2,1,6,0,2,1,1,18
18,9,27,28,18,18,0,2,7,7,0,2,2,7,0,2,5,1,18
18,9,27,28,18,18,0,2,8,8,0,2,2,8,0,2,6,1,12
18,9,27,28,18,18,0,2,9,8,1,2,1,8,1,2,1,1,16
18,9,27,28,18,18,0,2,10,7,1,2,2,7,1,2,5,1,15
18,9,27,28,18,18,0,2,11,6,1,2,1,6,1,2,1,1,15
18,9,27,28,18,18,0,2,12,5,1,2,1,5,1,2,1,1,12
18,9,27,28,18,18,0,2,13,4,1,2,2,4,1,2,2,1,16
18,9,27,28,18,18,0,2,14,3,1,2,1,3,1,2,1,1,18
18,9,27,28,18,18,0,2,15,9,0,1,2,15,0,2,13,1,14
18,9,27,28,18,18,0,2,16,9,0,1,2,9,0,1,7,1,20
18,10,28,29,18,10,0,2,1,8,1,2,0,8,1,2,0,0,23
18,10,28,29,18,10,0,2,2,7,1,2,2,7,1,2,5,1,14
18,10,28,29,18,10,0,2,3,6,1,2,1,6,1,2,1,1,17
18,10,28,29,18,10,0,2,4,4,0,2,2,4,0,2,2,1,19
18,10,28,29,18,10,0,2,5,4,1,2,2,4,1,2,2,1,8
18,10,28,29,18,10,0,2,6,3,1,2,1,3,1,2,1,1,15
18,10,28,29,18,10,0,2,7,7,0,2,2,7,0,2,5,1,17
18,10,28,29,18,10,0,2,8,8,0,2,2,8,0,2,6,1,13
18,10,28,29,18,18,0,2,1,10,0,1,1,16,1,2,0,0,23
18,10,28,29,18,18,0,2,2,10,0,1,2,15,1,2,13,1,14
18,10,28,29,18,18,0,2,3,10,0,1,1,10,0,1,1,1,18
18,10,28,29,18,18,0,2,4,4,0,2,2,4,0,2,2,1,17
18,10,28,29,18,18,0,2,5,5,0,2,2,5,0,2,3,1,8
18,10,28,29,18,18,0,2,6,6,0,2,2,10,0,1,1,1,15
18,10,28,29,18,18,0,2,7,7,0,2,2,10,1,2,8,1,14
18,10,28,29,18,18,0,2,8,8,0,2,2,8,0,2,6,1,10
18,10,28,29,18,18,0,2,9,8,1,2,2,8,1,2,6,1,13
18,10,28,29,18,18,0,2,10,7,1,2,3,10,0,1,2,2,8
18,10,28,29,18,18,0,2,11,6,1,2,2,11,0,2,9,1,11
18,10,28,29,18,18,0,2,12,5,1,2,1,5,1,2,1,1,13
18,10,28,29,18,18,0,2,13,10,0,1,2,10,0,1,2,2,6
18,10,28,29,18,18,0,2,14,10,0,1,1,10,0,1,1,1,17
18,10,28,29,18,18,0,2,15,10,0,1,2,10,0,1,2,2,10
18,10,28,29,18,18,0,2,16,10,0,1,2,10,0,1,8,1,11
18,11,29,30,18,11,0,2,1,9,1,2,1,9,1,2,1,1,23
18,11,29,30,18,11,0,2,2,8,1,2,2,8,1,2,6,1,13
18,11,29,30,18,11,0,2,3,3,0,2,1,3,0,2,1,1,22
18,11,29,30,18,11,0,2,4,4,0,2,1,4,0,2,1,1,21
18,11,29,30,18,11,0,2,5,5,0,2,1,5,0,2,1,1,21
18,11,29,30,18,11,0,2,6,4,1,2,1,4,1,2,1,1,20
18,11,29,30,18,11,0,2,7,3,1,2,1,3,1,2,1,1,21
18,11,29,30,18,11,0,2,8,8,0,2,1,8,0,2,1,1,21
18,11,29,30,18,11,0,2,9,9,0,2,1,9,0,2,1,1,22
18,11,29,30,18,18,0,2,1,11,0,1,1,11,0,1,1,1,23
18,11,29,30,18,18,0,2,2,11,0,1,1,11,0,1,1,1,14
18,11,29,30,18,18,0,2,3,11,0,1,1,11,0,1,1,1,21
18,11,29,30,18,18,0,2,4,4,0,2,2,4,0,2,2,1,20
18,11,29,30,18,18,0,2,5,5,0,2,2,5,0,2,3,1,20
18,11,29,30,18,18,0,2,6,6,0,2,2,6,0,2,4,1,20
18,11,29,30,18,18,0,2,7,7,0,2,2,7,0,2,5,1,20
18,11,29,30,18,18,0,2,8,8,0,2,2,8,0,2,6,1,20
18,11,29,30,18,18,0,2,9,8,1,2,1,8,1,2,1,1,19
18,11,29,30,18,18,0,2,10,7,1,2,1,7,1,2,1,1,21
18,11,29,30,18,18,0,2,11,6,1,2,2,6,1,2,4,1,20
18,11,29,30,18,18,0,2,12,5,1,2,1,5,1,2,1,1,21
18,11,29,30,18,18,0,2,13,4,1,2,1,4,1,2,1,1,20
18,11,29,30,18,18,0,2,14,11,0,1,2,11,0,1,9,1,19
18,11,29,30,18,18,0,2,15,11,0,1,1,11,0,1,1,1,21
18,11,29,30,18,18,0,2,16,11,0,1,1,11,0,1,1,1,22
18,12,30,31,18,12,0,2,1,10,1,2,1,10,1,2,1,1,23
18,12,30,31,18,12,0,2,2,9,1,2,1,9,1,2,1,1,20
18,12,30,31,18,12,0,2,3,8,1,2,1,8,1,2,1,1,22
18,12,30,31,18,12,0,2,4,4,0,2,2,4,0,2,2,1,20
18,12,30,31,18,12,0,2,5,5,0,2,2,5,0,2,3,1,16
18,12,30,31,18,12,0,2,6,5,1,2,1,5,1,2,1,1,22
18,12,30,31,18,12,0,2,7,4,1,2,1,4,1,2,1,1,17
18,12,30,31,18,12,0,2,8,8,0,2,2,8,0,2,6,1,18
18,12,30,31,18,12,0,2,9,9,0,2,2,9,0,2,7,1,19
18,12,30,31,18,12,0,2,10,10,0,2,2,10,0,2,8,1,18
18,12,30,31,18,18,0,2,1,12,0,1,1,12,0,1,1,1,24
18,12,30,31,18,18,0,2,2,12,0,1,2,12,0,1,10,1,20
18,12,30,31,18,18,0,2,3,12,0,1,2,12,0,1,10,1,21
18,12,30,31,18,18,0,2,4,4,0,2,2,4,0,2,2,1,21
18,12,30,31,18,18,0,2,5,5,0,2,2,5,0,2,3,1,17
18,12,30,31,18,18,0,2,6,6,0,2,2,6,0,2,4,1,22
18,12,30,31,18,18,0,2,7,7,0,2,2,7,0,2,5,1,18
18,12,30,31,18,18,0,2,8,8,0,2,2,8,0,2,6,1,16
18,12,30,31,18,18,0,2,9,8,1,2,2,8,1,2,6,1,18
18,12,30,31,18,18,0,2,10,7,1,2,2,7,1,2,5,1,17
18,12,30,31,18,18,0,2,11,6,1,2,2,6,1,2,4,1,17
18,12,30,31,18,18,0,2,12,5,1,2,2,12,0,2,10,1,18
18,12,30,31,18,18,0,2,13,4,1,2,2,4,1,2,2,1,20
18,12,30,31,18,18,0,2,14,12,0,1,2,14,0,2,12,1,15
18,12,30,31,18,18,0,2,15,12,0,1,2,15,0,2,13,1,20
18,12,30,31,18,18,0,2,16,12,0,1,2,12,0,1,2,2,19
18,13,31,32,18,13,0,2,1,11,1,2,1,18,0,1,17,0,26
18,13,31,32,18,13,0,2,2,10,1,2,2,10,1,2,8,1,15
18,13,31,32,18,13,0,2,3,9,1,2,1,9,1,2,1,1,23
18,13,31,32,18,13,0,2,4,4,0,2,1,4,0,2,1,1,24
18,13,31,32,18,13,0,2,5,5,0,2,2,5,0,2,3,1,16
18,13,31,32,18,13,0,2,6,6,0,2,2,6,0,2,4,1,23
18,13,31,32,18,13,0,2,7,5,1,2,1,5,1,2,1,1,22
18,13,31,32,18,13,0,2,8,4,1,2,1,4,1,2,1,1,19
18,13,31,32,18,13,0,2,9,3,1,2,1,3,1,2,1,1,22
18,13,31,32,18,13,0,2,10,10,0,2,1,10,0,2,1,1,23
18,13,31,32,18,13,0,2,11,11,0,2,2,11,0,2,9,1,21
18,13,31,32,18,18,0,2,1,13,0,1,1,13,0,1,1,1,25
18,13,31,32,18,18,0,2,2,13,0,1,1,13,0,1,1,1,19
18,13,31,32,18,18,0,2,3,13,0,1,2,13,0,1,11,1,21
18,13,31,32,18,18,0,2,4,4,0,2,2,4,0,2,2,1,23
18,13,31,32,18,18,0,2,5,5,0,2,2,5,0,2,3,1,19
18,13,31,32,18,18,0,2,6,6,0,2,2,6,0,2,4,1,22
18,13,31,32,18,18,0,2,7,7,0,2,2,7,0,2,5,1,19
18,13,31,32,18,18,0,2,8,8,0,2,2,8,0,2,6,1,21
18,13,31,32,18,18,0,2,9,8,1,2,2,8,1,2,6,1,20
18,13,31,32,18,18,0,2,10,7,1,2,1,7,1,2,1,1,20
18,13,31,32,18,18,0,2,11,6,1,2,1,6,1,2,1,1,22
18,13,31,32,18,18,0,2,12,5,1,2,1,5,1,2,1,1,20
18,13,31,32,18,18,0,2,13,4,1,2,1,4,1,2,1,1,22
18,13,31,32,18,18,0,2,14,3,1,2,1,3,1,2,1,1,22
18,13,31,32,18,18,0,2,15,13,0,1,2,13,0,1,11,1,19
18,13,31,32,18,18,0,2,16,13,0,1,2,13,0,1,11,1,23
18,14,32,33,18,14,0,2,1,12,1,2,1,12,1,2,1,1,26
18,14,32,33,18,14,0,2,2,11,1,2,2,11,1,2,9,1,19
18,14,32,33,18,14,0,2,3,10,1,2,1,10,1,2,1,1,24
18,14,32,33,18,14,0,2,4,4,0,2,2,4,0,2,2,1,23
18,14,32,33,18,14,0,2,5,5,0,2,2,5,0,2,3,1,15
18,14,32,33,18,14,0,2,6,6,0,2,2,6,0,2,4,1,21
18,14,32,33,18,14,0,2,7,6,1,2,2,6,1,2,4,1,18
18,14,32,33,18,14,0,2,8,5,1,2,2,8,0,2,6,1,17
18,14,32,33,18,14,0,2,9,4,1,2,2,4,1,2,2,1,17
18,14,32,33,18,14,0,2,10,10,0,2,2,10,0,2,8,1,19
18,14,32,33,18,14,0,2,11,11,0,2,2,11,0,2,9,1,20
18,14,32,33,18,14,0,2,12,12,0,2,2,12,0,2,10,1,18
18,14,32,33,18,18,0,2,1,14,0,1,1,14,0,1,1,1,26
18,14,32,33,18,18,0,2,2,14,0,1,2,15,1,2,1,1,19
18,14,32,33,18,18,0,2,3,3,0,2,1,3,0,2,1,1,25
18,14,32,33,18,18,0,2,4,4,0,2,2,4,0,2,2,1,23
18,14,32,33,18,18,0,2,5,5,0,2,2,5,0,2,3,1,15
18,14,32,33,18,18,0,2,6,6,0,2,1,6,0,2,1,1,17
18,14,32,33,18,18,0,2,7,7,0,2,2,7,0,2,5,1,18
18,14,32,33,18,18,0,2,8,8,0,2,2,8,0,2,6,1,14
18,14,32,33,18,18,0,2,9,8,1,2,2,8,1,2,6,1,14
18,14,32,33,18,18,0,2,10,7,1,2,2,7,1,2,5,1,17
18,14,32,33,18,18,0,2,11,6,1,2,1,6,1,2,1,1,16
18,14,32,33,18,18,0,2,12,5,1,2,2,12,0,2,10,1,14
18,14,32,33,18,18,0,2,13,4,1,2,2,4,1,2,2,1,19
18,14,32,33,18,18,0,2,14,3,1,2,1,3,1,2,1,1,20
18,14,32,33,18,18,0,2,15,14,0,1,2,15,0,2,13,1,15
18,14,32,33,18,18,0,2,16,14,0,1,2,16,0,2,1,1,23
18,15,33,34,18,15,0,2,1,13,1,2,0,13,1,2,0,0,27
18,15,33,34,18,15,0,2,2,12,1,2,2,12,1,2,10,1,12
18,15,33,34,18,15,0,2,3,11,1,2,1,11,1,2,1,1,23
18,15,33,34,18,15,0,2,4,4,0,2,2,4,0,2,2,1,25
18,15,33,34,18,15,0,2,5,5,0,2,1,5,0,2,1,1,21
18,15,33,34,18,15,0,2,6,6,0,2,2,6,0,2,4,1,24
18,15,33,34,18,15,0,2,7,7,0,2,2,7,0,2,5,1,25
18,15,33,34,18,15,0,2,8,6,1,2,2,6,1,2,4,1,20
18,15,33,34,18,15,0,2,9,5,1,2,1,5,1,2,1,1,23
18,15,33,34,18,15,0,2,10,4,1,2,1,4,1,2,1,1,24
18,15,33,34,18,15,0,2,11,11,0,2,1,11,0,2,1,1,22
18,15,33,34,18,15,0,2,12,12,0,2,2,12,0,2,10,1,24
18,15,33,34,18,15,0,2,13,13,0,2,2,13,0,2,11,1,24
18,15,33,34,18,18,0,2,1,15,0,1,1,16,1,2,0,0,28
18,15,33,34,18,18,0,2,2,15,0,1,2,15,1,2,13,1,8
18,15,33,34,18,18,0,2,3,3,0,2,1,3,0,2,1,1,26
18,15,33,34,18,18,0,2,4,4,0,2,2,4,0,2,2,1,25
18,15,33,34,18,18,0,2,5,5,0,2,1,5,0,2,1,1,19
18,15,33,34,18,18,0,2,6,6,0,2,2,6,0,2,4,1,24
18,15,33,34,18,18,0,2,7,7,0,2,2,7,0,2,5,1,23
18,15,33,34,18,18,0,2,8,8,0,2,2,8,0,2,6,1,20
18,15,33,34,18,18,0,2,9,8,1,2,1,8,1,2,1,1,23
18,15,33,34,18,18,0,2,10,7,1,2,1,7,1,2,1,1,23
18,15,33,34,18,18,0,2,11,6,1,2,2,6,1,2,4,1,19
18,15,33,34,18,18,0,2,12,5,1,2,1,5,1,2,1,1,23
18,15,33,34,18,18,0,2,13,4,1,2,1,4,1,2,1,1,22
18,15,33,34,18,18,0,2,14,3,1,2,1,3,1,2,1,1,23
18,15,33,34,18,18,0,2,15,2,1,2,0,2,1,2,0,0,25
18,15,33,34,18,18,0,2,16,15,0,1,2,16,0,2,1,1,25
18,17,35,36,18,17,0,2,1,15,1,2,1,15,1,2,1,1,29
18,17,35,36,18,17,0,2,2,14,1,2,1,14,1,2,1,1,24
18,17,35,36,18,17,0,2,3,13,1,2,1,13,1,2,1,1,26
18,17,35,36,18,17,0,2,4,4,0,2,1,4,0,2,1,1,27
18,17,35,36,18,17,0,2,5,5,0,2,2,5,0,2,3,1,25
18,17,35,36,18,17,0,2,6,6,0,2,1,6,0,2,1,1,27
18,17,35,36,18,17,0,2,7,7,0,2,1,7,0,2,1,1,27
18,17,35,36,18,17,0,2,8,8,0,2,1,8,0,2,1,1,27
18,17,35,36,18,17,0,2,9,7,1,2,1,7,1,2,1,1,26
18,17,35,36,18,17,0,2,10,6,1,2,1,6,1,2,1,1,27
18,17,35,36,18,17,0,2,11,5,1,2,1,5,1,2,1,1,27
18,17,35,36,18,17,0,2,12,4,1,2,1,4,1,2,1,1,27
18,17,35,36,18,17,0,2,13,3,1,2,1,3,1,2,1,1,26
18,17,35,36,18,17,0,2,14,14,0,2,1,14,0,2,1,1,27
18,17,35,36,18,17,0,2,15,15,0,2,2,15,0,2,13,1,27
18,17,35,36,18,18,0,2,1,16,1,2,2,17,0,1,16,0,29
18,17,35,36,18,18,0,2,2,15,1,2,2,15,1,2,13,1,25
18,17,35,36,18,18,0,2,3,14,1,2,1,14,1,2,1,1,27
18,17,35,36,18,18,0,2,4,4,0,2,2,4,0,2,2,1,27
18,17,35,36,18,18,0,2,5,5,0,2,2,5,0,2,3,1,27
18,17,35,36,18,18,0,2,6,6,0,2,2,6,0,2,4,1,26
18,17,35,36,18,18,0,2,7,7,0,2,2,7,0,2,5,1,27
18,17,35,36,18,18,0,2,8,8,0,2,2,8,0,2,6,1,27
18,17,35,36,18,18,0,2,9,8,1,2,1,8,1,2,1,1,26
18,17,35,36,18,18,0,2,10,7,1,2,1,7,1,2,1,1,27
18,17,35,36,18,18,0,2,11,6,1,2,1,6,1,2,1,1,27
18,17,35,36,18,18,0,2,12,5,1,2,1,5,1,2,1,1,27
18,17,35,36,18,18,0,2,13,4,1,2,1,4,1,2,1,1,27
18,17,35,36,18,18,0,2,14,14,0,2,2,14,0,2,12,1,26
18,17,35,36,18,18,0,2,15,15,0,2,2,15,0,2,13,1,27
18,17,35,36,18,18,0,2,16,16,0,2,2,17,0,1,16,0,29
18,18,36,37,18,18,0,2,1,16,1,2,1,18,0,1,17,0,31
18,18,36,37,18,18,0,2,2,15,1,2,2,15,1,2,13,1,25
18,18,36,37,18,18,0,2,3,14,1,2,1,14,1,2,1,1,28
18,18,36,37,18,18,0,2,4,4,0,2,2,4,0,2,2,1,27
18,18,36,37,18,18,0,2,5,5,0,2,2,5,0,2,3,1,23
18,18,36,37,18,18,0,2,6,6,0,2,2,6,0,2,4,1,28
18,18,36,37,18,18,0,2,7,7,0,2,2,7,0,2,5,1,26
18,18,36,37,18,18,0,2,8,8,0,2,2,8,0,2,6,1,23
18,18,36,37,18,18,0,2,9,8,1,2,2,8,1,2,6,1,25
18,18,36,37,18,18,0,2,10,7,1,2,2,7,1,2,5,1,23
18,18,36,37,18,18,0,2,11,6,1,2,2,6,1,2,4,1,24
18,18,36,37,18,18,0,2,12,5,1,2,2,12,0,2,10,1,23
18,18,36,37,18,18,0,2,13,4,1,2,2,4,1,2,2,1,25
18,18,36,37,18,18,0,2,14,14,0,2,2,14,0,2,12,1,25
18,18,36,37,18,18,0,2,15,15,0,2,2,15,0,2,13,1,25
18,18,36,37,18,18,0,2,16,16,0,2,2,16,0,2,14,1,28
18,19,37,38,18,18,0,2,1,16,1,2,1,16,1,2,1,1,31
18,19,37,38,18,18,0,2,2,15,1,2,2,15,1,2,13,1,21
18,19,37,38,18,18,0,2,3,14,1,2,1,14,1,2,1,1,28
18,19,37,38,18,18,0,2,4,4,0,2,2,4,0,2,2,1,28
18,19,37,38,18,18,0,2,5,5,0,2,2,5,0,2,3,1,23
18,19,37,38,18,18,0,2,6,6,0,2,2,6,0,2,4,1,28
18,19,37,38,18,18,0,2,7,7,0,2,2,7,0,2,5,1,28
18,19,37,38,18,18,0,2,8,8,0,2,2,8,0,2,6,1,25
18,19,37,38,18,18,0,2,9,8,1,2,1,8,1,2,1,1,28
18,19,37,38,18,18,0,2,10,7,1,2,1,7,1,2,1,1,28
18,19,37,38,18,18,0,2,11,6,1,2,2,6,1,2,4,1,25
18,19,37,38,18,18,0,2,12,5,1,2,1,5,1,2,1,1,28
18,19,37,38,18,18,0,2,13,4,1,2,1,4,1,2,1,1,28
18,19,37,38,18,18,0,2,14,14,0,2,2,14,0,2,12,1,26
18,19,37,38,18,18,0,2,15,15,0,2,2,15,0,2,13,1,28
18,19,37,38,18,18,0,2,16,16,0,2,2,16,0,2,14,1,29
18,19,37,38,18,19,0,2,1,17,1,2,2,18,0,1,17,0,31
18,19,37,38,18,19,0,2,2,16,1,2,2,16,1,2,14,1,24
18,19,37,38,18,19,0,2,3,15,1,2,1,15,1,2,1,1,29
18,19,37,38,18,19,0,2,4,4,0,2,2,4,0,2,2,1,29
18,19,37,38,18,19,0,2,5,5,0,2,2,5,0,2,3,1,27
18,19,37,38,18,19,0,2,6,6,0,2,2,6,0,2,4,1,29
18,19,37,38,18,19,0,2,7,7,0,2,2,7,0,2,5,1,28
18,19,37,38,18,19,0,2,8,8,0,2,2,8,0,2,6,1,27
18,19,37,38,18,19,0,2,9,9,0,2,2,9,0,2,7,1,28
18,19,37,38,18,19,0,2,10,8,1,2,1,8,1,2,1,1,28
18,19,37,38,18,19,0,2,11,7,1,2,1,7,1,2,1,1,27
18,19,37,38,18,19,0,2,12,6,1,2,2,6,1,2,4,1,27
18,19,37,38,18,19,0,2,13,5,1,2,1,5,1,2,1,1,28
18,19,37,38,18,19,0,2,14,4,1,2,1,4,1,2,1,1,28
18,19,37,38,18,19,0,2,15,15,0,2,2,15,0,2,13,1,27
18,19,37,38,18,19,0,2,16,16,0,2,2,16,0,2,14,1,28
18,19,37,38,18,19,0,2,17,17,0,2,2,18,0,1,17,0,31
18,21,39,40,18,18,0,2,1,16,1,2,0,16,1,2,0,0,33
18,21,39,40,18,18,0,2,2,15,1,2,2,15,1,2,13,1,21
18,21,39,40,18,18,0,2,3,14,1,2,1,14,1,2,1,1,30
18,21,39,40,18,18,0,2,4,4,0,2,2,4,0,2,2,1,31
18,21,39,40,18,18,0,2,5,5,0,2,1,5,0,2,1,1,30
18,21,39,40,18,18,0,2,6,6,0,2,2,6,0,2,4,1,30
18,21,39,40,18,18,0,2,7,7,0,2,2,7,0,2,5,1,31
18,21,39,40,18,18,0,2,8,8,0,2,2,8,0,2,6,1,29
18,21,39,40,18,18,0,2,9,8,1,2,1,8,1,2,1,1,30
18,21,39,40,18,18,0,2,10,7,1,2,1,7,1,2,1,1,30
18,21,39,40,18,18,0,2,11,6,1,2,2,6,1,2,4,1,29
18,21,39,40,18,18,0,2,12,5,1,2,1,5,1,2,1,1,30
18,21,39,40,18,18,0,2,13,4,1,2,1,4,1,2,1,1,30
18,21,39,40,18,18,0,2,14,3,1,2,1,3,1,2,1,1,30
18,21,39,40,18,18,0,2,15,15,0,2,2,15,0,2,13,1,31
18,21,39,40,18,18,0,2,16,16,0,2,2,16,0,2,14,1,30
18,21,39,40,18,21,0,2,1,18,0,1,1,19,1,2,0,0,34
18,21,39,40,18,21,0,2,2,18,0,1,2,18,1,2,16,1,17
18,21,39,40,18,21,0,2,3,3,0,2,1,3,0,2,1,1,32
18,21,39,40,18,21,0,2,4,4,0,2,2,4,0,2,2,1,31
18,21,39,40,18,21,0,2,5,5,0,2,1,5,0,2,1,1,26
18,21,39,40,18,21,0,2,6,6,0,2,2,6,0,2,4,1,30
18,21,39,40,18,21,0,2,7,7,0,2,2,7,0,2,5,1,30
18,21,39,40,18,21,0,2,8,8,0,2,1,8,0,2,1,1,27
18,21,39,40,18,21,0,2,9,9,0,2,2,9,0,2,7,1,29
18,21,39,40,18,21,0,2,10,10,0,2,2,10,0,2,8,1,30
18,21,39,40,18,21,0,2,11,9,1,2,2,9,1,2,7,1,27
18,21,39,40,18,21,0,2,12,8,1,2,1,8,1,2,1,1,29
18,21,39,40,18,21,0,2,13,7,1,2,1,7,1,2,1,1,29
18,21,39,40,18,21,0,2,14,6,1,2,1,6,1,2,1,1,28
18,21,39,40,18,21,0,2,15,5,1,2,1,5,1,2,1,1,30
18,21,39,40,18,21,0,2,16,4,1,2,1,4,1,2,1,1,28
18,21,39,40,18,21,0,2,17,3,1,2,1,3,1,2,1,1,29
18,21,39,40,18,21,0,2,18,2,1,2,0,2,1,2,0,0,31
18,21,39,40,18,21,0,2,19,18,0,1,2,19,0,2,1,1,31
19,2,21,22,19,19,0,2,1,17,1,2,0,17,1,2,0,0,16
19,2,21,22,19,19,0,2,2,16,1,2,1,16,1,2,1,1,14
19,2,21,22,19,19,0,2,3,15,1,2,1,15,1,2,1,1,13
19,2,21,22,19,19,0,2,4,4,0,2,2,4,0,2,2,1,13
19,2,21,22,19,19,0,2,5,5,0,2,2,5,0,2,3,1,10
19,2,21,22,19,19,0,2,6,6,0,2,2,6,0,2,4,1,13
19,2,21,22,19,19,0,2,7,7,0,2,2,7,0,2,5,1,11
19,2,21,22,19,19,0,2,8,8,0,2,2,8,0,2,6,1,11
19,2,21,22,19,19,0,2,9,9,0,2,3,9,0,2,7,1,10
19,2,21,22,19,19,0,2,10,8,1,2,2,8,1,2,6,1,12
19,2,21,22,19,19,0,2,11,7,1,2,1,7,1,2,1,1,12
19,2,21,22,19,19,0,2,12,6,1,2,1,6,1,2,1,1,10
19,2,21,22,19,19,0,2,13,5,1,2,2,13,0,2,11,1,11
19,2,21,22,19,19,0,2,14,4,1,2,1,4,1,2,1,1,12
19,2,21,22,19,19,0,2,15,15,0,2,2,15,0,2,13,1,12
19,2,21,22,19,19,0,2,16,16,0,2,2,16,0,2,14,1,13
19,2,21,22,19,19,0,2,17,17,0,2,2,17,0,2,15,1,14
19,3,22,23,19,3,0,2,1,19,0,1,2,19,0,1,17,1,16
19,3,22,23,19,19,0,2,1,17,1,2,1,17,1,2,1,1,15
19,3,22,23,19,19,0,2,2,16,1,2,2,16,1,2,14,1,6
19,3,22,23,19,19,0,2,3,15,1,2,2,15,1,2,2,2,5
19,3,22,23,19,19,0,2,4,4,0,2,2,4,0,2,2,1,12
19,3,22,23,19,19,0,2,5,5,0,2,2,13,1,2,11,1,7
19,3,22,23,19,19,0,2,6,6,0,2,2,6,0,2,2,2,5
19,3,22,23,19,19,0,2,7,7,0,2,2,7,0,2,5,1,9
19,3,22,23,19,19,0,2,8,8,0,2,2,10,1,2,8,1,8
19,3,22,23,19,19,0,2,9,9,0,2,2,9,0,2,7,1,8
19,3,22,23,19,19,0,2,10,8,1,2,2,10,0,2,8,1,6
19,3,22,23,19,19,0,2,11,7,1,2,2,7,1,2,5,1,11
19,3,22,23,19,19,0,2,12,6,1,2,2,6,1,2,2,2,3
19,3,22,23,19,19,0,2,13,5,1,2,2,13,0,2,11,1,7
19,3,22,23,19,19,0,2,14,4,1,2,2,4,1,2,2,1,9
19,3,22,23,19,19,0,2,15,15,0,2,2,15,0,2,2,2,5
19,3,22,23,19,19,0,2,16,16,0,2,2,16,0,2,14,1,9
19,3,22,23,19,19,0,2,17,17,0,2,2,17,0,2,15,1,9
19,4,23,24,19,4,0,2,1,19,0,1,1,19,0,1,1,1,17
19,4,23,24,19,4,0,2,2,19,0,1,2,19,0,1,2,2,10
19,4,23,24,19,19,0,2,1,4,0,1,1,4,0,1,1,1,17
19,4,23,24,19,19,0,2,2,4,0,1,1,4,0,1,1,1,8
19,4,23,24,19,19,0,2,3,4,0,1,1,4,0,1,1,1,14
19,4,23,24,19,19,0,2,4,4,0,1,1,4,0,1,1,1,15
19,4,23,24,19,19,0,2,5,4,0,1,1,4,0,1,1,1,8
19,4,23,24,19,19,0,2,6,4,0,1,1,4,0,1,1,1,14
19,4,23,24,19,19,0,2,7,4,0,1,1,4,0,1,1,1,14
19,4,23,24,19,19,0,2,8,8,0,2,2,8,0,2,6,1,9
19,4,23,24,19,19,0,2,9,4,0,1,1,4,0,1,1,1,13
19,4,23,24,19,19,0,2,10,8,1,2,2,8,1,2,6,1,8
19,4,23,24,19,19,0,2,11,7,1,2,2,7,1,2,5,1,12
19,4,23,24,19,19,0,2,12,4,0,1,1,4,0,1,1,1,13
19,4,23,24,19,19,0,2,13,5,1,2,2,13,0,2,11,1,7
19,4,23,24,19,19,0,2,14,4,0,1,1,4,0,1,1,1,13
19,4,23,24,19,19,0,2,15,4,0,1,1,4,0,1,1,1,13
19,4,23,24,19,19,0,2,16,4,0,1,1,4,0,1,1,1,14
19,4,23,24,19,19,0,2,17,4,0,1,1,4,0,1,1,1,16
19,5,24,25,19,5,0,2,1,3,1,2,1,3,1,2,1,1,18
19,5,24,25,19,5,0,2,2,19,0,1,2,19,0,1,2,2,14
19,5,24,25,19,5,0,2,3,19,0,1,1,19,0,1,1,1,16
19,5,24,25,19,19,0,2,1,5,0,1,2,5,0,1,3,1,17
19,5,24,25,19,19,0,2,2,5,0,1,2,16,1,2,14,1,14
19,5,24,25,19,19,0,2,3,5,0,1,2,15,1,2,1,1,14
19,5,24,25,19,19,0,2,4,4,0,2,2,4,0,2,2,1,15
19,5,24,25,19,19,0,2,5,5,0,1,2,5,0,2,3,1,6
19,5,24,25,19,19,0,2,6,5,0,1,2,6,0,2,4,1,14
19,5,24,25,19,19,0,2,7,5,0,1,2,7,0,2,5,1,14
19,5,24,25,19,19,0,2,8,5,0,1,2,8,0,2,6,1,9
19,5,24,25,19,19,0,2,9,5,0,1,2,9,0,2,7,1,14
19,5,24,25,19,19,0,2,10,5,0,1,2,8,1,2,6,1,8
19,5,24,25,19,19,0,2,11,5,0,1,2,11,0,2,9,1,9
19,5,24,25,19,19,0,2,12,5,0,1,2,6,1,2,1,1,14
19,5,24,25,19,19,0,2,13,5,0,1,2,5,0,1,2,2,6
19,5,24,25,19,19,0,2,14,4,1,2,2,4,1,2,2,1,10
19,5,24,25,19,19,0,2,15,3,1,2,1,3,1,2,1,1,14
19,5,24,25,19,19,0,2,16,5,0,1,2,16,0,2,14,1,10
19,5,24,25,19,19,0,2,17,5,0,1,2,17,0,2,15,1,13
19,6,25,26,19,6,0,2,1,4,1,2,1,4,1,2,1,1,19
19,6,25,26,19,6,0,2,2,19,0,1,1,19,0,1,1,1,8
19,6,25,26,19,6,0,2,3,19,0,1,2,19,0,1,17,1,16
19,6,25,26,19,6,0,2,4,4,0,2,2,4,0,2,2,1,18
19,6,25,26,19,19,0,2,1,6,0,1,1,6,0,1,1,1,19
19,6,25,26,19,19,0,2,2,6,0,1,2,6,0,1,2,2,7
19,6,25,26,19,19,0,2,3,6,0,1,1,6,0,1,1,1,16
19,6,25,26,19,19,0,2,4,4,0,2,2,4,0,2,2,1,15
19,6,25,26,19,19,0,2,5,5,0,2,2,5,0,2,3,1,8
19,6,25,26,19,19,0,2,6,6,0,1,2,6,0,2,4,1,15
19,6,25,26,19,19,0,2,7,6,0,1,3,7,0,2,5,1,10
19,6,25,26,19,19,0,2,8,6,0,1,2,6,0,1,4,1,14
19,6,25,26,19,19,0,2,9,6,0,1,2,9,0,2,7,1,11
19,6,25,26,19,19,0,2,10,6,0,1,2,6,0,1,4,1,16
19,6,25,26,19,19,0,2,11,6,0,1,1,6,0,1,1,1,13
19,6,25,26,19,19,0,2,12,6,0,1,2,12,0,2,10,1,10
19,6,25,26,19,19,0,2,13,5,1,2,1,5,1,2,1,1,16
19,6,25,26,19,19,0,2,14,4,1,2,2,4,1,2,2,1,11
19,6,25,26,19,19,0,2,15,6,0,1,3,15,0,2,13,1,12
19,6,25,26,19,19,0,2,16,6,0,1,2,16,0,2,14,1,15
19,6,25,26,19,19,0,2,17,6,0,1,3,17,0,2,15,1,15
19,7,26,27,19,7,0,2,1,5,1,2,1,5,1,2,1,1,20
19,7,26,27,19,7,0,2,2,4,1,2,2,4,1,2,2,1,12
19,7,26,27,19,7,0,2,3,3,1,2,1,3,1,2,1,1,17
19,7,26,27,19,7,0,2,4,4,0,2,2,4,0,2,2,1,17
19,7,26,27,19,7,0,2,5,5,0,2,2,5,0,2,3,1,10
19,7,26,27,19,19,0,2,1,7,0,1,1,7,0,1,1,1,20
19,7,26,27,19,19,0,2,2,7,0,1,4,16,1,2,14,1,10
19,7,26,27,19,19,0,2,3,7,0,1,1,7,0,1,1,1,17
19,7,26,27,19,19,0,2,4,4,0,2,2,4,0,2,2,1,15
19,7,26,27,19,19,0,2,5,5,0,2,2,5,0,2,3,1,8
19,7,26,27,19,19,0,2,6,6,0,2,2,12,1,2,10,1,12
19,7,26,27,19,19,0,2,7,7,0,1,1,7,0,1,1,1,10
19,7,26,27,19,19,0,2,8,7,0,1,2,8,0,2,6,1,11
19,7,26,27,19,19,0,2,9,7,0,1,2,9,0,2,7,1,9
19,7,26,27,19,19,0,2,10,7,0,1,1,7,0,1,1,1,13
19,7,26,27,19,19,0,2,11,7,0,1,1,7,0,1,1,1,14
19,7,26,27,19,19,0,2,12,6,1,2,2,12,0,2,10,1,7
19,7,26,27,19,19,0,2,13,5,1,2,2,7,0,1,1,1,14
19,7,26,27,19,19,0,2,14,4,1,2,2,4,1,2,2,1,13
19,7,26,27,19,19,0,2,15,7,0,1,4,15,0,2,13,1,7
19,7,26,27,19,19,0,2,16,7,0,1,2,16,0,2,14,1,12
19,7,26,27,19,19,0,2,17,7,0,1,2,17,0,2,15,1,14
19,8,27,28,19,8,0,2,1,6,1,2,1,6,1,2,1,1,21
19,8,27,28,19,8,0,2,2,5,1,2,2,19,0,1,1,1,11
19,8,27,28,19,8,0,2,3,4,1,2,1,4,1,2,1,1,19
19,8,27,28,19,8,0,2,4,3,1,2,1,3,1,2,1,1,18
19,8,27,28,19,8,0,2,5,5,0,2,2,5,0,2,3,1,16
19,8,27,28,19,8,0,2,6,6,0,2,2,6,0,2,4,1,20
19,8,27,28,19,19,0,2,1,8,0,1,1,8,0,1,1,1,21
19,8,27,28,19,19,0,2,2,8,0,1,2,16,1,2,14,1,9
19,8,27,28,19,19,0,2,3,8,0,1,2,8,0,1,6,1,17
19,8,27,28,19,19,0,2,4,4,0,2,2,4,0,2,2,1,18
19,8,27,28,19,19,0,2,5,5,0,2,2,5,0,2,3,1,14
19,8,27,28,19,19,0,2,6,6,0,2,2,6,0,2,4,1,16
19,8,27,28,19,19,0,2,7,7,0,2,2,7,0,2,5,1,18
19,8,27,28,19,19,0,2,8,8,0,1,2,8,0,2,6,1,14
19,8,27,28,19,19,0,2,9,8,0,1,2,8,0,1,6,1,17
19,8,27,28,19,19,0,2,10,8,0,1,2,8,1,2,1,1,16
19,8,27,28,19,19,0,2,11,7,1,2,1,7,1,2,1,1,16
19,8,27,28,19,19,0,2,12,6,1,2,1,6,1,2,1,1,14
19,8,27,28,19,19,0,2,13,5,1,2,1,5,1,2,1,1,15
19,8,27,28,19,19,0,2,14,4,1,2,1,4,1,2,1,1,17
19,8,27,28,19,19,0,2,15,3,1,2,1,3,1,2,1,1,16
19,8,27,28,19,19,0,2,16,8,0,1,2,16,0,2,14,1,16
19,8,27,28,19,19,0,2,17,8,0,1,2,8,0,1,6,1,18
19,9,28,29,19,9,0,2,1,7,1,2,1,19,0,1,18,0,23
19,9,28,29,19,9,0,2,2,6,1,2,2,6,1,2,4,1,17
19,9,28,29,19,9,0,2,3,5,1,2,1,5,1,2,1,1,20
19,9,28,29,19,9,0,2,4,4,0,2,2,4,0,2,2,1,19
19,9,28,29,19,9,0,2,5,5,0,2,2,5,0,2,3,1,16
19,9,28,29,19,9,0,2,6,6,0,2,2,6,0,2,4,1,20
19,9,28,29,19,9,0,2,7,7,0,2,2,7,0,2,5,1,18
19,9,28,29,19,19,0,2,1,9,0,1,1,9,0,1,1,1,22
19,9,28,29,19,19,0,2,2,9,0,1,3,16,1,2,1,1,15
19,9,28,29,19,19,0,2,3,9,0,1,1,9,0,1,1,1,19
19,9,28,29,19,19,0,2,4,4,0,2,2,4,0,2,2,1,17
19,9,28,29,19,19,0,2,5,5,0,2,2,5,0,2,3,1,14
19,9,28,29,19,19,0,2,6,6,0,2,2,6,0,2,4,1,18
19,9,28,29,19,19,0,2,7,7,0,2,2,7,0,2,5,1,16
19,9,28,29,19,19,0,2,8,8,0,2,2,8,0,2,6,1,13
19,9,28,29,19,19,0,2,9,9,0,1,2,9,0,1,7,1,15
19,9,28,29,19,19,0,2,10,8,1,2,1,8,1,2,1,1,14
19,9,28,29,19,19,0,2,11,7,1,2,2,7,1,2,5,1,14
19,9,28,29,19,19,0,2,12,6,1,2,1,6,1,2,1,1,17
19,9,28,29,19,19,0,2,13,5,1,2,2,13,0,2,11,1,12
19,9,28,29,19,19,0,2,14,4,1,2,2,4,1,2,2,1,16
19,9,28,29,19,19,0,2,15,3,1,2,1,3,1,2,1,1,15
19,9,28,29,19,19,0,2,16,9,0,1,2,16,0,2,14,1,17
19,9,28,29,19,19,0,2,17,9,0,1,2,17,0,2,15,1,17
19,10,29,30,19,10,0,2,1,8,1,2,1,8,1,2,1,1,23
19,10,29,30,19,10,0,2,2,7,1,2,2,7,1,2,5,1,13
19,10,29,30,19,10,0,2,3,6,1,2,1,6,1,2,1,1,21
19,10,29,30,19,10,0,2,4,4,0,2,2,4,0,2,2,1,21
19,10,29,30,19,10,0,2,5,4,1,2,1,4,1,2,1,1,20
19,10,29,30,19,10,0,2,6,3,1,2,1,3,1,2,1,1,21
19,10,29,30,19,10,0,2,7,7,0,2,2,7,0,2,5,1,20
19,10,29,30,19,10,0,2,8,8,0,2,2,8,0,2,6,1,21
19,10,29,30,19,19,0,2,1,10,0,1,1,10,0,1,1,1,23
19,10,29,30,19,19,0,2,2,10,0,1,1,10,0,1,1,1,12
19,10,29,30,19,19,0,2,3,3,0,2,1,3,0,2,1,1,22
19,10,29,30,19,19,0,2,4,4,0,2,2,4,0,2,2,1,21
19,10,29,30,19,19,0,2,5,5,0,2,2,5,0,2,3,1,17
19,10,29,30,19,19,0,2,6,6,0,2,1,6,0,2,1,1,22
19,10,29,30,19,19,0,2,7,7,0,2,2,7,0,2,5,1,20
19,10,29,30,19,19,0,2,8,8,0,2,1,8,0,2,1,1,20
19,10,29,30,19,19,0,2,9,9,0,2,1,9,0,2,1,1,21
19,10,29,30,19,19,0,2,10,8,1,2,1,8,1,2,1,1,20
19,10,29,30,19,19,0,2,11,7,1,2,2,7,1,2,5,1,19
19,10,29,30,19,19,0,2,12,6,1,2,1,6,1,2,1,1,20
19,10,29,30,19,19,0,2,13,5,1,2,1,5,1,2,1,1,20
19,10,29,30,19,19,0,2,14,4,1,2,1,4,1,2,1,1,20
19,10,29,30,19,19,0,2,15,3,1,2,1,3,1,2,1,1,18
19,10,29,30,19,19,0,2,16,10,0,1,2,10,0,1,8,1,19
19,10,29,30,19,19,0,2,17,10,0,1,2,10,0,1,8,1,21
19,11,30,31,19,11,0,2,1,9,1,2,1,9,1,2,1,1,24
19,11,30,31,19,11,0,2,2,8,1,2,2,8,1,2,6,1,17
19,11,30,31,19,11,0,2,3,7,1,2,1,7,1,2,1,1,21
19,11,30,31,19,11,0,2,4,4,0,2,2,4,0,2,2,1,21
19,11,30,31,19,11,0,2,5,5,0,2,2,5,0,2,3,1,10
19,11,30,31,19,11,0,2,6,4,1,2,1,4,1,2,1,1,19
19,11,30,31,19,11,0,2,7,7,0,2,2,7,0,2,5,1,16
19,11,30,31,19,11,0,2,8,8,0,2,2,8,0,2,6,1,14
19,11,30,31,19,11,0,2,9,9,0,2,2,9,0,2,7,1,17
19,11,30,31,19,19,0,2,1,11,0,1,2,11,0,1,9,1,23
19,11,30,31,19,19,0,2,2,11,0,1,2,16,1,2,14,1,16
19,11,30,31,19,19,0,2,3,11,0,1,2,11,0,1,9,1,21
19,11,30,31,19,19,0,2,4,4,0,2,2,4,0,2,2,1,19
19,11,30,31,19,19,0,2,5,5,0,2,2,5,0,2,3,1,10
19,11,30,31,19,19,0,2,6,6,0,2,2,6,0,2,4,1,16
19,11,30,31,19,19,0,2,7,7,0,2,2,11,1,2,1,1,16
19,11,30,31,19,19,0,2,8,8,0,2,2,8,0,2,6,1,13
19,11,30,31,19,19,0,2,9,9,0,2,2,9,0,2,7,1,16
19,11,30,31,19,19,0,2,10,8,1,2,2,8,1,2,6,1,13
19,11,30,31,19,19,0,2,11,7,1,2,3,11,0,2,9,1,12
19,11,30,31,19,19,0,2,12,6,1,2,2,6,1,2,4,1,15
19,11,30,31,19,19,0,2,13,5,1,2,2,5,1,2,2,2,12
19,11,30,31,19,19,0,2,14,11,0,1,2,14,0,2,12,1,8
19,11,30,31,19,19,0,2,15,11,0,1,2,15,0,2,13,1,17
19,11,30,31,19,19,0,2,16,11,0,1,2,11,0,1,2,2,11
19,11,30,31,19,19,0,2,17,11,0,1,2,17,0,2,15,1,14
19,12,31,32,19,12,0,2,1,10,1,2,1,10,1,2,1,1,25
19,12,31,32,19,12,0,2,2,9,1,2,2,9,1,2,7,1,13
19,12,31,32,19,12,0,2,3,8,1,2,1,8,1,2,1,1,23
19,12,31,32,19,12,0,2,4,4,0,2,2,4,0,2,2,1,23
19,12,31,32,19,12,0,2,5,5,0,2,2,5,0,2,3,1,16
19,12,31,32,19,12,0,2,6,5,1,2,1,5,1,2,1,1,22
19,12,31,32,19,12,0,2,7,4,1,2,1,4,1,2,1,1,22
19,12,31,32,19,12,0,2,8,8,0,2,2,8,0,2,6,1,19
19,12,31,32,19,12,0,2,9,9,0,2,2,9,0,2,7,1,22
19,12,31,32,19,12,0,2,10,10,0,2,2,10,0,2,8,1,23
19,12,31,32,19,19,0,2,1,12,0,1,1,12,0,1,1,1,25
19,12,31,32,19,19,0,2,2,12,0,1,1,12,0,1,1,1,15
19,12,31,32,19,19,0,2,3,12,0,1,1,12,0,1,1,1,23
19,12,31,32,19,19,0,2,4,4,0,2,2,4,0,2,2,1,22
19,12,31,32,19,19,0,2,5,5,0,2,2,5,0,2,3,1,20
19,12,31,32,19,19,0,2,6,6,0,2,2,6,0,2,4,1,23
19,12,31,32,19,19,0,2,7,7,0,2,2,7,0,2,5,1,21
19,12,31,32,19,19,0,2,8,8,0,2,2,8,0,2,6,1,21
19,12,31,32,19,19,0,2,9,9,0,2,2,9,0,2,7,1,19
19,12,31,32,19,19,0,2,10,8,1,2,2,8,1,2,6,1,20
19,12,31,32,19,19,0,2,11,7,1,2,1,7,1,2,1,1,21
19,12,31,32,19,19,0,2,12,6,1,2,2,6,1,2,4,1,20
19,12,31,32,19,19,0,2,13,5,1,2,2,12,0,1,10,1,20
19,12,31,32,19,19,0,2,14,4,1,2,1,4,1,2,1,1,21
19,12,31,32,19,19,0,2,15,12,0,1,2,12,0,1,10,1,21
19,12,31,32,19,19,0,2,16,12,0,1,1,12,0,1,1,1,23
19,12,31,32,19,19,0,2,17,12,0,1,2,12,0,1,10,1,23
19,13,32,33,19,13,0,2,1,11,1,2,1,11,1,2,1,1,26
19,13,32,33,19,13,0,2,2,10,1,2,2,10,1,2,8,1,18
19,13,32,33,19,13,0,2,3,9,1,2,1,9,1,2,1,1,24
19,13,32,33,19,13,0,2,4,4,0,2,2,4,0,2,2,1,23
19,13,32,33,19,13,0,2,5,5,0,2,2,5,0,2,3,1,12
19,13,32,33,19,13,0,2,6,6,0,2,2,6,0,2,4,1,22
19,13,32,33,19,13,0,2,7,5,1,2,2,7,0,2,5,1,18
19,13,32,33,19,13,0,2,8,4,1,2,2,4,1,2,2,1,17
19,13,32,33,19,13,0,2,9,9,0,2,2,9,0,2,7,1,21
19,13,32,33,19,13,0,2,10,10,0,2,2,10,0,2,8,1,21
19,13,32,33,19,13,0,2,11,11,0,2,2,11,0,2,9,1,20
19,13,32,33,19,19,0,2,1,13,0,1,1,13,0,1,12,0,27
19,13,32,33,19,19,0,2,2,13,0,1,2,16,1,2,14,1,19
19,13,32,33,19,19,0,2,3,13,0,1,2,13,0,1,11,1,23
19,13,32,33,19,19,0,2,4,4,0,2,2,4,0,2,2,1,23
19,13,32,33,19,19,0,2,5,5,0,2,2,5,0,2,3,1,15
19,13,32,33,19,19,0,2,6,6,0,2,2,6,0,2,4,1,21
19,13,32,33,19,19,0,2,7,7,0,2,2,7,0,2,5,1,19
19,13,32,33,19,19,0,2,8,8,0,2,2,8,0,2,6,1,16
19,13,32,33,19,19,0,2,9,9,0,2,2,9,0,2,7,1,18
19,13,32,33,19,19,0,2,10,8,1,2,2,8,1,2,6,1,20
19,13,32,33,19,19,0,2,11,7,1,2,2,7,1,2,5,1,18
19,13,32,33,19,19,0,2,12,6,1,2,2,6,1,2,4,1,18
19,13,32,33,19,19,0,2,13,5,1,2,2,13,0,2,11,1,19
19,13,32,33,19,19,0,2,14,4,1,2,2,4,1,2,2,1,21
19,13,32,33,19,19,0,2,15,13,0,1,2,15,0,2,13,1,16
19,13,32,33,19,19,0,2,16,13,0,1,2,16,0,2,14,1,21
19,13,32,33,19,19,0,2,17,13,0,1,2,13,0,1,2,2,20
19,14,33,34,19,14,0,2,1,12,1,2,1,19,0,1,18,0,28
19,14,33,34,19,14,0,2,2,11,1,2,2,11,1,2,9,1,22
19,14,33,34,19,14,0,2,3,10,1,2,1,10,1,2,1,1,25
19,14,33,34,19,14,0,2,4,4,0,2,2,4,0,2,2,1,25
19,14,33,34,19,14,0,2,5,5,0,2,2,5,0,2,3,1,23
19,14,33,34,19,14,0,2,6,6,0,2,2,6,0,2,4,1,25
19,14,33,34,19,14,0,2,7,6,1,2,1,6,1,2,1,1,24
19,14,33,34,19,14,0,2,8,5,1,2,1,5,1,2,1,1,23
19,14,33,34,19,14,0,2,9,4,1,2,1,4,1,2,1,1,25
19,14,33,34,19,14,0,2,10,3,1,2,1,3,1,2,1,1,24
19,14,33,34,19,14,0,2,11,11,0,2,2,11,0,2,9,1,23
19,14,33,34,19,14,0,2,12,12,0,2,2,12,0,2,10,1,26
19,14,33,34,19,19,0,2,1,14,0,1,1,14,0,1,1,1,27
19,14,33,34,19,19,0,2,2,14,0,1,1,14,0,1,1,1,23
19,14,33,34,19,19,0,2,3,14,0,1,2,14,0,1,12,1,23
19,14,33,34,19,19,0,2,4,4,0,2,2,4,0,2,2,1,25
19,14,33,34,19,19,0,2,5,5,0,2,2,5,0,2,3,1,22
19,14,33,34,19,19,0,2,6,6,0,2,2,6,0,2,4,1,24
19,14,33,34,19,19,0,2,7,7,0,2,2,7,0,2,5,1,24
19,14,33,34,19,19,0,2,8,8,0,2,2,8,0,2,6,1,22
19,14,33,34,19,19,0,2,9,9,0,2,2,9,0,2,7,1,23
19,14,33,34,19,19,0,2,10,8,1,2,1,8,1,2,1,1,24
19,14,33,34,19,19,0,2,11,7,1,2,1,7,1,2,1,1,22
19,14,33,34,19,19,0,2,12,6,1,2,1,6,1,2,1,1,25
19,14,33,34,19,19,0,2,13,5,1,2,1,5,1,2,1,1,24
19,14,33,34,19,19,0,2,14,4,1,2,1,4,1,2,1,1,25
19,14,33,34,19,19,0,2,15,3,1,2,1,3,1,2,1,1,24
19,14,33,34,19,19,0,2,16,14,0,1,2,14,0,1,12,1,24
19,14,33,34,19,19,0,2,17,14,0,1,1,14,0,1,1,1,26
19,15,34,35,19,15,0,2,1,13,1,2,1,13,1,2,1,1,28
19,15,34,35,19,15,0,2,2,12,1,2,2,12,1,2,10,1,22
19,15,34,35,19,15,0,2,3,11,1,2,1,11,1,2,1,1,26
19,15,34,35,19,15,0,2,4,4,0,2,2,4,0,2,2,1,26
19,15,34,35,19,15,0,2,5,5,0,2,2,5,0,2,3,1,20
19,15,34,35,19,15,0,2,6,6,0,2,2,6,0,2,4,1,24
19,15,34,35,19,15,0,2,7,7,0,2,2,7,0,2,5,1,21
19,15,34,35,19,15,0,2,8,6,1,2,2,6,1,2,4,1,21
19,15,34,35,19,15,0,2,9,5,1,2,2,9,0,2,7,1,23
19,15,34,35,19,15,0,2,10,4,1,2,2,4,1,2,2,1,20
19,15,34,35,19,15,0,2,11,11,0,2,2,11,0,2,9,1,22
19,15,34,35,19,15,0,2,12,12,0,2,2,12,0,2,10,1,24
19,15,34,35,19,15,0,2,13,13,0,2,2,13,0,2,11,1,21
19,15,34,35,19,19,0,2,1,15,0,1,1,15,0,1,1,1,28
19,15,34,35,19,19,0,2,2,15,0,1,2,16,1,2,1,1,24
19,15,34,35,19,19,0,2,3,3,0,2,1,3,0,2,1,1,27
19,15,34,35,19,19,0,2,4,4,0,2,2,4,0,2,2,1,26
19,15,34,35,19,19,0,2,5,5,0,2,2,5,0,2,3,1,16
19,15,34,35,19,19,0,2,6,6,0,2,1,6,0,2,1,1,23
19,15,34,35,19,19,0,2,7,7,0,2,2,7,0,2,5,1,22
19,15,34,35,19,19,0,2,8,8,0,2,2,8,0,2,6,1,17
19,15,34,35,19,19,0,2,9,9,0,2,2,9,0,2,7,1,22
19,15,34,35,19,19,0,2,10,8,1,2,2,8,1,2,6,1,19
19,15,34,35,19,19,0,2,11,7,1,2,2,7,1,2,5,1,18
19,15,34,35,19,19,0,2,12,6,1,2,1,6,1,2,1,1,22
19,15,34,35,19,19,0,2,13,5,1,2,2,13,0,2,11,1,18
19,15,34,35,19,19,0,2,14,4,1,2,2,4,1,2,2,1,22
19,15,34,35,19,19,0,2,15,3,1,2,1,3,1,2,1,1,23
19,15,34,35,19,19,0,2,16,15,0,1,2,16,0,2,14,1,19
19,15,34,35,19,19,0,2,17,15,0,1,2,17,0,2,1,1,26
19,16,35,36,19,16,0,2,1,14,1,2,1,14,1,2,1,1,28
19,16,35,36,19,16,0,2,2,13,1,2,2,13,1,2,11,1,17
19,16,35,36,19,16,0,2,3,12,1,2,1,12,1,2,1,1,26
19,16,35,36,19,16,0,2,4,4,0,2,2,4,0,2,2,1,27
19,16,35,36,19,16,0,2,5,5,0,2,2,5,0,2,3,1,25
19,16,35,36,19,16,0,2,6,6,0,2,1,6,0,2,1,1,28
19,16,35,36,19,16,0,2,7,7,0,2,2,7,0,2,5,1,27
19,16,35,36,19,16,0,2,8,7,1,2,1,7,1,2,1,1,25
19,16,35,36,19,16,0,2,9,6,1,2,1,6,1,2,1,1,26
19,16,35,36,19,16,0,2,10,5,1,2,1,5,1,2,1,1,26
19,16,35,36,19,16,0,2,11,4,1,2,1,4,1,2,1,1,27
19,16,35,36,19,16,0,2,12,3,1,2,1,3,1,2,1,1,26
19,16,35,36,19,16,0,2,13,13,0,2,2,13,0,2,11,1,26
19,16,35,36,19,16,0,2,14,14,0,2,2,14,0,2,12,1,26
19,16,35,36,19,19,0,2,1,16,0,1,1,17,1,2,0,0,30
19,16,35,36,19,19,0,2,2,16,0,1,2,16,1,2,14,1,13
19,16,35,36,19,19,0,2,3,3,0,2,1,3,0,2,1,1,28
19,16,35,36,19,19,0,2,4,4,0,2,2,4,0,2,2,1,27
19,16,35,36,19,19,0,2,5,5,0,2,2,5,0,2,3,1,21
19,16,35,36,19,19,0,2,6,6,0,2,1,6,0,2,1,1,28
19,16,35,36,19,19,0,2,7,7,0,2,2,7,0,2,5,1,26
19,16,35,36,19,19,0,2,8,8,0,2,1,8,0,2,1,1,24
19,16,35,36,19,19,0,2,9,9,0,2,1,9,0,2,1,1,27
19,16,35,36,19,19,0,2,10,8,1,2,1,8,1,2,1,1,26
19,16,35,36,19,19,0,2,11,7,1,2,1,7,1,2,1,1,24
19,16,35,36,19,19,0,2,12,6,1,2,1,6,1,2,1,1,26
19,16,35,36,19,19,0,2,13,5,1,2,1,5,1,2,1,1,26
19,16,35,36,19,19,0,2,14,4,1,2,1,4,1,2,1,1,25
19,16,35,36,19,19,0,2,15,3,1,2,1,3,1,2,1,1,23
19,16,35,36,19,19,0,2,16,2,1,2,0,2,1,2,0,0,27
19,16,35,36,19,19,0,2,17,16,0,1,2,17,0,2,1,1,27
19,18,37,38,19,18,0,2,1,16,1,2,1,16,1,2,1,1,31
19,18,37,38,19,18,0,2,2,15,1,2,2,15,1,2,13,1,21
19,18,37,38,19,18,0,2,3,14,1,2,1,14,1,2,1,1,28
19,18,37,38,19,18,0,2,4,4,0,2,2,4,0,2,2,1,28
19,18,37,38,19,18,0,2,5,5,0,2,2,5,0,2,3,1,23
19,18,37,38,19,18,0,2,6,6,0,2,2,6,0,2,4,1,28
19,18,37,38,19,18,0,2,7,7,0,2,2,7,0,2,5,1,28
19,18,37,38,19,18,0,2,8,8,0,2,2,8,0,2,6,1,25
19,18,37,38,19,18,0,2,9,8,1,2,1,8,1,2,1,1,28
19,18,37,38,19,18,0,2,10,7,1,2,1,7,1,2,1,1,28
19,18,37,38,19,18,0,2,11,6,1,2,2,6,1,2,4,1,25
19,18,37,38,19,18,0,2,12,5,1,2,1,5,1,2,1,1,28
19,18,37,38,19,18,0,2,13,4,1,2,1,4,1,2,1,1,28
19,18,37,38,19,18,0,2,14,14,0,2,2,14,0,2,12,1,26
19,18,37,38,19,18,0,2,15,15,0,2,2,15,0,2,13,1,28
19,18,37,38,19,18,0,2,16,16,0,2,2,16,0,2,14,1,29
19,18,37,38,19,19,0,2,1,17,1,2,2,18,0,1,17,0,31
19,18,37,38,19,19,0,2,2,16,1,2,2,16,1,2,14,1,24
19,18,37,38,19,19,0,2,3,15,1,2,1,15,1,2,1,1,29
19,18,37,38,19,19,0,2,4,4,0,2,2,4,0,2,2,1,29
19,18,37,38,19,19,0,2,5,5,0,2,2,5,0,2,3,1,27
19,18,37,38,19,19,0,2,6,6,0,2,2,6,0,2,4,1,29
19,18,37,38,19,19,0,2,7,7,0,2,2,7,0,2,5,1,28
19,18,37,38,19,19,0,2,8,8,0,2,2,8,0,2,6,1,27
19,18,37,38,19,19,0,2,9,9,0,2,2,9,0,2,7,1,28
19,18,37,38,19,19,0,2,10,8,1,2,1,8,1,2,1,1,28
19,18,37,38,19,19,0,2,11,7,1,2,1,7,1,2,1,1,27
19,18,37,38,19,19,0,2,12,6,1,2,2,6,1,2,4,1,27
19,18,37,38,19,19,0,2,13,5,1,2,1,5,1,2,1,1,28
19,18,37,38,19,19,0,2,14,4,1,2,1,4,1,2,1,1,28
19,18,37,38,19,19,0,2,15,15,0,2,2,15,0,2,13,1,27
19,18,37,38,19,19,0,2,16,16,0,2,2,16,0,2,14,1,28
19,18,37,38,19,19,0,2,17,17,0,2,2,18,0,1,17,0,31
19,19,38,39,19,19,0,2,1,17,1,2,1,19,0,1,18,0,33
19,19,38,39,19,19,0,2,2,16,1,2,2,16,1,2,14,1,27
19,19,38,39,19,19,0,2,3,15,1,2,1,15,1,2,1,1,30
19,19,38,39,19,19,0,2,4,4,0,2,2,4,0,2,2,1,30
19,19,38,39,19,19,0,2,5,5,0,2,2,5,0,2,3,1,23
19,19,38,39,19,19,0,2,6,6,0,2,2,6,0,2,4,1,29
19,19,38,39,19,19,0,2,7,7,0,2,2,7,0,2,5,1,26
19,19,38,39,19,19,0,2,8,8,0,2,2,8,0,2,6,1,23
19,19,38,39,19,19,0,2,9,9,0,2,2,9,0,2,7,1,26
19,19,38,39,19,19,0,2,10,8,1,2,2,8,1,2,6,1,25
19,19,38,39,19,19,0,2,11,7,1,2,2,7,1,2,5,1,25
19,19,38,39,19,19,0,2,12,6,1,2,2,6,1,2,4,1,26
19,19,38,39,19,19,0,2,13,5,1,2,2,13,0,2,11,1,25
19,19,38,39,19,19,0,2,14,4,1,2,2,4,1,2,2,1,27
19,19,38,39,19,19,0,2,15,15,0,2,2,15,0,2,13,1,27
19,19,38,39,19,19,0,2,16,16,0,2,2,16,0,2,14,1,27
19,19,38,39,19,19,0,2,17,17,0,2,2,17,0,2,15,1,30
19,20,39,40,19,19,0,2,1,17,1,2,1,17,1,2,1,1,33
19,20,39,40,19,19,0,2,2,16,1,2,1,16,1,2,1,1,28
19,20,39,40,19,19,0,2,3,15,1,2,1,15,1,2,1,1,30
19,20,39,40,19,19,0,2,4,4,0,2,2,4,0,2,2,1,30
19,20,39,40,19,19,0,2,5,5,0,2,2,5,0,2,3,1,29
19,20,39,40,19,19,0,2,6,6,0,2,1,6,0,2,1,1,31
19,20,39,40,19,19,0,2,7,7,0,2,2,7,0,2,5,1,30
19,20,39,40,19,19,0,2,8,8,0,2,1,8,0,2,1,1,30
19,20,39,40,19,19,0,2,9,9,0,2,1,9,0,2,1,1,31
19,20,39,40,19,19,0,2,10,8,1,2,1,8,1,2,1,1,30
19,20,39,40,19,19,0,2,11,7,1,2,1,7,1,2,1,1,30
19,20,39,40,19,19,0,2,12,6,1,2,1,6,1,2,1,1,31
19,20,39,40,19,19,0,2,13,5,1,2,1,5,1,2,1,1,30
19,20,39,40,19,19,0,2,14,4,1,2,1,4,1,2,1,1,31
19,20,39,40,19,19,0,2,15,3,1,2,1,3,1,2,1,1,30
19,20,39,40,19,19,0,2,16,16,0,2,2,16,0,2,14,1,30
19,20,39,40,19,19,0,2,17,17,0,2,2,17,0,2,15,1,31
19,20,39,40,19,20,0,2,1,18,1,2,2,19,0,1,18,0,33
19,20,39,40,19,20,0,2,2,17,1,2,2,17,1,2,15,1,29
19,20,39,40,19,20,0,2,3,16,1,2,1,16,1,2,1,1,31
19,20,39,40,19,20,0,2,4,4,0,2,2,4,0,2,2,1,31
19,20,39,40,19,20,0,2,5,5,0,2,2,5,0,2,3,1,30
19,20,39,40,19,20,0,2,6,6,0,2,2,6,0,2,4,1,31
19,20,39,40,19,20,0,2,7,7,0,2,2,7,0,2,5,1,30
19,20,39,40,19,20,0,2,8,8,0,2,2,8,0,2,6,1,29
19,20,39,40,19,20,0,2,9,9,0,2,2,9,0,2,7,1,31
19,20,39,40,19,20,0,2,10,9,1,2,1,9,1,2,1,1,30
19,20,39,40,19,20,0,2,11,8,1,2,1,8,1,2,1,1,29
19,20,39,40,19,20,0,2,12,7,1,2,1,7,1,2,1,1,31
19,20,39,40,19,20,0,2,13,6,1,2,1,6,1,2,1,1,30
19,20,39,40,19,20,0,2,14,5,1,2,1,5,1,2,1,1,30
19,20,39,40,19,20,0,2,15,4,1,2,1,4,1,2,1,1,31
19,20,39,40,19,20,0,2,16,16,0,2,2,16,0,2,14,1,29
19,20,39,40,19,20,0,2,17,17,0,2,2,17,0,2,15,1,30
19,20,39,40,19,20,0,2,18,18,0,2,2,19,0,1,18,0,33
20,2,22,23,20,20,0,2,1,18,1,2,1,18,1,2,1,1,16
20,2,22,23,20,20,0,2,2,17,1,2,2,17,1,2,2,2,7
20,2,22,23,20,20,0,2,3,3,0,2,1,3,0,2,1,1,15
20,2,22,23,20,20,0,2,4,4,0,2,1,4,0,2,1,1,15
20,2,22,23,20,20,0,2,5,5,0,2,1,5,0,2,1,1,9
20,2,22,23,20,20,0,2,6,6,0,2,1,6,0,2,1,1,15
20,2,22,23,20,20,0,2,7,7,0,2,1,7,0,2,1,1,14
20,2,22,23,20,20,0,2,8,8,0,2,1,8,0,2,1,1,13
20,2,22,23,20,20,0,2,9,9,0,2,2,9,0,2,7,1,14
20,2,22,23,20,20,0,2,10,9,1,2,2,10,0,2,1,1,12
20,2,22,23,20,20,0,2,11,8,1,2,1,8,1,2,1,1,15
20,2,22,23,20,20,0,2,12,7,1,2,2,7,1,2,5,1,10
20,2,22,23,20,20,0,2,13,6,1,2,1,6,1,2,1,1,14
20,2,22,23,20,20,0,2,14,5,1,2,1,5,1,2,1,1,15
20,2,22,23,20,20,0,2,15,4,1,2,2,4,1,2,2,1,14
20,2,22,23,20,20,0,2,16,3,1,2,1,3,1,2,1,1,15
20,2,22,23,20,20,0,2,17,17,0,2,1,17,0,2,1,1,15
20,2,22,23,20,20,0,2,18,18,0,2,1,18,0,2,1,1,15
20,3,23,24,20,3,0,2,1,20,0,1,1,20,0,1,1,1,18
20,3,23,24,20,20,0,2,1,3,0,1,1,3,0,1,2,0,18
20,3,23,24,20,20,0,2,2,17,1,2,2,17,1,2,15,1,10
20,3,23,24,20,20,0,2,3,16,1,2,1,16,1,2,1,1,14
20,3,23,24,20,20,0,2,4,4,0,2,2,4,0,2,2,1,13
20,3,23,24,20,20,0,2,5,5,0,2,2,5,0,2,3,1,10
20,3,23,24,20,20,0,2,6,6,0,2,2,6,0,2,4,1,13
20,3,23,24,20,20,0,2,7,7,0,2,2,7,0,2,5,1,12
20,3,23,24,20,20,0,2,8,8,0,2,2,8,0,2,6,1,11
20,3,23,24,20,20,0,2,9,9,0,2,2,9,0,2,7,1,12
20,3,23,24,20,20,0,2,10,9,1,2,2,9,1,2,7,1,8
20,3,23,24,20,20,0,2,11,8,1,2,2,8,1,2,6,1,11
20,3,23,24,20,20,0,2,12,7,1,2,1,7,1,2,1,1,13
20,3,23,24,20,20,0,2,13,6,1,2,2,13,0,2,11,1,7
20,3,23,24,20,20,0,2,14,5,1,2,2,14,0,2,12,1,11
20,3,23,24,20,20,0,2,15,4,1,2,2,4,1,2,2,1,13
20,3,23,24,20,20,0,2,16,16,0,2,2,16,0,2,14,1,10
20,3,23,24,20,20,0,2,17,17,0,2,2,17,0,2,15,1,14
20,3,23,24,20,20,0,2,18,18,0,2,2,18,0,2,16,1,15
20,4,24,25,20,4,0,2,1,20,0,1,1,20,0,1,1,1,18
20,4,24,25,20,4,0,2,2,20,0,1,3,20,0,1,17,2,15
20,4,24,25,20,20,0,2,1,4,0,1,1,4,0,1,1,1,18
20,4,24,25,20,20,0,2,2,17,1,2,2,17,1,2,15,1,10
20,4,24,25,20,20,0,2,3,4,0,1,1,4,0,1,1,1,16
20,4,24,25,20,20,0,2,4,4,0,1,1,4,0,1,1,1,8
20,4,24,25,20,20,0,2,5,5,0,2,2,5,0,2,3,1,8
20,4,24,25,20,20,0,2,6,4,0,1,1,4,0,1,1,1,11
20,4,24,25,20,20,0,2,7,4,0,1,1,4,0,1,1,1,11
20,4,24,25,20,20,0,2,8,8,0,2,2,11,1,2,9,1,6
20,4,24,25,20,20,0,2,9,4,0,1,1,4,0,1,1,1,9
20,4,24,25,20,20,0,2,10,4,0,1,1,4,0,1,1,1,11
20,4,24,25,20,20,0,2,11,11,0,2,9,11,0,2,9,1,1
20,4,24,25,20,20,0,2,12,4,0,1,1,4,0,1,1,1,12
20,4,24,25,20,20,0,2,13,6,1,2,2,6,1,2,4,1,6
20,4,24,25,20,20,0,2,14,5,1,2,2,14,0,2,12,1,6
20,4,24,25,20,20,0,2,15,4,0,1,1,4,0,1,1,1,10
20,4,24,25,20,20,0,2,16,16,0,2,2,16,0,2,14,1,8
20,4,24,25,20,20,0,2,17,17,0,2,2,17,0,2,15,1,8
20,4,24,25,20,20,0,2,18,4,0,1,1,4,0,1,1,1,13
20,5,25,26,20,5,0,2,1,3,1,2,1,3,1,2,1,1,19
20,5,25,26,20,5,0,2,2,20,0,1,1,20,0,1,1,1,14
20,5,25,26,20,5,0,2,3,20,0,1,1,20,0,1,1,1,18
20,5,25,26,20,20,0,2,1,5,0,1,1,5,0,1,1,1,19
20,5,25,26,20,20,0,2,2,5,0,1,2,17,1,2,15,1,12
20,5,25,26,20,20,0,2,3,5,0,1,2,5,0,1,3,1,16
20,5,25,26,20,20,0,2,4,4,0,2,1,4,0,2,1,1,16
20,5,25,26,20,20,0,2,5,5,0,1,2,5,0,2,3,1,15
20,5,25,26,20,20,0,2,6,5,0,1,2,5,0,1,3,1,16
20,5,25,26,20,20,0,2,7,5,0,1,2,7,0,2,1,1,16
20,5,25,26,20,20,0,2,8,5,0,1,2,8,0,2,6,1,15
20,5,25,26,20,20,0,2,9,5,0,1,2,9,0,2,1,1,16
20,5,25,26,20,20,0,2,10,5,0,1,2,9,1,2,1,1,16
20,5,25,26,20,20,0,2,11,5,0,1,2,8,1,2,1,1,16
20,5,25,26,20,20,0,2,12,5,0,1,2,7,1,2,1,1,16
20,5,25,26,20,20,0,2,13,5,0,1,2,5,0,1,3,1,16
20,5,25,26,20,20,0,2,14,5,0,1,2,5,1,2,1,1,16
20,5,25,26,20,20,0,2,15,4,1,2,1,4,1,2,1,1,15
20,5,25,26,20,20,0,2,16,3,1,2,1,3,1,2,1,1,15
20,5,25,26,20,20,0,2,17,5,0,1,2,17,0,2,1,1,16
20,5,25,26,20,20,0,2,18,5,0,1,2,18,0,2,16,1,16
20,6,26,27,20,6,0,2,1,4,1,2,0,4,1,2,0,0,20
20,6,26,27,20,6,0,2,2,20,0,1,2,20,0,1,2,2,14
20,6,26,27,20,6,0,2,3,20,0,1,1,20,0,1,1,1,18
20,6,26,27,20,6,0,2,4,4,0,2,2,4,0,2,2,1,17
20,6,26,27,20,20,0,2,1,6,0,1,2,6,0,1,4,1,19
20,6,26,27,20,20,0,2,2,6,0,1,3,17,1,2,15,1,14
20,6,26,27,20,20,0,2,3,6,0,1,2,16,1,2,14,1,13
20,6,26,27,20,20,0,2,4,4,0,2,2,4,0,2,2,1,15
20,6,26,27,20,20,0,2,5,5,0,2,2,14,1,2,12,1,10
20,6,26,27,20,20,0,2,6,6,0,1,2,6,0,1,2,2,6
20,6,26,27,20,20,0,2,7,6,0,1,3,7,0,2,5,1,11
20,6,26,27,20,20,0,2,8,6,0,1,3,11,1,2,9,1,9
20,6,26,27,20,20,0,2,9,6,0,1,3,9,0,2,7,1,7
20,6,26,27,20,20,0,2,10,6,0,1,3,9,1,2,7,1,13
20,6,26,27,20,20,0,2,11,6,0,1,3,6,0,1,3,2,8
20,6,26,27,20,20,0,2,12,6,0,1,3,12,0,2,10,1,7
20,6,26,27,20,20,0,2,13,6,0,1,2,6,1,2,4,1,14
20,6,26,27,20,20,0,2,14,5,1,2,2,5,1,2,2,2,7
20,6,26,27,20,20,0,2,15,4,1,2,2,4,1,2,2,1,9
20,6,26,27,20,20,0,2,16,6,0,1,2,16,0,2,14,1,14
20,6,26,27,20,20,0,2,17,6,0,1,3,17,0,2,15,1,9
20,6,26,27,20,20,0,2,18,6,0,1,3,18,0,2,16,1,11
20,7,27,28,20,7,0,2,1,5,1,2,1,5,1,2,1,1,21
20,7,27,28,20,7,0,2,2,4,1,2,2,4,1,2,2,1,11
20,7,27,28,20,7,0,2,3,3,0,2,1,3,0,2,1,1,20
20,7,27,28,20,7,0,2,4,4,0,2,2,4,0,2,2,1,19
20,7,27,28,20,7,0,2,5,5,0,2,1,5,0,2,1,1,18
20,7,27,28,20,20,0,2,1,7,0,1,1,7,0,1,1,1,21
20,7,27,28,20,20,0,2,2,7,0,1,1,7,0,1,1,1,11
20,7,27,28,20,20,0,2,3,7,0,1,1,7,0,1,1,1,19
20,7,27,28,20,20,0,2,4,4,0,2,2,4,0,2,2,1,18
20,7,27,28,20,20,0,2,5,5,0,2,2,5,0,2,3,1,15
20,7,27,28,20,20,0,2,6,6,0,2,2,6,0,2,4,1,19
20,7,27,28,20,20,0,2,7,7,0,1,2,7,0,1,5,1,17
20,7,27,28,20,20,0,2,8,7,0,1,2,7,0,1,5,1,15
20,7,27,28,20,20,0,2,9,7,0,1,1,7,0,1,1,1,17
20,7,27,28,20,20,0,2,10,7,0,1,2,7,0,1,5,1,15
20,7,27,28,20,20,0,2,11,7,0,1,1,7,0,1,1,1,16
20,7,27,28,20,20,0,2,12,7,0,1,1,7,0,1,1,1,15
20,7,27,28,20,20,0,2,13,6,1,2,2,6,1,2,4,1,15
20,7,27,28,20,20,0,2,14,5,1,2,1,5,1,2,1,1,18
20,7,27,28,20,20,0,2,15,4,1,2,2,4,1,2,2,1,14
20,7,27,28,20,20,0,2,16,3,1,2,1,3,1,2,1,1,17
20,7,27,28,20,20,0,2,17,7,0,1,1,7,0,1,1,1,18
20,7,27,28,20,20,0,2,18,7,0,1,2,7,0,1,5,1,18
20,8,28,29,20,8,0,2,1,6,1,2,0,6,1,2,0,0,23
20,8,28,29,20,8,0,2,2,5,1,2,1,5,1,2,1,1,17
20,8,28,29,20,8,0,2,3,4,1,2,1,4,1,2,1,1,19
20,8,28,29,20,8,0,2,4,3,1,2,1,3,1,2,1,1,20
20,8,28,29,20,8,0,2,5,5,0,2,2,5,0,2,3,1,11
20,8,28,29,20,8,0,2,6,6,0,2,2,6,0,2,4,1,18
20,8,28,29,20,20,0,2,1,8,0,1,1,8,0,1,1,1,22
20,8,28,29,20,20,0,2,2,8,0,1,2,17,1,2,15,1,15
20,8,28,29,20,20,0,2,3,8,0,1,2,16,1,2,1,1,17
20,8,28,29,20,20,0,2,4,4,0,2,2,4,0,2,2,1,17
20,8,28,29,20,20,0,2,5,5,0,2,2,5,0,2,3,1,11
20,8,28,29,20,20,0,2,6,6,0,2,2,13,1,2,1,1,14
20,8,28,29,20,20,0,2,7,7,0,2,2,7,0,2,5,1,15
20,8,28,29,20,20,0,2,8,8,0,1,2,8,0,2,6,1,12
20,8,28,29,20,20,0,2,9,8,0,1,2,10,1,2,8,1,13
20,8,28,29,20,20,0,2,10,8,0,1,2,9,1,2,7,1,13
20,8,28,29,20,20,0,2,11,8,0,1,2,11,0,2,9,1,13
20,8,28,29,20,20,0,2,12,7,1,2,2,7,1,2,5,1,12
20,8,28,29,20,20,0,2,13,6,1,2,2,13,0,2,11,1,11
20,8,28,29,20,20,0,2,14,5,1,2,1,5,1,2,1,1,17
20,8,28,29,20,20,0,2,15,4,1,2,2,4,1,2,2,1,11
20,8,28,29,20,20,0,2,16,3,1,2,1,3,1,2,1,1,16
20,8,28,29,20,20,0,2,17,8,0,1,2,17,0,2,15,1,17
20,8,28,29,20,20,0,2,18,8,0,1,2,18,0,2,16,1,14
20,9,29,30,20,9,0,2,1,7,1,2,1,7,1,2,1,1,23
20,9,29,30,20,9,0,2,2,6,1,2,2,6,1,2,4,1,15
20,9,29,30,20,9,0,2,3,3,0,2,1,3,0,2,1,1,21
20,9,29,30,20,9,0,2,4,4,0,2,1,4,0,2,1,1,22
20,9,29,30,20,9,0,2,5,5,0,2,2,5,0,2,3,1,17
20,9,29,30,20,9,0,2,6,6,0,2,1,6,0,2,1,1,21
20,9,29,30,20,9,0,2,7,7,0,2,1,7,0,2,1,1,23
20,9,29,30,20,20,0,2,1,9,0,1,1,9,0,1,1,1,23
20,9,29,30,20,20,0,2,2,9,0,1,1,9,0,1,1,1,16
20,9,29,30,20,20,0,2,3,9,0,1,1,9,0,1,1,1,21
20,9,29,30,20,20,0,2,4,4,0,2,2,4,0,2,2,1,21
20,9,29,30,20,20,0,2,5,5,0,2,1,5,0,2,1,1,19
20,9,29,30,20,20,0,2,6,6,0,2,2,6,0,2,4,1,19
20,9,29,30,20,20,0,2,7,7,0,2,2,7,0,2,5,1,20
20,9,29,30,20,20,0,2,8,8,0,2,1,8,0,2,1,1,19
20,9,29,30,20,20,0,2,9,9,0,1,2,9,0,1,7,1,19
20,9,29,30,20,20,0,2,10,9,0,1,2,9,0,1,7,1,21
20,9,29,30,20,20,0,2,11,8,1,2,1,8,1,2,1,1,19
20,9,29,30,20,20,0,2,12,7,1,2,1,7,1,2,1,1,19
20,9,29,30,20,20,0,2,13,6,1,2,1,6,1,2,1,1,19
20,9,29,30,20,20,0,2,14,5,1,2,1,5,1,2,1,1,19
20,9,29,30,20,20,0,2,15,4,1,2,1,4,1,2,1,1,20
20,9,29,30,20,20,0,2,16,3,1,2,1,3,1,2,1,1,20
20,9,29,30,20,20,0,2,17,9,0,1,2,9,0,1,7,1,20
20,9,29,30,20,20,0,2,18,9,0,1,2,9,0,1,7,1,21
20,10,30,31,20,10,0,2,1,8,1,2,1,8,1,2,1,1,24
20,10,30,31,20,10,0,2,2,7,1,2,1,7,1,2,1,1,21
20,10,30,31,20,10,0,2,3,6,1,2,1,6,1,2,1,1,21
20,10,30,31,20,10,0,2,4,4,0,2,2,4,0,2,2,1,22
20,10,30,31,20,10,0,2,5,4,1,2,2,4,1,2,2,1,15
20,10,30,31,20,10,0,2,6,3,1,2,1,3,1,2,1,1,21
20,10,30,31,20,10,0,2,7,7,0,2,2,7,0,2,5,1,20
20,10,30,31,20,10,0,2,8,8,0,2,2,8,0,2,6,1,18
20,10,30,31,20,20,0,2,1,10,0,1,1,10,0,1,1,1,24
20,10,30,31,20,20,0,2,2,10,0,1,2,17,1,2,1,1,19
20,10,30,31,20,20,0,2,3,10,0,1,1,10,0,1,1,1,20
20,10,30,31,20,20,0,2,4,4,0,2,2,4,0,2,2,1,22
20,10,30,31,20,20,0,2,5,5,0,2,2,5,0,2,3,1,13
20,10,30,31,20,20,0,2,6,6,0,2,2,6,0,2,4,1,20
20,10,30,31,20,20,0,2,7,7,0,2,2,7,0,2,5,1,18
20,10,30,31,20,20,0,2,8,8,0,2,2,8,0,2,6,1,13
20,10,30,31,20,20,0,2,9,9,0,2,2,9,0,2,7,1,17
20,10,30,31,20,20,0,2,10,9,1,2,2,10,0,2,8,1,15
20,10,30,31,20,20,0,2,11,8,1,2,2,8,1,2,6,1,14
20,10,30,31,20,20,0,2,12,7,1,2,2,7,1,2,5,1,18
20,10,30,31,20,20,0,2,13,6,1,2,1,6,1,2,1,1,18
20,10,30,31,20,20,0,2,14,5,1,2,2,14,0,2,12,1,14
20,10,30,31,20,20,0,2,15,4,1,2,2,4,1,2,2,1,19
20,10,30,31,20,20,0,2,16,10,0,1,2,10,0,1,2,2,16
20,10,30,31,20,20,0,2,17,10,0,1,2,17,0,2,15,1,17
20,10,30,31,20,20,0,2,18,10,0,1,2,10,0,1,8,1,20
20,11,31,32,20,11,0,2,1,9,1,2,1,9,1,2,1,1,25
20,11,31,32,20,11,0,2,2,8,1,2,2,20,0,1,1,1,16
20,11,31,32,20,11,0,2,3,7,1,2,1,7,1,2,1,1,23
20,11,31,32,20,11,0,2,4,4,0,2,2,4,0,2,2,1,22
20,11,31,32,20,11,0,2,5,5,0,2,2,5,0,2,3,1,22
20,11,31,32,20,11,0,2,6,4,1,2,1,4,1,2,1,1,23
20,11,31,32,20,11,0,2,7,3,1,2,1,3,1,2,1,1,22
20,11,31,32,20,11,0,2,8,8,0,2,2,8,0,2,6,1,22
20,11,31,32,20,11,0,2,9,9,0,2,2,9,0,2,7,1,23
20,11,31,32,20,20,0,2,1,11,0,1,1,11,0,1,1,1,25
20,11,31,32,20,20,0,2,2,11,0,1,2,17,1,2,15,1,14
20,11,31,32,20,20,0,2,3,11,0,1,2,11,0,1,9,1,22
20,11,31,32,20,20,0,2,4,4,0,2,2,4,0,2,2,1,22
20,11,31,32,20,20,0,2,5,5,0,2,2,5,0,2,3,1,17
20,11,31,32,20,20,0,2,6,6,0,2,2,6,0,2,4,1,22
20,11,31,32,20,20,0,2,7,7,0,2,2,7,0,2,5,1,21
20,11,31,32,20,20,0,2,8,8,0,2,2,8,0,2,6,1,20
20,11,31,32,20,20,0,2,9,9,0,2,2,9,0,2,7,1,20
20,11,31,32,20,20,0,2,10,9,1,2,1,9,1,2,1,1,19
20,11,31,32,20,20,0,2,11,8,1,2,1,8,1,2,1,1,23
20,11,31,32,20,20,0,2,12,7,1,2,1,7,1,2,1,1,18
20,11,31,32,20,20,0,2,13,6,1,2,1,6,1,2,1,1,20
20,11,31,32,20,20,0,2,14,5,1,2,1,5,1,2,1,1,20
20,11,31,32,20,20,0,2,15,4,1,2,1,4,1,2,1,1,18
20,11,31,32,20,20,0,2,16,3,1,2,1,3,1,2,1,1,22
20,11,31,32,20,20,0,2,17,11,0,1,2,17,0,2,15,1,20
20,11,31,32,20,20,0,2,18,11,0,1,2,18,0,2,16,1,19
20,12,32,33,20,12,0,2,1,10,1,2,0,10,1,2,0,0,26
20,12,32,33,20,12,0,2,2,9,1,2,2,9,1,2,7,1,18
20,12,32,33,20,12,0,2,3,8,1,2,1,8,1,2,1,1,24
20,12,32,33,20,12,0,2,4,4,0,2,2,4,0,2,2,1,22
20,12,32,33,20,12,0,2,5,5,0,2,2,5,0,2,3,1,9
20,12,32,33,20,12,0,2,6,5,1,2,2,6,0,2,4,1,20
20,12,32,33,20,12,0,2,7,4,1,2,2,4,1,2,2,1,18
20,12,32,33,20,12,0,2,8,8,0,2,2,8,0,2,6,1,15
20,12,32,33,20,12,0,2,9,9,0,2,2,9,0,2,7,1,20
20,12,32,33,20,12,0,2,10,10,0,2,2,10,0,2,8,1,19
20,12,32,33,20,20,0,2,1,12,0,1,1,18,1,2,0,0,27
20,12,32,33,20,20,0,2,2,12,0,1,3,17,1,2,15,1,17
20,12,32,33,20,20,0,2,3,12,0,1,1,12,0,1,1,1,24
20,12,32,33,20,20,0,2,4,4,0,2,2,4,0,2,2,1,22
20,12,32,33,20,20,0,2,5,5,0,2,2,5,0,2,3,1,8
20,12,32,33,20,20,0,2,6,6,0,2,2,6,0,2,4,1,20
20,12,32,33,20,20,0,2,7,7,0,2,2,7,0,2,5,1,17
20,12,32,33,20,20,0,2,8,8,0,2,2,8,0,2,6,1,15
20,12,32,33,20,20,0,2,9,9,0,2,2,9,0,2,7,1,15
20,12,32,33,20,20,0,2,10,9,1,2,2,9,1,2,7,1,17
20,12,32,33,20,20,0,2,11,8,1,2,2,8,1,2,6,1,15
20,12,32,33,20,20,0,2,12,7,1,2,3,12,0,2,10,1,10
20,12,32,33,20,20,0,2,13,6,1,2,2,6,1,2,4,1,15
20,12,32,33,20,20,0,2,14,5,1,2,2,5,1,2,2,2,13
20,12,32,33,20,20,0,2,15,12,0,1,6,15,0,2,13,1,8
20,12,32,33,20,20,0,2,16,12,0,1,2,16,0,2,14,1,21
20,12,32,33,20,20,0,2,17,12,0,1,2,12,0,1,2,2,14
20,12,32,33,20,20,0,2,18,12,0,1,2,18,0,2,16,1,16
20,13,33,34,20,13,0,2,1,11,1,2,1,11,1,2,1,1,27
20,13,33,34,20,13,0,2,2,10,1,2,2,10,1,2,8,1,17
20,13,33,34,20,13,0,2,3,3,0,2,1,3,0,2,1,1,26
20,13,33,34,20,13,0,2,4,4,0,2,2,4,0,2,2,1,25
20,13,33,34,20,13,0,2,5,5,0,2,1,5,0,2,1,1,22
20,13,33,34,20,13,0,2,6,6,0,2,1,6,0,2,1,1,25
20,13,33,34,20,13,0,2,7,5,1,2,1,5,1,2,1,1,24
20,13,33,34,20,13,0,2,8,4,1,2,1,4,1,2,1,1,24
20,13,33,34,20,13,0,2,9,3,1,2,1,3,1,2,1,1,25
20,13,33,34,20,13,0,2,10,10,0,2,2,10,0,2,8,1,24
20,13,33,34,20,13,0,2,11,11,0,2,1,11,0,2,1,1,25
20,13,33,34,20,20,0,2,1,13,0,1,1,13,0,1,1,1,27
20,13,33,34,20,20,0,2,2,13,0,1,1,13,0,1,1,1,18
20,13,33,34,20,20,0,2,3,13,0,1,1,13,0,1,1,1,25
20,13,33,34,20,20,0,2,4,4,0,2,2,4,0,2,2,1,24
20,13,33,34,20,20,0,2,5,5,0,2,2,5,0,2,3,1,22
20,13,33,34,20,20,0,2,6,6,0,2,2,6,0,2,4,1,25
20,13,33,34,20,20,0,2,7,7,0,2,2,7,0,2,5,1,23
20,13,33,34,20,20,0,2,8,8,0,2,2,8,0,2,6,1,23
20,13,33,34,20,20,0,2,9,9,0,2,2,9,0,2,7,1,24
20,13,33,34,20,20,0,2,10,9,1,2,2,9,1,2,7,1,23
20,13,33,34,20,20,0,2,11,8,1,2,1,8,1,2,1,1,23
20,13,33,34,20,20,0,2,12,7,1,2,1,7,1,2,1,1,25
20,13,33,34,20,20,0,2,13,6,1,2,2,6,1,2,4,1,23
20,13,33,34,20,20,0,2,14,5,1,2,1,5,1,2,1,1,23
20,13,33,34,20,20,0,2,15,4,1,2,1,4,1,2,1,1,23
20,13,33,34,20,20,0,2,16,13,0,1,2,13,0,1,11,1,23
20,13,33,34,20,20,0,2,17,13,0,1,1,13,0,1,1,1,25
20,13,33,34,20,20,0,2,18,13,0,1,2,13,0,1,11,1,25
20,14,34,35,20,14,0,2,1,12,1,2,1,12,1,2,1,1,28
20,14,34,35,20,14,0,2,2,11,1,2,1,11,1,2,1,1,22
20,14,34,35,20,14,0,2,3,10,1,2,1,10,1,2,1,1,25
20,14,34,35,20,14,0,2,4,4,0,2,2,4,0,2,2,1,26
20,14,34,35,20,14,0,2,5,5,0,2,2,5,0,2,3,1,15
20,14,34,35,20,14,0,2,6,6,0,2,2,6,0,2,4,1,23
20,14,34,35,20,14,0,2,7,6,1,2,2,6,1,2,4,1,24
20,14,34,35,20,14,0,2,8,5,1,2,2,8,0,2,6,1,17
20,14,34,35,20,14,0,2,9,4,1,2,1,4,1,2,1,1,22
20,14,34,35,20,14,0,2,10,10,0,2,2,10,0,2,8,1,22
20,14,34,35,20,14,0,2,11,11,0,2,2,11,0,2,9,1,21
20,14,34,35,20,14,0,2,12,12,0,2,2,12,0,2,10,1,23
20,14,34,35,20,20,0,2,1,14,0,1,1,14,0,1,13,0,29
20,14,34,35,20,20,0,2,2,14,0,1,2,14,0,1,12,1,24
20,14,34,35,20,20,0,2,3,14,0,1,2,14,0,1,12,1,25
20,14,34,35,20,20,0,2,4,4,0,2,2,4,0,2,2,1,24
20,14,34,35,20,20,0,2,5,5,0,2,2,5,0,2,3,1,19
20,14,34,35,20,20,0,2,6,6,0,2,2,13,1,2,1,1,24
20,14,34,35,20,20,0,2,7,7,0,2,2,7,0,2,5,1,24
20,14,34,35,20,20,0,2,8,8,0,2,2,8,0,2,6,1,20
20,14,34,35,20,20,0,2,9,9,0,2,2,9,0,2,7,1,20
20,14,34,35,20,20,0,2,10,9,1,2,2,9,1,2,7,1,20
20,14,34,35,20,20,0,2,11,8,1,2,2,8,1,2,6,1,21
20,14,34,35,20,20,0,2,12,7,1,2,2,7,1,2,5,1,22
20,14,34,35,20,20,0,2,13,6,1,2,2,6,1,2,4,1,20
20,14,34,35,20,20,0,2,14,5,1,2,2,14,0,2,12,1,21
20,14,34,35,20,20,0,2,15,4,1,2,2,4,1,2,2,1,23
20,14,34,35,20,20,0,2,16,14,0,1,2,16,0,2,14,1,18
20,14,34,35,20,20,0,2,17,14,0,1,2,17,0,2,15,1,23
20,14,34,35,20,20,0,2,18,14,0,1,2,14,0,1,12,1,23
20,15,35,36,20,15,0,2,1,13,1,2,1,13,1,2,1,1,29
20,15,35,36,20,15,0,2,2,12,1,2,2,12,1,2,10,1,24
20,15,35,36,20,15,0,2,3,11,1,2,1,11,1,2,1,1,27
20,15,35,36,20,15,0,2,4,4,0,2,1,4,0,2,1,1,28
20,15,35,36,20,15,0,2,5,5,0,2,2,5,0,2,3,1,24
20,15,35,36,20,15,0,2,6,6,0,2,2,6,0,2,4,1,26
20,15,35,36,20,15,0,2,7,7,0,2,2,7,0,2,5,1,27
20,15,35,36,20,15,0,2,8,6,1,2,1,6,1,2,1,1,26
20,15,35,36,20,15,0,2,9,5,1,2,1,5,1,2,1,1,26
20,15,35,36,20,15,0,2,10,4,1,2,1,4,1,2,1,1,26
20,15,35,36,20,15,0,2,11,3,1,2,1,3,1,2,1,1,26
20,15,35,36,20,15,0,2,12,12,0,2,1,12,0,2,1,1,28
20,15,35,36,20,15,0,2,13,13,0,2,2,13,0,2,11,1,28
20,15,35,36,20,20,0,2,1,15,0,1,1,15,0,1,1,1,29
20,15,35,36,20,20,0,2,2,15,0,1,1,15,0,1,1,1,25
20,15,35,36,20,20,0,2,3,15,0,1,2,15,0,1,13,1,25
20,15,35,36,20,20,0,2,4,4,0,2,1,4,0,2,1,1,28
20,15,35,36,20,20,0,2,5,5,0,2,2,5,0,2,3,1,25
20,15,35,36,20,20,0,2,6,6,0,2,2,6,0,2,4,1,26
20,15,35,36,20,20,0,2,7,7,0,2,1,7,0,2,1,1,26
20,15,35,36,20,20,0,2,8,8,0,2,2,8,0,2,6,1,25
20,15,35,36,20,20,0,2,9,9,0,2,1,9,0,2,1,1,26
20,15,35,36,20,20,0,2,10,9,1,2,1,9,1,2,1,1,27
20,15,35,36,20,20,0,2,11,8,1,2,1,8,1,2,1,1,26
20,15,35,36,20,20,0,2,12,7,1,2,1,7,1,2,1,1,26
20,15,35,36,20,20,0,2,13,6,1,2,1,6,1,2,1,1,26
20,15,35,36,20,20,0,2,14,5,1,2,1,5,1,2,1,1,27
20,15,35,36,20,20,0,2,15,4,1,2,1,4,1,2,1,1,26
20,15,35,36,20,20,0,2,16,3,1,2,1,3,1,2,1,1,25
20,15,35,36,20,20,0,2,17,15,0,1,2,15,0,1,13,1,27
20,15,35,36,20,20,0,2,18,15,0,1,2,15,0,1,13,1,27
20,16,36,37,20,16,0,2,1,14,1,2,1,14,1,2,1,1,30
20,16,36,37,20,16,0,2,2,13,1,2,2,13,1,2,11,1,23
20,16,36,37,20,16,0,2,3,12,1,2,1,12,1,2,1,1,27
20,16,36,37,20,16,0,2,4,4,0,2,2,4,0,2,2,1,28
20,16,36,37,20,16,0,2,5,5,0,2,2,5,0,2,3,1,21
20,16,36,37,20,16,0,2,6,6,0,2,2,6,0,2,4,1,27
20,16,36,37,20,16,0,2,7,7,0,2,2,7,0,2,5,1,26
20,16,36,37,20,16,0,2,8,7,1,2,2,7,1,2,5,1,21
20,16,36,37,20,16,0,2,9,6,1,2,2,6,1,2,4,1,23
20,16,36,37,20,16,0,2,10,5,1,2,2,10,0,2,8,1,23
20,16,36,37,20,16,0,2,11,4,1,2,2,4,1,2,2,1,22
20,16,36,37,20,16,0,2,12,12,0,2,2,12,0,2,10,1,24
20,16,36,37,20,16,0,2,13,13,0,2,2,13,0,2,11,1,25
20,16,36,37,20,16,0,2,14,14,0,2,2,14,0,2,12,1,23
20,16,36,37,20,20,0,2,1,16,0,1,1,16,0,1,1,1,30
20,16,36,37,20,20,0,2,2,16,0,1,2,17,1,2,1,1,25
20,16,36,37,20,20,0,2,3,3,0,2,1,3,0,2,1,1,29
20,16,36,37,20,20,0,2,4,4,0,2,2,4,0,2,2,1,27
20,16,36,37,20,20,0,2,5,5,0,2,2,5,0,2,3,1,17
20,16,36,37,20,20,0,2,6,6,0,2,2,6,0,2,4,1,25
20,16,36,37,20,20,0,2,7,7,0,2,2,7,0,2,5,1,25
20,16,36,37,20,20,0,2,8,8,0,2,2,8,0,2,6,1,19
20,16,36,37,20,20,0,2,9,9,0,2,2,9,0,2,7,1,23
20,16,36,37,20,20,0,2,10,9,1,2,2,9,1,2,7,1,23
20,16,36,37,20,20,0,2,11,8,1,2,2,8,1,2,6,1,19
20,16,36,37,20,20,0,2,12,7,1,2,2,7,1,2,5,1,22
20,16,36,37,20,20,0,2,13,6,1,2,1,6,1,2,1,1,24
20,16,36,37,20,20,0,2,14,5,1,2,2,14,0,2,12,1,19
20,16,36,37,20,20,0,2,15,4,1,2,2,4,1,2,2,1,24
20,16,36,37,20,20,0,2,16,3,1,2,1,3,1,2,1,1,25
20,16,36,37,20,20,0,2,17,16,0,1,2,17,0,2,15,1,21
20,16,36,37,20,20,0,2,18,16,0,1,2,18,0,2,1,1,27
20,17,37,38,20,17,0,2,1,15,1,2,0,15,1,2,0,0,31
20,17,37,38,20,17,0,2,2,14,1,2,2,14,1,2,12,1,17
20,17,37,38,20,17,0,2,3,13,1,2,1,13,1,2,1,1,28
20,17,37,38,20,17,0,2,4,4,0,2,2,4,0,2,2,1,28
20,17,37,38,20,17,0,2,5,5,0,2,2,5,0,2,3,1,28
20,17,37,38,20,17,0,2,6,6,0,2,2,6,0,2,4,1,29
20,17,37,38,20,17,0,2,7,7,0,2,2,7,0,2,5,1,28
20,17,37,38,20,17,0,2,8,8,0,2,2,8,0,2,6,1,29
20,17,37,38,20,17,0,2,9,7,1,2,1,7,1,2,1,1,28
20,17,37,38,20,17,0,2,10,6,1,2,1,6,1,2,1,1,28
20,17,37,38,20,17,0,2,11,5,1,2,1,5,1,2,1,1,29
20,17,37,38,20,17,0,2,12,4,1,2,1,4,1,2,1,1,27
20,17,37,38,20,17,0,2,13,3,1,2,1,3,1,2,1,1,27
20,17,37,38,20,17,0,2,14,14,0,2,2,14,0,2,12,1,29
20,17,37,38,20,17,0,2,15,15,0,2,2,15,0,2,13,1,28
20,17,37,38,20,20,0,2,1,17,0,1,1,18,1,2,0,0,32
20,17,37,38,20,20,0,2,2,17,0,1,2,17,1,2,15,1,13
20,17,37,38,20,20,0,2,3,3,0,2,1,3,0,2,1,1,30
20,17,37,38,20,20,0,2,4,4,0,2,2,4,0,2,2,1,28
20,17,37,38,20,20,0,2,5,5,0,2,2,5,0,2,3,1,24
20,17,37,38,20,20,0,2,6,6,0,2,2,6,0,2,4,1,29
20,17,37,38,20,20,0,2,7,7,0,2,2,7,0,2,5,1,28
20,17,37,38,20,20,0,2,8,8,0,2,2,8,0,2,6,1,26
20,17,37,38,20,20,0,2,9,9,0,2,2,9,0,2,7,1,26
20,17,37,38,20,20,0,2,10,9,1,2,1,9,1,2,1,1,27
20,17,37,38,20,20,0,2,11,8,1,2,2,8,1,2,6,1,27
20,17,37,38,20,20,0,2,12,7,1,2,1,7,1,2,1,1,27
20,17,37,38,20,20,0,2,13,6,1,2,1,6,1,2,1,1,26
20,17,37,38,20,20,0,2,14,5,1,2,2,14,0,2,12,1,27
20,17,37,38,20,20,0,2,15,4,1,2,1,4,1,2,1,1,26
20,17,37,38,20,20,0,2,16,3,1,2,1,3,1,2,1,1,26
20,17,37,38,20,20,0,2,17,2,1,2,0,2,1,2,0,0,30
20,17,37,38,20,20,0,2,18,17,0,1,2,18,0,2,1,1,28
20,19,39,40,20,19,0,2,1,17,1,2,1,17,1,2,1,1,33
20,19,39,40,20,19,0,2,2,16,1,2,1,16,1,2,1,1,28
20,19,39,40,20,19,0,2,3,15,1,2,1,15,1,2,1,1,30
20,19,39,40,20,19,0,2,4,4,0,2,2,4,0,2,2,1,30
20,19,39,40,20,19,0,2,5,5,0,2,2,5,0,2,3,1,29
20,19,39,40,20,19,0,2,6,6,0,2,1,6,0,2,1,1,31
20,19,39,40,20,19,0,2,7,7,0,2,2,7,0,2,5,1,30
20,19,39,40,20,19,0,2,8,8,0,2,1,8,0,2,1,1,30
20,19,39,40,20,19,0,2,9,9,0,2,1,9,0,2,1,1,31
20,19,39,40,20,19,0,2,10,8,1,2,1,8,1,2,1,1,30
20,19,39,40,20,19,0,2,11,7,1,2,1,7,1,2,1,1,30
20,19,39,40,20,19,0,2,12,6,1,2,1,6,1,2,1,1,31
20,19,39,40,20,19,0,2,13,5,1,2,1,5,1,2,1,1,30
20,19,39,40,20,19,0,2,14,4,1,2,1,4,1,2,1,1,31
20,19,39,40,20,19,0,2,15,3,1,2,1,3,1,2,1,1,30
20,19,39,40,20,19,0,2,16,16,0,2,2,16,0,2,14,1,30
20,19,39,40,20,19,0,2,17,17,0,2,2,17,0,2,15,1,31
20,19,39,40,20,20,0,2,1,18,1,2,2,19,0,1,18,0,33
20,19,39,40,20,20,0,2,2,17,1,2,2,17,1,2,15,1,29
20,19,39,40,20,20,0,2,3,16,1,2,1,16,1,2,1,1,31
20,19,39,40,20,20,0,2,4,4,0,2,2,4,0,2,2,1,31
20,19,39,40,20,20,0,2,5,5,0,2,2,5,0,2,3,1,30
20,19,39,40,20,20,0,2,6,6,0,2,2,6,0,2,4,1,31
20,19,39,40,20,20,0,2,7,7,0,2,2,7,0,2,5,1,30
20,19,39,40,20,20,0,2,8,8,0,2,2,8,0,2,6,1,29
20,19,39,40,20,20,0,2,9,9,0,2,2,9,0,2,7,1,31
20,19,39,40,20,20,0,2,10,9,1,2,1,9,1,2,1,1,30
20,19,39,40,20,20,0,2,11,8,1,2,1,8,1,2,1,1,29
20,19,39,40,20,20,0,2,12,7,1,2,1,7,1,2,1,1,31
20,19,39,40,20,20,0,2,13,6,1,2,1,6,1,2,1,1,30
20,19,39,40,20,20,0,2,14,5,1,2,1,5,1,2,1,1,30
20,19,39,40,20,20,0,2,15,4,1,2,1,4,1,2,1,1,31
20,19,39,40,20,20,0,2,16,16,0,2,2,16,0,2,14,1,29
20,19,39,40,20,20,0,2,17,17,0,2,2,17,0,2,15,1,30
20,19,39,40,20,20,0,2,18,18,0,2,2,19,0,1,18,0,33
21,2,23,24,21,21,0,2,1,19,1,2,0,19,1,2,0,0,18
21,2,23,24,21,21,0,2,2,18,1,2,1,18,1,2,1,1,16
21,2,23,24,21,21,0,2,3,17,1,2,1,17,1,2,1,1,15
21,2,23,24,21,21,0,2,4,4,0,2,2,4,0,2,2,1,15
21,2,23,24,21,21,0,2,5,5,0,2,2,5,0,2,3,1,15
21,2,23,24,21,21,0,2,6,6,0,2,2,6,0,2,4,1,15
21,2,23,24,21,21,0,2,7,7,0,2,2,7,0,2,5,1,15
21,2,23,24,21,21,0,2,8,8,0,2,2,8,0,2,6,1,13
21,2,23,24,21,21,0,2,9,9,0,2,2,9,0,2,7,1,15
21,2,23,24,21,21,0,2,10,10,0,2,3,10,0,2,8,1,13
21,2,23,24,21,21,0,2,11,9,1,2,2,9,1,2,7,1,14
21,2,23,24,21,21,0,2,12,8,1,2,1,8,1,2,1,1,15
21,2,23,24,21,21,0,2,13,7,1,2,2,7,1,2,5,1,13
21,2,23,24,21,21,0,2,14,6,1,2,1,6,1,2,1,1,15
21,2,23,24,21,21,0,2,15,5,1,2,1,5,1,2,1,1,15
21,2,23,24,21,21,0,2,16,4,1,2,1,4,1,2,1,1,15
21,2,23,24,21,21,0,2,17,3,1,2,1,3,1,2,1,1,15
21,2,23,24,21,21,0,2,18,18,0,2,2,18,0,2,16,1,15
21,2,23,24,21,21,0,2,19,19,0,2,2,19,0,2,17,1,16
21,3,24,25,21,3,0,2,1,21,0,1,2,21,0,1,19,1,18
21,3,24,25,21,21,0,2,1,19,1,2,1,19,1,2,1,1,17
21,3,24,25,21,21,0,2,2,18,1,2,2,18,1,2,16,1,9
21,3,24,25,21,21,0,2,3,17,1,2,2,17,1,2,2,2,7
21,3,24,25,21,21,0,2,4,4,0,2,2,4,0,2,2,1,15
21,3,24,25,21,21,0,2,5,5,0,2,2,15,1,2,13,1,8
21,3,24,25,21,21,0,2,6,6,0,2,2,6,0,2,4,1,8
21,3,24,25,21,21,0,2,7,7,0,2,2,7,0,2,5,1,11
21,3,24,25,21,21,0,2,8,8,0,2,2,12,1,2,10,1,11
21,3,24,25,21,21,0,2,9,9,0,2,2,9,0,2,2,2,6
21,3,24,25,21,21,0,2,10,10,0,2,2,10,0,2,8,1,9
21,3,24,25,21,21,0,2,11,9,1,2,2,11,0,2,9,1,8
21,3,24,25,21,21,0,2,12,8,1,2,2,8,1,2,6,1,11
21,3,24,25,21,21,0,2,13,7,1,2,2,7,1,2,5,1,5
21,3,24,25,21,21,0,2,14,6,1,2,2,14,0,2,12,1,9
21,3,24,25,21,21,0,2,15,5,1,2,2,15,0,2,13,1,11
21,3,24,25,21,21,0,2,16,4,1,2,2,4,1,2,2,1,7
21,3,24,25,21,21,0,2,17,17,0,2,2,17,0,2,15,1,12
21,3,24,25,21,21,0,2,18,18,0,2,2,18,0,2,16,1,11
21,3,24,25,21,21,0,2,19,19,0,2,2,19,0,2,17,1,11
21,4,25,26,21,4,0,2,1,21,0,1,1,21,0,1,1,1,19
21,4,25,26,21,4,0,2,2,21,0,1,2,21,0,1,2,2,10
21,4,25,26,21,21,0,2,1,4,0,1,1,4,0,1,1,1,19
21,4,25,26,21,21,0,2,2,4,0,1,1,4,0,1,1,1,8
21,4,25,26,21,21,0,2,3,4,0,1,1,4,0,1,1,1,15
21,4,25,26,21,21,0,2,4,4,0,1,1,4,0,1,1,1,17
21,4,25,26,21,21,0,2,5,4,0,1,1,4,0,1,1,1,10
21,4,25,26,21,21,0,2,6,4,0,1,1,4,0,1,1,1,14
21,4,25,26,21,21,0,2,7,7,0,2,2,7,0,2,5,1,11
21,4,25,26,21,21,0,2,8,4,0,1,1,4,0,1,1,1,15
21,4,25,26,21,21,0,2,9,9,0,2,2,9,0,2,7,1,11
21,4,25,26,21,21,0,2,10,4,0,1,1,4,0,1,1,1,13
21,4,25,26,21,21,0,2,11,4,0,1,1,4,0,1,1,1,11
21,4,25,26,21,21,0,2,12,8,1,2,2,12,0,2,10,1,11
21,4,25,26,21,21,0,2,13,4,0,1,1,4,0,1,1,1,13
21,4,25,26,21,21,0,2,14,4,0,1,1,4,0,1,1,1,11
21,4,25,26,21,21,0,2,15,4,0,1,1,4,0,1,1,1,15
21,4,25,26,21,21,0,2,16,4,0,1,1,4,0,1,1,1,13
21,4,25,26,21,21,0,2,17,17,0,2,2,17,0,2,15,1,10
21,4,25,26,21,21,0,2,18,4,0,1,1,4,0,1,1,1,16
21,4,25,26,21,21,0,2,19,4,0,1,1,4,0,1,1,1,16
21,5,26,27,21,5,0,2,1,3,1,2,1,21,0,1,20,0,21
21,5,26,27,21,5,0,2,2,21,0,1,2,21,0,1,2,2,15
21,5,26,27,21,5,0,2,3,21,0,1,1,21,0,1,1,1,18
21,5,26,27,21,21,0,2,1,5,0,1,2,5,0,1,3,1,19
21,5,26,27,21,21,0,2,2,5,0,1,2,18,1,2,16,1,15
21,5,26,27,21,21,0,2,3,5,0,1,2,17,1,2,1,1,16
21,5,26,27,21,21,0,2,4,4,0,2,2,4,0,2,2,1,15
21,5,26,27,21,21,0,2,5,5,0,1,2,5,0,2,3,1,8
21,5,26,27,21,21,0,2,6,5,0,1,2,6,0,2,4,1,14
21,5,26,27,21,21,0,2,7,5,0,1,2,7,0,2,5,1,13
21,5,26,27,21,21,0,2,8,5,0,1,2,8,0,2,6,1,11
21,5,26,27,21,21,0,2,9,5,0,1,2,9,0,2,7,1,12
21,5,26,27,21,21,0,2,10,5,0,1,2,10,0,2,8,1,14
21,5,26,27,21,21,0,2,11,5,0,1,2,9,1,2,1,1,13
21,5,26,27,21,21,0,2,12,5,0,1,2,12,0,2,10,1,11
21,5,26,27,21,21,0,2,13,5,0,1,2,7,1,2,1,1,16
21,5,26,27,21,21,0,2,14,5,0,1,2,6,1,2,1,1,10
21,5,26,27,21,21,0,2,15,5,0,1,2,15,0,2,13,1,14
21,5,26,27,21,21,0,2,16,4,1,2,2,4,1,2,2,1,13
21,5,26,27,21,21,0,2,17,5,0,1,2,17,0,2,15,1,11
21,5,26,27,21,21,0,2,18,5,0,1,2,18,0,2,16,1,16
21,5,26,27,21,21,0,2,19,5,0,1,2,19,0,2,17,1,16
21,6,27,28,21,6,0,2,1,4,1,2,1,4,1,2,1,1,21
21,6,27,28,21,6,0,2,2,21,0,1,1,21,0,1,1,1,13
21,6,27,28,21,6,0,2,3,21,0,1,2,21,0,1,19,1,18
21,6,27,28,21,6,0,2,4,4,0,2,2,4,0,2,2,1,20
21,6,27,28,21,21,0,2,1,6,0,1,1,6,0,1,1,1,21
21,6,27,28,21,21,0,2,2,6,0,1,2,18,1,2,16,1,9
21,6,27,28,21,21,0,2,3,6,0,1,2,17,1,2,1,1,17
21,6,27,28,21,21,0,2,4,4,0,2,2,4,0,2,2,1,18
21,6,27,28,21,21,0,2,5,5,0,2,2,5,0,2,3,1,8
21,6,27,28,21,21,0,2,6,6,0,1,2,6,0,2,4,1,17
21,6,27,28,21,21,0,2,7,6,0,1,2,6,0,1,4,1,18
21,6,27,28,21,21,0,2,8,6,0,1,3,8,0,2,6,1,12
21,6,27,28,21,21,0,2,9,6,0,1,3,9,0,2,7,1,16
21,6,27,28,21,21,0,2,10,6,0,1,3,10,0,2,8,1,14
21,6,27,28,21,21,0,2,11,6,0,1,3,9,1,2,1,1,15
21,6,27,28,21,21,0,2,12,6,0,1,3,8,1,2,6,1,12
21,6,27,28,21,21,0,2,13,6,0,1,3,7,1,2,5,1,14
21,6,27,28,21,21,0,2,14,6,0,1,2,6,1,2,1,1,15
21,6,27,28,21,21,0,2,15,5,1,2,2,15,0,2,13,1,11
21,6,27,28,21,21,0,2,16,4,1,2,2,4,1,2,2,1,15
21,6,27,28,21,21,0,2,17,3,1,2,1,3,1,2,1,1,17
21,6,27,28,21,21,0,2,18,6,0,1,3,18,0,2,16,1,16
21,6,27,28,21,21,0,2,19,6,0,1,3,19,0,2,17,1,17
21,7,28,29,21,7,0,2,1,5,1,2,1,21,0,1,20,0,23
21,7,28,29,21,7,0,2,2,4,1,2,2,4,1,2,2,1,17
21,7,28,29,21,7,0,2,3,3,1,2,1,3,1,2,1,1,19
21,7,28,29,21,7,0,2,4,4,0,2,2,4,0,2,2,1,20
21,7,28,29,21,7,0,2,5,5,0,2,2,5,0,2,3,1,12
21,7,28,29,21,21,0,2,1,7,0,1,1,7,0,1,1,1,22
21,7,28,29,21,21,0,2,2,7,0,1,4,18,1,2,16,1,15
21,7,28,29,21,21,0,2,3,7,0,1,1,7,0,1,1,1,19
21,7,28,29,21,21,0,2,4,4,0,2,2,4,0,2,2,1,19
21,7,28,29,21,21,0,2,5,5,0,2,2,5,0,2,3,1,8
21,7,28,29,21,21,0,2,6,6,0,2,2,7,0,1,1,1,18
21,7,28,29,21,21,0,2,7,7,0,1,2,7,0,1,5,1,10
21,7,28,29,21,21,0,2,8,7,0,1,2,8,0,2,6,1,10
21,7,28,29,21,21,0,2,9,7,0,1,1,7,0,1,1,1,18
21,7,28,29,21,21,0,2,10,7,0,1,2,7,0,1,2,2,9
21,7,28,29,21,21,0,2,11,7,0,1,2,9,1,2,7,1,14
21,7,28,29,21,21,0,2,12,7,0,1,2,8,1,2,1,1,14
21,7,28,29,21,21,0,2,13,7,0,1,2,7,0,1,2,2,9
21,7,28,29,21,21,0,2,14,6,1,2,2,6,1,2,4,1,17
21,7,28,29,21,21,0,2,15,5,1,2,2,5,1,2,2,2,8
21,7,28,29,21,21,0,2,16,4,1,2,2,4,1,2,2,1,12
21,7,28,29,21,21,0,2,17,7,0,1,1,7,0,1,1,1,18
21,7,28,29,21,21,0,2,18,7,0,1,2,18,0,2,16,1,13
21,7,28,29,21,21,0,2,19,7,0,1,1,7,0,1,1,1,15
21,8,29,30,21,8,0,2,1,6,1,2,1,6,1,2,1,1,23
21,8,29,30,21,8,0,2,2,5,1,2,2,21,0,1,1,1,14
21,8,29,30,21,8,0,2,3,4,1,2,1,4,1,2,1,1,21
21,8,29,30,21,8,0,2,4,3,1,2,1,3,1,2,1,1,21
21,8,29,30,21,8,0,2,5,5,0,2,1,5,0,2,1,1,21
21,8,29,30,21,8,0,2,6,6,0,2,2,6,0,2,4,1,22
21,8,29,30,21,21,0,2,1,8,0,1,1,8,0,1,1,1,23
21,8,29,30,21,21,0,2,2,8,0,1,1,8,0,1,1,1,14
21,8,29,30,21,21,0,2,3,8,0,1,1,8,0,1,1,1,20
21,8,29,30,21,21,0,2,4,4,0,2,1,4,0,2,1,1,21
21,8,29,30,21,21,0,2,5,5,0,2,1,5,0,2,1,1,19
21,8,29,30,21,21,0,2,6,6,0,2,2,6,0,2,4,1,19
21,8,29,30,21,21,0,2,7,7,0,2,2,7,0,2,5,1,19
21,8,29,30,21,21,0,2,8,8,0,1,2,8,0,1,6,1,21
21,8,29,30,21,21,0,2,9,8,0,1,2,8,0,1,6,1,19
21,8,29,30,21,21,0,2,10,8,0,1,2,10,0,2,8,1,17
21,8,29,30,21,21,0,2,11,8,0,1,2,8,0,1,6,1,19
21,8,29,30,21,21,0,2,12,8,0,1,2,8,0,1,6,1,19
21,8,29,30,21,21,0,2,13,7,1,2,1,7,1,2,1,1,17
21,8,29,30,21,21,0,2,14,6,1,2,2,6,1,2,4,1,20
21,8,29,30,21,21,0,2,15,5,1,2,1,5,1,2,1,1,20
21,8,29,30,21,21,0,2,16,4,1,2,1,4,1,2,1,1,17
21,8,29,30,21,21,0,2,17,3,1,2,1,3,1,2,1,1,19
21,8,29,30,21,21,0,2,18,8,0,1,2,18,0,2,1,1,19
21,8,29,30,21,21,0,2,19,8,0,1,2,19,0,2,17,1,19
21,9,30,31,21,9,0,2,1,7,1,2,1,7,1,2,1,1,23
21,9,30,31,21,9,0,2,2,6,1,2,2,6,1,2,4,1,18
21,9,30,31,21,9,0,2,3,5,1,2,1,5,1,2,1,1,22
21,9,30,31,21,9,0,2,4,4,0,2,2,4,0,2,2,1,20
21,9,30,31,21,9,0,2,5,5,0,2,2,5,0,2,3,1,17
21,9,30,31,21,9,0,2,6,6,0,2,2,6,0,2,4,1,22
21,9,30,31,21,9,0,2,7,7,0,2,2,7,0,2,5,1,18
21,9,30,31,21,21,0,2,1,9,0,1,1,9,0,1,1,1,24
21,9,30,31,21,21,0,2,2,9,0,1,2,18,1,2,16,1,20
21,9,30,31,21,21,0,2,3,9,0,1,2,9,0,1,7,1,21
21,9,30,31,21,21,0,2,4,4,0,2,2,4,0,2,2,1,19
21,9,30,31,21,21,0,2,5,5,0,2,2,5,0,2,3,1,17
21,9,30,31,21,21,0,2,6,6,0,2,2,6,0,2,4,1,18
21,9,30,31,21,21,0,2,7,7,0,2,2,7,0,2,5,1,16
21,9,30,31,21,21,0,2,8,8,0,2,2,8,0,2,6,1,17
21,9,30,31,21,21,0,2,9,9,0,1,2,9,0,2,7,1,13
21,9,30,31,21,21,0,2,10,9,0,1,2,10,0,2,8,1,17
21,9,30,31,21,21,0,2,11,9,0,1,2,9,1,2,7,1,18
21,9,30,31,21,21,0,2,12,8,1,2,2,12,0,2,10,1,16
21,9,30,31,21,21,0,2,13,7,1,2,2,7,1,2,5,1,18
21,9,30,31,21,21,0,2,14,6,1,2,2,14,0,2,12,1,14
21,9,30,31,21,21,0,2,15,5,1,2,2,15,0,2,13,1,18
21,9,30,31,21,21,0,2,16,4,1,2,2,4,1,2,2,1,16
21,9,30,31,21,21,0,2,17,9,0,1,2,17,0,2,15,1,16
21,9,30,31,21,21,0,2,18,9,0,1,2,18,0,2,16,1,20
21,9,30,31,21,21,0,2,19,9,0,1,2,19,0,2,17,1,18
21,10,31,32,21,10,0,2,1,8,1,2,1,8,1,2,1,1,25
21,10,31,32,21,10,0,2,2,7,1,2,2,7,1,2,5,1,14
21,10,31,32,21,10,0,2,3,6,1,2,1,6,1,2,1,1,23
21,10,31,32,21,10,0,2,4,4,0,2,2,4,0,2,2,1,23
21,10,31,32,21,10,0,2,5,4,1,2,1,4,1,2,1,1,17
21,10,31,32,21,10,0,2,6,3,1,2,1,3,1,2,1,1,23
21,10,31,32,21,10,0,2,7,7,0,2,2,7,0,2,5,1,22
21,10,31,32,21,10,0,2,8,8,0,2,2,8,0,2,6,1,20
21,10,31,32,21,21,0,2,1,10,0,1,1,10,0,1,1,1,25
21,10,31,32,21,21,0,2,2,10,0,1,1,10,0,1,1,1,14
21,10,31,32,21,21,0,2,3,10,0,1,1,10,0,1,1,1,23
21,10,31,32,21,21,0,2,4,4,0,2,2,4,0,2,2,1,23
21,10,31,32,21,21,0,2,5,5,0,2,2,5,0,2,3,1,19
21,10,31,32,21,21,0,2,6,6,0,2,2,6,0,2,4,1,22
21,10,31,32,21,21,0,2,7,7,0,2,2,7,0,2,5,1,20
21,10,31,32,21,21,0,2,8,8,0,2,2,8,0,2,6,1,21
21,10,31,32,21,21,0,2,9,9,0,2,2,9,0,2,7,1,20
21,10,31,32,21,21,0,2,10,10,0,1,2,10,0,1,8,1,21
21,10,31,32,21,21,0,2,11,9,1,2,1,9,1,2,1,1,22
21,10,31,32,21,21,0,2,12,8,1,2,2,8,1,2,6,1,20
21,10,31,32,21,21,0,2,13,7,1,2,1,7,1,2,1,1,20
21,10,31,32,21,21,0,2,14,6,1,2,1,6,1,2,1,1,22
21,10,31,32,21,21,0,2,15,5,1,2,1,5,1,2,1,1,20
21,10,31,32,21,21,0,2,16,4,1,2,1,4,1,2,1,1,22
21,10,31,32,21,21,0,2,17,3,1,2,1,3,1,2,1,1,22
21,10,31,32,21,21,0,2,18,10,0,1,2,10,0,1,8,1,21
21,10,31,32,21,21,0,2,19,10,0,1,2,10,0,1,8,1,23
21,11,32,33,21,11,0,2,1,9,1,2,1,21,0,1,20,0,27
21,11,32,33,21,11,0,2,2,8,1,2,2,8,1,2,6,1,20
21,11,32,33,21,11,0,2,3,7,1,2,1,7,1,2,1,1,24
21,11,32,33,21,11,0,2,4,4,0,2,2,4,0,2,2,1,24
21,11,32,33,21,11,0,2,5,5,0,2,2,5,0,2,3,1,12
21,11,32,33,21,11,0,2,6,4,1,2,1,4,1,2,1,1,22
21,11,32,33,21,11,0,2,7,7,0,2,2,7,0,2,5,1,21
21,11,32,33,21,11,0,2,8,8,0,2,2,8,0,2,6,1,17
21,11,32,33,21,11,0,2,9,9,0,2,2,9,0,2,7,1,22
21,11,32,33,21,21,0,2,1,11,0,1,1,11,0,1,10,0,27
21,11,32,33,21,21,0,2,2,11,0,1,2,18,1,2,16,1,19
21,11,32,33,21,21,0,2,3,11,0,1,1,11,0,1,1,1,23
21,11,32,33,21,21,0,2,4,4,0,2,2,4,0,2,2,1,21
21,11,32,33,21,21,0,2,5,5,0,2,2,5,0,2,3,1,14
21,11,32,33,21,21,0,2,6,6,0,2,2,6,0,2,4,1,18
21,11,32,33,21,21,0,2,7,7,0,2,2,7,0,2,5,1,17
21,11,32,33,21,21,0,2,8,8,0,2,2,8,0,2,6,1,17
21,11,32,33,21,21,0,2,9,9,0,2,2,9,0,2,7,1,13
21,11,32,33,21,21,0,2,10,10,0,2,2,10,0,2,8,1,18
21,11,32,33,21,21,0,2,11,9,1,2,2,11,0,2,9,1,13
21,11,32,33,21,21,0,2,12,8,1,2,2,12,0,2,10,1,14
21,11,32,33,21,21,0,2,13,7,1,2,2,7,1,2,5,1,18
21,11,32,33,21,21,0,2,14,6,1,2,1,6,1,2,1,1,15
21,11,32,33,21,21,0,2,15,5,1,2,2,15,0,2,13,1,16
21,11,32,33,21,21,0,2,16,4,1,2,2,4,1,2,2,1,19
21,11,32,33,21,21,0,2,17,11,0,1,2,11,0,1,2,2,13
21,11,32,33,21,21,0,2,18,11,0,1,2,18,0,2,16,1,20
21,11,32,33,21,21,0,2,19,11,0,1,2,19,0,2,17,1,21
21,12,33,34,21,12,0,2,1,10,1,2,1,10,1,2,1,1,27
21,12,33,34,21,12,0,2,2,9,1,2,2,9,1,2,7,1,17
21,12,33,34,21,12,0,2,3,8,1,2,1,8,1,2,1,1,24
21,12,33,34,21,12,0,2,4,4,0,2,2,4,0,2,2,1,25
21,12,33,34,21,12,0,2,5,5,0,2,2,5,0,2,3,1,23
21,12,33,34,21,12,0,2,6,5,1,2,1,5,1,2,1,1,24
21,12,33,34,21,12,0,2,7,4,1,2,1,4,1,2,1,1,25
21,12,33,34,21,12,0,2,8,8,0,2,2,8,0,2,6,1,23
21,12,33,34,21,12,0,2,9,9,0,2,2,9,0,2,7,1,24
21,12,33,34,21,12,0,2,10,10,0,2,2,10,0,2,8,1,25
21,12,33,34,21,21,0,2,1,12,0,1,1,12,0,1,1,1,27
21,12,33,34,21,21,0,2,2,12,0,1,1,12,0,1,1,1,17
21,12,33,34,21,21,0,2,3,3,0,2,1,3,0,2,1,1,26
21,12,33,34,21,21,0,2,4,4,0,2,2,4,0,2,2,1,25
21,12,33,34,21,21,0,2,5,5,0,2,2,5,0,2,3,1,22
21,12,33,34,21,21,0,2,6,6,0,2,1,6,0,2,1,1,25
21,12,33,34,21,21,0,2,7,7,0,2,2,7,0,2,5,1,24
21,12,33,34,21,21,0,2,8,8,0,2,2,8,0,2,6,1,22
21,12,33,34,21,21,0,2,9,9,0,2,2,9,0,2,7,1,23
21,12,33,34,21,21,0,2,10,10,0,2,2,10,0,2,8,1,24
21,12,33,34,21,21,0,2,11,9,1,2,2,9,1,2,7,1,21
21,12,33,34,21,21,0,2,12,8,1,2,1,8,1,2,1,1,23
21,12,33,34,21,21,0,2,13,7,1,2,1,7,1,2,1,1,23
21,12,33,34,21,21,0,2,14,6,1,2,1,6,1,2,1,1,23
21,12,33,34,21,21,0,2,15,5,1,2,1,5,1,2,1,1,24
21,12,33,34,21,21,0,2,16,4,1,2,1,4,1,2,1,1,24
21,12,33,34,21,21,0,2,17,3,1,2,1,3,1,2,1,1,24
21,12,33,34,21,21,0,2,18,12,0,1,2,12,0,1,10,1,24
21,12,33,34,21,21,0,2,19,12,0,1,2,12,0,1,10,1,26
21,13,34,35,21,13,0,2,1,11,1,2,0,11,1,2,0,0,29
21,13,34,35,21,13,0,2,2,10,1,2,2,10,1,2,8,1,20
21,13,34,35,21,13,0,2,3,9,1,2,1,9,1,2,1,1,25
21,13,34,35,21,13,0,2,4,4,0,2,2,4,0,2,2,1,26
21,13,34,35,21,13,0,2,5,5,0,2,2,5,0,2,3,1,11
21,13,34,35,21,13,0,2,6,6,0,2,2,6,0,2,4,1,22
21,13,34,35,21,13,0,2,7,5,1,2,1,5,1,2,1,1,24
21,13,34,35,21,13,0,2,8,4,1,2,2,4,1,2,2,1,18
21,13,34,35,21,13,0,2,9,3,1,2,1,3,1,2,1,1,21
21,13,34,35,21,13,0,2,10,10,0,2,2,10,0,2,8,1,22
21,13,34,35,21,13,0,2,11,11,0,2,2,11,0,2,9,1,22
21,13,34,35,21,21,0,2,1,13,0,1,1,19,1,2,0,0,29
21,13,34,35,21,21,0,2,2,13,0,1,2,18,1,2,16,1,20
21,13,34,35,21,21,0,2,3,13,0,1,1,13,0,1,1,1,24
21,13,34,35,21,21,0,2,4,4,0,2,2,4,0,2,2,1,24
21,13,34,35,21,21,0,2,5,5,0,2,2,5,0,2,3,1,13
21,13,34,35,21,21,0,2,6,6,0,2,2,6,0,2,4,1,21
21,13,34,35,21,21,0,2,7,7,0,2,2,7,0,2,5,1,21
21,13,34,35,21,21,0,2,8,8,0,2,2,8,0,2,6,1,15
21,13,34,35,21,21,0,2,9,9,0,2,2,11,1,2,9,1,18
21,13,34,35,21,21,0,2,10,10,0,2,2,10,1,2,8,1,18
21,13,34,35,21,21,0,2,11,9,1,2,2,9,1,2,7,1,16
21,13,34,35,21,21,0,2,12,8,1,2,2,8,1,2,6,1,18
21,13,34,35,21,21,0,2,13,7,1,2,3,13,0,1,2,2,13
21,13,34,35,21,21,0,2,14,6,1,2,2,14,0,2,12,1,17
21,13,34,35,21,21,0,2,15,5,1,2,2,5,1,2,2,2,15
21,13,34,35,21,21,0,2,16,13,0,1,2,16,0,2,14,1,11
21,13,34,35,21,21,0,2,17,13,0,1,2,13,0,1,11,1,22
21,13,34,35,21,21,0,2,18,13,0,1,2,13,0,1,2,2,16
21,13,34,35,21,21,0,2,19,13,0,1,2,13,0,1,11,1,17
21,14,35,36,21,14,0,2,1,12,1,2,1,12,1,2,1,1,29
21,14,35,36,21,14,0,2,2,11,1,2,2,11,1,2,9,1,21
21,14,35,36,21,14,0,2,3,3,0,2,1,3,0,2,1,1,28
21,14,35,36,21,14,0,2,4,4,0,2,1,4,0,2,1,1,27
21,14,35,36,21,14,0,2,5,5,0,2,1,5,0,2,1,1,27
21,14,35,36,21,14,0,2,6,6,0,2,2,6,0,2,4,1,27
21,14,35,36,21,14,0,2,7,6,1,2,1,6,1,2,1,1,27
21,14,35,36,21,14,0,2,8,5,1,2,1,5,1,2,1,1,27
21,14,35,36,21,14,0,2,9,4,1,2,1,4,1,2,1,1,26
21,14,35,36,21,14,0,2,10,3,1,2,1,3,1,2,1,1,27
21,14,35,36,21,14,0,2,11,11,0,2,1,11,0,2,1,1,27
21,14,35,36,21,14,0,2,12,12,0,2,1,12,0,2,1,1,28
21,14,35,36,21,21,0,2,1,14,0,1,1,14,0,1,1,1,29
21,14,35,36,21,21,0,2,2,14,0,1,1,14,0,1,1,1,22
21,14,35,36,21,21,0,2,3,14,0,1,1,14,0,1,1,1,27
21,14,35,36,21,21,0,2,4,4,0,2,2,4,0,2,2,1,26
21,14,35,36,21,21,0,2,5,5,0,2,2,5,0,2,3,1,26
21,14,35,36,21,21,0,2,6,6,0,2,2,6,0,2,4,1,27
21,14,35,36,21,21,0,2,7,7,0,2,2,7,0,2,5,1,26
21,14,35,36,21,21,0,2,8,8,0,2,2,8,0,2,6,1,26
21,14,35,36,21,21,0,2,9,9,0,2,2,9,0,2,7,1,25
21,14,35,36,21,21,0,2,10,10,0,2,2,10,0,2,8,1,26
21,14,35,36,21,21,0,2,11,9,1,2,2,9,1,2,7,1,26
21,14,35,36,21,21,0,2,12,8,1,2,1,8,1,2,1,1,26
21,14,35,36,21,21,0,2,13,7,1,2,1,7,1,2,1,1,27
21,14,35,36,21,21,0,2,14,6,1,2,2,6,1,2,4,1,25
21,14,35,36,21,21,0,2,15,5,1,2,1,5,1,2,1,1,27
21,14,35,36,21,21,0,2,16,4,1,2,1,4,1,2,1,1,26
21,14,35,36,21,21,0,2,17,14,0,1,2,14,0,1,12,1,25
21,14,35,36,21,21,0,2,18,14,0,1,1,14,0,1,1,1,27
21,14,35,36,21,21,0,2,19,14,0,1,1,14,0,1,1,1,28
21,15,36,37,21,15,0,2,1,13,1,2,1,13,1,2,1,1,29
21,15,36,37,21,15,0,2,2,12,1,2,1,12,1,2,1,1,25
21,15,36,37,21,15,0,2,3,11,1,2,1,11,1,2,1,1,28
21,15,36,37,21,15,0,2,4,4,0,2,2,4,0,2,2,1,26
21,15,36,37,21,15,0,2,5,5,0,2,2,5,0,2,3,1,22
21,15,36,37,21,15,0,2,6,6,0,2,2,6,0,2,4,1,28
21,15,36,37,21,15,0,2,7,7,0,2,2,7,0,2,5,1,22
21,15,36,37,21,15,0,2,8,6,1,2,2,6,1,2,4,1,23
21,15,36,37,21,15,0,2,9,5,1,2,2,9,0,2,7,1,23
21,15,36,37,21,15,0,2,10,4,1,2,2,4,1,2,2,1,22
21,15,36,37,21,15,0,2,11,11,0,2,2,11,0,2,9,1,24
21,15,36,37,21,15,0,2,12,12,0,2,2,12,0,2,10,1,25
21,15,36,37,21,15,0,2,13,13,0,2,2,13,0,2,11,1,24
21,15,36,37,21,21,0,2,1,15,0,1,1,15,0,1,1,1,30
21,15,36,37,21,21,0,2,2,15,0,1,2,15,0,1,13,1,26
21,15,36,37,21,21,0,2,3,15,0,1,2,15,0,1,13,1,27
21,15,36,37,21,21,0,2,4,4,0,2,2,4,0,2,2,1,27
21,15,36,37,21,21,0,2,5,5,0,2,2,5,0,2,3,1,23
21,15,36,37,21,21,0,2,6,6,0,2,2,6,0,2,4,1,28
21,15,36,37,21,21,0,2,7,7,0,2,2,7,0,2,5,1,23
21,15,36,37,21,21,0,2,8,8,0,2,2,8,0,2,6,1,22
21,15,36,37,21,21,0,2,9,9,0,2,2,9,0,2,7,1,23
21,15,36,37,21,21,0,2,10,10,0,2,2,10,0,2,8,1,22
21,15,36,37,21,21,0,2,11,9,1,2,2,9,1,2,7,1,23
21,15,36,37,21,21,0,2,12,8,1,2,2,8,1,2,6,1,24
21,15,36,37,21,21,0,2,13,7,1,2,2,7,1,2,5,1,23
21,15,36,37,21,21,0,2,14,6,1,2,2,6,1,2,4,1,23
21,15,36,37,21,21,0,2,15,5,1,2,2,15,0,2,13,1,23
21,15,36,37,21,21,0,2,16,4,1,2,2,4,1,2,2,1,26
21,15,36,37,21,21,0,2,17,15,0,1,2,17,0,2,15,1,20
21,15,36,37,21,21,0,2,18,15,0,1,2,18,0,2,16,1,26
21,15,36,37,21,21,0,2,19,15,0,1,2,15,0,1,2,2,25
21,16,37,38,21,16,0,2,1,14,1,2,1,21,0,1,20,0,32
21,16,37,38,21,16,0,2,2,13,1,2,2,13,1,2,11,1,21
21,16,37,38,21,16,0,2,3,12,1,2,1,12,1,2,1,1,29
21,16,37,38,21,16,0,2,4,4,0,2,2,4,0,2,2,1,29
21,16,37,38,21,16,0,2,5,5,0,2,2,5,0,2,3,1,23
21,16,37,38,21,16,0,2,6,6,0,2,2,6,0,2,4,1,29
21,16,37,38,21,16,0,2,7,7,0,2,2,7,0,2,5,1,28
21,16,37,38,21,16,0,2,8,7,1,2,1,7,1,2,1,1,25
21,16,37,38,21,16,0,2,9,6,1,2,1,6,1,2,1,1,28
21,16,37,38,21,16,0,2,10,5,1,2,1,5,1,2,1,1,28
21,16,37,38,21,16,0,2,11,4,1,2,1,4,1,2,1,1,26
21,16,37,38,21,16,0,2,12,3,1,2,1,3,1,2,1,1,28
21,16,37,38,21,16,0,2,13,13,0,2,2,13,0,2,11,1,28
21,16,37,38,21,16,0,2,14,14,0,2,2,14,0,2,12,1,27
21,16,37,38,21,21,0,2,1,16,0,1,1,16,0,1,1,1,31
21,16,37,38,21,21,0,2,2,16,0,1,1,16,0,1,1,1,24
21,16,37,38,21,21,0,2,3,16,0,1,2,16,0,1,14,1,27
21,16,37,38,21,21,0,2,4,4,0,2,2,4,0,2,2,1,29
21,16,37,38,21,21,0,2,5,5,0,2,2,5,0,2,3,1,25
21,16,37,38,21,21,0,2,6,6,0,2,2,6,0,2,4,1,28
21,16,37,38,21,21,0,2,7,7,0,2,2,7,0,2,5,1,27
21,16,37,38,21,21,0,2,8,8,0,2,2,8,0,2,6,1,27
21,16,37,38,21,21,0,2,9,9,0,2,2,9,0,2,7,1,28
21,16,37,38,21,21,0,2,10,10,0,2,2,10,0,2,8,1,27
21,16,37,38,21,21,0,2,11,9,1,2,1,9,1,2,1,1,27
21,16,37,38,21,21,0,2,12,8,1,2,1,8,1,2,1,1,28
21,16,37,38,21,21,0,2,13,7,1,2,1,7,1,2,1,1,26
21,16,37,38,21,21,0,2,14,6,1,2,1,6,1,2,1,1,28
21,16,37,38,21,21,0,2,15,5,1,2,1,5,1,2,1,1,26
21,16,37,38,21,21,0,2,16,4,1,2,1,4,1,2,1,1,28
21,16,37,38,21,21,0,2,17,3,1,2,1,3,1,2,1,1,28
21,16,37,38,21,21,0,2,18,16,0,1,2,16,0,1,14,1,27
21,16,37,38,21,21,0,2,19,16,0,1,2,16,0,1,14,1,29
21,17,38,39,21,17,0,2,1,15,1,2,1,15,1,2,1,1,32
21,17,38,39,21,17,0,2,2,14,1,2,2,14,1,2,12,1,25
21,17,38,39,21,17,0,2,3,13,1,2,1,13,1,2,1,1,30
21,17,38,39,21,17,0,2,4,4,0,2,2,4,0,2,2,1,30
21,17,38,39,21,17,0,2,5,5,0,2,2,5,0,2,3,1,20
21,17,38,39,21,17,0,2,6,6,0,2,2,6,0,2,4,1,29
21,17,38,39,21,17,0,2,7,7,0,2,2,7,0,2,5,1,25
21,17,38,39,21,17,0,2,8,8,0,2,2,8,0,2,6,1,21
21,17,38,39,21,17,0,2,9,7,1,2,2,7,1,2,5,1,25
21,17,38,39,21,17,0,2,10,6,1,2,2,6,1,2,4,1,25
21,17,38,39,21,17,0,2,11,5,1,2,2,11,0,2,9,1,24
21,17,38,39,21,17,0,2,12,4,1,2,2,4,1,2,2,1,24
21,17,38,39,21,17,0,2,13,13,0,2,2,13,0,2,11,1,26
21,17,38,39,21,17,0,2,14,14,0,2,2,14,0,2,12,1,26
21,17,38,39,21,17,0,2,15,15,0,2,2,15,0,2,13,1,25
21,17,38,39,21,21,0,2,1,17,0,1,1,17,0,1,1,1,32
21,17,38,39,21,21,0,2,2,17,0,1,2,18,1,2,1,1,26
21,17,38,39,21,21,0,2,3,3,0,2,1,3,0,2,1,1,31
21,17,38,39,21,21,0,2,4,4,0,2,2,4,0,2,2,1,30
21,17,38,39,21,21,0,2,5,5,0,2,2,5,0,2,3,1,20
21,17,38,39,21,21,0,2,6,6,0,2,1,6,0,2,1,1,29
21,17,38,39,21,21,0,2,7,7,0,2,2,7,0,2,5,1,26
21,17,38,39,21,21,0,2,8,8,0,2,2,8,0,2,6,1,20
21,17,38,39,21,21,0,2,9,9,0,2,2,9,0,2,7,1,24
21,17,38,39,21,21,0,2,10,10,0,2,2,10,0,2,8,1,23
21,17,38,39,21,21,0,2,11,9,1,2,2,9,1,2,7,1,22
21,17,38,39,21,21,0,2,12,8,1,2,2,8,1,2,6,1,22
21,17,38,39,21,21,0,2,13,7,1,2,2,7,1,2,5,1,23
21,17,38,39,21,21,0,2,14,6,1,2,1,6,1,2,1,1,26
21,17,38,39,21,21,0,2,15,5,1,2,2,15,0,2,13,1,20
21,17,38,39,21,21,0,2,16,4,1,2,2,4,1,2,2,1,27
21,17,38,39,21,21,0,2,17,3,1,2,1,3,1,2,1,1,27
21,17,38,39,21,21,0,2,18,17,0,1,2,18,0,2,16,1,20
21,17,38,39,21,21,0,2,19,17,0,1,2,19,0,2,1,1,29
21,18,39,40,21,18,0,2,1,16,1,2,0,16,1,2,0,0,33
21,18,39,40,21,18,0,2,2,15,1,2,2,15,1,2,13,1,21
21,18,39,40,21,18,0,2,3,14,1,2,1,14,1,2,1,1,30
21,18,39,40,21,18,0,2,4,4,0,2,2,4,0,2,2,1,31
21,18,39,40,21,18,0,2,5,5,0,2,1,5,0,2,1,1,30
21,18,39,40,21,18,0,2,6,6,0,2,2,6,0,2,4,1,30
21,18,39,40,21,18,0,2,7,7,0,2,2,7,0,2,5,1,31
21,18,39,40,21,18,0,2,8,8,0,2,2,8,0,2,6,1,29
21,18,39,40,21,18,0,2,9,8,1,2,1,8,1,2,1,1,30
21,18,39,40,21,18,0,2,10,7,1,2,1,7,1,2,1,1,30
21,18,39,40,21,18,0,2,11,6,1,2,2,6,1,2,4,1,29
21,18,39,40,21,18,0,2,12,5,1,2,1,5,1,2,1,1,30
21,18,39,40,21,18,0,2,13,4,1,2,1,4,1,2,1,1,30
21,18,39,40,21,18,0,2,14,3,1,2,1,3,1,2,1,1,30
21,18,39,40,21,18,0,2,15,15,0,2,2,15,0,2,13,1,31
21,18,39,40,21,18,0,2,16,16,0,2,2,16,0,2,14,1,30
21,18,39,40,21,21,0,2,1,18,0,1,1,19,1,2,0,0,34
21,18,39,40,21,21,0,2,2,18,0,1,2,18,1,2,16,1,17
21,18,39,40,21,21,0,2,3,3,0,2,1,3,0,2,1,1,32
21,18,39,40,21,21,0,2,4,4,0,2,2,4,0,2,2,1,31
21,18,39,40,21,21,0,2,5,5,0,2,1,5,0,2,1,1,26
21,18,39,40,21,21,0,2,6,6,0,2,2,6,0,2,4,1,30
21,18,39,40,21,21,0,2,7,7,0,2,2,7,0,2,5,1,30
21,18,39,40,21,21,0,2,8,8,0,2,1,8,0,2,1,1,27
21,18,39,40,21,21,0,2,9,9,0,2,2,9,0,2,7,1,29
21,18,39,40,21,21,0,2,10,10,0,2,2,10,0,2,8,1,30
21,18,39,40,21,21,0,2,11,9,1,2,2,9,1,2,7,1,27
21,18,39,40,21,21,0,2,12,8,1,2,1,8,1,2,1,1,29
21,18,39,40,21,21,0,2,13,7,1,2,1,7,1,2,1,1,29
21,18,39,40,21,21,0,2,14,6,1,2,1,6,1,2,1,1,28
21,18,39,40,21,21,0,2,15,5,1,2,1,5,1,2,1,1,30
21,18,39,40,21,21,0,2,16,4,1,2,1,4,1,2,1,1,28
21,18,39,40,21,21,0,2,17,3,1,2,1,3,1,2,1,1,29
21,18,39,40,21,21,0,2,18,2,1,2,0,2,1,2,0,0,31
21,18,39,40,21,21,0,2,19,18,0,1,2,19,0,2,1,1,31
22,2,24,25,22,22,0,2,1,20,1,2,1,20,1,2,1,1,18
22,2,24,25,22,22,0,2,2,19,1,2,2,19,1,2,2,2,9
22,2,24,25,22,22,0,2,3,3,0,2,1,3,0,2,1,1,17
22,2,24,25,22,22,0,2,4,4,0,2,1,4,0,2,1,1,17
22,2,24,25,22,22,0,2,5,5,0,2,1,5,0,2,1,1,11
22,2,24,25,22,22,0,2,6,6,0,2,1,6,0,2,1,1,17
22,2,24,25,22,22,0,2,7,7,0,2,1,7,0,2,1,1,17
22,2,24,25,22,22,0,2,8,8,0,2,1,8,0,2,1,1,13
22,2,24,25,22,22,0,2,9,9,0,2,1,9,0,2,1,1,17
22,2,24,25,22,22,0,2,10,10,0,2,2,10,0,2,8,1,15
22,2,24,25,22,22,0,2,11,10,1,2,2,11,0,2,1,1,15
22,2,24,25,22,22,0,2,12,9,1,2,1,9,1,2,1,1,17
22,2,24,25,22,22,0,2,13,8,1,2,2,8,1,2,6,1,12
22,2,24,25,22,22,0,2,14,7,1,2,2,7,1,2,5,1,16
22,2,24,25,22,22,0,2,15,6,1,2,1,6,1,2,1,1,17
22,2,24,25,22,22,0,2,16,5,1,2,2,16,0,2,1,1,15
22,2,24,25,22,22,0,2,17,4,1,2,2,4,1,2,2,1,16
22,2,24,25,22,22,0,2,18,3,1,2,1,3,1,2,1,1,17
22,2,24,25,22,22,0,2,19,19,0,2,1,19,0,2,1,1,17
22,2,24,25,22,22,0,2,20,20,0,2,1,20,0,2,1,1,17
22,3,25,26,22,3,0,2,1,22,0,1,1,22,0,1,1,1,20
22,3,25,26,22,22,0,2,1,3,0,1,1,3,0,1,2,0,20
22,3,25,26,22,22,0,2,2,19,1,2,2,19,1,2,17,1,7
22,3,25,26,22,22,0,2,3,18,1,2,1,18,1,2,1,1,16
22,3,25,26,22,22,0,2,4,4,0,2,2,4,0,2,2,1,14
22,3,25,26,22,22,0,2,5,5,0,2,2,5,0,2,3,1,8
22,3,25,26,22,22,0,2,6,6,0,2,2,15,1,2,1,1,15
22,3,25,26,22,22,0,2,7,7,0,2,2,7,0,2,5,1,13
22,3,25,26,22,22,0,2,8,8,0,2,2,8,0,2,6,1,11
22,3,25,26,22,22,0,2,9,9,0,2,2,9,0,2,7,1,14
22,3,25,26,22,22,0,2,10,10,0,2,2,10,0,2,8,1,13
22,3,25,26,22,22,0,2,11,10,1,2,2,10,1,2,8,1,12
22,3,25,26,22,22,0,2,12,9,1,2,2,9,1,2,7,1,11
22,3,25,26,22,22,0,2,13,8,1,2,1,8,1,2,1,1,16
22,3,25,26,22,22,0,2,14,7,1,2,2,7,1,2,5,1,10
22,3,25,26,22,22,0,2,15,6,1,2,2,15,0,2,13,1,12
22,3,25,26,22,22,0,2,16,5,1,2,2,16,0,2,14,1,14
22,3,25,26,22,22,0,2,17,4,1,2,2,4,1,2,2,1,14
22,3,25,26,22,22,0,2,18,18,0,2,2,18,0,2,16,1,13
22,3,25,26,22,22,0,2,19,19,0,2,2,19,0,2,17,1,15
22,3,25,26,22,22,0,2,20,20,0,2,2,20,0,2,18,1,16
22,4,26,27,22,4,0,2,1,22,0,1,1,22,0,1,1,1,20
22,4,26,27,22,4,0,2,2,22,0,1,3,22,0,1,19,2,16
22,4,26,27,22,22,0,2,1,4,0,1,1,4,0,1,1,1,20
22,4,26,27,22,22,0,2,2,19,1,2,2,19,1,2,17,1,7
22,4,26,27,22,22,0,2,3,4,0,1,1,4,0,1,1,1,16
22,4,26,27,22,22,0,2,4,4,0,1,1,4,0,1,1,1,10
22,4,26,27,22,22,0,2,5,5,0,2,2,5,0,2,2,2,5
22,4,26,27,22,22,0,2,6,4,0,1,1,4,0,1,1,1,13
22,4,26,27,22,22,0,2,7,4,0,1,1,4,0,1,1,1,10
22,4,26,27,22,22,0,2,8,8,0,2,2,8,0,2,2,2,6
22,4,26,27,22,22,0,2,9,9,0,2,2,12,1,2,10,1,7
22,4,26,27,22,22,0,2,10,4,0,1,1,4,0,1,1,1,10
22,4,26,27,22,22,0,2,11,4,0,1,1,4,0,1,1,1,10
22,4,26,27,22,22,0,2,12,9,1,2,2,12,0,2,10,1,5
22,4,26,27,22,22,0,2,13,4,0,1,1,4,0,1,1,1,14
22,4,26,27,22,22,0,2,14,4,0,1,1,4,0,1,1,1,8
22,4,26,27,22,22,0,2,15,6,1,2,2,15,0,2,13,1,6
22,4,26,27,22,22,0,2,16,5,1,2,2,16,0,2,14,1,10
22,4,26,27,22,22,0,2,17,4,1,2,2,4,1,2,2,1,10
22,4,26,27,22,22,0,2,18,18,0,2,2,18,0,2,16,1,5
22,4,26,27,22,22,0,2,19,19,0,2,2,19,0,2,17,1,9
22,4,26,27,22,22,0,2,20,4,0,1,1,4,0,1,1,1,13
22,5,27,28,22,5,0,2,1,3,1,2,1,3,1,2,1,1,21
22,5,27,28,22,5,0,2,2,22,0,1,1,22,0,1,1,1,13
22,5,27,28,22,5,0,2,3,22,0,1,1,22,0,1,1,1,20
22,5,27,28,22,22,0,2,1,5,0,1,1,5,0,1,1,1,21
22,5,27,28,22,22,0,2,2,5,0,1,2,19,1,2,17,1,11
22,5,27,28,22,22,0,2,3,5,0,1,2,5,0,1,3,1,18
22,5,27,28,22,22,0,2,4,4,0,2,2,4,0,2,2,1,17
22,5,27,28,22,22,0,2,5,5,0,1,2,5,0,2,3,1,17
22,5,27,28,22,22,0,2,6,5,0,1,2,5,0,1,3,1,18
22,5,27,28,22,22,0,2,7,5,0,1,2,7,0,2,5,1,17
22,5,27,28,22,22,0,2,8,5,0,1,2,8,0,2,6,1,16
22,5,27,28,22,22,0,2,9,5,0,1,2,9,0,2,7,1,16
22,5,27,28,22,22,0,2,10,5,0,1,2,10,0,2,1,1,18
22,5,27,28,22,22,0,2,11,5,0,1,2,10,1,2,1,1,16
22,5,27,28,22,22,0,2,12,5,0,1,2,9,1,2,1,1,16
22,5,27,28,22,22,0,2,13,5,0,1,2,8,1,2,1,1,18
22,5,27,28,22,22,0,2,14,5,0,1,2,5,0,1,3,1,18
22,5,27,28,22,22,0,2,15,5,0,1,2,6,1,2,1,1,17
22,5,27,28,22,22,0,2,16,5,0,1,2,5,1,2,1,1,17
22,5,27,28,22,22,0,2,17,4,1,2,1,4,1,2,1,1,17
22,5,27,28,22,22,0,2,18,3,1,2,1,3,1,2,1,1,17
22,5,27,28,22,22,0,2,19,5,0,1,2,19,0,2,17,1,17
22,5,27,28,22,22,0,2,20,5,0,1,2,20,0,2,18,1,18
22,6,28,29,22,6,0,2,1,4,1,2,1,4,1,2,1,1,21
22,6,28,29,22,6,0,2,2,22,0,1,2,22,0,1,20,1,17
22,6,28,29,22,6,0,2,3,22,0,1,1,22,0,1,1,1,20
22,6,28,29,22,6,0,2,4,4,0,2,2,4,0,2,2,1,19
22,6,28,29,22,22,0,2,1,6,0,1,1,6,0,1,5,0,23
22,6,28,29,22,22,0,2,2,6,0,1,3,19,1,2,17,1,16
22,6,28,29,22,22,0,2,3,6,0,1,1,6,0,1,1,1,17
22,6,28,29,22,22,0,2,4,4,0,2,2,4,0,2,2,1,18
22,6,28,29,22,22,0,2,5,5,0,2,2,16,1,2,14,1,14
22,6,28,29,22,22,0,2,6,6,0,1,1,6,0,1,1,1,9
22,6,28,29,22,22,0,2,7,6,0,1,2,7,0,2,5,1,17
22,6,28,29,22,22,0,2,8,6,0,1,3,8,0,2,6,1,14
22,6,28,29,22,22,0,2,9,6,0,1,2,9,0,2,7,1,12
22,6,28,29,22,22,0,2,10,6,0,1,2,10,0,2,8,1,13
22,6,28,29,22,22,0,2,11,6,0,1,3,10,1,2,8,1,13
22,6,28,29,22,22,0,2,12,6,0,1,2,9,1,2,7,1,14
22,6,28,29,22,22,0,2,13,6,0,1,3,13,0,2,11,1,10
22,6,28,29,22,22,0,2,14,6,0,1,2,7,1,2,5,1,15
22,6,28,29,22,22,0,2,15,6,0,1,2,6,1,2,4,1,10
22,6,28,29,22,22,0,2,16,5,1,2,2,16,0,2,14,1,12
22,6,28,29,22,22,0,2,17,4,1,2,2,4,1,2,2,1,14
22,6,28,29,22,22,0,2,18,6,0,1,2,18,0,2,16,1,13
22,6,28,29,22,22,0,2,19,6,0,1,3,19,0,2,17,1,15
22,6,28,29,22,22,0,2,20,6,0,1,3,20,0,2,18,1,15
22,7,29,30,22,7,0,2,1,5,1,2,1,5,1,2,1,1,23
22,7,29,30,22,7,0,2,2,4,1,2,2,4,1,2,2,1,13
22,7,29,30,22,7,0,2,3,3,1,2,1,3,1,2,1,1,21
22,7,29,30,22,7,0,2,4,4,0,2,2,4,0,2,2,1,21
22,7,29,30,22,7,0,2,5,5,0,2,2,5,0,2,3,1,20
22,7,29,30,22,22,0,2,1,7,0,1,1,7,0,1,1,1,23
22,7,29,30,22,22,0,2,2,7,0,1,1,7,0,1,1,1,14
22,7,29,30,22,22,0,2,3,7,0,1,1,7,0,1,1,1,21
22,7,29,30,22,22,0,2,4,4,0,2,2,4,0,2,2,1,20
22,7,29,30,22,22,0,2,5,5,0,2,2,5,0,2,3,1,19
22,7,29,30,22,22,0,2,6,6,0,2,1,6,0,2,1,1,22
22,7,29,30,22,22,0,2,7,7,0,1,1,7,0,1,1,1,20
22,7,29,30,22,22,0,2,8,7,0,1,2,7,0,1,5,1,18
22,7,29,30,22,22,0,2,9,7,0,1,1,7,0,1,1,1,21
22,7,29,30,22,22,0,2,10,7,0,1,2,7,0,1,5,1,19
22,7,29,30,22,22,0,2,11,7,0,1,2,7,0,1,5,1,18
22,7,29,30,22,22,0,2,12,7,0,1,1,7,0,1,1,1,20
22,7,29,30,22,22,0,2,13,7,0,1,2,7,0,1,5,1,17
22,7,29,30,22,22,0,2,14,7,0,1,2,7,0,1,5,1,19
22,7,29,30,22,22,0,2,15,6,1,2,1,6,1,2,1,1,20
22,7,29,30,22,22,0,2,16,5,1,2,1,5,1,2,1,1,18
22,7,29,30,22,22,0,2,17,4,1,2,1,4,1,2,1,1,20
22,7,29,30,22,22,0,2,18,3,1,2,1,3,1,2,1,1,20
22,7,29,30,22,22,0,2,19,7,0,1,1,7,0,1,1,1,20
22,7,29,30,22,22,0,2,20,7,0,1,2,7,0,1,5,1,20
22,8,30,31,22,8,0,2,1,6,1,2,1,6,1,2,1,1,24
22,8,30,31,22,8,0,2,2,5,1,2,2,22,0,1,20,1,19
22,8,30,31,22,8,0,2,3,4,1,2,1,4,1,2,1,1,21
22,8,30,31,22,8,0,2,4,3,1,2,1,3,1,2,1,1,22
22,8,30,31,22,8,0,2,5,5,0,2,2,5,0,2,3,1,12
22,8,30,31,22,8,0,2,6,6,0,2,2,6,0,2,4,1,21
22,8,30,31,22,22,0,2,1,8,0,1,2,8,0,1,6,1,23
22,8,30,31,22,22,0,2,2,8,0,1,2,19,1,2,17,1,19
22,8,30,31,22,22,0,2,3,8,0,1,2,18,1,2,1,1,19
22,8,30,31,22,22,0,2,4,4,0,2,2,4,0,2,2,1,20
22,8,30,31,22,22,0,2,5,5,0,2,2,5,0,2,3,1,11
22,8,30,31,22,22,0,2,6,6,0,2,2,6,0,2,4,1,18
22,8,30,31,22,22,0,2,7,7,0,2,2,7,0,2,5,1,19
22,8,30,31,22,22,0,2,8,8,0,1,2,8,0,2,6,1,11
22,8,30,31,22,22,0,2,9,8,0,1,2,9,0,2,7,1,18
22,8,30,31,22,22,0,2,10,8,0,1,2,10,0,2,8,1,15
22,8,30,31,22,22,0,2,11,8,0,1,2,11,0,2,9,1,13
22,8,30,31,22,22,0,2,12,8,0,1,2,9,1,2,1,1,18
22,8,30,31,22,22,0,2,13,8,0,1,2,8,1,2,6,1,12
22,8,30,31,22,22,0,2,14,7,1,2,2,14,0,2,12,1,12
22,8,30,31,22,22,0,2,15,6,1,2,1,6,1,2,1,1,19
22,8,30,31,22,22,0,2,16,5,1,2,2,5,1,2,2,2,9
22,8,30,31,22,22,0,2,17,4,1,2,2,4,1,2,2,1,14
22,8,30,31,22,22,0,2,18,3,1,2,1,3,1,2,1,1,19
22,8,30,31,22,22,0,2,19,8,0,1,2,19,0,2,17,1,13
22,8,30,31,22,22,0,2,20,8,0,1,2,20,0,2,18,1,17
22,9,31,32,22,9,0,2,1,7,1,2,1,7,1,2,1,1,25
22,9,31,32,22,9,0,2,2,6,1,2,2,22,0,1,1,1,11
22,9,31,32,22,9,0,2,3,5,1,2,1,5,1,2,1,1,22
22,9,31,32,22,9,0,2,4,4,0,2,2,4,0,2,2,1,23
22,9,31,32,22,9,0,2,5,5,0,2,2,5,0,2,3,1,18
22,9,31,32,22,9,0,2,6,6,0,2,2,6,0,2,4,1,22
22,9,31,32,22,9,0,2,7,7,0,2,2,7,0,2,5,1,23
22,9,31,32,22,22,0,2,1,9,0,1,1,9,0,1,1,1,25
22,9,31,32,22,22,0,2,2,9,0,1,1,9,0,1,1,1,12
22,9,31,32,22,22,0,2,3,9,0,1,1,9,0,1,1,1,23
22,9,31,32,22,22,0,2,4,4,0,2,2,4,0,2,2,1,22
22,9,31,32,22,22,0,2,5,5,0,2,2,5,0,2,3,1,18
22,9,31,32,22,22,0,2,6,6,0,2,2,6,0,2,4,1,22
22,9,31,32,22,22,0,2,7,7,0,2,2,7,0,2,5,1,20
22,9,31,32,22,22,0,2,8,8,0,2,2,8,0,2,6,1,19
22,9,31,32,22,22,0,2,9,9,0,1,2,9,0,2,7,1,21
22,9,31,32,22,22,0,2,10,9,0,1,2,9,0,1,7,1,20
22,9,31,32,22,22,0,2,11,9,0,1,2,9,0,1,7,1,21
22,9,31,32,22,22,0,2,12,9,0,1,2,9,1,2,7,1,16
22,9,31,32,22,22,0,2,13,8,1,2,1,8,1,2,1,1,22
22,9,31,32,22,22,0,2,14,7,1,2,2,7,1,2,5,1,17
22,9,31,32,22,22,0,2,15,6,1,2,2,6,1,2,4,1,16
22,9,31,32,22,22,0,2,16,5,1,2,1,5,1,2,1,1,22
22,9,31,32,22,22,0,2,17,4,1,2,2,4,1,2,2,1,19
22,9,31,32,22,22,0,2,18,9,0,1,2,18,0,2,16,1,19
22,9,31,32,22,22,0,2,19,9,0,1,2,9,0,1,7,1,22
22,9,31,32,22,22,0,2,20,9,0,1,2,9,0,1,7,1,23
22,10,32,33,22,10,0,2,1,8,1,2,1,8,1,2,1,1,26
22,10,32,33,22,10,0,2,2,7,1,2,2,7,1,2,5,1,19
22,10,32,33,22,10,0,2,3,6,1,2,1,6,1,2,1,1,23
22,10,32,33,22,10,0,2,4,4,0,2,2,4,0,2,2,1,24
22,10,32,33,22,10,0,2,5,4,1,2,2,4,1,2,2,1,13
22,10,32,33,22,10,0,2,6,3,1,2,1,3,1,2,1,1,22
22,10,32,33,22,10,0,2,7,7,0,2,2,7,0,2,5,1,21
22,10,32,33,22,10,0,2,8,8,0,2,2,8,0,2,6,1,19
22,10,32,33,22,22,0,2,1,10,0,1,1,10,0,1,9,0,28
22,10,32,33,22,22,0,2,2,10,0,1,2,19,1,2,17,1,18
22,10,32,33,22,22,0,2,3,10,0,1,1,10,0,1,1,1,23
22,10,32,33,22,22,0,2,4,4,0,2,2,4,0,2,2,1,23
22,10,32,33,22,22,0,2,5,5,0,2,2,5,0,2,3,1,12
22,10,32,33,22,22,0,2,6,6,0,2,2,6,0,2,4,1,20
22,10,32,33,22,22,0,2,7,7,0,2,2,7,0,2,5,1,19
22,10,32,33,22,22,0,2,8,8,0,2,2,8,0,2,6,1,15
22,10,32,33,22,22,0,2,9,9,0,2,2,9,0,2,7,1,18
22,10,32,33,22,22,0,2,10,10,0,1,2,10,0,2,8,1,15
22,10,32,33,22,22,0,2,11,10,0,1,2,10,1,2,8,1,17
22,10,32,33,22,22,0,2,12,9,1,2,2,9,1,2,7,1,15
22,10,32,33,22,22,0,2,13,8,1,2,2,10,0,1,8,1,17
22,10,32,33,22,22,0,2,14,7,1,2,2,7,1,2,5,1,20
22,10,32,33,22,22,0,2,15,6,1,2,2,15,0,2,13,1,14
22,10,32,33,22,22,0,2,16,5,1,2,2,16,0,2,14,1,18
22,10,32,33,22,22,0,2,17,4,1,2,2,4,1,2,2,1,17
22,10,32,33,22,22,0,2,18,10,0,1,2,18,0,2,16,1,17
22,10,32,33,22,22,0,2,19,10,0,1,2,19,0,2,17,1,21
22,10,32,33,22,22,0,2,20,10,0,1,2,20,0,2,18,1,20
22,11,33,34,22,11,0,2,1,9,1,2,1,9,1,2,1,1,27
22,11,33,34,22,11,0,2,2,8,1,2,2,8,1,2,6,1,17
22,11,33,34,22,11,0,2,3,7,1,2,1,7,1,2,1,1,25
22,11,33,34,22,11,0,2,4,4,0,2,2,4,0,2,2,1,24
22,11,33,34,22,11,0,2,5,5,0,2,2,5,0,2,3,1,23
22,11,33,34,22,11,0,2,6,4,1,2,1,4,1,2,1,1,25
22,11,33,34,22,11,0,2,7,3,1,2,1,3,1,2,1,1,24
22,11,33,34,22,11,0,2,8,8,0,2,2,8,0,2,6,1,23
22,11,33,34,22,11,0,2,9,9,0,2,2,9,0,2,7,1,26
22,11,33,34,22,22,0,2,1,11,0,1,1,11,0,1,1,1,27
22,11,33,34,22,22,0,2,2,11,0,1,1,11,0,1,1,1,18
22,11,33,34,22,22,0,2,3,11,0,1,2,11,0,1,9,1,24
22,11,33,34,22,22,0,2,4,4,0,2,2,4,0,2,2,1,25
22,11,33,34,22,22,0,2,5,5,0,2,2,5,0,2,3,1,21
22,11,33,34,22,22,0,2,6,6,0,2,2,6,0,2,4,1,24
22,11,33,34,22,22,0,2,7,7,0,2,2,7,0,2,5,1,24
22,11,33,34,22,22,0,2,8,8,0,2,2,8,0,2,6,1,20
22,11,33,34,22,22,0,2,9,9,0,2,2,9,0,2,7,1,23
22,11,33,34,22,22,0,2,10,10,0,2,2,10,0,2,8,1,24
22,11,33,34,22,22,0,2,11,10,1,2,1,10,1,2,1,1,20
22,11,33,34,22,22,0,2,12,9,1,2,1,9,1,2,1,1,24
22,11,33,34,22,22,0,2,13,8,1,2,1,8,1,2,1,1,21
22,11,33,34,22,22,0,2,14,7,1,2,1,7,1,2,1,1,22
22,11,33,34,22,22,0,2,15,6,1,2,1,6,1,2,1,1,24
22,11,33,34,22,22,0,2,16,5,1,2,1,5,1,2,1,1,22
22,11,33,34,22,22,0,2,17,4,1,2,1,4,1,2,1,1,25
22,11,33,34,22,22,0,2,18,3,1,2,1,3,1,2,1,1,25
22,11,33,34,22,22,0,2,19,11,0,1,2,11,0,1,9,1,24
22,11,33,34,22,22,0,2,20,11,0,1,1,11,0,1,1,1,26
22,12,34,35,22,12,0,2,1,10,1,2,1,22,0,1,21,0,29
22,12,34,35,22,12,0,2,2,9,1,2,2,9,1,2,7,1,24
22,12,34,35,22,12,0,2,3,8,1,2,1,8,1,2,1,1,26
22,12,34,35,22,12,0,2,4,4,0,2,2,4,0,2,2,1,25
22,12,34,35,22,12,0,2,5,5,0,2,2,5,0,2,3,1,21
22,12,34,35,22,12,0,2,6,5,1,2,1,5,1,2,1,1,26
22,12,34,35,22,12,0,2,7,4,1,2,1,4,1,2,1,1,24
22,12,34,35,22,12,0,2,8,8,0,2,2,8,0,2,6,1,22
22,12,34,35,22,12,0,2,9,9,0,2,2,9,0,2,7,1,24
22,12,34,35,22,12,0,2,10,10,0,2,2,10,0,2,8,1,23
22,12,34,35,22,22,0,2,1,12,0,1,1,12,0,1,1,1,28
22,12,34,35,22,22,0,2,2,12,0,1,2,12,0,1,10,1,24
22,12,34,35,22,22,0,2,3,12,0,1,1,12,0,1,1,1,26
22,12,34,35,22,22,0,2,4,4,0,2,2,4,0,2,2,1,26
22,12,34,35,22,22,0,2,5,5,0,2,2,5,0,2,3,1,19
22,12,34,35,22,22,0,2,6,6,0,2,2,6,0,2,4,1,26
22,12,34,35,22,22,0,2,7,7,0,2,2,7,0,2,5,1,22
22,12,34,35,22,22,0,2,8,8,0,2,2,8,0,2,6,1,19
22,12,34,35,22,22,0,2,9,9,0,2,2,9,0,2,7,1,23
22,12,34,35,22,22,0,2,10,10,0,2,2,10,0,2,8,1,19
22,12,34,35,22,22,0,2,11,10,1,2,2,10,1,2,8,1,18
22,12,34,35,22,22,0,2,12,9,1,2,2,12,0,1,10,1,21
22,12,34,35,22,22,0,2,13,8,1,2,2,8,1,2,6,1,20
22,12,34,35,22,22,0,2,14,7,1,2,2,7,1,2,5,1,20
22,12,34,35,22,22,0,2,15,6,1,2,1,6,1,2,1,1,23
22,12,34,35,22,22,0,2,16,5,1,2,2,16,0,2,14,1,19
22,12,34,35,22,22,0,2,17,4,1,2,2,4,1,2,2,1,23
22,12,34,35,22,22,0,2,18,3,1,2,1,3,1,2,1,1,22
22,12,34,35,22,22,0,2,19,12,0,1,2,19,0,2,17,1,23
22,12,34,35,22,22,0,2,20,12,0,1,2,20,0,2,18,1,23
22,13,35,36,22,13,0,2,1,11,1,2,1,11,1,2,1,1,29
22,13,35,36,22,13,0,2,2,10,1,2,2,10,1,2,8,1,19
22,13,35,36,22,13,0,2,3,9,1,2,1,9,1,2,1,1,27
22,13,35,36,22,13,0,2,4,4,0,2,2,4,0,2,2,1,27
22,13,35,36,22,13,0,2,5,5,0,2,2,5,0,2,3,1,25
22,13,35,36,22,13,0,2,6,6,0,2,2,6,0,2,4,1,27
22,13,35,36,22,13,0,2,7,5,1,2,1,5,1,2,1,1,26
22,13,35,36,22,13,0,2,8,4,1,2,1,4,1,2,1,1,26
22,13,35,36,22,13,0,2,9,3,1,2,1,3,1,2,1,1,27
22,13,35,36,22,13,0,2,10,10,0,2,2,10,0,2,8,1,26
22,13,35,36,22,13,0,2,11,11,0,2,2,11,0,2,9,1,27
22,13,35,36,22,22,0,2,1,13,0,1,1,13,0,1,1,1,29
22,13,35,36,22,22,0,2,2,13,0,1,1,13,0,1,1,1,18
22,13,35,36,22,22,0,2,3,3,0,2,1,3,0,2,1,1,28
22,13,35,36,22,22,0,2,4,4,0,2,2,4,0,2,2,1,27
22,13,35,36,22,22,0,2,5,5,0,2,2,5,0,2,3,1,23
22,13,35,36,22,22,0,2,6,6,0,2,1,6,0,2,1,1,28
22,13,35,36,22,22,0,2,7,7,0,2,2,7,0,2,5,1,26
22,13,35,36,22,22,0,2,8,8,0,2,2,8,0,2,6,1,24
22,13,35,36,22,22,0,2,9,9,0,2,1,9,0,2,1,1,28
22,13,35,36,22,22,0,2,10,10,0,2,2,10,0,2,8,1,26
22,13,35,36,22,22,0,2,11,10,1,2,2,10,1,2,8,1,26
22,13,35,36,22,22,0,2,12,9,1,2,1,9,1,2,1,1,26
22,13,35,36,22,22,0,2,13,8,1,2,1,8,1,2,1,1,26
22,13,35,36,22,22,0,2,14,7,1,2,1,7,1,2,1,1,26
22,13,35,36,22,22,0,2,15,6,1,2,1,6,1,2,1,1,23
22,13,35,36,22,22,0,2,16,5,1,2,1,5,1,2,1,1,26
22,13,35,36,22,22,0,2,17,4,1,2,1,4,1,2,1,1,26
22,13,35,36,22,22,0,2,18,3,1,2,1,3,1,2,1,1,24
22,13,35,36,22,22,0,2,19,13,0,1,2,13,0,1,11,1,26
22,13,35,36,22,22,0,2,20,13,0,1,2,13,0,1,11,1,28
22,14,36,37,22,14,0,2,1,12,1,2,1,12,1,2,1,1,30
22,14,36,37,22,14,0,2,2,11,1,2,2,11,1,2,9,1,23
22,14,36,37,22,14,0,2,3,10,1,2,1,10,1,2,1,1,27
22,14,36,37,22,14,0,2,4,4,0,2,2,4,0,2,2,1,28
22,14,36,37,22,14,0,2,5,5,0,2,2,5,0,2,3,1,16
22,14,36,37,22,14,0,2,6,6,0,2,2,6,0,2,4,1,26
22,14,36,37,22,14,0,2,7,6,1,2,2,6,1,2,4,1,22
22,14,36,37,22,14,0,2,8,5,1,2,2,8,0,2,6,1,19
22,14,36,37,22,14,0,2,9,4,1,2,2,4,1,2,2,1,21
22,14,36,37,22,14,0,2,10,10,0,2,2,10,0,2,8,1,22
22,14,36,37,22,14,0,2,11,11,0,2,2,11,0,2,9,1,23
22,14,36,37,22,14,0,2,12,12,0,2,2,12,0,2,10,1,24
22,14,36,37,22,22,0,2,1,14,0,1,1,14,0,1,1,1,30
22,14,36,37,22,22,0,2,2,14,0,1,2,19,1,2,17,1,21
22,14,36,37,22,22,0,2,3,14,0,1,2,14,0,1,12,1,27
22,14,36,37,22,22,0,2,4,4,0,2,2,4,0,2,2,1,26
22,14,36,37,22,22,0,2,5,5,0,2,2,5,0,2,3,1,16
22,14,36,37,22,22,0,2,6,6,0,2,2,6,0,2,4,1,25
22,14,36,37,22,22,0,2,7,7,0,2,2,7,0,2,5,1,21
22,14,36,37,22,22,0,2,8,8,0,2,2,8,0,2,6,1,21
22,14,36,37,22,22,0,2,9,9,0,2,2,9,0,2,7,1,22
22,14,36,37,22,22,0,2,10,10,0,2,2,10,0,2,8,1,21
22,14,36,37,22,22,0,2,11,10,1,2,2,10,1,2,8,1,22
22,14,36,37,22,22,0,2,12,9,1,2,2,9,1,2,7,1,20
22,14,36,37,22,22,0,2,13,8,1,2,2,8,1,2,6,1,19
22,14,36,37,22,22,0,2,14,7,1,2,3,14,0,2,12,1,18
22,14,36,37,22,22,0,2,15,6,1,2,2,6,1,2,4,1,20
22,14,36,37,22,22,0,2,16,5,1,2,2,5,1,2,2,2,19
22,14,36,37,22,22,0,2,17,14,0,1,2,17,0,2,15,1,14
22,14,36,37,22,22,0,2,18,14,0,1,2,18,0,2,16,1,22
22,14,36,37,22,22,0,2,19,14,0,1,2,14,0,1,2,2,19
22,14,36,37,22,22,0,2,20,14,0,1,2,20,0,2,18,1,20
22,15,37,38,22,15,0,2,1,13,1,2,1,13,1,2,1,1,31
22,15,37,38,22,15,0,2,2,12,1,2,2,12,1,2,10,1,17
22,15,37,38,22,15,0,2,3,11,1,2,1,11,1,2,1,1,29
22,15,37,38,22,15,0,2,4,4,0,2,2,4,0,2,2,1,29
22,15,37,38,22,15,0,2,5,5,0,2,2,5,0,2,3,1,24
22,15,37,38,22,15,0,2,6,6,0,2,2,6,0,2,4,1,28
22,15,37,38,22,15,0,2,7,7,0,2,2,7,0,2,5,1,28
22,15,37,38,22,15,0,2,8,6,1,2,2,6,1,2,4,1,26
22,15,37,38,22,15,0,2,9,5,1,2,1,5,1,2,1,1,28
22,15,37,38,22,15,0,2,10,4,1,2,1,4,1,2,1,1,28
22,15,37,38,22,15,0,2,11,11,0,2,2,11,0,2,9,1,26
22,15,37,38,22,15,0,2,12,12,0,2,2,12,0,2,10,1,28
22,15,37,38,22,15,0,2,13,13,0,2,2,13,0,2,11,1,29
22,15,37,38,22,22,0,2,1,15,0,1,1,15,0,1,1,1,31
22,15,37,38,22,22,0,2,2,15,0,1,1,15,0,1,1,1,19
22,15,37,38,22,22,0,2,3,15,0,1,1,15,0,1,1,1,29
22,15,37,38,22,22,0,2,4,4,0,2,2,4,0,2,2,1,28
22,15,37,38,22,22,0,2,5,5,0,2,2,5,0,2,3,1,26
22,15,37,38,22,22,0,2,6,6,0,2,2,6,0,2,4,1,29
22,15,37,38,22,22,0,2,7,7,0,2,2,7,0,2,5,1,28
22,15,37,38,22,22,0,2,8,8,0,2,2,8,0,2,6,1,27
22,15,37,38,22,22,0,2,9,9,0,2,2,9,0,2,7,1,25
22,15,37,38,22,22,0,2,10,10,0,2,2,10,0,2,8,1,28
22,15,37,38,22,22,0,2,11,10,1,2,1,10,1,2,1,1,27
22,15,37,38,22,22,0,2,12,9,1,2,2,9,1,2,7,1,26
22,15,37,38,22,22,0,2,13,8,1,2,1,8,1,2,1,1,28
22,15,37,38,22,22,0,2,14,7,1,2,1,7,1,2,1,1,28
22,15,37,38,22,22,0,2,15,6,1,2,2,6,1,2,4,1,27
22,15,37,38,22,22,0,2,16,5,1,2,1,5,1,2,1,1,28
22,15,37,38,22,22,0,2,17,4,1,2,1,4,1,2,1,1,27
22,15,37,38,22,22,0,2,18,15,0,1,2,15,0,1,13,1,27
22,15,37,38,22,22,0,2,19,15,0,1,1,15,0,1,1,1,29
22,15,37,38,22,22,0,2,20,15,0,1,2,15,0,1,13,1,29
22,16,38,39,22,16,0,2,1,14,1,2,1,14,1,2,1,1,32
22,16,38,39,22,16,0,2,2,13,1,2,2,13,1,2,11,1,24
22,16,38,39,22,16,0,2,3,12,1,2,1,12,1,2,1,1,30
22,16,38,39,22,16,0,2,4,4,0,2,2,4,0,2,2,1,30
22,16,38,39,22,16,0,2,5,5,0,2,2,5,0,2,3,1,20
22,16,38,39,22,16,0,2,6,6,0,2,2,6,0,2,4,1,28
22,16,38,39,22,16,0,2,7,7,0,2,2,7,0,2,5,1,25
22,16,38,39,22,16,0,2,8,7,1,2,2,7,1,2,5,1,21
22,16,38,39,22,16,0,2,9,6,1,2,2,6,1,2,4,1,27
22,16,38,39,22,16,0,2,10,5,1,2,2,10,0,2,8,1,25
22,16,38,39,22,16,0,2,11,4,1,2,2,4,1,2,2,1,24
22,16,38,39,22,16,0,2,12,12,0,2,2,12,0,2,10,1,27
22,16,38,39,22,16,0,2,13,13,0,2,2,13,0,2,11,1,27
22,16,38,39,22,16,0,2,14,14,0,2,2,14,0,2,12,1,26
22,16,38,39,22,22,0,2,1,16,0,1,1,16,0,1,15,0,33
22,16,38,39,22,22,0,2,2,16,0,1,2,19,1,2,17,1,26
22,16,38,39,22,22,0,2,3,16,0,1,2,16,0,1,14,1,29
22,16,38,39,22,22,0,2,4,4,0,2,2,4,0,2,2,1,29
22,16,38,39,22,22,0,2,5,5,0,2,2,5,0,2,3,1,23
22,16,38,39,22,22,0,2,6,6,0,2,2,6,0,2,4,1,28
22,16,38,39,22,22,0,2,7,7,0,2,2,7,0,2,5,1,27
22,16,38,39,22,22,0,2,8,8,0,2,2,8,0,2,6,1,24
22,16,38,39,22,22,0,2,9,9,0,2,2,9,0,2,7,1,26
22,16,38,39,22,22,0,2,10,10,0,2,2,10,0,2,8,1,25
22,16,38,39,22,22,0,2,11,10,1,2,2,10,1,2,8,1,24
22,16,38,39,22,22,0,2,12,9,1,2,2,9,1,2,7,1,24
22,16,38,39,22,22,0,2,13,8,1,2,2,8,1,2,6,1,25
22,16,38,39,22,22,0,2,14,7,1,2,2,7,1,2,5,1,25
22,16,38,39,22,22,0,2,15,6,1,2,2,6,1,2,4,1,24
22,16,38,39,22,22,0,2,16,5,1,2,2,16,0,2,14,1,25
22,16,38,39,22,22,0,2,17,4,1,2,2,4,1,2,2,1,28
22,16,38,39,22,22,0,2,18,16,0,1,2,18,0,2,16,1,23
22,16,38,39,22,22,0,2,19,16,0,1,2,19,0,2,17,1,27
22,16,38,39,22,22,0,2,20,16,0,1,2,16,0,1,2,2,27
22,17,39,40,22,17,0,2,1,15,1,2,1,22,0,1,21,0,34
22,17,39,40,22,17,0,2,2,14,1,2,2,14,1,2,12,1,28
22,17,39,40,22,17,0,2,3,13,1,2,1,13,1,2,1,1,31
22,17,39,40,22,17,0,2,4,4,0,2,2,4,0,2,2,1,31
22,17,39,40,22,17,0,2,5,5,0,2,2,5,0,2,3,1,29
22,17,39,40,22,17,0,2,6,6,0,2,2,6,0,2,4,1,31
22,17,39,40,22,17,0,2,7,7,0,2,2,7,0,2,5,1,30
22,17,39,40,22,17,0,2,8,8,0,2,2,8,0,2,6,1,29
22,17,39,40,22,17,0,2,9,7,1,2,1,7,1,2,1,1,31
22,17,39,40,22,17,0,2,10,6,1,2,1,6,1,2,1,1,30
22,17,39,40,22,17,0,2,11,5,1,2,1,5,1,2,1,1,29
22,17,39,40,22,17,0,2,12,4,1,2,1,4,1,2,1,1,31
22,17,39,40,22,17,0,2,13,3,1,2,1,3,1,2,1,1,30
22,17,39,40,22,17,0,2,14,14,0,2,2,14,0,2,12,1,29
22,17,39,40,22,17,0,2,15,15,0,2,2,15,0,2,13,1,31
22,17,39,40,22,22,0,2,1,17,0,1,1,17,0,1,1,1,33
22,17,39,40,22,22,0,2,2,17,0,1,1,17,0,1,1,1,29
22,17,39,40,22,22,0,2,3,17,0,1,2,17,0,1,15,1,29
22,17,39,40,22,22,0,2,4,4,0,2,2,4,0,2,2,1,31
22,17,39,40,22,22,0,2,5,5,0,2,2,5,0,2,3,1,30
22,17,39,40,22,22,0,2,6,6,0,2,2,6,0,2,4,1,30
22,17,39,40,22,22,0,2,7,7,0,2,2,7,0,2,5,1,30
22,17,39,40,22,22,0,2,8,8,0,2,2,8,0,2,6,1,29
22,17,39,40,22,22,0,2,9,9,0,2,2,9,0,2,7,1,30
22,17,39,40,22,22,0,2,10,10,0,2,2,10,0,2,8,1,30
22,17,39,40,22,22,0,2,11,10,1,2,1,10,1,2,1,1,29
22,17,39,40,22,22,0,2,12,9,1,2,1,9,1,2,1,1,31
22,17,39,40,22,22,0,2,13,8,1,2,1,8,1,2,1,1,30
22,17,39,40,22,22,0,2,14,7,1,2,1,7,1,2,1,1,29
22,17,39,40,22,22,0,2,15,6,1,2,1,6,1,2,1,1,31
22,17,39,40,22,22,0,2,16,5,1,2,1,5,1,2,1,1,30
22,17,39,40,22,22,0,2,17,4,1,2,1,4,1,2,1,1,31
22,17,39,40,22,22,0,2,18,3,1,2,1,3,1,2,1,1,30
22,17,39,40,22,22,0,2,19,17,0,1,2,17,0,1,15,1,30
22,17,39,40,22,22,0,2,20,17,0,1,1,17,0,1,1,1,32
23,2,25,26,23,23,0,2,1,21,1,2,0,21,1,2,0,0,20
23,2,25,26,23,23,0,2,2,20,1,2,1,20,1,2,1,1,18
23,2,25,26,23,23,0,2,3,19,1,2,1,19,1,2,1,1,17
23,2,25,26,23,23,0,2,4,4,0,2,2,4,0,2,2,1,17
23,2,25,26,23,23,0,2,5,5,0,2,2,5,0,2,3,1,16
23,2,25,26,23,23,0,2,6,6,0,2,2,6,0,2,4,1,17
23,2,25,26,23,23,0,2,7,7,0,2,2,7,0,2,5,1,15
23,2,25,26,23,23,0,2,8,8,0,2,2,8,0,2,6,1,17
23,2,25,26,23,23,0,2,9,9,0,2,2,9,0,2,7,1,16
23,2,25,26,23,23,0,2,10,10,0,2,2,10,0,2,8,1,17
23,2,25,26,23,23,0,2,11,11,0,2,3,11,0,2,9,1,16
23,2,25,26,23,23,0,2,12,10,1,2,2,10,1,2,8,1,17
23,2,25,26,23,23,0,2,13,9,1,2,1,9,1,2,1,1,17
23,2,25,26,23,23,0,2,14,8,1,2,1,8,1,2,1,1,16
23,2,25,26,23,23,0,2,15,7,1,2,1,7,1,2,1,1,16
23,2,25,26,23,23,0,2,16,6,1,2,1,6,1,2,1,1,17
23,2,25,26,23,23,0,2,17,5,1,2,2,17,0,2,15,1,15
23,2,25,26,23,23,0,2,18,4,1,2,1,4,1,2,1,1,17
23,2,25,26,23,23,0,2,19,3,1,2,1,3,1,2,1,1,17
23,2,25,26,23,23,0,2,20,20,0,2,2,20,0,2,18,1,17
23,2,25,26,23,23,0,2,21,21,0,2,2,21,0,2,19,1,18
23,3,26,27,23,3,0,2,1,23,0,1,2,23,0,1,21,1,20
23,3,26,27,23,23,0,2,1,21,1,2,1,21,1,2,1,1,19
23,3,26,27,23,23,0,2,2,20,1,2,2,20,1,2,18,1,12
23,3,26,27,23,23,0,2,3,19,1,2,2,19,1,2,2,2,9
23,3,26,27,23,23,0,2,4,4,0,2,2,4,0,2,2,1,15
23,3,26,27,23,23,0,2,5,5,0,2,2,17,1,2,15,1,10
23,3,26,27,23,23,0,2,6,6,0,2,2,16,1,2,14,1,7
23,3,26,27,23,23,0,2,7,7,0,2,2,7,0,2,5,1,13
23,3,26,27,23,23,0,2,8,8,0,2,2,14,1,2,12,1,8
23,3,26,27,23,23,0,2,9,9,0,2,2,9,0,2,7,1,6
23,3,26,27,23,23,0,2,10,10,0,2,2,10,0,2,8,1,11
23,3,26,27,23,23,0,2,11,11,0,2,2,11,1,2,9,1,9
23,3,26,27,23,23,0,2,12,10,1,2,2,12,0,2,10,1,7
23,3,26,27,23,23,0,2,13,9,1,2,2,9,1,2,7,1,14
23,3,26,27,23,23,0,2,14,8,1,2,2,8,1,2,2,2,6
23,3,26,27,23,23,0,2,15,7,1,2,2,7,1,2,5,1,9
23,3,26,27,23,23,0,2,16,6,1,2,2,6,1,2,4,1,14
23,3,26,27,23,23,0,2,17,5,1,2,2,17,0,2,15,1,7
23,3,26,27,23,23,0,2,18,4,1,2,2,4,1,2,2,1,11
23,3,26,27,23,23,0,2,19,19,0,2,2,19,0,2,17,1,13
23,3,26,27,23,23,0,2,20,20,0,2,2,20,0,2,18,1,10
23,3,26,27,23,23,0,2,21,21,0,2,2,21,0,2,19,1,13
23,4,27,28,23,4,0,2,1,23,0,1,1,23,0,1,1,1,21
23,4,27,28,23,4,0,2,2,23,0,1,2,23,0,1,2,2,14
23,4,27,28,23,23,0,2,1,4,0,1,1,4,0,1,1,1,21
23,4,27,28,23,23,0,2,2,4,0,1,1,4,0,1,1,1,11
23,4,27,28,23,23,0,2,3,4,0,1,1,4,0,1,1,1,17
23,4,27,28,23,23,0,2,4,4,0,1,1,4,0,1,1,1,19
23,4,27,28,23,23,0,2,5,5,0,2,2,5,0,2,2,2,9
23,4,27,28,23,23,0,2,6,4,0,1,1,4,0,1,1,1,17
23,4,27,28,23,23,0,2,7,7,0,2,2,7,0,2,5,1,16
23,4,27,28,23,23,0,2,8,4,0,1,1,4,0,1,1,1,12
23,4,27,28,23,23,0,2,9,4,0,1,1,4,0,1,1,1,18
23,4,27,28,23,23,0,2,10,10,0,2,2,10,0,2,8,1,12
23,4,27,28,23,23,0,2,11,4,0,1,1,4,0,1,1,1,16
23,4,27,28,23,23,0,2,12,4,0,1,1,4,0,1,1,1,14
23,4,27,28,23,23,0,2,13,9,1,2,2,9,1,2,7,1,14
23,4,27,28,23,23,0,2,14,4,0,1,1,4,0,1,1,1,17
23,4,27,28,23,23,0,2,15,7,1,2,2,7,1,2,5,1,10
23,4,27,28,23,23,0,2,16,6,1,2,2,6,1,2,4,1,14
23,4,27,28,23,23,0,2,17,4,0,1,1,4,0,1,1,1,17
23,4,27,28,23,23,0,2,18,4,1,2,2,4,1,2,2,1,13
23,4,27,28,23,23,0,2,19,19,0,2,2,19,0,2,17,1,15
23,4,27,28,23,23,0,2,20,20,0,2,2,20,0,2,18,1,17
23,4,27,28,23,23,0,2,21,4,0,1,1,4,0,1,1,1,19
23,5,28,29,23,5,0,2,1,3,1,2,0,3,1,2,0,0,23
23,5,28,29,23,5,0,2,2,23,0,1,2,23,0,1,2,2,17
23,5,28,29,23,5,0,2,3,23,0,1,1,23,0,1,1,1,20
23,5,28,29,23,23,0,2,1,5,0,1,2,21,1,2,0,0,22
23,5,28,29,23,23,0,2,2,5,0,1,2,20,1,2,18,1,17
23,5,28,29,23,23,0,2,3,5,0,1,2,19,1,2,1,1,18
23,5,28,29,23,23,0,2,4,4,0,2,2,4,0,2,2,1,18
23,5,28,29,23,23,0,2,5,5,0,1,2,5,0,2,3,1,10
23,5,28,29,23,23,0,2,6,5,0,1,2,6,0,2,4,1,18
23,5,28,29,23,23,0,2,7,5,0,1,2,7,0,2,5,1,18
23,5,28,29,23,23,0,2,8,5,0,1,2,8,0,2,6,1,12
23,5,28,29,23,23,0,2,9,5,0,1,2,9,0,2,7,1,18
23,5,28,29,23,23,0,2,10,5,0,1,2,10,0,2,8,1,16
23,5,28,29,23,23,0,2,11,5,0,1,2,11,0,2,9,1,16
23,5,28,29,23,23,0,2,12,5,0,1,2,10,1,2,8,1,15
23,5,28,29,23,23,0,2,13,5,0,1,2,13,0,2,11,1,14
23,5,28,29,23,23,0,2,14,5,0,1,2,8,1,2,1,1,18
23,5,28,29,23,23,0,2,15,5,0,1,2,7,1,2,5,1,12
23,5,28,29,23,23,0,2,16,5,0,1,2,6,1,2,1,1,17
23,5,28,29,23,23,0,2,17,5,0,1,2,5,1,2,1,1,18
23,5,28,29,23,23,0,2,18,4,1,2,2,4,1,2,2,1,16
23,5,28,29,23,23,0,2,19,3,1,2,1,3,1,2,1,1,18
23,5,28,29,23,23,0,2,20,5,0,1,2,20,0,2,18,1,18
23,5,28,29,23,23,0,2,21,5,0,1,2,21,0,2,19,1,17
23,6,29,30,23,6,0,2,1,4,1,2,1,4,1,2,1,1,23
23,6,29,30,23,6,0,2,2,23,0,1,1,23,0,1,1,1,15
23,6,29,30,23,6,0,2,3,3,0,2,1,3,0,2,1,1,21
23,6,29,30,23,6,0,2,4,4,0,2,1,4,0,2,1,1,23
23,6,29,30,23,23,0,2,1,6,0,1,1,6,0,1,1,1,23
23,6,29,30,23,23,0,2,2,6,0,1,1,6,0,1,1,1,15
23,6,29,30,23,23,0,2,3,6,0,1,1,6,0,1,1,1,21
23,6,29,30,23,23,0,2,4,4,0,2,2,4,0,2,2,1,21
23,6,29,30,23,23,0,2,5,5,0,2,2,5,0,2,3,1,15
23,6,29,30,23,23,0,2,6,6,0,1,2,6,0,1,4,1,20
23,6,29,30,23,23,0,2,7,6,0,1,1,6,0,1,1,1,21
23,6,29,30,23,23,0,2,8,6,0,1,2,8,0,2,6,1,19
23,6,29,30,23,23,0,2,9,6,0,1,2,9,0,2,7,1,17
23,6,29,30,23,23,0,2,10,6,0,1,2,10,0,2,8,1,18
23,6,29,30,23,23,0,2,11,6,0,1,2,11,0,2,9,1,19
23,6,29,30,23,23,0,2,12,6,0,1,2,10,1,2,1,1,17
23,6,29,30,23,23,0,2,13,6,0,1,2,9,1,2,7,1,16
23,6,29,30,23,23,0,2,14,6,0,1,2,8,1,2,1,1,19
23,6,29,30,23,23,0,2,15,6,0,1,2,7,1,2,1,1,18
23,6,29,30,23,23,0,2,16,6,0,1,2,6,1,2,4,1,15
23,6,29,30,23,23,0,2,17,5,1,2,2,17,0,2,15,1,17
23,6,29,30,23,23,0,2,18,4,1,2,2,4,1,2,2,1,18
23,6,29,30,23,23,0,2,19,6,0,1,2,19,0,2,17,1,18
23,6,29,30,23,23,0,2,20,6,0,1,2,20,0,2,18,1,19
23,6,29,30,23,23,0,2,21,6,0,1,2,21,0,2,19,1,20
23,7,30,31,23,7,0,2,1,5,1,2,1,5,1,2,1,1,24
23,7,30,31,23,7,0,2,2,4,1,2,1,4,1,2,1,1,19
23,7,30,31,23,7,0,2,3,3,1,2,1,3,1,2,1,1,21
23,7,30,31,23,7,0,2,4,4,0,2,2,4,0,2,2,1,22
23,7,30,31,23,7,0,2,5,5,0,2,2,5,0,2,3,1,16
23,7,30,31,23,23,0,2,1,7,0,1,1,7,0,1,1,1,24
23,7,30,31,23,23,0,2,2,7,0,1,2,7,0,1,5,1,18
23,7,30,31,23,23,0,2,3,7,0,1,1,7,0,1,1,1,21
23,7,30,31,23,23,0,2,4,4,0,2,2,4,0,2,2,1,20
23,7,30,31,23,23,0,2,5,5,0,2,2,5,0,2,3,1,14
23,7,30,31,23,23,0,2,6,6,0,2,2,7,0,1,1,1,18
23,7,30,31,23,23,0,2,7,7,0,1,1,7,0,1,1,1,13
23,7,30,31,23,23,0,2,8,7,0,1,2,8,0,2,6,1,13
23,7,30,31,23,23,0,2,9,7,0,1,1,7,0,1,1,1,16
23,7,30,31,23,23,0,2,10,7,0,1,2,10,0,2,8,1,15
23,7,30,31,23,23,0,2,11,7,0,1,2,11,0,2,9,1,13
23,7,30,31,23,23,0,2,12,7,0,1,2,7,0,1,5,1,17
23,7,30,31,23,23,0,2,13,7,0,1,2,9,1,2,1,1,18
23,7,30,31,23,23,0,2,14,7,0,1,2,14,0,2,12,1,12
23,7,30,31,23,23,0,2,15,7,0,1,1,7,0,1,1,1,19
23,7,30,31,23,23,0,2,16,6,1,2,2,6,1,2,4,1,12
23,7,30,31,23,23,0,2,17,5,1,2,2,17,0,2,15,1,15
23,7,30,31,23,23,0,2,18,4,1,2,2,4,1,2,2,1,17
23,7,30,31,23,23,0,2,19,7,0,1,2,19,0,2,17,1,15
23,7,30,31,23,23,0,2,20,7,0,1,2,20,0,2,18,1,17
23,7,30,31,23,23,0,2,21,7,0,1,1,7,0,1,1,1,20
23,8,31,32,23,8,0,2,1,6,1,2,1,6,1,2,1,1,25
23,8,31,32,23,8,0,2,2,5,1,2,2,23,0,1,1,1,18
23,8,31,32,23,8,0,2,3,4,1,2,1,4,1,2,1,1,23
23,8,31,32,23,8,0,2,4,3,1,2,1,3,1,2,1,1,22
23,8,31,32,23,8,0,2,5,5,0,2,2,5,0,2,3,1,22
23,8,31,32,23,8,0,2,6,6,0,2,2,6,0,2,4,1,24
23,8,31,32,23,23,0,2,1,8,0,1,1,8,0,1,1,1,25
23,8,31,32,23,23,0,2,2,8,0,1,2,20,1,2,18,1,16
23,8,31,32,23,23,0,2,3,8,0,1,2,8,0,1,6,1,21
23,8,31,32,23,23,0,2,4,4,0,2,1,4,0,2,1,1,23
23,8,31,32,23,23,0,2,5,5,0,2,2,5,0,2,3,1,19
23,8,31,32,23,23,0,2,6,6,0,2,2,6,0,2,4,1,21
23,8,31,32,23,23,0,2,7,7,0,2,1,7,0,2,1,1,21
23,8,31,32,23,23,0,2,8,8,0,1,2,8,0,2,6,1,19
23,8,31,32,23,23,0,2,9,8,0,1,2,8,0,1,6,1,21
23,8,31,32,23,23,0,2,10,8,0,1,2,10,0,2,1,1,21
23,8,31,32,23,23,0,2,11,8,0,1,2,11,0,2,9,1,19
23,8,31,32,23,23,0,2,12,8,0,1,2,10,1,2,1,1,20
23,8,31,32,23,23,0,2,13,8,0,1,2,8,0,1,6,1,21
23,8,31,32,23,23,0,2,14,8,0,1,2,8,1,2,1,1,20
23,8,31,32,23,23,0,2,15,7,1,2,1,7,1,2,1,1,19
23,8,31,32,23,23,0,2,16,6,1,2,1,6,1,2,1,1,21
23,8,31,32,23,23,0,2,17,5,1,2,1,5,1,2,1,1,20
23,8,31,32,23,23,0,2,18,4,1,2,1,4,1,2,1,1,19
23,8,31,32,23,23,0,2,19,3,1,2,1,3,1,2,1,1,21
23,8,31,32,23,23,0,2,20,8,0,1,2,20,0,2,1,1,21
23,8,31,32,23,23,0,2,21,8,0,1,2,21,0,2,19,1,20
23,9,32,33,23,9,0,2,1,7,1,2,0,7,1,2,0,0,26
23,9,32,33,23,9,0,2,2,6,1,2,2,6,1,2,4,1,19
23,9,32,33,23,9,0,2,3,5,1,2,1,5,1,2,1,1,24
23,9,32,33,23,9,0,2,4,4,0,2,2,4,0,2,2,1,22
23,9,32,33,23,9,0,2,5,5,0,2,2,5,0,2,3,1,13
23,9,32,33,23,9,0,2,6,6,0,2,2,6,0,2,4,1,24
23,9,32,33,23,9,0,2,7,7,0,2,2,7,0,2,5,1,20
23,9,32,33,23,23,0,2,1,9,0,1,1,21,1,2,0,0,27
23,9,32,33,23,23,0,2,2,9,0,1,3,20,1,2,18,1,18
23,9,32,33,23,23,0,2,3,9,0,1,1,9,0,1,1,1,23
23,9,32,33,23,23,0,2,4,4,0,2,2,4,0,2,2,1,22
23,9,32,33,23,23,0,2,5,5,0,2,2,17,1,2,15,1,9
23,9,32,33,23,23,0,2,6,6,0,2,2,6,0,2,4,1,21
23,9,32,33,23,23,0,2,7,7,0,2,2,7,0,2,5,1,17
23,9,32,33,23,23,0,2,8,8,0,2,2,8,0,2,6,1,14
23,9,32,33,23,23,0,2,9,9,0,1,2,9,0,2,7,1,11
23,9,32,33,23,23,0,2,10,9,0,1,2,10,0,2,8,1,17
23,9,32,33,23,23,0,2,11,9,0,1,2,11,0,2,9,1,15
23,9,32,33,23,23,0,2,12,9,0,1,2,12,0,2,10,1,11
23,9,32,33,23,23,0,2,13,9,0,1,2,9,1,2,7,1,18
23,9,32,33,23,23,0,2,14,8,1,2,2,8,1,2,6,1,15
23,9,32,33,23,23,0,2,15,7,1,2,2,15,0,2,13,1,10
23,9,32,33,23,23,0,2,16,6,1,2,2,6,1,2,4,1,19
23,9,32,33,23,23,0,2,17,5,1,2,2,5,1,2,2,2,10
23,9,32,33,23,23,0,2,18,4,1,2,2,4,1,2,2,1,12
23,9,32,33,23,23,0,2,19,9,0,1,2,19,0,2,17,1,21
23,9,32,33,23,23,0,2,20,9,0,1,2,20,0,2,18,1,15
23,9,32,33,23,23,0,2,21,9,0,1,3,21,0,2,19,1,17
23,10,33,34,23,10,0,2,1,8,1,2,1,8,1,2,1,1,27
23,10,33,34,23,10,0,2,2,7,1,2,2,7,1,2,5,1,16
23,10,33,34,23,10,0,2,3,3,0,2,1,3,0,2,1,1,26
23,10,33,34,23,10,0,2,4,4,0,2,2,4,0,2,2,1,25
23,10,33,34,23,10,0,2,5,4,1,2,1,4,1,2,1,1,23
23,10,33,34,23,10,0,2,6,3,1,2,1,3,1,2,1,1,26
23,10,33,34,23,10,0,2,7,7,0,2,2,7,0,2,5,1,24
23,10,33,34,23,10,0,2,8,8,0,2,1,8,0,2,1,1,25
23,10,33,34,23,23,0,2,1,10,0,1,1,10,0,1,1,1,27
23,10,33,34,23,23,0,2,2,10,0,1,1,10,0,1,1,1,17
23,10,33,34,23,23,0,2,3,3,0,2,1,3,0,2,1,1,26
23,10,33,34,23,23,0,2,4,4,0,2,2,4,0,2,2,1,25
23,10,33,34,23,23,0,2,5,5,0,2,1,5,0,2,1,1,23
23,10,33,34,23,23,0,2,6,6,0,2,1,6,0,2,1,1,26
23,10,33,34,23,23,0,2,7,7,0,2,2,7,0,2,5,1,24
23,10,33,34,23,23,0,2,8,8,0,2,1,8,0,2,1,1,23
23,10,33,34,23,23,0,2,9,9,0,2,2,9,0,2,7,1,25
23,10,33,34,23,23,0,2,10,10,0,1,2,10,0,1,8,1,23
23,10,33,34,23,23,0,2,11,10,0,1,2,10,0,1,8,1,22
23,10,33,34,23,23,0,2,12,10,0,1,1,10,0,1,1,1,24
23,10,33,34,23,23,0,2,13,9,1,2,2,9,1,2,7,1,21
23,10,33,34,23,23,0,2,14,8,1,2,1,8,1,2,1,1,24
23,10,33,34,23,23,0,2,15,7,1,2,1,7,1,2,1,1,23
23,10,33,34,23,23,0,2,16,6,1,2,2,6,1,2,4,1,22
23,10,33,34,23,23,0,2,17,5,1,2,1,5,1,2,1,1,24
23,10,33,34,23,23,0,2,18,4,1,2,1,4,1,2,1,1,24
23,10,33,34,23,23,0,2,19,3,1,2,1,3,1,2,1,1,24
23,10,33,34,23,23,0,2,20,10,0,1,2,10,0,1,8,1,23
23,10,33,34,23,23,0,2,21,10,0,1,2,10,0,1,8,1,25
23,11,34,35,23,11,0,2,1,9,1,2,0,9,1,2,0,0,29
23,11,34,35,23,11,0,2,2,8,1,2,1,8,1,2,1,1,23
23,11,34,35,23,11,0,2,3,7,1,2,1,7,1,2,1,1,25
23,11,34,35,23,11,0,2,4,4,0,2,2,4,0,2,2,1,26
23,11,34,35,23,11,0,2,5,5,0,2,2,5,0,2,3,1,14
23,11,34,35,23,11,0,2,6,4,1,2,1,4,1,2,1,1,23
23,11,34,35,23,11,0,2,7,3,1,2,1,3,1,2,1,1,25
23,11,34,35,23,11,0,2,8,8,0,2,2,8,0,2,6,1,20
23,11,34,35,23,11,0,2,9,9,0,2,2,9,0,2,7,1,23
23,11,34,35,23,23,0,2,1,11,0,1,1,11,0,1,10,0,29
23,11,34,35,23,23,0,2,2,11,0,1,2,11,0,1,9,1,23
23,11,34,35,23,23,0,2,3,11,0,1,2,11,0,1,9,1,25
23,11,34,35,23,23,0,2,4,4,0,2,2,4,0,2,2,1,25
23,11,34,35,23,23,0,2,5,5,0,2,2,5,0,2,3,1,16
23,11,34,35,23,23,0,2,6,6,0,2,2,16,1,2,1,1,20
23,11,34,35,23,23,0,2,7,7,0,2,2,7,0,2,5,1,21
23,11,34,35,23,23,0,2,8,8,0,2,2,8,0,2,6,1,19
23,11,34,35,23,23,0,2,9,9,0,2,2,13,1,2,11,1,17
23,11,34,35,23,23,0,2,10,10,0,2,2,10,0,2,8,1,20
23,11,34,35,23,23,0,2,11,11,0,1,2,11,0,2,9,1,17
23,11,34,35,23,23,0,2,12,10,1,2,2,10,1,2,8,1,18
23,11,34,35,23,23,0,2,13,9,1,2,2,9,1,2,7,1,20
23,11,34,35,23,23,0,2,14,8,1,2,2,14,0,2,12,1,18
23,11,34,35,23,23,0,2,15,7,1,2,2,7,1,2,5,1,18
23,11,34,35,23,23,0,2,16,6,1,2,2,16,0,2,14,1,17
23,11,34,35,23,23,0,2,17,5,1,2,1,5,1,2,1,1,23
23,11,34,35,23,23,0,2,18,4,1,2,2,4,1,2,2,1,17
23,11,34,35,23,23,0,2,19,3,1,2,1,3,1,2,1,1,21
23,11,34,35,23,23,0,2,20,11,0,1,2,20,0,2,18,1,23
23,11,34,35,23,23,0,2,21,11,0,1,2,21,0,2,19,1,19
23,12,35,36,23,12,0,2,1,10,1,2,1,10,1,2,1,1,29
23,12,35,36,23,12,0,2,2,9,1,2,2,9,1,2,7,1,21
23,12,35,36,23,12,0,2,3,3,0,2,1,3,0,2,1,1,27
23,12,35,36,23,12,0,2,4,4,0,2,1,4,0,2,1,1,28
23,12,35,36,23,12,0,2,5,5,0,2,2,5,0,2,3,1,22
23,12,35,36,23,12,0,2,6,5,1,2,1,5,1,2,1,1,27
23,12,35,36,23,12,0,2,7,4,1,2,1,4,1,2,1,1,27
23,12,35,36,23,12,0,2,8,8,0,2,2,8,0,2,6,1,25
23,12,35,36,23,12,0,2,9,9,0,2,1,9,0,2,1,1,27
23,12,35,36,23,12,0,2,10,10,0,2,1,10,0,2,1,1,28
23,12,35,36,23,23,0,2,1,12,0,1,1,12,0,1,1,1,29
23,12,35,36,23,23,0,2,2,12,0,1,1,12,0,1,1,1,22
23,12,35,36,23,23,0,2,3,12,0,1,1,12,0,1,1,1,27
23,12,35,36,23,23,0,2,4,4,0,2,2,4,0,2,2,1,27
23,12,35,36,23,23,0,2,5,5,0,2,2,5,0,2,3,1,24
23,12,35,36,23,23,0,2,6,6,0,2,2,6,0,2,4,1,26
23,12,35,36,23,23,0,2,7,7,0,2,2,7,0,2,5,1,26
23,12,35,36,23,23,0,2,8,8,0,2,2,8,0,2,6,1,25
23,12,35,36,23,23,0,2,9,9,0,2,2,9,0,2,7,1,25
23,12,35,36,23,23,0,2,10,10,0,2,1,10,0,2,1,1,27
23,12,35,36,23,23,0,2,11,11,0,2,2,11,0,2,9,1,25
23,12,35,36,23,23,0,2,12,10,1,2,1,10,1,2,1,1,25
23,12,35,36,23,23,0,2,13,9,1,2,1,9,1,2,1,1,25
23,12,35,36,23,23,0,2,14,8,1,2,1,8,1,2,1,1,26
23,12,35,36,23,23,0,2,15,7,1,2,1,7,1,2,1,1,25
23,12,35,36,23,23,0,2,16,6,1,2,1,6,1,2,1,1,25
23,12,35,36,23,23,0,2,17,5,1,2,1,5,1,2,1,1,26
23,12,35,36,23,23,0,2,18,4,1,2,1,4,1,2,1,1,26
23,12,35,36,23,23,0,2,19,3,1,2,1,3,1,2,1,1,26
23,12,35,36,23,23,0,2,20,12,0,1,2,12,0,1,10,1,26
23,12,35,36,23,23,0,2,21,12,0,1,2,12,0,1,10,1,27
23,13,36,37,23,13,0,2,1,11,1,2,1,11,1,2,1,1,30
23,13,36,37,23,13,0,2,2,10,1,2,1,10,1,2,1,1,26
23,13,36,37,23,13,0,2,3,9,1,2,1,9,1,2,1,1,27
23,13,36,37,23,13,0,2,4,4,0,2,2,4,0,2,2,1,28
23,13,36,37,23,13,0,2,5,5,0,2,2,5,0,2,3,1,21
23,13,36,37,23,13,0,2,6,6,0,2,2,6,0,2,4,1,27
23,13,36,37,23,13,0,2,7,5,1,2,2,7,0,2,5,1,24
23,13,36,37,23,13,0,2,8,4,1,2,2,4,1,2,2,1,23
23,13,36,37,23,13,0,2,9,9,0,2,2,9,0,2,7,1,24
23,13,36,37,23,13,0,2,10,10,0,2,2,10,0,2,8,1,25
23,13,36,37,23,13,0,2,11,11,0,2,2,11,0,2,9,1,25
23,13,36,37,23,23,0,2,1,13,0,1,1,13,0,1,1,1,30
23,13,36,37,23,23,0,2,2,13,0,1,2,20,1,2,1,1,25
23,13,36,37,23,23,0,2,3,13,0,1,1,13,0,1,1,1,28
23,13,36,37,23,23,0,2,4,4,0,2,2,4,0,2,2,1,28
23,13,36,37,23,23,0,2,5,5,0,2,2,5,0,2,3,1,21
23,13,36,37,23,23,0,2,6,6,0,2,2,6,0,2,4,1,26
23,13,36,37,23,23,0,2,7,7,0,2,2,7,0,2,5,1,24
23,13,36,37,23,23,0,2,8,8,0,2,2,8,0,2,6,1,21
23,13,36,37,23,23,0,2,9,9,0,2,2,9,0,2,7,1,23
23,13,36,37,23,23,0,2,10,10,0,2,2,10,0,2,8,1,23
23,13,36,37,23,23,0,2,11,11,0,2,2,11,0,2,9,1,22
23,13,36,37,23,23,0,2,12,10,1,2,2,10,1,2,8,1,23
23,13,36,37,23,23,0,2,13,9,1,2,2,13,0,2,11,1,21
23,13,36,37,23,23,0,2,14,8,1,2,2,8,1,2,6,1,21
23,13,36,37,23,23,0,2,15,7,1,2,2,7,1,2,5,1,23
23,13,36,37,23,23,0,2,16,6,1,2,1,6,1,2,1,1,24
23,13,36,37,23,23,0,2,17,5,1,2,2,17,0,2,15,1,21
23,13,36,37,23,23,0,2,18,4,1,2,2,4,1,2,2,1,24
23,13,36,37,23,23,0,2,19,13,0,1,2,13,0,1,2,2,22
23,13,36,37,23,23,0,2,20,13,0,1,2,20,0,2,18,1,24
23,13,36,37,23,23,0,2,21,13,0,1,2,21,0,2,19,1,25
23,14,37,38,23,14,0,2,1,12,1,2,1,12,1,2,1,1,31
23,14,37,38,23,14,0,2,2,11,1,2,2,11,1,2,9,1,20
23,14,37,38,23,14,0,2,3,10,1,2,1,10,1,2,1,1,29
23,14,37,38,23,14,0,2,4,4,0,2,2,4,0,2,2,1,28
23,14,37,38,23,14,0,2,5,5,0,2,2,5,0,2,3,1,28
23,14,37,38,23,14,0,2,6,6,0,2,2,6,0,2,4,1,29
23,14,37,38,23,14,0,2,7,6,1,2,1,6,1,2,1,1,28
23,14,37,38,23,14,0,2,8,5,1,2,1,5,1,2,1,1,28
23,14,37,38,23,14,0,2,9,4,1,2,1,4,1,2,1,1,28
23,14,37,38,23,14,0,2,10,3,1,2,1,3,1,2,1,1,28
23,14,37,38,23,14,0,2,11,11,0,2,2,11,0,2,9,1,28
23,14,37,38,23,14,0,2,12,12,0,2,2,12,0,2,10,1,29
23,14,37,38,23,23,0,2,1,14,0,1,1,14,0,1,1,1,31
23,14,37,38,23,23,0,2,2,14,0,1,1,14,0,1,1,1,19
23,14,37,38,23,23,0,2,3,14,0,1,1,14,0,1,1,1,29
23,14,37,38,23,23,0,2,4,4,0,2,2,4,0,2,2,1,28
23,14,37,38,23,23,0,2,5,5,0,2,2,5,0,2,3,1,24
23,14,37,38,23,23,0,2,6,6,0,2,2,6,0,2,4,1,29
23,14,37,38,23,23,0,2,7,7,0,2,2,7,0,2,5,1,27
23,14,37,38,23,23,0,2,8,8,0,2,2,8,0,2,6,1,26
23,14,37,38,23,23,0,2,9,9,0,2,2,9,0,2,7,1,27
23,14,37,38,23,23,0,2,10,10,0,2,2,10,0,2,8,1,27
23,14,37,38,23,23,0,2,11,11,0,2,2,11,0,2,9,1,29
23,14,37,38,23,23,0,2,12,10,1,2,1,10,1,2,1,1,26
23,14,37,38,23,23,0,2,13,9,1,2,1,9,1,2,1,1,26
23,14,37,38,23,23,0,2,14,8,1,2,1,8,1,2,1,1,29
23,14,37,38,23,23,0,2,15,7,1,2,1,7,1,2,1,1,26
23,14,37,38,23,23,0,2,16,6,1,2,1,6,1,2,1,1,27
23,14,37,38,23,23,0,2,17,5,1,2,1,5,1,2,1,1,28
23,14,37,38,23,23,0,2,18,4,1,2,1,4,1,2,1,1,26
23,14,37,38,23,23,0,2,19,3,1,2,1,3,1,2,1,1,28
23,14,37,38,23,23,0,2,20,14,0,1,2,14,0,1,12,1,28
23,14,37,38,23,23,0,2,21,14,0,1,2,21,0,2,19,1,28
23,15,38,39,23,15,0,2,1,13,1,2,0,13,1,2,0,0,32
23,15,38,39,23,15,0,2,2,12,1,2,2,12,1,2,10,1,24
23,15,38,39,23,15,0,2,3,11,1,2,1,11,1,2,1,1,30
23,15,38,39,23,15,0,2,4,4,0,2,2,4,0,2,2,1,28
23,15,38,39,23,15,0,2,5,5,0,2,2,5,0,2,3,1,14
23,15,38,39,23,15,0,2,6,6,0,2,2,6,0,2,4,1,26
23,15,38,39,23,15,0,2,7,7,0,2,2,7,0,2,5,1,24
23,15,38,39,23,15,0,2,8,6,1,2,2,6,1,2,4,1,21
23,15,38,39,23,15,0,2,9,5,1,2,2,9,0,2,7,1,25
23,15,38,39,23,15,0,2,10,4,1,2,2,4,1,2,2,1,23
23,15,38,39,23,15,0,2,11,11,0,2,2,11,0,2,9,1,23
23,15,38,39,23,15,0,2,12,12,0,2,2,12,0,2,10,1,26
23,15,38,39,23,15,0,2,13,13,0,2,2,13,0,2,11,1,26
23,15,38,39,23,23,0,2,1,15,0,1,1,21,1,2,0,0,33
23,15,38,39,23,23,0,2,2,15,0,1,2,20,1,2,18,1,26
23,15,38,39,23,23,0,2,3,15,0,1,1,15,0,1,1,1,30
23,15,38,39,23,23,0,2,4,4,0,2,2,4,0,2,2,1,28
23,15,38,39,23,23,0,2,5,5,0,2,2,5,0,2,3,1,16
23,15,38,39,23,23,0,2,6,6,0,2,2,6,0,2,4,1,28
23,15,38,39,23,23,0,2,7,7,0,2,2,7,0,2,5,1,25
23,15,38,39,23,23,0,2,8,8,0,2,2,8,0,2,6,1,21
23,15,38,39,23,23,0,2,9,9,0,2,2,9,0,2,7,1,25
23,15,38,39,23,23,0,2,10,10,0,2,2,10,0,2,8,1,23
23,15,38,39,23,23,0,2,11,11,0,2,2,11,0,2,9,1,24
23,15,38,39,23,23,0,2,12,10,1,2,2,10,1,2,8,1,23
23,15,38,39,23,23,0,2,13,9,1,2,2,9,1,2,7,1,21
23,15,38,39,23,23,0,2,14,8,1,2,2,8,1,2,6,1,23
23,15,38,39,23,23,0,2,15,7,1,2,3,15,0,2,13,1,19
23,15,38,39,23,23,0,2,16,6,1,2,2,6,1,2,4,1,24
23,15,38,39,23,23,0,2,17,5,1,2,2,5,1,2,2,2,21
23,15,38,39,23,23,0,2,18,15,0,1,2,18,0,2,16,1,16
23,15,38,39,23,23,0,2,19,15,0,1,2,19,0,2,17,1,27
23,15,38,39,23,23,0,2,20,15,0,1,2,15,0,1,2,2,22
23,15,38,39,23,23,0,2,21,15,0,1,2,21,0,2,19,1,23
23,16,39,40,23,16,0,2,1,14,1,2,1,14,1,2,1,1,33
23,16,39,40,23,16,0,2,2,13,1,2,2,13,1,2,11,1,24
23,16,39,40,23,16,0,2,3,3,0,2,1,3,0,2,1,1,32
23,16,39,40,23,16,0,2,4,4,0,2,2,4,0,2,2,1,31
23,16,39,40,23,16,0,2,5,5,0,2,1,5,0,2,1,1,28
23,16,39,40,23,16,0,2,6,6,0,2,1,6,0,2,1,1,31
23,16,39,40,23,16,0,2,7,7,0,2,2,7,0,2,5,1,30
23,16,39,40,23,16,0,2,8,7,1,2,1,7,1,2,1,1,29
23,16,39,40,23,16,0,2,9,6,1,2,1,6,1,2,1,1,31
23,16,39,40,23,16,0,2,10,5,1,2,1,5,1,2,1,1,30
23,16,39,40,23,16,0,2,11,4,1,2,1,4,1,2,1,1,30
23,16,39,40,23,16,0,2,12,3,1,2,1,3,1,2,1,1,31
23,16,39,40,23,16,0,2,13,13,0,2,2,13,0,2,11,1,30
23,16,39,40,23,16,0,2,14,14,0,2,1,14,0,2,1,1,32
23,16,39,40,23,23,0,2,1,16,0,1,1,16,0,1,1,1,33
23,16,39,40,23,23,0,2,2,16,0,1,1,16,0,1,1,1,26
23,16,39,40,23,23,0,2,3,16,0,1,1,16,0,1,1,1,31
23,16,39,40,23,23,0,2,4,4,0,2,2,4,0,2,2,1,30
23,16,39,40,23,23,0,2,5,5,0,2,2,5,0,2,3,1,29
23,16,39,40,23,23,0,2,6,6,0,2,2,6,0,2,4,1,31
23,16,39,40,23,23,0,2,7,7,0,2,2,7,0,2,5,1,31
23,16,39,40,23,23,0,2,8,8,0,2,2,8,0,2,6,1,30
23,16,39,40,23,23,0,2,9,9,0,2,2,9,0,2,7,1,30
23,16,39,40,23,23,0,2,10,10,0,2,2,10,0,2,8,1,30
23,16,39,40,23,23,0,2,11,11,0,2,2,11,0,2,9,1,29
23,16,39,40,23,23,0,2,12,10,1,2,1,10,1,2,1,1,31
23,16,39,40,23,23,0,2,13,9,1,2,2,9,1,2,7,1,29
23,16,39,40,23,23,0,2,14,8,1,2,1,8,1,2,1,1,29
23,16,39,40,23,23,0,2,15,7,1,2,1,7,1,2,1,1,31
23,16,39,40,23,23,0,2,16,6,1,2,2,6,1,2,4,1,29
23,16,39,40,23,23,0,2,17,5,1,2,1,5,1,2,1,1,30
23,16,39,40,23,23,0,2,18,4,1,2,1,4,1,2,1,1,29
23,16,39,40,23,23,0,2,19,16,0,1,2,16,0,1,14,1,29
23,16,39,40,23,23,0,2,20,16,0,1,1,16,0,1,1,1,31
23,16,39,40,23,23,0,2,21,16,0,1,2,16,0,1,14,1,31
24,2,26,27,24,24,0,2,1,22,1,2,1,22,1,2,1,1,20
24,2,26,27,24,24,0,2,2,21,1,2,2,21,1,2,2,2,9
24,2,26,27,24,24,0,2,3,3,0,2,1,3,0,2,1,1,19
24,2,26,27,24,24,0,2,4,4,0,2,1,4,0,2,1,1,19
24,2,26,27,24,24,0,2,5,5,0,2,1,5,0,2,1,1,11
24,2,26,27,24,24,0,2,6,6,0,2,1,6,0,2,1,1,19
24,2,26,27,24,24,0,2,7,7,0,2,1,7,0,2,1,1,18
24,2,26,27,24,24,0,2,8,8,0,2,1,8,0,2,1,1,16
24,2,26,27,24,24,0,2,9,9,0,2,1,9,0,2,1,1,17
24,2,26,27,24,24,0,2,10,10,0,2,1,10,0,2,1,1,18
24,2,26,27,24,24,0,2,11,11,0,2,2,11,0,2,9,1,17
24,2,26,27,24,24,0,2,12,11,1,2,2,12,0,2,1,1,14
24,2,26,27,24,24,0,2,13,10,1,2,1,10,1,2,1,1,19
24,2,26,27,24,24,0,2,14,9,1,2,1,9,1,2,1,1,15
24,2,26,27,24,24,0,2,15,8,1,2,2,15,0,2,1,1,15
24,2,26,27,24,24,0,2,16,7,1,2,2,7,1,2,5,1,18
24,2,26,27,24,24,0,2,17,6,1,2,2,6,1,2,4,1,17
24,2,26,27,24,24,0,2,18,5,1,2,2,18,0,2,1,1,17
24,2,26,27,24,24,0,2,19,4,1,2,2,4,1,2,2,1,18
24,2,26,27,24,24,0,2,20,3,1,2,1,3,1,2,1,1,19
24,2,26,27,24,24,0,2,21,21,0,2,1,21,0,2,1,1,19
24,2,26,27,24,24,0,2,22,22,0,2,1,22,0,2,1,1,19
24,3,27,28,24,3,0,2,1,24,0,1,1,24,0,1,1,1,22
24,3,27,28,24,24,0,2,1,3,0,1,1,3,0,1,2,0,22
24,3,27,28,24,24,0,2,2,21,1,2,2,21,1,2,19,1,11
24,3,27,28,24,24,0,2,3,20,1,2,1,20,1,2,1,1,18
24,3,27,28,24,24,0,2,4,4,0,2,2,4,0,2,2,1,16
24,3,27,28,24,24,0,2,5,5,0,2,2,5,0,2,3,1,11
24,3,27,28,24,24,0,2,6,6,0,2,2,17,1,2,1,1,17
24,3,27,28,24,24,0,2,7,7,0,2,2,7,0,2,5,1,16
24,3,27,28,24,24,0,2,8,8,0,2,2,8,0,2,6,1,11
24,3,27,28,24,24,0,2,9,9,0,2,2,9,0,2,7,1,15
24,3,27,28,24,24,0,2,10,10,0,2,2,10,0,2,8,1,15
24,3,27,28,24,24,0,2,11,11,0,2,2,11,0,2,9,1,14
24,3,27,28,24,24,0,2,12,11,1,2,2,11,1,2,9,1,13
24,3,27,28,24,24,0,2,13,10,1,2,2,10,1,2,8,1,15
24,3,27,28,24,24,0,2,14,9,1,2,1,9,1,2,1,1,17
24,3,27,28,24,24,0,2,15,8,1,2,2,8,1,2,6,1,12
24,3,27,28,24,24,0,2,16,7,1,2,2,7,1,2,5,1,15
24,3,27,28,24,24,0,2,17,6,1,2,2,6,1,2,4,1,15
24,3,27,28,24,24,0,2,18,5,1,2,2,18,0,2,16,1,15
24,3,27,28,24,24,0,2,19,4,1,2,2,4,1,2,2,1,16
24,3,27,28,24,24,0,2,20,20,0,2,2,20,0,2,18,1,15
24,3,27,28,24,24,0,2,21,21,0,2,2,21,0,2,19,1,17
24,3,27,28,24,24,0,2,22,22,0,2,2,22,0,2,20,1,18
24,4,28,29,24,4,0,2,1,24,0,1,1,24,0,1,23,0,23
24,4,28,29,24,4,0,2,2,24,0,1,3,24,0,1,21,2,19
24,4,28,29,24,24,0,2,1,4,0,1,1,4,0,1,1,1,22
24,4,28,29,24,24,0,2,2,21,1,2,2,21,1,2,19,1,11
24,4,28,29,24,24,0,2,3,4,0,1,1,4,0,1,1,1,19
24,4,28,29,24,24,0,2,4,4,0,1,1,4,0,1,1,1,12
24,4,28,29,24,24,0,2,5,5,0,2,2,18,1,2,16,1,5
24,4,28,29,24,24,0,2,6,4,0,1,1,4,0,1,1,1,16
24,4,28,29,24,24,0,2,7,4,0,1,1,4,0,1,1,1,12
24,4,28,29,24,24,0,2,8,8,0,2,2,8,0,2,2,2,4
24,4,28,29,24,24,0,2,9,4,0,1,1,4,0,1,1,1,15
24,4,28,29,24,24,0,2,10,10,0,2,2,10,0,2,2,2,10
24,4,28,29,24,24,0,2,11,11,0,2,2,11,0,2,9,1,8
24,4,28,29,24,24,0,2,12,4,0,1,1,4,0,1,1,1,13
24,4,28,29,24,24,0,2,13,10,1,2,2,10,1,2,2,2,6
24,4,28,29,24,24,0,2,14,4,0,1,1,4,0,1,1,1,16
24,4,28,29,24,24,0,2,15,8,1,2,2,8,1,2,6,1,8
24,4,28,29,24,24,0,2,16,4,0,1,1,4,0,1,1,1,9
24,4,28,29,24,24,0,2,17,4,0,1,1,4,0,1,1,1,16
24,4,28,29,24,24,0,2,18,5,1,2,2,5,1,2,2,2,8
24,4,28,29,24,24,0,2,19,4,0,1,1,4,0,1,1,1,10
24,4,28,29,24,24,0,2,20,20,0,2,2,20,0,2,18,1,15
24,4,28,29,24,24,0,2,21,21,0,2,2,21,0,2,19,1,13
24,4,28,29,24,24,0,2,22,4,0,1,1,4,0,1,1,1,11
24,5,29,30,24,5,0,2,1,3,1,2,1,3,1,2,1,1,23
24,5,29,30,24,5,0,2,2,24,0,1,1,24,0,1,1,1,17
24,5,29,30,24,5,0,2,3,24,0,1,1,24,0,1,1,1,22
24,5,29,30,24,24,0,2,1,5,0,1,1,5,0,1,1,1,23
24,5,29,30,24,24,0,2,2,5,0,1,2,21,1,2,19,1,15
24,5,29,30,24,24,0,2,3,3,0,2,1,3,0,2,1,1,21
24,5,29,30,24,24,0,2,4,4,0,2,1,4,0,2,1,1,21
24,5,29,30,24,24,0,2,5,5,0,1,2,5,0,2,1,1,20
24,5,29,30,24,24,0,2,6,5,0,1,2,5,0,1,3,1,21
24,5,29,30,24,24,0,2,7,5,0,1,2,7,0,2,1,1,20
24,5,29,30,24,24,0,2,8,5,0,1,2,8,0,2,1,1,20
24,5,29,30,24,24,0,2,9,5,0,1,2,5,0,1,3,1,21
24,5,29,30,24,24,0,2,10,5,0,1,2,10,0,2,8,1,19
24,5,29,30,24,24,0,2,11,5,0,1,2,11,0,2,1,1,20
24,5,29,30,24,24,0,2,12,5,0,1,2,11,1,2,1,1,19
24,5,29,30,24,24,0,2,13,5,0,1,2,10,1,2,1,1,19
24,5,29,30,24,24,0,2,14,5,0,1,2,9,1,2,1,1,20
24,5,29,30,24,24,0,2,15,5,0,1,2,8,1,2,1,1,19
24,5,29,30,24,24,0,2,16,5,0,1,2,7,1,2,1,1,20
24,5,29,30,24,24,0,2,17,5,0,1,2,6,1,2,1,1,20
24,5,29,30,24,24,0,2,18,5,0,1,2,5,1,2,1,1,20
24,5,29,30,24,24,0,2,19,4,1,2,1,4,1,2,1,1,20
24,5,29,30,24,24,0,2,20,3,1,2,1,3,1,2,1,1,20
24,5,29,30,24,24,0,2,21,5,0,1,2,21,0,2,1,1,20
24,5,29,30,24,24,0,2,22,5,0,1,2,22,0,2,1,1,21
24,6,30,31,24,6,0,2,1,4,1,2,1,4,1,2,1,1,24
24,6,30,31,24,6,0,2,2,24,0,1,2,24,0,1,2,2,18
24,6,30,31,24,6,0,2,3,24,0,1,1,24,0,1,1,1,22
24,6,30,31,24,6,0,2,4,4,0,2,2,4,0,2,2,1,22
24,6,30,31,24,24,0,2,1,6,0,1,2,6,0,1,4,1,23
24,6,30,31,24,24,0,2,2,6,0,1,3,21,1,2,19,1,18
24,6,30,31,24,24,0,2,3,6,0,1,2,6,0,1,4,1,19
24,6,30,31,24,24,0,2,4,4,0,2,2,4,0,2,2,1,20
24,6,30,31,24,24,0,2,5,5,0,2,2,18,1,2,16,1,16
24,6,30,31,24,24,0,2,6,6,0,1,2,6,0,2,4,1,11
24,6,30,31,24,24,0,2,7,6,0,1,2,7,0,2,5,1,16
24,6,30,31,24,24,0,2,8,6,0,1,3,8,0,2,6,1,16
24,6,30,31,24,24,0,2,9,6,0,1,2,9,0,2,7,1,13
24,6,30,31,24,24,0,2,10,6,0,1,3,10,0,2,8,1,15
24,6,30,31,24,24,0,2,11,6,0,1,2,11,0,2,9,1,16
24,6,30,31,24,24,0,2,12,6,0,1,3,11,1,2,9,1,15
24,6,30,31,24,24,0,2,13,6,0,1,3,10,1,2,8,1,15
24,6,30,31,24,24,0,2,14,6,0,1,2,14,0,2,12,1,14
24,6,30,31,24,24,0,2,15,6,0,1,2,8,1,2,6,1,16
24,6,30,31,24,24,0,2,16,6,0,1,3,7,1,2,5,1,12
24,6,30,31,24,24,0,2,17,6,0,1,3,17,0,2,15,1,15
24,6,30,31,24,24,0,2,18,5,1,2,2,18,0,2,16,1,15
24,6,30,31,24,24,0,2,19,4,1,2,2,4,1,2,2,1,17
24,6,30,31,24,24,0,2,20,6,0,1,2,20,0,2,18,1,18
24,6,30,31,24,24,0,2,21,6,0,1,3,21,0,2,19,1,17
24,6,30,31,24,24,0,2,22,6,0,1,3,22,0,2,20,1,18
24,7,31,32,24,7,0,2,1,5,1,2,1,5,1,2,1,1,25
24,7,31,32,24,7,0,2,2,4,1,2,2,4,1,2,2,1,14
24,7,31,32,24,7,0,2,3,3,1,2,1,3,1,2,1,1,23
24,7,31,32,24,7,0,2,4,4,0,2,2,4,0,2,2,1,23
24,7,31,32,24,7,0,2,5,5,0,2,2,5,0,2,3,1,21
24,7,31,32,24,24,0,2,1,7,0,1,1,7,0,1,1,1,25
24,7,31,32,24,24,0,2,2,7,0,1,1,7,0,1,1,1,13
24,7,31,32,24,24,0,2,3,7,0,1,1,7,0,1,1,1,23
24,7,31,32,24,24,0,2,4,4,0,2,2,4,0,2,2,1,22
24,7,31,32,24,24,0,2,5,5,0,2,2,5,0,2,3,1,19
24,7,31,32,24,24,0,2,6,6,0,2,2,6,0,2,4,1,21
24,7,31,32,24,24,0,2,7,7,0,1,2,7,0,1,5,1,21
24,7,31,32,24,24,0,2,8,7,0,1,2,7,0,1,5,1,19
24,7,31,32,24,24,0,2,9,7,0,1,2,7,0,1,5,1,20
24,7,31,32,24,24,0,2,10,7,0,1,2,7,0,1,5,1,20
24,7,31,32,24,24,0,2,11,7,0,1,1,7,0,1,1,1,22
24,7,31,32,24,24,0,2,12,7,0,1,2,7,0,1,5,1,19
24,7,31,32,24,24,0,2,13,7,0,1,2,7,0,1,5,1,20
24,7,31,32,24,24,0,2,14,7,0,1,1,7,0,1,1,1,18
24,7,31,32,24,24,0,2,15,7,0,1,2,7,0,1,5,1,19
24,7,31,32,24,24,0,2,16,7,0,1,2,7,0,1,5,1,20
24,7,31,32,24,24,0,2,17,6,1,2,1,6,1,2,1,1,18
24,7,31,32,24,24,0,2,18,5,1,2,2,7,0,1,5,1,19
24,7,31,32,24,24,0,2,19,4,1,2,1,4,1,2,1,1,21
24,7,31,32,24,24,0,2,20,3,1,2,1,3,1,2,1,1,21
24,7,31,32,24,24,0,2,21,7,0,1,2,7,0,1,5,1,21
24,7,31,32,24,24,0,2,22,7,0,1,1,7,0,1,1,1,23
24,8,32,33,24,8,0,2,1,6,1,2,1,24,0,1,23,0,27
24,8,32,33,24,8,0,2,2,5,1,2,2,5,1,2,2,2,19
24,8,32,33,24,8,0,2,3,4,1,2,1,4,1,2,1,1,23
24,8,32,33,24,8,0,2,4,3,1,2,1,3,1,2,1,1,24
24,8,32,33,24,8,0,2,5,5,0,2,2,5,0,2,3,1,13
24,8,32,33,24,8,0,2,6,6,0,2,2,6,0,2,4,1,22
24,8,32,33,24,24,0,2,1,8,0,1,1,8,0,1,1,1,26
24,8,32,33,24,24,0,2,2,8,0,1,2,21,1,2,19,1,20
24,8,32,33,24,24,0,2,3,8,0,1,1,8,0,1,1,1,22
24,8,32,33,24,24,0,2,4,4,0,2,2,4,0,2,2,1,21
24,8,32,33,24,24,0,2,5,5,0,2,2,5,0,2,3,1,10
24,8,32,33,24,24,0,2,6,6,0,2,2,6,0,2,4,1,20
24,8,32,33,24,24,0,2,7,7,0,2,2,7,0,2,5,1,18
24,8,32,33,24,24,0,2,8,8,0,1,2,8,0,2,6,1,11
24,8,32,33,24,24,0,2,9,8,0,1,2,9,0,2,7,1,16
24,8,32,33,24,24,0,2,10,8,0,1,2,10,0,2,8,1,18
24,8,32,33,24,24,0,2,11,8,0,1,2,11,0,2,9,1,15
24,8,32,33,24,24,0,2,12,8,0,1,2,11,1,2,9,1,15
24,8,32,33,24,24,0,2,13,8,0,1,2,10,1,2,1,1,19
24,8,32,33,24,24,0,2,14,8,0,1,2,9,1,2,1,1,16
24,8,32,33,24,24,0,2,15,8,0,1,2,15,0,2,13,1,14
24,8,32,33,24,24,0,2,16,7,1,2,2,7,1,2,5,1,20
24,8,32,33,24,24,0,2,17,6,1,2,2,6,1,2,4,1,12
24,8,32,33,24,24,0,2,18,5,1,2,2,18,0,2,16,1,19
24,8,32,33,24,24,0,2,19,4,1,2,2,4,1,2,2,1,18
24,8,32,33,24,24,0,2,20,8,0,1,2,20,0,2,18,1,15
24,8,32,33,24,24,0,2,21,8,0,1,2,21,0,2,19,1,21
24,8,32,33,24,24,0,2,22,8,0,1,2,22,0,2,20,1,21
24,9,33,34,24,9,0,2,1,7,1,2,1,7,1,2,1,1,27
24,9,33,34,24,9,0,2,2,6,1,2,2,24,0,1,1,1,17
24,9,33,34,24,9,0,2,3,5,1,2,1,5,1,2,1,1,25
24,9,33,34,24,9,0,2,4,4,0,2,2,4,0,2,2,1,25
24,9,33,34,24,9,0,2,5,5,0,2,2,5,0,2,3,1,21
24,9,33,34,24,9,0,2,6,6,0,2,2,6,0,2,4,1,24
24,9,33,34,24,9,0,2,7,7,0,2,2,7,0,2,5,1,26
24,9,33,34,24,24,0,2,1,9,0,1,1,9,0,1,1,1,27
24,9,33,34,24,24,0,2,2,9,0,1,1,9,0,1,1,1,19
24,9,33,34,24,24,0,2,3,3,0,2,1,3,0,2,1,1,26
24,9,33,34,24,24,0,2,4,4,0,2,2,4,0,2,2,1,25
24,9,33,34,24,24,0,2,5,5,0,2,2,5,0,2,3,1,20
24,9,33,34,24,24,0,2,6,6,0,2,1,6,0,2,1,1,25
24,9,33,34,24,24,0,2,7,7,0,2,2,7,0,2,5,1,24
24,9,33,34,24,24,0,2,8,8,0,2,2,8,0,2,6,1,20
24,9,33,34,24,24,0,2,9,9,0,1,2,9,0,1,7,1,25
24,9,33,34,24,24,0,2,10,9,0,1,2,9,0,1,7,1,24
24,9,33,34,24,24,0,2,11,9,0,1,2,11,0,2,9,1,21
24,9,33,34,24,24,0,2,12,9,0,1,2,11,1,2,1,1,23
24,9,33,34,24,24,0,2,13,9,0,1,2,10,1,2,8,1,22
24,9,33,34,24,24,0,2,14,9,0,1,2,9,1,2,1,1,22
24,9,33,34,24,24,0,2,15,8,1,2,1,8,1,2,1,1,20
24,9,33,34,24,24,0,2,16,7,1,2,2,7,1,2,5,1,23
24,9,33,34,24,24,0,2,17,6,1,2,1,6,1,2,1,1,24
24,9,33,34,24,24,0,2,18,5,1,2,1,5,1,2,1,1,21
24,9,33,34,24,24,0,2,19,4,1,2,1,4,1,2,1,1,25
24,9,33,34,24,24,0,2,20,3,1,2,1,3,1,2,1,1,24
24,9,33,34,24,24,0,2,21,9,0,1,2,21,0,2,19,1,23
24,9,33,34,24,24,0,2,22,9,0,1,2,9,0,1,7,1,26
24,10,34,35,24,10,0,2,1,8,1,2,1,24,0,1,23,0,29
24,10,34,35,24,10,0,2,2,7,1,2,2,7,1,2,5,1,22
24,10,34,35,24,10,0,2,3,6,1,2,1,6,1,2,1,1,26
24,10,34,35,24,10,0,2,4,4,0,2,2,4,0,2,2,1,26
24,10,34,35,24,10,0,2,5,4,1,2,2,4,1,2,2,1,15
24,10,34,35,24,10,0,2,6,3,1,2,1,3,1,2,1,1,26
24,10,34,35,24,10,0,2,7,7,0,2,2,7,0,2,5,1,26
24,10,34,35,24,10,0,2,8,8,0,2,2,8,0,2,6,1,21
24,10,34,35,24,24,0,2,1,10,0,1,1,22,1,2,0,0,29
24,10,34,35,24,24,0,2,2,10,0,1,2,21,1,2,1,1,23
24,10,34,35,24,24,0,2,3,10,0,1,1,10,0,1,1,1,24
24,10,34,35,24,24,0,2,4,4,0,2,2,4,0,2,2,1,26
24,10,34,35,24,24,0,2,5,5,0,2,2,5,0,2,3,1,11
24,10,34,35,24,24,0,2,6,6,0,2,2,6,0,2,4,1,24
24,10,34,35,24,24,0,2,7,7,0,2,2,7,0,2,5,1,23
24,10,34,35,24,24,0,2,8,8,0,2,2,8,0,2,6,1,14
24,10,34,35,24,24,0,2,9,9,0,2,2,9,0,2,7,1,23
24,10,34,35,24,24,0,2,10,10,0,1,2,10,0,2,8,1,15
24,10,34,35,24,24,0,2,11,10,0,1,2,11,0,2,9,1,20
24,10,34,35,24,24,0,2,12,10,0,1,2,11,1,2,1,1,22
24,10,34,35,24,24,0,2,13,10,0,1,2,10,0,1,2,2,13
24,10,34,35,24,24,0,2,14,9,1,2,2,9,1,2,7,1,20
24,10,34,35,24,24,0,2,15,8,1,2,2,8,1,2,6,1,17
24,10,34,35,24,24,0,2,16,7,1,2,2,16,0,2,14,1,13
24,10,34,35,24,24,0,2,17,6,1,2,2,6,1,2,4,1,21
24,10,34,35,24,24,0,2,18,5,1,2,2,5,1,2,2,2,13
24,10,34,35,24,24,0,2,19,4,1,2,2,4,1,2,2,1,17
24,10,34,35,24,24,0,2,20,10,0,1,2,20,0,2,18,1,21
24,10,34,35,24,24,0,2,21,10,0,1,2,21,0,2,19,1,18
24,10,34,35,24,24,0,2,22,10,0,1,2,10,0,1,8,1,21
24,11,35,36,24,11,0,2,1,9,1,2,1,9,1,2,1,1,29
24,11,35,36,24,11,0,2,2,8,1,2,2,8,1,2,6,1,21
24,11,35,36,24,11,0,2,3,7,1,2,1,7,1,2,1,1,27
24,11,35,36,24,11,0,2,4,4,0,2,2,4,0,2,2,1,27
24,11,35,36,24,11,0,2,5,5,0,2,2,5,0,2,3,1,26
24,11,35,36,24,11,0,2,6,4,1,2,1,4,1,2,1,1,27
24,11,35,36,24,11,0,2,7,3,1,2,1,3,1,2,1,1,26
24,11,35,36,24,11,0,2,8,8,0,2,2,8,0,2,6,1,27
24,11,35,36,24,11,0,2,9,9,0,2,2,9,0,2,7,1,27
24,11,35,36,24,24,0,2,1,11,0,1,1,11,0,1,1,1,29
24,11,35,36,24,24,0,2,2,11,0,1,1,11,0,1,1,1,21
24,11,35,36,24,24,0,2,3,11,0,1,1,11,0,1,1,1,27
24,11,35,36,24,24,0,2,4,4,0,2,1,4,0,2,1,1,27
24,11,35,36,24,24,0,2,5,5,0,2,1,5,0,2,1,1,27
24,11,35,36,24,24,0,2,6,6,0,2,2,6,0,2,4,1,27
24,11,35,36,24,24,0,2,7,7,0,2,2,7,0,2,5,1,26
24,11,35,36,24,24,0,2,8,8,0,2,2,8,0,2,6,1,27
24,11,35,36,24,24,0,2,9,9,0,2,2,9,0,2,7,1,26
24,11,35,36,24,24,0,2,10,10,0,2,2,10,0,2,8,1,26
24,11,35,36,24,24,0,2,11,11,0,1,1,11,0,1,1,1,27
24,11,35,36,24,24,0,2,12,11,0,1,2,11,1,2,1,1,23
24,11,35,36,24,24,0,2,13,10,1,2,1,10,1,2,1,1,27
24,11,35,36,24,24,0,2,14,9,1,2,2,9,1,2,7,1,25
24,11,35,36,24,24,0,2,15,8,1,2,1,8,1,2,1,1,27
24,11,35,36,24,24,0,2,16,7,1,2,1,7,1,2,1,1,27
24,11,35,36,24,24,0,2,17,6,1,2,2,6,1,2,4,1,25
24,11,35,36,24,24,0,2,18,5,1,2,1,5,1,2,1,1,27
24,11,35,36,24,24,0,2,19,4,1,2,1,4,1,2,1,1,26
24,11,35,36,24,24,0,2,20,3,1,2,1,3,1,2,1,1,27
24,11,35,36,24,24,0,2,21,11,0,1,1,11,0,1,1,1,28
24,11,35,36,24,24,0,2,22,11,0,1,2,22,0,2,20,1,24
24,12,36,37,24,12,0,2,1,10,1,2,1,10,1,2,1,1,30
24,12,36,37,24,12,0,2,2,9,1,2,2,9,1,2,7,1,23
24,12,36,37,24,12,0,2,3,8,1,2,1,8,1,2,1,1,28
24,12,36,37,24,12,0,2,4,4,0,2,2,4,0,2,2,1,27
24,12,36,37,24,12,0,2,5,5,0,2,2,5,0,2,3,1,22
24,12,36,37,24,12,0,2,6,5,1,2,1,5,1,2,1,1,28
24,12,36,37,24,12,0,2,7,4,1,2,2,4,1,2,2,1,22
24,12,36,37,24,12,0,2,8,8,0,2,2,8,0,2,6,1,24
24,12,36,37,24,12,0,2,9,9,0,2,2,9,0,2,7,1,25
24,12,36,37,24,12,0,2,10,10,0,2,2,10,0,2,8,1,24
24,12,36,37,24,24,0,2,1,12,0,1,1,12,0,1,1,1,30
24,12,36,37,24,24,0,2,2,12,0,1,2,12,0,1,10,1,26
24,12,36,37,24,24,0,2,3,12,0,1,1,12,0,1,1,1,28
24,12,36,37,24,24,0,2,4,4,0,2,2,4,0,2,2,1,27
24,12,36,37,24,24,0,2,5,5,0,2,2,5,0,2,3,1,23
24,12,36,37,24,24,0,2,6,6,0,2,2,6,0,2,4,1,27
24,12,36,37,24,24,0,2,7,7,0,2,2,7,0,2,5,1,22
24,12,36,37,24,24,0,2,8,8,0,2,2,8,0,2,6,1,22
24,12,36,37,24,24,0,2,9,9,0,2,2,9,0,2,7,1,22
24,12,36,37,24,24,0,2,10,10,0,2,2,10,0,2,8,1,22
24,12,36,37,24,24,0,2,11,11,0,2,2,11,0,2,9,1,22
24,12,36,37,24,24,0,2,12,11,1,2,2,12,0,2,10,1,20
24,12,36,37,24,24,0,2,13,10,1,2,2,10,1,2,8,1,23
24,12,36,37,24,24,0,2,14,9,1,2,2,9,1,2,7,1,23
24,12,36,37,24,24,0,2,15,8,1,2,2,15,0,2,13,1,22
24,12,36,37,24,24,0,2,16,7,1,2,2,7,1,2,5,1,23
24,12,36,37,24,24,0,2,17,6,1,2,2,17,0,2,15,1,19
24,12,36,37,24,24,0,2,18,5,1,2,2,18,0,2,16,1,24
24,12,36,37,24,24,0,2,19,4,1,2,2,4,1,2,2,1,22
24,12,36,37,24,24,0,2,20,12,0,1,2,20,0,2,18,1,22
24,12,36,37,24,24,0,2,21,12,0,1,2,21,0,2,19,1,25
24,12,36,37,24,24,0,2,22,12,0,1,2,22,0,2,20,1,24
24,13,37,38,24,13,0,2,1,11,1,2,1,11,1,2,1,1,31
24,13,37,38,24,13,0,2,2,10,1,2,2,10,1,2,8,1,19
24,13,37,38,24,13,0,2,3,9,1,2,1,9,1,2,1,1,29
24,13,37,38,24,13,0,2,4,4,0,2,2,4,0,2,2,1,29
24,13,37,38,24,13,0,2,5,5,0,2,2,5,0,2,3,1,25
24,13,37,38,24,13,0,2,6,6,0,2,2,6,0,2,4,1,29
24,13,37,38,24,13,0,2,7,5,1,2,1,5,1,2,1,1,28
24,13,37,38,24,13,0,2,8,4,1,2,1,4,1,2,1,1,27
24,13,37,38,24,13,0,2,9,3,1,2,1,3,1,2,1,1,28
24,13,37,38,24,13,0,2,10,10,0,2,2,10,0,2,8,1,28
24,13,37,38,24,13,0,2,11,11,0,2,2,11,0,2,9,1,28
24,13,37,38,24,24,0,2,1,13,0,1,1,13,0,1,1,1,31
24,13,37,38,24,24,0,2,2,13,0,1,1,13,0,1,1,1,20
24,13,37,38,24,24,0,2,3,13,0,1,1,13,0,1,1,1,29
24,13,37,38,24,24,0,2,4,4,0,2,2,4,0,2,2,1,29
24,13,37,38,24,24,0,2,5,5,0,2,2,5,0,2,3,1,25
24,13,37,38,24,24,0,2,6,6,0,2,2,6,0,2,4,1,28
24,13,37,38,24,24,0,2,7,7,0,2,2,7,0,2,5,1,28
24,13,37,38,24,24,0,2,8,8,0,2,2,8,0,2,6,1,27
24,13,37,38,24,24,0,2,9,9,0,2,2,9,0,2,7,1,26
24,13,37,38,24,24,0,2,10,10,0,2,2,10,0,2,8,1,27
24,13,37,38,24,24,0,2,11,11,0,2,2,11,0,2,9,1,27
24,13,37,38,24,24,0,2,12,11,1,2,2,11,1,2,9,1,27
24,13,37,38,24,24,0,2,13,10,1,2,1,10,1,2,1,1,26
24,13,37,38,24,24,0,2,14,9,1,2,1,9,1,2,1,1,28
24,13,37,38,24,24,0,2,15,8,1,2,1,8,1,2,1,1,27
24,13,37,38,24,24,0,2,16,7,1,2,1,7,1,2,1,1,27
24,13,37,38,24,24,0,2,17,6,1,2,1,6,1,2,1,1,27
24,13,37,38,24,24,0,2,18,5,1,2,1,5,1,2,1,1,27
24,13,37,38,24,24,0,2,19,4,1,2,1,4,1,2,1,1,28
24,13,37,38,24,24,0,2,20,3,1,2,1,3,1,2,1,1,28
24,13,37,38,24,24,0,2,21,13,0,1,2,13,0,1,11,1,28
24,13,37,38,24,24,0,2,22,13,0,1,2,13,0,1,11,1,29
24,14,38,39,24,14,0,2,1,12,1,2,1,24,0,1,23,0,33
24,14,38,39,24,14,0,2,2,11,1,2,2,11,1,2,9,1,26
24,14,38,39,24,14,0,2,3,10,1,2,1,10,1,2,1,1,30
24,14,38,39,24,14,0,2,4,4,0,2,2,4,0,2,2,1,30
24,14,38,39,24,14,0,2,5,5,0,2,2,5,0,2,3,1,16
24,14,38,39,24,14,0,2,6,6,0,2,2,6,0,2,4,1,28
24,14,38,39,24,14,0,2,7,6,1,2,2,6,1,2,4,1,26
24,14,38,39,24,14,0,2,8,5,1,2,2,8,0,2,6,1,20
24,14,38,39,24,14,0,2,9,4,1,2,2,4,1,2,2,1,26
24,14,38,39,24,14,0,2,10,10,0,2,2,10,0,2,8,1,26
24,14,38,39,24,14,0,2,11,11,0,2,2,11,0,2,9,1,25
24,14,38,39,24,14,0,2,12,12,0,2,2,12,0,2,10,1,27
24,14,38,39,24,24,0,2,1,14,0,1,1,14,0,1,13,0,33
24,14,38,39,24,24,0,2,2,14,0,1,2,21,1,2,19,1,26
24,14,38,39,24,24,0,2,3,14,0,1,1,14,0,1,1,1,30
24,14,38,39,24,24,0,2,4,4,0,2,2,4,0,2,2,1,29
24,14,38,39,24,24,0,2,5,5,0,2,2,5,0,2,3,1,18
24,14,38,39,24,24,0,2,6,6,0,2,2,6,0,2,4,1,27
24,14,38,39,24,24,0,2,7,7,0,2,2,7,0,2,5,1,27
24,14,38,39,24,24,0,2,8,8,0,2,2,8,0,2,6,1,22
24,14,38,39,24,24,0,2,9,9,0,2,2,9,0,2,7,1,25
24,14,38,39,24,24,0,2,10,10,0,2,2,10,0,2,8,1,24
24,14,38,39,24,24,0,2,11,11,0,2,2,11,0,2,9,1,22
24,14,38,39,24,24,0,2,12,11,1,2,2,11,1,2,9,1,22
24,14,38,39,24,24,0,2,13,10,1,2,2,10,1,2,8,1,24
24,14,38,39,24,24,0,2,14,9,1,2,2,14,0,2,12,1,22
24,14,38,39,24,24,0,2,15,8,1,2,2,8,1,2,6,1,21
24,14,38,39,24,24,0,2,16,7,1,2,2,7,1,2,5,1,25
24,14,38,39,24,24,0,2,17,6,1,2,1,6,1,2,1,1,25
24,14,38,39,24,24,0,2,18,5,1,2,2,18,0,2,16,1,21
24,14,38,39,24,24,0,2,19,4,1,2,2,4,1,2,2,1,26
24,14,38,39,24,24,0,2,20,14,0,1,2,14,0,1,2,2,23
24,14,38,39,24,24,0,2,21,14,0,1,2,21,0,2,19,1,25
24,14,38,39,24,24,0,2,22,14,0,1,2,22,0,2,20,1,27
24,15,39,40,24,15,0,2,1,13,1,2,1,13,1,2,1,1,33
24,15,39,40,24,15,0,2,2,12,1,2,2,12,1,2,10,1,23
24,15,39,40,24,15,0,2,3,11,1,2,1,11,1,2,1,1,31
24,15,39,40,24,15,0,2,4,4,0,2,2,4,0,2,2,1,31
24,15,39,40,24,15,0,2,5,5,0,2,2,5,0,2,3,1,29
24,15,39,40,24,15,0,2,6,6,0,2,2,6,0,2,4,1,30
24,15,39,40,24,15,0,2,7,7,0,2,2,7,0,2,5,1,31
24,15,39,40,24,15,0,2,8,6,1,2,2,6,1,2,4,1,30
24,15,39,40,24,15,0,2,9,5,1,2,1,5,1,2,1,1,30
24,15,39,40,24,15,0,2,10,4,1,2,1,4,1,2,1,1,30
24,15,39,40,24,15,0,2,11,11,0,2,2,11,0,2,9,1,30
24,15,39,40,24,15,0,2,12,12,0,2,2,12,0,2,10,1,30
24,15,39,40,24,15,0,2,13,13,0,2,2,13,0,2,11,1,32
24,15,39,40,24,24,0,2,1,15,0,1,1,15,0,1,1,1,33
24,15,39,40,24,24,0,2,2,15,0,1,1,15,0,1,1,1,23
24,15,39,40,24,24,0,2,3,3,0,2,1,3,0,2,1,1,32
24,15,39,40,24,24,0,2,4,4,0,2,2,4,0,2,2,1,31
24,15,39,40,24,24,0,2,5,5,0,2,2,5,0,2,3,1,30
24,15,39,40,24,24,0,2,6,6,0,2,1,6,0,2,1,1,32
24,15,39,40,24,24,0,2,7,7,0,2,2,7,0,2,5,1,30
24,15,39,40,24,24,0,2,8,8,0,2,1,8,0,2,1,1,29
24,15,39,40,24,24,0,2,9,9,0,2,2,9,0,2,7,1,29
24,15,39,40,24,24,0,2,10,10,0,2,2,10,0,2,8,1,30
24,15,39,40,24,24,0,2,11,11,0,2,2,11,0,2,9,1,28
24,15,39,40,24,24,0,2,12,11,1,2,1,11,1,2,1,1,29
24,15,39,40,24,24,0,2,13,10,1,2,1,10,1,2,1,1,30
24,15,39,40,24,24,0,2,14,9,1,2,1,9,1,2,1,1,29
24,15,39,40,24,24,0,2,15,8,1,2,1,8,1,2,1,1,30
24,15,39,40,24,24,0,2,16,7,1,2,1,7,1,2,1,1,29
24,15,39,40,24,24,0,2,17,6,1,2,1,6,1,2,1,1,30
24,15,39,40,24,24,0,2,18,5,1,2,1,5,1,2,1,1,30
24,15,39,40,24,24,0,2,19,4,1,2,1,4,1,2,1,1,30
24,15,39,40,24,24,0,2,20,3,1,2,1,3,1,2,1,1,30
24,15,39,40,24,24,0,2,21,15,0,1,2,15,0,1,13,1,30
24,15,39,40,24,24,0,2,22,15,0,1,2,15,0,1,13,1,32
25,2,27,28,25,25,0,2,1,23,1,2,0,23,1,2,0,0,22
25,2,27,28,25,25,0,2,2,22,1,2,1,22,1,2,1,1,20
25,2,27,28,25,25,0,2,3,21,1,2,1,21,1,2,1,1,19
25,2,27,28,25,25,0,2,4,4,0,2,2,4,0,2,2,1,19
25,2,27,28,25,25,0,2,5,5,0,2,2,5,0,2,3,1,17
25,2,27,28,25,25,0,2,6,6,0,2,2,6,0,2,4,1,19
25,2,27,28,25,25,0,2,7,7,0,2,2,7,0,2,5,1,18
25,2,27,28,25,25,0,2,8,8,0,2,2,8,0,2,6,1,18
25,2,27,28,25,25,0,2,9,9,0,2,2,9,0,2,7,1,18
25,2,27,28,25,25,0,2,10,10,0,2,2,10,0,2,8,1,17
25,2,27,28,25,25,0,2,11,11,0,2,2,11,0,2,9,1,18
25,2,27,28,25,25,0,2,12,12,0,2,3,12,0,2,10,1,17
25,2,27,28,25,25,0,2,13,11,1,2,2,11,1,2,9,1,18
25,2,27,28,25,25,0,2,14,10,1,2,1,10,1,2,1,1,19
25,2,27,28,25,25,0,2,15,9,1,2,2,9,1,2,7,1,16
25,2,27,28,25,25,0,2,16,8,1,2,2,8,1,2,6,1,17
25,2,27,28,25,25,0,2,17,7,1,2,1,7,1,2,1,1,19
25,2,27,28,25,25,0,2,18,6,1,2,2,6,1,2,4,1,17
25,2,27,28,25,25,0,2,19,5,1,2,2,19,0,2,17,1,17
25,2,27,28,25,25,0,2,20,4,1,2,2,4,1,2,2,1,18
25,2,27,28,25,25,0,2,21,3,1,2,1,3,1,2,1,1,19
25,2,27,28,25,25,0,2,22,22,0,2,2,22,0,2,20,1,19
25,2,27,28,25,25,0,2,23,23,0,2,2,23,0,2,21,1,20
25,3,28,29,25,3,0,2,1,25,0,1,2,25,0,1,23,1,22
25,3,28,29,25,25,0,2,1,23,1,2,1,23,1,2,1,1,21
25,3,28,29,25,25,0,2,2,22,1,2,2,22,1,2,20,1,11
25,3,28,29,25,25,0,2,3,21,1,2,2,21,1,2,2,2,9
25,3,28,29,25,25,0,2,4,4,0,2,2,4,0,2,2,1,18
25,3,28,29,25,25,0,2,5,5,0,2,2,19,1,2,17,1,11
25,3,28,29,25,25,0,2,6,6,0,2,2,6,0,2,2,2,7
25,3,28,29,25,25,0,2,7,7,0,2,2,7,0,2,5,1,15
25,3,28,29,25,25,0,2,8,8,0,2,2,16,1,2,14,1,15
25,3,28,29,25,25,0,2,9,9,0,2,2,9,0,2,7,1,10
25,3,28,29,25,25,0,2,10,10,0,2,2,10,0,2,8,1,14
25,3,28,29,25,25,0,2,11,11,0,2,2,11,0,2,9,1,14
25,3,28,29,25,25,0,2,12,12,0,2,2,12,0,2,10,1,11
25,3,28,29,25,25,0,2,13,11,1,2,2,13,0,2,11,1,10
25,3,28,29,25,25,0,2,14,10,1,2,2,10,1,2,8,1,15
25,3,28,29,25,25,0,2,15,9,1,2,2,9,1,2,7,1,7
25,3,28,29,25,25,0,2,16,8,1,2,2,16,0,2,14,1,11
25,3,28,29,25,25,0,2,17,7,1,2,2,7,1,2,5,1,12
25,3,28,29,25,25,0,2,18,6,1,2,2,6,1,2,4,1,9
25,3,28,29,25,25,0,2,19,5,1,2,2,19,0,2,17,1,14
25,3,28,29,25,25,0,2,20,4,1,2,2,4,1,2,2,1,13
25,3,28,29,25,25,0,2,21,21,0,2,2,21,0,2,19,1,12
25,3,28,29,25,25,0,2,22,22,0,2,2,22,0,2,20,1,15
25,3,28,29,25,25,0,2,23,23,0,2,2,23,0,2,21,1,16
25,4,29,30,25,4,0,2,1,25,0,1,1,25,0,1,1,1,23
25,4,29,30,25,4,0,2,2,25,0,1,2,25,0,1,2,2,18
25,4,29,30,25,25,0,2,1,4,0,1,1,4,0,1,1,1,23
25,4,29,30,25,25,0,2,2,4,0,1,1,4,0,1,1,1,13
25,4,29,30,25,25,0,2,3,4,0,1,1,4,0,1,1,1,20
25,4,29,30,25,25,0,2,4,4,0,1,1,4,0,1,1,1,21
25,4,29,30,25,25,0,2,5,4,0,1,1,4,0,1,1,1,15
25,4,29,30,25,25,0,2,6,4,0,1,1,4,0,1,1,1,20
25,4,29,30,25,25,0,2,7,4,0,1,1,4,0,1,1,1,19
25,4,29,30,25,25,0,2,8,4,0,1,1,4,0,1,1,1,17
25,4,29,30,25,25,0,2,9,4,0,1,1,4,0,1,1,1,19
25,4,29,30,25,25,0,2,10,4,0,1,1,4,0,1,1,1,18
25,4,29,30,25,25,0,2,11,11,0,2,2,11,0,2,9,1,15
25,4,29,30,25,25,0,2,12,4,0,1,1,4,0,1,1,1,18
25,4,29,30,25,25,0,2,13,4,0,1,1,4,0,1,1,1,17
25,4,29,30,25,25,0,2,14,10,1,2,2,10,1,2,8,1,18
25,4,29,30,25,25,0,2,15,4,0,1,1,4,0,1,1,1,19
25,4,29,30,25,25,0,2,16,4,0,1,1,4,0,1,1,1,15
25,4,29,30,25,25,0,2,17,4,0,1,1,4,0,1,1,1,19
25,4,29,30,25,25,0,2,18,4,0,1,1,4,0,1,1,1,18
25,4,29,30,25,25,0,2,19,4,0,1,1,4,0,1,1,1,19
25,4,29,30,25,25,0,2,20,4,0,1,1,4,0,1,1,1,19
25,4,29,30,25,25,0,2,21,4,0,1,1,4,0,1,1,1,19
25,4,29,30,25,25,0,2,22,4,0,1,1,4,0,1,1,1,21
25,4,29,30,25,25,0,2,23,4,0,1,1,4,0,1,1,1,22
25,5,30,31,25,5,0,2,1,3,1,2,1,3,1,2,1,1,24
25,5,30,31,25,5,0,2,2,25,0,1,2,25,0,1,23,1,21
25,5,30,31,25,5,0,2,3,25,0,1,1,25,0,1,1,1,22
25,5,30,31,25,25,0,2,1,5,0,1,2,5,0,1,3,1,23
25,5,30,31,25,25,0,2,2,5,0,1,2,22,1,2,1,1,21
25,5,30,31,25,25,0,2,3,5,0,1,2,21,1,2,1,1,20
25,5,30,31,25,25,0,2,4,4,0,2,2,4,0,2,2,1,21
25,5,30,31,25,25,0,2,5,5,0,1,2,5,0,2,3,1,12
25,5,30,31,25,25,0,2,6,5,0,1,2,6,0,2,4,1,20
25,5,30,31,25,25,0,2,7,5,0,1,2,7,0,2,5,1,19
25,5,30,31,25,25,0,2,8,5,0,1,2,8,0,2,6,1,13
25,5,30,31,25,25,0,2,9,5,0,1,2,9,0,2,7,1,18
25,5,30,31,25,25,0,2,10,5,0,1,2,10,0,2,8,1,18
25,5,30,31,25,25,0,2,11,5,0,1,2,11,0,2,9,1,16
25,5,30,31,25,25,0,2,12,5,0,1,2,12,0,2,10,1,20
25,5,30,31,25,25,0,2,13,5,0,1,2,11,1,2,9,1,16
25,5,30,31,25,25,0,2,14,5,0,1,2,14,0,2,12,1,17
25,5,30,31,25,25,0,2,15,5,0,1,2,9,1,2,1,1,20
25,5,30,31,25,25,0,2,16,5,0,1,2,8,1,2,6,1,14
25,5,30,31,25,25,0,2,17,5,0,1,2,7,1,2,5,1,18
25,5,30,31,25,25,0,2,18,5,0,1,2,6,1,2,1,1,20
25,5,30,31,25,25,0,2,19,5,0,1,2,19,0,2,17,1,18
25,5,30,31,25,25,0,2,20,4,1,2,2,4,1,2,2,1,18
25,5,30,31,25,25,0,2,21,3,1,2,1,3,1,2,1,1,20
25,5,30,31,25,25,0,2,22,5,0,1,2,22,0,2,20,1,20
25,5,30,31,25,25,0,2,23,5,0,1,2,23,0,2,21,1,19
25,6,31,32,25,6,0,2,1,4,1,2,1,4,1,2,1,1,25
25,6,31,32,25,6,0,2,2,25,0,1,1,25,0,1,1,1,12
25,6,31,32,25,6,0,2,3,25,0,1,2,25,0,1,23,1,22
25,6,31,32,25,6,0,2,4,4,0,2,2,4,0,2,2,1,24
25,6,31,32,25,25,0,2,1,6,0,1,1,6,0,1,1,1,25
25,6,31,32,25,25,0,2,2,6,0,1,2,22,1,2,20,1,11
25,6,31,32,25,25,0,2,3,6,0,1,1,6,0,1,1,1,23
25,6,31,32,25,25,0,2,4,4,0,2,2,4,0,2,2,1,22
25,6,31,32,25,25,0,2,5,5,0,2,2,5,0,2,3,1,11
25,6,31,32,25,25,0,2,6,6,0,1,2,6,0,2,4,1,21
25,6,31,32,25,25,0,2,7,6,0,1,3,7,0,2,5,1,18
25,6,31,32,25,25,0,2,8,6,0,1,2,8,0,2,6,1,18
25,6,31,32,25,25,0,2,9,6,0,1,2,9,0,2,7,1,21
25,6,31,32,25,25,0,2,10,6,0,1,3,10,0,2,8,1,17
25,6,31,32,25,25,0,2,11,6,0,1,2,6,0,1,4,1,20
25,6,31,32,25,25,0,2,12,6,0,1,2,12,0,2,10,1,17
25,6,31,32,25,25,0,2,13,6,0,1,2,11,1,2,1,1,21
25,6,31,32,25,25,0,2,14,6,0,1,2,6,0,1,4,1,18
25,6,31,32,25,25,0,2,15,6,0,1,3,9,1,2,7,1,15
25,6,31,32,25,25,0,2,16,6,0,1,2,6,0,1,4,1,22
25,6,31,32,25,25,0,2,17,6,0,1,3,7,1,2,5,1,16
25,6,31,32,25,25,0,2,18,6,0,1,3,18,0,2,16,1,15
25,6,31,32,25,25,0,2,19,5,1,2,1,5,1,2,1,1,21
25,6,31,32,25,25,0,2,20,4,1,2,2,4,1,2,2,1,19
25,6,31,32,25,25,0,2,21,6,0,1,2,21,0,2,19,1,20
25,6,31,32,25,25,0,2,22,6,0,1,2,22,0,2,20,1,21
25,6,31,32,25,25,0,2,23,6,0,1,3,23,0,2,21,1,21
25,7,32,33,25,7,0,2,1,5,1,2,1,5,1,2,1,1,26
25,7,32,33,25,7,0,2,2,4,1,2,2,4,1,2,2,1,21
25,7,32,33,25,7,0,2,3,3,1,2,1,3,1,2,1,1,23
25,7,32,33,25,7,0,2,4,4,0,2,2,4,0,2,2,1,24
25,7,32,33,25,7,0,2,5,5,0,2,2,5,0,2,3,1,16
25,7,32,33,25,25,0,2,1,7,0,1,1,7,0,1,1,1,26
25,7,32,33,25,25,0,2,2,7,0,1,4,22,1,2,20,1,17
25,7,32,33,25,25,0,2,3,7,0,1,1,7,0,1,1,1,23
25,7,32,33,25,25,0,2,4,4,0,2,2,4,0,2,2,1,21
25,7,32,33,25,25,0,2,5,5,0,2,2,5,0,2,3,1,11
25,7,32,33,25,25,0,2,6,6,0,2,2,7,0,1,1,1,20
25,7,32,33,25,25,0,2,7,7,0,1,2,7,0,2,5,1,12
25,7,32,33,25,25,0,2,8,7,0,1,4,8,0,2,6,1,12
25,7,32,33,25,25,0,2,9,7,0,1,2,9,0,2,7,1,16
25,7,32,33,25,25,0,2,10,7,0,1,2,7,0,1,5,1,15
25,7,32,33,25,25,0,2,11,7,0,1,2,11,0,2,9,1,17
25,7,32,33,25,25,0,2,12,7,0,1,4,12,0,2,10,1,15
25,7,32,33,25,25,0,2,13,7,0,1,2,7,0,1,5,1,18
25,7,32,33,25,25,0,2,14,7,0,1,1,7,0,1,1,1,20
25,7,32,33,25,25,0,2,15,7,0,1,4,15,0,2,13,1,11
25,7,32,33,25,25,0,2,16,7,0,1,2,8,1,2,6,1,19
25,7,32,33,25,25,0,2,17,7,0,1,2,7,1,2,5,1,15
25,7,32,33,25,25,0,2,18,6,1,2,2,18,0,2,16,1,13
25,7,32,33,25,25,0,2,19,5,1,2,2,19,0,2,17,1,17
25,7,32,33,25,25,0,2,20,4,1,2,2,4,1,2,2,1,19
25,7,32,33,25,25,0,2,21,7,0,1,4,21,0,2,19,1,17
25,7,32,33,25,25,0,2,22,7,0,1,2,22,0,2,20,1,20
25,7,32,33,25,25,0,2,23,7,0,1,1,7,0,1,1,1,21
25,8,33,34,25,8,0,2,1,6,1,2,1,6,1,2,1,1,27
25,8,33,34,25,8,0,2,2,5,1,2,2,25,0,1,1,1,15
25,8,33,34,25,8,0,2,3,4,1,2,1,4,1,2,1,1,25
25,8,33,34,25,8,0,2,4,3,1,2,1,3,1,2,1,1,24
25,8,33,34,25,8,0,2,5,5,0,2,2,5,0,2,3,1,24
25,8,33,34,25,8,0,2,6,6,0,2,2,6,0,2,4,1,26
25,8,33,34,25,25,0,2,1,8,0,1,1,8,0,1,1,1,27
25,8,33,34,25,25,0,2,2,8,0,1,1,8,0,1,1,1,15
25,8,33,34,25,25,0,2,3,8,0,1,2,8,0,1,6,1,23
25,8,33,34,25,25,0,2,4,4,0,2,2,4,0,2,2,1,25
25,8,33,34,25,25,0,2,5,5,0,2,2,5,0,2,3,1,21
25,8,33,34,25,25,0,2,6,6,0,2,2,6,0,2,4,1,23
25,8,33,34,25,25,0,2,7,7,0,2,2,7,0,2,5,1,24
25,8,33,34,25,25,0,2,8,8,0,1,2,8,0,2,6,1,21
25,8,33,34,25,25,0,2,9,8,0,1,2,8,0,1,6,1,22
25,8,33,34,25,25,0,2,10,8,0,1,2,10,0,2,8,1,22
25,8,33,34,25,25,0,2,11,8,0,1,2,11,0,2,9,1,20
25,8,33,34,25,25,0,2,12,8,0,1,2,12,0,2,10,1,22
25,8,33,34,25,25,0,2,13,8,0,1,2,11,1,2,1,1,22
25,8,33,34,25,25,0,2,14,8,0,1,2,8,0,1,6,1,22
25,8,33,34,25,25,0,2,15,8,0,1,2,9,1,2,1,1,22
25,8,33,34,25,25,0,2,16,8,0,1,2,8,1,2,1,1,22
25,8,33,34,25,25,0,2,17,7,1,2,1,7,1,2,1,1,23
25,8,33,34,25,25,0,2,18,6,1,2,1,6,1,2,1,1,22
25,8,33,34,25,25,0,2,19,5,1,2,1,5,1,2,1,1,22
25,8,33,34,25,25,0,2,20,4,1,2,1,4,1,2,1,1,22
25,8,33,34,25,25,0,2,21,3,1,2,1,3,1,2,1,1,22
25,8,33,34,25,25,0,2,22,8,0,1,2,22,0,2,20,1,22
25,8,33,34,25,25,0,2,23,8,0,1,2,23,0,2,21,1,23
25,9,34,35,25,9,0,2,1,7,1,2,1,7,1,2,1,1,27
25,9,34,35,25,9,0,2,2,6,1,2,2,6,1,2,4,1,22
25,9,34,35,25,9,0,2,3,5,1,2,1,5,1,2,1,1,26
25,9,34,35,25,9,0,2,4,4,0,2,2,4,0,2,2,1,24
25,9,34,35,25,9,0,2,5,5,0,2,2,5,0,2,3,1,21
25,9,34,35,25,9,0,2,6,6,0,2,2,6,0,2,4,1,26
25,9,34,35,25,9,0,2,7,7,0,2,2,7,0,2,5,1,24
25,9,34,35,25,25,0,2,1,9,0,1,1,9,0,1,8,0,29
25,9,34,35,25,25,0,2,2,9,0,1,2,22,1,2,1,1,24
25,9,34,35,25,25,0,2,3,9,0,1,1,9,0,1,1,1,25
25,9,34,35,25,25,0,2,4,4,0,2,2,4,0,2,2,1,26
25,9,34,35,25,25,0,2,5,5,0,2,2,5,0,2,3,1,21
25,9,34,35,25,25,0,2,6,6,0,2,2,6,0,2,4,1,24
25,9,34,35,25,25,0,2,7,7,0,2,2,7,0,2,5,1,21
25,9,34,35,25,25,0,2,8,8,0,2,2,8,0,2,6,1,21
25,9,34,35,25,25,0,2,9,9,0,1,2,9,0,2,7,1,16
25,9,34,35,25,25,0,2,10,9,0,1,2,10,0,2,8,1,23
25,9,34,35,25,25,0,2,11,9,0,1,2,11,0,2,9,1,20
25,9,34,35,25,25,0,2,12,9,0,1,2,9,0,1,7,1,21
25,9,34,35,25,25,0,2,13,9,0,1,2,11,1,2,1,1,19
25,9,34,35,25,25,0,2,14,9,0,1,2,10,1,2,8,1,19
25,9,34,35,25,25,0,2,15,9,0,1,2,9,1,2,1,1,22
25,9,34,35,25,25,0,2,16,8,1,2,2,16,0,2,14,1,16
25,9,34,35,25,25,0,2,17,7,1,2,2,7,1,2,5,1,22
25,9,34,35,25,25,0,2,18,6,1,2,2,6,1,2,4,1,17
25,9,34,35,25,25,0,2,19,5,1,2,2,19,0,2,17,1,21
25,9,34,35,25,25,0,2,20,4,1,2,2,4,1,2,2,1,20
25,9,34,35,25,25,0,2,21,9,0,1,2,21,0,2,19,1,20
25,9,34,35,25,25,0,2,22,9,0,1,2,22,0,2,20,1,23
25,9,34,35,25,25,0,2,23,9,0,1,2,23,0,2,21,1,23
25,10,35,36,25,10,0,2,1,8,1,2,1,8,1,2,1,1,29
25,10,35,36,25,10,0,2,2,7,1,2,2,7,1,2,5,1,19
25,10,35,36,25,10,0,2,3,6,1,2,1,6,1,2,1,1,27
25,10,35,36,25,10,0,2,4,4,0,2,2,4,0,2,2,1,27
25,10,35,36,25,10,0,2,5,4,1,2,1,4,1,2,1,1,24
25,10,35,36,25,10,0,2,6,3,1,2,1,3,1,2,1,1,27
25,10,35,36,25,10,0,2,7,7,0,2,2,7,0,2,5,1,26
25,10,35,36,25,10,0,2,8,8,0,2,2,8,0,2,6,1,26
25,10,35,36,25,25,0,2,1,10,0,1,1,10,0,1,1,1,29
25,10,35,36,25,25,0,2,2,10,0,1,1,10,0,1,1,1,20
25,10,35,36,25,25,0,2,3,3,0,2,1,3,0,2,1,1,28
25,10,35,36,25,25,0,2,4,4,0,2,1,4,0,2,1,1,28
25,10,35,36,25,25,0,2,5,5,0,2,2,5,0,2,3,1,23
25,10,35,36,25,25,0,2,6,6,0,2,1,6,0,2,1,1,28
25,10,35,36,25,25,0,2,7,7,0,2,1,7,0,2,1,1,26
25,10,35,36,25,25,0,2,8,8,0,2,2,8,0,2,6,1,23
25,10,35,36,25,25,0,2,9,9,0,2,1,9,0,2,1,1,27
25,10,35,36,25,25,0,2,10,10,0,1,2,10,0,1,8,1,26
25,10,35,36,25,25,0,2,11,10,0,1,2,10,0,1,8,1,25
25,10,35,36,25,25,0,2,12,10,0,1,1,10,0,1,1,1,26
25,10,35,36,25,25,0,2,13,10,0,1,2,10,0,1,8,1,26
25,10,35,36,25,25,0,2,14,10,0,1,2,10,0,1,8,1,26
25,10,35,36,25,25,0,2,15,9,1,2,1,9,1,2,1,1,24
25,10,35,36,25,25,0,2,16,8,1,2,1,8,1,2,1,1,26
25,10,35,36,25,25,0,2,17,7,1,2,1,7,1,2,1,1,26
25,10,35,36,25,25,0,2,18,6,1,2,1,6,1,2,1,1,24
25,10,35,36,25,25,0,2,19,5,1,2,1,5,1,2,1,1,26
25,10,35,36,25,25,0,2,20,4,1,2,1,4,1,2,1,1,27
25,10,35,36,25,25,0,2,21,3,1,2,1,3,1,2,1,1,25
25,10,35,36,25,25,0,2,22,10,0,1,1,10,0,1,1,1,27
25,10,35,36,25,25,0,2,23,10,0,1,2,10,0,1,8,1,28
25,11,36,37,25,11,0,2,1,9,1,2,1,9,1,2,1,1,30
25,11,36,37,25,11,0,2,2,8,1,2,2,8,1,2,6,1,25
25,11,36,37,25,11,0,2,3,7,1,2,1,7,1,2,1,1,27
25,11,36,37,25,11,0,2,4,4,0,2,2,4,0,2,2,1,28
25,11,36,37,25,11,0,2,5,5,0,2,2,5,0,2,3,1,15
25,11,36,37,25,11,0,2,6,4,1,2,1,4,1,2,1,1,26
25,11,36,37,25,11,0,2,7,7,0,2,2,7,0,2,5,1,24
25,11,36,37,25,11,0,2,8,8,0,2,2,8,0,2,6,1,24
25,11,36,37,25,11,0,2,9,9,0,2,2,9,0,2,7,1,23
25,11,36,37,25,25,0,2,1,11,0,1,1,11,0,1,1,1,30
25,11,36,37,25,25,0,2,2,11,0,1,2,22,1,2,20,1,24
25,11,36,37,25,25,0,2,3,11,0,1,1,11,0,1,1,1,28
25,11,36,37,25,25,0,2,4,4,0,2,2,4,0,2,2,1,25
25,11,36,37,25,25,0,2,5,5,0,2,2,5,0,2,3,1,15
25,11,36,37,25,25,0,2,6,6,0,2,2,6,0,2,4,1,24
25,11,36,37,25,25,0,2,7,7,0,2,2,7,0,2,5,1,23
25,11,36,37,25,25,0,2,8,8,0,2,2,8,0,2,6,1,17
25,11,36,37,25,25,0,2,9,9,0,2,2,9,0,2,7,1,21
25,11,36,37,25,25,0,2,10,10,0,2,2,10,0,2,8,1,20
25,11,36,37,25,25,0,2,11,11,0,1,2,11,0,2,9,1,17
25,11,36,37,25,25,0,2,12,11,0,1,2,12,0,2,10,1,24
25,11,36,37,25,25,0,2,13,11,0,1,2,11,1,2,9,1,18
25,11,36,37,25,25,0,2,14,10,1,2,2,14,0,2,12,1,16
25,11,36,37,25,25,0,2,15,9,1,2,2,9,1,2,7,1,22
25,11,36,37,25,25,0,2,16,8,1,2,2,8,1,2,6,1,16
25,11,36,37,25,25,0,2,17,7,1,2,2,17,0,2,15,1,16
25,11,36,37,25,25,0,2,18,6,1,2,2,6,1,2,4,1,23
25,11,36,37,25,25,0,2,19,5,1,2,2,5,1,2,2,2,14
25,11,36,37,25,25,0,2,20,4,1,2,2,4,1,2,2,1,18
25,11,36,37,25,25,0,2,21,11,0,1,2,21,0,2,19,1,23
25,11,36,37,25,25,0,2,22,11,0,1,2,22,0,2,20,1,17
25,11,36,37,25,25,0,2,23,11,0,1,2,23,0,2,21,1,21
25,12,37,38,25,12,0,2,1,10,1,2,1,10,1,2,1,1,31
25,12,37,38,25,12,0,2,2,9,1,2,2,9,1,2,7,1,17
25,12,37,38,25,12,0,2,3,8,1,2,1,8,1,2,1,1,28
25,12,37,38,25,12,0,2,4,4,0,2,2,4,0,2,2,1,29
25,12,37,38,25,12,0,2,5,5,0,2,2,5,0,2,3,1,24
25,12,37,38,25,12,0,2,6,5,1,2,1,5,1,2,1,1,28
25,12,37,38,25,12,0,2,7,4,1,2,1,4,1,2,1,1,28
25,12,37,38,25,12,0,2,8,8,0,2,2,8,0,2,6,1,26
25,12,37,38,25,12,0,2,9,9,0,2,2,9,0,2,7,1,28
25,12,37,38,25,12,0,2,10,10,0,2,2,10,0,2,8,1,29
25,12,37,38,25,25,0,2,1,12,0,1,1,12,0,1,1,1,31
25,12,37,38,25,25,0,2,2,12,0,1,1,12,0,1,1,1,18
25,12,37,38,25,25,0,2,3,12,0,1,1,12,0,1,1,1,29
25,12,37,38,25,25,0,2,4,4,0,2,2,4,0,2,2,1,29
25,12,37,38,25,25,0,2,5,5,0,2,2,5,0,2,3,1,26
25,12,37,38,25,25,0,2,6,6,0,2,2,6,0,2,4,1,29
25,12,37,38,25,25,0,2,7,7,0,2,2,7,0,2,5,1,27
25,12,37,38,25,25,0,2,8,8,0,2,2,8,0,2,6,1,26
25,12,37,38,25,25,0,2,9,9,0,2,2,9,0,2,7,1,27
25,12,37,38,25,25,0,2,10,10,0,2,2,10,0,2,8,1,26
25,12,37,38,25,25,0,2,11,11,0,2,2,11,0,2,9,1,27
25,12,37,38,25,25,0,2,12,12,0,1,2,12,0,2,10,1,27
25,12,37,38,25,25,0,2,13,11,1,2,2,11,1,2,9,1,26
25,12,37,38,25,25,0,2,14,10,1,2,1,10,1,2,1,1,28
25,12,37,38,25,25,0,2,15,9,1,2,2,9,1,2,7,1,26
25,12,37,38,25,25,0,2,16,8,1,2,1,8,1,2,1,1,28
25,12,37,38,25,25,0,2,17,7,1,2,1,7,1,2,1,1,28
25,12,37,38,25,25,0,2,18,6,1,2,2,6,1,2,4,1,26
25,12,37,38,25,25,0,2,19,5,1,2,1,5,1,2,1,1,28
25,12,37,38,25,25,0,2,20,4,1,2,1,4,1,2,1,1,28
25,12,37,38,25,25,0,2,21,12,0,1,2,12,0,1,10,1,27
25,12,37,38,25,25,0,2,22,12,0,1,2,12,0,1,10,1,28
25,12,37,38,25,25,0,2,23,12,0,1,2,12,0,1,10,1,29
25,13,38,39,25,13,0,2,1,11,1,2,1,11,1,2,1,1,32
25,13,38,39,25,13,0,2,2,10,1,2,2,10,1,2,8,1,26
25,13,38,39,25,13,0,2,3,9,1,2,1,9,1,2,1,1,29
25,13,38,39,25,13,0,2,4,4,0,2,2,4,0,2,2,1,30
25,13,38,39,25,13,0,2,5,5,0,2,2,5,0,2,3,1,17
25,13,38,39,25,13,0,2,6,6,0,2,2,6,0,2,4,1,28
25,13,38,39,25,13,0,2,7,5,1,2,1,5,1,2,1,1,27
25,13,38,39,25,13,0,2,8,4,1,2,2,4,1,2,2,1,22
25,13,38,39,25,13,0,2,9,9,0,2,2,9,0,2,7,1,27
25,13,38,39,25,13,0,2,10,10,0,2,2,10,0,2,8,1,27
25,13,38,39,25,13,0,2,11,11,0,2,2,11,0,2,9,1,25
25,13,38,39,25,25,0,2,1,13,0,1,1,13,0,1,12,0,34
25,13,38,39,25,25,0,2,2,13,0,1,2,22,1,2,20,1,25
25,13,38,39,25,25,0,2,3,13,0,1,1,13,0,1,1,1,30
25,13,38,39,25,25,0,2,4,4,0,2,2,4,0,2,2,1,30
25,13,38,39,25,25,0,2,5,5,0,2,2,5,0,2,3,1,18
25,13,38,39,25,25,0,2,6,6,0,2,2,6,0,2,4,1,27
25,13,38,39,25,25,0,2,7,7,0,2,2,7,0,2,5,1,25
25,13,38,39,25,25,0,2,8,8,0,2,2,8,0,2,6,1,23
25,13,38,39,25,25,0,2,9,9,0,2,2,9,0,2,7,1,25
25,13,38,39,25,25,0,2,10,10,0,2,2,10,0,2,8,1,25
25,13,38,39,25,25,0,2,11,11,0,2,2,11,0,2,9,1,22
25,13,38,39,25,25,0,2,12,12,0,2,2,12,0,2,10,1,24
25,13,38,39,25,25,0,2,13,11,1,2,2,13,0,2,11,1,22
25,13,38,39,25,25,0,2,14,10,1,2,2,10,1,2,8,1,23
25,13,38,39,25,25,0,2,15,9,1,2,2,9,1,2,7,1,22
25,13,38,39,25,25,0,2,16,8,1,2,2,16,0,2,14,1,23
25,13,38,39,25,25,0,2,17,7,1,2,2,7,1,2,5,1,24
25,13,38,39,25,25,0,2,18,6,1,2,2,18,0,2,16,1,22
25,13,38,39,25,25,0,2,19,5,1,2,2,19,0,2,17,1,25
25,13,38,39,25,25,0,2,20,4,1,2,2,4,1,2,2,1,23
25,13,38,39,25,25,0,2,21,13,0,1,2,21,0,2,19,1,24
25,13,38,39,25,25,0,2,22,13,0,1,2,22,0,2,20,1,27
25,13,38,39,25,25,0,2,23,13,0,1,2,23,0,2,21,1,27
25,14,39,40,25,14,0,2,1,12,1,2,1,12,1,2,1,1,33
25,14,39,40,25,14,0,2,2,11,1,2,2,11,1,2,9,1,26
25,14,39,40,25,14,0,2,3,10,1,2,1,10,1,2,1,1,31
25,14,39,40,25,14,0,2,4,4,0,2,2,4,0,2,2,1,30
25,14,39,40,25,14,0,2,5,5,0,2,2,5,0,2,3,1,30
25,14,39,40,25,14,0,2,6,6,0,2,2,6,0,2,4,1,31
25,14,39,40,25,14,0,2,7,6,1,2,1,6,1,2,1,1,30
25,14,39,40,25,14,0,2,8,5,1,2,1,5,1,2,1,1,30
25,14,39,40,25,14,0,2,9,4,1,2,1,4,1,2,1,1,31
25,14,39,40,25,14,0,2,10,3,1,2,1,3,1,2,1,1,30
25,14,39,40,25,14,0,2,11,11,0,2,2,11,0,2,9,1,30
25,14,39,40,25,14,0,2,12,12,0,2,2,12,0,2,10,1,32
25,14,39,40,25,25,0,2,1,14,0,1,1,14,0,1,1,1,33
25,14,39,40,25,25,0,2,2,14,0,1,1,14,0,1,1,1,27
25,14,39,40,25,25,0,2,3,14,0,1,1,14,0,1,1,1,31
25,14,39,40,25,25,0,2,4,4,0,2,2,4,0,2,2,1,31
25,14,39,40,25,25,0,2,5,5,0,2,2,5,0,2,3,1,30
25,14,39,40,25,25,0,2,6,6,0,2,2,6,0,2,4,1,30
25,14,39,40,25,25,0,2,7,7,0,2,2,7,0,2,5,1,31
25,14,39,40,25,25,0,2,8,8,0,2,2,8,0,2,6,1,30
25,14,39,40,25,25,0,2,9,9,0,2,2,9,0,2,7,1,29
25,14,39,40,25,25,0,2,10,10,0,2,2,10,0,2,8,1,30
25,14,39,40,25,25,0,2,11,11,0,2,2,11,0,2,9,1,28
25,14,39,40,25,25,0,2,12,12,0,2,2,12,0,2,10,1,30
25,14,39,40,25,25,0,2,13,11,1,2,1,11,1,2,1,1,29
25,14,39,40,25,25,0,2,14,10,1,2,1,10,1,2,1,1,28
25,14,39,40,25,25,0,2,15,9,1,2,1,9,1,2,1,1,31
25,14,39,40,25,25,0,2,16,8,1,2,1,8,1,2,1,1,30
25,14,39,40,25,25,0,2,17,7,1,2,1,7,1,2,1,1,30
25,14,39,40,25,25,0,2,18,6,1,2,1,6,1,2,1,1,30
25,14,39,40,25,25,0,2,19,5,1,2,1,5,1,2,1,1,30
25,14,39,40,25,25,0,2,20,4,1,2,1,4,1,2,1,1,31
25,14,39,40,25,25,0,2,21,3,1,2,1,3,1,2,1,1,31
25,14,39,40,25,25,0,2,22,14,0,1,2,14,0,1,12,1,30
25,14,39,40,25,25,0,2,23,14,0,1,1,14,0,1,1,1,32
26,2,28,29,26,26,0,2,1,24,1,2,1,24,1,2,1,1,22
26,2,28,29,26,26,0,2,2,23,1,2,2,23,1,2,2,2,12
26,2,28,29,26,26,0,2,3,3,0,2,1,3,0,2,1,1,21
26,2,28,29,26,26,0,2,4,4,0,2,1,4,0,2,1,1,21
26,2,28,29,26,26,0,2,5,5,0,2,1,5,0,2,1,1,15
26,2,28,29,26,26,0,2,6,6,0,2,1,6,0,2,1,1,21
26,2,28,29,26,26,0,2,7,7,0,2,1,7,0,2,1,1,21
26,2,28,29,26,26,0,2,8,8,0,2,1,8,0,2,1,1,18
26,2,28,29,26,26,0,2,9,9,0,2,1,9,0,2,1,1,21
26,2,28,29,26,26,0,2,10,10,0,2,1,10,0,2,1,1,20
26,2,28,29,26,26,0,2,11,11,0,2,1,11,0,2,1,1,19
26,2,28,29,26,26,0,2,12,12,0,2,2,12,0,2,10,1,20
26,2,28,29,26,26,0,2,13,12,1,2,2,13,0,2,1,1,18
26,2,28,29,26,26,0,2,14,11,1,2,1,11,1,2,1,1,21
26,2,28,29,26,26,0,2,15,10,1,2,2,10,1,2,8,1,16
26,2,28,29,26,26,0,2,16,9,1,2,1,9,1,2,1,1,20
26,2,28,29,26,26,0,2,17,8,1,2,1,8,1,2,1,1,21
26,2,28,29,26,26,0,2,18,7,1,2,2,7,1,2,5,1,20
26,2,28,29,26,26,0,2,19,6,1,2,1,6,1,2,1,1,20
26,2,28,29,26,26,0,2,20,5,1,2,2,20,0,2,1,1,19
26,2,28,29,26,26,0,2,21,4,1,2,2,4,1,2,2,1,20
26,2,28,29,26,26,0,2,22,3,1,2,1,3,1,2,1,1,21
26,2,28,29,26,26,0,2,23,23,0,2,1,23,0,2,1,1,21
26,2,28,29,26,26,0,2,24,24,0,2,1,24,0,2,1,1,21
26,3,29,30,26,3,0,2,1,26,0,1,1,26,0,1,1,1,24
26,3,29,30,26,26,0,2,1,3,0,1,1,3,0,1,2,0,24
26,3,29,30,26,26,0,2,2,23,1,2,2,23,1,2,21,1,14
26,3,29,30,26,26,0,2,3,22,1,2,1,22,1,2,1,1,20
26,3,29,30,26,26,0,2,4,4,0,2,2,4,0,2,2,1,19
26,3,29,30,26,26,0,2,5,5,0,2,2,5,0,2,3,1,15
26,3,29,30,26,26,0,2,6,6,0,2,2,6,0,2,4,1,20
26,3,29,30,26,26,0,2,7,7,0,2,2,7,0,2,5,1,18
26,3,29,30,26,26,0,2,8,8,0,2,2,8,0,2,6,1,17
26,3,29,30,26,26,0,2,9,9,0,2,2,9,0,2,7,1,19
26,3,29,30,26,26,0,2,10,10,0,2,2,10,0,2,8,1,17
26,3,29,30,26,26,0,2,11,11,0,2,2,11,0,2,9,1,17
26,3,29,30,26,26,0,2,12,12,0,2,2,12,0,2,10,1,16
26,3,29,30,26,26,0,2,13,12,1,2,2,12,1,2,10,1,15
26,3,29,30,26,26,0,2,14,11,1,2,2,11,1,2,9,1,17
26,3,29,30,26,26,0,2,15,10,1,2,2,10,1,2,8,1,17
26,3,29,30,26,26,0,2,16,9,1,2,2,9,1,2,7,1,13
26,3,29,30,26,26,0,2,17,8,1,2,2,8,1,2,6,1,17
26,3,29,30,26,26,0,2,18,7,1,2,2,7,1,2,5,1,18
26,3,29,30,26,26,0,2,19,6,1,2,2,6,1,2,4,1,17
26,3,29,30,26,26,0,2,20,5,1,2,2,20,0,2,18,1,18
26,3,29,30,26,26,0,2,21,4,1,2,2,4,1,2,2,1,19
26,3,29,30,26,26,0,2,22,22,0,2,2,22,0,2,20,1,17
26,3,29,30,26,26,0,2,23,23,0,2,2,23,0,2,21,1,20
26,3,29,30,26,26,0,2,24,24,0,2,2,24,0,2,22,1,21
26,4,30,31,26,4,0,2,1,26,0,1,1,26,0,1,1,1,24
26,4,30,31,26,4,0,2,2,26,0,1,3,26,0,1,23,2,20
26,4,30,31,26,26,0,2,1,4,0,1,1,4,0,1,1,1,24
26,4,30,31,26,26,0,2,2,23,1,2,2,23,1,2,21,1,14
26,4,30,31,26,26,0,2,3,4,0,1,1,4,0,1,1,1,22
26,4,30,31,26,26,0,2,4,4,0,1,1,4,0,1,1,1,12
26,4,30,31,26,26,0,2,5,5,0,2,2,5,0,2,3,1,12
26,4,30,31,26,26,0,2,6,4,0,1,1,4,0,1,1,1,18
26,4,30,31,26,26,0,2,7,4,0,1,1,4,0,1,1,1,13
26,4,30,31,26,26,0,2,8,8,0,2,2,8,0,2,6,1,14
26,4,30,31,26,26,0,2,9,4,0,1,1,4,0,1,1,1,13
26,4,30,31,26,26,0,2,10,10,0,2,2,10,0,2,8,1,16
26,4,30,31,26,26,0,2,11,11,0,2,2,11,0,2,9,1,13
26,4,30,31,26,26,0,2,12,12,0,2,2,12,0,2,10,1,12
26,4,30,31,26,26,0,2,13,4,0,1,1,4,0,1,1,1,17
26,4,30,31,26,26,0,2,14,11,1,2,2,14,0,2,12,1,5
26,4,30,31,26,26,0,2,15,4,0,1,1,4,0,1,1,1,17
26,4,30,31,26,26,0,2,16,9,1,2,2,9,1,2,7,1,12
26,4,30,31,26,26,0,2,17,8,1,2,2,17,0,2,15,1,9
26,4,30,31,26,26,0,2,18,4,0,1,1,4,0,1,1,1,18
26,4,30,31,26,26,0,2,19,6,1,2,2,19,0,2,17,1,14
26,4,30,31,26,26,0,2,20,5,1,2,2,20,0,2,18,1,12
26,4,30,31,26,26,0,2,21,4,0,1,1,4,0,1,1,1,19
26,4,30,31,26,26,0,2,22,22,0,2,2,22,0,2,20,1,15
26,4,30,31,26,26,0,2,23,23,0,2,2,23,0,2,21,1,15
26,4,30,31,26,26,0,2,24,4,0,1,1,4,0,1,1,1,20
26,5,31,32,26,5,0,2,1,3,1,2,1,3,1,2,1,1,25
26,5,31,32,26,5,0,2,2,26,0,1,1,26,0,1,1,1,20
26,5,31,32,26,5,0,2,3,26,0,1,1,26,0,1,1,1,24
26,5,31,32,26,26,0,2,1,5,0,1,1,5,0,1,1,1,25
26,5,31,32,26,26,0,2,2,5,0,1,2,23,1,2,21,1,18
26,5,31,32,26,26,0,2,3,5,0,1,2,5,0,1,3,1,22
26,5,31,32,26,26,0,2,4,4,0,2,1,4,0,2,1,1,23
26,5,31,32,26,26,0,2,5,5,0,1,2,5,0,2,3,1,21
26,5,31,32,26,26,0,2,6,5,0,1,2,5,0,1,3,1,22
26,5,31,32,26,26,0,2,7,5,0,1,2,7,0,2,1,1,22
26,5,31,32,26,26,0,2,8,5,0,1,2,8,0,2,6,1,21
26,5,31,32,26,26,0,2,9,5,0,1,2,9,0,2,7,1,21
26,5,31,32,26,26,0,2,10,5,0,1,2,10,0,2,1,1,22
26,5,31,32,26,26,0,2,11,5,0,1,2,11,0,2,9,1,21
26,5,31,32,26,26,0,2,12,5,0,1,2,12,0,2,1,1,22
26,5,31,32,26,26,0,2,13,5,0,1,2,12,1,2,1,1,21
26,5,31,32,26,26,0,2,14,5,0,1,2,11,1,2,1,1,21
26,5,31,32,26,26,0,2,15,5,0,1,2,10,1,2,1,1,22
26,5,31,32,26,26,0,2,16,5,0,1,2,9,1,2,1,1,21
26,5,31,32,26,26,0,2,17,5,0,1,2,8,1,2,1,1,22
26,5,31,32,26,26,0,2,18,5,0,1,2,7,1,2,1,1,21
26,5,31,32,26,26,0,2,19,5,0,1,2,6,1,2,1,1,21
26,5,31,32,26,26,0,2,20,5,0,1,2,5,1,2,1,1,22
26,5,31,32,26,26,0,2,21,4,1,2,1,4,1,2,1,1,21
26,5,31,32,26,26,0,2,22,3,1,2,1,3,1,2,1,1,21
26,5,31,32,26,26,0,2,23,5,0,1,2,23,0,2,1,1,22
26,5,31,32,26,26,0,2,24,5,0,1,2,24,0,2,22,1,22
26,6,32,33,26,6,0,2,1,4,1,2,0,4,1,2,0,0,27
26,6,32,33,26,6,0,2,2,26,0,1,2,26,0,1,2,2,20
26,6,32,33,26,6,0,2,3,26,0,1,1,26,0,1,1,1,24
26,6,32,33,26,6,0,2,4,4,0,2,2,4,0,2,2,1,24
26,6,32,33,26,26,0,2,1,6,0,1,2,6,0,1,4,1,25
26,6,32,33,26,26,0,2,2,6,0,1,3,23,1,2,21,1,20
26,6,32,33,26,26,0,2,3,6,0,1,1,6,0,1,1,1,21
26,6,32,33,26,26,0,2,4,4,0,2,2,4,0,2,2,1,20
26,6,32,33,26,26,0,2,5,5,0,2,2,20,1,2,18,1,17
26,6,32,33,26,26,0,2,6,6,0,1,1,6,0,1,1,1,13
26,6,32,33,26,26,0,2,7,6,0,1,3,7,0,2,5,1,17
26,6,32,33,26,26,0,2,8,6,0,1,3,17,1,2,15,1,15
26,6,32,33,26,26,0,2,9,6,0,1,2,9,0,2,7,1,12
26,6,32,33,26,26,0,2,10,6,0,1,3,10,0,2,8,1,17
26,6,32,33,26,26,0,2,11,6,0,1,3,11,0,2,9,1,15
26,6,32,33,26,26,0,2,12,6,0,1,2,12,0,2,10,1,14
26,6,32,33,26,26,0,2,13,6,0,1,3,12,1,2,10,1,19
26,6,32,33,26,26,0,2,14,6,0,1,3,11,1,2,9,1,14
26,6,32,33,26,26,0,2,15,6,0,1,3,15,0,2,13,1,13
26,6,32,33,26,26,0,2,16,6,0,1,2,9,1,2,7,1,20
26,6,32,33,26,26,0,2,17,6,0,1,3,6,0,1,3,2,11
26,6,32,33,26,26,0,2,18,6,0,1,3,7,1,2,5,1,14
26,6,32,33,26,26,0,2,19,6,0,1,2,6,1,2,4,1,19
26,6,32,33,26,26,0,2,20,5,1,2,2,20,0,2,18,1,14
26,6,32,33,26,26,0,2,21,4,1,2,2,4,1,2,2,1,15
26,6,32,33,26,26,0,2,22,6,0,1,2,22,0,2,20,1,19
26,6,32,33,26,26,0,2,23,6,0,1,3,23,0,2,21,1,17
26,6,32,33,26,26,0,2,24,6,0,1,3,24,0,2,22,1,18
26,7,33,34,26,7,0,2,1,5,1,2,1,5,1,2,1,1,27
26,7,33,34,26,7,0,2,2,4,1,2,2,4,1,2,2,1,19
26,7,33,34,26,7,0,2,3,3,0,2,1,3,0,2,1,1,26
26,7,33,34,26,7,0,2,4,4,0,2,2,4,0,2,2,1,25
26,7,33,34,26,7,0,2,5,5,0,2,1,5,0,2,1,1,24
26,7,33,34,26,26,0,2,1,7,0,1,1,7,0,1,1,1,27
26,7,33,34,26,26,0,2,2,7,0,1,1,7,0,1,1,1,18
26,7,33,34,26,26,0,2,3,7,0,1,1,7,0,1,1,1,25
26,7,33,34,26,26,0,2,4,4,0,2,2,4,0,2,2,1,24
26,7,33,34,26,26,0,2,5,5,0,2,2,5,0,2,3,1,21
26,7,33,34,26,26,0,2,6,6,0,2,1,6,0,2,1,1,26
26,7,33,34,26,26,0,2,7,7,0,1,2,7,0,1,5,1,23
26,7,33,34,26,26,0,2,8,7,0,1,2,7,0,1,5,1,22
26,7,33,34,26,26,0,2,9,7,0,1,1,7,0,1,1,1,24
26,7,33,34,26,26,0,2,10,7,0,1,2,7,0,1,5,1,23
26,7,33,34,26,26,0,2,11,7,0,1,1,7,0,1,1,1,22
26,7,33,34,26,26,0,2,12,7,0,1,1,7,0,1,1,1,23
26,7,33,34,26,26,0,2,13,7,0,1,2,7,0,1,5,1,21
26,7,33,34,26,26,0,2,14,7,0,1,1,7,0,1,1,1,22
26,7,33,34,26,26,0,2,15,7,0,1,2,7,0,1,5,1,20
26,7,33,34,26,26,0,2,16,7,0,1,2,7,0,1,5,1,21
26,7,33,34,26,26,0,2,17,7,0,1,1,7,0,1,1,1,24
26,7,33,34,26,26,0,2,18,7,0,1,2,7,0,1,5,1,21
26,7,33,34,26,26,0,2,19,6,1,2,1,6,1,2,1,1,24
26,7,33,34,26,26,0,2,20,5,1,2,1,5,1,2,1,1,23
26,7,33,34,26,26,0,2,21,4,1,2,2,4,1,2,2,1,23
26,7,33,34,26,26,0,2,22,3,1,2,1,3,1,2,1,1,23
26,7,33,34,26,26,0,2,23,7,0,1,2,7,0,1,5,1,23
26,7,33,34,26,26,0,2,24,7,0,1,1,7,0,1,1,1,25
26,8,34,35,26,8,0,2,1,6,1,2,0,6,1,2,0,0,29
26,8,34,35,26,8,0,2,2,5,1,2,1,5,1,2,1,1,24
26,8,34,35,26,8,0,2,3,4,1,2,1,4,1,2,1,1,26
26,8,34,35,26,8,0,2,4,3,1,2,1,3,1,2,1,1,26
26,8,34,35,26,8,0,2,5,5,0,2,2,5,0,2,3,1,18
26,8,34,35,26,8,0,2,6,6,0,2,2,6,0,2,4,1,26
26,8,34,35,26,26,0,2,1,8,0,1,1,24,1,2,0,0,29
26,8,34,35,26,26,0,2,2,8,0,1,2,23,1,2,21,1,21
26,8,34,35,26,26,0,2,3,8,0,1,2,22,1,2,1,1,23
26,8,34,35,26,26,0,2,4,4,0,2,2,4,0,2,2,1,24
26,8,34,35,26,26,0,2,5,5,0,2,2,5,0,2,3,1,13
26,8,34,35,26,26,0,2,6,6,0,2,2,6,0,2,4,1,22
26,8,34,35,26,26,0,2,7,7,0,2,2,7,0,2,5,1,23
26,8,34,35,26,26,0,2,8,8,0,1,2,8,0,2,6,1,15
26,8,34,35,26,26,0,2,9,8,0,1,2,9,0,2,7,1,22
26,8,34,35,26,26,0,2,10,8,0,1,2,10,0,2,8,1,21
26,8,34,35,26,26,0,2,11,8,0,1,2,11,0,2,9,1,17
26,8,34,35,26,26,0,2,12,8,0,1,2,12,0,2,10,1,21
26,8,34,35,26,26,0,2,13,8,0,1,2,12,1,2,10,1,18
26,8,34,35,26,26,0,2,14,8,0,1,2,11,1,2,9,1,21
26,8,34,35,26,26,0,2,15,8,0,1,2,10,1,2,8,1,17
26,8,34,35,26,26,0,2,16,8,0,1,2,16,0,2,14,1,17
26,8,34,35,26,26,0,2,17,8,0,1,2,8,1,2,1,1,23
26,8,34,35,26,26,0,2,18,7,1,2,2,7,1,2,5,1,15
26,8,34,35,26,26,0,2,19,6,1,2,1,6,1,2,1,1,21
26,8,34,35,26,26,0,2,20,5,1,2,2,20,0,2,18,1,21
26,8,34,35,26,26,0,2,21,4,1,2,2,4,1,2,2,1,20
26,8,34,35,26,26,0,2,22,3,1,2,1,3,1,2,1,1,22
26,8,34,35,26,26,0,2,23,8,0,1,2,23,0,2,21,1,23
26,8,34,35,26,26,0,2,24,8,0,1,2,24,0,2,22,1,22
26,9,35,36,26,9,0,2,1,7,1,2,1,7,1,2,1,1,29
26,9,35,36,26,9,0,2,2,6,1,2,2,6,1,2,4,1,21
26,9,35,36,26,9,0,2,3,3,0,2,1,3,0,2,1,1,28
26,9,35,36,26,9,0,2,4,4,0,2,1,4,0,2,1,1,28
26,9,35,36,26,9,0,2,5,5,0,2,2,5,0,2,3,1,23
26,9,35,36,26,9,0,2,6,6,0,2,1,6,0,2,1,1,28
26,9,35,36,26,9,0,2,7,7,0,2,1,7,0,2,1,1,28
26,9,35,36,26,26,0,2,1,9,0,1,1,9,0,1,1,1,29
26,9,35,36,26,26,0,2,2,9,0,1,1,9,0,1,1,1,21
26,9,35,36,26,26,0,2,3,9,0,1,1,9,0,1,1,1,27
26,9,35,36,26,26,0,2,4,4,0,2,2,4,0,2,2,1,27
26,9,35,36,26,26,0,2,5,5,0,2,2,5,0,2,3,1,25
26,9,35,36,26,26,0,2,6,6,0,2,2,6,0,2,4,1,26
26,9,35,36,26,26,0,2,7,7,0,2,2,7,0,2,5,1,26
26,9,35,36,26,26,0,2,8,8,0,2,2,8,0,2,6,1,25
26,9,35,36,26,26,0,2,9,9,0,1,2,9,0,1,7,1,26
26,9,35,36,26,26,0,2,10,9,0,1,2,9,0,1,7,1,26
26,9,35,36,26,26,0,2,11,9,0,1,2,9,0,1,7,1,26
26,9,35,36,26,26,0,2,12,9,0,1,2,12,0,2,10,1,22
26,9,35,36,26,26,0,2,13,9,0,1,2,9,0,1,7,1,27
26,9,35,36,26,26,0,2,14,9,0,1,2,11,1,2,1,1,26
26,9,35,36,26,26,0,2,15,9,0,1,2,9,0,1,7,1,25
26,9,35,36,26,26,0,2,16,9,0,1,2,9,0,1,7,1,24
26,9,35,36,26,26,0,2,17,8,1,2,1,8,1,2,1,1,25
26,9,35,36,26,26,0,2,18,7,1,2,1,7,1,2,1,1,25
26,9,35,36,26,26,0,2,19,6,1,2,1,6,1,2,1,1,25
26,9,35,36,26,26,0,2,20,5,1,2,1,5,1,2,1,1,26
26,9,35,36,26,26,0,2,21,4,1,2,1,4,1,2,1,1,26
26,9,35,36,26,26,0,2,22,9,0,1,2,22,0,2,20,1,23
26,9,35,36,26,26,0,2,23,9,0,1,2,9,0,1,7,1,26
26,9,35,36,26,26,0,2,24,9,0,1,2,9,0,1,7,1,27
26,10,36,37,26,10,0,2,1,8,1,2,1,8,1,2,1,1,30
26,10,36,37,26,10,0,2,2,7,1,2,1,7,1,2,1,1,24
26,10,36,37,26,10,0,2,3,6,1,2,1,6,1,2,1,1,28
26,10,36,37,26,10,0,2,4,4,0,2,2,4,0,2,2,1,28
26,10,36,37,26,10,0,2,5,4,1,2,2,4,1,2,2,1,18
26,10,36,37,26,10,0,2,6,3,1,2,1,3,1,2,1,1,28
26,10,36,37,26,10,0,2,7,7,0,2,2,7,0,2,5,1,25
26,10,36,37,26,10,0,2,8,8,0,2,2,8,0,2,6,1,24
26,10,36,37,26,26,0,2,1,10,0,1,1,10,0,1,1,1,30
26,10,36,37,26,26,0,2,2,10,0,1,2,10,0,1,8,1,26
26,10,36,37,26,26,0,2,3,10,0,1,1,10,0,1,1,1,27
26,10,36,37,26,26,0,2,4,4,0,2,2,4,0,2,2,1,28
26,10,36,37,26,26,0,2,5,5,0,2,2,5,0,2,3,1,20
26,10,36,37,26,26,0,2,6,6,0,2,2,6,0,2,4,1,27
26,10,36,37,26,26,0,2,7,7,0,2,2,7,0,2,5,1,24
26,10,36,37,26,26,0,2,8,8,0,2,2,8,0,2,6,1,21
26,10,36,37,26,26,0,2,9,9,0,2,2,9,0,2,7,1,22
26,10,36,37,26,26,0,2,10,10,0,1,2,10,0,2,8,1,17
26,10,36,37,26,26,0,2,11,10,0,1,2,11,0,2,9,1,21
26,10,36,37,26,26,0,2,12,10,0,1,2,12,0,2,10,1,22
26,10,36,37,26,26,0,2,13,10,0,1,2,13,0,2,11,1,21
26,10,36,37,26,26,0,2,14,10,0,1,2,11,1,2,9,1,22
26,10,36,37,26,26,0,2,15,10,0,1,2,10,0,1,8,1,23
26,10,36,37,26,26,0,2,16,9,1,2,2,9,1,2,7,1,23
26,10,36,37,26,26,0,2,17,8,1,2,2,17,0,2,15,1,19
26,10,36,37,26,26,0,2,18,7,1,2,2,7,1,2,5,1,24
26,10,36,37,26,26,0,2,19,6,1,2,2,6,1,2,4,1,19
26,10,36,37,26,26,0,2,20,5,1,2,2,20,0,2,18,1,22
26,10,36,37,26,26,0,2,21,4,1,2,2,4,1,2,2,1,23
26,10,36,37,26,26,0,2,22,10,0,1,2,22,0,2,20,1,22
26,10,36,37,26,26,0,2,23,10,0,1,2,23,0,2,21,1,24
26,10,36,37,26,26,0,2,24,10,0,1,2,10,0,1,8,1,26
26,11,37,38,26,11,0,2,1,9,1,2,1,9,1,2,1,1,31
26,11,37,38,26,11,0,2,2,8,1,2,2,26,0,1,1,1,22
26,11,37,38,26,11,0,2,3,7,1,2,1,7,1,2,1,1,29
26,11,37,38,26,11,0,2,4,4,0,2,2,4,0,2,2,1,29
26,11,37,38,26,11,0,2,5,5,0,2,2,5,0,2,3,1,28
26,11,37,38,26,11,0,2,6,4,1,2,1,4,1,2,1,1,29
26,11,37,38,26,11,0,2,7,3,1,2,1,3,1,2,1,1,29
26,11,37,38,26,11,0,2,8,8,0,2,2,8,0,2,6,1,28
26,11,37,38,26,11,0,2,9,9,0,2,2,9,0,2,7,1,29
26,11,37,38,26,26,0,2,1,11,0,1,1,11,0,1,1,1,31
26,11,37,38,26,26,0,2,2,11,0,1,1,11,0,1,1,1,21
26,11,37,38,26,26,0,2,3,11,0,1,2,11,0,1,9,1,28
26,11,37,38,26,26,0,2,4,4,0,2,1,4,0,2,1,1,30
26,11,37,38,26,26,0,2,5,5,0,2,2,5,0,2,3,1,23
26,11,37,38,26,26,0,2,6,6,0,2,2,6,0,2,4,1,28
26,11,37,38,26,26,0,2,7,7,0,2,1,7,0,2,1,1,29
26,11,37,38,26,26,0,2,8,8,0,2,2,8,0,2,6,1,25
26,11,37,38,26,26,0,2,9,9,0,2,2,9,0,2,7,1,28
26,11,37,38,26,26,0,2,10,10,0,2,1,10,0,2,1,1,27
26,11,37,38,26,26,0,2,11,11,0,1,2,11,0,2,9,1,26
26,11,37,38,26,26,0,2,12,11,0,1,2,11,0,1,9,1,27
26,11,37,38,26,26,0,2,13,11,0,1,2,12,1,2,1,1,26
26,11,37,38,26,26,0,2,14,11,0,1,1,11,0,1,1,1,29
26,11,37,38,26,26,0,2,15,10,1,2,1,10,1,2,1,1,25
26,11,37,38,26,26,0,2,16,9,1,2,1,9,1,2,1,1,27
26,11,37,38,26,26,0,2,17,8,1,2,1,8,1,2,1,1,27
26,11,37,38,26,26,0,2,18,7,1,2,1,7,1,2,1,1,24
26,11,37,38,26,26,0,2,19,6,1,2,1,6,1,2,1,1,28
26,11,37,38,26,26,0,2,20,5,1,2,1,5,1,2,1,1,27
26,11,37,38,26,26,0,2,21,4,1,2,1,4,1,2,1,1,24
26,11,37,38,26,26,0,2,22,3,1,2,1,3,1,2,1,1,28
26,11,37,38,26,26,0,2,23,11,0,1,2,23,0,2,1,1,27
26,11,37,38,26,26,0,2,24,11,0,1,2,24,0,2,22,1,26
26,12,38,39,26,12,0,2,1,10,1,2,0,10,1,2,0,0,33
26,12,38,39,26,12,0,2,2,9,1,2,2,9,1,2,7,1,25
26,12,38,39,26,12,0,2,3,8,1,2,1,8,1,2,1,1,30
26,12,38,39,26,12,0,2,4,4,0,2,2,4,0,2,2,1,29
26,12,38,39,26,12,0,2,5,5,0,2,2,5,0,2,3,1,19
26,12,38,39,26,12,0,2,6,5,1,2,1,5,1,2,1,1,30
26,12,38,39,26,12,0,2,7,4,1,2,2,4,1,2,2,1,24
26,12,38,39,26,12,0,2,8,8,0,2,2,8,0,2,6,1,24
26,12,38,39,26,12,0,2,9,9,0,2,2,9,0,2,7,1,28
26,12,38,39,26,12,0,2,10,10,0,2,2,10,0,2,8,1,25
26,12,38,39,26,26,0,2,1,12,0,1,1,24,1,2,0,0,33
26,12,38,39,26,26,0,2,2,12,0,1,2,23,1,2,21,1,25
26,12,38,39,26,26,0,2,3,12,0,1,1,12,0,1,1,1,30
26,12,38,39,26,26,0,2,4,4,0,2,2,4,0,2,2,1,30
26,12,38,39,26,26,0,2,5,5,0,2,2,5,0,2,3,1,17
26,12,38,39,26,26,0,2,6,6,0,2,2,6,0,2,4,1,30
26,12,38,39,26,26,0,2,7,7,0,2,2,7,0,2,5,1,26
26,12,38,39,26,26,0,2,8,8,0,2,2,8,0,2,6,1,21
26,12,38,39,26,26,0,2,9,9,0,2,2,9,0,2,7,1,27
26,12,38,39,26,26,0,2,10,10,0,2,2,10,0,2,8,1,24
26,12,38,39,26,26,0,2,11,11,0,2,2,11,0,2,9,1,24
26,12,38,39,26,26,0,2,12,12,0,1,2,12,0,2,10,1,18
26,12,38,39,26,26,0,2,13,12,0,1,2,12,1,2,10,1,24
26,12,38,39,26,26,0,2,14,11,1,2,2,11,1,2,9,1,25
26,12,38,39,26,26,0,2,15,10,1,2,2,15,0,2,13,1,18
26,12,38,39,26,26,0,2,16,9,1,2,2,9,1,2,7,1,25
26,12,38,39,26,26,0,2,17,8,1,2,2,8,1,2,6,1,22
26,12,38,39,26,26,0,2,18,7,1,2,2,18,0,2,16,1,18
26,12,38,39,26,26,0,2,19,6,1,2,2,6,1,2,4,1,26
26,12,38,39,26,26,0,2,20,5,1,2,2,5,1,2,2,2,18
26,12,38,39,26,26,0,2,21,4,1,2,2,4,1,2,2,1,21
26,12,38,39,26,26,0,2,22,12,0,1,2,22,0,2,20,1,27
26,12,38,39,26,26,0,2,23,12,0,1,2,23,0,2,21,1,23
26,12,38,39,26,26,0,2,24,12,0,1,2,24,0,2,22,1,25
26,13,39,40,26,13,0,2,1,11,1,2,1,11,1,2,1,1,33
26,13,39,40,26,13,0,2,2,10,1,2,2,10,1,2,8,1,23
26,13,39,40,26,13,0,2,3,3,0,2,1,3,0,2,1,1,32
26,13,39,40,26,13,0,2,4,4,0,2,2,4,0,2,2,1,31
26,13,39,40,26,13,0,2,5,5,0,2,1,5,0,2,1,1,28
26,13,39,40,26,13,0,2,6,6,0,2,1,6,0,2,1,1,32
26,13,39,40,26,13,0,2,7,5,1,2,1,5,1,2,1,1,30
26,13,39,40,26,13,0,2,8,4,1,2,1,4,1,2,1,1,30
26,13,39,40,26,13,0,2,9,3,1,2,1,3,1,2,1,1,31
26,13,39,40,26,13,0,2,10,10,0,2,2,10,0,2,8,1,30
26,13,39,40,26,13,0,2,11,11,0,2,1,11,0,2,1,1,31
26,13,39,40,26,26,0,2,1,13,0,1,1,13,0,1,1,1,33
26,13,39,40,26,26,0,2,2,13,0,1,1,13,0,1,1,1,23
26,13,39,40,26,26,0,2,3,3,0,2,1,3,0,2,1,1,32
26,13,39,40,26,26,0,2,4,4,0,2,2,4,0,2,2,1,31
26,13,39,40,26,26,0,2,5,5,0,2,2,5,0,2,3,1,30
26,13,39,40,26,26,0,2,6,6,0,2,1,6,0,2,1,1,32
26,13,39,40,26,26,0,2,7,7,0,2,2,7,0,2,5,1,30
26,13,39,40,26,26,0,2,8,8,0,2,2,8,0,2,6,1,30
26,13,39,40,26,26,0,2,9,9,0,2,2,9,0,2,7,1,31
26,13,39,40,26,26,0,2,10,10,0,2,2,10,0,2,8,1,30
26,13,39,40,26,26,0,2,11,11,0,2,2,11,0,2,9,1,30
26,13,39,40,26,26,0,2,12,12,0,2,2,12,0,2,10,1,30
26,13,39,40,26,26,0,2,13,12,1,2,1,12,1,2,1,1,30
26,13,39,40,26,26,0,2,14,11,1,2,1,11,1,2,1,1,29
26,13,39,40,26,26,0,2,15,10,1,2,1,10,1,2,1,1,30
26,13,39,40,26,26,0,2,16,9,1,2,2,9,1,2,7,1,29
26,13,39,40,26,26,0,2,17,8,1,2,1,8,1,2,1,1,30
26,13,39,40,26,26,0,2,18,7,1,2,1,7,1,2,1,1,30
26,13,39,40,26,26,0,2,19,6,1,2,2,6,1,2,4,1,29
26,13,39,40,26,26,0,2,20,5,1,2,1,5,1,2,1,1,30
26,13,39,40,26,26,0,2,21,4,1,2,1,4,1,2,1,1,31
26,13,39,40,26,26,0,2,22,3,1,2,1,3,1,2,1,1,29
26,13,39,40,26,26,0,2,23,13,0,1,2,13,0,1,11,1,30
26,13,39,40,26,26,0,2,24,13,0,1,2,13,0,1,11,1,32
27,2,29,30,27,27,0,2,1,25,1,2,0,25,1,2,0,0,24
27,2,29,30,27,27,0,2,2,24,1,2,1,24,1,2,1,1,22
27,2,29,30,27,27,0,2,3,23,1,2,1,23,1,2,1,1,21
27,2,29,30,27,27,0,2,4,4,0,2,2,4,0,2,2,1,21
27,2,29,30,27,27,0,2,5,5,0,2,2,5,0,2,3,1,21
27,2,29,30,27,27,0,2,6,6,0,2,2,6,0,2,4,1,21
27,2,29,30,27,27,0,2,7,7,0,2,2,7,0,2,5,1,21
27,2,29,30,27,27,0,2,8,8,0,2,2,8,0,2,6,1,21
27,2,29,30,27,27,0,2,9,9,0,2,2,9,0,2,7,1,21
27,2,29,30,27,27,0,2,10,10,0,2,2,10,0,2,8,1,21
27,2,29,30,27,27,0,2,11,11,0,2,2,11,0,2,9,1,20
27,2,29,30,27,27,0,2,12,12,0,2,2,12,0,2,10,1,21
27,2,29,30,27,27,0,2,13,13,0,2,3,13,0,2,11,1,20
27,2,29,30,27,27,0,2,14,12,1,2,2,12,1,2,10,1,21
27,2,29,30,27,27,0,2,15,11,1,2,1,11,1,2,1,1,21
27,2,29,30,27,27,0,2,16,10,1,2,1,10,1,2,1,1,20
27,2,29,30,27,27,0,2,17,9,1,2,1,9,1,2,1,1,21
27,2,29,30,27,27,0,2,18,8,1,2,1,8,1,2,1,1,21
27,2,29,30,27,27,0,2,19,7,1,2,1,7,1,2,1,1,21
27,2,29,30,27,27,0,2,20,6,1,2,1,6,1,2,1,1,21
27,2,29,30,27,27,0,2,21,5,1,2,1,5,1,2,1,1,21
27,2,29,30,27,27,0,2,22,4,1,2,1,4,1,2,1,1,21
27,2,29,30,27,27,0,2,23,3,1,2,1,3,1,2,1,1,21
27,2,29,30,27,27,0,2,24,24,0,2,2,24,0,2,22,1,21
27,2,29,30,27,27,0,2,25,25,0,2,2,25,0,2,23,1,22
27,3,30,31,27,3,0,2,1,27,0,1,2,27,0,1,25,1,24
27,3,30,31,27,27,0,2,1,25,1,2,1,25,1,2,1,1,23
27,3,30,31,27,27,0,2,2,24,1,2,2,24,1,2,22,1,15
27,3,30,31,27,27,0,2,3,23,1,2,2,23,1,2,2,2,12
27,3,30,31,27,27,0,2,4,4,0,2,2,4,0,2,2,1,21
27,3,30,31,27,27,0,2,5,5,0,2,2,21,1,2,19,1,15
27,3,30,31,27,27,0,2,6,6,0,2,2,6,0,2,4,1,11
27,3,30,31,27,27,0,2,7,7,0,2,2,7,0,2,5,1,17
27,3,30,31,27,27,0,2,8,8,0,2,2,18,1,2,16,1,17
27,3,30,31,27,27,0,2,9,9,0,2,2,9,0,2,7,1,12
27,3,30,31,27,27,0,2,10,10,0,2,2,10,0,2,8,1,16
27,3,30,31,27,27,0,2,11,11,0,2,2,11,0,2,9,1,17
27,3,30,31,27,27,0,2,12,12,0,2,2,12,0,2,10,1,16
27,3,30,31,27,27,0,2,13,13,0,2,2,13,0,2,11,1,15
27,3,30,31,27,27,0,2,14,12,1,2,2,14,0,2,12,1,13
27,3,30,31,27,27,0,2,15,11,1,2,2,11,1,2,9,1,17
27,3,30,31,27,27,0,2,16,10,1,2,2,10,1,2,8,1,10
27,3,30,31,27,27,0,2,17,9,1,2,2,9,1,2,7,1,15
27,3,30,31,27,27,0,2,18,8,1,2,2,8,1,2,6,1,16
27,3,30,31,27,27,0,2,19,7,1,2,2,7,1,2,5,1,13
27,3,30,31,27,27,0,2,20,6,1,2,2,20,0,2,18,1,16
27,3,30,31,27,27,0,2,21,5,1,2,2,21,0,2,19,1,16
27,3,30,31,27,27,0,2,22,4,1,2,2,4,1,2,2,1,16
27,3,30,31,27,27,0,2,23,23,0,2,2,23,0,2,21,1,18
27,3,30,31,27,27,0,2,24,24,0,2,2,24,0,2,22,1,17
27,3,30,31,27,27,0,2,25,25,0,2,2,25,0,2,23,1,19
27,4,31,32,27,4,0,2,1,27,0,1,1,27,0,1,1,1,25
27,4,31,32,27,4,0,2,2,27,0,1,2,27,0,1,2,2,18
27,4,31,32,27,27,0,2,1,4,0,1,1,4,0,1,1,1,25
27,4,31,32,27,27,0,2,2,4,0,1,1,4,0,1,1,1,14
27,4,31,32,27,27,0,2,3,4,0,1,1,4,0,1,1,1,22
27,4,31,32,27,27,0,2,4,4,0,1,1,4,0,1,1,1,23
27,4,31,32,27,27,0,2,5,4,0,1,1,4,0,1,1,1,14
27,4,31,32,27,27,0,2,6,4,0,1,1,4,0,1,1,1,20
27,4,31,32,27,27,0,2,7,7,0,2,2,7,0,2,5,1,18
27,4,31,32,27,27,0,2,8,4,0,1,1,4,0,1,1,1,20
27,4,31,32,27,27,0,2,9,9,0,2,2,9,0,2,7,1,17
27,4,31,32,27,27,0,2,10,10,0,2,2,10,0,2,8,1,17
27,4,31,32,27,27,0,2,11,4,0,1,1,4,0,1,1,1,21
27,4,31,32,27,27,0,2,12,12,0,2,2,12,0,2,10,1,15
27,4,31,32,27,27,0,2,13,4,0,1,1,4,0,1,1,1,18
27,4,31,32,27,27,0,2,14,4,0,1,1,4,0,1,1,1,20
27,4,31,32,27,27,0,2,15,11,1,2,2,15,0,2,13,1,16
27,4,31,32,27,27,0,2,16,4,0,1,1,4,0,1,1,1,19
27,4,31,32,27,27,0,2,17,9,1,2,2,9,1,2,7,1,13
27,4,31,32,27,27,0,2,18,4,0,1,1,4,0,1,1,1,18
27,4,31,32,27,27,0,2,19,4,0,1,1,4,0,1,1,1,19
27,4,31,32,27,27,0,2,20,6,1,2,2,6,1,2,4,1,16
27,4,31,32,27,27,0,2,21,4,0,1,1,4,0,1,1,1,20
27,4,31,32,27,27,0,2,22,4,0,1,1,4,0,1,1,1,21
27,4,31,32,27,27,0,2,23,23,0,2,2,23,0,2,21,1,19
27,4,31,32,27,27,0,2,24,4,0,1,1,4,0,1,1,1,22
27,4,31,32,27,27,0,2,25,4,0,1,1,4,0,1,1,1,24
27,5,32,33,27,5,0,2,1,3,1,2,1,27,0,1,26,0,27
27,5,32,33,27,5,0,2,2,27,0,1,2,27,0,1,2,2,21
27,5,32,33,27,5,0,2,3,27,0,1,1,27,0,1,1,1,24
27,5,32,33,27,27,0,2,1,5,0,1,2,5,0,1,3,1,25
27,5,32,33,27,27,0,2,2,5,0,1,2,24,1,2,22,1,21
27,5,32,33,27,27,0,2,3,5,0,1,2,23,1,2,1,1,22
27,5,32,33,27,27,0,2,4,4,0,2,2,4,0,2,2,1,22
27,5,32,33,27,27,0,2,5,5,0,1,2,5,0,2,3,1,12
27,5,32,33,27,27,0,2,6,5,0,1,2,6,0,2,4,1,22
27,5,32,33,27,27,0,2,7,5,0,1,2,7,0,2,5,1,20
27,5,32,33,27,27,0,2,8,5,0,1,2,8,0,2,6,1,14
27,5,32,33,27,27,0,2,9,5,0,1,2,9,0,2,7,1,21
27,5,32,33,27,27,0,2,10,5,0,1,2,10,0,2,8,1,21
27,5,32,33,27,27,0,2,11,5,0,1,2,11,0,2,9,1,19
27,5,32,33,27,27,0,2,12,5,0,1,2,12,0,2,10,1,18
27,5,32,33,27,27,0,2,13,5,0,1,2,13,0,2,11,1,21
27,5,32,33,27,27,0,2,14,5,0,1,2,12,1,2,1,1,20
27,5,32,33,27,27,0,2,15,5,0,1,2,15,0,2,13,1,16
27,5,32,33,27,27,0,2,16,5,0,1,2,10,1,2,8,1,21
27,5,32,33,27,27,0,2,17,5,0,1,2,9,1,2,7,1,17
27,5,32,33,27,27,0,2,18,5,0,1,2,18,0,2,16,1,18
27,5,32,33,27,27,0,2,19,5,0,1,2,7,1,2,5,1,21
27,5,32,33,27,27,0,2,20,5,0,1,2,6,1,2,4,1,20
27,5,32,33,27,27,0,2,21,5,0,1,2,21,0,2,19,1,20
27,5,32,33,27,27,0,2,22,4,1,2,2,4,1,2,2,1,21
27,5,32,33,27,27,0,2,23,5,0,1,2,23,0,2,21,1,21
27,5,32,33,27,27,0,2,24,5,0,1,2,24,0,2,22,1,22
27,5,32,33,27,27,0,2,25,5,0,1,2,25,0,2,23,1,22
27,6,33,34,27,6,0,2,1,4,1,2,1,4,1,2,1,1,27
27,6,33,34,27,6,0,2,2,27,0,1,1,27,0,1,1,1,20
27,6,33,34,27,6,0,2,3,27,0,1,2,27,0,1,25,1,24
27,6,33,34,27,6,0,2,4,4,0,2,2,4,0,2,2,1,26
27,6,33,34,27,27,0,2,1,6,0,1,1,6,0,1,1,1,27
27,6,33,34,27,27,0,2,2,6,0,1,2,24,1,2,22,1,17
27,6,33,34,27,27,0,2,3,6,0,1,2,23,1,2,1,1,23
27,6,33,34,27,27,0,2,4,4,0,2,2,4,0,2,2,1,25
27,6,33,34,27,27,0,2,5,5,0,2,2,5,0,2,3,1,18
27,6,33,34,27,27,0,2,6,6,0,1,2,6,0,2,4,1,23
27,6,33,34,27,27,0,2,7,6,0,1,2,6,0,1,4,1,24
27,6,33,34,27,27,0,2,8,6,0,1,3,8,0,2,6,1,19
27,6,33,34,27,27,0,2,9,6,0,1,3,9,0,2,7,1,22
27,6,33,34,27,27,0,2,10,6,0,1,2,10,0,2,8,1,21
27,6,33,34,27,27,0,2,11,6,0,1,3,11,0,2,9,1,18
27,6,33,34,27,27,0,2,12,6,0,1,3,12,0,2,10,1,20
27,6,33,34,27,27,0,2,13,6,0,1,3,13,0,2,11,1,20
27,6,33,34,27,27,0,2,14,6,0,1,2,12,1,2,1,1,22
27,6,33,34,27,27,0,2,15,6,0,1,3,11,1,2,9,1,18
27,6,33,34,27,27,0,2,16,6,0,1,3,10,1,2,8,1,20
27,6,33,34,27,27,0,2,17,6,0,1,2,9,1,2,1,1,22
27,6,33,34,27,27,0,2,18,6,0,1,3,8,1,2,6,1,17
27,6,33,34,27,27,0,2,19,6,0,1,3,7,1,2,5,1,20
27,6,33,34,27,27,0,2,20,6,0,1,2,6,1,2,4,1,20
27,6,33,34,27,27,0,2,21,5,1,2,2,21,0,2,19,1,20
27,6,33,34,27,27,0,2,22,4,1,2,2,4,1,2,2,1,22
27,6,33,34,27,27,0,2,23,6,0,1,2,23,0,2,21,1,22
27,6,33,34,27,27,0,2,24,6,0,1,3,24,0,2,22,1,22
27,6,33,34,27,27,0,2,25,6,0,1,2,25,0,2,23,1,24
27,7,34,35,27,7,0,2,1,5,1,2,1,27,0,1,26,0,29
27,7,34,35,27,7,0,2,2,4,1,2,2,4,1,2,2,1,24
27,7,34,35,27,7,0,2,3,3,1,2,1,3,1,2,1,1,25
27,7,34,35,27,7,0,2,4,4,0,2,2,4,0,2,2,1,26
27,7,34,35,27,7,0,2,5,5,0,2,2,5,0,2,3,1,20
27,7,34,35,27,27,0,2,1,7,0,1,1,7,0,1,1,1,28
27,7,34,35,27,27,0,2,2,7,0,1,4,24,1,2,22,1,21
27,7,34,35,27,27,0,2,3,7,0,1,1,7,0,1,1,1,25
27,7,34,35,27,27,0,2,4,4,0,2,2,4,0,2,2,1,26
27,7,34,35,27,27,0,2,5,5,0,2,2,5,0,2,3,1,14
27,7,34,35,27,27,0,2,6,6,0,2,2,6,0,2,4,1,24
27,7,34,35,27,27,0,2,7,7,0,1,1,7,0,1,1,1,17
27,7,34,35,27,27,0,2,8,7,0,1,2,8,0,2,6,1,16
27,7,34,35,27,27,0,2,9,7,0,1,1,7,0,1,1,1,23
27,7,34,35,27,27,0,2,10,7,0,1,2,10,0,2,8,1,16
27,7,34,35,27,27,0,2,11,7,0,1,2,11,0,2,9,1,20
27,7,34,35,27,27,0,2,12,7,0,1,2,7,0,1,5,1,23
27,7,34,35,27,27,0,2,13,7,0,1,2,7,0,1,2,2,15
27,7,34,35,27,27,0,2,14,7,0,1,2,12,1,2,10,1,21
27,7,34,35,27,27,0,2,15,7,0,1,2,11,1,2,9,1,19
27,7,34,35,27,27,0,2,16,7,0,1,2,16,0,2,14,1,14
27,7,34,35,27,27,0,2,17,7,0,1,2,7,0,1,5,1,22
27,7,34,35,27,27,0,2,18,7,0,1,4,8,1,2,6,1,15
27,7,34,35,27,27,0,2,19,7,0,1,1,7,0,1,1,1,19
27,7,34,35,27,27,0,2,20,6,1,2,2,6,1,2,4,1,21
27,7,34,35,27,27,0,2,21,5,1,2,2,21,0,2,19,1,19
27,7,34,35,27,27,0,2,22,4,1,2,2,4,1,2,2,1,22
27,7,34,35,27,27,0,2,23,7,0,1,2,23,0,2,21,1,22
27,7,34,35,27,27,0,2,24,7,0,1,2,24,0,2,22,1,22
27,7,34,35,27,27,0,2,25,7,0,1,2,7,0,1,5,1,22
27,8,35,36,27,8,0,2,1,6,1,2,1,6,1,2,1,1,29
27,8,35,36,27,8,0,2,2,5,1,2,2,27,0,1,1,1,20
27,8,35,36,27,8,0,2,3,4,1,2,1,4,1,2,1,1,27
27,8,35,36,27,8,0,2,4,3,1,2,1,3,1,2,1,1,26
27,8,35,36,27,8,0,2,5,5,0,2,2,5,0,2,3,1,26
27,8,35,36,27,8,0,2,6,6,0,2,2,6,0,2,4,1,28
27,8,35,36,27,27,0,2,1,8,0,1,1,8,0,1,1,1,29
27,8,35,36,27,27,0,2,2,8,0,1,1,8,0,1,1,1,20
27,8,35,36,27,27,0,2,3,3,0,2,1,3,0,2,1,1,28
27,8,35,36,27,27,0,2,4,4,0,2,1,4,0,2,1,1,27
27,8,35,36,27,27,0,2,5,5,0,2,1,5,0,2,1,1,25
27,8,35,36,27,27,0,2,6,6,0,2,1,6,0,2,1,1,26
27,8,35,36,27,27,0,2,7,7,0,2,1,7,0,2,1,1,25
27,8,35,36,27,27,0,2,8,8,0,1,2,8,0,2,1,1,25
27,8,35,36,27,27,0,2,9,8,0,1,2,9,0,2,1,1,25
27,8,35,36,27,27,0,2,10,8,0,1,2,10,0,2,8,1,24
27,8,35,36,27,27,0,2,11,8,0,1,2,8,0,1,6,1,27
27,8,35,36,27,27,0,2,12,8,0,1,2,12,0,2,10,1,24
27,8,35,36,27,27,0,2,13,8,0,1,2,13,0,2,11,1,23
27,8,35,36,27,27,0,2,14,8,0,1,2,8,0,1,6,1,25
27,8,35,36,27,27,0,2,15,8,0,1,2,11,1,2,1,1,24
27,8,35,36,27,27,0,2,16,8,0,1,2,10,1,2,1,1,23
27,8,35,36,27,27,0,2,17,8,0,1,2,9,1,2,1,1,25
27,8,35,36,27,27,0,2,18,8,0,1,2,8,1,2,1,1,24
27,8,35,36,27,27,0,2,19,7,1,2,1,7,1,2,1,1,24
27,8,35,36,27,27,0,2,20,6,1,2,1,6,1,2,1,1,26
27,8,35,36,27,27,0,2,21,5,1,2,1,5,1,2,1,1,25
27,8,35,36,27,27,0,2,22,4,1,2,1,4,1,2,1,1,25
27,8,35,36,27,27,0,2,23,3,1,2,1,3,1,2,1,1,26
27,8,35,36,27,27,0,2,24,8,0,1,2,24,0,2,1,1,25
27,8,35,36,27,27,0,2,25,8,0,1,2,25,0,2,1,1,26
27,9,36,37,27,9,0,2,1,7,1,2,1,7,1,2,1,1,30
27,9,36,37,27,9,0,2,2,6,1,2,2,6,1,2,4,1,24
27,9,36,37,27,9,0,2,3,5,1,2,1,5,1,2,1,1,28
27,9,36,37,27,9,0,2,4,4,0,2,2,4,0,2,2,1,27
27,9,36,37,27,9,0,2,5,5,0,2,2,5,0,2,3,1,24
27,9,36,37,27,9,0,2,6,6,0,2,2,6,0,2,4,1,28
27,9,36,37,27,9,0,2,7,7,0,2,2,7,0,2,5,1,25
27,9,36,37,27,27,0,2,1,9,0,1,1,9,0,1,1,1,30
27,9,36,37,27,27,0,2,2,9,0,1,2,24,1,2,22,1,25
27,9,36,37,27,27,0,2,3,9,0,1,2,9,0,1,7,1,27
27,9,36,37,27,27,0,2,4,4,0,2,2,4,0,2,2,1,26
27,9,36,37,27,27,0,2,5,5,0,2,2,5,0,2,3,1,23
27,9,36,37,27,27,0,2,6,6,0,2,2,6,0,2,4,1,24
27,9,36,37,27,27,0,2,7,7,0,2,2,7,0,2,5,1,22
27,9,36,37,27,27,0,2,8,8,0,2,2,8,0,2,6,1,23
27,9,36,37,27,27,0,2,9,9,0,1,2,9,0,2,7,1,16
27,9,36,37,27,27,0,2,10,9,0,1,2,10,0,2,8,1,22
27,9,36,37,27,27,0,2,11,9,0,1,2,11,0,2,9,1,24
27,9,36,37,27,27,0,2,12,9,0,1,2,12,0,2,10,1,18
27,9,36,37,27,27,0,2,13,9,0,1,2,13,0,2,11,1,23
27,9,36,37,27,27,0,2,14,9,0,1,2,12,1,2,10,1,23
27,9,36,37,27,27,0,2,15,9,0,1,2,11,1,2,9,1,22
27,9,36,37,27,27,0,2,16,9,0,1,2,10,1,2,8,1,23
27,9,36,37,27,27,0,2,17,9,0,1,2,17,0,2,15,1,18
27,9,36,37,27,27,0,2,18,8,1,2,2,8,1,2,6,1,24
27,9,36,37,27,27,0,2,19,7,1,2,2,7,1,2,5,1,19
27,9,36,37,27,27,0,2,20,6,1,2,2,20,0,2,18,1,21
27,9,36,37,27,27,0,2,21,5,1,2,2,21,0,2,19,1,23
27,9,36,37,27,27,0,2,22,4,1,2,2,4,1,2,2,1,23
27,9,36,37,27,27,0,2,23,9,0,1,2,23,0,2,21,1,23
27,9,36,37,27,27,0,2,24,9,0,1,2,24,0,2,22,1,25
27,9,36,37,27,27,0,2,25,9,0,1,2,25,0,2,23,1,24
27,10,37,38,27,10,0,2,1,8,1,2,1,8,1,2,1,1,31
27,10,37,38,27,10,0,2,2,7,1,2,2,7,1,2,5,1,21
27,10,37,38,27,10,0,2,3,6,1,2,1,6,1,2,1,1,29
27,10,37,38,27,10,0,2,4,4,0,2,2,4,0,2,2,1,29
27,10,37,38,27,10,0,2,5,4,1,2,1,4,1,2,1,1,27
27,10,37,38,27,10,0,2,6,3,1,2,1,3,1,2,1,1,29
27,10,37,38,27,10,0,2,7,7,0,2,2,7,0,2,5,1,28
27,10,37,38,27,10,0,2,8,8,0,2,2,8,0,2,6,1,28
27,10,37,38,27,27,0,2,1,10,0,1,1,10,0,1,1,1,31
27,10,37,38,27,27,0,2,2,10,0,1,1,10,0,1,1,1,20
27,10,37,38,27,27,0,2,3,10,0,1,1,10,0,1,1,1,29
27,10,37,38,27,27,0,2,4,4,0,2,2,4,0,2,2,1,29
27,10,37,38,27,27,0,2,5,5,0,2,2,5,0,2,3,1,25
27,10,37,38,27,27,0,2,6,6,0,2,2,6,0,2,4,1,29
27,10,37,38,27,27,0,2,7,7,0,2,2,7,0,2,5,1,28
27,10,37,38,27,27,0,2,8,8,0,2,2,8,0,2,6,1,26
27,10,37,38,27,27,0,2,9,9,0,2,2,9,0,2,7,1,26
27,10,37,38,27,27,0,2,10,10,0,1,2,10,0,1,8,1,27
27,10,37,38,27,27,0,2,11,10,0,1,2,10,0,1,8,1,27
27,10,37,38,27,27,0,2,12,10,0,1,2,10,0,1,8,1,25
27,10,37,38,27,27,0,2,13,10,0,1,2,10,0,1,8,1,27
27,10,37,38,27,27,0,2,14,10,0,1,1,10,0,1,1,1,29
27,10,37,38,27,27,0,2,15,10,0,1,2,10,0,1,8,1,28
27,10,37,38,27,27,0,2,16,10,0,1,2,10,0,1,8,1,27
27,10,37,38,27,27,0,2,17,9,1,2,1,9,1,2,1,1,28
27,10,37,38,27,27,0,2,18,8,1,2,1,8,1,2,1,1,26
27,10,37,38,27,27,0,2,19,7,1,2,1,7,1,2,1,1,28
27,10,37,38,27,27,0,2,20,6,1,2,1,6,1,2,1,1,27
27,10,37,38,27,27,0,2,21,5,1,2,1,5,1,2,1,1,27
27,10,37,38,27,27,0,2,22,4,1,2,1,4,1,2,1,1,28
27,10,37,38,27,27,0,2,23,3,1,2,1,3,1,2,1,1,27
27,10,37,38,27,27,0,2,24,10,0,1,2,10,0,1,8,1,27
27,10,37,38,27,27,0,2,25,10,0,1,1,10,0,1,1,1,29
27,11,38,39,27,11,0,2,1,9,1,2,1,27,0,1,26,0,33
27,11,38,39,27,11,0,2,2,8,1,2,2,8,1,2,6,1,25
27,11,38,39,27,11,0,2,3,7,1,2,1,7,1,2,1,1,29
27,11,38,39,27,11,0,2,4,4,0,2,2,4,0,2,2,1,30
27,11,38,39,27,11,0,2,5,5,0,2,2,5,0,2,3,1,17
27,11,38,39,27,11,0,2,6,4,1,2,1,4,1,2,1,1,27
27,11,38,39,27,11,0,2,7,7,0,2,2,7,0,2,5,1,29
27,11,38,39,27,11,0,2,8,8,0,2,2,8,0,2,6,1,23
27,11,38,39,27,11,0,2,9,9,0,2,2,9,0,2,7,1,26
27,11,38,39,27,27,0,2,1,11,0,1,1,11,0,1,10,0,33
27,11,38,39,27,27,0,2,2,11,0,1,2,24,1,2,22,1,25
27,11,38,39,27,27,0,2,3,11,0,1,1,11,0,1,1,1,30
27,11,38,39,27,27,0,2,4,4,0,2,2,4,0,2,2,1,29
27,11,38,39,27,27,0,2,5,5,0,2,2,5,0,2,3,1,17
27,11,38,39,27,27,0,2,6,6,0,2,2,6,0,2,4,1,28
27,11,38,39,27,27,0,2,7,7,0,2,2,7,0,2,5,1,26
27,11,38,39,27,27,0,2,8,8,0,2,2,8,0,2,6,1,19
27,11,38,39,27,27,0,2,9,9,0,2,2,9,0,2,7,1,25
27,11,38,39,27,27,0,2,10,10,0,2,2,10,0,2,8,1,24
27,11,38,39,27,27,0,2,11,11,0,1,2,11,0,2,9,1,16
27,11,38,39,27,27,0,2,12,11,0,1,2,12,0,2,10,1,22
27,11,38,39,27,27,0,2,13,11,0,1,2,13,0,2,11,1,23
27,11,38,39,27,27,0,2,14,11,0,1,2,14,0,2,12,1,19
27,11,38,39,27,27,0,2,15,11,0,1,2,11,1,2,9,1,20
27,11,38,39,27,27,0,2,16,10,1,2,2,10,1,2,8,1,23
27,11,38,39,27,27,0,2,17,9,1,2,2,9,1,2,7,1,20
27,11,38,39,27,27,0,2,18,8,1,2,2,18,0,2,16,1,21
27,11,38,39,27,27,0,2,19,7,1,2,2,7,1,2,5,1,26
27,11,38,39,27,27,0,2,20,6,1,2,2,6,1,2,4,1,17
27,11,38,39,27,27,0,2,21,5,1,2,2,21,0,2,19,1,24
27,11,38,39,27,27,0,2,22,4,1,2,2,4,1,2,2,1,24
27,11,38,39,27,27,0,2,23,11,0,1,2,23,0,2,21,1,22
27,11,38,39,27,27,0,2,24,11,0,1,2,24,0,2,22,1,26
27,11,38,39,27,27,0,2,25,11,0,1,2,25,0,2,23,1,27
27,12,39,40,27,12,0,2,1,10,1,2,1,10,1,2,1,1,33
27,12,39,40,27,12,0,2,2,9,1,2,2,9,1,2,7,1,22
27,12,39,40,27,12,0,2,3,8,1,2,1,8,1,2,1,1,31
27,12,39,40,27,12,0,2,4,4,0,2,2,4,0,2,2,1,31
27,12,39,40,27,12,0,2,5,5,0,2,2,5,0,2,3,1,27
27,12,39,40,27,12,0,2,6,5,1,2,1,5,1,2,1,1,30
27,12,39,40,27,12,0,2,7,4,1,2,1,4,1,2,1,1,31
27,12,39,40,27,12,0,2,8,3,1,2,1,3,1,2,1,1,29
27,12,39,40,27,12,0,2,9,9,0,2,2,9,0,2,7,1,30
27,12,39,40,27,12,0,2,10,10,0,2,2,10,0,2,8,1,31
27,12,39,40,27,27,0,2,1,12,0,1,1,12,0,1,1,1,33
27,12,39,40,27,27,0,2,2,12,0,1,1,12,0,1,1,1,24
27,12,39,40,27,27,0,2,3,3,0,2,1,3,0,2,1,1,32
27,12,39,40,27,27,0,2,4,4,0,2,2,4,0,2,2,1,31
27,12,39,40,27,27,0,2,5,5,0,2,2,5,0,2,3,1,30
27,12,39,40,27,27,0,2,6,6,0,2,1,6,0,2,1,1,32
27,12,39,40,27,27,0,2,7,7,0,2,2,7,0,2,5,1,30
27,12,39,40,27,27,0,2,8,8,0,2,2,8,0,2,6,1,30
27,12,39,40,27,27,0,2,9,9,0,2,1,9,0,2,1,1,31
27,12,39,40,27,27,0,2,10,10,0,2,2,10,0,2,8,1,30
27,12,39,40,27,27,0,2,11,11,0,2,2,11,0,2,9,1,28
27,12,39,40,27,27,0,2,12,12,0,1,2,12,0,1,10,1,30
27,12,39,40,27,27,0,2,13,12,0,1,2,12,0,1,10,1,30
27,12,39,40,27,27,0,2,14,12,0,1,2,12,0,1,10,1,28
27,12,39,40,27,27,0,2,15,11,1,2,1,11,1,2,1,1,30
27,12,39,40,27,27,0,2,16,10,1,2,1,10,1,2,1,1,30
27,12,39,40,27,27,0,2,17,9,1,2,1,9,1,2,1,1,30
27,12,39,40,27,27,0,2,18,8,1,2,1,8,1,2,1,1,30
27,12,39,40,27,27,0,2,19,7,1,2,1,7,1,2,1,1,31
27,12,39,40,27,27,0,2,20,6,1,2,1,6,1,2,1,1,30
27,12,39,40,27,27,0,2,21,5,1,2,1,5,1,2,1,1,30
27,12,39,40,27,27,0,2,22,4,1,2,1,4,1,2,1,1,31
27,12,39,40,27,27,0,2,23,3,1,2,1,3,1,2,1,1,30
27,12,39,40,27,27,0,2,24,12,0,1,2,12,0,1,10,1,30
27,12,39,40,27,27,0,2,25,12,0,1,2,12,0,1,10,1,32
28,2,30,31,28,28,0,2,1,26,1,2,1,26,1,2,1,1,24
28,2,30,31,28,28,0,2,2,25,1,2,2,25,1,2,2,2,17
28,2,30,31,28,28,0,2,3,3,0,2,1,3,0,2,1,1,23
28,2,30,31,28,28,0,2,4,4,0,2,1,4,0,2,1,1,23
28,2,30,31,28,28,0,2,5,5,0,2,1,5,0,2,1,1,19
28,2,30,31,28,28,0,2,6,6,0,2,1,6,0,2,1,1,23
28,2,30,31,28,28,0,2,7,7,0,2,1,7,0,2,1,1,23
28,2,30,31,28,28,0,2,8,8,0,2,1,8,0,2,1,1,20
28,2,30,31,28,28,0,2,9,9,0,2,1,9,0,2,1,1,23
28,2,30,31,28,28,0,2,10,10,0,2,1,10,0,2,1,1,21
28,2,30,31,28,28,0,2,11,11,0,2,1,11,0,2,1,1,21
28,2,30,31,28,28,0,2,12,12,0,2,1,12,0,2,1,1,21
28,2,30,31,28,28,0,2,13,13,0,2,2,13,0,2,11,1,21
28,2,30,31,28,28,0,2,14,13,1,2,2,14,0,2,1,1,21
28,2,30,31,28,28,0,2,15,12,1,2,1,12,1,2,1,1,23
28,2,30,31,28,28,0,2,16,11,1,2,2,11,1,2,9,1,18
28,2,30,31,28,28,0,2,17,10,1,2,2,10,1,2,8,1,21
28,2,30,31,28,28,0,2,18,9,1,2,1,9,1,2,1,1,22
28,2,30,31,28,28,0,2,19,8,1,2,2,8,1,2,6,1,21
28,2,30,31,28,28,0,2,20,7,1,2,2,7,1,2,5,1,22
28,2,30,31,28,28,0,2,21,6,1,2,1,6,1,2,1,1,22
28,2,30,31,28,28,0,2,22,5,1,2,2,22,0,2,1,1,21
28,2,30,31,28,28,0,2,23,4,1,2,2,4,1,2,2,1,22
28,2,30,31,28,28,0,2,24,3,1,2,1,3,1,2,1,1,23
28,2,30,31,28,28,0,2,25,25,0,2,1,25,0,2,1,1,23
28,2,30,31,28,28,0,2,26,26,0,2,1,26,0,2,1,1,23
28,3,31,32,28,3,0,2,1,28,0,1,1,28,0,1,1,1,26
28,3,31,32,28,28,0,2,1,3,0,1,1,3,0,1,2,0,26
28,3,31,32,28,28,0,2,2,25,1,2,2,25,1,2,23,1,11
28,3,31,32,28,28,0,2,3,24,1,2,1,24,1,2,1,1,22
28,3,31,32,28,28,0,2,4,4,0,2,2,4,0,2,2,1,21
28,3,31,32,28,28,0,2,5,5,0,2,2,5,0,2,3,1,11
28,3,31,32,28,28,0,2,6,6,0,2,2,6,0,2,4,1,22
28,3,31,32,28,28,0,2,7,7,0,2,2,7,0,2,5,1,19
28,3,31,32,28,28,0,2,8,8,0,2,2,8,0,2,6,1,17
28,3,31,32,28,28,0,2,9,9,0,2,2,9,0,2,7,1,21
28,3,31,32,28,28,0,2,10,10,0,2,2,10,0,2,8,1,19
28,3,31,32,28,28,0,2,11,11,0,2,2,11,0,2,9,1,18
28,3,31,32,28,28,0,2,12,12,0,2,2,12,0,2,10,1,19
28,3,31,32,28,28,0,2,13,13,0,2,2,13,0,2,11,1,18
28,3,31,32,28,28,0,2,14,13,1,2,2,13,1,2,11,1,17
28,3,31,32,28,28,0,2,15,12,1,2,2,12,1,2,10,1,16
28,3,31,32,28,28,0,2,16,11,1,2,2,11,1,2,9,1,20
28,3,31,32,28,28,0,2,17,10,1,2,2,10,1,2,8,1,15
28,3,31,32,28,28,0,2,18,9,1,2,2,9,1,2,7,1,18
28,3,31,32,28,28,0,2,19,8,1,2,2,8,1,2,6,1,19
28,3,31,32,28,28,0,2,20,7,1,2,2,7,1,2,5,1,19
28,3,31,32,28,28,0,2,21,6,1,2,2,21,0,2,19,1,18
28,3,31,32,28,28,0,2,22,5,1,2,2,22,0,2,20,1,19
28,3,31,32,28,28,0,2,23,4,1,2,2,4,1,2,2,1,21
28,3,31,32,28,28,0,2,24,24,0,2,2,24,0,2,22,1,19
28,3,31,32,28,28,0,2,25,25,0,2,2,25,0,2,23,1,21
28,3,31,32,28,28,0,2,26,26,0,2,2,26,0,2,24,1,23
28,4,32,33,28,4,0,2,1,28,0,1,1,28,0,1,1,1,26
28,4,32,33,28,4,0,2,2,28,0,1,3,28,0,1,25,2,22
28,4,32,33,28,28,0,2,1,4,0,1,1,4,0,1,1,1,26
28,4,32,33,28,28,0,2,2,25,1,2,2,25,1,2,23,1,11
28,4,32,33,28,28,0,2,3,4,0,1,1,4,0,1,1,1,22
28,4,32,33,28,28,0,2,4,4,0,1,1,4,0,1,1,1,15
28,4,32,33,28,28,0,2,5,5,0,2,2,22,1,2,20,1,8
28,4,32,33,28,28,0,2,6,4,0,1,1,4,0,1,1,1,20
28,4,32,33,28,28,0,2,7,7,0,2,2,7,0,2,5,1,12
28,4,32,33,28,28,0,2,8,8,0,2,2,19,1,2,17,1,10
28,4,32,33,28,28,0,2,9,9,0,2,2,18,1,2,16,1,14
28,4,32,33,28,28,0,2,10,10,0,2,2,10,0,2,8,1,11
28,4,32,33,28,28,0,2,11,11,0,2,2,11,0,2,9,1,11
28,4,32,33,28,28,0,2,12,12,0,2,2,12,0,2,10,1,10
28,4,32,33,28,28,0,2,13,13,0,2,2,13,0,2,11,1,13
28,4,32,33,28,28,0,2,14,4,0,1,1,4,0,1,1,1,16
28,4,32,33,28,28,0,2,15,12,1,2,2,15,0,2,13,1,8
28,4,32,33,28,28,0,2,16,4,0,1,1,4,0,1,1,1,20
28,4,32,33,28,28,0,2,17,10,1,2,2,10,1,2,8,1,11
28,4,32,33,28,28,0,2,18,9,1,2,2,18,0,2,16,1,9
28,4,32,33,28,28,0,2,19,8,1,2,2,8,1,2,6,1,16
28,4,32,33,28,28,0,2,20,7,1,2,2,7,1,2,5,1,14
28,4,32,33,28,28,0,2,21,6,1,2,2,21,0,2,19,1,11
28,4,32,33,28,28,0,2,22,5,1,2,2,22,0,2,20,1,13
28,4,32,33,28,28,0,2,23,4,0,1,1,4,0,1,1,1,18
28,4,32,33,28,28,0,2,24,24,0,2,2,24,0,2,22,1,12
28,4,32,33,28,28,0,2,25,25,0,2,2,25,0,2,23,1,16
28,4,32,33,28,28,0,2,26,4,0,1,1,4,0,1,1,1,20
28,5,33,34,28,5,0,2,1,3,1,2,1,3,1,2,1,1,27
28,5,33,34,28,5,0,2,2,28,0,1,1,28,0,1,1,1,18
28,5,33,34,28,5,0,2,3,28,0,1,1,28,0,1,1,1,26
28,5,33,34,28,28,0,2,1,5,0,1,1,5,0,1,1,1,27
28,5,33,34,28,28,0,2,2,5,0,1,2,25,1,2,23,1,16
28,5,33,34,28,28,0,2,3,5,0,1,2,5,0,1,3,1,24
28,5,33,34,28,28,0,2,4,4,0,2,2,4,0,2,2,1,23
28,5,33,34,28,28,0,2,5,5,0,1,2,5,0,2,1,1,24
28,5,33,34,28,28,0,2,6,5,0,1,2,5,0,1,3,1,24
28,5,33,34,28,28,0,2,7,5,0,1,2,7,0,2,5,1,23
28,5,33,34,28,28,0,2,8,5,0,1,2,8,0,2,1,1,24
28,5,33,34,28,28,0,2,9,5,0,1,2,9,0,2,7,1,23
28,5,33,34,28,28,0,2,10,5,0,1,2,10,0,2,8,1,23
28,5,33,34,28,28,0,2,11,5,0,1,2,11,0,2,1,1,24
28,5,33,34,28,28,0,2,12,5,0,1,2,12,0,2,10,1,23
28,5,33,34,28,28,0,2,13,5,0,1,2,13,0,2,1,1,24
28,5,33,34,28,28,0,2,14,5,0,1,2,13,1,2,1,1,23
28,5,33,34,28,28,0,2,15,5,0,1,2,12,1,2,1,1,23
28,5,33,34,28,28,0,2,16,5,0,1,2,11,1,2,1,1,24
28,5,33,34,28,28,0,2,17,5,0,1,2,10,1,2,1,1,23
28,5,33,34,28,28,0,2,18,5,0,1,2,9,1,2,1,1,24
28,5,33,34,28,28,0,2,19,5,0,1,2,8,1,2,1,1,23
28,5,33,34,28,28,0,2,20,5,0,1,2,7,1,2,1,1,23
28,5,33,34,28,28,0,2,21,5,0,1,2,6,1,2,1,1,24
28,5,33,34,28,28,0,2,22,5,0,1,2,5,1,2,1,1,23
28,5,33,34,28,28,0,2,23,4,1,2,1,4,1,2,1,1,23
28,5,33,34,28,28,0,2,24,3,1,2,1,3,1,2,1,1,24
28,5,33,34,28,28,0,2,25,5,0,1,2,25,0,2,23,1,23
28,5,33,34,28,28,0,2,26,5,0,1,2,26,0,2,24,1,24
28,6,34,35,28,6,0,2,1,4,1,2,1,4,1,2,1,1,27
28,6,34,35,28,6,0,2,2,28,0,1,2,28,0,1,26,1,23
28,6,34,35,28,6,0,2,3,28,0,1,1,28,0,1,1,1,26
28,6,34,35,28,6,0,2,4,4,0,2,2,4,0,2,2,1,25
28,6,34,35,28,28,0,2,1,6,0,1,1,6,0,1,5,0,29
28,6,34,35,28,28,0,2,2,6,0,1,3,25,1,2,23,1,22
28,6,34,35,28,28,0,2,3,6,0,1,1,6,0,1,1,1,23
28,6,34,35,28,28,0,2,4,4,0,2,2,4,0,2,2,1,24
28,6,34,35,28,28,0,2,5,5,0,2,2,22,1,2,20,1,20
28,6,34,35,28,28,0,2,6,6,0,1,1,6,0,1,1,1,13
28,6,34,35,28,28,0,2,7,6,0,1,2,7,0,2,5,1,21
28,6,34,35,28,28,0,2,8,6,0,1,3,8,0,2,6,1,20
28,6,34,35,28,28,0,2,9,6,0,1,2,9,0,2,7,1,13
28,6,34,35,28,28,0,2,10,6,0,1,2,10,0,2,8,1,20
28,6,34,35,28,28,0,2,11,6,0,1,3,11,0,2,9,1,19
28,6,34,35,28,28,0,2,12,6,0,1,2,12,0,2,10,1,18
28,6,34,35,28,28,0,2,13,6,0,1,2,13,0,2,11,1,20
28,6,34,35,28,28,0,2,14,6,0,1,3,13,1,2,11,1,19
28,6,34,35,28,28,0,2,15,6,0,1,2,12,1,2,10,1,20
28,6,34,35,28,28,0,2,16,6,0,1,3,16,0,2,14,1,15
28,6,34,35,28,28,0,2,17,6,0,1,2,10,1,2,8,1,20
28,6,34,35,28,28,0,2,18,6,0,1,2,9,1,2,7,1,18
28,6,34,35,28,28,0,2,19,6,0,1,3,19,0,2,17,1,17
28,6,34,35,28,28,0,2,20,6,0,1,3,7,1,2,5,1,19
28,6,34,35,28,28,0,2,21,6,0,1,2,6,1,2,4,1,20
28,6,34,35,28,28,0,2,22,5,1,2,2,22,0,2,20,1,19
28,6,34,35,28,28,0,2,23,4,1,2,2,4,1,2,2,1,20
28,6,34,35,28,28,0,2,24,6,0,1,2,24,0,2,22,1,21
28,6,34,35,28,28,0,2,25,6,0,1,3,25,0,2,23,1,21
28,6,34,35,28,28,0,2,26,6,0,1,3,26,0,2,24,1,21
28,7,35,36,28,7,0,2,1,5,1,2,1,5,1,2,1,1,29
28,7,35,36,28,7,0,2,2,4,1,2,2,4,1,2,2,1,21
28,7,35,36,28,7,0,2,3,3,1,2,1,3,1,2,1,1,27
28,7,35,36,28,7,0,2,4,4,0,2,2,4,0,2,2,1,27
28,7,35,36,28,7,0,2,5,5,0,2,2,5,0,2,3,1,25
28,7,35,36,28,28,0,2,1,7,0,1,1,7,0,1,1,1,29
28,7,35,36,28,28,0,2,2,7,0,1,1,7,0,1,1,1,21
28,7,35,36,28,28,0,2,3,7,0,1,1,7,0,1,1,1,27
28,7,35,36,28,28,0,2,4,4,0,2,2,4,0,2,2,1,27
28,7,35,36,28,28,0,2,5,5,0,2,2,5,0,2,3,1,25
28,7,35,36,28,28,0,2,6,6,0,2,2,6,0,2,4,1,27
28,7,35,36,28,28,0,2,7,7,0,1,1,7,0,1,1,1,26
28,7,35,36,28,28,0,2,8,7,0,1,1,7,0,1,1,1,26
28,7,35,36,28,28,0,2,9,7,0,1,1,7,0,1,1,1,26
28,7,35,36,28,28,0,2,10,7,0,1,2,7,0,1,5,1,25
28,7,35,36,28,28,0,2,11,7,0,1,2,7,0,1,5,1,25
28,7,35,36,28,28,0,2,12,7,0,1,1,7,0,1,1,1,24
28,7,35,36,28,28,0,2,13,7,0,1,1,7,0,1,1,1,26
28,7,35,36,28,28,0,2,14,7,0,1,2,7,0,1,5,1,24
28,7,35,36,28,28,0,2,15,7,0,1,2,7,0,1,5,1,25
28,7,35,36,28,28,0,2,16,7,0,1,1,7,0,1,1,1,24
28,7,35,36,28,28,0,2,17,7,0,1,2,7,0,1,5,1,24
28,7,35,36,28,28,0,2,18,7,0,1,2,7,0,1,5,1,25
28,7,35,36,28,28,0,2,19,7,0,1,1,7,0,1,1,1,25
28,7,35,36,28,28,0,2,20,7,0,1,2,7,0,1,5,1,25
28,7,35,36,28,28,0,2,21,6,1,2,1,6,1,2,1,1,26
28,7,35,36,28,28,0,2,22,5,1,2,2,7,0,1,1,1,24
28,7,35,36,28,28,0,2,23,4,1,2,1,4,1,2,1,1,25
28,7,35,36,28,28,0,2,24,3,1,2,1,3,1,2,1,1,26
28,7,35,36,28,28,0,2,25,7,0,1,1,7,0,1,1,1,26
28,7,35,36,28,28,0,2,26,7,0,1,2,7,0,1,5,1,26
28,8,36,37,28,8,0,2,1,6,1,2,1,6,1,2,1,1,30
28,8,36,37,28,8,0,2,2,5,1,2,2,28,0,1,26,1,25
28,8,36,37,28,8,0,2,3,4,1,2,1,4,1,2,1,1,28
28,8,36,37,28,8,0,2,4,3,1,2,1,3,1,2,1,1,28
28,8,36,37,28,8,0,2,5,5,0,2,2,5,0,2,3,1,22
28,8,36,37,28,8,0,2,6,6,0,2,2,6,0,2,4,1,28
28,8,36,37,28,28,0,2,1,8,0,1,2,8,0,1,6,1,29
28,8,36,37,28,28,0,2,2,8,0,1,2,25,1,2,1,1,26
28,8,36,37,28,28,0,2,3,8,0,1,2,24,1,2,1,1,25
28,8,36,37,28,28,0,2,4,4,0,2,2,4,0,2,2,1,26
28,8,36,37,28,28,0,2,5,5,0,2,2,5,0,2,3,1,16
28,8,36,37,28,28,0,2,6,6,0,2,2,6,0,2,4,1,24
28,8,36,37,28,28,0,2,7,7,0,2,2,7,0,2,5,1,24
28,8,36,37,28,28,0,2,8,8,0,1,2,8,0,2,6,1,17
28,8,36,37,28,28,0,2,9,8,0,1,2,9,0,2,7,1,22
28,8,36,37,28,28,0,2,10,8,0,1,2,10,0,2,8,1,23
28,8,36,37,28,28,0,2,11,8,0,1,2,11,0,2,9,1,18
28,8,36,37,28,28,0,2,12,8,0,1,2,12,0,2,10,1,22
28,8,36,37,28,28,0,2,13,8,0,1,2,13,0,2,11,1,22
28,8,36,37,28,28,0,2,14,8,0,1,2,14,0,2,12,1,20
28,8,36,37,28,28,0,2,15,8,0,1,2,12,1,2,1,1,24
28,8,36,37,28,28,0,2,16,8,0,1,2,11,1,2,9,1,20
28,8,36,37,28,28,0,2,17,8,0,1,2,17,0,2,15,1,19
28,8,36,37,28,28,0,2,18,8,0,1,2,9,1,2,1,1,25
28,8,36,37,28,28,0,2,19,8,0,1,2,8,1,2,6,1,16
28,8,36,37,28,28,0,2,20,7,1,2,2,7,1,2,5,1,21
28,8,36,37,28,28,0,2,21,6,1,2,1,6,1,2,1,1,24
28,8,36,37,28,28,0,2,22,5,1,2,2,22,0,2,20,1,23
28,8,36,37,28,28,0,2,23,4,1,2,2,4,1,2,2,1,21
28,8,36,37,28,28,0,2,24,3,1,2,1,3,1,2,1,1,25
28,8,36,37,28,28,0,2,25,8,0,1,2,25,0,2,23,1,25
28,8,36,37,28,28,0,2,26,8,0,1,2,26,0,2,24,1,24
28,9,37,38,28,9,0,2,1,7,1,2,1,7,1,2,1,1,31
28,9,37,38,28,9,0,2,2,6,1,2,2,28,0,1,1,1,16
28,9,37,38,28,9,0,2,3,5,1,2,1,5,1,2,1,1,28
28,9,37,38,28,9,0,2,4,4,0,2,2,4,0,2,2,1,29
28,9,37,38,28,9,0,2,5,5,0,2,2,5,0,2,3,1,25
28,9,37,38,28,9,0,2,6,6,0,2,2,6,0,2,4,1,28
28,9,37,38,28,9,0,2,7,7,0,2,2,7,0,2,5,1,30
28,9,37,38,28,28,0,2,1,9,0,1,1,9,0,1,1,1,31
28,9,37,38,28,28,0,2,2,9,0,1,1,9,0,1,1,1,16
28,9,37,38,28,28,0,2,3,9,0,1,1,9,0,1,1,1,29
28,9,37,38,28,28,0,2,4,4,0,2,2,4,0,2,2,1,28
28,9,37,38,28,28,0,2,5,5,0,2,2,5,0,2,3,1,24
28,9,37,38,28,28,0,2,6,6,0,2,2,6,0,2,4,1,29
28,9,37,38,28,28,0,2,7,7,0,2,2,7,0,2,5,1,28
28,9,37,38,28,28,0,2,8,8,0,2,2,8,0,2,6,1,24
28,9,37,38,28,28,0,2,9,9,0,1,2,9,0,1,7,1,28
28,9,37,38,28,28,0,2,10,9,0,1,2,9,0,1,7,1,27
28,9,37,38,28,28,0,2,11,9,0,1,2,11,0,2,9,1,25
28,9,37,38,28,28,0,2,12,9,0,1,2,12,0,2,10,1,26
28,9,37,38,28,28,0,2,13,9,0,1,2,9,0,1,7,1,27
28,9,37,38,28,28,0,2,14,9,0,1,2,9,0,1,7,1,28
28,9,37,38,28,28,0,2,15,9,0,1,2,12,1,2,10,1,24
28,9,37,38,28,28,0,2,16,9,0,1,2,9,0,1,7,1,28
28,9,37,38,28,28,0,2,17,9,0,1,2,9,0,1,7,1,25
28,9,37,38,28,28,0,2,18,9,0,1,2,9,1,2,7,1,24
28,9,37,38,28,28,0,2,19,8,1,2,1,8,1,2,1,1,28
28,9,37,38,28,28,0,2,20,7,1,2,2,7,1,2,5,1,26
28,9,37,38,28,28,0,2,21,6,1,2,2,6,1,2,4,1,25
28,9,37,38,28,28,0,2,22,5,1,2,1,5,1,2,1,1,27
28,9,37,38,28,28,0,2,23,4,1,2,2,4,1,2,2,1,26
28,9,37,38,28,28,0,2,24,9,0,1,2,24,0,2,22,1,25
28,9,37,38,28,28,0,2,25,9,0,1,2,25,0,2,23,1,26
28,9,37,38,28,28,0,2,26,9,0,1,2,26,0,2,24,1,28
28,10,38,39,28,10,0,2,1,8,1,2,1,8,1,2,1,1,32
28,10,38,39,28,10,0,2,2,7,1,2,2,7,1,2,5,1,26
28,10,38,39,28,10,0,2,3,6,1,2,1,6,1,2,1,1,29
28,10,38,39,28,10,0,2,4,4,0,2,2,4,0,2,2,1,30
28,10,38,39,28,10,0,2,5,4,1,2,2,4,1,2,2,1,19
28,10,38,39,28,10,0,2,6,3,1,2,1,3,1,2,1,1,29
28,10,38,39,28,10,0,2,7,7,0,2,2,7,0,2,5,1,27
28,10,38,39,28,10,0,2,8,8,0,2,2,8,0,2,6,1,25
28,10,38,39,28,28,0,2,1,10,0,1,1,10,0,1,9,0,34
28,10,38,39,28,28,0,2,2,10,0,1,2,25,1,2,23,1,25
28,10,38,39,28,28,0,2,3,10,0,1,1,10,0,1,1,1,29
28,10,38,39,28,28,0,2,4,4,0,2,2,4,0,2,2,1,30
28,10,38,39,28,28,0,2,5,5,0,2,2,5,0,2,3,1,16
28,10,38,39,28,28,0,2,6,6,0,2,2,6,0,2,4,1,28
28,10,38,39,28,28,0,2,7,7,0,2,2,7,0,2,5,1,25
28,10,38,39,28,28,0,2,8,8,0,2,2,8,0,2,6,1,18
28,10,38,39,28,28,0,2,9,9,0,2,2,9,0,2,7,1,25
28,10,38,39,28,28,0,2,10,10,0,1,2,10,0,2,8,1,19
28,10,38,39,28,28,0,2,11,10,0,1,2,11,0,2,9,1,22
28,10,38,39,28,28,0,2,12,10,0,1,2,12,0,2,10,1,23
28,10,38,39,28,28,0,2,13,10,0,1,2,10,0,1,8,1,21
28,10,38,39,28,28,0,2,14,10,0,1,2,13,1,2,11,1,24
28,10,38,39,28,28,0,2,15,10,0,1,2,12,1,2,10,1,21
28,10,38,39,28,28,0,2,16,10,0,1,2,11,1,2,9,1,24
28,10,38,39,28,28,0,2,17,10,0,1,2,10,1,2,8,1,24
28,10,38,39,28,28,0,2,18,9,1,2,2,18,0,2,16,1,18
28,10,38,39,28,28,0,2,19,8,1,2,2,8,1,2,6,1,24
28,10,38,39,28,28,0,2,20,7,1,2,2,7,1,2,5,1,22
28,10,38,39,28,28,0,2,21,6,1,2,2,21,0,2,19,1,22
28,10,38,39,28,28,0,2,22,5,1,2,2,22,0,2,20,1,25
28,10,38,39,28,28,0,2,23,4,1,2,2,4,1,2,2,1,26
28,10,38,39,28,28,0,2,24,10,0,1,2,24,0,2,22,1,25
28,10,38,39,28,28,0,2,25,10,0,1,2,25,0,2,23,1,27
28,10,38,39,28,28,0,2,26,10,0,1,2,26,0,2,24,1,27
28,11,39,40,28,11,0,2,1,9,1,2,1,9,1,2,1,1,33
28,11,39,40,28,11,0,2,2,8,1,2,2,8,1,2,6,1,24
28,11,39,40,28,11,0,2,3,7,1,2,1,7,1,2,1,1,31
28,11,39,40,28,11,0,2,4,4,0,2,2,4,0,2,2,1,30
28,11,39,40,28,11,0,2,5,5,0,2,2,5,0,2,3,1,30
28,11,39,40,28,11,0,2,6,4,1,2,1,4,1,2,1,1,31
28,11,39,40,28,11,0,2,7,3,1,2,1,3,1,2,1,1,30
28,11,39,40,28,11,0,2,8,8,0,2,2,8,0,2,6,1,30
28,11,39,40,28,11,0,2,9,9,0,2,2,9,0,2,7,1,32
28,11,39,40,28,28,0,2,1,11,0,1,1,11,0,1,1,1,33
28,11,39,40,28,28,0,2,2,11,0,1,1,11,0,1,1,1,24
28,11,39,40,28,28,0,2,3,11,0,1,1,11,0,1,1,1,31
28,11,39,40,28,28,0,2,4,4,0,2,2,4,0,2,2,1,31
28,11,39,40,28,28,0,2,5,5,0,2,2,5,0,2,3,1,30
28,11,39,40,28,28,0,2,6,6,0,2,2,6,0,2,4,1,30
28,11,39,40,28,28,0,2,7,7,0,2,2,7,0,2,5,1,31
28,11,39,40,28,28,0,2,8,8,0,2,2,8,0,2,6,1,31
28,11,39,40,28,28,0,2,9,9,0,2,2,9,0,2,7,1,29
28,11,39,40,28,28,0,2,10,10,0,2,2,10,0,2,8,1,30
28,11,39,40,28,28,0,2,11,11,0,1,2,11,0,1,9,1,30
28,11,39,40,28,28,0,2,12,11,0,1,1,11,0,1,1,1,30
28,11,39,40,28,28,0,2,13,11,0,1,2,11,0,1,9,1,30
28,11,39,40,28,28,0,2,14,11,0,1,2,11,0,1,9,1,28
28,11,39,40,28,28,0,2,15,11,0,1,1,11,0,1,1,1,31
28,11,39,40,28,28,0,2,16,11,0,1,2,11,1,2,1,1,28
28,11,39,40,28,28,0,2,17,10,1,2,1,10,1,2,1,1,28
28,11,39,40,28,28,0,2,18,9,1,2,1,9,1,2,1,1,31
28,11,39,40,28,28,0,2,19,8,1,2,1,8,1,2,1,1,28
28,11,39,40,28,28,0,2,20,7,1,2,1,7,1,2,1,1,31
28,11,39,40,28,28,0,2,21,6,1,2,1,6,1,2,1,1,31
28,11,39,40,28,28,0,2,22,5,1,2,1,5,1,2,1,1,30
28,11,39,40,28,28,0,2,23,4,1,2,1,4,1,2,1,1,31
28,11,39,40,28,28,0,2,24,3,1,2,1,3,1,2,1,1,30
28,11,39,40,28,28,0,2,25,11,0,1,2,11,0,1,9,1,30
28,11,39,40,28,28,0,2,26,11,0,1,2,11,0,1,9,1,31
29,2,31,32,29,29,0,2,1,27,1,2,0,27,1,2,0,0,26
29,2,31,32,29,29,0,2,2,26,1,2,1,26,1,2,1,1,24
29,2,31,32,29,29,0,2,3,25,1,2,1,25,1,2,1,1,23
29,2,31,32,29,29,0,2,4,4,0,2,2,4,0,2,2,1,23
29,2,31,32,29,29,0,2,5,5,0,2,2,5,0,2,3,1,22
29,2,31,32,29,29,0,2,6,6,0,2,2,6,0,2,4,1,23
29,2,31,32,29,29,0,2,7,7,0,2,2,7,0,2,5,1,21
29,2,31,32,29,29,0,2,8,8,0,2,2,8,0,2,6,1,23
29,2,31,32,29,29,0,2,9,9,0,2,2,9,0,2,7,1,22
29,2,31,32,29,29,0,2,10,10,0,2,2,10,0,2,8,1,21
29,2,31,32,29,29,0,2,11,11,0,2,2,11,0,2,9,1,23
29,2,31,32,29,29,0,2,12,12,0,2,2,12,0,2,10,1,22
29,2,31,32,29,29,0,2,13,13,0,2,2,13,0,2,11,1,23
29,2,31,32,29,29,0,2,14,14,0,2,3,14,0,2,12,1,22
29,2,31,32,29,29,0,2,15,13,1,2,2,13,1,2,11,1,22
29,2,31,32,29,29,0,2,16,12,1,2,1,12,1,2,1,1,23
29,2,31,32,29,29,0,2,17,11,1,2,2,11,1,2,9,1,20
29,2,31,32,29,29,0,2,18,10,1,2,1,10,1,2,1,1,22
29,2,31,32,29,29,0,2,19,9,1,2,1,9,1,2,1,1,23
29,2,31,32,29,29,0,2,20,8,1,2,2,8,1,2,6,1,21
29,2,31,32,29,29,0,2,21,7,1,2,1,7,1,2,1,1,23
29,2,31,32,29,29,0,2,22,6,1,2,1,6,1,2,1,1,23
29,2,31,32,29,29,0,2,23,5,1,2,2,23,0,2,21,1,21
29,2,31,32,29,29,0,2,24,4,1,2,1,4,1,2,1,1,23
29,2,31,32,29,29,0,2,25,3,1,2,1,3,1,2,1,1,23
29,2,31,32,29,29,0,2,26,26,0,2,2,26,0,2,24,1,23
29,2,31,32,29,29,0,2,27,27,0,2,2,27,0,2,25,1,24
29,3,32,33,29,3,0,2,1,29,0,1,2,29,0,1,27,1,26
29,3,32,33,29,29,0,2,1,27,1,2,1,27,1,2,1,1,25
29,3,32,33,29,29,0,2,2,26,1,2,2,26,1,2,24,1,16
29,3,32,33,29,29,0,2,3,25,1,2,2,25,1,2,2,2,17
29,3,32,33,29,29,0,2,4,4,0,2,2,4,0,2,2,1,21
29,3,32,33,29,29,0,2,5,5,0,2,2,23,1,2,21,1,17
29,3,32,33,29,29,0,2,6,6,0,2,2,6,0,2,2,2,12
29,3,32,33,29,29,0,2,7,7,0,2,2,7,0,2,5,1,19
29,3,32,33,29,29,0,2,8,8,0,2,2,20,1,2,18,1,15
29,3,32,33,29,29,0,2,9,9,0,2,2,9,0,2,7,1,13
29,3,32,33,29,29,0,2,10,10,0,2,2,10,0,2,8,1,17
29,3,32,33,29,29,0,2,11,11,0,2,2,17,1,2,15,1,14
29,3,32,33,29,29,0,2,12,12,0,2,2,12,0,2,10,1,14
29,3,32,33,29,29,0,2,13,13,0,2,2,13,0,2,11,1,17
29,3,32,33,29,29,0,2,14,14,0,2,2,14,0,2,12,1,15
29,3,32,33,29,29,0,2,15,13,1,2,2,15,0,2,13,1,11
29,3,32,33,29,29,0,2,16,12,1,2,2,12,1,2,10,1,20
29,3,32,33,29,29,0,2,17,11,1,2,2,11,1,2,9,1,10
29,3,32,33,29,29,0,2,18,10,1,2,2,10,1,2,8,1,16
29,3,32,33,29,29,0,2,19,9,1,2,2,9,1,2,7,1,20
29,3,32,33,29,29,0,2,20,8,1,2,2,20,0,2,18,1,10
29,3,32,33,29,29,0,2,21,7,1,2,2,7,1,2,5,1,16
29,3,32,33,29,29,0,2,22,6,1,2,2,6,1,2,4,1,18
29,3,32,33,29,29,0,2,23,5,1,2,2,23,0,2,21,1,14
29,3,32,33,29,29,0,2,24,4,1,2,2,4,1,2,2,1,16
29,3,32,33,29,29,0,2,25,25,0,2,2,25,0,2,23,1,19
29,3,32,33,29,29,0,2,26,26,0,2,2,26,0,2,24,1,18
29,3,32,33,29,29,0,2,27,27,0,2,2,27,0,2,25,1,19
29,4,33,34,29,4,0,2,1,29,0,1,1,29,0,1,1,1,27
29,4,33,34,29,4,0,2,2,29,0,1,2,29,0,1,2,2,20
29,4,33,34,29,29,0,2,1,4,0,1,1,4,0,1,1,1,27
29,4,33,34,29,29,0,2,2,4,0,1,1,4,0,1,1,1,19
29,4,33,34,29,29,0,2,3,4,0,1,1,4,0,1,1,1,23
29,4,33,34,29,29,0,2,4,4,0,1,1,4,0,1,1,1,25
29,4,33,34,29,29,0,2,5,5,0,2,2,5,0,2,2,2,15
29,4,33,34,29,29,0,2,6,4,0,1,1,4,0,1,1,1,23
29,4,33,34,29,29,0,2,7,4,0,1,1,4,0,1,1,1,24
29,4,33,34,29,29,0,2,8,8,0,2,2,8,0,2,6,1,17
29,4,33,34,29,29,0,2,9,4,0,1,1,4,0,1,1,1,23
29,4,33,34,29,29,0,2,10,10,0,2,2,10,0,2,8,1,20
29,4,33,34,29,29,0,2,11,4,0,1,1,4,0,1,1,1,21
29,4,33,34,29,29,0,2,12,4,0,1,1,4,0,1,1,1,24
29,4,33,34,29,29,0,2,13,13,0,2,2,13,0,2,11,1,19
29,4,33,34,29,29,0,2,14,4,0,1,1,4,0,1,1,1,22
29,4,33,34,29,29,0,2,15,13,1,2,2,13,1,2,11,1,19
29,4,33,34,29,29,0,2,16,12,1,2,2,12,1,2,10,1,21
29,4,33,34,29,29,0,2,17,4,0,1,1,4,0,1,1,1,23
29,4,33,34,29,29,0,2,18,10,1,2,2,10,1,2,8,1,16
29,4,33,34,29,29,0,2,19,9,1,2,2,9,1,2,7,1,20
29,4,33,34,29,29,0,2,20,8,1,2,2,8,1,2,6,1,21
29,4,33,34,29,29,0,2,21,7,1,2,2,7,1,2,5,1,20
29,4,33,34,29,29,0,2,22,4,0,1,1,4,0,1,1,1,22
29,4,33,34,29,29,0,2,23,5,1,2,2,23,0,2,21,1,21
29,4,33,34,29,29,0,2,24,4,0,1,1,4,0,1,1,1,22
29,4,33,34,29,29,0,2,25,4,0,1,1,4,0,1,1,1,23
29,4,33,34,29,29,0,2,26,26,0,2,2,26,0,2,24,1,23
29,4,33,34,29,29,0,2,27,4,0,1,1,4,0,1,1,1,25
29,5,34,35,29,5,0,2,1,3,1,2,0,3,1,2,0,0,29
29,5,34,35,29,5,0,2,2,29,0,1,2,29,0,1,2,2,23
29,5,34,35,29,5,0,2,3,29,0,1,1,29,0,1,1,1,26
29,5,34,35,29,29,0,2,1,5,0,1,2,27,1,2,0,0,28
29,5,34,35,29,29,0,2,2,5,0,1,2,26,1,2,24,1,24
29,5,34,35,29,29,0,2,3,5,0,1,2,25,1,2,1,1,24
29,5,34,35,29,29,0,2,4,4,0,2,2,4,0,2,2,1,24
29,5,34,35,29,29,0,2,5,5,0,1,2,5,0,2,3,1,15
29,5,34,35,29,29,0,2,6,5,0,1,2,6,0,2,4,1,24
29,5,34,35,29,29,0,2,7,5,0,1,2,7,0,2,5,1,24
29,5,34,35,29,29,0,2,8,5,0,1,2,8,0,2,6,1,18
29,5,34,35,29,29,0,2,9,5,0,1,2,9,0,2,7,1,24
29,5,34,35,29,29,0,2,10,5,0,1,2,10,0,2,8,1,23
29,5,34,35,29,29,0,2,11,5,0,1,2,11,0,2,9,1,21
29,5,34,35,29,29,0,2,12,5,0,1,2,12,0,2,10,1,24
29,5,34,35,29,29,0,2,13,5,0,1,2,13,0,2,11,1,22
29,5,34,35,29,29,0,2,14,5,0,1,2,14,0,2,12,1,22
29,5,34,35,29,29,0,2,15,5,0,1,2,13,1,2,11,1,22
29,5,34,35,29,29,0,2,16,5,0,1,2,16,0,2,14,1,20
29,5,34,35,29,29,0,2,17,5,0,1,2,11,1,2,1,1,24
29,5,34,35,29,29,0,2,18,5,0,1,2,10,1,2,8,1,19
29,5,34,35,29,29,0,2,19,5,0,1,2,9,1,2,1,1,23
29,5,34,35,29,29,0,2,20,5,0,1,2,8,1,2,6,1,22
29,5,34,35,29,29,0,2,21,5,0,1,2,7,1,2,5,1,23
29,5,34,35,29,29,0,2,22,5,0,1,2,6,1,2,1,1,23
29,5,34,35,29,29,0,2,23,5,0,1,2,23,0,2,21,1,22
29,5,34,35,29,29,0,2,24,4,1,2,2,4,1,2,2,1,23
29,5,34,35,29,29,0,2,25,3,1,2,1,3,1,2,1,1,24
29,5,34,35,29,29,0,2,26,5,0,1,2,26,0,2,24,1,24
29,5,34,35,29,29,0,2,27,5,0,1,2,27,0,2,25,1,24
29,6,35,36,29,6,0,2,1,4,1,2,1,4,1,2,1,1,29
29,6,35,36,29,6,0,2,2,29,0,1,1,29,0,1,1,1,21
29,6,35,36,29,6,0,2,3,3,0,2,1,3,0,2,1,1,27
29,6,35,36,29,6,0,2,4,4,0,2,1,4,0,2,1,1,29
29,6,35,36,29,29,0,2,1,6,0,1,1,6,0,1,1,1,29
29,6,35,36,29,29,0,2,2,6,0,1,1,6,0,1,1,1,21
29,6,35,36,29,29,0,2,3,6,0,1,1,6,0,1,1,1,27
29,6,35,36,29,29,0,2,4,4,0,2,2,4,0,2,2,1,27
29,6,35,36,29,29,0,2,5,5,0,2,2,5,0,2,3,1,20
29,6,35,36,29,29,0,2,6,6,0,1,2,6,0,2,4,1,25
29,6,35,36,29,29,0,2,7,6,0,1,2,6,0,1,4,1,24
29,6,35,36,29,29,0,2,8,6,0,1,2,8,0,2,6,1,23
29,6,35,36,29,29,0,2,9,6,0,1,2,9,0,2,7,1,23
29,6,35,36,29,29,0,2,10,6,0,1,2,10,0,2,8,1,24
29,6,35,36,29,29,0,2,11,6,0,1,2,11,0,2,9,1,25
29,6,35,36,29,29,0,2,12,6,0,1,2,12,0,2,10,1,21
29,6,35,36,29,29,0,2,13,6,0,1,2,13,0,2,11,1,24
29,6,35,36,29,29,0,2,14,6,0,1,2,14,0,2,12,1,25
29,6,35,36,29,29,0,2,15,6,0,1,2,13,1,2,11,1,21
29,6,35,36,29,29,0,2,16,6,0,1,2,12,1,2,10,1,22
29,6,35,36,29,29,0,2,17,6,0,1,2,11,1,2,9,1,23
29,6,35,36,29,29,0,2,18,6,0,1,2,10,1,2,8,1,22
29,6,35,36,29,29,0,2,19,6,0,1,2,9,1,2,7,1,20
29,6,35,36,29,29,0,2,20,6,0,1,2,8,1,2,1,1,25
29,6,35,36,29,29,0,2,21,6,0,1,2,7,1,2,5,1,23
29,6,35,36,29,29,0,2,22,6,0,1,2,6,1,2,4,1,22
29,6,35,36,29,29,0,2,23,5,1,2,1,5,1,2,1,1,25
29,6,35,36,29,29,0,2,24,4,1,2,2,4,1,2,2,1,24
29,6,35,36,29,29,0,2,25,6,0,1,2,25,0,2,23,1,24
29,6,35,36,29,29,0,2,26,6,0,1,2,26,0,2,24,1,25
29,6,35,36,29,29,0,2,27,6,0,1,2,27,0,2,25,1,26
29,7,36,37,29,7,0,2,1,5,1,2,1,5,1,2,1,1,30
29,7,36,37,29,7,0,2,2,4,1,2,1,4,1,2,1,1,25
29,7,36,37,29,7,0,2,3,3,1,2,1,3,1,2,1,1,27
29,7,36,37,29,7,0,2,4,4,0,2,2,4,0,2,2,1,28
29,7,36,37,29,7,0,2,5,5,0,2,2,5,0,2,3,1,22
29,7,36,37,29,29,0,2,1,7,0,1,1,7,0,1,1,1,30
29,7,36,37,29,29,0,2,2,7,0,1,2,7,0,1,5,1,24
29,7,36,37,29,29,0,2,3,7,0,1,1,7,0,1,1,1,27
29,7,36,37,29,29,0,2,4,4,0,2,2,4,0,2,2,1,26
29,7,36,37,29,29,0,2,5,5,0,2,2,5,0,2,3,1,17
29,7,36,37,29,29,0,2,6,6,0,2,2,7,0,1,1,1,24
29,7,36,37,29,29,0,2,7,7,0,1,1,7,0,1,1,1,17
29,7,36,37,29,29,0,2,8,7,0,1,2,8,0,2,6,1,20
29,7,36,37,29,29,0,2,9,7,0,1,2,9,0,2,7,1,20
29,7,36,37,29,29,0,2,10,7,0,1,2,10,0,2,8,1,17
29,7,36,37,29,29,0,2,11,7,0,1,2,11,0,2,9,1,20
29,7,36,37,29,29,0,2,12,7,0,1,2,12,0,2,10,1,21
29,7,36,37,29,29,0,2,13,7,0,1,2,13,0,2,11,1,22
29,7,36,37,29,29,0,2,14,7,0,1,2,14,0,2,12,1,17
29,7,36,37,29,29,0,2,15,7,0,1,2,13,1,2,11,1,22
29,7,36,37,29,29,0,2,16,7,0,1,2,12,1,2,10,1,22
29,7,36,37,29,29,0,2,17,7,0,1,2,17,0,2,15,1,16
29,7,36,37,29,29,0,2,18,7,0,1,1,7,0,1,1,1,24
29,7,36,37,29,29,0,2,19,7,0,1,2,9,1,2,7,1,20
29,7,36,37,29,29,0,2,20,7,0,1,2,20,0,2,18,1,18
29,7,36,37,29,29,0,2,21,7,0,1,1,7,0,1,1,1,24
29,7,36,37,29,29,0,2,22,6,1,2,2,22,0,2,20,1,21
29,7,36,37,29,29,0,2,23,5,1,2,2,23,0,2,21,1,21
29,7,36,37,29,29,0,2,24,4,1,2,2,4,1,2,2,1,25
29,7,36,37,29,29,0,2,25,7,0,1,2,25,0,2,23,1,23
29,7,36,37,29,29,0,2,26,7,0,1,2,26,0,2,24,1,24
29,7,36,37,29,29,0,2,27,7,0,1,2,27,0,2,25,1,24
29,8,37,38,29,8,0,2,1,6,1,2,1,6,1,2,1,1,31
29,8,37,38,29,8,0,2,2,5,1,2,2,29,0,1,1,1,21
29,8,37,38,29,8,0,2,3,4,1,2,1,4,1,2,1,1,29
29,8,37,38,29,8,0,2,4,3,1,2,1,3,1,2,1,1,28
29,8,37,38,29,8,0,2,5,5,0,2,2,5,0,2,3,1,28
29,8,37,38,29,8,0,2,6,6,0,2,2,6,0,2,4,1,30
29,8,37,38,29,29,0,2,1,8,0,1,1,8,0,1,1,1,31
29,8,37,38,29,29,0,2,2,8,0,1,2,26,1,2,24,1,19
29,8,37,38,29,29,0,2,3,8,0,1,2,8,0,1,6,1,27
29,8,37,38,29,29,0,2,4,4,0,2,2,4,0,2,2,1,28
29,8,37,38,29,29,0,2,5,5,0,2,2,5,0,2,3,1,25
29,8,37,38,29,29,0,2,6,6,0,2,2,6,0,2,4,1,27
29,8,37,38,29,29,0,2,7,7,0,2,1,7,0,2,1,1,27
29,8,37,38,29,29,0,2,8,8,0,1,2,8,0,2,6,1,26
29,8,37,38,29,29,0,2,9,8,0,1,2,8,0,1,6,1,27
29,8,37,38,29,29,0,2,10,8,0,1,2,10,0,2,1,1,27
29,8,37,38,29,29,0,2,11,8,0,1,2,11,0,2,9,1,26
29,8,37,38,29,29,0,2,12,8,0,1,2,12,0,2,10,1,26
29,8,37,38,29,29,0,2,13,8,0,1,2,13,0,2,11,1,26
29,8,37,38,29,29,0,2,14,8,0,1,2,14,0,2,12,1,26
29,8,37,38,29,29,0,2,15,8,0,1,2,13,1,2,1,1,26
29,8,37,38,29,29,0,2,16,8,0,1,2,12,1,2,1,1,26
29,8,37,38,29,29,0,2,17,8,0,1,2,11,1,2,1,1,25
29,8,37,38,29,29,0,2,18,8,0,1,2,10,1,2,1,1,25
29,8,37,38,29,29,0,2,19,8,0,1,2,8,0,1,6,1,27
29,8,37,38,29,29,0,2,20,8,0,1,2,8,1,2,1,1,26
29,8,37,38,29,29,0,2,21,7,1,2,1,7,1,2,1,1,26
29,8,37,38,29,29,0,2,22,6,1,2,1,6,1,2,1,1,26
29,8,37,38,29,29,0,2,23,5,1,2,1,5,1,2,1,1,27
29,8,37,38,29,29,0,2,24,4,1,2,1,4,1,2,1,1,26
29,8,37,38,29,29,0,2,25,3,1,2,1,3,1,2,1,1,26
29,8,37,38,29,29,0,2,26,8,0,1,2,26,0,2,24,1,26
29,8,37,38,29,29,0,2,27,8,0,1,2,27,0,2,25,1,27
29,9,38,39,29,9,0,2,1,7,1,2,0,7,1,2,0,0,33
29,9,38,39,29,9,0,2,2,6,1,2,2,6,1,2,4,1,26
29,9,38,39,29,9,0,2,3,5,1,2,1,5,1,2,1,1,30
29,9,38,39,29,9,0,2,4,4,0,2,2,4,0,2,2,1,29
29,9,38,39,29,9,0,2,5,5,0,2,2,5,0,2,3,1,24
29,9,38,39,29,9,0,2,6,6,0,2,2,6,0,2,4,1,30
29,9,38,39,29,9,0,2,7,7,0,2,2,7,0,2,5,1,28
29,9,38,39,29,29,0,2,1,9,0,1,1,27,1,2,0,0,33
29,9,38,39,29,29,0,2,2,9,0,1,3,26,1,2,24,1,24
29,9,38,39,29,29,0,2,3,9,0,1,1,9,0,1,1,1,30
29,9,38,39,29,29,0,2,4,4,0,2,2,4,0,2,2,1,28
29,9,38,39,29,29,0,2,5,5,0,2,2,5,0,2,3,1,21
29,9,38,39,29,29,0,2,6,6,0,2,2,6,0,2,4,1,30
29,9,38,39,29,29,0,2,7,7,0,2,2,7,0,2,5,1,24
29,9,38,39,29,29,0,2,8,8,0,2,2,8,0,2,6,1,24
29,9,38,39,29,29,0,2,9,9,0,1,2,9,0,2,7,1,20
29,9,38,39,29,29,0,2,10,9,0,1,2,10,0,2,8,1,23
29,9,38,39,29,29,0,2,11,9,0,1,2,11,0,2,9,1,24
29,9,38,39,29,29,0,2,12,9,0,1,2,12,0,2,10,1,20
29,9,38,39,29,29,0,2,13,9,0,1,2,13,0,2,11,1,23
29,9,38,39,29,29,0,2,14,9,0,1,2,14,0,2,12,1,25
29,9,38,39,29,29,0,2,15,9,0,1,2,15,0,2,13,1,20
29,9,38,39,29,29,0,2,16,9,0,1,2,12,1,2,10,1,24
29,9,38,39,29,29,0,2,17,9,0,1,2,11,1,2,9,1,24
29,9,38,39,29,29,0,2,18,9,0,1,3,18,0,2,16,1,18
29,9,38,39,29,29,0,2,19,9,0,1,2,9,1,2,7,1,26
29,9,38,39,29,29,0,2,20,8,1,2,2,8,1,2,6,1,19
29,9,38,39,29,29,0,2,21,7,1,2,2,7,1,2,5,1,23
29,9,38,39,29,29,0,2,22,6,1,2,2,6,1,2,4,1,26
29,9,38,39,29,29,0,2,23,5,1,2,2,23,0,2,21,1,22
29,9,38,39,29,29,0,2,24,4,1,2,2,4,1,2,2,1,25
29,9,38,39,29,29,0,2,25,9,0,1,2,25,0,2,23,1,27
29,9,38,39,29,29,0,2,26,9,0,1,2,26,0,2,24,1,26
29,9,38,39,29,29,0,2,27,9,0,1,2,27,0,2,25,1,26
29,10,39,40,29,10,0,2,1,8,1,2,1,8,1,2,1,1,33
29,10,39,40,29,10,0,2,2,7,1,2,2,7,1,2,5,1,24
29,10,39,40,29,10,0,2,3,3,0,2,1,3,0,2,1,1,32
29,10,39,40,29,10,0,2,4,4,0,2,2,4,0,2,2,1,31
29,10,39,40,29,10,0,2,5,4,1,2,1,4,1,2,1,1,31
29,10,39,40,29,10,0,2,6,3,1,2,1,3,1,2,1,1,32
29,10,39,40,29,10,0,2,7,7,0,2,2,7,0,2,5,1,30
29,10,39,40,29,10,0,2,8,8,0,2,1,8,0,2,1,1,32
29,10,39,40,29,29,0,2,1,10,0,1,1,10,0,1,1,1,33
29,10,39,40,29,29,0,2,2,10,0,1,1,10,0,1,1,1,24
29,10,39,40,29,29,0,2,3,3,0,2,1,3,0,2,1,1,32
29,10,39,40,29,29,0,2,4,4,0,2,2,4,0,2,2,1,31
29,10,39,40,29,29,0,2,5,5,0,2,1,5,0,2,1,1,29
29,10,39,40,29,29,0,2,6,6,0,2,1,6,0,2,1,1,32
29,10,39,40,29,29,0,2,7,7,0,2,2,7,0,2,5,1,30
29,10,39,40,29,29,0,2,8,8,0,2,1,8,0,2,1,1,29
29,10,39,40,29,29,0,2,9,9,0,2,1,9,0,2,1,1,31
29,10,39,40,29,29,0,2,10,10,0,1,2,10,0,1,8,1,29
29,10,39,40,29,29,0,2,11,10,0,1,2,10,0,1,8,1,29
29,10,39,40,29,29,0,2,12,10,0,1,1,10,0,1,1,1,30
29,10,39,40,29,29,0,2,13,10,0,1,2,10,0,1,8,1,29
29,10,39,40,29,29,0,2,14,10,0,1,1,10,0,1,1,1,30
29,10,39,40,29,29,0,2,15,10,0,1,2,10,0,1,8,1,29
29,10,39,40,29,29,0,2,16,10,0,1,2,10,0,1,8,1,29
29,10,39,40,29,29,0,2,17,10,0,1,1,10,0,1,1,1,30
29,10,39,40,29,29,0,2,18,10,0,1,2,10,0,1,8,1,29
29,10,39,40,29,29,0,2,19,9,1,2,1,9,1,2,1,1,29
29,10,39,40,29,29,0,2,20,8,1,2,1,8,1,2,1,1,29
29,10,39,40,29,29,0,2,21,7,1,2,1,7,1,2,1,1,30
29,10,39,40,29,29,0,2,22,6,1,2,1,6,1,2,1,1,30
29,10,39,40,29,29,0,2,23,5,1,2,1,5,1,2,1,1,29
29,10,39,40,29,29,0,2,24,4,1,2,1,4,1,2,1,1,30
29,10,39,40,29,29,0,2,25,3,1,2,1,3,1,2,1,1,30
29,10,39,40,29,29,0,2,26,10,0,1,2,10,0,1,8,1,29
29,10,39,40,29,29,0,2,27,10,0,1,1,10,0,1,1,1,32
30,2,32,33,30,30,0,2,1,28,1,2,1,28,1,2,1,1,26
30,2,32,33,30,30,0,2,2,27,1,2,2,27,1,2,2,2,15
30,2,32,33,30,30,0,2,3,3,0,2,1,3,0,2,1,1,25
30,2,32,33,30,30,0,2,4,4,0,2,1,4,0,2,1,1,25
30,2,32,33,30,30,0,2,5,5,0,2,1,5,0,2,1,1,19
30,2,32,33,30,30,0,2,6,6,0,2,1,6,0,2,1,1,25
30,2,32,33,30,30,0,2,7,7,0,2,1,7,0,2,1,1,23
30,2,32,33,30,30,0,2,8,8,0,2,1,8,0,2,1,1,21
30,2,32,33,30,30,0,2,9,9,0,2,1,9,0,2,1,1,24
30,2,32,33,30,30,0,2,10,10,0,2,1,10,0,2,1,1,23
30,2,32,33,30,30,0,2,11,11,0,2,1,11,0,2,1,1,23
30,2,32,33,30,30,0,2,12,12,0,2,1,12,0,2,1,1,23
30,2,32,33,30,30,0,2,13,13,0,2,1,13,0,2,1,1,23
30,2,32,33,30,30,0,2,14,14,0,2,2,14,0,2,12,1,23
30,2,32,33,30,30,0,2,15,14,1,2,2,15,0,2,1,1,19
30,2,32,33,30,30,0,2,16,13,1,2,1,13,1,2,1,1,25
30,2,32,33,30,30,0,2,17,12,1,2,2,12,1,2,10,1,20
30,2,32,33,30,30,0,2,18,11,1,2,2,11,1,2,9,1,21
30,2,32,33,30,30,0,2,19,10,1,2,2,10,1,2,8,1,24
30,2,32,33,30,30,0,2,20,9,1,2,2,9,1,2,7,1,23
30,2,32,33,30,30,0,2,21,8,1,2,2,21,0,2,1,1,21
30,2,32,33,30,30,0,2,22,7,1,2,2,7,1,2,5,1,24
30,2,32,33,30,30,0,2,23,6,1,2,1,6,1,2,1,1,24
30,2,32,33,30,30,0,2,24,5,1,2,2,24,0,2,1,1,23
30,2,32,33,30,30,0,2,25,4,1,2,2,4,1,2,2,1,24
30,2,32,33,30,30,0,2,26,3,1,2,1,3,1,2,1,1,25
30,2,32,33,30,30,0,2,27,27,0,2,1,27,0,2,1,1,25
30,2,32,33,30,30,0,2,28,28,0,2,1,28,0,2,1,1,25
30,3,33,34,30,3,0,2,1,30,0,1,1,30,0,1,1,1,28
30,3,33,34,30,30,0,2,1,3,0,1,1,3,0,1,2,0,28
30,3,33,34,30,30,0,2,2,27,1,2,2,27,1,2,25,1,19
30,3,33,34,30,30,0,2,3,26,1,2,1,26,1,2,1,1,24
30,3,33,34,30,30,0,2,4,4,0,2,2,4,0,2,2,1,22
30,3,33,34,30,30,0,2,5,5,0,2,2,5,0,2,3,1,18
30,3,33,34,30,30,0,2,6,6,0,2,2,23,1,2,1,1,23
30,3,33,34,30,30,0,2,7,7,0,2,2,7,0,2,5,1,22
30,3,33,34,30,30,0,2,8,8,0,2,2,8,0,2,6,1,18
30,3,33,34,30,30,0,2,9,9,0,2,2,9,0,2,7,1,21
30,3,33,34,30,30,0,2,10,10,0,2,2,10,0,2,8,1,22
30,3,33,34,30,30,0,2,11,11,0,2,2,11,0,2,9,1,18
30,3,33,34,30,30,0,2,12,12,0,2,2,12,0,2,10,1,21
30,3,33,34,30,30,0,2,13,13,0,2,2,13,0,2,11,1,21
30,3,33,34,30,30,0,2,14,14,0,2,2,14,0,2,12,1,20
30,3,33,34,30,30,0,2,15,14,1,2,2,14,1,2,12,1,20
30,3,33,34,30,30,0,2,16,13,1,2,2,13,1,2,11,1,21
30,3,33,34,30,30,0,2,17,12,1,2,2,12,1,2,10,1,22
30,3,33,34,30,30,0,2,18,11,1,2,2,11,1,2,9,1,19
30,3,33,34,30,30,0,2,19,10,1,2,2,10,1,2,8,1,21
30,3,33,34,30,30,0,2,20,9,1,2,2,9,1,2,7,1,21
30,3,33,34,30,30,0,2,21,8,1,2,2,8,1,2,6,1,22
30,3,33,34,30,30,0,2,22,7,1,2,2,7,1,2,5,1,21
30,3,33,34,30,30,0,2,23,6,1,2,2,6,1,2,4,1,21
30,3,33,34,30,30,0,2,24,5,1,2,2,24,0,2,22,1,22
30,3,33,34,30,30,0,2,25,4,1,2,2,4,1,2,2,1,22
30,3,33,34,30,30,0,2,26,26,0,2,2,26,0,2,24,1,21
30,3,33,34,30,30,0,2,27,27,0,2,2,27,0,2,25,1,24
30,3,33,34,30,30,0,2,28,28,0,2,2,28,0,2,26,1,24
30,4,34,35,30,4,0,2,1,30,0,1,1,30,0,1,29,0,29
30,4,34,35,30,4,0,2,2,30,0,1,3,30,0,1,27,2,25
30,4,34,35,30,30,0,2,1,4,0,1,1,4,0,1,1,1,28
30,4,34,35,30,30,0,2,2,27,1,2,2,27,1,2,25,1,19
30,4,34,35,30,30,0,2,3,4,0,1,1,4,0,1,1,1,25
30,4,34,35,30,30,0,2,4,4,0,1,1,4,0,1,1,1,20
30,4,34,35,30,30,0,2,5,5,0,2,2,24,1,2,22,1,13
30,4,34,35,30,30,0,2,6,4,0,1,1,4,0,1,1,1,23
30,4,34,35,30,30,0,2,7,4,0,1,1,4,0,1,1,1,20
30,4,34,35,30,30,0,2,8,8,0,2,2,21,1,2,19,1,12
30,4,34,35,30,30,0,2,9,4,0,1,1,4,0,1,1,1,22
30,4,34,35,30,30,0,2,10,10,0,2,2,10,0,2,8,1,19
30,4,34,35,30,30,0,2,11,11,0,2,2,11,0,2,9,1,11
30,4,34,35,30,30,0,2,12,4,0,1,1,4,0,1,1,1,23
30,4,34,35,30,30,0,2,13,13,0,2,2,16,1,2,14,1,18
30,4,34,35,30,30,0,2,14,14,0,2,2,14,0,2,12,1,13
30,4,34,35,30,30,0,2,15,4,0,1,1,4,0,1,1,1,22
30,4,34,35,30,30,0,2,16,13,1,2,2,13,1,2,2,2,9
30,4,34,35,30,30,0,2,17,4,0,1,1,4,0,1,1,1,23
30,4,34,35,30,30,0,2,18,11,1,2,2,11,1,2,9,1,13
30,4,34,35,30,30,0,2,19,4,0,1,1,4,0,1,1,1,13
30,4,34,35,30,30,0,2,20,9,1,2,2,9,1,2,7,1,21
30,4,34,35,30,30,0,2,21,8,1,2,2,8,1,2,6,1,16
30,4,34,35,30,30,0,2,22,4,0,1,1,4,0,1,1,1,15
30,4,34,35,30,30,0,2,23,6,1,2,2,6,1,2,4,1,21
30,4,34,35,30,30,0,2,24,5,1,2,2,24,0,2,22,1,19
30,4,34,35,30,30,0,2,25,4,1,2,2,4,1,2,2,1,16
30,4,34,35,30,30,0,2,26,26,0,2,2,26,0,2,24,1,21
30,4,34,35,30,30,0,2,27,27,0,2,2,27,0,2,25,1,21
30,4,34,35,30,30,0,2,28,4,0,1,1,4,0,1,1,1,21
30,5,35,36,30,5,0,2,1,3,1,2,1,3,1,2,1,1,29
30,5,35,36,30,5,0,2,2,30,0,1,1,30,0,1,1,1,24
30,5,35,36,30,5,0,2,3,30,0,1,1,30,0,1,1,1,28
30,5,35,36,30,30,0,2,1,5,0,1,1,5,0,1,1,1,29
30,5,35,36,30,30,0,2,2,5,0,1,2,27,1,2,25,1,22
30,5,35,36,30,30,0,2,3,3,0,2,1,3,0,2,1,1,27
30,5,35,36,30,30,0,2,4,4,0,2,1,4,0,2,1,1,27
30,5,35,36,30,30,0,2,5,5,0,1,2,5,0,2,1,1,26
30,5,35,36,30,30,0,2,6,5,0,1,2,5,0,1,3,1,27
30,5,35,36,30,30,0,2,7,5,0,1,2,7,0,2,1,1,26
30,5,35,36,30,30,0,2,8,5,0,1,2,8,0,2,1,1,26
30,5,35,36,30,30,0,2,9,5,0,1,2,9,0,2,1,1,26
30,5,35,36,30,30,0,2,10,5,0,1,2,10,0,2,1,1,26
30,5,35,36,30,30,0,2,11,5,0,1,2,11,0,2,1,1,26
30,5,35,36,30,30,0,2,12,5,0,1,2,12,0,2,1,1,26
30,5,35,36,30,30,0,2,13,5,0,1,2,13,0,2,11,1,25
30,5,35,36,30,30,0,2,14,5,0,1,2,14,0,2,1,1,26
30,5,35,36,30,30,0,2,15,5,0,1,2,14,1,2,1,1,25
30,5,35,36,30,30,0,2,16,5,0,1,2,13,1,2,1,1,25
30,5,35,36,30,30,0,2,17,5,0,1,2,12,1,2,1,1,26
30,5,35,36,30,30,0,2,18,5,0,1,2,11,1,2,1,1,25
30,5,35,36,30,30,0,2,19,5,0,1,2,10,1,2,1,1,26
30,5,35,36,30,30,0,2,20,5,0,1,2,9,1,2,1,1,26
30,5,35,36,30,30,0,2,21,5,0,1,2,8,1,2,1,1,26
30,5,35,36,30,30,0,2,22,5,0,1,2,7,1,2,1,1,26
30,5,35,36,30,30,0,2,23,5,0,1,2,6,1,2,1,1,26
30,5,35,36,30,30,0,2,24,5,0,1,2,5,1,2,1,1,26
30,5,35,36,30,30,0,2,25,4,1,2,1,4,1,2,1,1,26
30,5,35,36,30,30,0,2,26,3,1,2,1,3,1,2,1,1,26
30,5,35,36,30,30,0,2,27,5,0,1,2,27,0,2,1,1,26
30,5,35,36,30,30,0,2,28,5,0,1,2,28,0,2,1,1,27
30,6,36,37,30,6,0,2,1,4,1,2,1,4,1,2,1,1,30
30,6,36,37,30,6,0,2,2,30,0,1,2,30,0,1,2,2,24
30,6,36,37,30,6,0,2,3,30,0,1,1,30,0,1,1,1,28
30,6,36,37,30,6,0,2,4,4,0,2,2,4,0,2,2,1,28
30,6,36,37,30,30,0,2,1,6,0,1,2,6,0,1,4,1,29
30,6,36,37,30,30,0,2,2,6,0,1,3,27,1,2,25,1,24
30,6,36,37,30,30,0,2,3,6,0,1,2,6,0,1,4,1,25
30,6,36,37,30,30,0,2,4,4,0,2,2,4,0,2,2,1,26
30,6,36,37,30,30,0,2,5,5,0,2,2,24,1,2,22,1,22
30,6,36,37,30,30,0,2,6,6,0,1,2,6,0,2,4,1,16
30,6,36,37,30,30,0,2,7,6,0,1,3,7,0,2,5,1,21
30,6,36,37,30,30,0,2,8,6,0,1,3,8,0,2,6,1,22
30,6,36,37,30,30,0,2,9,6,0,1,3,9,0,2,7,1,18
30,6,36,37,30,30,0,2,10,6,0,1,3,10,0,2,8,1,21
30,6,36,37,30,30,0,2,11,6,0,1,3,11,0,2,9,1,22
30,6,36,37,30,30,0,2,12,6,0,1,3,12,0,2,10,1,21
30,6,36,37,30,30,0,2,13,6,0,1,3,13,0,2,11,1,21
30,6,36,37,30,30,0,2,14,6,0,1,2,14,0,2,12,1,22
30,6,36,37,30,30,0,2,15,6,0,1,3,14,1,2,12,1,22
30,6,36,37,30,30,0,2,16,6,0,1,3,13,1,2,11,1,21
30,6,36,37,30,30,0,2,17,6,0,1,3,17,0,2,15,1,19
30,6,36,37,30,30,0,2,18,6,0,1,2,11,1,2,9,1,22
30,6,36,37,30,30,0,2,19,6,0,1,3,10,1,2,8,1,19
30,6,36,37,30,30,0,2,20,6,0,1,3,9,1,2,7,1,21
30,6,36,37,30,30,0,2,21,6,0,1,3,8,1,2,6,1,21
30,6,36,37,30,30,0,2,22,6,0,1,3,7,1,2,5,1,22
30,6,36,37,30,30,0,2,23,6,0,1,2,23,0,2,21,1,22
30,6,36,37,30,30,0,2,24,5,1,2,2,24,0,2,22,1,21
30,6,36,37,30,30,0,2,25,4,1,2,2,4,1,2,2,1,23
30,6,36,37,30,30,0,2,26,6,0,1,2,26,0,2,24,1,24
30,6,36,37,30,30,0,2,27,6,0,1,3,27,0,2,25,1,23
30,6,36,37,30,30,0,2,28,6,0,1,3,28,0,2,26,1,24
30,7,37,38,30,7,0,2,1,5,1,2,1,5,1,2,1,1,31
30,7,37,38,30,7,0,2,2,4,1,2,2,4,1,2,2,1,21
30,7,37,38,30,7,0,2,3,3,1,2,1,3,1,2,1,1,29
30,7,37,38,30,7,0,2,4,4,0,2,2,4,0,2,2,1,29
30,7,37,38,30,7,0,2,5,5,0,2,2,5,0,2,3,1,28
30,7,37,38,30,30,0,2,1,7,0,1,1,7,0,1,1,1,31
30,7,37,38,30,30,0,2,2,7,0,1,1,7,0,1,1,1,21
30,7,37,38,30,30,0,2,3,7,0,1,1,7,0,1,1,1,29
30,7,37,38,30,30,0,2,4,4,0,2,2,4,0,2,2,1,28
30,7,37,38,30,30,0,2,5,5,0,2,2,5,0,2,3,1,25
30,7,37,38,30,30,0,2,6,6,0,2,2,6,0,2,4,1,29
30,7,37,38,30,30,0,2,7,7,0,1,2,7,0,1,5,1,27
30,7,37,38,30,30,0,2,8,7,0,1,2,7,0,1,5,1,25
30,7,37,38,30,30,0,2,9,7,0,1,2,7,0,1,5,1,28
30,7,37,38,30,30,0,2,10,7,0,1,2,7,0,1,5,1,26
30,7,37,38,30,30,0,2,11,7,0,1,2,7,0,1,5,1,25
30,7,37,38,30,30,0,2,12,7,0,1,2,7,0,1,5,1,25
30,7,37,38,30,30,0,2,13,7,0,1,2,7,0,1,5,1,26
30,7,37,38,30,30,0,2,14,7,0,1,1,7,0,1,1,1,28
30,7,37,38,30,30,0,2,15,7,0,1,2,7,0,1,5,1,25
30,7,37,38,30,30,0,2,16,7,0,1,1,7,0,1,1,1,27
30,7,37,38,30,30,0,2,17,7,0,1,2,7,0,1,5,1,24
30,7,37,38,30,30,0,2,18,7,0,1,2,7,0,1,5,1,25
30,7,37,38,30,30,0,2,19,7,0,1,1,7,0,1,1,1,28
30,7,37,38,30,30,0,2,20,7,0,1,2,7,0,1,5,1,25
30,7,37,38,30,30,0,2,21,7,0,1,2,7,0,1,5,1,25
30,7,37,38,30,30,0,2,22,7,0,1,1,7,0,1,1,1,27
30,7,37,38,30,30,0,2,23,6,1,2,2,6,1,2,4,1,25
30,7,37,38,30,30,0,2,24,5,1,2,2,7,0,1,1,1,26
30,7,37,38,30,30,0,2,25,4,1,2,2,4,1,2,2,1,27
30,7,37,38,30,30,0,2,26,7,0,1,2,7,0,1,5,1,26
30,7,37,38,30,30,0,2,27,7,0,1,1,7,0,1,1,1,28
30,7,37,38,30,30,0,2,28,7,0,1,2,7,0,1,5,1,28
30,8,38,39,30,8,0,2,1,6,1,2,1,30,0,1,29,0,33
30,8,38,39,30,8,0,2,2,5,1,2,2,5,1,2,2,2,25
30,8,38,39,30,8,0,2,3,4,1,2,1,4,1,2,1,1,29
30,8,38,39,30,8,0,2,4,3,1,2,1,3,1,2,1,1,30
30,8,38,39,30,8,0,2,5,5,0,2,2,5,0,2,3,1,21
30,8,38,39,30,8,0,2,6,6,0,2,2,6,0,2,4,1,29
30,8,38,39,30,30,0,2,1,8,0,1,1,8,0,1,1,1,32
30,8,38,39,30,30,0,2,2,8,0,1,2,27,1,2,25,1,26
30,8,38,39,30,30,0,2,3,8,0,1,1,8,0,1,1,1,28
30,8,38,39,30,30,0,2,4,4,0,2,2,4,0,2,2,1,29
30,8,38,39,30,30,0,2,5,5,0,2,2,5,0,2,3,1,16
30,8,38,39,30,30,0,2,6,6,0,2,2,6,0,2,4,1,28
30,8,38,39,30,30,0,2,7,7,0,2,2,7,0,2,5,1,25
30,8,38,39,30,30,0,2,8,8,0,1,2,8,0,2,6,1,16
30,8,38,39,30,30,0,2,9,8,0,1,2,9,0,2,7,1,26
30,8,38,39,30,30,0,2,10,8,0,1,2,10,0,2,8,1,25
30,8,38,39,30,30,0,2,11,8,0,1,2,11,0,2,9,1,18
30,8,38,39,30,30,0,2,12,8,0,1,2,12,0,2,10,1,24
30,8,38,39,30,30,0,2,13,8,0,1,2,13,0,2,11,1,26
30,8,38,39,30,30,0,2,14,8,0,1,2,14,0,2,12,1,22
30,8,38,39,30,30,0,2,15,8,0,1,2,14,1,2,12,1,20
30,8,38,39,30,30,0,2,16,8,0,1,2,13,1,2,11,1,25
30,8,38,39,30,30,0,2,17,8,0,1,2,12,1,2,10,1,22
30,8,38,39,30,30,0,2,18,8,0,1,2,18,0,2,16,1,19
30,8,38,39,30,30,0,2,19,8,0,1,2,10,1,2,8,1,26
30,8,38,39,30,30,0,2,20,8,0,1,2,9,1,2,7,1,20
30,8,38,39,30,30,0,2,21,8,0,1,2,21,0,2,19,1,23
30,8,38,39,30,30,0,2,22,7,1,2,2,7,1,2,5,1,26
30,8,38,39,30,30,0,2,23,6,1,2,2,6,1,2,4,1,25
30,8,38,39,30,30,0,2,24,5,1,2,2,24,0,2,22,1,25
30,8,38,39,30,30,0,2,25,4,1,2,2,4,1,2,2,1,25
30,8,38,39,30,30,0,2,26,8,0,1,2,26,0,2,24,1,26
30,8,38,39,30,30,0,2,27,8,0,1,2,27,0,2,25,1,27
30,8,38,39,30,30,0,2,28,8,0,1,2,28,0,2,26,1,27
30,9,39,40,30,9,0,2,1,7,1,2,1,7,1,2,1,1,33
30,9,39,40,30,9,0,2,2,6,1,2,2,30,0,1,1,1,23
30,9,39,40,30,9,0,2,3,5,1,2,1,5,1,2,1,1,31
30,9,39,40,30,9,0,2,4,4,0,2,2,4,0,2,2,1,31
30,9,39,40,30,9,0,2,5,5,0,2,2,5,0,2,3,1,26
30,9,39,40,30,9,0,2,6,6,0,2,2,6,0,2,4,1,30
30,9,39,40,30,9,0,2,7,7,0,2,2,7,0,2,5,1,32
30,9,39,40,30,30,0,2,1,9,0,1,1,9,0,1,1,1,33
30,9,39,40,30,30,0,2,2,9,0,1,1,9,0,1,1,1,24
30,9,39,40,30,30,0,2,3,3,0,2,1,3,0,2,1,1,32
30,9,39,40,30,30,0,2,4,4,0,2,2,4,0,2,2,1,31
30,9,39,40,30,30,0,2,5,5,0,2,2,5,0,2,3,1,28
30,9,39,40,30,30,0,2,6,6,0,2,1,6,0,2,1,1,31
30,9,39,40,30,30,0,2,7,7,0,2,2,7,0,2,5,1,30
30,9,39,40,30,30,0,2,8,8,0,2,2,8,0,2,6,1,28
30,9,39,40,30,30,0,2,9,9,0,1,2,9,0,1,7,1,31
30,9,39,40,30,30,0,2,10,9,0,1,2,9,0,1,7,1,30
30,9,39,40,30,30,0,2,11,9,0,1,2,11,0,2,9,1,29
30,9,39,40,30,30,0,2,12,9,0,1,2,9,0,1,7,1,30
30,9,39,40,30,30,0,2,13,9,0,1,2,9,0,1,7,1,30
30,9,39,40,30,30,0,2,14,9,0,1,2,14,0,2,12,1,28
30,9,39,40,30,30,0,2,15,9,0,1,2,9,0,1,7,1,30
30,9,39,40,30,30,0,2,16,9,0,1,2,13,1,2,11,1,28
30,9,39,40,30,30,0,2,17,9,0,1,2,9,0,1,7,1,29
30,9,39,40,30,30,0,2,18,9,0,1,2,11,1,2,1,1,26
30,9,39,40,30,30,0,2,19,9,0,1,2,10,1,2,8,1,29
30,9,39,40,30,30,0,2,20,9,0,1,2,9,0,1,7,1,30
30,9,39,40,30,30,0,2,21,8,1,2,1,8,1,2,1,1,27
30,9,39,40,30,30,0,2,22,7,1,2,1,7,1,2,1,1,30
30,9,39,40,30,30,0,2,23,6,1,2,1,6,1,2,1,1,30
30,9,39,40,30,30,0,2,24,5,1,2,1,5,1,2,1,1,29
30,9,39,40,30,30,0,2,25,4,1,2,1,4,1,2,1,1,31
30,9,39,40,30,30,0,2,26,3,1,2,1,3,1,2,1,1,30
30,9,39,40,30,30,0,2,27,9,0,1,2,9,0,1,7,1,30
30,9,39,40,30,30,0,2,28,9,0,1,2,9,0,1,7,1,32
31,2,33,34,31,31,0,2,1,29,1,2,0,29,1,2,0,0,28
31,2,33,34,31,31,0,2,2,28,1,2,1,28,1,2,1,1,26
31,2,33,34,31,31,0,2,3,27,1,2,1,27,1,2,1,1,25
31,2,33,34,31,31,0,2,4,4,0,2,2,4,0,2,2,1,25
31,2,33,34,31,31,0,2,5,5,0,2,2,5,0,2,3,1,23
31,2,33,34,31,31,0,2,6,6,0,2,2,6,0,2,4,1,25
31,2,33,34,31,31,0,2,7,7,0,2,2,7,0,2,5,1,25
31,2,33,34,31,31,0,2,8,8,0,2,2,8,0,2,6,1,23
31,2,33,34,31,31,0,2,9,9,0,2,2,9,0,2,7,1,24
31,2,33,34,31,31,0,2,10,10,0,2,2,10,0,2,8,1,24
31,2,33,34,31,31,0,2,11,11,0,2,2,11,0,2,9,1,24
31,2,33,34,31,31,0,2,12,12,0,2,2,12,0,2,10,1,24
31,2,33,34,31,31,0,2,13,13,0,2,2,13,0,2,11,1,23
31,2,33,34,31,31,0,2,14,14,0,2,2,14,0,2,12,1,25
31,2,33,34,31,31,0,2,15,15,0,2,3,15,0,2,13,1,22
31,2,33,34,31,31,0,2,16,14,1,2,2,14,1,2,12,1,24
31,2,33,34,31,31,0,2,17,13,1,2,1,13,1,2,1,1,25
31,2,33,34,31,31,0,2,18,12,1,2,2,12,1,2,10,1,22
31,2,33,34,31,31,0,2,19,11,1,2,2,11,1,2,9,1,23
31,2,33,34,31,31,0,2,20,10,1,2,2,10,1,2,8,1,24
31,2,33,34,31,31,0,2,21,9,1,2,2,9,1,2,7,1,23
31,2,33,34,31,31,0,2,22,8,1,2,1,8,1,2,1,1,25
31,2,33,34,31,31,0,2,23,7,1,2,2,7,1,2,5,1,24
31,2,33,34,31,31,0,2,24,6,1,2,1,6,1,2,1,1,24
31,2,33,34,31,31,0,2,25,5,1,2,1,5,1,2,1,1,25
31,2,33,34,31,31,0,2,26,4,1,2,2,4,1,2,2,1,24
31,2,33,34,31,31,0,2,27,3,1,2,1,3,1,2,1,1,25
31,2,33,34,31,31,0,2,28,28,0,2,2,28,0,2,26,1,25
31,2,33,34,31,31,0,2,29,29,0,2,2,29,0,2,27,1,26
31,3,34,35,31,3,0,2,1,31,0,1,2,31,0,1,29,1,28
31,3,34,35,31,31,0,2,1,29,1,2,1,29,1,2,1,1,27
31,3,34,35,31,31,0,2,2,28,1,2,2,28,1,2,26,1,16
31,3,34,35,31,31,0,2,3,27,1,2,2,27,1,2,2,2,15
31,3,34,35,31,31,0,2,4,4,0,2,2,4,0,2,2,1,24
31,3,34,35,31,31,0,2,5,5,0,2,2,25,1,2,23,1,16
31,3,34,35,31,31,0,2,6,6,0,2,2,24,1,2,22,1,13
31,3,34,35,31,31,0,2,7,7,0,2,2,7,0,2,5,1,22
31,3,34,35,31,31,0,2,8,8,0,2,2,22,1,2,20,1,21
31,3,34,35,31,31,0,2,9,9,0,2,2,9,0,2,7,1,13
31,3,34,35,31,31,0,2,10,10,0,2,2,10,0,2,8,1,21
31,3,34,35,31,31,0,2,11,11,0,2,2,11,0,2,9,1,21
31,3,34,35,31,31,0,2,12,12,0,2,2,12,0,2,10,1,19
31,3,34,35,31,31,0,2,13,13,0,2,2,13,0,2,11,1,19
31,3,34,35,31,31,0,2,14,14,0,2,2,14,0,2,12,1,20
31,3,34,35,31,31,0,2,15,15,0,2,2,15,0,2,13,1,18
31,3,34,35,31,31,0,2,16,14,1,2,2,16,0,2,14,1,15
31,3,34,35,31,31,0,2,17,13,1,2,2,13,1,2,11,1,20
31,3,34,35,31,31,0,2,18,12,1,2,2,12,1,2,10,1,12
31,3,34,35,31,31,0,2,19,11,1,2,2,19,0,2,17,1,16
31,3,34,35,31,31,0,2,20,10,1,2,2,10,1,2,8,1,18
31,3,34,35,31,31,0,2,21,9,1,2,2,9,1,2,7,1,14
31,3,34,35,31,31,0,2,22,8,1,2,2,22,0,2,20,1,19
31,3,34,35,31,31,0,2,23,7,1,2,2,7,1,2,5,1,19
31,3,34,35,31,31,0,2,24,6,1,2,2,6,1,2,4,1,17
31,3,34,35,31,31,0,2,25,5,1,2,2,25,0,2,23,1,21
31,3,34,35,31,31,0,2,26,4,1,2,2,4,1,2,2,1,19
31,3,34,35,31,31,0,2,27,27,0,2,2,27,0,2,25,1,21
31,3,34,35,31,31,0,2,28,28,0,2,2,28,0,2,26,1,22
31,3,34,35,31,31,0,2,29,29,0,2,2,29,0,2,27,1,22
31,4,35,36,31,4,0,2,1,31,0,1,1,31,0,1,1,1,29
31,4,35,36,31,4,0,2,2,31,0,1,2,31,0,1,2,2,24
31,4,35,36,31,31,0,2,1,4,0,1,1,4,0,1,1,1,29
31,4,35,36,31,31,0,2,2,4,0,1,1,4,0,1,1,1,21
31,4,35,36,31,31,0,2,3,4,0,1,1,4,0,1,1,1,27
31,4,35,36,31,31,0,2,4,4,0,1,1,4,0,1,1,1,27
31,4,35,36,31,31,0,2,5,4,0,1,1,4,0,1,1,1,22
31,4,35,36,31,31,0,2,6,4,0,1,1,4,0,1,1,1,25
31,4,35,36,31,31,0,2,7,4,0,1,1,4,0,1,1,1,26
31,4,35,36,31,31,0,2,8,4,0,1,1,4,0,1,1,1,24
31,4,35,36,31,31,0,2,9,4,0,1,1,4,0,1,1,1,25
31,4,35,36,31,31,0,2,10,4,0,1,1,4,0,1,1,1,25
31,4,35,36,31,31,0,2,11,4,0,1,1,4,0,1,1,1,25
31,4,35,36,31,31,0,2,12,4,0,1,1,4,0,1,1,1,23
31,4,35,36,31,31,0,2,13,4,0,1,1,4,0,1,1,1,24
31,4,35,36,31,31,0,2,14,14,0,2,2,14,0,2,12,1,22
31,4,35,36,31,31,0,2,15,4,0,1,1,4,0,1,1,1,24
31,4,35,36,31,31,0,2,16,4,0,1,1,4,0,1,1,1,23
31,4,35,36,31,31,0,2,17,13,1,2,2,13,1,2,11,1,23
31,4,35,36,31,31,0,2,18,4,0,1,1,4,0,1,1,1,24
31,4,35,36,31,31,0,2,19,4,0,1,1,4,0,1,1,1,21
31,4,35,36,31,31,0,2,20,4,0,1,1,4,0,1,1,1,25
31,4,35,36,31,31,0,2,21,4,0,1,1,4,0,1,1,1,24
31,4,35,36,31,31,0,2,22,4,0,1,1,4,0,1,1,1,23
31,4,35,36,31,31,0,2,23,4,0,1,1,4,0,1,1,1,25
31,4,35,36,31,31,0,2,24,4,0,1,1,4,0,1,1,1,25
31,4,35,36,31,31,0,2,25,4,0,1,1,4,0,1,1,1,25
31,4,35,36,31,31,0,2,26,4,0,1,1,4,0,1,1,1,25
31,4,35,36,31,31,0,2,27,4,0,1,1,4,0,1,1,1,26
31,4,35,36,31,31,0,2,28,4,0,1,1,4,0,1,1,1,27
31,4,35,36,31,31,0,2,29,4,0,1,1,4,0,1,1,1,28
31,5,36,37,31,5,0,2,1,3,1,2,1,3,1,2,1,1,30
31,5,36,37,31,5,0,2,2,31,0,1,2,31,0,1,29,1,26
31,5,36,37,31,5,0,2,3,31,0,1,1,31,0,1,1,1,28
31,5,36,37,31,31,0,2,1,5,0,1,2,5,0,1,3,1,29
31,5,36,37,31,31,0,2,2,5,0,1,2,28,1,2,1,1,27
31,5,36,37,31,31,0,2,3,5,0,1,2,27,1,2,1,1,26
31,5,36,37,31,31,0,2,4,4,0,2,2,4,0,2,2,1,27
31,5,36,37,31,31,0,2,5,5,0,1,2,5,0,2,3,1,20
31,5,36,37,31,31,0,2,6,5,0,1,2,6,0,2,4,1,26
31,5,36,37,31,31,0,2,7,5,0,1,2,7,0,2,5,1,25
31,5,36,37,31,31,0,2,8,5,0,1,2,8,0,2,6,1,22
31,5,36,37,31,31,0,2,9,5,0,1,2,9,0,2,7,1,24
31,5,36,37,31,31,0,2,10,5,0,1,2,10,0,2,8,1,24
31,5,36,37,31,31,0,2,11,5,0,1,2,11,0,2,9,1,23
31,5,36,37,31,31,0,2,12,5,0,1,2,12,0,2,10,1,24
31,5,36,37,31,31,0,2,13,5,0,1,2,13,0,2,11,1,24
31,5,36,37,31,31,0,2,14,5,0,1,2,14,0,2,12,1,24
31,5,36,37,31,31,0,2,15,5,0,1,2,15,0,2,13,1,24
31,5,36,37,31,31,0,2,16,5,0,1,2,14,1,2,12,1,23
31,5,36,37,31,31,0,2,17,5,0,1,2,17,0,2,15,1,22
31,5,36,37,31,31,0,2,18,5,0,1,2,12,1,2,1,1,26
31,5,36,37,31,31,0,2,19,5,0,1,2,11,1,2,9,1,21
31,5,36,37,31,31,0,2,20,5,0,1,2,10,1,2,8,1,24
31,5,36,37,31,31,0,2,21,5,0,1,2,9,1,2,1,1,25
31,5,36,37,31,31,0,2,22,5,0,1,2,8,1,2,6,1,24
31,5,36,37,31,31,0,2,23,5,0,1,2,7,1,2,5,1,24
31,5,36,37,31,31,0,2,24,5,0,1,2,6,1,2,1,1,25
31,5,36,37,31,31,0,2,25,5,0,1,2,25,0,2,23,1,24
31,5,36,37,31,31,0,2,26,4,1,2,2,4,1,2,2,1,25
31,5,36,37,31,31,0,2,27,5,0,1,2,27,0,2,25,1,25
31,5,36,37,31,31,0,2,28,5,0,1,2,28,0,2,26,1,26
31,5,36,37,31,31,0,2,29,5,0,1,2,29,0,2,27,1,26
31,6,37,38,31,6,0,2,1,4,1,2,1,4,1,2,1,1,31
31,6,37,38,31,6,0,2,2,31,0,1,1,31,0,1,1,1,19
31,6,37,38,31,6,0,2,3,31,0,1,2,31,0,1,29,1,28
31,6,37,38,31,6,0,2,4,4,0,2,2,4,0,2,2,1,30
31,6,37,38,31,31,0,2,1,6,0,1,1,6,0,1,1,1,31
31,6,37,38,31,31,0,2,2,6,0,1,2,28,1,2,26,1,15
31,6,37,38,31,31,0,2,3,6,0,1,1,6,0,1,1,1,29
31,6,37,38,31,31,0,2,4,4,0,2,2,4,0,2,2,1,28
31,6,37,38,31,31,0,2,5,5,0,2,2,5,0,2,3,1,15
31,6,37,38,31,31,0,2,6,6,0,1,2,6,0,1,4,1,28
31,6,37,38,31,31,0,2,7,6,0,1,2,7,0,2,5,1,26
31,6,37,38,31,31,0,2,8,6,0,1,3,8,0,2,6,1,24
31,6,37,38,31,31,0,2,9,6,0,1,2,9,0,2,7,1,27
31,6,37,38,31,31,0,2,10,6,0,1,3,10,0,2,8,1,24
31,6,37,38,31,31,0,2,11,6,0,1,2,11,0,2,9,1,25
31,6,37,38,31,31,0,2,12,6,0,1,2,12,0,2,10,1,25
31,6,37,38,31,31,0,2,13,6,0,1,3,13,0,2,11,1,23
31,6,37,38,31,31,0,2,14,6,0,1,2,6,0,1,4,1,27
31,6,37,38,31,31,0,2,15,6,0,1,3,15,0,2,13,1,23
31,6,37,38,31,31,0,2,16,6,0,1,2,14,1,2,12,1,26
31,6,37,38,31,31,0,2,17,6,0,1,2,13,1,2,11,1,24
31,6,37,38,31,31,0,2,18,6,0,1,3,12,1,2,10,1,23
31,6,37,38,31,31,0,2,19,6,0,1,2,11,1,2,1,1,27
31,6,37,38,31,31,0,2,20,6,0,1,3,10,1,2,8,1,21
31,6,37,38,31,31,0,2,21,6,0,1,3,9,1,2,7,1,23
31,6,37,38,31,31,0,2,22,6,0,1,2,8,1,2,6,1,25
31,6,37,38,31,31,0,2,23,6,0,1,3,7,1,2,5,1,24
31,6,37,38,31,31,0,2,24,6,0,1,2,6,1,2,4,1,24
31,6,37,38,31,31,0,2,25,5,1,2,2,25,0,2,23,1,25
31,6,37,38,31,31,0,2,26,4,1,2,2,4,1,2,2,1,25
31,6,37,38,31,31,0,2,27,6,0,1,2,27,0,2,25,1,26
31,6,37,38,31,31,0,2,28,6,0,1,2,28,0,2,26,1,27
31,6,37,38,31,31,0,2,29,6,0,1,3,29,0,2,27,1,27
31,7,38,39,31,7,0,2,1,5,1,2,1,5,1,2,1,1,32
31,7,38,39,31,7,0,2,2,4,1,2,2,4,1,2,2,1,27
31,7,38,39,31,7,0,2,3,3,1,2,1,3,1,2,1,1,29
31,7,38,39,31,7,0,2,4,4,0,2,2,4,0,2,2,1,30
31,7,38,39,31,7,0,2,5,5,0,2,2,5,0,2,3,1,21
31,7,38,39,31,31,0,2,1,7,0,1,1,7,0,1,1,1,32
31,7,38,39,31,31,0,2,2,7,0,1,4,28,1,2,26,1,25
31,7,38,39,31,31,0,2,3,7,0,1,1,7,0,1,1,1,29
31,7,38,39,31,31,0,2,4,4,0,2,2,4,0,2,2,1,28
31,7,38,39,31,31,0,2,5,5,0,2,2,5,0,2,3,1,16
31,7,38,39,31,31,0,2,6,6,0,2,2,7,0,1,1,1,28
31,7,38,39,31,31,0,2,7,7,0,1,2,7,0,2,5,1,17
31,7,38,39,31,31,0,2,8,7,0,1,2,8,0,2,6,1,18
31,7,38,39,31,31,0,2,9,7,0,1,2,9,0,2,7,1,24
31,7,38,39,31,31,0,2,10,7,0,1,2,10,0,2,8,1,19
31,7,38,39,31,31,0,2,11,7,0,1,2,11,0,2,9,1,24
31,7,38,39,31,31,0,2,12,7,0,1,2,12,0,2,10,1,22
31,7,38,39,31,31,0,2,13,7,0,1,2,13,0,2,11,1,22
31,7,38,39,31,31,0,2,14,7,0,1,2,14,0,2,12,1,25
31,7,38,39,31,31,0,2,15,7,0,1,4,15,0,2,13,1,20
31,7,38,39,31,31,0,2,16,7,0,1,2,14,1,2,12,1,25
31,7,38,39,31,31,0,2,17,7,0,1,2,13,1,2,11,1,24
31,7,38,39,31,31,0,2,18,7,0,1,4,18,0,2,16,1,16
31,7,38,39,31,31,0,2,19,7,0,1,2,11,1,2,9,1,25
31,7,38,39,31,31,0,2,20,7,0,1,2,10,1,2,8,1,21
31,7,38,39,31,31,0,2,21,7,0,1,2,9,1,2,7,1,20
31,7,38,39,31,31,0,2,22,7,0,1,2,8,1,2,6,1,24
31,7,38,39,31,31,0,2,23,7,0,1,2,7,1,2,5,1,24
31,7,38,39,31,31,0,2,24,6,1,2,2,6,1,2,4,1,24
31,7,38,39,31,31,0,2,25,5,1,2,2,25,0,2,23,1,23
31,7,38,39,31,31,0,2,26,4,1,2,2,4,1,2,2,1,26
31,7,38,39,31,31,0,2,27,7,0,1,2,27,0,2,25,1,26
31,7,38,39,31,31,0,2,28,7,0,1,2,28,0,2,26,1,26
31,7,38,39,31,31,0,2,29,7,0,1,1,7,0,1,1,1,27
31,8,39,40,31,8,0,2,1,6,1,2,1,6,1,2,1,1,33
31,8,39,40,31,8,0,2,2,5,1,2,2,31,0,1,1,1,23
31,8,39,40,31,8,0,2,3,4,1,2,1,4,1,2,1,1,31
31,8,39,40,31,8,0,2,4,3,1,2,1,3,1,2,1,1,30
31,8,39,40,31,8,0,2,5,5,0,2,2,5,0,2,3,1,30
31,8,39,40,31,8,0,2,6,6,0,2,2,6,0,2,4,1,32
31,8,39,40,31,31,0,2,1,8,0,1,1,8,0,1,1,1,33
31,8,39,40,31,31,0,2,2,8,0,1,1,8,0,1,1,1,23
31,8,39,40,31,31,0,2,3,8,0,1,2,8,0,1,6,1,29
31,8,39,40,31,31,0,2,4,4,0,2,2,4,0,2,2,1,31
31,8,39,40,31,31,0,2,5,5,0,2,1,5,0,2,1,1,28
31,8,39,40,31,31,0,2,6,6,0,2,2,6,0,2,4,1,29
31,8,39,40,31,31,0,2,7,7,0,2,2,7,0,2,5,1,30
31,8,39,40,31,31,0,2,8,8,0,1,2,8,0,2,1,1,28
31,8,39,40,31,31,0,2,9,8,0,1,2,8,0,1,6,1,29
31,8,39,40,31,31,0,2,10,8,0,1,2,10,0,2,8,1,28
31,8,39,40,31,31,0,2,11,8,0,1,2,11,0,2,1,1,28
31,8,39,40,31,31,0,2,12,8,0,1,2,12,0,2,10,1,28
31,8,39,40,31,31,0,2,13,8,0,1,2,13,0,2,11,1,28
31,8,39,40,31,31,0,2,14,8,0,1,2,14,0,2,12,1,27
31,8,39,40,31,31,0,2,15,8,0,1,2,15,0,2,13,1,28
31,8,39,40,31,31,0,2,16,8,0,1,2,14,1,2,1,1,28
31,8,39,40,31,31,0,2,17,8,0,1,2,8,0,1,6,1,29
31,8,39,40,31,31,0,2,18,8,0,1,2,12,1,2,1,1,28
31,8,39,40,31,31,0,2,19,8,0,1,2,11,1,2,1,1,28
31,8,39,40,31,31,0,2,20,8,0,1,2,10,1,2,1,1,28
31,8,39,40,31,31,0,2,21,8,0,1,2,9,1,2,1,1,29
31,8,39,40,31,31,0,2,22,8,0,1,2,8,1,2,1,1,28
31,8,39,40,31,31,0,2,23,7,1,2,1,7,1,2,1,1,28
31,8,39,40,31,31,0,2,24,6,1,2,1,6,1,2,1,1,29
31,8,39,40,31,31,0,2,25,5,1,2,1,5,1,2,1,1,28
31,8,39,40,31,31,0,2,26,4,1,2,1,4,1,2,1,1,28
31,8,39,40,31,31,0,2,27,3,1,2,1,3,1,2,1,1,29
31,8,39,40,31,31,0,2,28,8,0,1,2,28,0,2,26,1,28
31,8,39,40,31,31,0,2,29,8,0,1,2,29,0,2,27,1,29
32,2,34,35,32,32,0,2,1,30,1,2,1,30,1,2,1,1,28
32,2,34,35,32,32,0,2,2,29,1,2,2,29,1,2,2,2,19
32,2,34,35,32,32,0,2,3,3,0,2,1,3,0,2,1,1,27
32,2,34,35,32,32,0,2,4,4,0,2,1,4,0,2,1,1,27
32,2,34,35,32,32,0,2,5,5,0,2,1,5,0,2,1,1,21
32,2,34,35,32,32,0,2,6,6,0,2,1,6,0,2,1,1,27
32,2,34,35,32,32,0,2,7,7,0,2,1,7,0,2,1,1,27
32,2,34,35,32,32,0,2,8,8,0,2,1,8,0,2,1,1,25
32,2,34,35,32,32,0,2,9,9,0,2,1,9,0,2,1,1,27
32,2,34,35,32,32,0,2,10,10,0,2,1,10,0,2,1,1,26
32,2,34,35,32,32,0,2,11,11,0,2,1,11,0,2,1,1,25
32,2,34,35,32,32,0,2,12,12,0,2,1,12,0,2,1,1,27
32,2,34,35,32,32,0,2,13,13,0,2,1,13,0,2,1,1,26
32,2,34,35,32,32,0,2,14,14,0,2,1,14,0,2,1,1,25
32,2,34,35,32,32,0,2,15,15,0,2,2,15,0,2,13,1,26
32,2,34,35,32,32,0,2,16,15,1,2,2,16,0,2,1,1,24
32,2,34,35,32,32,0,2,17,14,1,2,1,14,1,2,1,1,27
32,2,34,35,32,32,0,2,18,13,1,2,2,13,1,2,11,1,22
32,2,34,35,32,32,0,2,19,12,1,2,1,12,1,2,1,1,26
32,2,34,35,32,32,0,2,20,11,1,2,2,11,1,2,9,1,25
32,2,34,35,32,32,0,2,21,10,1,2,2,10,1,2,8,1,26
32,2,34,35,32,32,0,2,22,9,1,2,1,9,1,2,1,1,26
32,2,34,35,32,32,0,2,23,8,1,2,2,8,1,2,6,1,25
32,2,34,35,32,32,0,2,24,7,1,2,2,7,1,2,5,1,26
32,2,34,35,32,32,0,2,25,6,1,2,2,6,1,2,4,1,25
32,2,34,35,32,32,0,2,26,5,1,2,2,26,0,2,1,1,25
32,2,34,35,32,32,0,2,27,4,1,2,2,4,1,2,2,1,26
32,2,34,35,32,32,0,2,28,3,1,2,1,3,1,2,1,1,27
32,2,34,35,32,32,0,2,29,29,0,2,1,29,0,2,1,1,27
32,2,34,35,32,32,0,2,30,30,0,2,1,30,0,2,1,1,27
32,3,35,36,32,3,0,2,1,32,0,1,1,32,0,1,1,1,30
32,3,35,36,32,32,0,2,1,3,0,1,1,3,0,1,2,0,30
32,3,35,36,32,32,0,2,2,29,1,2,2,29,1,2,27,1,19
32,3,35,36,32,32,0,2,3,28,1,2,1,28,1,2,1,1,26
32,3,35,36,32,32,0,2,4,4,0,2,2,4,0,2,2,1,26
32,3,35,36,32,32,0,2,5,5,0,2,2,5,0,2,3,1,21
32,3,35,36,32,32,0,2,6,6,0,2,2,6,0,2,4,1,26
32,3,35,36,32,32,0,2,7,7,0,2,2,7,0,2,5,1,24
32,3,35,36,32,32,0,2,8,8,0,2,2,8,0,2,6,1,23
32,3,35,36,32,32,0,2,9,9,0,2,2,9,0,2,7,1,24
32,3,35,36,32,32,0,2,10,10,0,2,2,10,0,2,8,1,24
32,3,35,36,32,32,0,2,11,11,0,2,2,11,0,2,9,1,24
32,3,35,36,32,32,0,2,12,12,0,2,2,12,0,2,10,1,23
32,3,35,36,32,32,0,2,13,13,0,2,2,13,0,2,11,1,23
32,3,35,36,32,32,0,2,14,14,0,2,2,14,0,2,12,1,23
32,3,35,36,32,32,0,2,15,15,0,2,2,15,0,2,13,1,21
32,3,35,36,32,32,0,2,16,15,1,2,2,15,1,2,13,1,21
32,3,35,36,32,32,0,2,17,14,1,2,2,14,1,2,12,1,23
32,3,35,36,32,32,0,2,18,13,1,2,2,13,1,2,11,1,23
32,3,35,36,32,32,0,2,19,12,1,2,2,12,1,2,10,1,19
32,3,35,36,32,32,0,2,20,11,1,2,2,11,1,2,9,1,23
32,3,35,36,32,32,0,2,21,10,1,2,2,10,1,2,8,1,23
32,3,35,36,32,32,0,2,22,9,1,2,2,9,1,2,7,1,23
32,3,35,36,32,32,0,2,23,8,1,2,2,8,1,2,6,1,24
32,3,35,36,32,32,0,2,24,7,1,2,2,7,1,2,5,1,24
32,3,35,36,32,32,0,2,25,6,1,2,2,6,1,2,4,1,24
32,3,35,36,32,32,0,2,26,5,1,2,2,26,0,2,24,1,24
32,3,35,36,32,32,0,2,27,4,1,2,2,4,1,2,2,1,25
32,3,35,36,32,32,0,2,28,28,0,2,2,28,0,2,26,1,24
32,3,35,36,32,32,0,2,29,29,0,2,2,29,0,2,27,1,26
32,3,35,36,32,32,0,2,30,30,0,2,2,30,0,2,28,1,27
32,4,36,37,32,4,0,2,1,32,0,1,1,32,0,1,1,1,30
32,4,36,37,32,4,0,2,2,32,0,1,3,32,0,1,29,2,26
32,4,36,37,32,32,0,2,1,4,0,1,1,4,0,1,1,1,30
32,4,36,37,32,32,0,2,2,29,1,2,2,29,1,2,27,1,19
32,4,36,37,32,32,0,2,3,4,0,1,1,4,0,1,1,1,28
32,4,36,37,32,32,0,2,4,4,0,1,1,4,0,1,1,1,18
32,4,36,37,32,32,0,2,5,5,0,2,2,5,0,2,3,1,16
32,4,36,37,32,32,0,2,6,4,0,1,1,4,0,1,1,1,24
32,4,36,37,32,32,0,2,7,4,0,1,1,4,0,1,1,1,19
32,4,36,37,32,32,0,2,8,8,0,2,2,8,0,2,6,1,17
32,4,36,37,32,32,0,2,9,9,0,2,2,22,1,2,20,1,18
32,4,36,37,32,32,0,2,10,10,0,2,2,10,0,2,8,1,20
32,4,36,37,32,32,0,2,11,11,0,2,2,11,0,2,9,1,20
32,4,36,37,32,32,0,2,12,12,0,2,2,12,0,2,10,1,16
32,4,36,37,32,32,0,2,13,13,0,2,2,13,0,2,11,1,22
32,4,36,37,32,32,0,2,14,14,0,2,2,14,0,2,12,1,18
32,4,36,37,32,32,0,2,15,15,0,2,2,15,0,2,13,1,16
32,4,36,37,32,32,0,2,16,4,0,1,1,4,0,1,1,1,23
32,4,36,37,32,32,0,2,17,14,1,2,2,17,0,2,15,1,10
32,4,36,37,32,32,0,2,18,4,0,1,1,4,0,1,1,1,22
32,4,36,37,32,32,0,2,19,12,1,2,2,12,1,2,10,1,15
32,4,36,37,32,32,0,2,20,11,1,2,2,20,0,2,18,1,12
32,4,36,37,32,32,0,2,21,4,0,1,1,4,0,1,1,1,24
32,4,36,37,32,32,0,2,22,9,1,2,2,9,1,2,7,1,19
32,4,36,37,32,32,0,2,23,8,1,2,2,23,0,2,21,1,15
32,4,36,37,32,32,0,2,24,4,0,1,1,4,0,1,1,1,24
32,4,36,37,32,32,0,2,25,6,1,2,2,25,0,2,23,1,20
32,4,36,37,32,32,0,2,26,5,1,2,2,26,0,2,24,1,18
32,4,36,37,32,32,0,2,27,4,1,2,2,4,1,2,2,1,23
32,4,36,37,32,32,0,2,28,28,0,2,2,28,0,2,26,1,21
32,4,36,37,32,32,0,2,29,29,0,2,2,29,0,2,27,1,21
32,4,36,37,32,32,0,2,30,4,0,1,1,4,0,1,1,1,26
32,5,37,38,32,5,0,2,1,3,1,2,1,3,1,2,1,1,31
32,5,37,38,32,5,0,2,2,32,0,1,1,32,0,1,1,1,24
32,5,37,38,32,5,0,2,3,32,0,1,1,32,0,1,1,1,30
32,5,37,38,32,32,0,2,1,5,0,1,1,5,0,1,1,1,31
32,5,37,38,32,32,0,2,2,5,0,1,2,29,1,2,27,1,22
32,5,37,38,32,32,0,2,3,5,0,1,2,5,0,1,3,1,28
32,5,37,38,32,32,0,2,4,4,0,2,1,4,0,2,1,1,29
32,5,37,38,32,32,0,2,5,5,0,1,2,5,0,2,3,1,27
32,5,37,38,32,32,0,2,6,5,0,1,2,5,0,1,3,1,28
32,5,37,38,32,32,0,2,7,5,0,1,2,7,0,2,1,1,28
32,5,37,38,32,32,0,2,8,5,0,1,2,8,0,2,6,1,27
32,5,37,38,32,32,0,2,9,5,0,1,2,9,0,2,7,1,27
32,5,37,38,32,32,0,2,10,5,0,1,2,10,0,2,1,1,28
32,5,37,38,32,32,0,2,11,5,0,1,2,11,0,2,9,1,27
32,5,37,38,32,32,0,2,12,5,0,1,2,12,0,2,10,1,27
32,5,37,38,32,32,0,2,13,5,0,1,2,13,0,2,1,1,28
32,5,37,38,32,32,0,2,14,5,0,1,2,14,0,2,12,1,27
32,5,37,38,32,32,0,2,15,5,0,1,2,15,0,2,1,1,28
32,5,37,38,32,32,0,2,16,5,0,1,2,15,1,2,1,1,27
32,5,37,38,32,32,0,2,17,5,0,1,2,14,1,2,1,1,27
32,5,37,38,32,32,0,2,18,5,0,1,2,13,1,2,1,1,28
32,5,37,38,32,32,0,2,19,5,0,1,2,12,1,2,1,1,27
32,5,37,38,32,32,0,2,20,5,0,1,2,11,1,2,1,1,28
32,5,37,38,32,32,0,2,21,5,0,1,2,10,1,2,1,1,27
32,5,37,38,32,32,0,2,22,5,0,1,2,9,1,2,1,1,27
32,5,37,38,32,32,0,2,23,5,0,1,2,8,1,2,1,1,28
32,5,37,38,32,32,0,2,24,5,0,1,2,7,1,2,1,1,27
32,5,37,38,32,32,0,2,25,5,0,1,2,6,1,2,1,1,27
32,5,37,38,32,32,0,2,26,5,0,1,2,5,1,2,1,1,28
32,5,37,38,32,32,0,2,27,4,1,2,1,4,1,2,1,1,27
32,5,37,38,32,32,0,2,28,3,1,2,1,3,1,2,1,1,27
32,5,37,38,32,32,0,2,29,5,0,1,2,29,0,2,1,1,28
32,5,37,38,32,32,0,2,30,5,0,1,2,30,0,2,28,1,28
32,6,38,39,32,6,0,2,1,4,1,2,0,4,1,2,0,0,33
32,6,38,39,32,6,0,2,2,32,0,1,2,32,0,1,2,2,26
32,6,38,39,32,6,0,2,3,32,0,1,1,32,0,1,1,1,30
32,6,38,39,32,6,0,2,4,4,0,2,2,4,0,2,2,1,30
32,6,38,39,32,32,0,2,1,6,0,1,2,6,0,1,4,1,31
32,6,38,39,32,32,0,2,2,6,0,1,3,29,1,2,27,1,26
32,6,38,39,32,32,0,2,3,6,0,1,1,6,0,1,1,1,27
32,6,38,39,32,32,0,2,4,4,0,2,2,4,0,2,2,1,28
32,6,38,39,32,32,0,2,5,5,0,2,2,26,1,2,24,1,24
32,6,38,39,32,32,0,2,6,6,0,1,1,6,0,1,1,1,22
32,6,38,39,32,32,0,2,7,6,0,1,3,7,0,2,5,1,23
32,6,38,39,32,32,0,2,8,6,0,1,3,23,1,2,21,1,23
32,6,38,39,32,32,0,2,9,6,0,1,2,9,0,2,7,1,21
32,6,38,39,32,32,0,2,10,6,0,1,3,10,0,2,8,1,23
32,6,38,39,32,32,0,2,11,6,0,1,3,11,0,2,9,1,20
32,6,38,39,32,32,0,2,12,6,0,1,2,12,0,2,10,1,21
32,6,38,39,32,32,0,2,13,6,0,1,3,13,0,2,11,1,23
32,6,38,39,32,32,0,2,14,6,0,1,3,14,0,2,12,1,21
32,6,38,39,32,32,0,2,15,6,0,1,2,15,0,2,13,1,21
32,6,38,39,32,32,0,2,16,6,0,1,3,15,1,2,13,1,25
32,6,38,39,32,32,0,2,17,6,0,1,3,14,1,2,12,1,21
32,6,38,39,32,32,0,2,18,6,0,1,3,18,0,2,16,1,21
32,6,38,39,32,32,0,2,19,6,0,1,2,12,1,2,10,1,26
32,6,38,39,32,32,0,2,20,6,0,1,3,11,1,2,9,1,19
32,6,38,39,32,32,0,2,21,6,0,1,3,10,1,2,8,1,22
32,6,38,39,32,32,0,2,22,6,0,1,2,9,1,2,7,1,25
32,6,38,39,32,32,0,2,23,6,0,1,3,8,1,2,6,1,22
32,6,38,39,32,32,0,2,24,6,0,1,3,7,1,2,5,1,22
32,6,38,39,32,32,0,2,25,6,0,1,3,6,1,2,4,1,23
32,6,38,39,32,32,0,2,26,5,1,2,2,26,0,2,24,1,22
32,6,38,39,32,32,0,2,27,4,1,2,2,4,1,2,2,1,23
32,6,38,39,32,32,0,2,28,6,0,1,2,28,0,2,26,1,26
32,6,38,39,32,32,0,2,29,6,0,1,3,29,0,2,27,1,24
32,6,38,39,32,32,0,2,30,6,0,1,3,30,0,2,28,1,25
32,7,39,40,32,7,0,2,1,5,1,2,1,5,1,2,1,1,33
32,7,39,40,32,7,0,2,2,4,1,2,2,4,1,2,2,1,25
32,7,39,40,32,7,0,2,3,3,0,2,1,3,0,2,1,1,32
32,7,39,40,32,7,0,2,4,4,0,2,2,4,0,2,2,1,31
32,7,39,40,32,7,0,2,5,5,0,2,1,5,0,2,1,1,31
32,7,39,40,32,32,0,2,1,7,0,1,1,7,0,1,1,1,33
32,7,39,40,32,32,0,2,2,7,0,1,1,7,0,1,1,1,25
32,7,39,40,32,32,0,2,3,7,0,1,1,7,0,1,1,1,31
32,7,39,40,32,32,0,2,4,4,0,2,2,4,0,2,2,1,30
32,7,39,40,32,32,0,2,5,5,0,2,2,5,0,2,3,1,28
32,7,39,40,32,32,0,2,6,6,0,2,1,6,0,2,1,1,32
32,7,39,40,32,32,0,2,7,7,0,1,1,7,0,1,1,1,30
32,7,39,40,32,32,0,2,8,7,0,1,2,7,0,1,5,1,28
32,7,39,40,32,32,0,2,9,7,0,1,1,7,0,1,1,1,30
32,7,39,40,32,32,0,2,10,7,0,1,2,7,0,1,5,1,29
32,7,39,40,32,32,0,2,11,7,0,1,2,7,0,1,5,1,28
32,7,39,40,32,32,0,2,12,7,0,1,1,7,0,1,1,1,30
32,7,39,40,32,32,0,2,13,7,0,1,2,7,0,1,5,1,29
32,7,39,40,32,32,0,2,14,7,0,1,1,7,0,1,1,1,28
32,7,39,40,32,32,0,2,15,7,0,1,2,7,0,1,5,1,29
32,7,39,40,32,32,0,2,16,7,0,1,2,7,0,1,5,1,27
32,7,39,40,32,32,0,2,17,7,0,1,1,7,0,1,1,1,29
32,7,39,40,32,32,0,2,18,7,0,1,2,7,0,1,5,1,26
32,7,39,40,32,32,0,2,19,7,0,1,2,7,0,1,5,1,27
32,7,39,40,32,32,0,2,20,7,0,1,2,7,0,1,5,1,29
32,7,39,40,32,32,0,2,21,7,0,1,2,7,0,1,5,1,27
32,7,39,40,32,32,0,2,22,7,0,1,2,7,0,1,5,1,29
32,7,39,40,32,32,0,2,23,7,0,1,2,7,0,1,5,1,29
32,7,39,40,32,32,0,2,24,7,0,1,2,7,0,1,5,1,28
32,7,39,40,32,32,0,2,25,6,1,2,1,6,1,2,1,1,30
32,7,39,40,32,32,0,2,26,5,1,2,1,5,1,2,1,1,29
32,7,39,40,32,32,0,2,27,4,1,2,1,4,1,2,1,1,31
32,7,39,40,32,32,0,2,28,3,1,2,1,3,1,2,1,1,30
32,7,39,40,32,32,0,2,29,7,0,1,2,7,0,1,5,1,29
32,7,39,40,32,32,0,2,30,7,0,1,1,7,0,1,1,1,31
33,2,35,36,33,33,0,2,1,31,1,2,0,31,1,2,0,0,30
33,2,35,36,33,33,0,2,2,30,1,2,1,30,1,2,1,1,28
33,2,35,36,33,33,0,2,3,29,1,2,1,29,1,2,1,1,27
33,2,35,36,33,33,0,2,4,4,0,2,2,4,0,2,2,1,27
33,2,35,36,33,33,0,2,5,5,0,2,2,5,0,2,3,1,27
33,2,35,36,33,33,0,2,6,6,0,2,2,6,0,2,4,1,27
33,2,35,36,33,33,0,2,7,7,0,2,2,7,0,2,5,1,27
33,2,35,36,33,33,0,2,8,8,0,2,2,8,0,2,6,1,27
33,2,35,36,33,33,0,2,9,9,0,2,2,9,0,2,7,1,27
33,2,35,36,33,33,0,2,10,10,0,2,2,10,0,2,8,1,27
33,2,35,36,33,33,0,2,11,11,0,2,2,11,0,2,9,1,27
33,2,35,36,33,33,0,2,12,12,0,2,2,12,0,2,10,1,27
33,2,35,36,33,33,0,2,13,13,0,2,2,13,0,2,11,1,27
33,2,35,36,33,33,0,2,14,14,0,2,2,14,0,2,12,1,26
33,2,35,36,33,33,0,2,15,15,0,2,2,15,0,2,13,1,27
33,2,35,36,33,33,0,2,16,16,0,2,3,16,0,2,14,1,26
33,2,35,36,33,33,0,2,17,15,1,2,2,15,1,2,13,1,27
33,2,35,36,33,33,0,2,18,14,1,2,1,14,1,2,1,1,27
33,2,35,36,33,33,0,2,19,13,1,2,1,13,1,2,1,1,26
33,2,35,36,33,33,0,2,20,12,1,2,1,12,1,2,1,1,27
33,2,35,36,33,33,0,2,21,11,1,2,1,11,1,2,1,1,27
33,2,35,36,33,33,0,2,22,10,1,2,1,10,1,2,1,1,27
33,2,35,36,33,33,0,2,23,9,1,2,1,9,1,2,1,1,27
33,2,35,36,33,33,0,2,24,8,1,2,1,8,1,2,1,1,27
33,2,35,36,33,33,0,2,25,7,1,2,1,7,1,2,1,1,27
33,2,35,36,33,33,0,2,26,6,1,2,1,6,1,2,1,1,27
33,2,35,36,33,33,0,2,27,5,1,2,1,5,1,2,1,1,27
33,2,35,36,33,33,0,2,28,4,1,2,1,4,1,2,1,1,27
33,2,35,36,33,33,0,2,29,3,1,2,1,3,1,2,1,1,27
33,2,35,36,33,33,0,2,30,30,0,2,2,30,0,2,28,1,27
33,2,35,36,33,33,0,2,31,31,0,2,2,31,0,2,29,1,28
33,3,36,37,33,3,0,2,1,33,0,1,2,33,0,1,31,1,30
33,3,36,37,33,33,0,2,1,31,1,2,1,31,1,2,1,1,29
33,3,36,37,33,33,0,2,2,30,1,2,2,30,1,2,28,1,22
33,3,36,37,33,33,0,2,3,29,1,2,2,29,1,2,2,2,19
33,3,36,37,33,33,0,2,4,4,0,2,2,4,0,2,2,1,27
33,3,36,37,33,33,0,2,5,5,0,2,2,27,1,2,25,1,22
33,3,36,37,33,33,0,2,6,6,0,2,2,6,0,2,4,1,19
33,3,36,37,33,33,0,2,7,7,0,2,2,7,0,2,5,1,23
33,3,36,37,33,33,0,2,8,8,0,2,2,24,1,2,22,1,23
33,3,36,37,33,33,0,2,9,9,0,2,2,9,0,2,7,1,18
33,3,36,37,33,33,0,2,10,10,0,2,2,10,0,2,8,1,22
33,3,36,37,33,33,0,2,11,11,0,2,2,11,0,2,9,1,23
33,3,36,37,33,33,0,2,12,12,0,2,2,12,0,2,10,1,21
33,3,36,37,33,33,0,2,13,13,0,2,2,13,0,2,11,1,22
33,3,36,37,33,33,0,2,14,14,0,2,2,14,0,2,12,1,23
33,3,36,37,33,33,0,2,15,15,0,2,2,15,0,2,13,1,22
33,3,36,37,33,33,0,2,16,16,0,2,2,16,0,2,14,1,21
33,3,36,37,33,33,0,2,17,15,1,2,2,17,0,2,15,1,19
33,3,36,37,33,33,0,2,18,14,1,2,2,14,1,2,12,1,23
33,3,36,37,33,33,0,2,19,13,1,2,2,13,1,2,11,1,17
33,3,36,37,33,33,0,2,20,12,1,2,2,12,1,2,10,1,21
33,3,36,37,33,33,0,2,21,11,1,2,2,11,1,2,9,1,22
33,3,36,37,33,33,0,2,22,10,1,2,2,10,1,2,8,1,19
33,3,36,37,33,33,0,2,23,9,1,2,2,9,1,2,7,1,22
33,3,36,37,33,33,0,2,24,8,1,2,2,8,1,2,6,1,22
33,3,36,37,33,33,0,2,25,7,1,2,2,7,1,2,5,1,22
33,3,36,37,33,33,0,2,26,6,1,2,2,26,0,2,24,1,22
33,3,36,37,33,33,0,2,27,5,1,2,2,27,0,2,25,1,22
33,3,36,37,33,33,0,2,28,4,1,2,2,4,1,2,2,1,23
33,3,36,37,33,33,0,2,29,29,0,2,2,29,0,2,27,1,24
33,3,36,37,33,33,0,2,30,30,0,2,2,30,0,2,28,1,23
33,3,36,37,33,33,0,2,31,31,0,2,2,31,0,2,29,1,25
33,4,37,38,33,4,0,2,1,33,0,1,1,33,0,1,1,1,31
33,4,37,38,33,4,0,2,2,33,0,1,2,33,0,1,2,2,25
33,4,37,38,33,33,0,2,1,4,0,1,1,4,0,1,1,1,31
33,4,37,38,33,33,0,2,2,4,0,1,1,4,0,1,1,1,20
33,4,37,38,33,33,0,2,3,4,0,1,1,4,0,1,1,1,28
33,4,37,38,33,33,0,2,4,4,0,1,1,4,0,1,1,1,29
33,4,37,38,33,33,0,2,5,4,0,1,1,4,0,1,1,1,22
33,4,37,38,33,33,0,2,6,4,0,1,1,4,0,1,1,1,27
33,4,37,38,33,33,0,2,7,7,0,2,2,7,0,2,5,1,24
33,4,37,38,33,33,0,2,8,4,0,1,1,4,0,1,1,1,25
33,4,37,38,33,33,0,2,9,9,0,2,2,9,0,2,7,1,24
33,4,37,38,33,33,0,2,10,10,0,2,2,10,0,2,8,1,24
33,4,37,38,33,33,0,2,11,4,0,1,1,4,0,1,1,1,27
33,4,37,38,33,33,0,2,12,12,0,2,2,12,0,2,10,1,22
33,4,37,38,33,33,0,2,13,13,0,2,2,13,0,2,11,1,24
33,4,37,38,33,33,0,2,14,4,0,1,1,4,0,1,1,1,28
33,4,37,38,33,33,0,2,15,15,0,2,2,15,0,2,13,1,20
33,4,37,38,33,33,0,2,16,4,0,1,1,4,0,1,1,1,26
33,4,37,38,33,33,0,2,17,4,0,1,1,4,0,1,1,1,26
33,4,37,38,33,33,0,2,18,14,1,2,2,18,0,2,16,1,21
33,4,37,38,33,33,0,2,19,4,0,1,1,4,0,1,1,1,27
33,4,37,38,33,33,0,2,20,12,1,2,2,12,1,2,10,1,21
33,4,37,38,33,33,0,2,21,4,0,1,1,4,0,1,1,1,24
33,4,37,38,33,33,0,2,22,4,0,1,1,4,0,1,1,1,27
33,4,37,38,33,33,0,2,23,9,1,2,2,9,1,2,7,1,24
33,4,37,38,33,33,0,2,24,4,0,1,1,4,0,1,1,1,24
33,4,37,38,33,33,0,2,25,4,0,1,1,4,0,1,1,1,26
33,4,37,38,33,33,0,2,26,6,1,2,2,6,1,2,4,1,24
33,4,37,38,33,33,0,2,27,4,0,1,1,4,0,1,1,1,26
33,4,37,38,33,33,0,2,28,4,0,1,1,4,0,1,1,1,27
33,4,37,38,33,33,0,2,29,29,0,2,2,29,0,2,27,1,25
33,4,37,38,33,33,0,2,30,4,0,1,1,4,0,1,1,1,28
33,4,37,38,33,33,0,2,31,4,0,1,1,4,0,1,1,1,30
33,5,38,39,33,5,0,2,1,3,1,2,1,33,0,1,32,0,33
33,5,38,39,33,5,0,2,2,33,0,1,2,33,0,1,2,2,27
33,5,38,39,33,5,0,2,3,33,0,1,1,33,0,1,1,1,30
33,5,38,39,33,33,0,2,1,5,0,1,2,5,0,1,3,1,31
33,5,38,39,33,33,0,2,2,5,0,1,2,30,1,2,28,1,27
33,5,38,39,33,33,0,2,3,5,0,1,2,29,1,2,1,1,28
33,5,38,39,33,33,0,2,4,4,0,2,2,4,0,2,2,1,28
33,5,38,39,33,33,0,2,5,5,0,1,2,5,0,2,3,1,18
33,5,38,39,33,33,0,2,6,5,0,1,2,6,0,2,4,1,28
33,5,38,39,33,33,0,2,7,5,0,1,2,7,0,2,5,1,26
33,5,38,39,33,33,0,2,8,5,0,1,2,8,0,2,6,1,22
33,5,38,39,33,33,0,2,9,5,0,1,2,9,0,2,7,1,27
33,5,38,39,33,33,0,2,10,5,0,1,2,10,0,2,8,1,26
33,5,38,39,33,33,0,2,11,5,0,1,2,11,0,2,9,1,24
33,5,38,39,33,33,0,2,12,5,0,1,2,12,0,2,10,1,27
33,5,38,39,33,33,0,2,13,5,0,1,2,13,0,2,11,1,26
33,5,38,39,33,33,0,2,14,5,0,1,2,14,0,2,12,1,26
33,5,38,39,33,33,0,2,15,5,0,1,2,15,0,2,13,1,24
33,5,38,39,33,33,0,2,16,5,0,1,2,16,0,2,14,1,26
33,5,38,39,33,33,0,2,17,5,0,1,2,15,1,2,13,1,25
33,5,38,39,33,33,0,2,18,5,0,1,2,18,0,2,16,1,21
33,5,38,39,33,33,0,2,19,5,0,1,2,13,1,2,11,1,27
33,5,38,39,33,33,0,2,20,5,0,1,2,12,1,2,10,1,23
33,5,38,39,33,33,0,2,21,5,0,1,2,11,1,2,9,1,24
33,5,38,39,33,33,0,2,22,5,0,1,2,10,1,2,8,1,27
33,5,38,39,33,33,0,2,23,5,0,1,2,9,1,2,7,1,26
33,5,38,39,33,33,0,2,24,5,0,1,2,24,0,2,22,1,24
33,5,38,39,33,33,0,2,25,5,0,1,2,7,1,2,5,1,27
33,5,38,39,33,33,0,2,26,5,0,1,2,6,1,2,4,1,26
33,5,38,39,33,33,0,2,27,5,0,1,2,27,0,2,25,1,26
33,5,38,39,33,33,0,2,28,4,1,2,2,4,1,2,2,1,27
33,5,38,39,33,33,0,2,29,5,0,1,2,29,0,2,27,1,27
33,5,38,39,33,33,0,2,30,5,0,1,2,30,0,2,28,1,28
33,5,38,39,33,33,0,2,31,5,0,1,2,31,0,2,29,1,28
33,6,39,40,33,6,0,2,1,4,1,2,1,4,1,2,1,1,33
33,6,39,40,33,6,0,2,2,33,0,1,1,33,0,1,1,1,26
33,6,39,40,33,6,0,2,3,33,0,1,2,33,0,1,31,1,30
33,6,39,40,33,6,0,2,4,4,0,2,2,4,0,2,2,1,32
33,6,39,40,33,33,0,2,1,6,0,1,1,6,0,1,1,1,33
33,6,39,40,33,33,0,2,2,6,0,1,2,30,1,2,28,1,23
33,6,39,40,33,33,0,2,3,6,0,1,2,29,1,2,1,1,29
33,6,39,40,33,33,0,2,4,4,0,2,2,4,0,2,2,1,31
33,6,39,40,33,33,0,2,5,5,0,2,2,5,0,2,3,1,23
33,6,39,40,33,33,0,2,6,6,0,1,2,6,0,2,4,1,29
33,6,39,40,33,33,0,2,7,6,0,1,1,6,0,1,1,1,31
33,6,39,40,33,33,0,2,8,6,0,1,3,8,0,2,6,1,25
33,6,39,40,33,33,0,2,9,6,0,1,2,9,0,2,7,1,28
33,6,39,40,33,33,0,2,10,6,0,1,2,10,0,2,8,1,27
33,6,39,40,33,33,0,2,11,6,0,1,3,11,0,2,9,1,26
33,6,39,40,33,33,0,2,12,6,0,1,2,12,0,2,10,1,27
33,6,39,40,33,33,0,2,13,6,0,1,2,13,0,2,11,1,27
33,6,39,40,33,33,0,2,14,6,0,1,3,14,0,2,12,1,25
33,6,39,40,33,33,0,2,15,6,0,1,2,15,0,2,13,1,27
33,6,39,40,33,33,0,2,16,6,0,1,2,16,0,2,14,1,27
33,6,39,40,33,33,0,2,17,6,0,1,2,15,1,2,1,1,28
33,6,39,40,33,33,0,2,18,6,0,1,2,14,1,2,12,1,25
33,6,39,40,33,33,0,2,19,6,0,1,2,13,1,2,11,1,27
33,6,39,40,33,33,0,2,20,6,0,1,2,12,1,2,10,1,27
33,6,39,40,33,33,0,2,21,6,0,1,3,11,1,2,9,1,23
33,6,39,40,33,33,0,2,22,6,0,1,2,10,1,2,8,1,27
33,6,39,40,33,33,0,2,23,6,0,1,2,9,1,2,7,1,27
33,6,39,40,33,33,0,2,24,6,0,1,3,8,1,2,6,1,26
33,6,39,40,33,33,0,2,25,6,0,1,2,7,1,2,5,1,27
33,6,39,40,33,33,0,2,26,6,0,1,2,6,1,2,4,1,26
33,6,39,40,33,33,0,2,27,5,1,2,2,27,0,2,25,1,27
33,6,39,40,33,33,0,2,28,4,1,2,2,4,1,2,2,1,28
33,6,39,40,33,33,0,2,29,6,0,1,2,29,0,2,27,1,28
33,6,39,40,33,33,0,2,30,6,0,1,2,30,0,2,28,1,29
33,6,39,40,33,33,0,2,31,6,0,1,2,31,0,2,29,1,30
34,2,36,37,34,34,0,2,1,32,1,2,1,32,1,2,1,1,30
34,2,36,37,34,34,0,2,2,31,1,2,2,31,1,2,2,2,22
34,2,36,37,34,34,0,2,3,3,0,2,1,3,0,2,1,1,29
34,2,36,37,34,34,0,2,4,4,0,2,1,4,0,2,1,1,29
34,2,36,37,34,34,0,2,5,5,0,2,1,5,0,2,1,1,25
34,2,36,37,34,34,0,2,6,6,0,2,1,6,0,2,1,1,29
34,2,36,37,34,34,0,2,7,7,0,2,1,7,0,2,1,1,28
34,2,36,37,34,34,0,2,8,8,0,2,1,8,0,2,1,1,27
34,2,36,37,34,34,0,2,9,9,0,2,1,9,0,2,1,1,27
34,2,36,37,34,34,0,2,10,10,0,2,1,10,0,2,1,1,27
34,2,36,37,34,34,0,2,11,11,0,2,1,11,0,2,1,1,27
34,2,36,37,34,34,0,2,12,12,0,2,1,12,0,2,1,1,27
34,2,36,37,34,34,0,2,13,13,0,2,1,13,0,2,1,1,27
34,2,36,37,34,34,0,2,14,14,0,2,1,14,0,2,1,1,28
34,2,36,37,34,34,0,2,15,15,0,2,1,15,0,2,1,1,27
34,2,36,37,34,34,0,2,16,16,0,2,2,16,0,2,14,1,27
34,2,36,37,34,34,0,2,17,16,1,2,2,17,0,2,1,1,26
34,2,36,37,34,34,0,2,18,15,1,2,1,15,1,2,1,1,29
34,2,36,37,34,34,0,2,19,14,1,2,2,14,1,2,12,1,24
34,2,36,37,34,34,0,2,20,13,1,2,2,13,1,2,11,1,27
34,2,36,37,34,34,0,2,21,12,1,2,1,12,1,2,1,1,28
34,2,36,37,34,34,0,2,22,11,1,2,2,11,1,2,9,1,27
34,2,36,37,34,34,0,2,23,10,1,2,2,10,1,2,8,1,28
34,2,36,37,34,34,0,2,24,9,1,2,1,9,1,2,1,1,28
34,2,36,37,34,34,0,2,25,8,1,2,2,8,1,2,6,1,27
34,2,36,37,34,34,0,2,26,7,1,2,2,7,1,2,5,1,28
34,2,36,37,34,34,0,2,27,6,1,2,2,6,1,2,4,1,27
34,2,36,37,34,34,0,2,28,5,1,2,2,28,0,2,1,1,27
34,2,36,37,34,34,0,2,29,4,1,2,2,4,1,2,2,1,28
34,2,36,37,34,34,0,2,30,3,1,2,1,3,1,2,1,1,29
34,2,36,37,34,34,0,2,31,31,0,2,1,31,0,2,1,1,29
34,2,36,37,34,34,0,2,32,32,0,2,1,32,0,2,1,1,29
34,3,37,38,34,3,0,2,1,34,0,1,1,34,0,1,1,1,32
34,3,37,38,34,34,0,2,1,3,0,1,1,3,0,1,2,0,32
34,3,37,38,34,34,0,2,2,31,1,2,2,31,1,2,29,1,17
34,3,37,38,34,34,0,2,3,30,1,2,1,30,1,2,1,1,28
34,3,37,38,34,34,0,2,4,4,0,2,2,4,0,2,2,1,27
34,3,37,38,34,34,0,2,5,5,0,2,2,5,0,2,3,1,19
34,3,37,38,34,34,0,2,6,6,0,2,2,6,0,2,4,1,28
34,3,37,38,34,34,0,2,7,7,0,2,2,7,0,2,5,1,25
34,3,37,38,34,34,0,2,8,8,0,2,2,8,0,2,6,1,25
34,3,37,38,34,34,0,2,9,9,0,2,2,9,0,2,7,1,27
34,3,37,38,34,34,0,2,10,10,0,2,2,10,0,2,8,1,25
34,3,37,38,34,34,0,2,11,11,0,2,2,11,0,2,9,1,25
34,3,37,38,34,34,0,2,12,12,0,2,2,12,0,2,10,1,26
34,3,37,38,34,34,0,2,13,13,0,2,2,13,0,2,11,1,25
34,3,37,38,34,34,0,2,14,14,0,2,2,14,0,2,12,1,25
34,3,37,38,34,34,0,2,15,15,0,2,2,15,0,2,13,1,26
34,3,37,38,34,34,0,2,16,16,0,2,2,16,0,2,14,1,24
34,3,37,38,34,34,0,2,17,16,1,2,2,16,1,2,14,1,23
34,3,37,38,34,34,0,2,18,15,1,2,2,15,1,2,13,1,24
34,3,37,38,34,34,0,2,19,14,1,2,2,14,1,2,12,1,26
34,3,37,38,34,34,0,2,20,13,1,2,2,13,1,2,11,1,22
34,3,37,38,34,34,0,2,21,12,1,2,2,12,1,2,10,1,25
34,3,37,38,34,34,0,2,22,11,1,2,2,11,1,2,9,1,25
34,3,37,38,34,34,0,2,23,10,1,2,2,10,1,2,8,1,26
34,3,37,38,34,34,0,2,24,9,1,2,2,9,1,2,7,1,25
34,3,37,38,34,34,0,2,25,8,1,2,2,8,1,2,6,1,25
34,3,37,38,34,34,0,2,26,7,1,2,2,7,1,2,5,1,26
34,3,37,38,34,34,0,2,27,6,1,2,2,6,1,2,4,1,25
34,3,37,38,34,34,0,2,28,5,1,2,2,28,0,2,26,1,25
34,3,37,38,34,34,0,2,29,4,1,2,2,4,1,2,2,1,27
34,3,37,38,34,34,0,2,30,30,0,2,2,30,0,2,28,1,25
34,3,37,38,34,34,0,2,31,31,0,2,2,31,0,2,29,1,27
34,3,37,38,34,34,0,2,32,32,0,2,2,32,0,2,30,1,29
34,4,38,39,34,4,0,2,1,34,0,1,1,34,0,1,1,1,32
34,4,38,39,34,4,0,2,2,34,0,1,3,34,0,1,31,2,28
34,4,38,39,34,34,0,2,1,4,0,1,1,4,0,1,1,1,32
34,4,38,39,34,34,0,2,2,31,1,2,2,31,1,2,29,1,17
34,4,38,39,34,34,0,2,3,4,0,1,1,4,0,1,1,1,28
34,4,38,39,34,34,0,2,4,4,0,1,1,4,0,1,1,1,22
34,4,38,39,34,34,0,2,5,5,0,2,2,28,1,2,26,1,14
34,4,38,39,34,34,0,2,6,4,0,1,1,4,0,1,1,1,26
34,4,38,39,34,34,0,2,7,7,0,2,2,7,0,2,5,1,20
34,4,38,39,34,34,0,2,8,8,0,2,2,8,0,2,6,1,16
34,4,38,39,34,34,0,2,9,9,0,2,2,24,1,2,22,1,22
34,4,38,39,34,34,0,2,10,10,0,2,2,10,0,2,8,1,18
34,4,38,39,34,34,0,2,11,11,0,2,2,11,0,2,9,1,16
34,4,38,39,34,34,0,2,12,12,0,2,2,12,0,2,10,1,22
34,4,38,39,34,34,0,2,13,13,0,2,2,13,0,2,11,1,18
34,4,38,39,34,34,0,2,14,14,0,2,2,14,0,2,12,1,20
34,4,38,39,34,34,0,2,15,15,0,2,2,15,0,2,13,1,16
34,4,38,39,34,34,0,2,16,16,0,2,2,16,0,2,14,1,21
34,4,38,39,34,34,0,2,17,4,0,1,1,4,0,1,1,1,25
34,4,38,39,34,34,0,2,18,15,1,2,2,18,0,2,16,1,13
34,4,38,39,34,34,0,2,19,4,0,1,1,4,0,1,1,1,28
34,4,38,39,34,34,0,2,20,13,1,2,2,13,1,2,11,1,18
34,4,38,39,34,34,0,2,21,12,1,2,2,12,1,2,10,1,15
34,4,38,39,34,34,0,2,22,11,1,2,2,11,1,2,9,1,24
34,4,38,39,34,34,0,2,23,10,1,2,2,10,1,2,8,1,20
34,4,38,39,34,34,0,2,24,9,1,2,2,9,1,2,7,1,17
34,4,38,39,34,34,0,2,25,8,1,2,2,8,1,2,6,1,20
34,4,38,39,34,34,0,2,26,4,0,1,1,4,0,1,1,1,23
34,4,38,39,34,34,0,2,27,6,1,2,2,27,0,2,25,1,20
34,4,38,39,34,34,0,2,28,5,1,2,2,28,0,2,26,1,19
34,4,38,39,34,34,0,2,29,4,0,1,1,4,0,1,1,1,25
34,4,38,39,34,34,0,2,30,30,0,2,2,30,0,2,28,1,22
34,4,38,39,34,34,0,2,31,31,0,2,2,31,0,2,29,1,23
34,4,38,39,34,34,0,2,32,4,0,1,1,4,0,1,1,1,27
34,5,39,40,34,5,0,2,1,3,1,2,1,3,1,2,1,1,33
34,5,39,40,34,5,0,2,2,34,0,1,1,34,0,1,1,1,27
34,5,39,40,34,5,0,2,3,34,0,1,1,34,0,1,1,1,32
34,5,39,40,34,34,0,2,1,5,0,1,1,5,0,1,1,1,33
34,5,39,40,34,34,0,2,2,5,0,1,2,31,1,2,29,1,25
34,5,39,40,34,34,0,2,3,5,0,1,2,5,0,1,3,1,30
34,5,39,40,34,34,0,2,4,4,0,2,2,4,0,2,2,1,29
34,5,39,40,34,34,0,2,5,5,0,1,2,5,0,2,1,1,30
34,5,39,40,34,34,0,2,6,5,0,1,2,5,0,1,3,1,30
34,5,39,40,34,34,0,2,7,5,0,1,2,7,0,2,5,1,29
34,5,39,40,34,34,0,2,8,5,0,1,2,8,0,2,1,1,30
34,5,39,40,34,34,0,2,9,5,0,1,2,9,0,2,7,1,29
34,5,39,40,34,34,0,2,10,5,0,1,2,10,0,2,8,1,29
34,5,39,40,34,34,0,2,11,5,0,1,2,11,0,2,1,1,30
34,5,39,40,34,34,0,2,12,5,0,1,2,12,0,2,10,1,29
34,5,39,40,34,34,0,2,13,5,0,1,2,13,0,2,11,1,29
34,5,39,40,34,34,0,2,14,5,0,1,2,14,0,2,1,1,30
34,5,39,40,34,34,0,2,15,5,0,1,2,15,0,2,13,1,29
34,5,39,40,34,34,0,2,16,5,0,1,2,16,0,2,1,1,30
34,5,39,40,34,34,0,2,17,5,0,1,2,16,1,2,1,1,30
34,5,39,40,34,34,0,2,18,5,0,1,2,15,1,2,1,1,30
34,5,39,40,34,34,0,2,19,5,0,1,2,14,1,2,1,1,30
34,5,39,40,34,34,0,2,20,5,0,1,2,13,1,2,1,1,29
34,5,39,40,34,34,0,2,21,5,0,1,2,12,1,2,1,1,30
34,5,39,40,34,34,0,2,22,5,0,1,2,11,1,2,1,1,29
34,5,39,40,34,34,0,2,23,5,0,1,2,10,1,2,1,1,29
34,5,39,40,34,34,0,2,24,5,0,1,2,9,1,2,1,1,30
34,5,39,40,34,34,0,2,25,5,0,1,2,8,1,2,1,1,29
34,5,39,40,34,34,0,2,26,5,0,1,2,7,1,2,1,1,29
34,5,39,40,34,34,0,2,27,5,0,1,2,6,1,2,1,1,30
34,5,39,40,34,34,0,2,28,5,0,1,2,5,1,2,1,1,29
34,5,39,40,34,34,0,2,29,4,1,2,1,4,1,2,1,1,29
34,5,39,40,34,34,0,2,30,3,1,2,1,3,1,2,1,1,30
34,5,39,40,34,34,0,2,31,5,0,1,2,31,0,2,29,1,29
34,5,39,40,34,34,0,2,32,5,0,1,2,32,0,2,30,1,30
35,2,37,38,35,35,0,2,1,33,1,2,0,33,1,2,0,0,32
35,2,37,38,35,35,0,2,2,32,1,2,1,32,1,2,1,1,30
35,2,37,38,35,35,0,2,3,31,1,2,1,31,1,2,1,1,29
35,2,37,38,35,35,0,2,4,4,0,2,2,4,0,2,2,1,29
35,2,37,38,35,35,0,2,5,5,0,2,2,5,0,2,3,1,28
35,2,37,38,35,35,0,2,6,6,0,2,2,6,0,2,4,1,29
35,2,37,38,35,35,0,2,7,7,0,2,2,7,0,2,5,1,28
35,2,37,38,35,35,0,2,8,8,0,2,2,8,0,2,6,1,28
35,2,37,38,35,35,0,2,9,9,0,2,2,9,0,2,7,1,28
35,2,37,38,35,35,0,2,10,10,0,2,2,10,0,2,8,1,27
35,2,37,38,35,35,0,2,11,11,0,2,2,11,0,2,9,1,29
35,2,37,38,35,35,0,2,12,12,0,2,2,12,0,2,10,1,28
35,2,37,38,35,35,0,2,13,13,0,2,2,13,0,2,11,1,27
35,2,37,38,35,35,0,2,14,14,0,2,2,14,0,2,12,1,29
35,2,37,38,35,35,0,2,15,15,0,2,2,15,0,2,13,1,27
35,2,37,38,35,35,0,2,16,16,0,2,2,16,0,2,14,1,29
35,2,37,38,35,35,0,2,17,17,0,2,3,17,0,2,15,1,28
35,2,37,38,35,35,0,2,18,16,1,2,2,16,1,2,14,1,28
35,2,37,38,35,35,0,2,19,15,1,2,1,15,1,2,1,1,29
35,2,37,38,35,35,0,2,20,14,1,2,2,14,1,2,12,1,26
35,2,37,38,35,35,0,2,21,13,1,2,1,13,1,2,1,1,28
35,2,37,38,35,35,0,2,22,12,1,2,1,12,1,2,1,1,29
35,2,37,38,35,35,0,2,23,11,1,2,2,11,1,2,9,1,27
35,2,37,38,35,35,0,2,24,10,1,2,1,10,1,2,1,1,29
35,2,37,38,35,35,0,2,25,9,1,2,1,9,1,2,1,1,29
35,2,37,38,35,35,0,2,26,8,1,2,2,8,1,2,6,1,27
35,2,37,38,35,35,0,2,27,7,1,2,1,7,1,2,1,1,29
35,2,37,38,35,35,0,2,28,6,1,2,1,6,1,2,1,1,29
35,2,37,38,35,35,0,2,29,5,1,2,2,29,0,2,27,1,27
35,2,37,38,35,35,0,2,30,4,1,2,1,4,1,2,1,1,29
35,2,37,38,35,35,0,2,31,3,1,2,1,3,1,2,1,1,29
35,2,37,38,35,35,0,2,32,32,0,2,2,32,0,2,30,1,29
35,2,37,38,35,35,0,2,33,33,0,2,2,33,0,2,31,1,30
35,3,38,39,35,3,0,2,1,35,0,1,2,35,0,1,33,1,32
35,3,38,39,35,35,0,2,1,33,1,2,1,33,1,2,1,1,31
35,3,38,39,35,35,0,2,2,32,1,2,2,32,1,2,30,1,21
35,3,38,39,35,35,0,2,3,31,1,2,2,31,1,2,2,2,22
35,3,38,39,35,35,0,2,4,4,0,2,2,4,0,2,2,1,27
35,3,38,39,35,35,0,2,5,5,0,2,2,29,1,2,27,1,21
35,3,38,39,35,35,0,2,6,6,0,2,2,6,0,2,2,2,20
35,3,38,39,35,35,0,2,7,7,0,2,2,7,0,2,5,1,25
35,3,38,39,35,35,0,2,8,8,0,2,2,26,1,2,24,1,23
35,3,38,39,35,35,0,2,9,9,0,2,2,9,0,2,7,1,21
35,3,38,39,35,35,0,2,10,10,0,2,2,10,0,2,8,1,24
35,3,38,39,35,35,0,2,11,11,0,2,2,11,0,2,9,1,22
35,3,38,39,35,35,0,2,12,12,0,2,2,12,0,2,10,1,22
35,3,38,39,35,35,0,2,13,13,0,2,2,13,0,2,11,1,23
35,3,38,39,35,35,0,2,14,14,0,2,2,14,0,2,12,1,22
35,3,38,39,35,35,0,2,15,15,0,2,2,15,0,2,13,1,20
35,3,38,39,35,35,0,2,16,16,0,2,2,16,0,2,14,1,23
35,3,38,39,35,35,0,2,17,17,0,2,2,17,0,2,15,1,22
35,3,38,39,35,35,0,2,18,16,1,2,2,18,0,2,16,1,19
35,3,38,39,35,35,0,2,19,15,1,2,2,15,1,2,13,1,26
35,3,38,39,35,35,0,2,20,14,1,2,2,14,1,2,12,1,21
35,3,38,39,35,35,0,2,21,13,1,2,2,13,1,2,11,1,23
35,3,38,39,35,35,0,2,22,12,1,2,2,12,1,2,10,1,26
35,3,38,39,35,35,0,2,23,11,1,2,2,11,1,2,9,1,19
35,3,38,39,35,35,0,2,24,10,1,2,2,10,1,2,8,1,24
35,3,38,39,35,35,0,2,25,9,1,2,2,9,1,2,7,1,24
35,3,38,39,35,35,0,2,26,8,1,2,2,8,1,2,6,1,22
35,3,38,39,35,35,0,2,27,7,1,2,2,7,1,2,5,1,24
35,3,38,39,35,35,0,2,28,6,1,2,2,6,1,2,4,1,24
35,3,38,39,35,35,0,2,29,5,1,2,2,29,0,2,27,1,24
35,3,38,39,35,35,0,2,30,4,1,2,2,4,1,2,2,1,24
35,3,38,39,35,35,0,2,31,31,0,2,2,31,0,2,29,1,25
35,3,38,39,35,35,0,2,32,32,0,2,2,32,0,2,30,1,25
35,3,38,39,35,35,0,2,33,33,0,2,2,33,0,2,31,1,26
35,4,39,40,35,4,0,2,1,35,0,1,1,35,0,1,1,1,33
35,4,39,40,35,4,0,2,2,35,0,1,2,35,0,1,2,2,28
35,4,39,40,35,35,0,2,1,4,0,1,1,4,0,1,1,1,33
35,4,39,40,35,35,0,2,2,4,0,1,1,4,0,1,1,1,25
35,4,39,40,35,35,0,2,3,4,0,1,1,4,0,1,1,1,29
35,4,39,40,35,35,0,2,4,4,0,1,1,4,0,1,1,1,31
35,4,39,40,35,35,0,2,5,5,0,2,2,29,1,2,27,1,23
35,4,39,40,35,35,0,2,6,4,0,1,1,4,0,1,1,1,29
35,4,39,40,35,35,0,2,7,4,0,1,1,4,0,1,1,1,30
35,4,39,40,35,35,0,2,8,8,0,2,2,8,0,2,6,1,25
35,4,39,40,35,35,0,2,9,4,0,1,1,4,0,1,1,1,29
35,4,39,40,35,35,0,2,10,10,0,2,2,10,0,2,8,1,26
35,4,39,40,35,35,0,2,11,11,0,2,2,11,0,2,9,1,26
35,4,39,40,35,35,0,2,12,4,0,1,1,4,0,1,1,1,29
35,4,39,40,35,35,0,2,13,13,0,2,2,13,0,2,11,1,26
35,4,39,40,35,35,0,2,14,4,0,1,1,4,0,1,1,1,28
35,4,39,40,35,35,0,2,15,4,0,1,1,4,0,1,1,1,29
35,4,39,40,35,35,0,2,16,16,0,2,2,16,0,2,14,1,25
35,4,39,40,35,35,0,2,17,4,0,1,1,4,0,1,1,1,28
35,4,39,40,35,35,0,2,18,4,0,1,1,4,0,1,1,1,26
35,4,39,40,35,35,0,2,19,15,1,2,2,15,1,2,13,1,27
35,4,39,40,35,35,0,2,20,4,0,1,1,4,0,1,1,1,28
35,4,39,40,35,35,0,2,21,13,1,2,2,13,1,2,11,1,22
35,4,39,40,35,35,0,2,22,4,0,1,1,4,0,1,1,1,28
35,4,39,40,35,35,0,2,23,11,1,2,2,11,1,2,9,1,27
35,4,39,40,35,35,0,2,24,10,1,2,2,10,1,2,8,1,26
35,4,39,40,35,35,0,2,25,4,0,1,1,4,0,1,1,1,28
35,4,39,40,35,35,0,2,26,8,1,2,2,8,1,2,6,1,27
35,4,39,40,35,35,0,2,27,4,0,1,1,4,0,1,1,1,28
35,4,39,40,35,35,0,2,28,4,0,1,1,4,0,1,1,1,28
35,4,39,40,35,35,0,2,29,5,1,2,2,29,0,2,27,1,27
35,4,39,40,35,35,0,2,30,4,0,1,1,4,0,1,1,1,28
35,4,39,40,35,35,0,2,31,4,0,1,1,4,0,1,1,1,29
35,4,39,40,35,35,0,2,32,32,0,2,2,32,0,2,30,1,29
35,4,39,40,35,35,0,2,33,4,0,1,1,4,0,1,1,1,31
36,2,38,39,36,36,0,2,1,34,1,2,1,34,1,2,1,1,32
36,2,38,39,36,36,0,2,2,33,1,2,2,33,1,2,2,2,23
36,2,38,39,36,36,0,2,3,3,0,2,1,3,0,2,1,1,31
36,2,38,39,36,36,0,2,4,4,0,2,1,4,0,2,1,1,31
36,2,38,39,36,36,0,2,5,5,0,2,1,5,0,2,1,1,26
36,2,38,39,36,36,0,2,6,6,0,2,1,6,0,2,1,1,31
36,2,38,39,36,36,0,2,7,7,0,2,1,7,0,2,1,1,29
36,2,38,39,36,36,0,2,8,8,0,2,1,8,0,2,1,1,29
36,2,38,39,36,36,0,2,9,9,0,2,1,9,0,2,1,1,30
36,2,38,39,36,36,0,2,10,10,0,2,1,10,0,2,1,1,29
36,2,38,39,36,36,0,2,11,11,0,2,1,11,0,2,1,1,29
36,2,38,39,36,36,0,2,12,12,0,2,1,12,0,2,1,1,30
36,2,38,39,36,36,0,2,13,13,0,2,1,13,0,2,1,1,29
36,2,38,39,36,36,0,2,14,14,0,2,1,14,0,2,1,1,29
36,2,38,39,36,36,0,2,15,15,0,2,1,15,0,2,1,1,29
36,2,38,39,36,36,0,2,16,16,0,2,1,16,0,2,1,1,29
36,2,38,39,36,36,0,2,17,17,0,2,2,17,0,2,15,1,29
36,2,38,39,36,36,0,2,18,17,1,2,2,18,0,2,1,1,26
36,2,38,39,36,36,0,2,19,16,1,2,1,16,1,2,1,1,31
36,2,38,39,36,36,0,2,20,15,1,2,2,15,1,2,13,1,26
36,2,38,39,36,36,0,2,21,14,1,2,2,14,1,2,12,1,29
36,2,38,39,36,36,0,2,22,13,1,2,2,13,1,2,11,1,30
36,2,38,39,36,36,0,2,23,12,1,2,2,12,1,2,10,1,29
36,2,38,39,36,36,0,2,24,11,1,2,2,11,1,2,9,1,29
36,2,38,39,36,36,0,2,25,10,1,2,2,10,1,2,8,1,29
36,2,38,39,36,36,0,2,26,9,1,2,1,9,1,2,1,1,30
36,2,38,39,36,36,0,2,27,8,1,2,2,8,1,2,6,1,29
36,2,38,39,36,36,0,2,28,7,1,2,2,7,1,2,5,1,30
36,2,38,39,36,36,0,2,29,6,1,2,1,6,1,2,1,1,30
36,2,38,39,36,36,0,2,30,5,1,2,2,30,0,2,1,1,29
36,2,38,39,36,36,0,2,31,4,1,2,2,4,1,2,2,1,30
36,2,38,39,36,36,0,2,32,3,1,2,1,3,1,2,1,1,31
36,2,38,39,36,36,0,2,33,33,0,2,1,33,0,2,1,1,31
36,2,38,39,36,36,0,2,34,34,0,2,1,34,0,2,1,1,31
36,3,39,40,36,3,0,2,1,36,0,1,1,36,0,1,1,1,34
36,3,39,40,36,36,0,2,1,3,0,1,1,3,0,1,2,0,34
36,3,39,40,36,36,0,2,2,33,1,2,2,33,1,2,31,1,24
36,3,39,40,36,36,0,2,3,32,1,2,1,32,1,2,1,1,30
36,3,39,40,36,36,0,2,4,4,0,2,2,4,0,2,2,1,28
36,3,39,40,36,36,0,2,5,5,0,2,2,5,0,2,3,1,24
36,3,39,40,36,36,0,2,6,6,0,2,2,29,1,2,1,1,29
36,3,39,40,36,36,0,2,7,7,0,2,2,7,0,2,5,1,28
36,3,39,40,36,36,0,2,8,8,0,2,2,8,0,2,6,1,25
36,3,39,40,36,36,0,2,9,9,0,2,2,9,0,2,7,1,27
36,3,39,40,36,36,0,2,10,10,0,2,2,10,0,2,8,1,28
36,3,39,40,36,36,0,2,11,11,0,2,2,11,0,2,9,1,25
36,3,39,40,36,36,0,2,12,12,0,2,2,12,0,2,10,1,27
36,3,39,40,36,36,0,2,13,13,0,2,2,13,0,2,11,1,28
36,3,39,40,36,36,0,2,14,14,0,2,2,14,0,2,12,1,25
36,3,39,40,36,36,0,2,15,15,0,2,2,15,0,2,13,1,27
36,3,39,40,36,36,0,2,16,16,0,2,2,16,0,2,14,1,27
36,3,39,40,36,36,0,2,17,17,0,2,2,17,0,2,15,1,26
36,3,39,40,36,36,0,2,18,17,1,2,2,17,1,2,15,1,26
36,3,39,40,36,36,0,2,19,16,1,2,2,16,1,2,14,1,26
36,3,39,40,36,36,0,2,20,15,1,2,2,15,1,2,13,1,28
36,3,39,40,36,36,0,2,21,14,1,2,2,14,1,2,12,1,24
36,3,39,40,36,36,0,2,22,13,1,2,2,13,1,2,11,1,27
36,3,39,40,36,36,0,2,23,12,1,2,2,12,1,2,10,1,27
36,3,39,40,36,36,0,2,24,11,1,2,2,11,1,2,9,1,28
36,3,39,40,36,36,0,2,25,10,1,2,2,10,1,2,8,1,27
36,3,39,40,36,36,0,2,26,9,1,2,2,9,1,2,7,1,27
36,3,39,40,36,36,0,2,27,8,1,2,2,8,1,2,6,1,28
36,3,39,40,36,36,0,2,28,7,1,2,2,7,1,2,5,1,27
36,3,39,40,36,36,0,2,29,6,1,2,2,6,1,2,4,1,27
36,3,39,40,36,36,0,2,30,5,1,2,2,30,0,2,28,1,28
36,3,39,40,36,36,0,2,31,4,1,2,2,4,1,2,2,1,28
36,3,39,40,36,36,0,2,32,32,0,2,2,32,0,2,30,1,27
36,3,39,40,36,36,0,2,33,33,0,2,2,33,0,2,31,1,30
36,3,39,40,36,36,0,2,34,34,0,2,2,34,0,2,32,1,30
37,2,39,40,37,37,0,2,1,35,1,2,0,35,1,2,0,0,34
37,2,39,40,37,37,0,2,2,34,1,2,1,34,1,2,1,1,32
37,2,39,40,37,37,0,2,3,33,1,2,1,33,1,2,1,1,31
37,2,39,40,37,37,0,2,4,4,0,2,2,4,0,2,2,1,31
37,2,39,40,37,37,0,2,5,5,0,2,2,5,0,2,3,1,29
37,2,39,40,37,37,0,2,6,6,0,2,2,6,0,2,4,1,31
37,2,39,40,37,37,0,2,7,7,0,2,2,7,0,2,5,1,31
37,2,39,40,37,37,0,2,8,8,0,2,2,8,0,2,6,1,29
37,2,39,40,37,37,0,2,9,9,0,2,2,9,0,2,7,1,31
37,2,39,40,37,37,0,2,10,10,0,2,2,10,0,2,8,1,30
37,2,39,40,37,37,0,2,11,11,0,2,2,11,0,2,9,1,29
37,2,39,40,37,37,0,2,12,12,0,2,2,12,0,2,10,1,31
37,2,39,40,37,37,0,2,13,13,0,2,2,13,0,2,11,1,30
37,2,39,40,37,37,0,2,14,14,0,2,2,14,0,2,12,1,30
37,2,39,40,37,37,0,2,15,15,0,2,2,15,0,2,13,1,31
37,2,39,40,37,37,0,2,16,16,0,2,2,16,0,2,14,1,30
37,2,39,40,37,37,0,2,17,17,0,2,2,17,0,2,15,1,31
37,2,39,40,37,37,0,2,18,18,0,2,3,18,0,2,16,1,30
37,2,39,40,37,37,0,2,19,17,1,2,2,17,1,2,15,1,31
37,2,39,40,37,37,0,2,20,16,1,2,1,16,1,2,1,1,31
37,2,39,40,37,37,0,2,21,15,1,2,2,15,1,2,13,1,28
37,2,39,40,37,37,0,2,22,14,1,2,1,14,1,2,1,1,31
37,2,39,40,37,37,0,2,23,13,1,2,2,13,1,2,11,1,30
37,2,39,40,37,37,0,2,24,12,1,2,2,12,1,2,10,1,29
37,2,39,40,37,37,0,2,25,11,1,2,1,11,1,2,1,1,31
37,2,39,40,37,37,0,2,26,10,1,2,2,10,1,2,8,1,30
37,2,39,40,37,37,0,2,27,9,1,2,1,9,1,2,1,1,31
37,2,39,40,37,37,0,2,28,8,1,2,1,8,1,2,1,1,31
37,2,39,40,37,37,0,2,29,7,1,2,2,7,1,2,5,1,30
37,2,39,40,37,37,0,2,30,6,1,2,1,6,1,2,1,1,31
37,2,39,40,37,37,0,2,31,5,1,2,1,5,1,2,1,1,31
37,2,39,40,37,37,0,2,32,4,1,2,2,4,1,2,2,1,30
37,2,39,40,37,37,0,2,33,3,1,2,1,3,1,2,1,1,31
37,2,39,40,37,37,0,2,34,34,0,2,2,34,0,2,32,1,31
37,2,39,40,37,37,0,2,35,35,0,2,2,35,0,2,33,1,32
