left_len,right_len,total_empty,n,first,current_gap_m,current_gap_left,current_gap_right,current_pos,response_gap_m,response_gap_left,response_gap_right,response_pos
2,3,5,6,2,3,0,2,1,2,0,1,1
2,5,7,8,2,5,0,2,1,3,1,2,0
2,5,7,8,2,5,0,2,2,2,1,2,0
2,5,7,8,2,5,0,2,3,3,0,2,1
2,6,8,9,2,6,0,2,1,4,1,2,1
2,6,8,9,2,6,0,2,2,3,1,2,1
2,6,8,9,2,6,0,2,3,3,0,2,1
2,6,8,9,2,6,0,2,4,4,0,2,1
2,7,9,10,2,7,0,2,1,5,1,2,1
2,7,9,10,2,7,0,2,2,4,1,2,1
2,7,9,10,2,7,0,2,3,3,1,2,0
2,7,9,10,2,7,0,2,4,4,0,2,1
2,7,9,10,2,7,0,2,5,5,0,2,2
2,8,10,11,2,8,0,2,1,6,1,2,2
2,8,10,11,2,8,0,2,2,5,1,2,2
2,8,10,11,2,8,0,2,3,4,1,2,0
2,8,10,11,2,8,0,2,4,4,0,2,1
2,8,10,11,2,8,0,2,5,5,0,2,1
2,8,10,11,2,8,0,2,6,6,0,2,2
2,9,11,12,2,9,0,2,1,7,1,2,0
2,9,11,12,2,9,0,2,2,6,1,2,2
2,9,11,12,2,9,0,2,3,5,1,2,1
2,9,11,12,2,9,0,2,4,4,1,2,0
2,9,11,12,2,9,0,2,5,5,0,2,1
2,9,11,12,2,9,0,2,6,6,0,2,2
2,9,11,12,2,9,0,2,7,7,0,2,3
2,10,12,13,2,10,0,2,1,8,1,2,1
2,10,12,13,2,10,0,2,2,7,1,2,3
2,10,12,13,2,10,0,2,3,3,0,2,1
2,10,12,13,2,10,0,2,4,4,0,2,2
2,10,12,13,2,10,0,2,5,5,0,2,1
2,10,12,13,2,10,0,2,6,3,1,2,1
2,10,12,13,2,10,0,2,7,7,0,2,2
2,10,12,13,2,10,0,2,8,8,0,2,1
2,11,13,14,2,11,0,2,1,9,1,2,0
2,11,13,14,2,11,0,2,2,8,1,2,1
2,11,13,14,2,11,0,2,3,7,1,2,2
2,11,13,14,2,11,0,2,4,4,0,2,2
2,11,13,14,2,11,0,2,5,5,1,2,1
2,11,13,14,2,11,0,2,6,4,1,2,2
2,11,13,14,2,11,0,2,7,3,1,2,1
2,11,13,14,2,11,0,2,8,8,0,2,4
2,11,13,14,2,11,0,2,9,9,0,2,2
2,12,14,15,2,12,0,2,1,10,1,2,1
2,12,14,15,2,12,0,2,2,9,1,2,2
2,12,14,15,2,12,0,2,3,3,0,2,1
2,12,14,15,2,12,0,2,4,4,0,2,1
2,12,14,15,2,12,0,2,5,5,0,2,2
2,12,14,15,2,12,0,2,6,5,1,2,2
2,12,14,15,2,12,0,2,7,4,1,2,1
2,12,14,15,2,12,0,2,8,3,1,2,1
2,12,14,15,2,12,0,2,9,9,0,2,1
2,12,14,15,2,12,0,2,10,10,0,2,1
2,13,15,16,2,13,0,2,1,11,1,2,0
2,13,15,16,2,13,0,2,2,10,1,2,1
2,13,15,16,2,13,0,2,3,9,1,2,1
2,13,15,16,2,13,0,2,4,4,0,2,2
2,13,15,16,2,13,0,2,5,5,0,2,2
2,13,15,16,2,13,0,2,6,6,0,2,3
2,13,15,16,2,13,0,2,7,5,1,2,2
2,13,15,16,2,13,0,2,8,4,1,2,1
2,13,15,16,2,13,0,2,9,3,1,2,1
2,13,15,16,2,13,0,2,10,10,0,2,2
2,13,15,16,2,13,0,2,11,11,0,2,2
2,14,16,17,2,14,0,2,1,12,1,2,1
2,14,16,17,2,14,0,2,2,11,1,2,2
2,14,16,17,2,14,0,2,3,3,0,2,1
2,14,16,17,2,14,0,2,4,4,0,2,1
2,14,16,17,2,14,0,2,5,5,0,2,1
2,14,16,17,2,14,0,2,6,6,0,2,2
2,14,16,17,2,14,0,2,7,6,1,2,2
2,14,16,17,2,14,0,2,8,5,1,2,1
2,14,16,17,2,14,0,2,9,4,1,2,2
2,14,16,17,2,14,0,2,10,3,1,2,1
2,14,16,17,2,14,0,2,11,11,0,2,1
2,14,16,17,2,14,0,2,12,12,0,2,1
2,15,17,18,2,15,0,2,1,13,1,2,0
2,15,17,18,2,15,0,2,2,12,1,2,1
2,15,17,18,2,15,0,2,3,11,1,2,1
2,15,17,18,2,15,0,2,4,4,0,2,2
2,15,17,18,2,15,0,2,5,5,0,2,2
2,15,17,18,2,15,0,2,6,6,0,2,2
2,15,17,18,2,15,0,2,7,7,0,2,3
2,15,17,18,2,15,0,2,8,6,1,2,2
2,15,17,18,2,15,0,2,9,5,1,2,1
2,15,17,18,2,15,0,2,10,4,1,2,2
2,15,17,18,2,15,0,2,11,3,1,2,1
2,15,17,18,2,15,0,2,12,12,0,2,2
2,15,17,18,2,15,0,2,13,13,0,2,2
2,16,18,19,2,16,0,2,1,14,1,2,1
2,16,18,19,2,16,0,2,2,13,1,2,2
2,16,18,19,2,16,0,2,3,3,0,2,1
2,16,18,19,2,16,0,2,4,4,0,2,1
2,16,18,19,2,16,0,2,5,5,0,2,1
2,16,18,19,2,16,0,2,6,6,0,2,1
2,16,18,19,2,16,0,2,7,7,0,2,2
2,16,18,19,2,16,0,2,8,7,1,2,2
2,16,18,19,2,16,0,2,9,6,1,2,1
2,16,18,19,2,16,0,2,10,5,1,2,2
2,16,18,19,2,16,0,2,11,4,1,2,2
2,16,18,19,2,16,0,2,12,3,1,2,1
2,16,18,19,2,16,0,2,13,13,0,2,1
2,16,18,19,2,16,0,2,14,14,0,2,1
2,17,19,20,2,17,0,2,1,15,1,2,0
2,17,19,20,2,17,0,2,2,14,1,2,1
2,17,19,20,2,17,0,2,3,13,1,2,1
2,17,19,20,2,17,0,2,4,4,0,2,2
2,17,19,20,2,17,0,2,5,5,0,2,2
2,17,19,20,2,17,0,2,6,6,0,2,2
2,17,19,20,2,17,0,2,7,7,0,2,2
2,17,19,20,2,17,0,2,8,8,0,2,4
2,17,19,20,2,17,0,2,9,7,1,2,2
2,17,19,20,2,17,0,2,10,6,1,2,1
2,17,19,20,2,17,0,2,11,5,1,2,1
2,17,19,20,2,17,0,2,12,4,1,2,1
2,17,19,20,2,17,0,2,13,3,1,2,1
2,17,19,20,2,17,0,2,14,14,0,2,2
2,17,19,20,2,17,0,2,15,15,0,2,2
2,18,20,21,2,18,0,2,1,16,1,2,1
2,18,20,21,2,18,0,2,2,15,1,2,2
2,18,20,21,2,18,0,2,3,3,0,2,1
2,18,20,21,2,18,0,2,4,4,0,2,1
2,18,20,21,2,18,0,2,5,5,0,2,1
2,18,20,21,2,18,0,2,6,6,0,2,1
2,18,20,21,2,18,0,2,7,7,0,2,1
2,18,20,21,2,18,0,2,8,8,0,2,2
2,18,20,21,2,18,0,2,9,8,1,2,2
2,18,20,21,2,18,0,2,10,7,1,2,1
2,18,20,21,2,18,0,2,11,6,1,2,1
2,18,20,21,2,18,0,2,12,5,1,2,2
2,18,20,21,2,18,0,2,13,4,1,2,1
2,18,20,21,2,18,0,2,14,3,1,2,1
2,18,20,21,2,18,0,2,15,15,0,2,1
2,18,20,21,2,18,0,2,16,16,0,2,1
2,19,21,22,2,19,0,2,1,17,1,2,0
2,19,21,22,2,19,0,2,2,16,1,2,1
2,19,21,22,2,19,0,2,3,15,1,2,1
2,19,21,22,2,19,0,2,4,4,0,2,2
2,19,21,22,2,19,0,2,5,5,0,2,2
2,19,21,22,2,19,0,2,6,6,0,2,2
2,19,21,22,2,19,0,2,7,7,0,2,2
2,19,21,22,2,19,0,2,8,8,0,2,2
2,19,21,22,2,19,0,2,9,9,0,2,3
2,19,21,22,2,19,0,2,10,8,1,2,2
2,19,21,22,2,19,0,2,11,7,1,2,1
2,19,21,22,2,19,0,2,12,6,1,2,1
2,19,21,22,2,19,0,2,13,5,1,2,2
2,19,21,22,2,19,0,2,14,4,1,2,1
2,19,21,22,2,19,0,2,15,15,0,2,2
2,19,21,22,2,19,0,2,16,16,0,2,2
2,19,21,22,2,19,0,2,17,17,0,2,2
2,20,22,23,2,20,0,2,1,18,1,2,1
2,20,22,23,2,20,0,2,2,17,1,2,2
2,20,22,23,2,20,0,2,3,3,0,2,1
2,20,22,23,2,20,0,2,4,4,0,2,1
2,20,22,23,2,20,0,2,5,5,0,2,1
2,20,22,23,2,20,0,2,6,6,0,2,1
2,20,22,23,2,20,0,2,7,7,0,2,1
2,20,22,23,2,20,0,2,8,8,0,2,1
2,20,22,23,2,20,0,2,9,9,0,2,2
2,20,22,23,2,20,0,2,10,9,1,2,2
2,20,22,23,2,20,0,2,11,8,1,2,1
2,20,22,23,2,20,0,2,12,7,1,2,2
2,20,22,23,2,20,0,2,13,6,1,2,1
2,20,22,23,2,20,0,2,14,5,1,2,1
2,20,22,23,2,20,0,2,15,4,1,2,2
2,20,22,23,2,20,0,2,16,3,1,2,1
2,20,22,23,2,20,0,2,17,17,0,2,1
2,20,22,23,2,20,0,2,18,18,0,2,1
2,21,23,24,2,21,0,2,1,19,1,2,0
2,21,23,24,2,21,0,2,2,18,1,2,1
2,21,23,24,2,21,0,2,3,17,1,2,1
2,21,23,24,2,21,0,2,4,4,0,2,2
2,21,23,24,2,21,0,2,5,5,0,2,2
2,21,23,24,2,21,0,2,6,6,0,2,2
2,21,23,24,2,21,0,2,7,7,0,2,2
2,21,23,24,2,21,0,2,8,8,0,2,2
2,21,23,24,2,21,0,2,9,9,0,2,2
2,21,23,24,2,21,0,2,10,10,0,2,3
2,21,23,24,2,21,0,2,11,9,1,2,2
2,21,23,24,2,21,0,2,12,8,1,2,1
2,21,23,24,2,21,0,2,13,7,1,2,2
2,21,23,24,2,21,0,2,14,6,1,2,1
2,21,23,24,2,21,0,2,15,5,1,2,1
2,21,23,24,2,21,0,2,16,4,1,2,1
2,21,23,24,2,21,0,2,17,3,1,2,1
2,21,23,24,2,21,0,2,18,18,0,2,2
2,21,23,24,2,21,0,2,19,19,0,2,2
2,22,24,25,2,22,0,2,1,20,1,2,1
2,22,24,25,2,22,0,2,2,19,1,2,2
2,22,24,25,2,22,0,2,3,3,0,2,1
2,22,24,25,2,22,0,2,4,4,0,2,1
2,22,24,25,2,22,0,2,5,5,0,2,1
2,22,24,25,2,22,0,2,6,6,0,2,1
2,22,24,25,2,22,0,2,7,7,0,2,1
2,22,24,25,2,22,0,2,8,8,0,2,1
2,22,24,25,2,22,0,2,9,9,0,2,1
2,22,24,25,2,22,0,2,10,10,0,2,2
2,22,24,25,2,22,0,2,11,10,1,2,2
2,22,24,25,2,22,0,2,12,9,1,2,1
2,22,24,25,2,22,0,2,13,8,1,2,2
2,22,24,25,2,22,0,2,14,7,1,2,2
2,22,24,25,2,22,0,2,15,6,1,2,1
2,22,24,25,2,22,0,2,16,5,1,2,2
2,22,24,25,2,22,0,2,17,4,1,2,2
2,22,24,25,2,22,0,2,18,3,1,2,1
2,22,24,25,2,22,0,2,19,19,0,2,1
2,22,24,25,2,22,0,2,20,20,0,2,1
2,23,25,26,2,23,0,2,1,21,1,2,0
2,23,25,26,2,23,0,2,2,20,1,2,1
2,23,25,26,2,23,0,2,3,19,1,2,1
2,23,25,26,2,23,0,2,4,4,0,2,2
2,23,25,26,2,23,0,2,5,5,0,2,2
2,23,25,26,2,23,0,2,6,6,0,2,2
2,23,25,26,2,23,0,2,7,7,0,2,2
2,23,25,26,2,23,0,2,8,8,0,2,2
2,23,25,26,2,23,0,2,9,9,0,2,2
2,23,25,26,2,23,0,2,10,10,0,2,2
2,23,25,26,2,23,0,2,11,11,0,2,3
2,23,25,26,2,23,0,2,12,10,1,2,2
2,23,25,26,2,23,0,2,13,9,1,2,1
2,23,25,26,2,23,0,2,14,8,1,2,1
2,23,25,26,2,23,0,2,15,7,1,2,1
2,23,25,26,2,23,0,2,16,6,1,2,1
2,23,25,26,2,23,0,2,17,5,1,2,2
2,23,25,26,2,23,0,2,18,4,1,2,1
2,23,25,26,2,23,0,2,19,3,1,2,1
2,23,25,26,2,23,0,2,20,20,0,2,2
2,23,25,26,2,23,0,2,21,21,0,2,2
2,24,26,27,2,24,0,2,1,22,1,2,1
2,24,26,27,2,24,0,2,2,21,1,2,2
2,24,26,27,2,24,0,2,3,3,0,2,1
2,24,26,27,2,24,0,2,4,4,0,2,1
2,24,26,27,2,24,0,2,5,5,0,2,1
2,24,26,27,2,24,0,2,6,6,0,2,1
2,24,26,27,2,24,0,2,7,7,0,2,1
2,24,26,27,2,24,0,2,8,8,0,2,1
2,24,26,27,2,24,0,2,9,9,0,2,1
2,24,26,27,2,24,0,2,10,10,0,2,1
2,24,26,27,2,24,0,2,11,11,0,2,2
2,24,26,27,2,24,0,2,12,11,1,2,2
2,24,26,27,2,24,0,2,13,10,1,2,1
2,24,26,27,2,24,0,2,14,9,1,2,1
2,24,26,27,2,24,0,2,15,8,1,2,2
2,24,26,27,2,24,0,2,16,7,1,2,2
2,24,26,27,2,24,0,2,17,6,1,2,2
2,24,26,27,2,24,0,2,18,5,1,2,2
2,24,26,27,2,24,0,2,19,4,1,2,2
2,24,26,27,2,24,0,2,20,3,1,2,1
2,24,26,27,2,24,0,2,21,21,0,2,1
2,24,26,27,2,24,0,2,22,22,0,2,1
2,25,27,28,2,25,0,2,1,23,1,2,0
2,25,27,28,2,25,0,2,2,22,1,2,1
2,25,27,28,2,25,0,2,3,21,1,2,1
2,25,27,28,2,25,0,2,4,4,0,2,2
2,25,27,28,2,25,0,2,5,5,0,2,2
2,25,27,28,2,25,0,2,6,6,0,2,2
2,25,27,28,2,25,0,2,7,7,0,2,2
2,25,27,28,2,25,0,2,8,8,0,2,2
2,25,27,28,2,25,0,2,9,9,0,2,2
2,25,27,28,2,25,0,2,10,10,0,2,2
2,25,27,28,2,25,0,2,11,11,0,2,2
2,25,27,28,2,25,0,2,12,12,0,2,3
2,25,27,28,2,25,0,2,13,11,1,2,2
2,25,27,28,2,25,0,2,14,10,1,2,1
2,25,27,28,2,25,0,2,15,9,1,2,2
2,25,27,28,2,25,0,2,16,8,1,2,2
2,25,27,28,2,25,0,2,17,7,1,2,1
2,25,27,28,2,25,0,2,18,6,1,2,2
2,25,27,28,2,25,0,2,19,5,1,2,2
2,25,27,28,2,25,0,2,20,4,1,2,2
2,25,27,28,2,25,0,2,21,3,1,2,1
2,25,27,28,2,25,0,2,22,22,0,2,2
2,25,27,28,2,25,0,2,23,23,0,2,2
2,26,28,29,2,26,0,2,1,24,1,2,1
2,26,28,29,2,26,0,2,2,23,1,2,2
2,26,28,29,2,26,0,2,3,3,0,2,1
2,26,28,29,2,26,0,2,4,4,0,2,1
2,26,28,29,2,26,0,2,5,5,0,2,1
2,26,28,29,2,26,0,2,6,6,0,2,1
2,26,28,29,2,26,0,2,7,7,0,2,1
2,26,28,29,2,26,0,2,8,8,0,2,1
2,26,28,29,2,26,0,2,9,9,0,2,1
2,26,28,29,2,26,0,2,10,10,0,2,1
2,26,28,29,2,26,0,2,11,11,0,2,1
2,26,28,29,2,26,0,2,12,12,0,2,2
2,26,28,29,2,26,0,2,13,12,1,2,2
2,26,28,29,2,26,0,2,14,11,1,2,1
2,26,28,29,2,26,0,2,15,10,1,2,2
2,26,28,29,2,26,0,2,16,9,1,2,1
2,26,28,29,2,26,0,2,17,8,1,2,1
2,26,28,29,2,26,0,2,18,7,1,2,2
2,26,28,29,2,26,0,2,19,6,1,2,1
2,26,28,29,2,26,0,2,20,5,1,2,2
2,26,28,29,2,26,0,2,21,4,1,2,2
2,26,28,29,2,26,0,2,22,3,1,2,1
2,26,28,29,2,26,0,2,23,23,0,2,1
2,26,28,29,2,26,0,2,24,24,0,2,1
2,27,29,30,2,27,0,2,1,25,1,2,0
2,27,29,30,2,27,0,2,2,24,1,2,1
2,27,29,30,2,27,0,2,3,23,1,2,1
2,27,29,30,2,27,0,2,4,4,0,2,2
2,27,29,30,2,27,0,2,5,5,0,2,2
2,27,29,30,2,27,0,2,6,6,0,2,2
2,27,29,30,2,27,0,2,7,7,0,2,2
2,27,29,30,2,27,0,2,8,8,0,2,2
2,27,29,30,2,27,0,2,9,9,0,2,2
2,27,29,30,2,27,0,2,10,10,0,2,2
2,27,29,30,2,27,0,2,11,11,0,2,2
2,27,29,30,2,27,0,2,12,12,0,2,2
2,27,29,30,2,27,0,2,13,13,0,2,3
2,27,29,30,2,27,0,2,14,12,1,2,2
2,27,29,30,2,27,0,2,15,11,1,2,1
2,27,29,30,2,27,0,2,16,10,1,2,1
2,27,29,30,2,27,0,2,17,9,1,2,1
2,27,29,30,2,27,0,2,18,8,1,2,1
2,27,29,30,2,27,0,2,19,7,1,2,1
2,27,29,30,2,27,0,2,20,6,1,2,1
2,27,29,30,2,27,0,2,21,5,1,2,1
2,27,29,30,2,27,0,2,22,4,1,2,1
2,27,29,30,2,27,0,2,23,3,1,2,1
2,27,29,30,2,27,0,2,24,24,0,2,2
2,27,29,30,2,27,0,2,25,25,0,2,2
2,28,30,31,2,28,0,2,1,26,1,2,1
2,28,30,31,2,28,0,2,2,25,1,2,2
2,28,30,31,2,28,0,2,3,3,0,2,1
2,28,30,31,2,28,0,2,4,4,0,2,1
2,28,30,31,2,28,0,2,5,5,0,2,1
2,28,30,31,2,28,0,2,6,6,0,2,1
2,28,30,31,2,28,0,2,7,7,0,2,1
2,28,30,31,2,28,0,2,8,8,0,2,1
2,28,30,31,2,28,0,2,9,9,0,2,1
2,28,30,31,2,28,0,2,10,10,0,2,1
2,28,30,31,2,28,0,2,11,11,0,2,1
2,28,30,31,2,28,0,2,12,12,0,2,1
2,28,30,31,2,28,0,2,13,13,0,2,2
2,28,30,31,2,28,0,2,14,13,1,2,2
2,28,30,31,2,28,0,2,15,12,1,2,1
2,28,30,31,2,28,0,2,16,11,1,2,2
2,28,30,31,2,28,0,2,17,10,1,2,2
2,28,30,31,2,28,0,2,18,9,1,2,1
2,28,30,31,2,28,0,2,19,8,1,2,2
2,28,30,31,2,28,0,2,20,7,1,2,2
2,28,30,31,2,28,0,2,21,6,1,2,1
2,28,30,31,2,28,0,2,22,5,1,2,2
2,28,30,31,2,28,0,2,23,4,1,2,2
2,28,30,31,2,28,0,2,24,3,1,2,1
2,28,30,31,2,28,0,2,25,25,0,2,1
2,28,30,31,2,28,0,2,26,26,0,2,1
2,29,31,32,2,29,0,2,1,27,1,2,0
2,29,31,32,2,29,0,2,2,26,1,2,1
2,29,31,32,2,29,0,2,3,25,1,2,1
2,29,31,32,2,29,0,2,4,4,0,2,2
2,29,31,32,2,29,0,2,5,5,0,2,2
2,29,31,32,2,29,0,2,6,6,0,2,2
2,29,31,32,2,29,0,2,7,7,0,2,2
2,29,31,32,2,29,0,2,8,8,0,2,2
2,29,31,32,2,29,0,2,9,9,0,2,2
2,29,31,32,2,29,0,2,10,10,0,2,2
2,29,31,32,2,29,0,2,11,11,0,2,2
2,29,31,32,2,29,0,2,12,12,0,2,2
2,29,31,32,2,29,0,2,13,13,0,2,2
2,29,31,32,2,29,0,2,14,14,0,2,3
2,29,31,32,2,29,0,2,15,13,1,2,2
2,29,31,32,2,29,0,2,16,12,1,2,1
2,29,31,32,2,29,0,2,17,11,1,2,2
2,29,31,32,2,29,0,2,18,10,1,2,1
2,29,31,32,2,29,0,2,19,9,1,2,1
2,29,31,32,2,29,0,2,20,8,1,2,2
2,29,31,32,2,29,0,2,21,7,1,2,1
2,29,31,32,2,29,0,2,22,6,1,2,1
2,29,31,32,2,29,0,2,23,5,1,2,2
2,29,31,32,2,29,0,2,24,4,1,2,1
2,29,31,32,2,29,0,2,25,3,1,2,1
2,29,31,32,2,29,0,2,26,26,0,2,2
2,29,31,32,2,29,0,2,27,27,0,2,2
2,30,32,33,2,30,0,2,1,28,1,2,1
2,30,32,33,2,30,0,2,2,27,1,2,2
2,30,32,33,2,30,0,2,3,3,0,2,1
2,30,32,33,2,30,0,2,4,4,0,2,1
2,30,32,33,2,30,0,2,5,5,0,2,1
2,30,32,33,2,30,0,2,6,6,0,2,1
2,30,32,33,2,30,0,2,7,7,0,2,1
2,30,32,33,2,30,0,2,8,8,0,2,1
2,30,32,33,2,30,0,2,9,9,0,2,1
2,30,32,33,2,30,0,2,10,10,0,2,1
2,30,32,33,2,30,0,2,11,11,0,2,1
2,30,32,33,2,30,0,2,12,12,0,2,1
2,30,32,33,2,30,0,2,13,13,0,2,1
2,30,32,33,2,30,0,2,14,14,0,2,2
2,30,32,33,2,30,0,2,15,14,1,2,2
2,30,32,33,2,30,0,2,16,13,1,2,1
2,30,32,33,2,30,0,2,17,12,1,2,2
2,30,32,33,2,30,0,2,18,11,1,2,2
2,30,32,33,2,30,0,2,19,10,1,2,2
2,30,32,33,2,30,0,2,20,9,1,2,2
2,30,32,33,2,30,0,2,21,8,1,2,2
2,30,32,33,2,30,0,2,22,7,1,2,2
2,30,32,33,2,30,0,2,23,6,1,2,1
2,30,32,33,2,30,0,2,24,5,1,2,2
2,30,32,33,2,30,0,2,25,4,1,2,2
2,30,32,33,2,30,0,2,26,3,1,2,1
2,30,32,33,2,30,0,2,27,27,0,2,1
2,30,32,33,2,30,0,2,28,28,0,2,1
2,31,33,34,2,31,0,2,1,29,1,2,0
2,31,33,34,2,31,0,2,2,28,1,2,1
2,31,33,34,2,31,0,2,3,27,1,2,1
2,31,33,34,2,31,0,2,4,4,0,2,2
2,31,33,34,2,31,0,2,5,5,0,2,2
2,31,33,34,2,31,0,2,6,6,0,2,2
2,31,33,34,2,31,0,2,7,7,0,2,2
2,31,33,34,2,31,0,2,8,8,0,2,2
2,31,33,34,2,31,0,2,9,9,0,2,2
2,31,33,34,2,31,0,2,10,10,0,2,2
2,31,33,34,2,31,0,2,11,11,0,2,2
2,31,33,34,2,31,0,2,12,12,0,2,2
2,31,33,34,2,31,0,2,13,13,0,2,2
2,31,33,34,2,31,0,2,14,14,0,2,2
2,31,33,34,2,31,0,2,15,15,0,2,3
2,31,33,34,2,31,0,2,16,14,1,2,2
2,31,33,34,2,31,0,2,17,13,1,2,1
2,31,33,34,2,31,0,2,18,12,1,2,2
2,31,33,34,2,31,0,2,19,11,1,2,2
2,31,33,34,2,31,0,2,20,10,1,2,2
2,31,33,34,2,31,0,2,21,9,1,2,2
2,31,33,34,2,31,0,2,22,8,1,2,1
2,31,33,34,2,31,0,2,23,7,1,2,2
2,31,33,34,2,31,0,2,24,6,1,2,1
2,31,33,34,2,31,0,2,25,5,1,2,1
2,31,33,34,2,31,0,2,26,4,1,2,2
2,31,33,34,2,31,0,2,27,3,1,2,1
2,31,33,34,2,31,0,2,28,28,0,2,2
2,31,33,34,2,31,0,2,29,29,0,2,2
2,32,34,35,2,32,0,2,1,30,1,2,1
2,32,34,35,2,32,0,2,2,29,1,2,2
2,32,34,35,2,32,0,2,3,3,0,2,1
2,32,34,35,2,32,0,2,4,4,0,2,1
2,32,34,35,2,32,0,2,5,5,0,2,1
2,32,34,35,2,32,0,2,6,6,0,2,1
2,32,34,35,2,32,0,2,7,7,0,2,1
2,32,34,35,2,32,0,2,8,8,0,2,1
2,32,34,35,2,32,0,2,9,9,0,2,1
2,32,34,35,2,32,0,2,10,10,0,2,1
2,32,34,35,2,32,0,2,11,11,0,2,1
2,32,34,35,2,32,0,2,12,12,0,2,1
2,32,34,35,2,32,0,2,13,13,0,2,1
2,32,34,35,2,32,0,2,14,14,0,2,1
2,32,34,35,2,32,0,2,15,15,0,2,2
2,32,34,35,2,32,0,2,16,15,1,2,2
2,32,34,35,2,32,0,2,17,14,1,2,1
2,32,34,35,2,32,0,2,18,13,1,2,2
2,32,34,35,2,32,0,2,19,12,1,2,1
2,32,34,35,2,32,0,2,20,11,1,2,2
2,32,34,35,2,32,0,2,21,10,1,2,2
2,32,34,35,2,32,0,2,22,9,1,2,1
2,32,34,35,2,32,0,2,23,8,1,2,2
2,32,34,35,2,32,0,2,24,7,1,2,2
2,32,34,35,2,32,0,2,25,6,1,2,2
2,32,34,35,2,32,0,2,26,5,1,2,2
2,32,34,35,2,32,0,2,27,4,1,2,2
2,32,34,35,2,32,0,2,28,3,1,2,1
2,32,34,35,2,32,0,2,29,29,0,2,1
2,32,34,35,2,32,0,2,30,30,0,2,1
2,33,35,36,2,33,0,2,1,31,1,2,0
2,33,35,36,2,33,0,2,2,30,1,2,1
2,33,35,36,2,33,0,2,3,29,1,2,1
2,33,35,36,2,33,0,2,4,4,0,2,2
2,33,35,36,2,33,0,2,5,5,0,2,2
2,33,35,36,2,33,0,2,6,6,0,2,2
2,33,35,36,2,33,0,2,7,7,0,2,2
2,33,35,36,2,33,0,2,8,8,0,2,2
2,33,35,36,2,33,0,2,9,9,0,2,2
2,33,35,36,2,33,0,2,10,10,0,2,2
2,33,35,36,2,33,0,2,11,11,0,2,2
2,33,35,36,2,33,0,2,12,12,0,2,2
2,33,35,36,2,33,0,2,13,13,0,2,2
2,33,35,36,2,33,0,2,14,14,0,2,2
2,33,35,36,2,33,0,2,15,15,0,2,2
2,33,35,36,2,33,0,2,16,16,0,2,3
2,33,35,36,2,33,0,2,17,15,1,2,2
2,33,35,36,2,33,0,2,18,14,1,2,1
2,33,35,36,2,33,0,2,19,13,1,2,1
2,33,35,36,2,33,0,2,20,12,1,2,1
2,33,35,36,2,33,0,2,21,11,1,2,1
2,33,35,36,2,33,0,2,22,10,1,2,1
2,33,35,36,2,33,0,2,23,9,1,2,1
2,33,35,36,2,33,0,2,24,8,1,2,1
2,33,35,36,2,33,0,2,25,7,1,2,1
2,33,35,36,2,33,0,2,26,6,1,2,1
2,33,35,36,2,33,0,2,27,5,1,2,1
2,33,35,36,2,33,0,2,28,4,1,2,1
2,33,35,36,2,33,0,2,29,3,1,2,1
2,33,35,36,2,33,0,2,30,30,0,2,2
2,33,35,36,2,33,0,2,31,31,0,2,2
2,34,36,37,2,34,0,2,1,32,1,2,1
2,34,36,37,2,34,0,2,2,31,1,2,2
2,34,36,37,2,34,0,2,3,3,0,2,1
2,34,36,37,2,34,0,2,4,4,0,2,1
2,34,36,37,2,34,0,2,5,5,0,2,1
2,34,36,37,2,34,0,2,6,6,0,2,1
2,34,36,37,2,34,0,2,7,7,0,2,1
2,34,36,37,2,34,0,2,8,8,0,2,1
2,34,36,37,2,34,0,2,9,9,0,2,1
2,34,36,37,2,34,0,2,10,10,0,2,1
2,34,36,37,2,34,0,2,11,11,0,2,1
2,34,36,37,2,34,0,2,12,12,0,2,1
2,34,36,37,2,34,0,2,13,13,0,2,1
2,34,36,37,2,34,0,2,14,14,0,2,1
2,34,36,37,2,34,0,2,15,15,0,2,1
2,34,36,37,2,34,0,2,16,16,0,2,2
2,34,36,37,2,34,0,2,17,16,1,2,2
2,34,36,37,2,34,0,2,18,15,1,2,1
2,34,36,37,2,34,0,2,19,14,1,2,2
2,34,36,37,2,34,0,2,20,13,1,2,2
2,34,36,37,2,34,0,2,21,12,1,2,1
2,34,36,37,2,34,0,2,22,11,1,2,2
2,34,36,37,2,34,0,2,23,10,1,2,2
2,34,36,37,2,34,0,2,24,9,1,2,1
2,34,36,37,2,34,0,2,25,8,1,2,2
2,34,36,37,2,34,0,2,26,7,1,2,2
2,34,36,37,2,34,0,2,27,6,1,2,2
2,34,36,37,2,34,0,2,28,5,1,2,2
2,34,36,37,2,34,0,2,29,4,1,2,2
2,34,36,37,2,34,0,2,30,3,1,2,1
2,34,36,37,2,34,0,2,31,31,0,2,1
2,34,36,37,2,34,0,2,32,32,0,2,1
2,35,37,38,2,35,0,2,1,33,1,2,0
2,35,37,38,2,35,0,2,2,32,1,2,1
2,35,37,38,2,35,0,2,3,31,1,2,1
2,35,37,38,2,35,0,2,4,4,0,2,2
2,35,37,38,2,35,0,2,5,5,0,2,2
2,35,37,38,2,35,0,2,6,6,0,2,2
2,35,37,38,2,35,0,2,7,7,0,2,2
2,35,37,38,2,35,0,2,8,8,0,2,2
2,35,37,38,2,35,0,2,9,9,0,2,2
2,35,37,38,2,35,0,2,10,10,0,2,2
2,35,37,38,2,35,0,2,11,11,0,2,2
2,35,37,38,2,35,0,2,12,12,0,2,2
2,35,37,38,2,35,0,2,13,13,0,2,2
2,35,37,38,2,35,0,2,14,14,0,2,2
2,35,37,38,2,35,0,2,15,15,0,2,2
2,35,37,38,2,35,0,2,16,16,0,2,2
2,35,37,38,2,35,0,2,17,17,0,2,3
2,35,37,38,2,35,0,2,18,16,1,2,2
2,35,37,38,2,35,0,2,19,15,1,2,1
2,35,37,38,2,35,0,2,20,14,1,2,2
2,35,37,38,2,35,0,2,21,13,1,2,1
2,35,37,38,2,35,0,2,22,12,1,2,1
2,35,37,38,2,35,0,2,23,11,1,2,2
2,35,37,38,2,35,0,2,24,10,1,2,1
2,35,37,38,2,35,0,2,25,9,1,2,1
2,35,37,38,2,35,0,2,26,8,1,2,2
2,35,37,38,2,35,0,2,27,7,1,2,1
2,35,37,38,2,35,0,2,28,6,1,2,1
2,35,37,38,2,35,0,2,29,5,1,2,2
2,35,37,38,2,35,0,2,30,4,1,2,1
2,35,37,38,2,35,0,2,31,3,1,2,1
2,35,37,38,2,35,0,2,32,32,0,2,2
2,35,37,38,2,35,0,2,33,33,0,2,2
2,36,38,39,2,36,0,2,1,34,1,2,1
2,36,38,39,2,36,0,2,2,33,1,2,2
2,36,38,39,2,36,0,2,3,3,0,2,1
2,36,38,39,2,36,0,2,4,4,0,2,1
2,36,38,39,2,36,0,2,5,5,0,2,1
2,36,38,39,2,36,0,2,6,6,0,2,1
2,36,38,39,2,36,0,2,7,7,0,2,1
2,36,38,39,2,36,0,2,8,8,0,2,1
2,36,38,39,2,36,0,2,9,9,0,2,1
2,36,38,39,2,36,0,2,10,10,0,2,1
2,36,38,39,2,36,0,2,11,11,0,2,1
2,36,38,39,2,36,0,2,12,12,0,2,1
2,36,38,39,2,36,0,2,13,13,0,2,1
2,36,38,39,2,36,0,2,14,14,0,2,1
2,36,38,39,2,36,0,2,15,15,0,2,1
2,36,38,39,2,36,0,2,16,16,0,2,1
2,36,38,39,2,36,0,2,17,17,0,2,2
2,36,38,39,2,36,0,2,18,17,1,2,2
2,36,38,39,2,36,0,2,19,16,1,2,1
2,36,38,39,2,36,0,2,20,15,1,2,2
2,36,38,39,2,36,0,2,21,14,1,2,2
2,36,38,39,2,36,0,2,22,13,1,2,2
2,36,38,39,2,36,0,2,23,12,1,2,2
2,36,38,39,2,36,0,2,24,11,1,2,2
2,36,38,39,2,36,0,2,25,10,1,2,2
2,36,38,39,2,36,0,2,26,9,1,2,1
2,36,38,39,2,36,0,2,27,8,1,2,2
2,36,38,39,2,36,0,2,28,7,1,2,2
2,36,38,39,2,36,0,2,29,6,1,2,1
2,36,38,39,2,36,0,2,30,5,1,2,2
2,36,38,39,2,36,0,2,31,4,1,2,2
2,36,38,39,2,36,0,2,32,3,1,2,1
2,36,38,39,2,36,0,2,33,33,0,2,1
2,36,38,39,2,36,0,2,34,34,0,2,1
2,37,39,40,2,37,0,2,1,35,1,2,0
2,37,39,40,2,37,0,2,2,34,1,2,1
2,37,39,40,2,37,0,2,3,33,1,2,1
2,37,39,40,2,37,0,2,4,4,0,2,2
2,37,39,40,2,37,0,2,5,5,0,2,2
2,37,39,40,2,37,0,2,6,6,0,2,2
2,37,39,40,2,37,0,2,7,7,0,2,2
2,37,39,40,2,37,0,2,8,8,0,2,2
2,37,39,40,2,37,0,2,9,9,0,2,2
2,37,39,40,2,37,0,2,10,10,0,2,2
2,37,39,40,2,37,0,2,11,11,0,2,2
2,37,39,40,2,37,0,2,12,12,0,2,2
2,37,39,40,2,37,0,2,13,13,0,2,2
2,37,39,40,2,37,0,2,14,14,0,2,2
2,37,39,40,2,37,0,2,15,15,0,2,2
2,37,39,40,2,37,0,2,16,16,0,2,2
2,37,39,40,2,37,0,2,17,17,0,2,2
2,37,39,40,2,37,0,2,18,18,0,2,3
2,37,39,40,2,37,0,2,19,17,1,2,2
2,37,39,40,2,37,0,2,20,16,1,2,1
2,37,39,40,2,37,0,2,21,15,1,2,2
2,37,39,40,2,37,0,2,22,14,1,2,1
2,37,39,40,2,37,0,2,23,13,1,2,2
2,37,39,40,2,37,0,2,24,12,1,2,2
2,37,39,40,2,37,0,2,25,11,1,2,1
2,37,39,40,2,37,0,2,26,10,1,2,2
2,37,39,40,2,37,0,2,27,9,1,2,1
2,37,39,40,2,37,0,2,28,8,1,2,1
2,37,39,40,2,37,0,2,29,7,1,2,2
2,37,39,40,2,37,0,2,30,6,1,2,1
2,37,39,40,2,37,0,2,31,5,1,2,1
2,37,39,40,2,37,0,2,32,4,1,2,2
2,37,39,40,2,37,0,2,33,3,1,2,1
2,37,39,40,2,37,0,2,34,34,0,2,2
2,37,39,40,2,37,0,2,35,35,0,2,2
2,38,40,41,2,38,0,2,1,36,1,2,1
2,38,40,41,2,38,0,2,2,35,1,2,2
2,38,40,41,2,38,0,2,3,3,0,2,1
2,38,40,41,2,38,0,2,4,4,0,2,1
2,38,40,41,2,38,0,2,5,5,0,2,1
2,38,40,41,2,38,0,2,6,6,0,2,1
2,38,40,41,2,38,0,2,7,7,0,2,1
2,38,40,41,2,38,0,2,8,8,0,2,1
2,38,40,41,2,38,0,2,9,9,0,2,1
2,38,40,41,2,38,0,2,10,10,0,2,1
2,38,40,41,2,38,0,2,11,11,0,2,1
2,38,40,41,2,38,0,2,12,12,0,2,1
2,38,40,41,2,38,0,2,13,13,0,2,1
2,38,40,41,2,38,0,2,14,14,0,2,1
2,38,40,41,2,38,0,2,15,15,0,2,1
2,38,40,41,2,38,0,2,16,16,0,2,1
2,38,40,41,2,38,0,2,17,17,0,2,1
2,38,40,41,2,38,0,2,18,18,0,2,2
2,38,40,41,2,38,0,2,19,18,1,2,2
2,38,40,41,2,38,0,2,20,17,1,2,1
2,38,40,41,2,38,0,2,21,16,1,2,2
2,38,40,41,2,38,0,2,22,15,1,2,1
2,38,40,41,2,38,0,2,23,14,1,2,2
2,38,40,41,2,38,0,2,24,13,1,2,2
2,38,40,41,2,38,0,2,25,12,1,2,2
2,38,40,41,2,38,0,2,26,11,1,2,2
2,38,40,41,2,38,0,2,27,10,1,2,2
2,38,40,41,2,38,0,2,28,9,1,2,2
2,38,40,41,2,38,0,2,29,8,1,2,2
2,38,40,41,2,38,0,2,30,7,1,2,2
2,38,40,41,2,38,0,2,31,6,1,2,2
2,38,40,41,2,38,0,2,32,5,1,2,2
2,38,40,41,2,38,0,2,33,4,1,2,2
2,38,40,41,2,38,0,2,34,3,1,2,1
2,38,40,41,2,38,0,2,35,35,0,2,1
2,38,40,41,2,38,0,2,36,36,0,2,1
2,39,41,42,2,39,0,2,1,37,1,2,0
2,39,41,42,2,39,0,2,2,36,1,2,1
2,39,41,42,2,39,0,2,3,35,1,2,1
2,39,41,42,2,39,0,2,4,4,0,2,2
2,39,41,42,2,39,0,2,5,5,0,2,2
2,39,41,42,2,39,0,2,6,6,0,2,2
2,39,41,42,2,39,0,2,7,7,0,2,2
2,39,41,42,2,39,0,2,8,8,0,2,2
2,39,41,42,2,39,0,2,9,9,0,2,2
2,39,41,42,2,39,0,2,10,10,0,2,2
2,39,41,42,2,39,0,2,11,11,0,2,2
2,39,41,42,2,39,0,2,12,12,0,2,2
2,39,41,42,2,39,0,2,13,13,0,2,2
2,39,41,42,2,39,0,2,14,14,0,2,2
2,39,41,42,2,39,0,2,15,15,0,2,2
2,39,41,42,2,39,0,2,16,16,0,2,2
2,39,41,42,2,39,0,2,17,17,0,2,2
2,39,41,42,2,39,0,2,18,18,0,2,2
2,39,41,42,2,39,0,2,19,19,0,2,3
2,39,41,42,2,39,0,2,20,18,1,2,2
2,39,41,42,2,39,0,2,21,17,1,2,1
2,39,41,42,2,39,0,2,22,16,1,2,1
2,39,41,42,2,39,0,2,23,15,1,2,1
2,39,41,42,2,39,0,2,24,14,1,2,1
2,39,41,42,2,39,0,2,25,13,1,2,1
2,39,41,42,2,39,0,2,26,12,1,2,1
2,39,41,42,2,39,0,2,27,11,1,2,1
2,39,41,42,2,39,0,2,28,10,1,2,1
2,39,41,42,2,39,0,2,29,9,1,2,1
2,39,41,42,2,39,0,2,30,8,1,2,1
2,39,41,42,2,39,0,2,31,7,1,2,1
2,39,41,42,2,39,0,2,32,6,1,2,1
2,39,41,42,2,39,0,2,33,5,1,2,1
2,39,41,42,2,39,0,2,34,4,1,2,1
2,39,41,42,2,39,0,2,35,3,1,2,1
2,39,41,42,2,39,0,2,36,36,0,2,2
2,39,41,42,2,39,0,2,37,37,0,2,2
2,40,42,43,2,40,0,2,1,38,1,2,1
2,40,42,43,2,40,0,2,2,37,1,2,2
2,40,42,43,2,40,0,2,3,3,0,2,1
2,40,42,43,2,40,0,2,4,4,0,2,1
2,40,42,43,2,40,0,2,5,5,0,2,1
2,40,42,43,2,40,0,2,6,6,0,2,1
2,40,42,43,2,40,0,2,7,7,0,2,1
2,40,42,43,2,40,0,2,8,8,0,2,1
2,40,42,43,2,40,0,2,9,9,0,2,1
2,40,42,43,2,40,0,2,10,10,0,2,1
2,40,42,43,2,40,0,2,11,11,0,2,1
2,40,42,43,2,40,0,2,12,12,0,2,1
2,40,42,43,2,40,0,2,13,13,0,2,1
2,40,42,43,2,40,0,2,14,14,0,2,1
2,40,42,43,2,40,0,2,15,15,0,2,1
2,40,42,43,2,40,0,2,16,16,0,2,1
2,40,42,43,2,40,0,2,17,17,0,2,1
2,40,42,43,2,40,0,2,18,18,0,2,1
2,40,42,43,2,40,0,2,19,19,0,2,2
2,40,42,43,2,40,0,2,20,19,1,2,2
2,40,42,43,2,40,0,2,21,18,1,2,1
2,40,42,43,2,40,0,2,22,17,1,2,2
2,40,42,43,2,40,0,2,23,16,1,2,2
2,40,42,43,2,40,0,2,24,15,1,2,1
2,40,42,43,2,40,0,2,25,14,1,2,2
2,40,42,43,2,40,0,2,26,13,1,2,2
2,40,42,43,2,40,0,2,27,12,1,2,2
2,40,42,43,2,40,0,2,28,11,1,2,2
2,40,42,43,2,40,0,2,29,10,1,2,2
2,40,42,43,2,40,0,2,30,9,1,2,2
2,40,42,43,2,40,0,2,31,8,1,2,2
2,40,42,43,2,40,0,2,32,7,1,2,2
2,40,42,43,2,40,0,2,33,6,1,2,2
2,40,42,43,2,40,0,2,34,5,1,2,2
2,40,42,43,2,40,0,2,35,4,1,2,2
2,40,42,43,2,40,0,2,36,3,1,2,1
2,40,42,43,2,40,0,2,37,37,0,2,1
2,40,42,43,2,40,0,2,38,38,0,2,1
2,41,43,44,2,41,0,2,1,39,1,2,0
2,41,43,44,2,41,0,2,2,38,1,2,1
2,41,43,44,2,41,0,2,3,37,1,2,1
2,41,43,44,2,41,0,2,4,4,0,2,2
2,41,43,44,2,41,0,2,5,5,0,2,2
2,41,43,44,2,41,0,2,6,6,0,2,2
2,41,43,44,2,41,0,2,7,7,0,2,2
2,41,43,44,2,41,0,2,8,8,0,2,2
2,41,43,44,2,41,0,2,9,9,0,2,2
2,41,43,44,2,41,0,2,10,10,0,2,2
2,41,43,44,2,41,0,2,11,11,0,2,2
2,41,43,44,2,41,0,2,12,12,0,2,2
2,41,43,44,2,41,0,2,13,13,0,2,2
2,41,43,44,2,41,0,2,14,14,0,2,2
2,41,43,44,2,41,0,2,15,15,0,2,2
2,41,43,44,2,41,0,2,16,16,0,2,2
2,41,43,44,2,41,0,2,17,17,0,2,2
2,41,43,44,2,41,0,2,18,18,0,2,2
2,41,43,44,2,41,0,2,19,19,0,2,2
2,41,43,44,2,41,0,2,20,20,0,2,3
2,41,43,44,2,41,0,2,21,19,1,2,2
2,41,43,44,2,41,0,2,22,18,1,2,1
2,41,43,44,2,41,0,2,23,17,1,2,2
2,41,43,44,2,41,0,2,24,16,1,2,1
2,41,43,44,2,41,0,2,25,15,1,2,1
2,41,43,44,2,41,0,2,26,14,1,2,2
2,41,43,44,2,41,0,2,27,13,1,2,1
2,41,43,44,2,41,0,2,28,12,1,2,1
2,41,43,44,2,41,0,2,29,11,1,2,2
2,41,43,44,2,41,0,2,30,10,1,2,1
2,41,43,44,2,41,0,2,31,9,1,2,1
2,41,43,44,2,41,0,2,32,8,1,2,2
2,41,43,44,2,41,0,2,33,7,1,2,1
2,41,43,44,2,41,0,2,34,6,1,2,1
2,41,43,44,2,41,0,2,35,5,1,2,2
2,41,43,44,2,41,0,2,36,4,1,2,1
2,41,43,44,2,41,0,2,37,3,1,2,1
2,41,43,44,2,41,0,2,38,38,0,2,2
2,41,43,44,2,41,0,2,39,39,0,2,2
2,42,44,45,2,42,0,2,1,40,1,2,1
2,42,44,45,2,42,0,2,2,39,1,2,2
2,42,44,45,2,42,0,2,3,3,0,2,1
2,42,44,45,2,42,0,2,4,4,0,2,1
2,42,44,45,2,42,0,2,5,5,0,2,1
2,42,44,45,2,42,0,2,6,6,0,2,1
2,42,44,45,2,42,0,2,7,7,0,2,1
2,42,44,45,2,42,0,2,8,8,0,2,1
2,42,44,45,2,42,0,2,9,9,0,2,1
2,42,44,45,2,42,0,2,10,10,0,2,1
2,42,44,45,2,42,0,2,11,11,0,2,1
2,42,44,45,2,42,0,2,12,12,0,2,1
2,42,44,45,2,42,0,2,13,13,0,2,1
2,42,44,45,2,42,0,2,14,14,0,2,1
2,42,44,45,2,42,0,2,15,15,0,2,1
2,42,44,45,2,42,0,2,16,16,0,2,1
2,42,44,45,2,42,0,2,17,17,0,2,1
2,42,44,45,2,42,0,2,18,18,0,2,1
2,42,44,45,2,42,0,2,19,19,0,2,1
2,42,44,45,2,42,0,2,20,20,0,2,2
2,42,44,45,2,42,0,2,21,20,1,2,2
2,42,44,45,2,42,0,2,22,19,1,2,1
2,42,44,45,2,42,0,2,23,18,1,2,2
2,42,44,45,2,42,0,2,24,17,1,2,2
2,42,44,45,2,42,0,2,25,16,1,2,2
2,42,44,45,2,42,0,2,26,15,1,2,2
2,42,44,45,2,42,0,2,27,14,1,2,2
2,42,44,45,2,42,0,2,28,13,1,2,2
2,42,44,45,2,42,0,2,29,12,1,2,1
2,42,44,45,2,42,0,2,30,11,1,2,2
2,42,44,45,2,42,0,2,31,10,1,2,2
2,42,44,45,2,42,0,2,32,9,1,2,1
2,42,44,45,2,42,0,2,33,8,1,2,2
2,42,44,45,2,42,0,2,34,7,1,2,2
2,42,44,45,2,42,0,2,35,6,1,2,1
2,42,44,45,2,42,0,2,36,5,1,2,2
2,42,44,45,2,42,0,2,37,4,1,2,2
2,42,44,45,2,42,0,2,38,3,1,2,1
2,42,44,45,2,42,0,2,39,39,0,2,1
2,42,44,45,2,42,0,2,40,40,0,2,1
3,2,5,6,3,3,0,2,1,2,0,1,1
3,3,6,7,3,3,0,2,1,3,0,1,1
3,4,7,8,3,3,0,2,1,4,0,1,1
3,4,7,8,3,4,0,2,1,3,0,1,1
3,4,7,8,3,4,0,2,2,3,0,1,1
3,7,10,11,3,3,0,2,1,7,0,1,2
3,7,10,11,3,7,0,2,1,5,1,2,1
3,7,10,11,3,7,0,2,2,4,1,2,1
3,7,10,11,3,7,0,2,3,3,0,1,1
3,7,10,11,3,7,0,2,4,4,0,2,2
3,7,10,11,3,7,0,2,5,5,0,2,1
3,8,11,12,3,3,0,2,1,8,0,1,1
3,8,11,12,3,8,0,2,1,3,0,1,1
3,8,11,12,3,8,0,2,2,5,1,2,1
3,8,11,12,3,8,0,2,3,4,1,2,1
3,8,11,12,3,8,0,2,4,3,0,1,1
3,8,11,12,3,8,0,2,5,5,0,2,2
3,8,11,12,3,8,0,2,6,6,0,2,2
3,9,12,13,3,3,0,2,1,9,0,1,2
3,9,12,13,3,9,0,2,1,7,1,2,2
3,9,12,13,3,9,0,2,2,6,1,2,2
3,9,12,13,3,9,0,2,3,5,1,2,2
3,9,12,13,3,9,0,2,4,3,0,1,1
3,9,12,13,3,9,0,2,5,5,0,2,2
3,9,12,13,3,9,0,2,6,6,0,2,2
3,9,12,13,3,9,0,2,7,7,0,2,2
3,10,13,14,3,3,0,2,1,10,0,1,1
3,10,13,14,3,10,0,2,1,3,0,1,1
3,10,13,14,3,10,0,2,2,7,1,2,2
3,10,13,14,3,10,0,2,3,6,1,2,2
3,10,13,14,3,10,0,2,4,5,1,2,2
3,10,13,14,3,10,0,2,5,4,1,2,2
3,10,13,14,3,10,0,2,6,6,0,2,2
3,10,13,14,3,10,0,2,7,7,0,2,3
3,10,13,14,3,10,0,2,8,8,0,2,5
3,12,15,16,3,3,0,2,1,12,0,1,1
3,12,15,16,3,12,0,2,1,3,0,1,1
3,12,15,16,3,12,0,2,2,9,1,2,7
3,12,15,16,3,12,0,2,3,8,1,2,1
3,12,15,16,3,12,0,2,4,4,0,2,2
3,12,15,16,3,12,0,2,5,5,0,2,2
3,12,15,16,3,12,0,2,6,5,1,2,1
3,12,15,16,3,12,0,2,7,4,1,2,2
3,12,15,16,3,12,0,2,8,3,1,2,1
3,12,15,16,3,12,0,2,9,9,0,2,2
3,12,15,16,3,12,0,2,10,10,0,2,2
3,13,16,17,3,3,0,2,1,13,0,1,2
3,13,16,17,3,13,0,2,1,11,1,2,1
3,13,16,17,3,13,0,2,2,10,1,2,2
3,13,16,17,3,13,0,2,3,9,1,2,2
3,13,16,17,3,13,0,2,4,4,0,2,2
3,13,16,17,3,13,0,2,5,5,0,2,2
3,13,16,17,3,13,0,2,6,3,0,1,1
3,13,16,17,3,13,0,2,7,5,1,2,2
3,13,16,17,3,13,0,2,8,4,1,2,2
3,13,16,17,3,13,0,2,9,9,0,2,2
3,13,16,17,3,13,0,2,10,10,0,2,2
3,13,16,17,3,13,0,2,11,11,0,2,2
3,14,17,18,3,3,0,2,1,14,0,1,1
3,14,17,18,3,14,0,2,1,3,0,1,1
3,14,17,18,3,14,0,2,2,11,1,2,2
3,14,17,18,3,14,0,2,3,10,1,2,1
3,14,17,18,3,14,0,2,4,4,0,2,2
3,14,17,18,3,14,0,2,5,5,0,2,2
3,14,17,18,3,14,0,2,6,6,0,2,2
3,14,17,18,3,14,0,2,7,6,1,2,2
3,14,17,18,3,14,0,2,8,5,1,2,2
3,14,17,18,3,14,0,2,9,4,1,2,1
3,14,17,18,3,14,0,2,10,10,0,2,2
3,14,17,18,3,14,0,2,11,11,0,2,2
3,14,17,18,3,14,0,2,12,12,0,2,2
3,15,18,19,3,3,0,2,1,15,0,1,2
3,15,18,19,3,15,0,2,1,13,1,2,1
3,15,18,19,3,15,0,2,2,12,1,2,2
3,15,18,19,3,15,0,2,3,11,1,2,2
3,15,18,19,3,15,0,2,4,4,0,2,2
3,15,18,19,3,15,0,2,5,5,0,2,2
3,15,18,19,3,15,0,2,6,6,0,2,2
3,15,18,19,3,15,0,2,7,7,0,2,2
3,15,18,19,3,15,0,2,8,6,1,2,2
3,15,18,19,3,15,0,2,9,5,1,2,2
3,15,18,19,3,15,0,2,10,4,1,2,2
3,15,18,19,3,15,0,2,11,11,0,2,2
3,15,18,19,3,15,0,2,12,12,0,2,2
3,15,18,19,3,15,0,2,13,13,0,2,2
3,16,19,20,3,3,0,2,1,16,0,1,1
3,16,19,20,3,16,0,2,1,3,0,1,1
3,16,19,20,3,16,0,2,2,13,1,2,2
3,16,19,20,3,16,0,2,3,12,1,2,1
3,16,19,20,3,16,0,2,4,4,0,2,2
3,16,19,20,3,16,0,2,5,5,0,2,2
3,16,19,20,3,16,0,2,6,6,0,2,2
3,16,19,20,3,16,0,2,7,7,0,2,3
3,16,19,20,3,16,0,2,8,7,1,2,2
3,16,19,20,3,16,0,2,9,6,1,2,2
3,16,19,20,3,16,0,2,10,5,1,2,1
3,16,19,20,3,16,0,2,11,4,1,2,2
3,16,19,20,3,16,0,2,12,12,0,2,2
3,16,19,20,3,16,0,2,13,13,0,2,2
3,16,19,20,3,16,0,2,14,14,0,2,2
3,17,20,21,3,3,0,2,1,17,0,1,2
3,17,20,21,3,17,0,2,1,15,1,2,1
3,17,20,21,3,17,0,2,2,14,1,2,2
3,17,20,21,3,17,0,2,3,13,1,2,2
3,17,20,21,3,17,0,2,4,4,0,2,2
3,17,20,21,3,17,0,2,5,5,0,2,2
3,17,20,21,3,17,0,2,6,6,0,2,2
3,17,20,21,3,17,0,2,7,7,0,2,5
3,17,20,21,3,17,0,2,8,8,0,2,2
3,17,20,21,3,17,0,2,9,9,0,2,5
3,17,20,21,3,17,0,2,10,6,1,2,2
3,17,20,21,3,17,0,2,11,5,1,2,2
3,17,20,21,3,17,0,2,12,4,1,2,2
3,17,20,21,3,17,0,2,13,13,0,2,2
3,17,20,21,3,17,0,2,14,14,0,2,2
3,17,20,21,3,17,0,2,15,15,0,2,2
3,18,21,22,3,3,0,2,1,18,0,1,1
3,18,21,22,3,18,0,2,1,3,0,1,1
3,18,21,22,3,18,0,2,2,15,1,2,2
3,18,21,22,3,18,0,2,3,14,1,2,1
3,18,21,22,3,18,0,2,4,4,0,2,2
3,18,21,22,3,18,0,2,5,5,0,2,2
3,18,21,22,3,18,0,2,6,6,0,2,2
3,18,21,22,3,18,0,2,7,7,0,2,2
3,18,21,22,3,18,0,2,8,8,0,2,2
3,18,21,22,3,18,0,2,9,8,1,2,2
3,18,21,22,3,18,0,2,10,7,1,2,2
3,18,21,22,3,18,0,2,11,6,1,2,1
3,18,21,22,3,18,0,2,12,5,1,2,2
3,18,21,22,3,18,0,2,13,4,1,2,2
3,18,21,22,3,18,0,2,14,3,1,2,1
3,18,21,22,3,18,0,2,15,15,0,2,2
3,18,21,22,3,18,0,2,16,16,0,2,2
3,19,22,23,3,3,0,2,1,19,0,1,2
3,19,22,23,3,19,0,2,1,17,1,2,1
3,19,22,23,3,19,0,2,2,16,1,2,2
3,19,22,23,3,19,0,2,3,15,1,2,2
3,19,22,23,3,19,0,2,4,4,0,2,2
3,19,22,23,3,19,0,2,5,5,0,2,2
3,19,22,23,3,19,0,2,6,6,0,2,2
3,19,22,23,3,19,0,2,7,7,0,2,2
3,19,22,23,3,19,0,2,8,8,0,2,2
3,19,22,23,3,19,0,2,9,9,0,2,2
3,19,22,23,3,19,0,2,10,8,1,2,2
3,19,22,23,3,19,0,2,11,7,1,2,2
3,19,22,23,3,19,0,2,12,6,1,2,2
3,19,22,23,3,19,0,2,13,5,1,2,2
3,19,22,23,3,19,0,2,14,4,1,2,2
3,19,22,23,3,19,0,2,15,15,0,2,2
3,19,22,23,3,19,0,2,16,16,0,2,2
3,19,22,23,3,19,0,2,17,17,0,2,2
3,20,23,24,3,3,0,2,1,20,0,1,1
3,20,23,24,3,20,0,2,1,3,0,1,1
3,20,23,24,3,20,0,2,2,17,1,2,2
3,20,23,24,3,20,0,2,3,16,1,2,1
3,20,23,24,3,20,0,2,4,4,0,2,2
3,20,23,24,3,20,0,2,5,5,0,2,2
3,20,23,24,3,20,0,2,6,6,0,2,2
3,20,23,24,3,20,0,2,7,7,0,2,2
3,20,23,24,3,20,0,2,8,8,0,2,2
3,20,23,24,3,20,0,2,9,9,0,2,2
3,20,23,24,3,20,0,2,10,9,1,2,2
3,20,23,24,3,20,0,2,11,8,1,2,2
3,20,23,24,3,20,0,2,12,7,1,2,1
3,20,23,24,3,20,0,2,13,6,1,2,2
3,20,23,24,3,20,0,2,14,5,1,2,2
3,20,23,24,3,20,0,2,15,4,1,2,2
3,20,23,24,3,20,0,2,16,16,0,2,2
3,20,23,24,3,20,0,2,17,17,0,2,2
3,20,23,24,3,20,0,2,18,18,0,2,2
3,21,24,25,3,3,0,2,1,21,0,1,2
3,21,24,25,3,21,0,2,1,19,1,2,1
3,21,24,25,3,21,0,2,2,18,1,2,2
3,21,24,25,3,21,0,2,3,17,1,2,2
3,21,24,25,3,21,0,2,4,4,0,2,2
3,21,24,25,3,21,0,2,5,5,0,2,2
3,21,24,25,3,21,0,2,6,6,0,2,2
3,21,24,25,3,21,0,2,7,7,0,2,2
3,21,24,25,3,21,0,2,8,8,0,2,2
3,21,24,25,3,21,0,2,9,9,0,2,2
3,21,24,25,3,21,0,2,10,10,0,2,2
3,21,24,25,3,21,0,2,11,9,1,2,2
3,21,24,25,3,21,0,2,12,8,1,2,2
3,21,24,25,3,21,0,2,13,7,1,2,2
3,21,24,25,3,21,0,2,14,6,1,2,2
3,21,24,25,3,21,0,2,15,5,1,2,2
3,21,24,25,3,21,0,2,16,4,1,2,2
3,21,24,25,3,21,0,2,17,17,0,2,2
3,21,24,25,3,21,0,2,18,18,0,2,2
3,21,24,25,3,21,0,2,19,19,0,2,2
3,22,25,26,3,3,0,2,1,22,0,1,1
3,22,25,26,3,22,0,2,1,3,0,1,1
3,22,25,26,3,22,0,2,2,19,1,2,2
3,22,25,26,3,22,0,2,3,18,1,2,1
3,22,25,26,3,22,0,2,4,4,0,2,2
3,22,25,26,3,22,0,2,5,5,0,2,2
3,22,25,26,3,22,0,2,6,6,0,2,2
3,22,25,26,3,22,0,2,7,7,0,2,2
3,22,25,26,3,22,0,2,8,8,0,2,2
3,22,25,26,3,22,0,2,9,9,0,2,2
3,22,25,26,3,22,0,2,10,10,0,2,2
3,22,25,26,3,22,0,2,11,10,1,2,2
3,22,25,26,3,22,0,2,12,9,1,2,2
3,22,25,26,3,22,0,2,13,8,1,2,1
3,22,25,26,3,22,0,2,14,7,1,2,2
3,22,25,26,3,22,0,2,15,6,1,2,2
3,22,25,26,3,22,0,2,16,5,1,2,2
3,22,25,26,3,22,0,2,17,4,1,2,2
3,22,25,26,3,22,0,2,18,18,0,2,2
3,22,25,26,3,22,0,2,19,19,0,2,2
3,22,25,26,3,22,0,2,20,20,0,2,2
3,23,26,27,3,3,0,2,1,23,0,1,2
3,23,26,27,3,23,0,2,1,21,1,2,1
3,23,26,27,3,23,0,2,2,20,1,2,2
3,23,26,27,3,23,0,2,3,19,1,2,2
3,23,26,27,3,23,0,2,4,4,0,2,2
3,23,26,27,3,23,0,2,5,5,0,2,2
3,23,26,27,3,23,0,2,6,6,0,2,2
3,23,26,27,3,23,0,2,7,7,0,2,2
3,23,26,27,3,23,0,2,8,8,0,2,2
3,23,26,27,3,23,0,2,9,9,0,2,2
3,23,26,27,3,23,0,2,10,10,0,2,2
3,23,26,27,3,23,0,2,11,11,0,2,2
3,23,26,27,3,23,0,2,12,10,1,2,2
3,23,26,27,3,23,0,2,13,9,1,2,2
3,23,26,27,3,23,0,2,14,8,1,2,2
3,23,26,27,3,23,0,2,15,7,1,2,2
3,23,26,27,3,23,0,2,16,6,1,2,2
3,23,26,27,3,23,0,2,17,5,1,2,2
3,23,26,27,3,23,0,2,18,4,1,2,2
3,23,26,27,3,23,0,2,19,19,0,2,2
3,23,26,27,3,23,0,2,20,20,0,2,2
3,23,26,27,3,23,0,2,21,21,0,2,2
3,24,27,28,3,3,0,2,1,24,0,1,1
3,24,27,28,3,24,0,2,1,3,0,1,1
3,24,27,28,3,24,0,2,2,21,1,2,2
3,24,27,28,3,24,0,2,3,20,1,2,1
3,24,27,28,3,24,0,2,4,4,0,2,2
3,24,27,28,3,24,0,2,5,5,0,2,2
3,24,27,28,3,24,0,2,6,6,0,2,2
3,24,27,28,3,24,0,2,7,7,0,2,2
3,24,27,28,3,24,0,2,8,8,0,2,2
3,24,27,28,3,24,0,2,9,9,0,2,2
3,24,27,28,3,24,0,2,10,10,0,2,2
3,24,27,28,3,24,0,2,11,11,0,2,2
3,24,27,28,3,24,0,2,12,11,1,2,2
3,24,27,28,3,24,0,2,13,10,1,2,2
3,24,27,28,3,24,0,2,14,9,1,2,1
3,24,27,28,3,24,0,2,15,8,1,2,2
3,24,27,28,3,24,0,2,16,7,1,2,2
3,24,27,28,3,24,0,2,17,6,1,2,2
3,24,27,28,3,24,0,2,18,5,1,2,2
3,24,27,28,3,24,0,2,19,4,1,2,2
3,24,27,28,3,24,0,2,20,20,0,2,2
3,24,27,28,3,24,0,2,21,21,0,2,2
3,24,27,28,3,24,0,2,22,22,0,2,2
3,25,28,29,3,3,0,2,1,25,0,1,2
3,25,28,29,3,25,0,2,1,23,1,2,1
3,25,28,29,3,25,0,2,2,22,1,2,2
3,25,28,29,3,25,0,2,3,21,1,2,2
3,25,28,29,3,25,0,2,4,4,0,2,2
3,25,28,29,3,25,0,2,5,5,0,2,2
3,25,28,29,3,25,0,2,6,6,0,2,2
3,25,28,29,3,25,0,2,7,7,0,2,2
3,25,28,29,3,25,0,2,8,8,0,2,2
3,25,28,29,3,25,0,2,9,9,0,2,2
3,25,28,29,3,25,0,2,10,10,0,2,2
3,25,28,29,3,25,0,2,11,11,0,2,2
3,25,28,29,3,25,0,2,12,12,0,2,2
3,25,28,29,3,25,0,2,13,11,1,2,2
3,25,28,29,3,25,0,2,14,10,1,2,2
3,25,28,29,3,25,0,2,15,9,1,2,2
3,25,28,29,3,25,0,2,16,8,1,2,2
3,25,28,29,3,25,0,2,17,7,1,2,2
3,25,28,29,3,25,0,2,18,6,1,2,2
3,25,28,29,3,25,0,2,19,5,1,2,2
3,25,28,29,3,25,0,2,20,4,1,2,2
3,25,28,29,3,25,0,2,21,21,0,2,2
3,25,28,29,3,25,0,2,22,22,0,2,2
3,25,28,29,3,25,0,2,23,23,0,2,2
3,26,29,30,3,3,0,2,1,26,0,1,1
3,26,29,30,3,26,0,2,1,3,0,1,1
3,26,29,30,3,26,0,2,2,23,1,2,2
3,26,29,30,3,26,0,2,3,22,1,2,1
3,26,29,30,3,26,0,2,4,4,0,2,2
3,26,29,30,3,26,0,2,5,5,0,2,2
3,26,29,30,3,26,0,2,6,6,0,2,2
3,26,29,30,3,26,0,2,7,7,0,2,2
3,26,29,30,3,26,0,2,8,8,0,2,2
3,26,29,30,3,26,0,2,9,9,0,2,2
3,26,29,30,3,26,0,2,10,10,0,2,2
3,26,29,30,3,26,0,2,11,11,0,2,2
3,26,29,30,3,26,0,2,12,12,0,2,2
3,26,29,30,3,26,0,2,13,12,1,2,2
3,26,29,30,3,26,0,2,14,11,1,2,2
3,26,29,30,3,26,0,2,15,10,1,2,2
3,26,29,30,3,26,0,2,16,9,1,2,2
3,26,29,30,3,26,0,2,17,8,1,2,2
3,26,29,30,3,26,0,2,18,7,1,2,2
3,26,29,30,3,26,0,2,19,6,1,2,2
3,26,29,30,3,26,0,2,20,5,1,2,2
3,26,29,30,3,26,0,2,21,4,1,2,2
3,26,29,30,3,26,0,2,22,22,0,2,2
3,26,29,30,3,26,0,2,23,23,0,2,2
3,26,29,30,3,26,0,2,24,24,0,2,2
3,27,30,31,3,3,0,2,1,27,0,1,2
3,27,30,31,3,27,0,2,1,25,1,2,1
3,27,30,31,3,27,0,2,2,24,1,2,2
3,27,30,31,3,27,0,2,3,23,1,2,2
3,27,30,31,3,27,0,2,4,4,0,2,2
3,27,30,31,3,27,0,2,5,5,0,2,2
3,27,30,31,3,27,0,2,6,6,0,2,2
3,27,30,31,3,27,0,2,7,7,0,2,2
3,27,30,31,3,27,0,2,8,8,0,2,2
3,27,30,31,3,27,0,2,9,9,0,2,2
3,27,30,31,3,27,0,2,10,10,0,2,2
3,27,30,31,3,27,0,2,11,11,0,2,2
3,27,30,31,3,27,0,2,12,12,0,2,2
3,27,30,31,3,27,0,2,13,13,0,2,2
3,27,30,31,3,27,0,2,14,12,1,2,2
3,27,30,31,3,27,0,2,15,11,1,2,2
3,27,30,31,3,27,0,2,16,10,1,2,2
3,27,30,31,3,27,0,2,17,9,1,2,2
3,27,30,31,3,27,0,2,18,8,1,2,2
3,27,30,31,3,27,0,2,19,7,1,2,2
3,27,30,31,3,27,0,2,20,6,1,2,2
3,27,30,31,3,27,0,2,21,5,1,2,2
3,27,30,31,3,27,0,2,22,4,1,2,2
3,27,30,31,3,27,0,2,23,23,0,2,2
3,27,30,31,3,27,0,2,24,24,0,2,2
3,27,30,31,3,27,0,2,25,25,0,2,2
3,28,31,32,3,3,0,2,1,28,0,1,1
3,28,31,32,3,28,0,2,1,3,0,1,1
3,28,31,32,3,28,0,2,2,25,1,2,2
3,28,31,32,3,28,0,2,3,24,1,2,1
3,28,31,32,3,28,0,2,4,4,0,2,2
3,28,31,32,3,28,0,2,5,5,0,2,2
3,28,31,32,3,28,0,2,6,6,0,2,2
3,28,31,32,3,28,0,2,7,7,0,2,2
3,28,31,32,3,28,0,2,8,8,0,2,2
3,28,31,32,3,28,0,2,9,9,0,2,2
3,28,31,32,3,28,0,2,10,10,0,2,2
3,28,31,32,3,28,0,2,11,11,0,2,2
3,28,31,32,3,28,0,2,12,12,0,2,2
3,28,31,32,3,28,0,2,13,13,0,2,2
3,28,31,32,3,28,0,2,14,13,1,2,2
3,28,31,32,3,28,0,2,15,12,1,2,2
3,28,31,32,3,28,0,2,16,11,1,2,2
3,28,31,32,3,28,0,2,17,10,1,2,2
3,28,31,32,3,28,0,2,18,9,1,2,2
3,28,31,32,3,28,0,2,19,8,1,2,2
3,28,31,32,3,28,0,2,20,7,1,2,2
3,28,31,32,3,28,0,2,21,6,1,2,2
3,28,31,32,3,28,0,2,22,5,1,2,2
3,28,31,32,3,28,0,2,23,4,1,2,2
3,28,31,32,3,28,0,2,24,24,0,2,2
3,28,31,32,3,28,0,2,25,25,0,2,2
3,28,31,32,3,28,0,2,26,26,0,2,2
3,29,32,33,3,3,0,2,1,29,0,1,2
3,29,32,33,3,29,0,2,1,27,1,2,1
3,29,32,33,3,29,0,2,2,26,1,2,2
3,29,32,33,3,29,0,2,3,25,1,2,2
3,29,32,33,3,29,0,2,4,4,0,2,2
3,29,32,33,3,29,0,2,5,5,0,2,2
3,29,32,33,3,29,0,2,6,6,0,2,2
3,29,32,33,3,29,0,2,7,7,0,2,2
3,29,32,33,3,29,0,2,8,8,0,2,2
3,29,32,33,3,29,0,2,9,9,0,2,2
3,29,32,33,3,29,0,2,10,10,0,2,2
3,29,32,33,3,29,0,2,11,11,0,2,2
3,29,32,33,3,29,0,2,12,12,0,2,2
3,29,32,33,3,29,0,2,13,13,0,2,2
3,29,32,33,3,29,0,2,14,14,0,2,2
3,29,32,33,3,29,0,2,15,13,1,2,2
3,29,32,33,3,29,0,2,16,12,1,2,2
3,29,32,33,3,29,0,2,17,11,1,2,2
3,29,32,33,3,29,0,2,18,10,1,2,2
3,29,32,33,3,29,0,2,19,9,1,2,2
3,29,32,33,3,29,0,2,20,8,1,2,2
3,29,32,33,3,29,0,2,21,7,1,2,2
3,29,32,33,3,29,0,2,22,6,1,2,2
3,29,32,33,3,29,0,2,23,5,1,2,2
3,29,32,33,3,29,0,2,24,4,1,2,2
3,29,32,33,3,29,0,2,25,25,0,2,2
3,29,32,33,3,29,0,2,26,26,0,2,2
3,29,32,33,3,29,0,2,27,27,0,2,2
3,30,33,34,3,3,0,2,1,30,0,1,1
3,30,33,34,3,30,0,2,1,3,0,1,1
3,30,33,34,3,30,0,2,2,27,1,2,2
3,30,33,34,3,30,0,2,3,26,1,2,1
3,30,33,34,3,30,0,2,4,4,0,2,2
3,30,33,34,3,30,0,2,5,5,0,2,2
3,30,33,34,3,30,0,2,6,6,0,2,2
3,30,33,34,3,30,0,2,7,7,0,2,2
3,30,33,34,3,30,0,2,8,8,0,2,2
3,30,33,34,3,30,0,2,9,9,0,2,2
3,30,33,34,3,30,0,2,10,10,0,2,2
3,30,33,34,3,30,0,2,11,11,0,2,2
3,30,33,34,3,30,0,2,12,12,0,2,2
3,30,33,34,3,30,0,2,13,13,0,2,2
3,30,33,34,3,30,0,2,14,14,0,2,2
3,30,33,34,3,30,0,2,15,14,1,2,2
3,30,33,34,3,30,0,2,16,13,1,2,2
3,30,33,34,3,30,0,2,17,12,1,2,2
3,30,33,34,3,30,0,2,18,11,1,2,2
3,30,33,34,3,30,0,2,19,10,1,2,2
3,30,33,34,3,30,0,2,20,9,1,2,2
3,30,33,34,3,30,0,2,21,8,1,2,2
3,30,33,34,3,30,0,2,22,7,1,2,2
3,30,33,34,3,30,0,2,23,6,1,2,2
3,30,33,34,3,30,0,2,24,5,1,2,2
3,30,33,34,3,30,0,2,25,4,1,2,2
3,30,33,34,3,30,0,2,26,26,0,2,2
3,30,33,34,3,30,0,2,27,27,0,2,2
3,30,33,34,3,30,0,2,28,28,0,2,2
3,31,34,35,3,3,0,2,1,31,0,1,2
3,31,34,35,3,31,0,2,1,29,1,2,1
3,31,34,35,3,31,0,2,2,28,1,2,2
3,31,34,35,3,31,0,2,3,27,1,2,2
3,31,34,35,3,31,0,2,4,4,0,2,2
3,31,34,35,3,31,0,2,5,5,0,2,2
3,31,34,35,3,31,0,2,6,6,0,2,2
3,31,34,35,3,31,0,2,7,7,0,2,2
3,31,34,35,3,31,0,2,8,8,0,2,2
3,31,34,35,3,31,0,2,9,9,0,2,2
3,31,34,35,3,31,0,2,10,10,0,2,2
3,31,34,35,3,31,0,2,11,11,0,2,2
3,31,34,35,3,31,0,2,12,12,0,2,2
3,31,34,35,3,31,0,2,13,13,0,2,2
3,31,34,35,3,31,0,2,14,14,0,2,2
3,31,34,35,3,31,0,2,15,15,0,2,2
3,31,34,35,3,31,0,2,16,14,1,2,2
3,31,34,35,3,31,0,2,17,13,1,2,2
3,31,34,35,3,31,0,2,18,12,1,2,2
3,31,34,35,3,31,0,2,19,11,1,2,2
3,31,34,35,3,31,0,2,20,10,1,2,2
3,31,34,35,3,31,0,2,21,9,1,2,2
3,31,34,35,3,31,0,2,22,8,1,2,2
3,31,34,35,3,31,0,2,23,7,1,2,2
3,31,34,35,3,31,0,2,24,6,1,2,2
3,31,34,35,3,31,0,2,25,5,1,2,2
3,31,34,35,3,31,0,2,26,4,1,2,2
3,31,34,35,3,31,0,2,27,27,0,2,2
3,31,34,35,3,31,0,2,28,28,0,2,2
3,31,34,35,3,31,0,2,29,29,0,2,2
3,32,35,36,3,3,0,2,1,32,0,1,1
3,32,35,36,3,32,0,2,1,3,0,1,1
3,32,35,36,3,32,0,2,2,29,1,2,2
3,32,35,36,3,32,0,2,3,28,1,2,1
3,32,35,36,3,32,0,2,4,4,0,2,2
3,32,35,36,3,32,0,2,5,5,0,2,2
3,32,35,36,3,32,0,2,6,6,0,2,2
3,32,35,36,3,32,0,2,7,7,0,2,2
3,32,35,36,3,32,0,2,8,8,0,2,2
3,32,35,36,3,32,0,2,9,9,0,2,2
3,32,35,36,3,32,0,2,10,10,0,2,2
3,32,35,36,3,32,0,2,11,11,0,2,2
3,32,35,36,3,32,0,2,12,12,0,2,2
3,32,35,36,3,32,0,2,13,13,0,2,2
3,32,35,36,3,32,0,2,14,14,0,2,2
3,32,35,36,3,32,0,2,15,15,0,2,2
3,32,35,36,3,32,0,2,16,15,1,2,2
3,32,35,36,3,32,0,2,17,14,1,2,2
3,32,35,36,3,32,0,2,18,13,1,2,2
3,32,35,36,3,32,0,2,19,12,1,2,2
3,32,35,36,3,32,0,2,20,11,1,2,2
3,32,35,36,3,32,0,2,21,10,1,2,2
3,32,35,36,3,32,0,2,22,9,1,2,2
3,32,35,36,3,32,0,2,23,8,1,2,2
3,32,35,36,3,32,0,2,24,7,1,2,2
3,32,35,36,3,32,0,2,25,6,1,2,2
3,32,35,36,3,32,0,2,26,5,1,2,2
3,32,35,36,3,32,0,2,27,4,1,2,2
3,32,35,36,3,32,0,2,28,28,0,2,2
3,32,35,36,3,32,0,2,29,29,0,2,2
3,32,35,36,3,32,0,2,30,30,0,2,2
3,33,36,37,3,3,0,2,1,33,0,1,2
3,33,36,37,3,33,0,2,1,31,1,2,1
3,33,36,37,3,33,0,2,2,30,1,2,2
3,33,36,37,3,33,0,2,3,29,1,2,2
3,33,36,37,3,33,0,2,4,4,0,2,2
3,33,36,37,3,33,0,2,5,5,0,2,2
3,33,36,37,3,33,0,2,6,6,0,2,2
3,33,36,37,3,33,0,2,7,7,0,2,2
3,33,36,37,3,33,0,2,8,8,0,2,2
3,33,36,37,3,33,0,2,9,9,0,2,2
3,33,36,37,3,33,0,2,10,10,0,2,2
3,33,36,37,3,33,0,2,11,11,0,2,2
3,33,36,37,3,33,0,2,12,12,0,2,2
3,33,36,37,3,33,0,2,13,13,0,2,2
3,33,36,37,3,33,0,2,14,14,0,2,2
3,33,36,37,3,33,0,2,15,15,0,2,2
3,33,36,37,3,33,0,2,16,16,0,2,2
3,33,36,37,3,33,0,2,17,15,1,2,2
3,33,36,37,3,33,0,2,18,14,1,2,2
3,33,36,37,3,33,0,2,19,13,1,2,2
3,33,36,37,3,33,0,2,20,12,1,2,2
3,33,36,37,3,33,0,2,21,11,1,2,2
3,33,36,37,3,33,0,2,22,10,1,2,2
3,33,36,37,3,33,0,2,23,9,1,2,2
3,33,36,37,3,33,0,2,24,8,1,2,2
3,33,36,37,3,33,0,2,25,7,1,2,2
3,33,36,37,3,33,0,2,26,6,1,2,2
3,33,36,37,3,33,0,2,27,5,1,2,2
3,33,36,37,3,33,0,2,28,4,1,2,2
3,33,36,37,3,33,0,2,29,29,0,2,2
3,33,36,37,3,33,0,2,30,30,0,2,2
3,33,36,37,3,33,0,2,31,31,0,2,2
3,34,37,38,3,3,0,2,1,34,0,1,1
3,34,37,38,3,34,0,2,1,3,0,1,1
3,34,37,38,3,34,0,2,2,31,1,2,2
3,34,37,38,3,34,0,2,3,30,1,2,1
3,34,37,38,3,34,0,2,4,4,0,2,2
3,34,37,38,3,34,0,2,5,5,0,2,2
3,34,37,38,3,34,0,2,6,6,0,2,2
3,34,37,38,3,34,0,2,7,7,0,2,2
3,34,37,38,3,34,0,2,8,8,0,2,2
3,34,37,38,3,34,0,2,9,9,0,2,2
3,34,37,38,3,34,0,2,10,10,0,2,2
3,34,37,38,3,34,0,2,11,11,0,2,2
3,34,37,38,3,34,0,2,12,12,0,2,2
3,34,37,38,3,34,0,2,13,13,0,2,2
3,34,37,38,3,34,0,2,14,14,0,2,2
3,34,37,38,3,34,0,2,15,15,0,2,2
3,34,37,38,3,34,0,2,16,16,0,2,2
3,34,37,38,3,34,0,2,17,16,1,2,2
3,34,37,38,3,34,0,2,18,15,1,2,2
3,34,37,38,3,34,0,2,19,14,1,2,2
3,34,37,38,3,34,0,2,20,13,1,2,2
3,34,37,38,3,34,0,2,21,12,1,2,2
3,34,37,38,3,34,0,2,22,11,1,2,2
3,34,37,38,3,34,0,2,23,10,1,2,2
3,34,37,38,3,34,0,2,24,9,1,2,2
3,34,37,38,3,34,0,2,25,8,1,2,2
3,34,37,38,3,34,0,2,26,7,1,2,2
3,34,37,38,3,34,0,2,27,6,1,2,2
3,34,37,38,3,34,0,2,28,5,1,2,2
3,34,37,38,3,34,0,2,29,4,1,2,2
3,34,37,38,3,34,0,2,30,30,0,2,2
3,34,37,38,3,34,0,2,31,31,0,2,2
3,34,37,38,3,34,0,2,32,32,0,2,2
3,35,38,39,3,3,0,2,1,35,0,1,2
3,35,38,39,3,35,0,2,1,33,1,2,1
3,35,38,39,3,35,0,2,2,32,1,2,2
3,35,38,39,3,35,0,2,3,31,1,2,2
3,35,38,39,3,35,0,2,4,4,0,2,2
3,35,38,39,3,35,0,2,5,5,0,2,2
3,35,38,39,3,35,0,2,6,6,0,2,2
3,35,38,39,3,35,0,2,7,7,0,2,2
3,35,38,39,3,35,0,2,8,8,0,2,2
3,35,38,39,3,35,0,2,9,9,0,2,2
3,35,38,39,3,35,0,2,10,10,0,2,2
3,35,38,39,3,35,0,2,11,11,0,2,2
3,35,38,39,3,35,0,2,12,12,0,2,2
3,35,38,39,3,35,0,2,13,13,0,2,2
3,35,38,39,3,35,0,2,14,14,0,2,2
3,35,38,39,3,35,0,2,15,15,0,2,2
3,35,38,39,3,35,0,2,16,16,0,2,2
3,35,38,39,3,35,0,2,17,17,0,2,2
3,35,38,39,3,35,0,2,18,16,1,2,2
3,35,38,39,3,35,0,2,19,15,1,2,2
3,35,38,39,3,35,0,2,20,14,1,2,2
3,35,38,39,3,35,0,2,21,13,1,2,2
3,35,38,39,3,35,0,2,22,12,1,2,2
3,35,38,39,3,35,0,2,23,11,1,2,2
3,35,38,39,3,35,0,2,24,10,1,2,2
3,35,38,39,3,35,0,2,25,9,1,2,2
3,35,38,39,3,35,0,2,26,8,1,2,2
3,35,38,39,3,35,0,2,27,7,1,2,2
3,35,38,39,3,35,0,2,28,6,1,2,2
3,35,38,39,3,35,0,2,29,5,1,2,2
3,35,38,39,3,35,0,2,30,4,1,2,2
3,35,38,39,3,35,0,2,31,31,0,2,2
3,35,38,39,3,35,0,2,32,32,0,2,2
3,35,38,39,3,35,0,2,33,33,0,2,2
3,36,39,40,3,3,0,2,1,36,0,1,1
3,36,39,40,3,36,0,2,1,3,0,1,1
3,36,39,40,3,36,0,2,2,33,1,2,2
3,36,39,40,3,36,0,2,3,32,1,2,1
3,36,39,40,3,36,0,2,4,4,0,2,2
3,36,39,40,3,36,0,2,5,5,0,2,2
3,36,39,40,3,36,0,2,6,6,0,2,2
3,36,39,40,3,36,0,2,7,7,0,2,2
3,36,39,40,3,36,0,2,8,8,0,2,2
3,36,39,40,3,36,0,2,9,9,0,2,2
3,36,39,40,3,36,0,2,10,10,0,2,2
3,36,39,40,3,36,0,2,11,11,0,2,2
3,36,39,40,3,36,0,2,12,12,0,2,2
3,36,39,40,3,36,0,2,13,13,0,2,2
3,36,39,40,3,36,0,2,14,14,0,2,2
3,36,39,40,3,36,0,2,15,15,0,2,2
3,36,39,40,3,36,0,2,16,16,0,2,2
3,36,39,40,3,36,0,2,17,17,0,2,2
3,36,39,40,3,36,0,2,18,17,1,2,2
3,36,39,40,3,36,0,2,19,16,1,2,2
3,36,39,40,3,36,0,2,20,15,1,2,2
3,36,39,40,3,36,0,2,21,14,1,2,2
3,36,39,40,3,36,0,2,22,13,1,2,2
3,36,39,40,3,36,0,2,23,12,1,2,2
3,36,39,40,3,36,0,2,24,11,1,2,2
3,36,39,40,3,36,0,2,25,10,1,2,2
3,36,39,40,3,36,0,2,26,9,1,2,2
3,36,39,40,3,36,0,2,27,8,1,2,2
3,36,39,40,3,36,0,2,28,7,1,2,2
3,36,39,40,3,36,0,2,29,6,1,2,2
3,36,39,40,3,36,0,2,30,5,1,2,2
3,36,39,40,3,36,0,2,31,4,1,2,2
3,36,39,40,3,36,0,2,32,32,0,2,2
3,36,39,40,3,36,0,2,33,33,0,2,2
3,36,39,40,3,36,0,2,34,34,0,2,2
3,37,40,41,3,3,0,2,1,37,0,1,2
3,37,40,41,3,37,0,2,1,35,1,2,1
3,37,40,41,3,37,0,2,2,34,1,2,2
3,37,40,41,3,37,0,2,3,33,1,2,2
3,37,40,41,3,37,0,2,4,4,0,2,2
3,37,40,41,3,37,0,2,5,5,0,2,2
3,37,40,41,3,37,0,2,6,6,0,2,2
3,37,40,41,3,37,0,2,7,7,0,2,2
3,37,40,41,3,37,0,2,8,8,0,2,2
3,37,40,41,3,37,0,2,9,9,0,2,2
3,37,40,41,3,37,0,2,10,10,0,2,2
3,37,40,41,3,37,0,2,11,11,0,2,2
3,37,40,41,3,37,0,2,12,12,0,2,2
3,37,40,41,3,37,0,2,13,13,0,2,2
3,37,40,41,3,37,0,2,14,14,0,2,2
3,37,40,41,3,37,0,2,15,15,0,2,2
3,37,40,41,3,37,0,2,16,16,0,2,2
3,37,40,41,3,37,0,2,17,17,0,2,2
3,37,40,41,3,37,0,2,18,18,0,2,2
3,37,40,41,3,37,0,2,19,17,1,2,2
3,37,40,41,3,37,0,2,20,16,1,2,2
3,37,40,41,3,37,0,2,21,15,1,2,2
3,37,40,41,3,37,0,2,22,14,1,2,2
3,37,40,41,3,37,0,2,23,13,1,2,2
3,37,40,41,3,37,0,2,24,12,1,2,2
3,37,40,41,3,37,0,2,25,11,1,2,2
3,37,40,41,3,37,0,2,26,10,1,2,2
3,37,40,41,3,37,0,2,27,9,1,2,2
3,37,40,41,3,37,0,2,28,8,1,2,2
3,37,40,41,3,37,0,2,29,7,1,2,2
3,37,40,41,3,37,0,2,30,6,1,2,2
3,37,40,41,3,37,0,2,31,5,1,2,2
3,37,40,41,3,37,0,2,32,4,1,2,2
3,37,40,41,3,37,0,2,33,33,0,2,2
3,37,40,41,3,37,0,2,34,34,0,2,2
3,37,40,41,3,37,0,2,35,35,0,2,2
3,38,41,42,3,3,0,2,1,38,0,1,1
3,38,41,42,3,38,0,2,1,3,0,1,1
3,38,41,42,3,38,0,2,2,35,1,2,2
3,38,41,42,3,38,0,2,3,34,1,2,1
3,38,41,42,3,38,0,2,4,4,0,2,2
3,38,41,42,3,38,0,2,5,5,0,2,2
3,38,41,42,3,38,0,2,6,6,0,2,2
3,38,41,42,3,38,0,2,7,7,0,2,2
3,38,41,42,3,38,0,2,8,8,0,2,2
3,38,41,42,3,38,0,2,9,9,0,2,2
3,38,41,42,3,38,0,2,10,10,0,2,2
3,38,41,42,3,38,0,2,11,11,0,2,2
3,38,41,42,3,38,0,2,12,12,0,2,2
3,38,41,42,3,38,0,2,13,13,0,2,2
3,38,41,42,3,38,0,2,14,14,0,2,2
3,38,41,42,3,38,0,2,15,15,0,2,2
3,38,41,42,3,38,0,2,16,16,0,2,2
3,38,41,42,3,38,0,2,17,17,0,2,2
3,38,41,42,3,38,0,2,18,18,0,2,2
3,38,41,42,3,38,0,2,19,18,1,2,2
3,38,41,42,3,38,0,2,20,17,1,2,2
3,38,41,42,3,38,0,2,21,16,1,2,2
3,38,41,42,3,38,0,2,22,15,1,2,2
3,38,41,42,3,38,0,2,23,14,1,2,2
3,38,41,42,3,38,0,2,24,13,1,2,2
3,38,41,42,3,38,0,2,25,12,1,2,2
3,38,41,42,3,38,0,2,26,11,1,2,2
3,38,41,42,3,38,0,2,27,10,1,2,2
3,38,41,42,3,38,0,2,28,9,1,2,2
3,38,41,42,3,38,0,2,29,8,1,2,2
3,38,41,42,3,38,0,2,30,7,1,2,2
3,38,41,42,3,38,0,2,31,6,1,2,2
3,38,41,42,3,38,0,2,32,5,1,2,2
3,38,41,42,3,38,0,2,33,4,1,2,2
3,38,41,42,3,38,0,2,34,34,0,2,2
3,38,41,42,3,38,0,2,35,35,0,2,2
3,38,41,42,3,38,0,2,36,36,0,2,2
3,39,42,43,3,3,0,2,1,39,0,1,2
3,39,42,43,3,39,0,2,1,37,1,2,1
3,39,42,43,3,39,0,2,2,36,1,2,2
3,39,42,43,3,39,0,2,3,35,1,2,2
3,39,42,43,3,39,0,2,4,4,0,2,2
3,39,42,43,3,39,0,2,5,5,0,2,2
3,39,42,43,3,39,0,2,6,6,0,2,2
3,39,42,43,3,39,0,2,7,7,0,2,2
3,39,42,43,3,39,0,2,8,8,0,2,2
3,39,42,43,3,39,0,2,9,9,0,2,2
3,39,42,43,3,39,0,2,10,10,0,2,2
3,39,42,43,3,39,0,2,11,11,0,2,2
3,39,42,43,3,39,0,2,12,12,0,2,2
3,39,42,43,3,39,0,2,13,13,0,2,2
3,39,42,43,3,39,0,2,14,14,0,2,2
3,39,42,43,3,39,0,2,15,15,0,2,2
3,39,42,43,3,39,0,2,16,16,0,2,2
3,39,42,43,3,39,0,2,17,17,0,2,2
3,39,42,43,3,39,0,2,18,18,0,2,2
3,39,42,43,3,39,0,2,19,19,0,2,2
3,39,42,43,3,39,0,2,20,18,1,2,2
3,39,42,43,3,39,0,2,21,17,1,2,2
3,39,42,43,3,39,0,2,22,16,1,2,2
3,39,42,43,3,39,0,2,23,15,1,2,2
3,39,42,43,3,39,0,2,24,14,1,2,2
3,39,42,43,3,39,0,2,25,13,1,2,2
3,39,42,43,3,39,0,2,26,12,1,2,2
3,39,42,43,3,39,0,2,27,11,1,2,2
3,39,42,43,3,39,0,2,28,10,1,2,2
3,39,42,43,3,39,0,2,29,9,1,2,2
3,39,42,43,3,39,0,2,30,8,1,2,2
3,39,42,43,3,39,0,2,31,7,1,2,2
3,39,42,43,3,39,0,2,32,6,1,2,2
3,39,42,43,3,39,0,2,33,5,1,2,2
3,39,42,43,3,39,0,2,34,4,1,2,2
3,39,42,43,3,39,0,2,35,35,0,2,2
3,39,42,43,3,39,0,2,36,36,0,2,2
3,39,42,43,3,39,0,2,37,37,0,2,2
3,40,43,44,3,3,0,2,1,40,0,1,1
3,40,43,44,3,40,0,2,1,3,0,1,1
3,40,43,44,3,40,0,2,2,37,1,2,2
3,40,43,44,3,40,0,2,3,36,1,2,1
3,40,43,44,3,40,0,2,4,4,0,2,2
3,40,43,44,3,40,0,2,5,5,0,2,2
3,40,43,44,3,40,0,2,6,6,0,2,2
3,40,43,44,3,40,0,2,7,7,0,2,2
3,40,43,44,3,40,0,2,8,8,0,2,2
3,40,43,44,3,40,0,2,9,9,0,2,2
3,40,43,44,3,40,0,2,10,10,0,2,2
3,40,43,44,3,40,0,2,11,11,0,2,2
3,40,43,44,3,40,0,2,12,12,0,2,2
3,40,43,44,3,40,0,2,13,13,0,2,2
3,40,43,44,3,40,0,2,14,14,0,2,2
3,40,43,44,3,40,0,2,15,15,0,2,2
3,40,43,44,3,40,0,2,16,16,0,2,2
3,40,43,44,3,40,0,2,17,17,0,2,2
3,40,43,44,3,40,0,2,18,18,0,2,2
3,40,43,44,3,40,0,2,19,19,0,2,2
3,40,43,44,3,40,0,2,20,19,1,2,2
3,40,43,44,3,40,0,2,21,18,1,2,2
3,40,43,44,3,40,0,2,22,17,1,2,2
3,40,43,44,3,40,0,2,23,16,1,2,2
3,40,43,44,3,40,0,2,24,15,1,2,2
3,40,43,44,3,40,0,2,25,14,1,2,2
3,40,43,44,3,40,0,2,26,13,1,2,2
3,40,43,44,3,40,0,2,27,12,1,2,2
3,40,43,44,3,40,0,2,28,11,1,2,2
3,40,43,44,3,40,0,2,29,10,1,2,2
3,40,43,44,3,40,0,2,30,9,1,2,2
3,40,43,44,3,40,0,2,31,8,1,2,2
3,40,43,44,3,40,0,2,32,7,1,2,2
3,40,43,44,3,40,0,2,33,6,1,2,2
3,40,43,44,3,40,0,2,34,5,1,2,2
3,40,43,44,3,40,0,2,35,4,1,2,2
3,40,43,44,3,40,0,2,36,36,0,2,2
3,40,43,44,3,40,0,2,37,37,0,2,2
3,40,43,44,3,40,0,2,38,38,0,2,2
3,41,44,45,3,3,0,2,1,41,0,1,2
3,41,44,45,3,41,0,2,1,39,1,2,1
3,41,44,45,3,41,0,2,2,38,1,2,2
3,41,44,45,3,41,0,2,3,37,1,2,2
3,41,44,45,3,41,0,2,4,4,0,2,2
3,41,44,45,3,41,0,2,5,5,0,2,2
3,41,44,45,3,41,0,2,6,6,0,2,2
3,41,44,45,3,41,0,2,7,7,0,2,2
3,41,44,45,3,41,0,2,8,8,0,2,2
3,41,44,45,3,41,0,2,9,9,0,2,2
3,41,44,45,3,41,0,2,10,10,0,2,2
3,41,44,45,3,41,0,2,11,11,0,2,2
3,41,44,45,3,41,0,2,12,12,0,2,2
3,41,44,45,3,41,0,2,13,13,0,2,2
3,41,44,45,3,41,0,2,14,14,0,2,2
3,41,44,45,3,41,0,2,15,15,0,2,2
3,41,44,45,3,41,0,2,16,16,0,2,2
3,41,44,45,3,41,0,2,17,17,0,2,2
3,41,44,45,3,41,0,2,18,18,0,2,2
3,41,44,45,3,41,0,2,19,19,0,2,2
3,41,44,45,3,41,0,2,20,20,0,2,2
3,41,44,45,3,41,0,2,21,19,1,2,2
3,41,44,45,3,41,0,2,22,18,1,2,2
3,41,44,45,3,41,0,2,23,17,1,2,2
3,41,44,45,3,41,0,2,24,16,1,2,2
3,41,44,45,3,41,0,2,25,15,1,2,2
3,41,44,45,3,41,0,2,26,14,1,2,2
3,41,44,45,3,41,0,2,27,13,1,2,2
3,41,44,45,3,41,0,2,28,12,1,2,2
3,41,44,45,3,41,0,2,29,11,1,2,2
3,41,44,45,3,41,0,2,30,10,1,2,2
3,41,44,45,3,41,0,2,31,9,1,2,2
3,41,44,45,3,41,0,2,32,8,1,2,2
3,41,44,45,3,41,0,2,33,7,1,2,2
3,41,44,45,3,41,0,2,34,6,1,2,2
3,41,44,45,3,41,0,2,35,5,1,2,2
3,41,44,45,3,41,0,2,36,4,1,2,2
3,41,44,45,3,41,0,2,37,37,0,2,2
3,41,44,45,3,41,0,2,38,38,0,2,2
3,41,44,45,3,41,0,2,39,39,0,2,2
4,3,7,8,4,3,0,2,1,4,0,1,1
4,3,7,8,4,4,0,2,1,3,0,1,1
4,3,7,8,4,4,0,2,2,3,0,1,1
4,4,8,9,4,4,0,2,1,4,0,1,1
4,4,8,9,4,4,0,2,2,4,0,1,1
4,5,9,10,4,4,0,2,1,5,0,1,1
4,5,9,10,4,4,0,2,2,5,0,1,2
4,5,9,10,4,5,0,2,1,4,0,1,1
4,5,9,10,4,5,0,2,2,4,0,1,1
4,5,9,10,4,5,0,2,3,4,0,1,1
4,9,13,14,4,4,0,2,1,9,0,1,1
4,9,13,14,4,4,0,2,2,9,0,1,2
4,9,13,14,4,9,0,2,1,4,0,1,1
4,9,13,14,4,9,0,2,2,4,0,1,1
4,9,13,14,4,9,0,2,3,5,1,2,2
4,9,13,14,4,9,0,2,4,4,0,1,1
4,9,13,14,4,9,0,2,5,3,1,2,1
4,9,13,14,4,9,0,2,6,6,0,2,2
4,9,13,14,4,9,0,2,7,4,0,1,1
4,10,14,15,4,4,0,2,1,10,0,1,1
4,10,14,15,4,4,0,2,2,10,0,1,3
4,10,14,15,4,10,0,2,1,4,0,1,1
4,10,14,15,4,10,0,2,2,7,1,2,2
4,10,14,15,4,10,0,2,3,6,1,2,2
4,10,14,15,4,10,0,2,4,4,0,1,1
4,10,14,15,4,10,0,2,5,4,0,1,1
4,10,14,15,4,10,0,2,6,6,0,2,3
4,10,14,15,4,10,0,2,7,4,0,1,1
4,10,14,15,4,10,0,2,8,4,0,1,1
4,11,15,16,4,4,0,2,1,11,0,1,1
4,11,15,16,4,4,0,2,2,11,0,1,2
4,11,15,16,4,11,0,2,1,4,0,1,1
4,11,15,16,4,11,0,2,2,4,0,1,1
4,11,15,16,4,11,0,2,3,4,0,1,1
4,11,15,16,4,11,0,2,4,6,1,2,2
4,11,15,16,4,11,0,2,5,4,0,1,1
4,11,15,16,4,11,0,2,6,4,0,1,1
4,11,15,16,4,11,0,2,7,7,0,2,3
4,11,15,16,4,11,0,2,8,4,0,1,1
4,11,15,16,4,11,0,2,9,4,0,1,1
4,12,16,17,4,4,0,2,1,12,0,1,2
4,12,16,17,4,4,0,2,2,12,0,1,3
4,12,16,17,4,12,0,2,1,4,0,1,1
4,12,16,17,4,12,0,2,2,9,1,2,7
4,12,16,17,4,12,0,2,3,4,0,1,1
4,12,16,17,4,12,0,2,4,7,1,2,3
4,12,16,17,4,12,0,2,5,5,0,2,1
4,12,16,17,4,12,0,2,6,4,0,1,1
4,12,16,17,4,12,0,2,7,7,0,2,3
4,12,16,17,4,12,0,2,8,4,0,1,1
4,12,16,17,4,12,0,2,9,9,0,2,2
4,12,16,17,4,12,0,2,10,4,0,1,1
4,13,17,18,4,4,0,2,1,13,0,1,1
4,13,17,18,4,4,0,2,2,13,0,1,2
4,13,17,18,4,13,0,2,1,4,0,1,1
4,13,17,18,4,13,0,2,2,4,0,1,1
4,13,17,18,4,13,0,2,3,4,0,1,1
4,13,17,18,4,13,0,2,4,4,0,1,1
4,13,17,18,4,13,0,2,5,5,0,2,2
4,13,17,18,4,13,0,2,6,4,0,1,1
4,13,17,18,4,13,0,2,7,5,1,2,1
4,13,17,18,4,13,0,2,8,4,1,2,2
4,13,17,18,4,13,0,2,9,3,1,2,1
4,13,17,18,4,13,0,2,10,10,0,2,2
4,13,17,18,4,13,0,2,11,4,0,1,1
4,15,19,20,4,4,0,2,1,15,0,1,1
4,15,19,20,4,4,0,2,2,15,0,1,2
4,15,19,20,4,15,0,2,1,4,0,1,1
4,15,19,20,4,15,0,2,2,4,0,1,1
4,15,19,20,4,15,0,2,3,4,0,1,1
4,15,19,20,4,15,0,2,4,4,0,1,1
4,15,19,20,4,15,0,2,5,4,0,1,1
4,15,19,20,4,15,0,2,6,6,0,2,2
4,15,19,20,4,15,0,2,7,4,0,1,1
4,15,19,20,4,15,0,2,8,4,0,1,1
4,15,19,20,4,15,0,2,9,5,1,2,2
4,15,19,20,4,15,0,2,10,4,0,1,1
4,15,19,20,4,15,0,2,11,3,1,2,1
4,15,19,20,4,15,0,2,12,4,0,1,1
4,15,19,20,4,15,0,2,13,4,0,1,1
4,16,20,21,4,4,0,2,1,16,0,1,1
4,16,20,21,4,4,0,2,2,16,0,1,3
4,16,20,21,4,16,0,2,1,4,0,1,1
4,16,20,21,4,16,0,2,2,13,1,2,2
4,16,20,21,4,16,0,2,3,4,0,1,1
4,16,20,21,4,16,0,2,4,4,0,1,1
4,16,20,21,4,16,0,2,5,5,0,2,2
4,16,20,21,4,16,0,2,6,9,1,2,2
4,16,20,21,4,16,0,2,7,4,0,1,1
4,16,20,21,4,16,0,2,8,4,0,1,1
4,16,20,21,4,16,0,2,9,6,1,2,2
4,16,20,21,4,16,0,2,10,4,0,1,1
4,16,20,21,4,16,0,2,11,4,0,1,1
4,16,20,21,4,16,0,2,12,12,0,2,3
4,16,20,21,4,16,0,2,13,4,0,1,1
4,16,20,21,4,16,0,2,14,4,0,1,1
4,17,21,22,4,4,0,2,1,17,0,1,1
4,17,21,22,4,4,0,2,2,17,0,1,2
4,17,21,22,4,17,0,2,1,4,0,1,1
4,17,21,22,4,17,0,2,2,4,0,1,1
4,17,21,22,4,17,0,2,3,4,0,1,1
4,17,21,22,4,17,0,2,4,4,0,1,1
4,17,21,22,4,17,0,2,5,5,0,2,2
4,17,21,22,4,17,0,2,6,4,0,1,1
4,17,21,22,4,17,0,2,7,7,0,2,4
4,17,21,22,4,17,0,2,8,4,0,1,1
4,17,21,22,4,17,0,2,9,4,0,1,1
4,17,21,22,4,17,0,2,10,6,1,2,2
4,17,21,22,4,17,0,2,11,4,0,1,1
4,17,21,22,4,17,0,2,12,4,0,1,1
4,17,21,22,4,17,0,2,13,13,0,2,2
4,17,21,22,4,17,0,2,14,4,0,1,1
4,17,21,22,4,17,0,2,15,15,0,2,2
4,18,22,23,4,4,0,2,1,18,0,1,1
4,18,22,23,4,4,0,2,2,18,0,1,3
4,18,22,23,4,18,0,2,1,4,0,1,1
4,18,22,23,4,18,0,2,2,15,1,2,2
4,18,22,23,4,18,0,2,3,4,0,1,1
4,18,22,23,4,18,0,2,4,4,0,1,1
4,18,22,23,4,18,0,2,5,5,0,2,2
4,18,22,23,4,18,0,2,6,4,0,1,1
4,18,22,23,4,18,0,2,7,7,0,2,2
4,18,22,23,4,18,0,2,8,8,0,2,2
4,18,22,23,4,18,0,2,9,4,0,1,1
4,18,22,23,4,18,0,2,10,7,1,2,2
4,18,22,23,4,18,0,2,11,4,0,1,1
4,18,22,23,4,18,0,2,12,5,1,2,2
4,18,22,23,4,18,0,2,13,4,0,1,1
4,18,22,23,4,18,0,2,14,4,0,1,1
4,18,22,23,4,18,0,2,15,15,0,2,2
4,18,22,23,4,18,0,2,16,4,0,1,1
4,19,23,24,4,4,0,2,1,19,0,1,1
4,19,23,24,4,4,0,2,2,19,0,1,2
4,19,23,24,4,19,0,2,1,4,0,1,1
4,19,23,24,4,19,0,2,2,4,0,1,1
4,19,23,24,4,19,0,2,3,4,0,1,1
4,19,23,24,4,19,0,2,4,4,0,1,1
4,19,23,24,4,19,0,2,5,4,0,1,1
4,19,23,24,4,19,0,2,6,4,0,1,1
4,19,23,24,4,19,0,2,7,4,0,1,1
4,19,23,24,4,19,0,2,8,8,0,2,2
4,19,23,24,4,19,0,2,9,4,0,1,1
4,19,23,24,4,19,0,2,10,8,1,2,2
4,19,23,24,4,19,0,2,11,7,1,2,2
4,19,23,24,4,19,0,2,12,4,0,1,1
4,19,23,24,4,19,0,2,13,5,1,2,2
4,19,23,24,4,19,0,2,14,4,0,1,1
4,19,23,24,4,19,0,2,15,4,0,1,1
4,19,23,24,4,19,0,2,16,4,0,1,1
4,19,23,24,4,19,0,2,17,4,0,1,1
4,20,24,25,4,4,0,2,1,20,0,1,1
4,20,24,25,4,4,0,2,2,20,0,1,3
4,20,24,25,4,20,0,2,1,4,0,1,1
4,20,24,25,4,20,0,2,2,17,1,2,2
4,20,24,25,4,20,0,2,3,4,0,1,1
4,20,24,25,4,20,0,2,4,4,0,1,1
4,20,24,25,4,20,0,2,5,5,0,2,2
4,20,24,25,4,20,0,2,6,4,0,1,1
4,20,24,25,4,20,0,2,7,4,0,1,1
4,20,24,25,4,20,0,2,8,8,0,2,2
4,20,24,25,4,20,0,2,9,4,0,1,1
4,20,24,25,4,20,0,2,10,4,0,1,1
4,20,24,25,4,20,0,2,11,11,0,2,9
4,20,24,25,4,20,0,2,12,4,0,1,1
4,20,24,25,4,20,0,2,13,6,1,2,2
4,20,24,25,4,20,0,2,14,5,1,2,2
4,20,24,25,4,20,0,2,15,4,0,1,1
4,20,24,25,4,20,0,2,16,16,0,2,2
4,20,24,25,4,20,0,2,17,17,0,2,2
4,20,24,25,4,20,0,2,18,4,0,1,1
4,21,25,26,4,4,0,2,1,21,0,1,1
4,21,25,26,4,4,0,2,2,21,0,1,2
4,21,25,26,4,21,0,2,1,4,0,1,1
4,21,25,26,4,21,0,2,2,4,0,1,1
4,21,25,26,4,21,0,2,3,4,0,1,1
4,21,25,26,4,21,0,2,4,4,0,1,1
4,21,25,26,4,21,0,2,5,4,0,1,1
4,21,25,26,4,21,0,2,6,4,0,1,1
4,21,25,26,4,21,0,2,7,7,0,2,2
4,21,25,26,4,21,0,2,8,4,0,1,1
4,21,25,26,4,21,0,2,9,9,0,2,2
4,21,25,26,4,21,0,2,10,4,0,1,1
4,21,25,26,4,21,0,2,11,4,0,1,1
4,21,25,26,4,21,0,2,12,8,1,2,2
4,21,25,26,4,21,0,2,13,4,0,1,1
4,21,25,26,4,21,0,2,14,4,0,1,1
4,21,25,26,4,21,0,2,15,4,0,1,1
4,21,25,26,4,21,0,2,16,4,0,1,1
4,21,25,26,4,21,0,2,17,17,0,2,2
4,21,25,26,4,21,0,2,18,4,0,1,1
4,21,25,26,4,21,0,2,19,4,0,1,1
4,22,26,27,4,4,0,2,1,22,0,1,1
4,22,26,27,4,4,0,2,2,22,0,1,3
4,22,26,27,4,22,0,2,1,4,0,1,1
4,22,26,27,4,22,0,2,2,19,1,2,2
4,22,26,27,4,22,0,2,3,4,0,1,1
4,22,26,27,4,22,0,2,4,4,0,1,1
4,22,26,27,4,22,0,2,5,5,0,2,2
4,22,26,27,4,22,0,2,6,4,0,1,1
4,22,26,27,4,22,0,2,7,4,0,1,1
4,22,26,27,4,22,0,2,8,8,0,2,2
4,22,26,27,4,22,0,2,9,9,0,2,2
4,22,26,27,4,22,0,2,10,4,0,1,1
4,22,26,27,4,22,0,2,11,4,0,1,1
4,22,26,27,4,22,0,2,12,9,1,2,2
4,22,26,27,4,22,0,2,13,4,0,1,1
4,22,26,27,4,22,0,2,14,4,0,1,1
4,22,26,27,4,22,0,2,15,6,1,2,2
4,22,26,27,4,22,0,2,16,5,1,2,2
4,22,26,27,4,22,0,2,17,4,1,2,2
4,22,26,27,4,22,0,2,18,18,0,2,2
4,22,26,27,4,22,0,2,19,19,0,2,2
4,22,26,27,4,22,0,2,20,4,0,1,1
4,23,27,28,4,4,0,2,1,23,0,1,1
4,23,27,28,4,4,0,2,2,23,0,1,2
4,23,27,28,4,23,0,2,1,4,0,1,1
4,23,27,28,4,23,0,2,2,4,0,1,1
4,23,27,28,4,23,0,2,3,4,0,1,1
4,23,27,28,4,23,0,2,4,4,0,1,1
4,23,27,28,4,23,0,2,5,5,0,2,2
4,23,27,28,4,23,0,2,6,4,0,1,1
4,23,27,28,4,23,0,2,7,7,0,2,2
4,23,27,28,4,23,0,2,8,4,0,1,1
4,23,27,28,4,23,0,2,9,4,0,1,1
4,23,27,28,4,23,0,2,10,10,0,2,2
4,23,27,28,4,23,0,2,11,4,0,1,1
4,23,27,28,4,23,0,2,12,4,0,1,1
4,23,27,28,4,23,0,2,13,9,1,2,2
4,23,27,28,4,23,0,2,14,4,0,1,1
4,23,27,28,4,23,0,2,15,7,1,2,2
4,23,27,28,4,23,0,2,16,6,1,2,2
4,23,27,28,4,23,0,2,17,4,0,1,1
4,23,27,28,4,23,0,2,18,4,1,2,2
4,23,27,28,4,23,0,2,19,19,0,2,2
4,23,27,28,4,23,0,2,20,20,0,2,2
4,23,27,28,4,23,0,2,21,4,0,1,1
4,24,28,29,4,4,0,2,1,24,0,1,1
4,24,28,29,4,4,0,2,2,24,0,1,3
4,24,28,29,4,24,0,2,1,4,0,1,1
4,24,28,29,4,24,0,2,2,21,1,2,2
4,24,28,29,4,24,0,2,3,4,0,1,1
4,24,28,29,4,24,0,2,4,4,0,1,1
4,24,28,29,4,24,0,2,5,5,0,2,2
4,24,28,29,4,24,0,2,6,4,0,1,1
4,24,28,29,4,24,0,2,7,4,0,1,1
4,24,28,29,4,24,0,2,8,8,0,2,2
4,24,28,29,4,24,0,2,9,4,0,1,1
4,24,28,29,4,24,0,2,10,10,0,2,2
4,24,28,29,4,24,0,2,11,11,0,2,2
4,24,28,29,4,24,0,2,12,4,0,1,1
4,24,28,29,4,24,0,2,13,10,1,2,2
4,24,28,29,4,24,0,2,14,4,0,1,1
4,24,28,29,4,24,0,2,15,8,1,2,2
4,24,28,29,4,24,0,2,16,4,0,1,1
4,24,28,29,4,24,0,2,17,4,0,1,1
4,24,28,29,4,24,0,2,18,5,1,2,2
4,24,28,29,4,24,0,2,19,4,0,1,1
4,24,28,29,4,24,0,2,20,20,0,2,2
4,24,28,29,4,24,0,2,21,21,0,2,2
4,24,28,29,4,24,0,2,22,4,0,1,1
4,25,29,30,4,4,0,2,1,25,0,1,1
4,25,29,30,4,4,0,2,2,25,0,1,2
4,25,29,30,4,25,0,2,1,4,0,1,1
4,25,29,30,4,25,0,2,2,4,0,1,1
4,25,29,30,4,25,0,2,3,4,0,1,1
4,25,29,30,4,25,0,2,4,4,0,1,1
4,25,29,30,4,25,0,2,5,4,0,1,1
4,25,29,30,4,25,0,2,6,4,0,1,1
4,25,29,30,4,25,0,2,7,4,0,1,1
4,25,29,30,4,25,0,2,8,4,0,1,1
4,25,29,30,4,25,0,2,9,4,0,1,1
4,25,29,30,4,25,0,2,10,4,0,1,1
4,25,29,30,4,25,0,2,11,11,0,2,2
4,25,29,30,4,25,0,2,12,4,0,1,1
4,25,29,30,4,25,0,2,13,4,0,1,1
4,25,29,30,4,25,0,2,14,10,1,2,2
4,25,29,30,4,25,0,2,15,4,0,1,1
4,25,29,30,4,25,0,2,16,4,0,1,1
4,25,29,30,4,25,0,2,17,4,0,1,1
4,25,29,30,4,25,0,2,18,4,0,1,1
4,25,29,30,4,25,0,2,19,4,0,1,1
4,25,29,30,4,25,0,2,20,4,0,1,1
4,25,29,30,4,25,0,2,21,4,0,1,1
4,25,29,30,4,25,0,2,22,4,0,1,1
4,25,29,30,4,25,0,2,23,4,0,1,1
4,26,30,31,4,4,0,2,1,26,0,1,1
4,26,30,31,4,4,0,2,2,26,0,1,3
4,26,30,31,4,26,0,2,1,4,0,1,1
4,26,30,31,4,26,0,2,2,23,1,2,2
4,26,30,31,4,26,0,2,3,4,0,1,1
4,26,30,31,4,26,0,2,4,4,0,1,1
4,26,30,31,4,26,0,2,5,5,0,2,2
4,26,30,31,4,26,0,2,6,4,0,1,1
4,26,30,31,4,26,0,2,7,4,0,1,1
4,26,30,31,4,26,0,2,8,8,0,2,2
4,26,30,31,4,26,0,2,9,4,0,1,1
4,26,30,31,4,26,0,2,10,10,0,2,2
4,26,30,31,4,26,0,2,11,11,0,2,2
4,26,30,31,4,26,0,2,12,12,0,2,2
4,26,30,31,4,26,0,2,13,4,0,1,1
4,26,30,31,4,26,0,2,14,11,1,2,2
4,26,30,31,4,26,0,2,15,4,0,1,1
4,26,30,31,4,26,0,2,16,9,1,2,2
4,26,30,31,4,26,0,2,17,8,1,2,2
4,26,30,31,4,26,0,2,18,4,0,1,1
4,26,30,31,4,26,0,2,19,6,1,2,2
4,26,30,31,4,26,0,2,20,5,1,2,2
4,26,30,31,4,26,0,2,21,4,0,1,1
4,26,30,31,4,26,0,2,22,22,0,2,2
4,26,30,31,4,26,0,2,23,23,0,2,2
4,26,30,31,4,26,0,2,24,4,0,1,1
4,27,31,32,4,4,0,2,1,27,0,1,1
4,27,31,32,4,4,0,2,2,27,0,1,2
4,27,31,32,4,27,0,2,1,4,0,1,1
4,27,31,32,4,27,0,2,2,4,0,1,1
4,27,31,32,4,27,0,2,3,4,0,1,1
4,27,31,32,4,27,0,2,4,4,0,1,1
4,27,31,32,4,27,0,2,5,4,0,1,1
4,27,31,32,4,27,0,2,6,4,0,1,1
4,27,31,32,4,27,0,2,7,7,0,2,2
4,27,31,32,4,27,0,2,8,4,0,1,1
4,27,31,32,4,27,0,2,9,9,0,2,2
4,27,31,32,4,27,0,2,10,10,0,2,2
4,27,31,32,4,27,0,2,11,4,0,1,1
4,27,31,32,4,27,0,2,12,12,0,2,2
4,27,31,32,4,27,0,2,13,4,0,1,1
4,27,31,32,4,27,0,2,14,4,0,1,1
4,27,31,32,4,27,0,2,15,11,1,2,2
4,27,31,32,4,27,0,2,16,4,0,1,1
4,27,31,32,4,27,0,2,17,9,1,2,2
4,27,31,32,4,27,0,2,18,4,0,1,1
4,27,31,32,4,27,0,2,19,4,0,1,1
4,27,31,32,4,27,0,2,20,6,1,2,2
4,27,31,32,4,27,0,2,21,4,0,1,1
4,27,31,32,4,27,0,2,22,4,0,1,1
4,27,31,32,4,27,0,2,23,23,0,2,2
4,27,31,32,4,27,0,2,24,4,0,1,1
4,27,31,32,4,27,0,2,25,4,0,1,1
4,28,32,33,4,4,0,2,1,28,0,1,1
4,28,32,33,4,4,0,2,2,28,0,1,3
4,28,32,33,4,28,0,2,1,4,0,1,1
4,28,32,33,4,28,0,2,2,25,1,2,2
4,28,32,33,4,28,0,2,3,4,0,1,1
4,28,32,33,4,28,0,2,4,4,0,1,1
4,28,32,33,4,28,0,2,5,5,0,2,2
4,28,32,33,4,28,0,2,6,4,0,1,1
4,28,32,33,4,28,0,2,7,7,0,2,2
4,28,32,33,4,28,0,2,8,8,0,2,2
4,28,32,33,4,28,0,2,9,9,0,2,2
4,28,32,33,4,28,0,2,10,10,0,2,2
4,28,32,33,4,28,0,2,11,11,0,2,2
4,28,32,33,4,28,0,2,12,12,0,2,2
4,28,32,33,4,28,0,2,13,13,0,2,2
4,28,32,33,4,28,0,2,14,4,0,1,1
4,28,32,33,4,28,0,2,15,12,1,2,2
4,28,32,33,4,28,0,2,16,4,0,1,1
4,28,32,33,4,28,0,2,17,10,1,2,2
4,28,32,33,4,28,0,2,18,9,1,2,2
4,28,32,33,4,28,0,2,19,8,1,2,2
4,28,32,33,4,28,0,2,20,7,1,2,2
4,28,32,33,4,28,0,2,21,6,1,2,2
4,28,32,33,4,28,0,2,22,5,1,2,2
4,28,32,33,4,28,0,2,23,4,0,1,1
4,28,32,33,4,28,0,2,24,24,0,2,2
4,28,32,33,4,28,0,2,25,25,0,2,2
4,28,32,33,4,28,0,2,26,4,0,1,1
4,29,33,34,4,4,0,2,1,29,0,1,1
4,29,33,34,4,4,0,2,2,29,0,1,2
4,29,33,34,4,29,0,2,1,4,0,1,1
4,29,33,34,4,29,0,2,2,4,0,1,1
4,29,33,34,4,29,0,2,3,4,0,1,1
4,29,33,34,4,29,0,2,4,4,0,1,1
4,29,33,34,4,29,0,2,5,5,0,2,2
4,29,33,34,4,29,0,2,6,4,0,1,1
4,29,33,34,4,29,0,2,7,4,0,1,1
4,29,33,34,4,29,0,2,8,8,0,2,2
4,29,33,34,4,29,0,2,9,4,0,1,1
4,29,33,34,4,29,0,2,10,10,0,2,2
4,29,33,34,4,29,0,2,11,4,0,1,1
4,29,33,34,4,29,0,2,12,4,0,1,1
4,29,33,34,4,29,0,2,13,13,0,2,2
4,29,33,34,4,29,0,2,14,4,0,1,1
4,29,33,34,4,29,0,2,15,13,1,2,2
4,29,33,34,4,29,0,2,16,12,1,2,2
4,29,33,34,4,29,0,2,17,4,0,1,1
4,29,33,34,4,29,0,2,18,10,1,2,2
4,29,33,34,4,29,0,2,19,9,1,2,2
4,29,33,34,4,29,0,2,20,8,1,2,2
4,29,33,34,4,29,0,2,21,7,1,2,2
4,29,33,34,4,29,0,2,22,4,0,1,1
4,29,33,34,4,29,0,2,23,5,1,2,2
4,29,33,34,4,29,0,2,24,4,0,1,1
4,29,33,34,4,29,0,2,25,4,0,1,1
4,29,33,34,4,29,0,2,26,26,0,2,2
4,29,33,34,4,29,0,2,27,4,0,1,1
4,30,34,35,4,4,0,2,1,30,0,1,1
4,30,34,35,4,4,0,2,2,30,0,1,3
4,30,34,35,4,30,0,2,1,4,0,1,1
4,30,34,35,4,30,0,2,2,27,1,2,2
4,30,34,35,4,30,0,2,3,4,0,1,1
4,30,34,35,4,30,0,2,4,4,0,1,1
4,30,34,35,4,30,0,2,5,5,0,2,2
4,30,34,35,4,30,0,2,6,4,0,1,1
4,30,34,35,4,30,0,2,7,4,0,1,1
4,30,34,35,4,30,0,2,8,8,0,2,2
4,30,34,35,4,30,0,2,9,4,0,1,1
4,30,34,35,4,30,0,2,10,10,0,2,2
4,30,34,35,4,30,0,2,11,11,0,2,2
4,30,34,35,4,30,0,2,12,4,0,1,1
4,30,34,35,4,30,0,2,13,13,0,2,2
4,30,34,35,4,30,0,2,14,14,0,2,2
4,30,34,35,4,30,0,2,15,4,0,1,1
4,30,34,35,4,30,0,2,16,13,1,2,2
4,30,34,35,4,30,0,2,17,4,0,1,1
4,30,34,35,4,30,0,2,18,11,1,2,2
4,30,34,35,4,30,0,2,19,4,0,1,1
4,30,34,35,4,30,0,2,20,9,1,2,2
4,30,34,35,4,30,0,2,21,8,1,2,2
4,30,34,35,4,30,0,2,22,4,0,1,1
4,30,34,35,4,30,0,2,23,6,1,2,2
4,30,34,35,4,30,0,2,24,5,1,2,2
4,30,34,35,4,30,0,2,25,4,1,2,2
4,30,34,35,4,30,0,2,26,26,0,2,2
4,30,34,35,4,30,0,2,27,27,0,2,2
4,30,34,35,4,30,0,2,28,4,0,1,1
4,31,35,36,4,4,0,2,1,31,0,1,1
4,31,35,36,4,4,0,2,2,31,0,1,2
4,31,35,36,4,31,0,2,1,4,0,1,1
4,31,35,36,4,31,0,2,2,4,0,1,1
4,31,35,36,4,31,0,2,3,4,0,1,1
4,31,35,36,4,31,0,2,4,4,0,1,1
4,31,35,36,4,31,0,2,5,4,0,1,1
4,31,35,36,4,31,0,2,6,4,0,1,1
4,31,35,36,4,31,0,2,7,4,0,1,1
4,31,35,36,4,31,0,2,8,4,0,1,1
4,31,35,36,4,31,0,2,9,4,0,1,1
4,31,35,36,4,31,0,2,10,4,0,1,1
4,31,35,36,4,31,0,2,11,4,0,1,1
4,31,35,36,4,31,0,2,12,4,0,1,1
4,31,35,36,4,31,0,2,13,4,0,1,1
4,31,35,36,4,31,0,2,14,14,0,2,2
4,31,35,36,4,31,0,2,15,4,0,1,1
4,31,35,36,4,31,0,2,16,4,0,1,1
4,31,35,36,4,31,0,2,17,13,1,2,2
4,31,35,36,4,31,0,2,18,4,0,1,1
4,31,35,36,4,31,0,2,19,4,0,1,1
4,31,35,36,4,31,0,2,20,4,0,1,1
4,31,35,36,4,31,0,2,21,4,0,1,1
4,31,35,36,4,31,0,2,22,4,0,1,1
4,31,35,36,4,31,0,2,23,4,0,1,1
4,31,35,36,4,31,0,2,24,4,0,1,1
4,31,35,36,4,31,0,2,25,4,0,1,1
4,31,35,36,4,31,0,2,26,4,0,1,1
4,31,35,36,4,31,0,2,27,4,0,1,1
4,31,35,36,4,31,0,2,28,4,0,1,1
4,31,35,36,4,31,0,2,29,4,0,1,1
4,32,36,37,4,4,0,2,1,32,0,1,1
4,32,36,37,4,4,0,2,2,32,0,1,3
4,32,36,37,4,32,0,2,1,4,0,1,1
4,32,36,37,4,32,0,2,2,29,1,2,2
4,32,36,37,4,32,0,2,3,4,0,1,1
4,32,36,37,4,32,0,2,4,4,0,1,1
4,32,36,37,4,32,0,2,5,5,0,2,2
4,32,36,37,4,32,0,2,6,4,0,1,1
4,32,36,37,4,32,0,2,7,4,0,1,1
4,32,36,37,4,32,0,2,8,8,0,2,2
4,32,36,37,4,32,0,2,9,9,0,2,2
4,32,36,37,4,32,0,2,10,10,0,2,2
4,32,36,37,4,32,0,2,11,11,0,2,2
4,32,36,37,4,32,0,2,12,12,0,2,2
4,32,36,37,4,32,0,2,13,13,0,2,2
4,32,36,37,4,32,0,2,14,14,0,2,2
4,32,36,37,4,32,0,2,15,15,0,2,2
4,32,36,37,4,32,0,2,16,4,0,1,1
4,32,36,37,4,32,0,2,17,14,1,2,2
4,32,36,37,4,32,0,2,18,4,0,1,1
4,32,36,37,4,32,0,2,19,12,1,2,2
4,32,36,37,4,32,0,2,20,11,1,2,2
4,32,36,37,4,32,0,2,21,4,0,1,1
4,32,36,37,4,32,0,2,22,9,1,2,2
4,32,36,37,4,32,0,2,23,8,1,2,2
4,32,36,37,4,32,0,2,24,4,0,1,1
4,32,36,37,4,32,0,2,25,6,1,2,2
4,32,36,37,4,32,0,2,26,5,1,2,2
4,32,36,37,4,32,0,2,27,4,1,2,2
4,32,36,37,4,32,0,2,28,28,0,2,2
4,32,36,37,4,32,0,2,29,29,0,2,2
4,32,36,37,4,32,0,2,30,4,0,1,1
4,33,37,38,4,4,0,2,1,33,0,1,1
4,33,37,38,4,4,0,2,2,33,0,1,2
4,33,37,38,4,33,0,2,1,4,0,1,1
4,33,37,38,4,33,0,2,2,4,0,1,1
4,33,37,38,4,33,0,2,3,4,0,1,1
4,33,37,38,4,33,0,2,4,4,0,1,1
4,33,37,38,4,33,0,2,5,4,0,1,1
4,33,37,38,4,33,0,2,6,4,0,1,1
4,33,37,38,4,33,0,2,7,7,0,2,2
4,33,37,38,4,33,0,2,8,4,0,1,1
4,33,37,38,4,33,0,2,9,9,0,2,2
4,33,37,38,4,33,0,2,10,10,0,2,2
4,33,37,38,4,33,0,2,11,4,0,1,1
4,33,37,38,4,33,0,2,12,12,0,2,2
4,33,37,38,4,33,0,2,13,13,0,2,2
4,33,37,38,4,33,0,2,14,4,0,1,1
4,33,37,38,4,33,0,2,15,15,0,2,2
4,33,37,38,4,33,0,2,16,4,0,1,1
4,33,37,38,4,33,0,2,17,4,0,1,1
4,33,37,38,4,33,0,2,18,14,1,2,2
4,33,37,38,4,33,0,2,19,4,0,1,1
4,33,37,38,4,33,0,2,20,12,1,2,2
4,33,37,38,4,33,0,2,21,4,0,1,1
4,33,37,38,4,33,0,2,22,4,0,1,1
4,33,37,38,4,33,0,2,23,9,1,2,2
4,33,37,38,4,33,0,2,24,4,0,1,1
4,33,37,38,4,33,0,2,25,4,0,1,1
4,33,37,38,4,33,0,2,26,6,1,2,2
4,33,37,38,4,33,0,2,27,4,0,1,1
4,33,37,38,4,33,0,2,28,4,0,1,1
4,33,37,38,4,33,0,2,29,29,0,2,2
4,33,37,38,4,33,0,2,30,4,0,1,1
4,33,37,38,4,33,0,2,31,4,0,1,1
4,34,38,39,4,4,0,2,1,34,0,1,1
4,34,38,39,4,4,0,2,2,34,0,1,3
4,34,38,39,4,34,0,2,1,4,0,1,1
4,34,38,39,4,34,0,2,2,31,1,2,2
4,34,38,39,4,34,0,2,3,4,0,1,1
4,34,38,39,4,34,0,2,4,4,0,1,1
4,34,38,39,4,34,0,2,5,5,0,2,2
4,34,38,39,4,34,0,2,6,4,0,1,1
4,34,38,39,4,34,0,2,7,7,0,2,2
4,34,38,39,4,34,0,2,8,8,0,2,2
4,34,38,39,4,34,0,2,9,9,0,2,2
4,34,38,39,4,34,0,2,10,10,0,2,2
4,34,38,39,4,34,0,2,11,11,0,2,2
4,34,38,39,4,34,0,2,12,12,0,2,2
4,34,38,39,4,34,0,2,13,13,0,2,2
4,34,38,39,4,34,0,2,14,14,0,2,2
4,34,38,39,4,34,0,2,15,15,0,2,2
4,34,38,39,4,34,0,2,16,16,0,2,2
4,34,38,39,4,34,0,2,17,4,0,1,1
4,34,38,39,4,34,0,2,18,15,1,2,2
4,34,38,39,4,34,0,2,19,4,0,1,1
4,34,38,39,4,34,0,2,20,13,1,2,2
4,34,38,39,4,34,0,2,21,12,1,2,2
4,34,38,39,4,34,0,2,22,11,1,2,2
4,34,38,39,4,34,0,2,23,10,1,2,2
4,34,38,39,4,34,0,2,24,9,1,2,2
4,34,38,39,4,34,0,2,25,8,1,2,2
4,34,38,39,4,34,0,2,26,4,0,1,1
4,34,38,39,4,34,0,2,27,6,1,2,2
4,34,38,39,4,34,0,2,28,5,1,2,2
4,34,38,39,4,34,0,2,29,4,0,1,1
4,34,38,39,4,34,0,2,30,30,0,2,2
4,34,38,39,4,34,0,2,31,31,0,2,2
4,34,38,39,4,34,0,2,32,4,0,1,1
4,35,39,40,4,4,0,2,1,35,0,1,1
4,35,39,40,4,4,0,2,2,35,0,1,2
4,35,39,40,4,35,0,2,1,4,0,1,1
4,35,39,40,4,35,0,2,2,4,0,1,1
4,35,39,40,4,35,0,2,3,4,0,1,1
4,35,39,40,4,35,0,2,4,4,0,1,1
4,35,39,40,4,35,0,2,5,5,0,2,2
4,35,39,40,4,35,0,2,6,4,0,1,1
4,35,39,40,4,35,0,2,7,4,0,1,1
4,35,39,40,4,35,0,2,8,8,0,2,2
4,35,39,40,4,35,0,2,9,4,0,1,1
4,35,39,40,4,35,0,2,10,10,0,2,2
4,35,39,40,4,35,0,2,11,11,0,2,2
4,35,39,40,4,35,0,2,12,4,0,1,1
4,35,39,40,4,35,0,2,13,13,0,2,2
4,35,39,40,4,35,0,2,14,4,0,1,1
4,35,39,40,4,35,0,2,15,4,0,1,1
4,35,39,40,4,35,0,2,16,16,0,2,2
4,35,39,40,4,35,0,2,17,4,0,1,1
4,35,39,40,4,35,0,2,18,4,0,1,1
4,35,39,40,4,35,0,2,19,15,1,2,2
4,35,39,40,4,35,0,2,20,4,0,1,1
4,35,39,40,4,35,0,2,21,13,1,2,2
4,35,39,40,4,35,0,2,22,4,0,1,1
4,35,39,40,4,35,0,2,23,11,1,2,2
4,35,39,40,4,35,0,2,24,10,1,2,2
4,35,39,40,4,35,0,2,25,4,0,1,1
4,35,39,40,4,35,0,2,26,8,1,2,2
4,35,39,40,4,35,0,2,27,4,0,1,1
4,35,39,40,4,35,0,2,28,4,0,1,1
4,35,39,40,4,35,0,2,29,5,1,2,2
4,35,39,40,4,35,0,2,30,4,0,1,1
4,35,39,40,4,35,0,2,31,4,0,1,1
4,35,39,40,4,35,0,2,32,32,0,2,2
4,35,39,40,4,35,0,2,33,4,0,1,1
4,36,40,41,4,4,0,2,1,36,0,1,1
4,36,40,41,4,4,0,2,2,36,0,1,3
4,36,40,41,4,36,0,2,1,4,0,1,1
4,36,40,41,4,36,0,2,2,33,1,2,2
4,36,40,41,4,36,0,2,3,4,0,1,1
4,36,40,41,4,36,0,2,4,4,0,1,1
4,36,40,41,4,36,0,2,5,5,0,2,2
4,36,40,41,4,36,0,2,6,4,0,1,1
4,36,40,41,4,36,0,2,7,4,0,1,1
4,36,40,41,4,36,0,2,8,8,0,2,2
4,36,40,41,4,36,0,2,9,4,0,1,1
4,36,40,41,4,36,0,2,10,10,0,2,2
4,36,40,41,4,36,0,2,11,11,0,2,2
4,36,40,41,4,36,0,2,12,12,0,2,2
4,36,40,41,4,36,0,2,13,13,0,2,2
4,36,40,41,4,36,0,2,14,14,0,2,2
4,36,40,41,4,36,0,2,15,15,0,2,2
4,36,40,41,4,36,0,2,16,16,0,2,2
4,36,40,41,4,36,0,2,17,17,0,2,2
4,36,40,41,4,36,0,2,18,4,0,1,1
4,36,40,41,4,36,0,2,19,16,1,2,2
4,36,40,41,4,36,0,2,20,4,0,1,1
4,36,40,41,4,36,0,2,21,14,1,2,2
4,36,40,41,4,36,0,2,22,4,0,1,1
4,36,40,41,4,36,0,2,23,12,1,2,2
4,36,40,41,4,36,0,2,24,11,1,2,2
4,36,40,41,4,36,0,2,25,10,1,2,2
4,36,40,41,4,36,0,2,26,9,1,2,2
4,36,40,41,4,36,0,2,27,8,1,2,2
4,36,40,41,4,36,0,2,28,7,1,2,2
4,36,40,41,4,36,0,2,29,6,1,2,2
4,36,40,41,4,36,0,2,30,5,1,2,2
4,36,40,41,4,36,0,2,31,4,1,2,2
4,36,40,41,4,36,0,2,32,32,0,2,2
4,36,40,41,4,36,0,2,33,33,0,2,2
4,36,40,41,4,36,0,2,34,4,0,1,1
4,37,41,42,4,4,0,2,1,37,0,1,1
4,37,41,42,4,4,0,2,2,37,0,1,2
4,37,41,42,4,37,0,2,1,4,0,1,1
4,37,41,42,4,37,0,2,2,4,0,1,1
4,37,41,42,4,37,0,2,3,4,0,1,1
4,37,41,42,4,37,0,2,4,4,0,1,1
4,37,41,42,4,37,0,2,5,4,0,1,1
4,37,41,42,4,37,0,2,6,4,0,1,1
4,37,41,42,4,37,0,2,7,4,0,1,1
4,37,41,42,4,37,0,2,8,4,0,1,1
4,37,41,42,4,37,0,2,9,4,0,1,1
4,37,41,42,4,37,0,2,10,4,0,1,1
4,37,41,42,4,37,0,2,11,4,0,1,1
4,37,41,42,4,37,0,2,12,4,0,1,1
4,37,41,42,4,37,0,2,13,4,0,1,1
4,37,41,42,4,37,0,2,14,4,0,1,1
4,37,41,42,4,37,0,2,15,4,0,1,1
4,37,41,42,4,37,0,2,16,4,0,1,1
4,37,41,42,4,37,0,2,17,17,0,2,2
4,37,41,42,4,37,0,2,18,4,0,1,1
4,37,41,42,4,37,0,2,19,4,0,1,1
4,37,41,42,4,37,0,2,20,16,1,2,2
4,37,41,42,4,37,0,2,21,4,0,1,1
4,37,41,42,4,37,0,2,22,4,0,1,1
4,37,41,42,4,37,0,2,23,4,0,1,1
4,37,41,42,4,37,0,2,24,4,0,1,1
4,37,41,42,4,37,0,2,25,4,0,1,1
4,37,41,42,4,37,0,2,26,4,0,1,1
4,37,41,42,4,37,0,2,27,4,0,1,1
4,37,41,42,4,37,0,2,28,4,0,1,1
4,37,41,42,4,37,0,2,29,4,0,1,1
4,37,41,42,4,37,0,2,30,4,0,1,1
4,37,41,42,4,37,0,2,31,4,0,1,1
4,37,41,42,4,37,0,2,32,4,0,1,1
4,37,41,42,4,37,0,2,33,4,0,1,1
4,37,41,42,4,37,0,2,34,4,0,1,1
4,37,41,42,4,37,0,2,35,4,0,1,1
4,38,42,43,4,4,0,2,1,38,0,1,1
4,38,42,43,4,4,0,2,2,38,0,1,3
4,38,42,43,4,38,0,2,1,4,0,1,1
4,38,42,43,4,38,0,2,2,35,1,2,2
4,38,42,43,4,38,0,2,3,4,0,1,1
4,38,42,43,4,38,0,2,4,4,0,1,1
4,38,42,43,4,38,0,2,5,5,0,2,2
4,38,42,43,4,38,0,2,6,4,0,1,1
4,38,42,43,4,38,0,2,7,4,0,1,1
4,38,42,43,4,38,0,2,8,8,0,2,2
4,38,42,43,4,38,0,2,9,9,0,2,2
4,38,42,43,4,38,0,2,10,10,0,2,2
4,38,42,43,4,38,0,2,11,11,0,2,2
4,38,42,43,4,38,0,2,12,12,0,2,2
4,38,42,43,4,38,0,2,13,13,0,2,2
4,38,42,43,4,38,0,2,14,14,0,2,2
4,38,42,43,4,38,0,2,15,15,0,2,2
4,38,42,43,4,38,0,2,16,16,0,2,2
4,38,42,43,4,38,0,2,17,17,0,2,2
4,38,42,43,4,38,0,2,18,18,0,2,2
4,38,42,43,4,38,0,2,19,4,0,1,1
4,38,42,43,4,38,0,2,20,17,1,2,2
4,38,42,43,4,38,0,2,21,4,0,1,1
4,38,42,43,4,38,0,2,22,15,1,2,2
4,38,42,43,4,38,0,2,23,14,1,2,2
4,38,42,43,4,38,0,2,24,4,0,1,1
4,38,42,43,4,38,0,2,25,12,1,2,2
4,38,42,43,4,38,0,2,26,11,1,2,2
4,38,42,43,4,38,0,2,27,10,1,2,2
4,38,42,43,4,38,0,2,28,9,1,2,2
4,38,42,43,4,38,0,2,29,8,1,2,2
4,38,42,43,4,38,0,2,30,7,1,2,2
4,38,42,43,4,38,0,2,31,6,1,2,2
4,38,42,43,4,38,0,2,32,5,1,2,2
4,38,42,43,4,38,0,2,33,4,1,2,2
4,38,42,43,4,38,0,2,34,34,0,2,2
4,38,42,43,4,38,0,2,35,35,0,2,2
4,38,42,43,4,38,0,2,36,4,0,1,1
4,39,43,44,4,4,0,2,1,39,0,1,1
4,39,43,44,4,4,0,2,2,39,0,1,2
4,39,43,44,4,39,0,2,1,4,0,1,1
4,39,43,44,4,39,0,2,2,4,0,1,1
4,39,43,44,4,39,0,2,3,4,0,1,1
4,39,43,44,4,39,0,2,4,4,0,1,1
4,39,43,44,4,39,0,2,5,4,0,1,1
4,39,43,44,4,39,0,2,6,4,0,1,1
4,39,43,44,4,39,0,2,7,4,0,1,1
4,39,43,44,4,39,0,2,8,4,0,1,1
4,39,43,44,4,39,0,2,9,9,0,2,2
4,39,43,44,4,39,0,2,10,10,0,2,2
4,39,43,44,4,39,0,2,11,4,0,1,1
4,39,43,44,4,39,0,2,12,12,0,2,2
4,39,43,44,4,39,0,2,13,13,0,2,2
4,39,43,44,4,39,0,2,14,4,0,1,1
4,39,43,44,4,39,0,2,15,15,0,2,2
4,39,43,44,4,39,0,2,16,16,0,2,2
4,39,43,44,4,39,0,2,17,4,0,1,1
4,39,43,44,4,39,0,2,18,18,0,2,2
4,39,43,44,4,39,0,2,19,4,0,1,1
4,39,43,44,4,39,0,2,20,4,0,1,1
4,39,43,44,4,39,0,2,21,17,1,2,2
4,39,43,44,4,39,0,2,22,4,0,1,1
4,39,43,44,4,39,0,2,23,15,1,2,2
4,39,43,44,4,39,0,2,24,4,0,1,1
4,39,43,44,4,39,0,2,25,4,0,1,1
4,39,43,44,4,39,0,2,26,12,1,2,2
4,39,43,44,4,39,0,2,27,4,0,1,1
4,39,43,44,4,39,0,2,28,4,0,1,1
4,39,43,44,4,39,0,2,29,9,1,2,2
4,39,43,44,4,39,0,2,30,4,0,1,1
4,39,43,44,4,39,0,2,31,4,0,1,1
4,39,43,44,4,39,0,2,32,6,1,2,2
4,39,43,44,4,39,0,2,33,4,0,1,1
4,39,43,44,4,39,0,2,34,4,0,1,1
4,39,43,44,4,39,0,2,35,35,0,2,2
4,39,43,44,4,39,0,2,36,4,0,1,1
4,39,43,44,4,39,0,2,37,4,0,1,1
4,40,44,45,4,4,0,2,1,40,0,1,1
4,40,44,45,4,4,0,2,2,40,0,1,3
4,40,44,45,4,40,0,2,1,4,0,1,1
4,40,44,45,4,40,0,2,2,37,1,2,2
4,40,44,45,4,40,0,2,3,4,0,1,1
4,40,44,45,4,40,0,2,4,4,0,1,1
4,40,44,45,4,40,0,2,5,5,0,2,2
4,40,44,45,4,40,0,2,6,4,0,1,1
4,40,44,45,4,40,0,2,7,4,0,1,1
4,40,44,45,4,40,0,2,8,8,0,2,2
4,40,44,45,4,40,0,2,9,4,0,1,1
4,40,44,45,4,40,0,2,10,10,0,2,2
4,40,44,45,4,40,0,2,11,11,0,2,2
4,40,44,45,4,40,0,2,12,12,0,2,2
4,40,44,45,4,40,0,2,13,13,0,2,2
4,40,44,45,4,40,0,2,14,14,0,2,2
4,40,44,45,4,40,0,2,15,15,0,2,2
4,40,44,45,4,40,0,2,16,16,0,2,2
4,40,44,45,4,40,0,2,17,17,0,2,2
4,40,44,45,4,40,0,2,18,18,0,2,2
4,40,44,45,4,40,0,2,19,19,0,2,2
4,40,44,45,4,40,0,2,20,4,0,1,1
4,40,44,45,4,40,0,2,21,18,1,2,2
4,40,44,45,4,40,0,2,22,4,0,1,1
4,40,44,45,4,40,0,2,23,16,1,2,2
4,40,44,45,4,40,0,2,24,15,1,2,2
4,40,44,45,4,40,0,2,25,14,1,2,2
4,40,44,45,4,40,0,2,26,13,1,2,2
4,40,44,45,4,40,0,2,27,12,1,2,2
4,40,44,45,4,40,0,2,28,11,1,2,2
4,40,44,45,4,40,0,2,29,4,0,1,1
4,40,44,45,4,40,0,2,30,9,1,2,2
4,40,44,45,4,40,0,2,31,8,1,2,2
4,40,44,45,4,40,0,2,32,4,0,1,1
4,40,44,45,4,40,0,2,33,6,1,2,2
4,40,44,45,4,40,0,2,34,5,1,2,2
4,40,44,45,4,40,0,2,35,4,0,1,1
4,40,44,45,4,40,0,2,36,36,0,2,2
4,40,44,45,4,40,0,2,37,37,0,2,2
4,40,44,45,4,40,0,2,38,4,0,1,1
5,2,7,8,5,5,0,2,1,3,1,2,0
5,2,7,8,5,5,0,2,2,2,1,2,0
5,2,7,8,5,5,0,2,3,3,0,2,1
5,4,9,10,5,4,0,2,1,5,0,1,1
5,4,9,10,5,4,0,2,2,5,0,1,2
5,4,9,10,5,5,0,2,1,4,0,1,1
5,4,9,10,5,5,0,2,2,4,0,1,1
5,4,9,10,5,5,0,2,3,4,0,1,1
5,5,10,11,5,5,0,2,1,3,1,2,1
5,5,10,11,5,5,0,2,2,5,0,1,2
5,5,10,11,5,5,0,2,3,5,0,1,1
5,6,11,12,5,5,0,2,1,3,1,2,1
5,6,11,12,5,5,0,2,2,6,0,1,2
5,6,11,12,5,5,0,2,3,6,0,1,2
5,6,11,12,5,6,0,2,1,4,1,2,2
5,6,11,12,5,6,0,2,2,5,0,1,1
5,6,11,12,5,6,0,2,3,5,0,1,2
5,6,11,12,5,6,0,2,4,4,0,2,2
5,8,13,14,5,5,0,2,1,3,1,2,0
5,8,13,14,5,5,0,2,2,8,0,1,1
5,8,13,14,5,5,0,2,3,8,0,1,1
5,8,13,14,5,8,0,2,1,5,0,1,2
5,8,13,14,5,8,0,2,2,5,0,1,2
5,8,13,14,5,8,0,2,3,3,0,2,1
5,8,13,14,5,8,0,2,4,3,1,2,0
5,8,13,14,5,8,0,2,5,2,1,2,0
5,8,13,14,5,8,0,2,6,5,0,1,2
5,9,14,15,5,5,0,2,1,3,1,2,1
5,9,14,15,5,5,0,2,2,9,0,1,2
5,9,14,15,5,5,0,2,3,9,0,1,1
5,9,14,15,5,9,0,2,1,5,0,1,2
5,9,14,15,5,9,0,2,2,5,0,1,2
5,9,14,15,5,9,0,2,3,3,0,2,1
5,9,14,15,5,9,0,2,4,4,0,2,1
5,9,14,15,5,9,0,2,5,3,1,2,1
5,9,14,15,5,9,0,2,6,5,0,1,2
5,9,14,15,5,9,0,2,7,5,0,1,2
5,10,15,16,5,5,0,2,1,3,1,2,1
5,10,15,16,5,5,0,2,2,10,0,1,1
5,10,15,16,5,5,0,2,3,10,0,1,1
5,10,15,16,5,10,0,2,1,5,0,1,1
5,10,15,16,5,10,0,2,2,5,0,1,2
5,10,15,16,5,10,0,2,3,5,0,1,2
5,10,15,16,5,10,0,2,4,4,0,2,1
5,10,15,16,5,10,0,2,5,4,1,2,1
5,10,15,16,5,10,0,2,6,3,1,2,1
5,10,15,16,5,10,0,2,7,5,0,1,2
5,10,15,16,5,10,0,2,8,5,0,1,2
5,11,16,17,5,5,0,2,1,3,1,2,1
5,11,16,17,5,5,0,2,2,11,0,1,2
5,11,16,17,5,5,0,2,3,11,0,1,1
5,11,16,17,5,11,0,2,1,5,0,1,2
5,11,16,17,5,11,0,2,2,5,0,1,2
5,11,16,17,5,11,0,2,3,5,0,1,2
5,11,16,17,5,11,0,2,4,4,0,2,2
5,11,16,17,5,11,0,2,5,5,0,1,2
5,11,16,17,5,11,0,2,6,4,1,2,1
5,11,16,17,5,11,0,2,7,5,0,1,2
5,11,16,17,5,11,0,2,8,5,0,1,2
5,11,16,17,5,11,0,2,9,5,0,1,2
5,12,17,18,5,5,0,2,1,3,1,2,1
5,12,17,18,5,5,0,2,2,12,0,1,2
5,12,17,18,5,5,0,2,3,12,0,1,2
5,12,17,18,5,12,0,2,1,5,0,1,1
5,12,17,18,5,12,0,2,2,5,0,1,2
5,12,17,18,5,12,0,2,3,5,0,1,2
5,12,17,18,5,12,0,2,4,4,0,2,2
5,12,17,18,5,12,0,2,5,5,0,1,2
5,12,17,18,5,12,0,2,6,5,0,1,2
5,12,17,18,5,12,0,2,7,4,1,2,1
5,12,17,18,5,12,0,2,8,5,0,1,2
5,12,17,18,5,12,0,2,9,5,0,1,2
5,12,17,18,5,12,0,2,10,5,0,1,2
5,13,18,19,5,5,0,2,1,3,1,2,1
5,13,18,19,5,5,0,2,2,13,0,1,4
5,13,18,19,5,5,0,2,3,13,0,1,2
5,13,18,19,5,13,0,2,1,5,0,1,2
5,13,18,19,5,13,0,2,2,5,0,1,2
5,13,18,19,5,13,0,2,3,5,0,1,2
5,13,18,19,5,13,0,2,4,4,0,2,2
5,13,18,19,5,13,0,2,5,5,0,1,2
5,13,18,19,5,13,0,2,6,5,0,1,2
5,13,18,19,5,13,0,2,7,5,0,1,2
5,13,18,19,5,13,0,2,8,5,0,1,2
5,13,18,19,5,13,0,2,9,3,1,2,1
5,13,18,19,5,13,0,2,10,5,0,1,2
5,13,18,19,5,13,0,2,11,5,0,1,2
5,14,19,20,5,5,0,2,1,3,1,2,1
5,14,19,20,5,5,0,2,2,14,0,1,1
5,14,19,20,5,5,0,2,3,14,0,1,1
5,14,19,20,5,14,0,2,1,5,0,1,1
5,14,19,20,5,14,0,2,2,5,0,1,2
5,14,19,20,5,14,0,2,3,5,0,1,2
5,14,19,20,5,14,0,2,4,4,0,2,1
5,14,19,20,5,14,0,2,5,5,0,1,2
5,14,19,20,5,14,0,2,6,5,0,1,2
5,14,19,20,5,14,0,2,7,5,0,1,2
5,14,19,20,5,14,0,2,8,5,0,1,2
5,14,19,20,5,14,0,2,9,4,1,2,1
5,14,19,20,5,14,0,2,10,3,1,2,1
5,14,19,20,5,14,0,2,11,5,0,1,2
5,14,19,20,5,14,0,2,12,5,0,1,2
5,15,20,21,5,5,0,2,1,3,1,2,1
5,15,20,21,5,5,0,2,2,15,0,1,2
5,15,20,21,5,5,0,2,3,15,0,1,1
5,15,20,21,5,15,0,2,1,5,0,1,2
5,15,20,21,5,15,0,2,2,5,0,1,2
5,15,20,21,5,15,0,2,3,5,0,1,2
5,15,20,21,5,15,0,2,4,4,0,2,2
5,15,20,21,5,15,0,2,5,5,0,1,2
5,15,20,21,5,15,0,2,6,5,0,1,2
5,15,20,21,5,15,0,2,7,5,0,1,2
5,15,20,21,5,15,0,2,8,5,0,1,2
5,15,20,21,5,15,0,2,9,5,0,1,2
5,15,20,21,5,15,0,2,10,4,1,2,1
5,15,20,21,5,15,0,2,11,3,1,2,1
5,15,20,21,5,15,0,2,12,5,0,1,2
5,15,20,21,5,15,0,2,13,5,0,1,2
5,16,21,22,5,5,0,2,1,3,1,2,1
5,16,21,22,5,5,0,2,2,16,0,1,1
5,16,21,22,5,5,0,2,3,16,0,1,1
5,16,21,22,5,16,0,2,1,5,0,1,1
5,16,21,22,5,16,0,2,2,5,0,1,2
5,16,21,22,5,16,0,2,3,5,0,1,2
5,16,21,22,5,16,0,2,4,4,0,2,2
5,16,21,22,5,16,0,2,5,5,0,1,2
5,16,21,22,5,16,0,2,6,5,0,1,2
5,16,21,22,5,16,0,2,7,5,0,1,2
5,16,21,22,5,16,0,2,8,5,0,1,2
5,16,21,22,5,16,0,2,9,5,0,1,2
5,16,21,22,5,16,0,2,10,5,0,1,2
5,16,21,22,5,16,0,2,11,4,1,2,1
5,16,21,22,5,16,0,2,12,3,1,2,1
5,16,21,22,5,16,0,2,13,5,0,1,2
5,16,21,22,5,16,0,2,14,5,0,1,2
5,17,22,23,5,5,0,2,1,3,1,2,1
5,17,22,23,5,5,0,2,2,17,0,1,2
5,17,22,23,5,5,0,2,3,17,0,1,1
5,17,22,23,5,17,0,2,1,5,0,1,2
5,17,22,23,5,17,0,2,2,5,0,1,2
5,17,22,23,5,17,0,2,3,5,0,1,2
5,17,22,23,5,17,0,2,4,4,0,2,2
5,17,22,23,5,17,0,2,5,5,0,1,2
5,17,22,23,5,17,0,2,6,5,0,1,2
5,17,22,23,5,17,0,2,7,5,0,1,2
5,17,22,23,5,17,0,2,8,5,0,1,2
5,17,22,23,5,17,0,2,9,5,0,1,2
5,17,22,23,5,17,0,2,10,5,0,1,2
5,17,22,23,5,17,0,2,11,5,0,1,2
5,17,22,23,5,17,0,2,12,4,1,2,2
5,17,22,23,5,17,0,2,13,3,1,2,1
5,17,22,23,5,17,0,2,14,5,0,1,2
5,17,22,23,5,17,0,2,15,5,0,1,2
5,18,23,24,5,5,0,2,1,3,1,2,1
5,18,23,24,5,5,0,2,2,18,0,1,1
5,18,23,24,5,5,0,2,3,18,0,1,1
5,18,23,24,5,18,0,2,1,5,0,1,1
5,18,23,24,5,18,0,2,2,5,0,1,2
5,18,23,24,5,18,0,2,3,5,0,1,2
5,18,23,24,5,18,0,2,4,4,0,2,1
5,18,23,24,5,18,0,2,5,5,0,1,2
5,18,23,24,5,18,0,2,6,5,0,1,2
5,18,23,24,5,18,0,2,7,5,0,1,2
5,18,23,24,5,18,0,2,8,5,0,1,2
5,18,23,24,5,18,0,2,9,5,0,1,2
5,18,23,24,5,18,0,2,10,5,0,1,2
5,18,23,24,5,18,0,2,11,5,0,1,2
5,18,23,24,5,18,0,2,12,5,0,1,2
5,18,23,24,5,18,0,2,13,4,1,2,1
5,18,23,24,5,18,0,2,14,3,1,2,1
5,18,23,24,5,18,0,2,15,5,0,1,2
5,18,23,24,5,18,0,2,16,5,0,1,2
5,19,24,25,5,5,0,2,1,3,1,2,1
5,19,24,25,5,5,0,2,2,19,0,1,2
5,19,24,25,5,5,0,2,3,19,0,1,1
5,19,24,25,5,19,0,2,1,5,0,1,2
5,19,24,25,5,19,0,2,2,5,0,1,2
5,19,24,25,5,19,0,2,3,5,0,1,2
5,19,24,25,5,19,0,2,4,4,0,2,2
5,19,24,25,5,19,0,2,5,5,0,1,2
5,19,24,25,5,19,0,2,6,5,0,1,2
5,19,24,25,5,19,0,2,7,5,0,1,2
5,19,24,25,5,19,0,2,8,5,0,1,2
5,19,24,25,5,19,0,2,9,5,0,1,2
5,19,24,25,5,19,0,2,10,5,0,1,2
5,19,24,25,5,19,0,2,11,5,0,1,2
5,19,24,25,5,19,0,2,12,5,0,1,2
5,19,24,25,5,19,0,2,13,5,0,1,2
5,19,24,25,5,19,0,2,14,4,1,2,2
5,19,24,25,5,19,0,2,15,3,1,2,1
5,19,24,25,5,19,0,2,16,5,0,1,2
5,19,24,25,5,19,0,2,17,5,0,1,2
5,20,25,26,5,5,0,2,1,3,1,2,1
5,20,25,26,5,5,0,2,2,20,0,1,1
5,20,25,26,5,5,0,2,3,20,0,1,1
5,20,25,26,5,20,0,2,1,5,0,1,1
5,20,25,26,5,20,0,2,2,5,0,1,2
5,20,25,26,5,20,0,2,3,5,0,1,2
5,20,25,26,5,20,0,2,4,4,0,2,1
5,20,25,26,5,20,0,2,5,5,0,1,2
5,20,25,26,5,20,0,2,6,5,0,1,2
5,20,25,26,5,20,0,2,7,5,0,1,2
5,20,25,26,5,20,0,2,8,5,0,1,2
5,20,25,26,5,20,0,2,9,5,0,1,2
5,20,25,26,5,20,0,2,10,5,0,1,2
5,20,25,26,5,20,0,2,11,5,0,1,2
5,20,25,26,5,20,0,2,12,5,0,1,2
5,20,25,26,5,20,0,2,13,5,0,1,2
5,20,25,26,5,20,0,2,14,5,0,1,2
5,20,25,26,5,20,0,2,15,4,1,2,1
5,20,25,26,5,20,0,2,16,3,1,2,1
5,20,25,26,5,20,0,2,17,5,0,1,2
5,20,25,26,5,20,0,2,18,5,0,1,2
5,21,26,27,5,5,0,2,1,3,1,2,1
5,21,26,27,5,5,0,2,2,21,0,1,2
5,21,26,27,5,5,0,2,3,21,0,1,1
5,21,26,27,5,21,0,2,1,5,0,1,2
5,21,26,27,5,21,0,2,2,5,0,1,2
5,21,26,27,5,21,0,2,3,5,0,1,2
5,21,26,27,5,21,0,2,4,4,0,2,2
5,21,26,27,5,21,0,2,5,5,0,1,2
5,21,26,27,5,21,0,2,6,5,0,1,2
5,21,26,27,5,21,0,2,7,5,0,1,2
5,21,26,27,5,21,0,2,8,5,0,1,2
5,21,26,27,5,21,0,2,9,5,0,1,2
5,21,26,27,5,21,0,2,10,5,0,1,2
5,21,26,27,5,21,0,2,11,5,0,1,2
5,21,26,27,5,21,0,2,12,5,0,1,2
5,21,26,27,5,21,0,2,13,5,0,1,2
5,21,26,27,5,21,0,2,14,5,0,1,2
5,21,26,27,5,21,0,2,15,5,0,1,2
5,21,26,27,5,21,0,2,16,4,1,2,2
5,21,26,27,5,21,0,2,17,5,0,1,2
5,21,26,27,5,21,0,2,18,5,0,1,2
5,21,26,27,5,21,0,2,19,5,0,1,2
5,22,27,28,5,5,0,2,1,3,1,2,1
5,22,27,28,5,5,0,2,2,22,0,1,1
5,22,27,28,5,5,0,2,3,22,0,1,1
5,22,27,28,5,22,0,2,1,5,0,1,1
5,22,27,28,5,22,0,2,2,5,0,1,2
5,22,27,28,5,22,0,2,3,5,0,1,2
5,22,27,28,5,22,0,2,4,4,0,2,2
5,22,27,28,5,22,0,2,5,5,0,1,2
5,22,27,28,5,22,0,2,6,5,0,1,2
5,22,27,28,5,22,0,2,7,5,0,1,2
5,22,27,28,5,22,0,2,8,5,0,1,2
5,22,27,28,5,22,0,2,9,5,0,1,2
5,22,27,28,5,22,0,2,10,5,0,1,2
5,22,27,28,5,22,0,2,11,5,0,1,2
5,22,27,28,5,22,0,2,12,5,0,1,2
5,22,27,28,5,22,0,2,13,5,0,1,2
5,22,27,28,5,22,0,2,14,5,0,1,2
5,22,27,28,5,22,0,2,15,5,0,1,2
5,22,27,28,5,22,0,2,16,5,0,1,2
5,22,27,28,5,22,0,2,17,4,1,2,1
5,22,27,28,5,22,0,2,18,3,1,2,1
5,22,27,28,5,22,0,2,19,5,0,1,2
5,22,27,28,5,22,0,2,20,5,0,1,2
5,23,28,29,5,5,0,2,1,3,1,2,0
5,23,28,29,5,5,0,2,2,23,0,1,2
5,23,28,29,5,5,0,2,3,23,0,1,1
5,23,28,29,5,23,0,2,1,5,0,1,2
5,23,28,29,5,23,0,2,2,5,0,1,2
5,23,28,29,5,23,0,2,3,5,0,1,2
5,23,28,29,5,23,0,2,4,4,0,2,2
5,23,28,29,5,23,0,2,5,5,0,1,2
5,23,28,29,5,23,0,2,6,5,0,1,2
5,23,28,29,5,23,0,2,7,5,0,1,2
5,23,28,29,5,23,0,2,8,5,0,1,2
5,23,28,29,5,23,0,2,9,5,0,1,2
5,23,28,29,5,23,0,2,10,5,0,1,2
5,23,28,29,5,23,0,2,11,5,0,1,2
5,23,28,29,5,23,0,2,12,5,0,1,2
5,23,28,29,5,23,0,2,13,5,0,1,2
5,23,28,29,5,23,0,2,14,5,0,1,2
5,23,28,29,5,23,0,2,15,5,0,1,2
5,23,28,29,5,23,0,2,16,5,0,1,2
5,23,28,29,5,23,0,2,17,5,0,1,2
5,23,28,29,5,23,0,2,18,4,1,2,2
5,23,28,29,5,23,0,2,19,3,1,2,1
5,23,28,29,5,23,0,2,20,5,0,1,2
5,23,28,29,5,23,0,2,21,5,0,1,2
5,24,29,30,5,5,0,2,1,3,1,2,1
5,24,29,30,5,5,0,2,2,24,0,1,1
5,24,29,30,5,5,0,2,3,24,0,1,1
5,24,29,30,5,24,0,2,1,5,0,1,1
5,24,29,30,5,24,0,2,2,5,0,1,2
5,24,29,30,5,24,0,2,3,3,0,2,1
5,24,29,30,5,24,0,2,4,4,0,2,1
5,24,29,30,5,24,0,2,5,5,0,1,2
5,24,29,30,5,24,0,2,6,5,0,1,2
5,24,29,30,5,24,0,2,7,5,0,1,2
5,24,29,30,5,24,0,2,8,5,0,1,2
5,24,29,30,5,24,0,2,9,5,0,1,2
5,24,29,30,5,24,0,2,10,5,0,1,2
5,24,29,30,5,24,0,2,11,5,0,1,2
5,24,29,30,5,24,0,2,12,5,0,1,2
5,24,29,30,5,24,0,2,13,5,0,1,2
5,24,29,30,5,24,0,2,14,5,0,1,2
5,24,29,30,5,24,0,2,15,5,0,1,2
5,24,29,30,5,24,0,2,16,5,0,1,2
5,24,29,30,5,24,0,2,17,5,0,1,2
5,24,29,30,5,24,0,2,18,5,0,1,2
5,24,29,30,5,24,0,2,19,4,1,2,1
5,24,29,30,5,24,0,2,20,3,1,2,1
5,24,29,30,5,24,0,2,21,5,0,1,2
5,24,29,30,5,24,0,2,22,5,0,1,2
5,25,30,31,5,5,0,2,1,3,1,2,1
5,25,30,31,5,5,0,2,2,25,0,1,2
5,25,30,31,5,5,0,2,3,25,0,1,1
5,25,30,31,5,25,0,2,1,5,0,1,2
5,25,30,31,5,25,0,2,2,5,0,1,2
5,25,30,31,5,25,0,2,3,5,0,1,2
5,25,30,31,5,25,0,2,4,4,0,2,2
5,25,30,31,5,25,0,2,5,5,0,1,2
5,25,30,31,5,25,0,2,6,5,0,1,2
5,25,30,31,5,25,0,2,7,5,0,1,2
5,25,30,31,5,25,0,2,8,5,0,1,2
5,25,30,31,5,25,0,2,9,5,0,1,2
5,25,30,31,5,25,0,2,10,5,0,1,2
5,25,30,31,5,25,0,2,11,5,0,1,2
5,25,30,31,5,25,0,2,12,5,0,1,2
5,25,30,31,5,25,0,2,13,5,0,1,2
5,25,30,31,5,25,0,2,14,5,0,1,2
5,25,30,31,5,25,0,2,15,5,0,1,2
5,25,30,31,5,25,0,2,16,5,0,1,2
5,25,30,31,5,25,0,2,17,5,0,1,2
5,25,30,31,5,25,0,2,18,5,0,1,2
5,25,30,31,5,25,0,2,19,5,0,1,2
5,25,30,31,5,25,0,2,20,4,1,2,2
5,25,30,31,5,25,0,2,21,3,1,2,1
5,25,30,31,5,25,0,2,22,5,0,1,2
5,25,30,31,5,25,0,2,23,5,0,1,2
5,26,31,32,5,5,0,2,1,3,1,2,1
5,26,31,32,5,5,0,2,2,26,0,1,1
5,26,31,32,5,5,0,2,3,26,0,1,1
5,26,31,32,5,26,0,2,1,5,0,1,1
5,26,31,32,5,26,0,2,2,5,0,1,2
5,26,31,32,5,26,0,2,3,5,0,1,2
5,26,31,32,5,26,0,2,4,4,0,2,1
5,26,31,32,5,26,0,2,5,5,0,1,2
5,26,31,32,5,26,0,2,6,5,0,1,2
5,26,31,32,5,26,0,2,7,5,0,1,2
5,26,31,32,5,26,0,2,8,5,0,1,2
5,26,31,32,5,26,0,2,9,5,0,1,2
5,26,31,32,5,26,0,2,10,5,0,1,2
5,26,31,32,5,26,0,2,11,5,0,1,2
5,26,31,32,5,26,0,2,12,5,0,1,2
5,26,31,32,5,26,0,2,13,5,0,1,2
5,26,31,32,5,26,0,2,14,5,0,1,2
5,26,31,32,5,26,0,2,15,5,0,1,2
5,26,31,32,5,26,0,2,16,5,0,1,2
5,26,31,32,5,26,0,2,17,5,0,1,2
5,26,31,32,5,26,0,2,18,5,0,1,2
5,26,31,32,5,26,0,2,19,5,0,1,2
5,26,31,32,5,26,0,2,20,5,0,1,2
5,26,31,32,5,26,0,2,21,4,1,2,1
5,26,31,32,5,26,0,2,22,3,1,2,1
5,26,31,32,5,26,0,2,23,5,0,1,2
5,26,31,32,5,26,0,2,24,5,0,1,2
5,27,32,33,5,5,0,2,1,3,1,2,1
5,27,32,33,5,5,0,2,2,27,0,1,2
5,27,32,33,5,5,0,2,3,27,0,1,1
5,27,32,33,5,27,0,2,1,5,0,1,2
5,27,32,33,5,27,0,2,2,5,0,1,2
5,27,32,33,5,27,0,2,3,5,0,1,2
5,27,32,33,5,27,0,2,4,4,0,2,2
5,27,32,33,5,27,0,2,5,5,0,1,2
5,27,32,33,5,27,0,2,6,5,0,1,2
5,27,32,33,5,27,0,2,7,5,0,1,2
5,27,32,33,5,27,0,2,8,5,0,1,2
5,27,32,33,5,27,0,2,9,5,0,1,2
5,27,32,33,5,27,0,2,10,5,0,1,2
5,27,32,33,5,27,0,2,11,5,0,1,2
5,27,32,33,5,27,0,2,12,5,0,1,2
5,27,32,33,5,27,0,2,13,5,0,1,2
5,27,32,33,5,27,0,2,14,5,0,1,2
5,27,32,33,5,27,0,2,15,5,0,1,2
5,27,32,33,5,27,0,2,16,5,0,1,2
5,27,32,33,5,27,0,2,17,5,0,1,2
5,27,32,33,5,27,0,2,18,5,0,1,2
5,27,32,33,5,27,0,2,19,5,0,1,2
5,27,32,33,5,27,0,2,20,5,0,1,2
5,27,32,33,5,27,0,2,21,5,0,1,2
5,27,32,33,5,27,0,2,22,4,1,2,2
5,27,32,33,5,27,0,2,23,5,0,1,2
5,27,32,33,5,27,0,2,24,5,0,1,2
5,27,32,33,5,27,0,2,25,5,0,1,2
5,28,33,34,5,5,0,2,1,3,1,2,1
5,28,33,34,5,5,0,2,2,28,0,1,1
5,28,33,34,5,5,0,2,3,28,0,1,1
5,28,33,34,5,28,0,2,1,5,0,1,1
5,28,33,34,5,28,0,2,2,5,0,1,2
5,28,33,34,5,28,0,2,3,5,0,1,2
5,28,33,34,5,28,0,2,4,4,0,2,2
5,28,33,34,5,28,0,2,5,5,0,1,2
5,28,33,34,5,28,0,2,6,5,0,1,2
5,28,33,34,5,28,0,2,7,5,0,1,2
5,28,33,34,5,28,0,2,8,5,0,1,2
5,28,33,34,5,28,0,2,9,5,0,1,2
5,28,33,34,5,28,0,2,10,5,0,1,2
5,28,33,34,5,28,0,2,11,5,0,1,2
5,28,33,34,5,28,0,2,12,5,0,1,2
5,28,33,34,5,28,0,2,13,5,0,1,2
5,28,33,34,5,28,0,2,14,5,0,1,2
5,28,33,34,5,28,0,2,15,5,0,1,2
5,28,33,34,5,28,0,2,16,5,0,1,2
5,28,33,34,5,28,0,2,17,5,0,1,2
5,28,33,34,5,28,0,2,18,5,0,1,2
5,28,33,34,5,28,0,2,19,5,0,1,2
5,28,33,34,5,28,0,2,20,5,0,1,2
5,28,33,34,5,28,0,2,21,5,0,1,2
5,28,33,34,5,28,0,2,22,5,0,1,2
5,28,33,34,5,28,0,2,23,4,1,2,1
5,28,33,34,5,28,0,2,24,3,1,2,1
5,28,33,34,5,28,0,2,25,5,0,1,2
5,28,33,34,5,28,0,2,26,5,0,1,2
5,29,34,35,5,5,0,2,1,3,1,2,0
5,29,34,35,5,5,0,2,2,29,0,1,2
5,29,34,35,5,5,0,2,3,29,0,1,1
5,29,34,35,5,29,0,2,1,5,0,1,2
5,29,34,35,5,29,0,2,2,5,0,1,2
5,29,34,35,5,29,0,2,3,5,0,1,2
5,29,34,35,5,29,0,2,4,4,0,2,2
5,29,34,35,5,29,0,2,5,5,0,1,2
5,29,34,35,5,29,0,2,6,5,0,1,2
5,29,34,35,5,29,0,2,7,5,0,1,2
5,29,34,35,5,29,0,2,8,5,0,1,2
5,29,34,35,5,29,0,2,9,5,0,1,2
5,29,34,35,5,29,0,2,10,5,0,1,2
5,29,34,35,5,29,0,2,11,5,0,1,2
5,29,34,35,5,29,0,2,12,5,0,1,2
5,29,34,35,5,29,0,2,13,5,0,1,2
5,29,34,35,5,29,0,2,14,5,0,1,2
5,29,34,35,5,29,0,2,15,5,0,1,2
5,29,34,35,5,29,0,2,16,5,0,1,2
5,29,34,35,5,29,0,2,17,5,0,1,2
5,29,34,35,5,29,0,2,18,5,0,1,2
5,29,34,35,5,29,0,2,19,5,0,1,2
5,29,34,35,5,29,0,2,20,5,0,1,2
5,29,34,35,5,29,0,2,21,5,0,1,2
5,29,34,35,5,29,0,2,22,5,0,1,2
5,29,34,35,5,29,0,2,23,5,0,1,2
5,29,34,35,5,29,0,2,24,4,1,2,2
5,29,34,35,5,29,0,2,25,3,1,2,1
5,29,34,35,5,29,0,2,26,5,0,1,2
5,29,34,35,5,29,0,2,27,5,0,1,2
5,30,35,36,5,5,0,2,1,3,1,2,1
5,30,35,36,5,5,0,2,2,30,0,1,1
5,30,35,36,5,5,0,2,3,30,0,1,1
5,30,35,36,5,30,0,2,1,5,0,1,1
5,30,35,36,5,30,0,2,2,5,0,1,2
5,30,35,36,5,30,0,2,3,3,0,2,1
5,30,35,36,5,30,0,2,4,4,0,2,1
5,30,35,36,5,30,0,2,5,5,0,1,2
5,30,35,36,5,30,0,2,6,5,0,1,2
5,30,35,36,5,30,0,2,7,5,0,1,2
5,30,35,36,5,30,0,2,8,5,0,1,2
5,30,35,36,5,30,0,2,9,5,0,1,2
5,30,35,36,5,30,0,2,10,5,0,1,2
5,30,35,36,5,30,0,2,11,5,0,1,2
5,30,35,36,5,30,0,2,12,5,0,1,2
5,30,35,36,5,30,0,2,13,5,0,1,2
5,30,35,36,5,30,0,2,14,5,0,1,2
5,30,35,36,5,30,0,2,15,5,0,1,2
5,30,35,36,5,30,0,2,16,5,0,1,2
5,30,35,36,5,30,0,2,17,5,0,1,2
5,30,35,36,5,30,0,2,18,5,0,1,2
5,30,35,36,5,30,0,2,19,5,0,1,2
5,30,35,36,5,30,0,2,20,5,0,1,2
5,30,35,36,5,30,0,2,21,5,0,1,2
5,30,35,36,5,30,0,2,22,5,0,1,2
5,30,35,36,5,30,0,2,23,5,0,1,2
5,30,35,36,5,30,0,2,24,5,0,1,2
5,30,35,36,5,30,0,2,25,4,1,2,1
5,30,35,36,5,30,0,2,26,3,1,2,1
5,30,35,36,5,30,0,2,27,5,0,1,2
5,30,35,36,5,30,0,2,28,5,0,1,2
5,31,36,37,5,5,0,2,1,3,1,2,1
5,31,36,37,5,5,0,2,2,31,0,1,2
5,31,36,37,5,5,0,2,3,31,0,1,1
5,31,36,37,5,31,0,2,1,5,0,1,2
5,31,36,37,5,31,0,2,2,5,0,1,2
5,31,36,37,5,31,0,2,3,5,0,1,2
5,31,36,37,5,31,0,2,4,4,0,2,2
5,31,36,37,5,31,0,2,5,5,0,1,2
5,31,36,37,5,31,0,2,6,5,0,1,2
5,31,36,37,5,31,0,2,7,5,0,1,2
5,31,36,37,5,31,0,2,8,5,0,1,2
5,31,36,37,5,31,0,2,9,5,0,1,2
5,31,36,37,5,31,0,2,10,5,0,1,2
5,31,36,37,5,31,0,2,11,5,0,1,2
5,31,36,37,5,31,0,2,12,5,0,1,2
5,31,36,37,5,31,0,2,13,5,0,1,2
5,31,36,37,5,31,0,2,14,5,0,1,2
5,31,36,37,5,31,0,2,15,5,0,1,2
5,31,36,37,5,31,0,2,16,5,0,1,2
5,31,36,37,5,31,0,2,17,5,0,1,2
5,31,36,37,5,31,0,2,18,5,0,1,2
5,31,36,37,5,31,0,2,19,5,0,1,2
5,31,36,37,5,31,0,2,20,5,0,1,2
5,31,36,37,5,31,0,2,21,5,0,1,2
5,31,36,37,5,31,0,2,22,5,0,1,2
5,31,36,37,5,31,0,2,23,5,0,1,2
5,31,36,37,5,31,0,2,24,5,0,1,2
5,31,36,37,5,31,0,2,25,5,0,1,2
5,31,36,37,5,31,0,2,26,4,1,2,2
5,31,36,37,5,31,0,2,27,5,0,1,2
5,31,36,37,5,31,0,2,28,5,0,1,2
5,31,36,37,5,31,0,2,29,5,0,1,2
5,32,37,38,5,5,0,2,1,3,1,2,1
5,32,37,38,5,5,0,2,2,32,0,1,1
5,32,37,38,5,5,0,2,3,32,0,1,1
5,32,37,38,5,32,0,2,1,5,0,1,1
5,32,37,38,5,32,0,2,2,5,0,1,2
5,32,37,38,5,32,0,2,3,5,0,1,2
5,32,37,38,5,32,0,2,4,4,0,2,1
5,32,37,38,5,32,0,2,5,5,0,1,2
5,32,37,38,5,32,0,2,6,5,0,1,2
5,32,37,38,5,32,0,2,7,5,0,1,2
5,32,37,38,5,32,0,2,8,5,0,1,2
5,32,37,38,5,32,0,2,9,5,0,1,2
5,32,37,38,5,32,0,2,10,5,0,1,2
5,32,37,38,5,32,0,2,11,5,0,1,2
5,32,37,38,5,32,0,2,12,5,0,1,2
5,32,37,38,5,32,0,2,13,5,0,1,2
5,32,37,38,5,32,0,2,14,5,0,1,2
5,32,37,38,5,32,0,2,15,5,0,1,2
5,32,37,38,5,32,0,2,16,5,0,1,2
5,32,37,38,5,32,0,2,17,5,0,1,2
5,32,37,38,5,32,0,2,18,5,0,1,2
5,32,37,38,5,32,0,2,19,5,0,1,2
5,32,37,38,5,32,0,2,20,5,0,1,2
5,32,37,38,5,32,0,2,21,5,0,1,2
5,32,37,38,5,32,0,2,22,5,0,1,2
5,32,37,38,5,32,0,2,23,5,0,1,2
5,32,37,38,5,32,0,2,24,5,0,1,2
5,32,37,38,5,32,0,2,25,5,0,1,2
5,32,37,38,5,32,0,2,26,5,0,1,2
5,32,37,38,5,32,0,2,27,4,1,2,1
5,32,37,38,5,32,0,2,28,3,1,2,1
5,32,37,38,5,32,0,2,29,5,0,1,2
5,32,37,38,5,32,0,2,30,5,0,1,2
5,33,38,39,5,5,0,2,1,3,1,2,1
5,33,38,39,5,5,0,2,2,33,0,1,2
5,33,38,39,5,5,0,2,3,33,0,1,1
5,33,38,39,5,33,0,2,1,5,0,1,2
5,33,38,39,5,33,0,2,2,5,0,1,2
5,33,38,39,5,33,0,2,3,5,0,1,2
5,33,38,39,5,33,0,2,4,4,0,2,2
5,33,38,39,5,33,0,2,5,5,0,1,2
5,33,38,39,5,33,0,2,6,5,0,1,2
5,33,38,39,5,33,0,2,7,5,0,1,2
5,33,38,39,5,33,0,2,8,5,0,1,2
5,33,38,39,5,33,0,2,9,5,0,1,2
5,33,38,39,5,33,0,2,10,5,0,1,2
5,33,38,39,5,33,0,2,11,5,0,1,2
5,33,38,39,5,33,0,2,12,5,0,1,2
5,33,38,39,5,33,0,2,13,5,0,1,2
5,33,38,39,5,33,0,2,14,5,0,1,2
5,33,38,39,5,33,0,2,15,5,0,1,2
5,33,38,39,5,33,0,2,16,5,0,1,2
5,33,38,39,5,33,0,2,17,5,0,1,2
5,33,38,39,5,33,0,2,18,5,0,1,2
5,33,38,39,5,33,0,2,19,5,0,1,2
5,33,38,39,5,33,0,2,20,5,0,1,2
5,33,38,39,5,33,0,2,21,5,0,1,2
5,33,38,39,5,33,0,2,22,5,0,1,2
5,33,38,39,5,33,0,2,23,5,0,1,2
5,33,38,39,5,33,0,2,24,5,0,1,2
5,33,38,39,5,33,0,2,25,5,0,1,2
5,33,38,39,5,33,0,2,26,5,0,1,2
5,33,38,39,5,33,0,2,27,5,0,1,2
5,33,38,39,5,33,0,2,28,4,1,2,2
5,33,38,39,5,33,0,2,29,5,0,1,2
5,33,38,39,5,33,0,2,30,5,0,1,2
5,33,38,39,5,33,0,2,31,5,0,1,2
5,34,39,40,5,5,0,2,1,3,1,2,1
5,34,39,40,5,5,0,2,2,34,0,1,1
5,34,39,40,5,5,0,2,3,34,0,1,1
5,34,39,40,5,34,0,2,1,5,0,1,1
5,34,39,40,5,34,0,2,2,5,0,1,2
5,34,39,40,5,34,0,2,3,5,0,1,2
5,34,39,40,5,34,0,2,4,4,0,2,2
5,34,39,40,5,34,0,2,5,5,0,1,2
5,34,39,40,5,34,0,2,6,5,0,1,2
5,34,39,40,5,34,0,2,7,5,0,1,2
5,34,39,40,5,34,0,2,8,5,0,1,2
5,34,39,40,5,34,0,2,9,5,0,1,2
5,34,39,40,5,34,0,2,10,5,0,1,2
5,34,39,40,5,34,0,2,11,5,0,1,2
5,34,39,40,5,34,0,2,12,5,0,1,2
5,34,39,40,5,34,0,2,13,5,0,1,2
5,34,39,40,5,34,0,2,14,5,0,1,2
5,34,39,40,5,34,0,2,15,5,0,1,2
5,34,39,40,5,34,0,2,16,5,0,1,2
5,34,39,40,5,34,0,2,17,5,0,1,2
5,34,39,40,5,34,0,2,18,5,0,1,2
5,34,39,40,5,34,0,2,19,5,0,1,2
5,34,39,40,5,34,0,2,20,5,0,1,2
5,34,39,40,5,34,0,2,21,5,0,1,2
5,34,39,40,5,34,0,2,22,5,0,1,2
5,34,39,40,5,34,0,2,23,5,0,1,2
5,34,39,40,5,34,0,2,24,5,0,1,2
5,34,39,40,5,34,0,2,25,5,0,1,2
5,34,39,40,5,34,0,2,26,5,0,1,2
5,34,39,40,5,34,0,2,27,5,0,1,2
5,34,39,40,5,34,0,2,28,5,0,1,2
5,34,39,40,5,34,0,2,29,4,1,2,1
5,34,39,40,5,34,0,2,30,3,1,2,1
5,34,39,40,5,34,0,2,31,5,0,1,2
5,34,39,40,5,34,0,2,32,5,0,1,2
5,35,40,41,5,5,0,2,1,3,1,2,0
5,35,40,41,5,5,0,2,2,35,0,1,2
5,35,40,41,5,5,0,2,3,35,0,1,1
5,35,40,41,5,35,0,2,1,5,0,1,2
5,35,40,41,5,35,0,2,2,5,0,1,2
5,35,40,41,5,35,0,2,3,5,0,1,2
5,35,40,41,5,35,0,2,4,4,0,2,2
5,35,40,41,5,35,0,2,5,5,0,1,2
5,35,40,41,5,35,0,2,6,5,0,1,2
5,35,40,41,5,35,0,2,7,5,0,1,2
5,35,40,41,5,35,0,2,8,5,0,1,2
5,35,40,41,5,35,0,2,9,5,0,1,2
5,35,40,41,5,35,0,2,10,5,0,1,2
5,35,40,41,5,35,0,2,11,5,0,1,2
5,35,40,41,5,35,0,2,12,5,0,1,2
5,35,40,41,5,35,0,2,13,5,0,1,2
5,35,40,41,5,35,0,2,14,5,0,1,2
5,35,40,41,5,35,0,2,15,5,0,1,2
5,35,40,41,5,35,0,2,16,5,0,1,2
5,35,40,41,5,35,0,2,17,5,0,1,2
5,35,40,41,5,35,0,2,18,5,0,1,2
5,35,40,41,5,35,0,2,19,5,0,1,2
5,35,40,41,5,35,0,2,20,5,0,1,2
5,35,40,41,5,35,0,2,21,5,0,1,2
5,35,40,41,5,35,0,2,22,5,0,1,2
5,35,40,41,5,35,0,2,23,5,0,1,2
5,35,40,41,5,35,0,2,24,5,0,1,2
5,35,40,41,5,35,0,2,25,5,0,1,2
5,35,40,41,5,35,0,2,26,5,0,1,2
5,35,40,41,5,35,0,2,27,5,0,1,2
5,35,40,41,5,35,0,2,28,5,0,1,2
5,35,40,41,5,35,0,2,29,5,0,1,2
5,35,40,41,5,35,0,2,30,4,1,2,2
5,35,40,41,5,35,0,2,31,5,0,1,2
5,35,40,41,5,35,0,2,32,5,0,1,2
5,35,40,41,5,35,0,2,33,5,0,1,2
5,36,41,42,5,5,0,2,1,3,1,2,1
5,36,41,42,5,5,0,2,2,36,0,1,1
5,36,41,42,5,5,0,2,3,36,0,1,1
5,36,41,42,5,36,0,2,1,5,0,1,1
5,36,41,42,5,36,0,2,2,5,0,1,2
5,36,41,42,5,36,0,2,3,5,0,1,2
5,36,41,42,5,36,0,2,4,4,0,2,1
5,36,41,42,5,36,0,2,5,5,0,1,2
5,36,41,42,5,36,0,2,6,5,0,1,2
5,36,41,42,5,36,0,2,7,5,0,1,2
5,36,41,42,5,36,0,2,8,5,0,1,2
5,36,41,42,5,36,0,2,9,5,0,1,2
5,36,41,42,5,36,0,2,10,5,0,1,2
5,36,41,42,5,36,0,2,11,5,0,1,2
5,36,41,42,5,36,0,2,12,5,0,1,2
5,36,41,42,5,36,0,2,13,5,0,1,2
5,36,41,42,5,36,0,2,14,5,0,1,2
5,36,41,42,5,36,0,2,15,5,0,1,2
5,36,41,42,5,36,0,2,16,5,0,1,2
5,36,41,42,5,36,0,2,17,5,0,1,2
5,36,41,42,5,36,0,2,18,5,0,1,2
5,36,41,42,5,36,0,2,19,5,0,1,2
5,36,41,42,5,36,0,2,20,5,0,1,2
5,36,41,42,5,36,0,2,21,5,0,1,2
5,36,41,42,5,36,0,2,22,5,0,1,2
5,36,41,42,5,36,0,2,23,5,0,1,2
5,36,41,42,5,36,0,2,24,5,0,1,2
5,36,41,42,5,36,0,2,25,5,0,1,2
5,36,41,42,5,36,0,2,26,5,0,1,2
5,36,41,42,5,36,0,2,27,5,0,1,2
5,36,41,42,5,36,0,2,28,5,0,1,2
5,36,41,42,5,36,0,2,29,5,0,1,2
5,36,41,42,5,36,0,2,30,5,0,1,2
5,36,41,42,5,36,0,2,31,4,1,2,1
5,36,41,42,5,36,0,2,32,3,1,2,1
5,36,41,42,5,36,0,2,33,5,0,1,2
5,36,41,42,5,36,0,2,34,5,0,1,2
5,37,42,43,5,5,0,2,1,3,1,2,1
5,37,42,43,5,5,0,2,2,37,0,1,2
5,37,42,43,5,5,0,2,3,37,0,1,1
5,37,42,43,5,37,0,2,1,5,0,1,2
5,37,42,43,5,37,0,2,2,5,0,1,2
5,37,42,43,5,37,0,2,3,5,0,1,2
5,37,42,43,5,37,0,2,4,4,0,2,2
5,37,42,43,5,37,0,2,5,5,0,1,2
5,37,42,43,5,37,0,2,6,5,0,1,2
5,37,42,43,5,37,0,2,7,5,0,1,2
5,37,42,43,5,37,0,2,8,5,0,1,2
5,37,42,43,5,37,0,2,9,5,0,1,2
5,37,42,43,5,37,0,2,10,5,0,1,2
5,37,42,43,5,37,0,2,11,5,0,1,2
5,37,42,43,5,37,0,2,12,5,0,1,2
5,37,42,43,5,37,0,2,13,5,0,1,2
5,37,42,43,5,37,0,2,14,5,0,1,2
5,37,42,43,5,37,0,2,15,5,0,1,2
5,37,42,43,5,37,0,2,16,5,0,1,2
5,37,42,43,5,37,0,2,17,5,0,1,2
5,37,42,43,5,37,0,2,18,5,0,1,2
5,37,42,43,5,37,0,2,19,5,0,1,2
5,37,42,43,5,37,0,2,20,5,0,1,2
5,37,42,43,5,37,0,2,21,5,0,1,2
5,37,42,43,5,37,0,2,22,5,0,1,2
5,37,42,43,5,37,0,2,23,5,0,1,2
5,37,42,43,5,37,0,2,24,5,0,1,2
5,37,42,43,5,37,0,2,25,5,0,1,2
5,37,42,43,5,37,0,2,26,5,0,1,2
5,37,42,43,5,37,0,2,27,5,0,1,2
5,37,42,43,5,37,0,2,28,5,0,1,2
5,37,42,43,5,37,0,2,29,5,0,1,2
5,37,42,43,5,37,0,2,30,5,0,1,2
5,37,42,43,5,37,0,2,31,5,0,1,2
5,37,42,43,5,37,0,2,32,4,1,2,2
5,37,42,43,5,37,0,2,33,5,0,1,2
5,37,42,43,5,37,0,2,34,5,0,1,2
5,37,42,43,5,37,0,2,35,5,0,1,2
5,38,43,44,5,5,0,2,1,3,1,2,1
5,38,43,44,5,5,0,2,2,38,0,1,1
5,38,43,44,5,5,0,2,3,38,0,1,1
5,38,43,44,5,38,0,2,1,5,0,1,1
5,38,43,44,5,38,0,2,2,5,0,1,2
5,38,43,44,5,38,0,2,3,5,0,1,2
5,38,43,44,5,38,0,2,4,4,0,2,1
5,38,43,44,5,38,0,2,5,5,0,1,2
5,38,43,44,5,38,0,2,6,5,0,1,2
5,38,43,44,5,38,0,2,7,5,0,1,2
5,38,43,44,5,38,0,2,8,5,0,1,2
5,38,43,44,5,38,0,2,9,5,0,1,2
5,38,43,44,5,38,0,2,10,5,0,1,2
5,38,43,44,5,38,0,2,11,5,0,1,2
5,38,43,44,5,38,0,2,12,5,0,1,2
5,38,43,44,5,38,0,2,13,5,0,1,2
5,38,43,44,5,38,0,2,14,5,0,1,2
5,38,43,44,5,38,0,2,15,5,0,1,2
5,38,43,44,5,38,0,2,16,5,0,1,2
5,38,43,44,5,38,0,2,17,5,0,1,2
5,38,43,44,5,38,0,2,18,5,0,1,2
5,38,43,44,5,38,0,2,19,5,0,1,2
5,38,43,44,5,38,0,2,20,5,0,1,2
5,38,43,44,5,38,0,2,21,5,0,1,2
5,38,43,44,5,38,0,2,22,5,0,1,2
5,38,43,44,5,38,0,2,23,5,0,1,2
5,38,43,44,5,38,0,2,24,5,0,1,2
5,38,43,44,5,38,0,2,25,5,0,1,2
5,38,43,44,5,38,0,2,26,5,0,1,2
5,38,43,44,5,38,0,2,27,5,0,1,2
5,38,43,44,5,38,0,2,28,5,0,1,2
5,38,43,44,5,38,0,2,29,5,0,1,2
5,38,43,44,5,38,0,2,30,5,0,1,2
5,38,43,44,5,38,0,2,31,5,0,1,2
5,38,43,44,5,38,0,2,32,5,0,1,2
5,38,43,44,5,38,0,2,33,4,1,2,1
5,38,43,44,5,38,0,2,34,3,1,2,1
5,38,43,44,5,38,0,2,35,5,0,1,2
5,38,43,44,5,38,0,2,36,5,0,1,2
5,39,44,45,5,5,0,2,1,3,1,2,1
5,39,44,45,5,5,0,2,2,39,0,1,2
5,39,44,45,5,5,0,2,3,39,0,1,1
5,39,44,45,5,39,0,2,1,5,0,1,2
5,39,44,45,5,39,0,2,2,5,0,1,2
5,39,44,45,5,39,0,2,3,5,0,1,2
5,39,44,45,5,39,0,2,4,4,0,2,2
5,39,44,45,5,39,0,2,5,5,0,1,2
5,39,44,45,5,39,0,2,6,5,0,1,2
5,39,44,45,5,39,0,2,7,5,0,1,2
5,39,44,45,5,39,0,2,8,5,0,1,2
5,39,44,45,5,39,0,2,9,5,0,1,2
5,39,44,45,5,39,0,2,10,5,0,1,2
5,39,44,45,5,39,0,2,11,5,0,1,2
5,39,44,45,5,39,0,2,12,5,0,1,2
5,39,44,45,5,39,0,2,13,5,0,1,2
5,39,44,45,5,39,0,2,14,5,0,1,2
5,39,44,45,5,39,0,2,15,5,0,1,2
5,39,44,45,5,39,0,2,16,5,0,1,2
5,39,44,45,5,39,0,2,17,5,0,1,2
5,39,44,45,5,39,0,2,18,5,0,1,2
5,39,44,45,5,39,0,2,19,5,0,1,2
5,39,44,45,5,39,0,2,20,5,0,1,2
5,39,44,45,5,39,0,2,21,5,0,1,2
5,39,44,45,5,39,0,2,22,5,0,1,2
5,39,44,45,5,39,0,2,23,5,0,1,2
5,39,44,45,5,39,0,2,24,5,0,1,2
5,39,44,45,5,39,0,2,25,5,0,1,2
5,39,44,45,5,39,0,2,26,5,0,1,2
5,39,44,45,5,39,0,2,27,5,0,1,2
5,39,44,45,5,39,0,2,28,5,0,1,2
5,39,44,45,5,39,0,2,29,5,0,1,2
5,39,44,45,5,39,0,2,30,5,0,1,2
5,39,44,45,5,39,0,2,31,5,0,1,2
5,39,44,45,5,39,0,2,32,5,0,1,2
5,39,44,45,5,39,0,2,33,5,0,1,2
5,39,44,45,5,39,0,2,34,4,1,2,2
5,39,44,45,5,39,0,2,35,5,0,1,2
5,39,44,45,5,39,0,2,36,5,0,1,2
5,39,44,45,5,39,0,2,37,5,0,1,2
6,2,8,9,6,6,0,2,1,4,1,2,1
6,2,8,9,6,6,0,2,2,3,1,2,1
6,2,8,9,6,6,0,2,3,3,0,2,1
6,2,8,9,6,6,0,2,4,4,0,2,1
6,5,11,12,6,5,0,2,1,3,1,2,1
6,5,11,12,6,5,0,2,2,6,0,1,2
6,5,11,12,6,5,0,2,3,6,0,1,2
6,5,11,12,6,6,0,2,1,4,1,2,2
6,5,11,12,6,6,0,2,2,5,0,1,1
6,5,11,12,6,6,0,2,3,5,0,1,2
6,5,11,12,6,6,0,2,4,4,0,2,2
6,6,12,13,6,6,0,2,1,4,1,2,1
6,6,12,13,6,6,0,2,2,6,0,1,2
6,6,12,13,6,6,0,2,3,6,0,1,1
6,6,12,13,6,6,0,2,4,4,0,2,2
6,7,13,14,6,6,0,2,1,4,1,2,1
6,7,13,14,6,6,0,2,2,7,0,1,2
6,7,13,14,6,6,0,2,3,3,0,2,1
6,7,13,14,6,6,0,2,4,4,0,2,1
6,7,13,14,6,7,0,2,1,5,1,2,2
6,7,13,14,6,7,0,2,2,4,1,2,2
6,7,13,14,6,7,0,2,3,6,0,1,1
6,7,13,14,6,7,0,2,4,4,0,2,2
6,7,13,14,6,7,0,2,5,5,0,2,2
6,10,16,17,6,6,0,2,1,4,1,2,0
6,10,16,17,6,6,0,2,2,10,0,1,2
6,10,16,17,6,6,0,2,3,10,0,1,1
6,10,16,17,6,6,0,2,4,4,0,2,2
6,10,16,17,6,10,0,2,1,6,0,1,2
6,10,16,17,6,10,0,2,2,6,0,1,3
6,10,16,17,6,10,0,2,3,3,0,2,1
6,10,16,17,6,10,0,2,4,4,0,2,2
6,10,16,17,6,10,0,2,5,4,1,2,2
6,10,16,17,6,10,0,2,6,3,1,2,1
6,10,16,17,6,10,0,2,7,6,0,1,3
6,10,16,17,6,10,0,2,8,6,0,1,2
6,11,17,18,6,6,0,2,1,4,1,2,1
6,11,17,18,6,6,0,2,2,11,0,1,1
6,11,17,18,6,6,0,2,3,11,0,1,2
6,11,17,18,6,6,0,2,4,4,0,2,2
6,11,17,18,6,11,0,2,1,6,0,1,1
6,11,17,18,6,11,0,2,2,6,0,1,2
6,11,17,18,6,11,0,2,3,6,0,1,2
6,11,17,18,6,11,0,2,4,4,0,2,2
6,11,17,18,6,11,0,2,5,5,0,2,2
6,11,17,18,6,11,0,2,6,4,1,2,1
6,11,17,18,6,11,0,2,7,3,1,2,1
6,11,17,18,6,11,0,2,8,6,0,1,3
6,11,17,18,6,11,0,2,9,6,0,1,2
6,12,18,19,6,6,0,2,1,4,1,2,1
6,12,18,19,6,6,0,2,2,12,0,1,2
6,12,18,19,6,6,0,2,3,12,0,1,1
6,12,18,19,6,6,0,2,4,4,0,2,2
6,12,18,19,6,12,0,2,1,6,0,1,2
6,12,18,19,6,12,0,2,2,6,0,1,3
6,12,18,19,6,12,0,2,3,6,0,1,2
6,12,18,19,6,12,0,2,4,4,0,2,2
6,12,18,19,6,12,0,2,5,5,0,2,2
6,12,18,19,6,12,0,2,6,5,1,2,2
6,12,18,19,6,12,0,2,7,4,1,2,2
6,12,18,19,6,12,0,2,8,6,0,1,2
6,12,18,19,6,12,0,2,9,6,0,1,2
6,12,18,19,6,12,0,2,10,6,0,1,3
6,13,19,20,6,6,0,2,1,4,1,2,1
6,13,19,20,6,6,0,2,2,13,0,1,2
6,13,19,20,6,6,0,2,3,13,0,1,2
6,13,19,20,6,6,0,2,4,4,0,2,2
6,13,19,20,6,13,0,2,1,6,0,1,1
6,13,19,20,6,13,0,2,2,6,0,1,2
6,13,19,20,6,13,0,2,3,6,0,1,1
6,13,19,20,6,13,0,2,4,4,0,2,2
6,13,19,20,6,13,0,2,5,5,0,2,2
6,13,19,20,6,13,0,2,6,6,0,1,2
6,13,19,20,6,13,0,2,7,5,1,2,2
6,13,19,20,6,13,0,2,8,4,1,2,2
6,13,19,20,6,13,0,2,9,6,0,1,2
6,13,19,20,6,13,0,2,10,6,0,1,1
6,13,19,20,6,13,0,2,11,6,0,1,2
6,14,20,21,6,6,0,2,1,4,1,2,1
6,14,20,21,6,6,0,2,2,14,0,1,3
6,14,20,21,6,6,0,2,3,14,0,1,2
6,14,20,21,6,6,0,2,4,4,0,2,2
6,14,20,21,6,14,0,2,1,6,0,1,2
6,14,20,21,6,14,0,2,2,6,0,1,3
6,14,20,21,6,14,0,2,3,6,0,1,2
6,14,20,21,6,14,0,2,4,6,0,1,3
6,14,20,21,6,14,0,2,5,5,0,2,2
6,14,20,21,6,14,0,2,6,7,1,2,3
6,14,20,21,6,14,0,2,7,6,0,1,3
6,14,20,21,6,14,0,2,8,5,1,2,2
6,14,20,21,6,14,0,2,9,9,0,2,5
6,14,20,21,6,14,0,2,10,6,0,1,2
6,14,20,21,6,14,0,2,11,6,0,1,3
6,14,20,21,6,14,0,2,12,6,0,1,3
6,15,21,22,6,6,0,2,1,4,1,2,1
6,15,21,22,6,6,0,2,2,15,0,1,1
6,15,21,22,6,6,0,2,3,15,0,1,2
6,15,21,22,6,6,0,2,4,4,0,2,2
6,15,21,22,6,15,0,2,1,6,0,1,1
6,15,21,22,6,15,0,2,2,6,0,1,2
6,15,21,22,6,15,0,2,3,6,0,1,2
6,15,21,22,6,15,0,2,4,4,0,2,2
6,15,21,22,6,15,0,2,5,5,0,2,2
6,15,21,22,6,15,0,2,6,6,0,1,1
6,15,21,22,6,15,0,2,7,6,0,1,3
6,15,21,22,6,15,0,2,8,6,0,1,3
6,15,21,22,6,15,0,2,9,5,1,2,1
6,15,21,22,6,15,0,2,10,4,1,2,2
6,15,21,22,6,15,0,2,11,3,1,2,1
6,15,21,22,6,15,0,2,12,6,0,1,3
6,15,21,22,6,15,0,2,13,6,0,1,3
6,16,22,23,6,6,0,2,1,4,1,2,0
6,16,22,23,6,6,0,2,2,16,0,1,2
6,16,22,23,6,6,0,2,3,16,0,1,1
6,16,22,23,6,6,0,2,4,4,0,2,2
6,16,22,23,6,16,0,2,1,6,0,1,2
6,16,22,23,6,16,0,2,2,6,0,1,3
6,16,22,23,6,16,0,2,3,6,0,1,1
6,16,22,23,6,16,0,2,4,4,0,2,2
6,16,22,23,6,16,0,2,5,5,0,2,2
6,16,22,23,6,16,0,2,6,6,0,1,1
6,16,22,23,6,16,0,2,7,6,0,1,2
6,16,22,23,6,16,0,2,8,6,0,1,3
6,16,22,23,6,16,0,2,9,6,0,1,1
6,16,22,23,6,16,0,2,10,5,1,2,2
6,16,22,23,6,16,0,2,11,4,1,2,2
6,16,22,23,6,16,0,2,12,6,0,1,2
6,16,22,23,6,16,0,2,13,6,0,1,3
6,16,22,23,6,16,0,2,14,6,0,1,2
6,17,23,24,6,6,0,2,1,4,1,2,1
6,17,23,24,6,6,0,2,2,17,0,1,1
6,17,23,24,6,6,0,2,3,17,0,1,2
6,17,23,24,6,6,0,2,4,4,0,2,2
6,17,23,24,6,17,0,2,1,6,0,1,1
6,17,23,24,6,17,0,2,2,6,0,1,2
6,17,23,24,6,17,0,2,3,6,0,1,1
6,17,23,24,6,17,0,2,4,4,0,2,2
6,17,23,24,6,17,0,2,5,5,0,2,2
6,17,23,24,6,17,0,2,6,6,0,1,2
6,17,23,24,6,17,0,2,7,6,0,1,1
6,17,23,24,6,17,0,2,8,6,0,1,3
6,17,23,24,6,17,0,2,9,6,0,1,2
6,17,23,24,6,17,0,2,10,6,0,1,2
6,17,23,24,6,17,0,2,11,5,1,2,1
6,17,23,24,6,17,0,2,12,4,1,2,1
6,17,23,24,6,17,0,2,13,6,0,1,2
6,17,23,24,6,17,0,2,14,6,0,1,2
6,17,23,24,6,17,0,2,15,6,0,1,2
6,18,24,25,6,6,0,2,1,4,1,2,1
6,18,24,25,6,6,0,2,2,18,0,1,2
6,18,24,25,6,6,0,2,3,18,0,1,1
6,18,24,25,6,6,0,2,4,4,0,2,2
6,18,24,25,6,18,0,2,1,6,0,1,2
6,18,24,25,6,18,0,2,2,6,0,1,3
6,18,24,25,6,18,0,2,3,6,0,1,2
6,18,24,25,6,18,0,2,4,4,0,2,2
6,18,24,25,6,18,0,2,5,5,0,2,2
6,18,24,25,6,18,0,2,6,6,0,1,2
6,18,24,25,6,18,0,2,7,6,0,1,2
6,18,24,25,6,18,0,2,8,6,0,1,2
6,18,24,25,6,18,0,2,9,6,0,1,2
6,18,24,25,6,18,0,2,10,6,0,1,3
6,18,24,25,6,18,0,2,11,6,0,1,2
6,18,24,25,6,18,0,2,12,5,1,2,2
6,18,24,25,6,18,0,2,13,4,1,2,2
6,18,24,25,6,18,0,2,14,6,0,1,2
6,18,24,25,6,18,0,2,15,6,0,1,2
6,18,24,25,6,18,0,2,16,6,0,1,3
6,19,25,26,6,6,0,2,1,4,1,2,1
6,19,25,26,6,6,0,2,2,19,0,1,1
6,19,25,26,6,6,0,2,3,19,0,1,2
6,19,25,26,6,6,0,2,4,4,0,2,2
6,19,25,26,6,19,0,2,1,6,0,1,1
6,19,25,26,6,19,0,2,2,6,0,1,2
6,19,25,26,6,19,0,2,3,6,0,1,1
6,19,25,26,6,19,0,2,4,4,0,2,2
6,19,25,26,6,19,0,2,5,5,0,2,2
6,19,25,26,6,19,0,2,6,6,0,1,2
6,19,25,26,6,19,0,2,7,6,0,1,3
6,19,25,26,6,19,0,2,8,6,0,1,2
6,19,25,26,6,19,0,2,9,6,0,1,2
6,19,25,26,6,19,0,2,10,6,0,1,2
6,19,25,26,6,19,0,2,11,6,0,1,1
6,19,25,26,6,19,0,2,12,6,0,1,2
6,19,25,26,6,19,0,2,13,5,1,2,1
6,19,25,26,6,19,0,2,14,4,1,2,2
6,19,25,26,6,19,0,2,15,6,0,1,3
6,19,25,26,6,19,0,2,16,6,0,1,2
6,19,25,26,6,19,0,2,17,6,0,1,3
6,20,26,27,6,6,0,2,1,4,1,2,0
6,20,26,27,6,6,0,2,2,20,0,1,2
6,20,26,27,6,6,0,2,3,20,0,1,1
6,20,26,27,6,6,0,2,4,4,0,2,2
6,20,26,27,6,20,0,2,1,6,0,1,2
6,20,26,27,6,20,0,2,2,6,0,1,3
6,20,26,27,6,20,0,2,3,6,0,1,2
6,20,26,27,6,20,0,2,4,4,0,2,2
6,20,26,27,6,20,0,2,5,5,0,2,2
6,20,26,27,6,20,0,2,6,6,0,1,2
6,20,26,27,6,20,0,2,7,6,0,1,3
6,20,26,27,6,20,0,2,8,6,0,1,3
6,20,26,27,6,20,0,2,9,6,0,1,3
6,20,26,27,6,20,0,2,10,6,0,1,3
6,20,26,27,6,20,0,2,11,6,0,1,3
6,20,26,27,6,20,0,2,12,6,0,1,3
6,20,26,27,6,20,0,2,13,6,0,1,2
6,20,26,27,6,20,0,2,14,5,1,2,2
6,20,26,27,6,20,0,2,15,4,1,2,2
6,20,26,27,6,20,0,2,16,6,0,1,2
6,20,26,27,6,20,0,2,17,6,0,1,3
6,20,26,27,6,20,0,2,18,6,0,1,3
6,21,27,28,6,6,0,2,1,4,1,2,1
6,21,27,28,6,6,0,2,2,21,0,1,1
6,21,27,28,6,6,0,2,3,21,0,1,2
6,21,27,28,6,6,0,2,4,4,0,2,2
6,21,27,28,6,21,0,2,1,6,0,1,1
6,21,27,28,6,21,0,2,2,6,0,1,2
6,21,27,28,6,21,0,2,3,6,0,1,2
6,21,27,28,6,21,0,2,4,4,0,2,2
6,21,27,28,6,21,0,2,5,5,0,2,2
6,21,27,28,6,21,0,2,6,6,0,1,2
6,21,27,28,6,21,0,2,7,6,0,1,2
6,21,27,28,6,21,0,2,8,6,0,1,3
6,21,27,28,6,21,0,2,9,6,0,1,3
6,21,27,28,6,21,0,2,10,6,0,1,3
6,21,27,28,6,21,0,2,11,6,0,1,3
6,21,27,28,6,21,0,2,12,6,0,1,3
6,21,27,28,6,21,0,2,13,6,0,1,3
6,21,27,28,6,21,0,2,14,6,0,1,2
6,21,27,28,6,21,0,2,15,5,1,2,2
6,21,27,28,6,21,0,2,16,4,1,2,2
6,21,27,28,6,21,0,2,17,3,1,2,1
6,21,27,28,6,21,0,2,18,6,0,1,3
6,21,27,28,6,21,0,2,19,6,0,1,3
6,22,28,29,6,6,0,2,1,4,1,2,1
6,22,28,29,6,6,0,2,2,22,0,1,2
6,22,28,29,6,6,0,2,3,22,0,1,1
6,22,28,29,6,6,0,2,4,4,0,2,2
6,22,28,29,6,22,0,2,1,6,0,1,1
6,22,28,29,6,22,0,2,2,6,0,1,3
6,22,28,29,6,22,0,2,3,6,0,1,1
6,22,28,29,6,22,0,2,4,4,0,2,2
6,22,28,29,6,22,0,2,5,5,0,2,2
6,22,28,29,6,22,0,2,6,6,0,1,1
6,22,28,29,6,22,0,2,7,6,0,1,2
6,22,28,29,6,22,0,2,8,6,0,1,3
6,22,28,29,6,22,0,2,9,6,0,1,2
6,22,28,29,6,22,0,2,10,6,0,1,2
6,22,28,29,6,22,0,2,11,6,0,1,3
6,22,28,29,6,22,0,2,12,6,0,1,2
6,22,28,29,6,22,0,2,13,6,0,1,3
6,22,28,29,6,22,0,2,14,6,0,1,2
6,22,28,29,6,22,0,2,15,6,0,1,2
6,22,28,29,6,22,0,2,16,5,1,2,2
6,22,28,29,6,22,0,2,17,4,1,2,2
6,22,28,29,6,22,0,2,18,6,0,1,2
6,22,28,29,6,22,0,2,19,6,0,1,3
6,22,28,29,6,22,0,2,20,6,0,1,3
6,23,29,30,6,6,0,2,1,4,1,2,1
6,23,29,30,6,6,0,2,2,23,0,1,1
6,23,29,30,6,6,0,2,3,3,0,2,1
6,23,29,30,6,6,0,2,4,4,0,2,1
6,23,29,30,6,23,0,2,1,6,0,1,1
6,23,29,30,6,23,0,2,2,6,0,1,1
6,23,29,30,6,23,0,2,3,6,0,1,1
6,23,29,30,6,23,0,2,4,4,0,2,2
6,23,29,30,6,23,0,2,5,5,0,2,2
6,23,29,30,6,23,0,2,6,6,0,1,2
6,23,29,30,6,23,0,2,7,6,0,1,1
6,23,29,30,6,23,0,2,8,6,0,1,2
6,23,29,30,6,23,0,2,9,6,0,1,2
6,23,29,30,6,23,0,2,10,6,0,1,2
6,23,29,30,6,23,0,2,11,6,0,1,2
6,23,29,30,6,23,0,2,12,6,0,1,2
6,23,29,30,6,23,0,2,13,6,0,1,2
6,23,29,30,6,23,0,2,14,6,0,1,2
6,23,29,30,6,23,0,2,15,6,0,1,2
6,23,29,30,6,23,0,2,16,6,0,1,2
6,23,29,30,6,23,0,2,17,5,1,2,2
6,23,29,30,6,23,0,2,18,4,1,2,2
6,23,29,30,6,23,0,2,19,6,0,1,2
6,23,29,30,6,23,0,2,20,6,0,1,2
6,23,29,30,6,23,0,2,21,6,0,1,2
6,24,30,31,6,6,0,2,1,4,1,2,1
6,24,30,31,6,6,0,2,2,24,0,1,2
6,24,30,31,6,6,0,2,3,24,0,1,1
6,24,30,31,6,6,0,2,4,4,0,2,2
6,24,30,31,6,24,0,2,1,6,0,1,2
6,24,30,31,6,24,0,2,2,6,0,1,3
6,24,30,31,6,24,0,2,3,6,0,1,2
6,24,30,31,6,24,0,2,4,4,0,2,2
6,24,30,31,6,24,0,2,5,5,0,2,2
6,24,30,31,6,24,0,2,6,6,0,1,2
6,24,30,31,6,24,0,2,7,6,0,1,2
6,24,30,31,6,24,0,2,8,6,0,1,3
6,24,30,31,6,24,0,2,9,6,0,1,2
6,24,30,31,6,24,0,2,10,6,0,1,3
6,24,30,31,6,24,0,2,11,6,0,1,2
6,24,30,31,6,24,0,2,12,6,0,1,3
6,24,30,31,6,24,0,2,13,6,0,1,3
6,24,30,31,6,24,0,2,14,6,0,1,2
6,24,30,31,6,24,0,2,15,6,0,1,2
6,24,30,31,6,24,0,2,16,6,0,1,3
6,24,30,31,6,24,0,2,17,6,0,1,3
6,24,30,31,6,24,0,2,18,5,1,2,2
6,24,30,31,6,24,0,2,19,4,1,2,2
6,24,30,31,6,24,0,2,20,6,0,1,2
6,24,30,31,6,24,0,2,21,6,0,1,3
6,24,30,31,6,24,0,2,22,6,0,1,3
6,25,31,32,6,6,0,2,1,4,1,2,1
6,25,31,32,6,6,0,2,2,25,0,1,1
6,25,31,32,6,6,0,2,3,25,0,1,2
6,25,31,32,6,6,0,2,4,4,0,2,2
6,25,31,32,6,25,0,2,1,6,0,1,1
6,25,31,32,6,25,0,2,2,6,0,1,2
6,25,31,32,6,25,0,2,3,6,0,1,1
6,25,31,32,6,25,0,2,4,4,0,2,2
6,25,31,32,6,25,0,2,5,5,0,2,2
6,25,31,32,6,25,0,2,6,6,0,1,2
6,25,31,32,6,25,0,2,7,6,0,1,3
6,25,31,32,6,25,0,2,8,6,0,1,2
6,25,31,32,6,25,0,2,9,6,0,1,2
6,25,31,32,6,25,0,2,10,6,0,1,3
6,25,31,32,6,25,0,2,11,6,0,1,2
6,25,31,32,6,25,0,2,12,6,0,1,2
6,25,31,32,6,25,0,2,13,6,0,1,2
6,25,31,32,6,25,0,2,14,6,0,1,2
6,25,31,32,6,25,0,2,15,6,0,1,3
6,25,31,32,6,25,0,2,16,6,0,1,2
6,25,31,32,6,25,0,2,17,6,0,1,3
6,25,31,32,6,25,0,2,18,6,0,1,3
6,25,31,32,6,25,0,2,19,5,1,2,1
6,25,31,32,6,25,0,2,20,4,1,2,2
6,25,31,32,6,25,0,2,21,6,0,1,2
6,25,31,32,6,25,0,2,22,6,0,1,2
6,25,31,32,6,25,0,2,23,6,0,1,3
6,26,32,33,6,6,0,2,1,4,1,2,0
6,26,32,33,6,6,0,2,2,26,0,1,2
6,26,32,33,6,6,0,2,3,26,0,1,1
6,26,32,33,6,6,0,2,4,4,0,2,2
6,26,32,33,6,26,0,2,1,6,0,1,2
6,26,32,33,6,26,0,2,2,6,0,1,3
6,26,32,33,6,26,0,2,3,6,0,1,1
6,26,32,33,6,26,0,2,4,4,0,2,2
6,26,32,33,6,26,0,2,5,5,0,2,2
6,26,32,33,6,26,0,2,6,6,0,1,1
6,26,32,33,6,26,0,2,7,6,0,1,3
6,26,32,33,6,26,0,2,8,6,0,1,3
6,26,32,33,6,26,0,2,9,6,0,1,2
6,26,32,33,6,26,0,2,10,6,0,1,3
6,26,32,33,6,26,0,2,11,6,0,1,3
6,26,32,33,6,26,0,2,12,6,0,1,2
6,26,32,33,6,26,0,2,13,6,0,1,3
6,26,32,33,6,26,0,2,14,6,0,1,3
6,26,32,33,6,26,0,2,15,6,0,1,3
6,26,32,33,6,26,0,2,16,6,0,1,2
6,26,32,33,6,26,0,2,17,6,0,1,3
6,26,32,33,6,26,0,2,18,6,0,1,3
6,26,32,33,6,26,0,2,19,6,0,1,2
6,26,32,33,6,26,0,2,20,5,1,2,2
6,26,32,33,6,26,0,2,21,4,1,2,2
6,26,32,33,6,26,0,2,22,6,0,1,2
6,26,32,33,6,26,0,2,23,6,0,1,3
6,26,32,33,6,26,0,2,24,6,0,1,3
6,27,33,34,6,6,0,2,1,4,1,2,1
6,27,33,34,6,6,0,2,2,27,0,1,1
6,27,33,34,6,6,0,2,3,27,0,1,2
6,27,33,34,6,6,0,2,4,4,0,2,2
6,27,33,34,6,27,0,2,1,6,0,1,1
6,27,33,34,6,27,0,2,2,6,0,1,2
6,27,33,34,6,27,0,2,3,6,0,1,2
6,27,33,34,6,27,0,2,4,4,0,2,2
6,27,33,34,6,27,0,2,5,5,0,2,2
6,27,33,34,6,27,0,2,6,6,0,1,2
6,27,33,34,6,27,0,2,7,6,0,1,2
6,27,33,34,6,27,0,2,8,6,0,1,3
6,27,33,34,6,27,0,2,9,6,0,1,3
6,27,33,34,6,27,0,2,10,6,0,1,2
6,27,33,34,6,27,0,2,11,6,0,1,3
6,27,33,34,6,27,0,2,12,6,0,1,3
6,27,33,34,6,27,0,2,13,6,0,1,3
6,27,33,34,6,27,0,2,14,6,0,1,2
6,27,33,34,6,27,0,2,15,6,0,1,3
6,27,33,34,6,27,0,2,16,6,0,1,3
6,27,33,34,6,27,0,2,17,6,0,1,2
6,27,33,34,6,27,0,2,18,6,0,1,3
6,27,33,34,6,27,0,2,19,6,0,1,3
6,27,33,34,6,27,0,2,20,6,0,1,2
6,27,33,34,6,27,0,2,21,5,1,2,2
6,27,33,34,6,27,0,2,22,4,1,2,2
6,27,33,34,6,27,0,2,23,6,0,1,2
6,27,33,34,6,27,0,2,24,6,0,1,3
6,27,33,34,6,27,0,2,25,6,0,1,2
6,28,34,35,6,6,0,2,1,4,1,2,1
6,28,34,35,6,6,0,2,2,28,0,1,2
6,28,34,35,6,6,0,2,3,28,0,1,1
6,28,34,35,6,6,0,2,4,4,0,2,2
6,28,34,35,6,28,0,2,1,6,0,1,1
6,28,34,35,6,28,0,2,2,6,0,1,3
6,28,34,35,6,28,0,2,3,6,0,1,1
6,28,34,35,6,28,0,2,4,4,0,2,2
6,28,34,35,6,28,0,2,5,5,0,2,2
6,28,34,35,6,28,0,2,6,6,0,1,1
6,28,34,35,6,28,0,2,7,6,0,1,2
6,28,34,35,6,28,0,2,8,6,0,1,3
6,28,34,35,6,28,0,2,9,6,0,1,2
6,28,34,35,6,28,0,2,10,6,0,1,2
6,28,34,35,6,28,0,2,11,6,0,1,3
6,28,34,35,6,28,0,2,12,6,0,1,2
6,28,34,35,6,28,0,2,13,6,0,1,2
6,28,34,35,6,28,0,2,14,6,0,1,3
6,28,34,35,6,28,0,2,15,6,0,1,2
6,28,34,35,6,28,0,2,16,6,0,1,3
6,28,34,35,6,28,0,2,17,6,0,1,2
6,28,34,35,6,28,0,2,18,6,0,1,2
6,28,34,35,6,28,0,2,19,6,0,1,3
6,28,34,35,6,28,0,2,20,6,0,1,3
6,28,34,35,6,28,0,2,21,6,0,1,2
6,28,34,35,6,28,0,2,22,5,1,2,2
6,28,34,35,6,28,0,2,23,4,1,2,2
6,28,34,35,6,28,0,2,24,6,0,1,2
6,28,34,35,6,28,0,2,25,6,0,1,3
6,28,34,35,6,28,0,2,26,6,0,1,3
6,29,35,36,6,6,0,2,1,4,1,2,1
6,29,35,36,6,6,0,2,2,29,0,1,1
6,29,35,36,6,6,0,2,3,3,0,2,1
6,29,35,36,6,6,0,2,4,4,0,2,1
6,29,35,36,6,29,0,2,1,6,0,1,1
6,29,35,36,6,29,0,2,2,6,0,1,1
6,29,35,36,6,29,0,2,3,6,0,1,1
6,29,35,36,6,29,0,2,4,4,0,2,2
6,29,35,36,6,29,0,2,5,5,0,2,2
6,29,35,36,6,29,0,2,6,6,0,1,2
6,29,35,36,6,29,0,2,7,6,0,1,2
6,29,35,36,6,29,0,2,8,6,0,1,2
6,29,35,36,6,29,0,2,9,6,0,1,2
6,29,35,36,6,29,0,2,10,6,0,1,2
6,29,35,36,6,29,0,2,11,6,0,1,2
6,29,35,36,6,29,0,2,12,6,0,1,2
6,29,35,36,6,29,0,2,13,6,0,1,2
6,29,35,36,6,29,0,2,14,6,0,1,2
6,29,35,36,6,29,0,2,15,6,0,1,2
6,29,35,36,6,29,0,2,16,6,0,1,2
6,29,35,36,6,29,0,2,17,6,0,1,2
6,29,35,36,6,29,0,2,18,6,0,1,2
6,29,35,36,6,29,0,2,19,6,0,1,2
6,29,35,36,6,29,0,2,20,6,0,1,2
6,29,35,36,6,29,0,2,21,6,0,1,2
6,29,35,36,6,29,0,2,22,6,0,1,2
6,29,35,36,6,29,0,2,23,5,1,2,1
6,29,35,36,6,29,0,2,24,4,1,2,2
6,29,35,36,6,29,0,2,25,6,0,1,2
6,29,35,36,6,29,0,2,26,6,0,1,2
6,29,35,36,6,29,0,2,27,6,0,1,2
6,30,36,37,6,6,0,2,1,4,1,2,1
6,30,36,37,6,6,0,2,2,30,0,1,2
6,30,36,37,6,6,0,2,3,30,0,1,1
6,30,36,37,6,6,0,2,4,4,0,2,2
6,30,36,37,6,30,0,2,1,6,0,1,2
6,30,36,37,6,30,0,2,2,6,0,1,3
6,30,36,37,6,30,0,2,3,6,0,1,2
6,30,36,37,6,30,0,2,4,4,0,2,2
6,30,36,37,6,30,0,2,5,5,0,2,2
6,30,36,37,6,30,0,2,6,6,0,1,2
6,30,36,37,6,30,0,2,7,6,0,1,3
6,30,36,37,6,30,0,2,8,6,0,1,3
6,30,36,37,6,30,0,2,9,6,0,1,3
6,30,36,37,6,30,0,2,10,6,0,1,3
6,30,36,37,6,30,0,2,11,6,0,1,3
6,30,36,37,6,30,0,2,12,6,0,1,3
6,30,36,37,6,30,0,2,13,6,0,1,3
6,30,36,37,6,30,0,2,14,6,0,1,2
6,30,36,37,6,30,0,2,15,6,0,1,3
6,30,36,37,6,30,0,2,16,6,0,1,3
6,30,36,37,6,30,0,2,17,6,0,1,3
6,30,36,37,6,30,0,2,18,6,0,1,2
6,30,36,37,6,30,0,2,19,6,0,1,3
6,30,36,37,6,30,0,2,20,6,0,1,3
6,30,36,37,6,30,0,2,21,6,0,1,3
6,30,36,37,6,30,0,2,22,6,0,1,3
6,30,36,37,6,30,0,2,23,6,0,1,2
6,30,36,37,6,30,0,2,24,5,1,2,2
6,30,36,37,6,30,0,2,25,4,1,2,2
6,30,36,37,6,30,0,2,26,6,0,1,2
6,30,36,37,6,30,0,2,27,6,0,1,3
6,30,36,37,6,30,0,2,28,6,0,1,3
6,31,37,38,6,6,0,2,1,4,1,2,1
6,31,37,38,6,6,0,2,2,31,0,1,1
6,31,37,38,6,6,0,2,3,31,0,1,2
6,31,37,38,6,6,0,2,4,4,0,2,2
6,31,37,38,6,31,0,2,1,6,0,1,1
6,31,37,38,6,31,0,2,2,6,0,1,2
6,31,37,38,6,31,0,2,3,6,0,1,1
6,31,37,38,6,31,0,2,4,4,0,2,2
6,31,37,38,6,31,0,2,5,5,0,2,2
6,31,37,38,6,31,0,2,6,6,0,1,2
6,31,37,38,6,31,0,2,7,6,0,1,2
6,31,37,38,6,31,0,2,8,6,0,1,3
6,31,37,38,6,31,0,2,9,6,0,1,2
6,31,37,38,6,31,0,2,10,6,0,1,3
6,31,37,38,6,31,0,2,11,6,0,1,2
6,31,37,38,6,31,0,2,12,6,0,1,2
6,31,37,38,6,31,0,2,13,6,0,1,3
6,31,37,38,6,31,0,2,14,6,0,1,2
6,31,37,38,6,31,0,2,15,6,0,1,3
6,31,37,38,6,31,0,2,16,6,0,1,2
6,31,37,38,6,31,0,2,17,6,0,1,2
6,31,37,38,6,31,0,2,18,6,0,1,3
6,31,37,38,6,31,0,2,19,6,0,1,2
6,31,37,38,6,31,0,2,20,6,0,1,3
6,31,37,38,6,31,0,2,21,6,0,1,3
6,31,37,38,6,31,0,2,22,6,0,1,2
6,31,37,38,6,31,0,2,23,6,0,1,3
6,31,37,38,6,31,0,2,24,6,0,1,2
6,31,37,38,6,31,0,2,25,5,1,2,2
6,31,37,38,6,31,0,2,26,4,1,2,2
6,31,37,38,6,31,0,2,27,6,0,1,2
6,31,37,38,6,31,0,2,28,6,0,1,2
6,31,37,38,6,31,0,2,29,6,0,1,3
6,32,38,39,6,6,0,2,1,4,1,2,0
6,32,38,39,6,6,0,2,2,32,0,1,2
6,32,38,39,6,6,0,2,3,32,0,1,1
6,32,38,39,6,6,0,2,4,4,0,2,2
6,32,38,39,6,32,0,2,1,6,0,1,2
6,32,38,39,6,32,0,2,2,6,0,1,3
6,32,38,39,6,32,0,2,3,6,0,1,1
6,32,38,39,6,32,0,2,4,4,0,2,2
6,32,38,39,6,32,0,2,5,5,0,2,2
6,32,38,39,6,32,0,2,6,6,0,1,1
6,32,38,39,6,32,0,2,7,6,0,1,3
6,32,38,39,6,32,0,2,8,6,0,1,3
6,32,38,39,6,32,0,2,9,6,0,1,2
6,32,38,39,6,32,0,2,10,6,0,1,3
6,32,38,39,6,32,0,2,11,6,0,1,3
6,32,38,39,6,32,0,2,12,6,0,1,2
6,32,38,39,6,32,0,2,13,6,0,1,3
6,32,38,39,6,32,0,2,14,6,0,1,3
6,32,38,39,6,32,0,2,15,6,0,1,2
6,32,38,39,6,32,0,2,16,6,0,1,3
6,32,38,39,6,32,0,2,17,6,0,1,3
6,32,38,39,6,32,0,2,18,6,0,1,3
6,32,38,39,6,32,0,2,19,6,0,1,2
6,32,38,39,6,32,0,2,20,6,0,1,3
6,32,38,39,6,32,0,2,21,6,0,1,3
6,32,38,39,6,32,0,2,22,6,0,1,2
6,32,38,39,6,32,0,2,23,6,0,1,3
6,32,38,39,6,32,0,2,24,6,0,1,3
6,32,38,39,6,32,0,2,25,6,0,1,3
6,32,38,39,6,32,0,2,26,5,1,2,2
6,32,38,39,6,32,0,2,27,4,1,2,2
6,32,38,39,6,32,0,2,28,6,0,1,2
6,32,38,39,6,32,0,2,29,6,0,1,3
6,32,38,39,6,32,0,2,30,6,0,1,3
6,33,39,40,6,6,0,2,1,4,1,2,1
6,33,39,40,6,6,0,2,2,33,0,1,1
6,33,39,40,6,6,0,2,3,33,0,1,2
6,33,39,40,6,6,0,2,4,4,0,2,2
6,33,39,40,6,33,0,2,1,6,0,1,1
6,33,39,40,6,33,0,2,2,6,0,1,2
6,33,39,40,6,33,0,2,3,6,0,1,2
6,33,39,40,6,33,0,2,4,4,0,2,2
6,33,39,40,6,33,0,2,5,5,0,2,2
6,33,39,40,6,33,0,2,6,6,0,1,2
6,33,39,40,6,33,0,2,7,6,0,1,1
6,33,39,40,6,33,0,2,8,6,0,1,3
6,33,39,40,6,33,0,2,9,6,0,1,2
6,33,39,40,6,33,0,2,10,6,0,1,2
6,33,39,40,6,33,0,2,11,6,0,1,3
6,33,39,40,6,33,0,2,12,6,0,1,2
6,33,39,40,6,33,0,2,13,6,0,1,2
6,33,39,40,6,33,0,2,14,6,0,1,3
6,33,39,40,6,33,0,2,15,6,0,1,2
6,33,39,40,6,33,0,2,16,6,0,1,2
6,33,39,40,6,33,0,2,17,6,0,1,2
6,33,39,40,6,33,0,2,18,6,0,1,2
6,33,39,40,6,33,0,2,19,6,0,1,2
6,33,39,40,6,33,0,2,20,6,0,1,2
6,33,39,40,6,33,0,2,21,6,0,1,3
6,33,39,40,6,33,0,2,22,6,0,1,2
6,33,39,40,6,33,0,2,23,6,0,1,2
6,33,39,40,6,33,0,2,24,6,0,1,3
6,33,39,40,6,33,0,2,25,6,0,1,2
6,33,39,40,6,33,0,2,26,6,0,1,2
6,33,39,40,6,33,0,2,27,5,1,2,2
6,33,39,40,6,33,0,2,28,4,1,2,2
6,33,39,40,6,33,0,2,29,6,0,1,2
6,33,39,40,6,33,0,2,30,6,0,1,2
6,33,39,40,6,33,0,2,31,6,0,1,2
6,34,40,41,6,6,0,2,1,4,1,2,1
6,34,40,41,6,6,0,2,2,34,0,1,2
6,34,40,41,6,6,0,2,3,34,0,1,1
6,34,40,41,6,6,0,2,4,4,0,2,2
6,34,40,41,6,34,0,2,1,6,0,1,2
6,34,40,41,6,34,0,2,2,6,0,1,3
6,34,40,41,6,34,0,2,3,6,0,1,2
6,34,40,41,6,34,0,2,4,4,0,2,2
6,34,40,41,6,34,0,2,5,5,0,2,2
6,34,40,41,6,34,0,2,6,6,0,1,2
6,34,40,41,6,34,0,2,7,6,0,1,2
6,34,40,41,6,34,0,2,8,6,0,1,3
6,34,40,41,6,34,0,2,9,6,0,1,2
6,34,40,41,6,34,0,2,10,6,0,1,2
6,34,40,41,6,34,0,2,11,6,0,1,3
6,34,40,41,6,34,0,2,12,6,0,1,3
6,34,40,41,6,34,0,2,13,6,0,1,3
6,34,40,41,6,34,0,2,14,6,0,1,3
6,34,40,41,6,34,0,2,15,6,0,1,2
6,34,40,41,6,34,0,2,16,6,0,1,2
6,34,40,41,6,34,0,2,17,6,0,1,3
6,34,40,41,6,34,0,2,18,6,0,1,2
6,34,40,41,6,34,0,2,19,6,0,1,3
6,34,40,41,6,34,0,2,20,6,0,1,2
6,34,40,41,6,34,0,2,21,6,0,1,2
6,34,40,41,6,34,0,2,22,6,0,1,3
6,34,40,41,6,34,0,2,23,6,0,1,3
6,34,40,41,6,34,0,2,24,6,0,1,2
6,34,40,41,6,34,0,2,25,6,0,1,3
6,34,40,41,6,34,0,2,26,6,0,1,3
6,34,40,41,6,34,0,2,27,6,0,1,3
6,34,40,41,6,34,0,2,28,5,1,2,2
6,34,40,41,6,34,0,2,29,4,1,2,2
6,34,40,41,6,34,0,2,30,6,0,1,2
6,34,40,41,6,34,0,2,31,6,0,1,3
6,34,40,41,6,34,0,2,32,6,0,1,3
6,35,41,42,6,6,0,2,1,4,1,2,1
6,35,41,42,6,6,0,2,2,35,0,1,1
6,35,41,42,6,6,0,2,3,3,0,2,1
6,35,41,42,6,6,0,2,4,4,0,2,1
6,35,41,42,6,35,0,2,1,6,0,1,1
6,35,41,42,6,35,0,2,2,6,0,1,2
6,35,41,42,6,35,0,2,3,6,0,1,1
6,35,41,42,6,35,0,2,4,4,0,2,2
6,35,41,42,6,35,0,2,5,5,0,2,2
6,35,41,42,6,35,0,2,6,6,0,1,2
6,35,41,42,6,35,0,2,7,6,0,1,2
6,35,41,42,6,35,0,2,8,6,0,1,2
6,35,41,42,6,35,0,2,9,6,0,1,2
6,35,41,42,6,35,0,2,10,6,0,1,2
6,35,41,42,6,35,0,2,11,6,0,1,2
6,35,41,42,6,35,0,2,12,6,0,1,2
6,35,41,42,6,35,0,2,13,6,0,1,2
6,35,41,42,6,35,0,2,14,6,0,1,2
6,35,41,42,6,35,0,2,15,6,0,1,2
6,35,41,42,6,35,0,2,16,6,0,1,2
6,35,41,42,6,35,0,2,17,6,0,1,2
6,35,41,42,6,35,0,2,18,6,0,1,2
6,35,41,42,6,35,0,2,19,6,0,1,2
6,35,41,42,6,35,0,2,20,6,0,1,2
6,35,41,42,6,35,0,2,21,6,0,1,2
6,35,41,42,6,35,0,2,22,6,0,1,2
6,35,41,42,6,35,0,2,23,6,0,1,2
6,35,41,42,6,35,0,2,24,6,0,1,2
6,35,41,42,6,35,0,2,25,6,0,1,2
6,35,41,42,6,35,0,2,26,6,0,1,2
6,35,41,42,6,35,0,2,27,6,0,1,2
6,35,41,42,6,35,0,2,28,6,0,1,2
6,35,41,42,6,35,0,2,29,5,1,2,2
6,35,41,42,6,35,0,2,30,4,1,2,2
6,35,41,42,6,35,0,2,31,6,0,1,2
6,35,41,42,6,35,0,2,32,6,0,1,2
6,35,41,42,6,35,0,2,33,6,0,1,2
6,36,42,43,6,6,0,2,1,4,1,2,1
6,36,42,43,6,6,0,2,2,36,0,1,2
6,36,42,43,6,6,0,2,3,36,0,1,1
6,36,42,43,6,6,0,2,4,4,0,2,2
6,36,42,43,6,36,0,2,1,6,0,1,2
6,36,42,43,6,36,0,2,2,6,0,1,3
6,36,42,43,6,36,0,2,3,6,0,1,2
6,36,42,43,6,36,0,2,4,4,0,2,2
6,36,42,43,6,36,0,2,5,5,0,2,2
6,36,42,43,6,36,0,2,6,6,0,1,2
6,36,42,43,6,36,0,2,7,6,0,1,3
6,36,42,43,6,36,0,2,8,6,0,1,3
6,36,42,43,6,36,0,2,9,6,0,1,3
6,36,42,43,6,36,0,2,10,6,0,1,3
6,36,42,43,6,36,0,2,11,6,0,1,3
6,36,42,43,6,36,0,2,12,6,0,1,3
6,36,42,43,6,36,0,2,13,6,0,1,3
6,36,42,43,6,36,0,2,14,6,0,1,3
6,36,42,43,6,36,0,2,15,6,0,1,3
6,36,42,43,6,36,0,2,16,6,0,1,3
6,36,42,43,6,36,0,2,17,6,0,1,2
6,36,42,43,6,36,0,2,18,6,0,1,3
6,36,42,43,6,36,0,2,19,6,0,1,3
6,36,42,43,6,36,0,2,20,6,0,1,3
6,36,42,43,6,36,0,2,21,6,0,1,2
6,36,42,43,6,36,0,2,22,6,0,1,3
6,36,42,43,6,36,0,2,23,6,0,1,3
6,36,42,43,6,36,0,2,24,6,0,1,3
6,36,42,43,6,36,0,2,25,6,0,1,3
6,36,42,43,6,36,0,2,26,6,0,1,2
6,36,42,43,6,36,0,2,27,6,0,1,3
6,36,42,43,6,36,0,2,28,6,0,1,3
6,36,42,43,6,36,0,2,29,6,0,1,2
6,36,42,43,6,36,0,2,30,5,1,2,2
6,36,42,43,6,36,0,2,31,4,1,2,2
6,36,42,43,6,36,0,2,32,6,0,1,2
6,36,42,43,6,36,0,2,33,6,0,1,3
6,36,42,43,6,36,0,2,34,6,0,1,3
6,37,43,44,6,6,0,2,1,4,1,2,1
6,37,43,44,6,6,0,2,2,37,0,1,1
6,37,43,44,6,6,0,2,3,37,0,1,2
6,37,43,44,6,6,0,2,4,4,0,2,2
6,37,43,44,6,37,0,2,1,6,0,1,1
6,37,43,44,6,37,0,2,2,6,0,1,2
6,37,43,44,6,37,0,2,3,6,0,1,1
6,37,43,44,6,37,0,2,4,4,0,2,2
6,37,43,44,6,37,0,2,5,5,0,2,2
6,37,43,44,6,37,0,2,6,6,0,1,2
6,37,43,44,6,37,0,2,7,6,0,1,2
6,37,43,44,6,37,0,2,8,6,0,1,3
6,37,43,44,6,37,0,2,9,6,0,1,2
6,37,43,44,6,37,0,2,10,6,0,1,3
6,37,43,44,6,37,0,2,11,6,0,1,3
6,37,43,44,6,37,0,2,12,6,0,1,2
6,37,43,44,6,37,0,2,13,6,0,1,3
6,37,43,44,6,37,0,2,14,6,0,1,2
6,37,43,44,6,37,0,2,15,6,0,1,2
6,37,43,44,6,37,0,2,16,6,0,1,2
6,37,43,44,6,37,0,2,17,6,0,1,2
6,37,43,44,6,37,0,2,18,6,0,1,3
6,37,43,44,6,37,0,2,19,6,0,1,2
6,37,43,44,6,37,0,2,20,6,0,1,2
6,37,43,44,6,37,0,2,21,6,0,1,3
6,37,43,44,6,37,0,2,22,6,0,1,2
6,37,43,44,6,37,0,2,23,6,0,1,3
6,37,43,44,6,37,0,2,24,6,0,1,3
6,37,43,44,6,37,0,2,25,6,0,1,2
6,37,43,44,6,37,0,2,26,6,0,1,3
6,37,43,44,6,37,0,2,27,6,0,1,2
6,37,43,44,6,37,0,2,28,6,0,1,2
6,37,43,44,6,37,0,2,29,6,0,1,3
6,37,43,44,6,37,0,2,30,6,0,1,2
6,37,43,44,6,37,0,2,31,5,1,2,2
6,37,43,44,6,37,0,2,32,4,1,2,2
6,37,43,44,6,37,0,2,33,6,0,1,2
6,37,43,44,6,37,0,2,34,6,0,1,3
6,37,43,44,6,37,0,2,35,6,0,1,3
6,38,44,45,6,6,0,2,1,4,1,2,0
6,38,44,45,6,6,0,2,2,38,0,1,2
6,38,44,45,6,6,0,2,3,38,0,1,1
6,38,44,45,6,6,0,2,4,4,0,2,2
6,38,44,45,6,38,0,2,1,6,0,1,2
6,38,44,45,6,38,0,2,2,6,0,1,3
6,38,44,45,6,38,0,2,3,6,0,1,1
6,38,44,45,6,38,0,2,4,4,0,2,2
6,38,44,45,6,38,0,2,5,5,0,2,2
6,38,44,45,6,38,0,2,6,6,0,1,1
6,38,44,45,6,38,0,2,7,6,0,1,2
6,38,44,45,6,38,0,2,8,6,0,1,3
6,38,44,45,6,38,0,2,9,6,0,1,2
6,38,44,45,6,38,0,2,10,6,0,1,3
6,38,44,45,6,38,0,2,11,6,0,1,3
6,38,44,45,6,38,0,2,12,6,0,1,2
6,38,44,45,6,38,0,2,13,6,0,1,3
6,38,44,45,6,38,0,2,14,6,0,1,3
6,38,44,45,6,38,0,2,15,6,0,1,3
6,38,44,45,6,38,0,2,16,6,0,1,3
6,38,44,45,6,38,0,2,17,6,0,1,3
6,38,44,45,6,38,0,2,18,6,0,1,2
6,38,44,45,6,38,0,2,19,6,0,1,3
6,38,44,45,6,38,0,2,20,6,0,1,3
6,38,44,45,6,38,0,2,21,6,0,1,3
6,38,44,45,6,38,0,2,22,6,0,1,2
6,38,44,45,6,38,0,2,23,6,0,1,3
6,38,44,45,6,38,0,2,24,6,0,1,3
6,38,44,45,6,38,0,2,25,6,0,1,3
6,38,44,45,6,38,0,2,26,6,0,1,3
6,38,44,45,6,38,0,2,27,6,0,1,3
6,38,44,45,6,38,0,2,28,6,0,1,3
6,38,44,45,6,38,0,2,29,6,0,1,3
6,38,44,45,6,38,0,2,30,6,0,1,3
6,38,44,45,6,38,0,2,31,6,0,1,3
6,38,44,45,6,38,0,2,32,5,1,2,2
6,38,44,45,6,38,0,2,33,4,1,2,2
6,38,44,45,6,38,0,2,34,6,0,1,2
6,38,44,45,6,38,0,2,35,6,0,1,3
6,38,44,45,6,38,0,2,36,6,0,1,3
7,2,9,10,7,7,0,2,1,5,1,2,1
7,2,9,10,7,7,0,2,2,4,1,2,1
7,2,9,10,7,7,0,2,3,3,1,2,0
7,2,9,10,7,7,0,2,4,4,0,2,1
7,2,9,10,7,7,0,2,5,5,0,2,2
7,3,10,11,7,3,0,2,1,7,0,1,2
7,3,10,11,7,7,0,2,1,5,1,2,1
7,3,10,11,7,7,0,2,2,4,1,2,1
7,3,10,11,7,7,0,2,3,3,0,1,1
7,3,10,11,7,7,0,2,4,4,0,2,2
7,3,10,11,7,7,0,2,5,5,0,2,1
7,6,13,14,7,6,0,2,1,4,1,2,1
7,6,13,14,7,6,0,2,2,7,0,1,2
7,6,13,14,7,6,0,2,3,3,0,2,1
7,6,13,14,7,6,0,2,4,4,0,2,1
7,6,13,14,7,7,0,2,1,5,1,2,2
7,6,13,14,7,7,0,2,2,4,1,2,2
7,6,13,14,7,7,0,2,3,6,0,1,1
7,6,13,14,7,7,0,2,4,4,0,2,2
7,6,13,14,7,7,0,2,5,5,0,2,2
7,7,14,15,7,7,0,2,1,5,1,2,1
7,7,14,15,7,7,0,2,2,4,1,2,1
7,7,14,15,7,7,0,2,3,3,1,2,1
7,7,14,15,7,7,0,2,4,4,0,2,2
7,7,14,15,7,7,0,2,5,5,0,2,2
7,8,15,16,7,7,0,2,1,5,1,2,1
7,8,15,16,7,7,0,2,2,4,1,2,1
7,8,15,16,7,7,0,2,3,3,1,2,1
7,8,15,16,7,7,0,2,4,4,0,2,2
7,8,15,16,7,7,0,2,5,5,0,2,2
7,8,15,16,7,8,0,2,1,6,1,2,2
7,8,15,16,7,8,0,2,2,5,1,2,2
7,8,15,16,7,8,0,2,3,4,1,2,1
7,8,15,16,7,8,0,2,4,4,0,2,2
7,8,15,16,7,8,0,2,5,5,0,2,2
7,8,15,16,7,8,0,2,6,6,0,2,2
7,10,17,18,7,7,0,2,1,5,1,2,1
7,10,17,18,7,7,0,2,2,4,1,2,2
7,10,17,18,7,7,0,2,3,3,0,2,1
7,10,17,18,7,7,0,2,4,4,0,2,2
7,10,17,18,7,7,0,2,5,5,0,2,1
7,10,17,18,7,10,0,2,1,7,0,1,1
7,10,17,18,7,10,0,2,2,7,0,1,2
7,10,17,18,7,10,0,2,3,3,0,2,1
7,10,17,18,7,10,0,2,4,4,0,2,2
7,10,17,18,7,10,0,2,5,4,1,2,2
7,10,17,18,7,10,0,2,6,3,1,2,1
7,10,17,18,7,10,0,2,7,2,1,2,0
7,10,17,18,7,10,0,2,8,7,0,1,4
7,12,19,20,7,7,0,2,1,5,1,2,1
7,12,19,20,7,7,0,2,2,4,1,2,2
7,12,19,20,7,7,0,2,3,3,1,2,1
7,12,19,20,7,7,0,2,4,4,0,2,2
7,12,19,20,7,7,0,2,5,5,0,2,2
7,12,19,20,7,12,0,2,1,7,0,1,1
7,12,19,20,7,12,0,2,2,7,0,1,1
7,12,19,20,7,12,0,2,3,7,0,1,2
7,12,19,20,7,12,0,2,4,4,0,2,1
7,12,19,20,7,12,0,2,5,5,0,2,2
7,12,19,20,7,12,0,2,6,5,1,2,2
7,12,19,20,7,12,0,2,7,4,1,2,1
7,12,19,20,7,12,0,2,8,3,1,2,1
7,12,19,20,7,12,0,2,9,7,0,1,2
7,12,19,20,7,12,0,2,10,7,0,1,2
7,13,20,21,7,7,0,2,1,5,1,2,1
7,13,20,21,7,7,0,2,2,4,1,2,2
7,13,20,21,7,7,0,2,3,3,1,2,1
7,13,20,21,7,7,0,2,4,4,0,2,2
7,13,20,21,7,7,0,2,5,5,0,2,2
7,13,20,21,7,13,0,2,1,7,0,1,1
7,13,20,21,7,13,0,2,2,7,0,1,4
7,13,20,21,7,13,0,2,3,7,0,1,2
7,13,20,21,7,13,0,2,4,4,0,2,1
7,13,20,21,7,13,0,2,5,5,0,2,2
7,13,20,21,7,13,0,2,6,6,0,2,3
7,13,20,21,7,13,0,2,7,5,1,2,2
7,13,20,21,7,13,0,2,8,4,1,2,2
7,13,20,21,7,13,0,2,9,7,0,1,4
7,13,20,21,7,13,0,2,10,7,0,1,1
7,13,20,21,7,13,0,2,11,7,0,1,1
7,14,21,22,7,7,0,2,1,5,1,2,1
7,14,21,22,7,7,0,2,2,4,1,2,2
7,14,21,22,7,7,0,2,3,3,1,2,1
7,14,21,22,7,7,0,2,4,4,0,2,2
7,14,21,22,7,7,0,2,5,5,0,2,2
7,14,21,22,7,14,0,2,1,7,0,1,1
7,14,21,22,7,14,0,2,2,7,0,1,1
7,14,21,22,7,14,0,2,3,7,0,1,1
7,14,21,22,7,14,0,2,4,4,0,2,2
7,14,21,22,7,14,0,2,5,5,0,2,2
7,14,21,22,7,14,0,2,6,6,0,2,2
7,14,21,22,7,14,0,2,7,6,1,2,2
7,14,21,22,7,14,0,2,8,5,1,2,2
7,14,21,22,7,14,0,2,9,4,1,2,1
7,14,21,22,7,14,0,2,10,7,0,1,2
7,14,21,22,7,14,0,2,11,7,0,1,1
7,14,21,22,7,14,0,2,12,7,0,1,1
7,15,22,23,7,7,0,2,1,5,1,2,1
7,15,22,23,7,7,0,2,2,4,1,2,2
7,15,22,23,7,7,0,2,3,3,1,2,1
7,15,22,23,7,7,0,2,4,4,0,2,2
7,15,22,23,7,7,0,2,5,5,0,2,2
7,15,22,23,7,15,0,2,1,7,0,1,1
7,15,22,23,7,15,0,2,2,7,0,1,4
7,15,22,23,7,15,0,2,3,7,0,1,1
7,15,22,23,7,15,0,2,4,4,0,2,2
7,15,22,23,7,15,0,2,5,5,0,2,1
7,15,22,23,7,15,0,2,6,6,0,2,2
7,15,22,23,7,15,0,2,7,7,0,1,2
7,15,22,23,7,15,0,2,8,6,1,2,2
7,15,22,23,7,15,0,2,9,5,1,2,1
7,15,22,23,7,15,0,2,10,7,0,1,2
7,15,22,23,7,15,0,2,11,7,0,1,1
7,15,22,23,7,15,0,2,12,7,0,1,4
7,15,22,23,7,15,0,2,13,7,0,1,1
7,16,23,24,7,7,0,2,1,5,1,2,1
7,16,23,24,7,7,0,2,2,4,1,2,2
7,16,23,24,7,7,0,2,3,3,0,2,1
7,16,23,24,7,7,0,2,4,4,0,2,2
7,16,23,24,7,7,0,2,5,5,0,2,1
7,16,23,24,7,16,0,2,1,7,0,1,1
7,16,23,24,7,16,0,2,2,7,0,1,1
7,16,23,24,7,16,0,2,3,3,0,2,1
7,16,23,24,7,16,0,2,4,4,0,2,2
7,16,23,24,7,16,0,2,5,5,0,2,2
7,16,23,24,7,16,0,2,6,6,0,2,1
7,16,23,24,7,16,0,2,7,7,0,1,2
7,16,23,24,7,16,0,2,8,7,0,1,2
7,16,23,24,7,16,0,2,9,6,1,2,1
7,16,23,24,7,16,0,2,10,5,1,2,1
7,16,23,24,7,16,0,2,11,4,1,2,2
7,16,23,24,7,16,0,2,12,3,1,2,1
7,16,23,24,7,16,0,2,13,7,0,1,2
7,16,23,24,7,16,0,2,14,7,0,1,1
7,17,24,25,7,7,0,2,1,5,1,2,1
7,17,24,25,7,7,0,2,2,4,1,2,2
7,17,24,25,7,7,0,2,3,3,1,2,1
7,17,24,25,7,7,0,2,4,4,0,2,2
7,17,24,25,7,7,0,2,5,5,0,2,2
7,17,24,25,7,17,0,2,1,7,0,1,1
7,17,24,25,7,17,0,2,2,7,0,1,4
7,17,24,25,7,17,0,2,3,7,0,1,1
7,17,24,25,7,17,0,2,4,4,0,2,2
7,17,24,25,7,17,0,2,5,5,0,2,2
7,17,24,25,7,17,0,2,6,6,0,2,2
7,17,24,25,7,17,0,2,7,7,0,1,2
7,17,24,25,7,17,0,2,8,8,0,2,2
7,17,24,25,7,17,0,2,9,7,0,1,2
7,17,24,25,7,17,0,2,10,6,1,2,1
7,17,24,25,7,17,0,2,11,5,1,2,2
7,17,24,25,7,17,0,2,12,4,1,2,2
7,17,24,25,7,17,0,2,13,3,1,2,1
7,17,24,25,7,17,0,2,14,7,0,1,2
7,17,24,25,7,17,0,2,15,7,0,1,1
7,18,25,26,7,7,0,2,1,5,1,2,1
7,18,25,26,7,7,0,2,2,4,1,2,2
7,18,25,26,7,7,0,2,3,3,1,2,1
7,18,25,26,7,7,0,2,4,4,0,2,2
7,18,25,26,7,7,0,2,5,5,0,2,2
7,18,25,26,7,18,0,2,1,7,0,1,1
7,18,25,26,7,18,0,2,2,7,0,1,1
7,18,25,26,7,18,0,2,3,7,0,1,1
7,18,25,26,7,18,0,2,4,4,0,2,2
7,18,25,26,7,18,0,2,5,5,0,2,2
7,18,25,26,7,18,0,2,6,6,0,2,2
7,18,25,26,7,18,0,2,7,7,0,1,1
7,18,25,26,7,18,0,2,8,7,0,1,2
7,18,25,26,7,18,0,2,9,7,0,1,2
7,18,25,26,7,18,0,2,10,7,0,1,2
7,18,25,26,7,18,0,2,11,6,1,2,1
7,18,25,26,7,18,0,2,12,5,1,2,2
7,18,25,26,7,18,0,2,13,4,1,2,1
7,18,25,26,7,18,0,2,14,3,1,2,1
7,18,25,26,7,18,0,2,15,7,0,1,2
7,18,25,26,7,18,0,2,16,7,0,1,2
7,19,26,27,7,7,0,2,1,5,1,2,1
7,19,26,27,7,7,0,2,2,4,1,2,2
7,19,26,27,7,7,0,2,3,3,1,2,1
7,19,26,27,7,7,0,2,4,4,0,2,2
7,19,26,27,7,7,0,2,5,5,0,2,2
7,19,26,27,7,19,0,2,1,7,0,1,1
7,19,26,27,7,19,0,2,2,7,0,1,4
7,19,26,27,7,19,0,2,3,7,0,1,1
7,19,26,27,7,19,0,2,4,4,0,2,2
7,19,26,27,7,19,0,2,5,5,0,2,2
7,19,26,27,7,19,0,2,6,6,0,2,2
7,19,26,27,7,19,0,2,7,7,0,1,1
7,19,26,27,7,19,0,2,8,7,0,1,2
7,19,26,27,7,19,0,2,9,7,0,1,2
7,19,26,27,7,19,0,2,10,7,0,1,1
7,19,26,27,7,19,0,2,11,7,0,1,1
7,19,26,27,7,19,0,2,12,6,1,2,2
7,19,26,27,7,19,0,2,13,5,1,2,2
7,19,26,27,7,19,0,2,14,4,1,2,2
7,19,26,27,7,19,0,2,15,7,0,1,4
7,19,26,27,7,19,0,2,16,7,0,1,2
7,19,26,27,7,19,0,2,17,7,0,1,2
7,20,27,28,7,7,0,2,1,5,1,2,1
7,20,27,28,7,7,0,2,2,4,1,2,2
7,20,27,28,7,7,0,2,3,3,0,2,1
7,20,27,28,7,7,0,2,4,4,0,2,2
7,20,27,28,7,7,0,2,5,5,0,2,1
7,20,27,28,7,20,0,2,1,7,0,1,1
7,20,27,28,7,20,0,2,2,7,0,1,1
7,20,27,28,7,20,0,2,3,7,0,1,1
7,20,27,28,7,20,0,2,4,4,0,2,2
7,20,27,28,7,20,0,2,5,5,0,2,2
7,20,27,28,7,20,0,2,6,6,0,2,2
7,20,27,28,7,20,0,2,7,7,0,1,2
7,20,27,28,7,20,0,2,8,7,0,1,2
7,20,27,28,7,20,0,2,9,7,0,1,1
7,20,27,28,7,20,0,2,10,7,0,1,2
7,20,27,28,7,20,0,2,11,7,0,1,1
7,20,27,28,7,20,0,2,12,7,0,1,1
7,20,27,28,7,20,0,2,13,6,1,2,2
7,20,27,28,7,20,0,2,14,5,1,2,1
7,20,27,28,7,20,0,2,15,4,1,2,2
7,20,27,28,7,20,0,2,16,3,1,2,1
7,20,27,28,7,20,0,2,17,7,0,1,1
7,20,27,28,7,20,0,2,18,7,0,1,2
7,21,28,29,7,7,0,2,1,5,1,2,1
7,21,28,29,7,7,0,2,2,4,1,2,2
7,21,28,29,7,7,0,2,3,3,1,2,1
7,21,28,29,7,7,0,2,4,4,0,2,2
7,21,28,29,7,7,0,2,5,5,0,2,2
7,21,28,29,7,21,0,2,1,7,0,1,1
7,21,28,29,7,21,0,2,2,7,0,1,4
7,21,28,29,7,21,0,2,3,7,0,1,1
7,21,28,29,7,21,0,2,4,4,0,2,2
7,21,28,29,7,21,0,2,5,5,0,2,2
7,21,28,29,7,21,0,2,6,6,0,2,2
7,21,28,29,7,21,0,2,7,7,0,1,2
7,21,28,29,7,21,0,2,8,7,0,1,2
7,21,28,29,7,21,0,2,9,7,0,1,1
7,21,28,29,7,21,0,2,10,7,0,1,2
7,21,28,29,7,21,0,2,11,7,0,1,2
7,21,28,29,7,21,0,2,12,7,0,1,2
7,21,28,29,7,21,0,2,13,7,0,1,2
7,21,28,29,7,21,0,2,14,6,1,2,2
7,21,28,29,7,21,0,2,15,5,1,2,2
7,21,28,29,7,21,0,2,16,4,1,2,2
7,21,28,29,7,21,0,2,17,7,0,1,1
7,21,28,29,7,21,0,2,18,7,0,1,2
7,21,28,29,7,21,0,2,19,7,0,1,1
7,22,29,30,7,7,0,2,1,5,1,2,1
7,22,29,30,7,7,0,2,2,4,1,2,2
7,22,29,30,7,7,0,2,3,3,1,2,1
7,22,29,30,7,7,0,2,4,4,0,2,2
7,22,29,30,7,7,0,2,5,5,0,2,2
7,22,29,30,7,22,0,2,1,7,0,1,1
7,22,29,30,7,22,0,2,2,7,0,1,1
7,22,29,30,7,22,0,2,3,7,0,1,1
7,22,29,30,7,22,0,2,4,4,0,2,2
7,22,29,30,7,22,0,2,5,5,0,2,2
7,22,29,30,7,22,0,2,6,6,0,2,1
7,22,29,30,7,22,0,2,7,7,0,1,1
7,22,29,30,7,22,0,2,8,7,0,1,2
7,22,29,30,7,22,0,2,9,7,0,1,1
7,22,29,30,7,22,0,2,10,7,0,1,2
7,22,29,30,7,22,0,2,11,7,0,1,2
7,22,29,30,7,22,0,2,12,7,0,1,1
7,22,29,30,7,22,0,2,13,7,0,1,2
7,22,29,30,7,22,0,2,14,7,0,1,2
7,22,29,30,7,22,0,2,15,6,1,2,1
7,22,29,30,7,22,0,2,16,5,1,2,1
7,22,29,30,7,22,0,2,17,4,1,2,1
7,22,29,30,7,22,0,2,18,3,1,2,1
7,22,29,30,7,22,0,2,19,7,0,1,1
7,22,29,30,7,22,0,2,20,7,0,1,2
7,23,30,31,7,7,0,2,1,5,1,2,1
7,23,30,31,7,7,0,2,2,4,1,2,1
7,23,30,31,7,7,0,2,3,3,1,2,1
7,23,30,31,7,7,0,2,4,4,0,2,2
7,23,30,31,7,7,0,2,5,5,0,2,2
7,23,30,31,7,23,0,2,1,7,0,1,1
7,23,30,31,7,23,0,2,2,7,0,1,2
7,23,30,31,7,23,0,2,3,7,0,1,1
7,23,30,31,7,23,0,2,4,4,0,2,2
7,23,30,31,7,23,0,2,5,5,0,2,2
7,23,30,31,7,23,0,2,6,6,0,2,2
7,23,30,31,7,23,0,2,7,7,0,1,1
7,23,30,31,7,23,0,2,8,7,0,1,2
7,23,30,31,7,23,0,2,9,7,0,1,1
7,23,30,31,7,23,0,2,10,7,0,1,2
7,23,30,31,7,23,0,2,11,7,0,1,2
7,23,30,31,7,23,0,2,12,7,0,1,2
7,23,30,31,7,23,0,2,13,7,0,1,2
7,23,30,31,7,23,0,2,14,7,0,1,2
7,23,30,31,7,23,0,2,15,7,0,1,1
7,23,30,31,7,23,0,2,16,6,1,2,2
7,23,30,31,7,23,0,2,17,5,1,2,2
7,23,30,31,7,23,0,2,18,4,1,2,2
7,23,30,31,7,23,0,2,19,7,0,1,2
7,23,30,31,7,23,0,2,20,7,0,1,2
7,23,30,31,7,23,0,2,21,7,0,1,1
7,24,31,32,7,7,0,2,1,5,1,2,1
7,24,31,32,7,7,0,2,2,4,1,2,2
7,24,31,32,7,7,0,2,3,3,1,2,1
7,24,31,32,7,7,0,2,4,4,0,2,2
7,24,31,32,7,7,0,2,5,5,0,2,2
7,24,31,32,7,24,0,2,1,7,0,1,1
7,24,31,32,7,24,0,2,2,7,0,1,1
7,24,31,32,7,24,0,2,3,7,0,1,1
7,24,31,32,7,24,0,2,4,4,0,2,2
7,24,31,32,7,24,0,2,5,5,0,2,2
7,24,31,32,7,24,0,2,6,6,0,2,2
7,24,31,32,7,24,0,2,7,7,0,1,2
7,24,31,32,7,24,0,2,8,7,0,1,2
7,24,31,32,7,24,0,2,9,7,0,1,2
7,24,31,32,7,24,0,2,10,7,0,1,2
7,24,31,32,7,24,0,2,11,7,0,1,1
7,24,31,32,7,24,0,2,12,7,0,1,2
7,24,31,32,7,24,0,2,13,7,0,1,2
7,24,31,32,7,24,0,2,14,7,0,1,1
7,24,31,32,7,24,0,2,15,7,0,1,2
7,24,31,32,7,24,0,2,16,7,0,1,2
7,24,31,32,7,24,0,2,17,6,1,2,1
7,24,31,32,7,24,0,2,18,5,1,2,2
7,24,31,32,7,24,0,2,19,4,1,2,1
7,24,31,32,7,24,0,2,20,3,1,2,1
7,24,31,32,7,24,0,2,21,7,0,1,2
7,24,31,32,7,24,0,2,22,7,0,1,1
7,25,32,33,7,7,0,2,1,5,1,2,1
7,25,32,33,7,7,0,2,2,4,1,2,2
7,25,32,33,7,7,0,2,3,3,1,2,1
7,25,32,33,7,7,0,2,4,4,0,2,2
7,25,32,33,7,7,0,2,5,5,0,2,2
7,25,32,33,7,25,0,2,1,7,0,1,1
7,25,32,33,7,25,0,2,2,7,0,1,4
7,25,32,33,7,25,0,2,3,7,0,1,1
7,25,32,33,7,25,0,2,4,4,0,2,2
7,25,32,33,7,25,0,2,5,5,0,2,2
7,25,32,33,7,25,0,2,6,6,0,2,2
7,25,32,33,7,25,0,2,7,7,0,1,2
7,25,32,33,7,25,0,2,8,7,0,1,4
7,25,32,33,7,25,0,2,9,7,0,1,2
7,25,32,33,7,25,0,2,10,7,0,1,2
7,25,32,33,7,25,0,2,11,7,0,1,2
7,25,32,33,7,25,0,2,12,7,0,1,4
7,25,32,33,7,25,0,2,13,7,0,1,2
7,25,32,33,7,25,0,2,14,7,0,1,1
7,25,32,33,7,25,0,2,15,7,0,1,4
7,25,32,33,7,25,0,2,16,7,0,1,2
7,25,32,33,7,25,0,2,17,7,0,1,2
7,25,32,33,7,25,0,2,18,6,1,2,2
7,25,32,33,7,25,0,2,19,5,1,2,2
7,25,32,33,7,25,0,2,20,4,1,2,2
7,25,32,33,7,25,0,2,21,7,0,1,4
7,25,32,33,7,25,0,2,22,7,0,1,2
7,25,32,33,7,25,0,2,23,7,0,1,1
7,26,33,34,7,7,0,2,1,5,1,2,1
7,26,33,34,7,7,0,2,2,4,1,2,2
7,26,33,34,7,7,0,2,3,3,0,2,1
7,26,33,34,7,7,0,2,4,4,0,2,2
7,26,33,34,7,7,0,2,5,5,0,2,1
7,26,33,34,7,26,0,2,1,7,0,1,1
7,26,33,34,7,26,0,2,2,7,0,1,1
7,26,33,34,7,26,0,2,3,7,0,1,1
7,26,33,34,7,26,0,2,4,4,0,2,2
7,26,33,34,7,26,0,2,5,5,0,2,2
7,26,33,34,7,26,0,2,6,6,0,2,1
7,26,33,34,7,26,0,2,7,7,0,1,2
7,26,33,34,7,26,0,2,8,7,0,1,2
7,26,33,34,7,26,0,2,9,7,0,1,1
7,26,33,34,7,26,0,2,10,7,0,1,2
7,26,33,34,7,26,0,2,11,7,0,1,1
7,26,33,34,7,26,0,2,12,7,0,1,1
7,26,33,34,7,26,0,2,13,7,0,1,2
7,26,33,34,7,26,0,2,14,7,0,1,1
7,26,33,34,7,26,0,2,15,7,0,1,2
7,26,33,34,7,26,0,2,16,7,0,1,2
7,26,33,34,7,26,0,2,17,7,0,1,1
7,26,33,34,7,26,0,2,18,7,0,1,2
7,26,33,34,7,26,0,2,19,6,1,2,1
7,26,33,34,7,26,0,2,20,5,1,2,1
7,26,33,34,7,26,0,2,21,4,1,2,2
7,26,33,34,7,26,0,2,22,3,1,2,1
7,26,33,34,7,26,0,2,23,7,0,1,2
7,26,33,34,7,26,0,2,24,7,0,1,1
7,27,34,35,7,7,0,2,1,5,1,2,1
7,27,34,35,7,7,0,2,2,4,1,2,2
7,27,34,35,7,7,0,2,3,3,1,2,1
7,27,34,35,7,7,0,2,4,4,0,2,2
7,27,34,35,7,7,0,2,5,5,0,2,2
7,27,34,35,7,27,0,2,1,7,0,1,1
7,27,34,35,7,27,0,2,2,7,0,1,4
7,27,34,35,7,27,0,2,3,7,0,1,1
7,27,34,35,7,27,0,2,4,4,0,2,2
7,27,34,35,7,27,0,2,5,5,0,2,2
7,27,34,35,7,27,0,2,6,6,0,2,2
7,27,34,35,7,27,0,2,7,7,0,1,1
7,27,34,35,7,27,0,2,8,7,0,1,2
7,27,34,35,7,27,0,2,9,7,0,1,1
7,27,34,35,7,27,0,2,10,7,0,1,2
7,27,34,35,7,27,0,2,11,7,0,1,2
7,27,34,35,7,27,0,2,12,7,0,1,2
7,27,34,35,7,27,0,2,13,7,0,1,2
7,27,34,35,7,27,0,2,14,7,0,1,2
7,27,34,35,7,27,0,2,15,7,0,1,2
7,27,34,35,7,27,0,2,16,7,0,1,2
7,27,34,35,7,27,0,2,17,7,0,1,2
7,27,34,35,7,27,0,2,18,7,0,1,4
7,27,34,35,7,27,0,2,19,7,0,1,1
7,27,34,35,7,27,0,2,20,6,1,2,2
7,27,34,35,7,27,0,2,21,5,1,2,2
7,27,34,35,7,27,0,2,22,4,1,2,2
7,27,34,35,7,27,0,2,23,7,0,1,2
7,27,34,35,7,27,0,2,24,7,0,1,2
7,27,34,35,7,27,0,2,25,7,0,1,2
7,28,35,36,7,7,0,2,1,5,1,2,1
7,28,35,36,7,7,0,2,2,4,1,2,2
7,28,35,36,7,7,0,2,3,3,1,2,1
7,28,35,36,7,7,0,2,4,4,0,2,2
7,28,35,36,7,7,0,2,5,5,0,2,2
7,28,35,36,7,28,0,2,1,7,0,1,1
7,28,35,36,7,28,0,2,2,7,0,1,1
7,28,35,36,7,28,0,2,3,7,0,1,1
7,28,35,36,7,28,0,2,4,4,0,2,2
7,28,35,36,7,28,0,2,5,5,0,2,2
7,28,35,36,7,28,0,2,6,6,0,2,2
7,28,35,36,7,28,0,2,7,7,0,1,1
7,28,35,36,7,28,0,2,8,7,0,1,1
7,28,35,36,7,28,0,2,9,7,0,1,1
7,28,35,36,7,28,0,2,10,7,0,1,2
7,28,35,36,7,28,0,2,11,7,0,1,2
7,28,35,36,7,28,0,2,12,7,0,1,1
7,28,35,36,7,28,0,2,13,7,0,1,1
7,28,35,36,7,28,0,2,14,7,0,1,2
7,28,35,36,7,28,0,2,15,7,0,1,2
7,28,35,36,7,28,0,2,16,7,0,1,1
7,28,35,36,7,28,0,2,17,7,0,1,2
7,28,35,36,7,28,0,2,18,7,0,1,2
7,28,35,36,7,28,0,2,19,7,0,1,1
7,28,35,36,7,28,0,2,20,7,0,1,2
7,28,35,36,7,28,0,2,21,6,1,2,1
7,28,35,36,7,28,0,2,22,5,1,2,2
7,28,35,36,7,28,0,2,23,4,1,2,1
7,28,35,36,7,28,0,2,24,3,1,2,1
7,28,35,36,7,28,0,2,25,7,0,1,1
7,28,35,36,7,28,0,2,26,7,0,1,2
7,29,36,37,7,7,0,2,1,5,1,2,1
7,29,36,37,7,7,0,2,2,4,1,2,1
7,29,36,37,7,7,0,2,3,3,1,2,1
7,29,36,37,7,7,0,2,4,4,0,2,2
7,29,36,37,7,7,0,2,5,5,0,2,2
7,29,36,37,7,29,0,2,1,7,0,1,1
7,29,36,37,7,29,0,2,2,7,0,1,2
7,29,36,37,7,29,0,2,3,7,0,1,1
7,29,36,37,7,29,0,2,4,4,0,2,2
7,29,36,37,7,29,0,2,5,5,0,2,2
7,29,36,37,7,29,0,2,6,6,0,2,2
7,29,36,37,7,29,0,2,7,7,0,1,1
7,29,36,37,7,29,0,2,8,7,0,1,2
7,29,36,37,7,29,0,2,9,7,0,1,2
7,29,36,37,7,29,0,2,10,7,0,1,2
7,29,36,37,7,29,0,2,11,7,0,1,2
7,29,36,37,7,29,0,2,12,7,0,1,2
7,29,36,37,7,29,0,2,13,7,0,1,2
7,29,36,37,7,29,0,2,14,7,0,1,2
7,29,36,37,7,29,0,2,15,7,0,1,2
7,29,36,37,7,29,0,2,16,7,0,1,2
7,29,36,37,7,29,0,2,17,7,0,1,2
7,29,36,37,7,29,0,2,18,7,0,1,1
7,29,36,37,7,29,0,2,19,7,0,1,2
7,29,36,37,7,29,0,2,20,7,0,1,2
7,29,36,37,7,29,0,2,21,7,0,1,1
7,29,36,37,7,29,0,2,22,6,1,2,2
7,29,36,37,7,29,0,2,23,5,1,2,2
7,29,36,37,7,29,0,2,24,4,1,2,2
7,29,36,37,7,29,0,2,25,7,0,1,2
7,29,36,37,7,29,0,2,26,7,0,1,2
7,29,36,37,7,29,0,2,27,7,0,1,2
7,30,37,38,7,7,0,2,1,5,1,2,1
7,30,37,38,7,7,0,2,2,4,1,2,2
7,30,37,38,7,7,0,2,3,3,1,2,1
7,30,37,38,7,7,0,2,4,4,0,2,2
7,30,37,38,7,7,0,2,5,5,0,2,2
7,30,37,38,7,30,0,2,1,7,0,1,1
7,30,37,38,7,30,0,2,2,7,0,1,1
7,30,37,38,7,30,0,2,3,7,0,1,1
7,30,37,38,7,30,0,2,4,4,0,2,2
7,30,37,38,7,30,0,2,5,5,0,2,2
7,30,37,38,7,30,0,2,6,6,0,2,2
7,30,37,38,7,30,0,2,7,7,0,1,2
7,30,37,38,7,30,0,2,8,7,0,1,2
7,30,37,38,7,30,0,2,9,7,0,1,2
7,30,37,38,7,30,0,2,10,7,0,1,2
7,30,37,38,7,30,0,2,11,7,0,1,2
7,30,37,38,7,30,0,2,12,7,0,1,2
7,30,37,38,7,30,0,2,13,7,0,1,2
7,30,37,38,7,30,0,2,14,7,0,1,1
7,30,37,38,7,30,0,2,15,7,0,1,2
7,30,37,38,7,30,0,2,16,7,0,1,1
7,30,37,38,7,30,0,2,17,7,0,1,2
7,30,37,38,7,30,0,2,18,7,0,1,2
7,30,37,38,7,30,0,2,19,7,0,1,1
7,30,37,38,7,30,0,2,20,7,0,1,2
7,30,37,38,7,30,0,2,21,7,0,1,2
7,30,37,38,7,30,0,2,22,7,0,1,1
7,30,37,38,7,30,0,2,23,6,1,2,2
7,30,37,38,7,30,0,2,24,5,1,2,2
7,30,37,38,7,30,0,2,25,4,1,2,2
7,30,37,38,7,30,0,2,26,7,0,1,2
7,30,37,38,7,30,0,2,27,7,0,1,1
7,30,37,38,7,30,0,2,28,7,0,1,2
7,31,38,39,7,7,0,2,1,5,1,2,1
7,31,38,39,7,7,0,2,2,4,1,2,2
7,31,38,39,7,7,0,2,3,3,1,2,1
7,31,38,39,7,7,0,2,4,4,0,2,2
7,31,38,39,7,7,0,2,5,5,0,2,2
7,31,38,39,7,31,0,2,1,7,0,1,1
7,31,38,39,7,31,0,2,2,7,0,1,4
7,31,38,39,7,31,0,2,3,7,0,1,1
7,31,38,39,7,31,0,2,4,4,0,2,2
7,31,38,39,7,31,0,2,5,5,0,2,2
7,31,38,39,7,31,0,2,6,6,0,2,2
7,31,38,39,7,31,0,2,7,7,0,1,2
7,31,38,39,7,31,0,2,8,7,0,1,2
7,31,38,39,7,31,0,2,9,7,0,1,2
7,31,38,39,7,31,0,2,10,7,0,1,2
7,31,38,39,7,31,0,2,11,7,0,1,2
7,31,38,39,7,31,0,2,12,7,0,1,2
7,31,38,39,7,31,0,2,13,7,0,1,2
7,31,38,39,7,31,0,2,14,7,0,1,2
7,31,38,39,7,31,0,2,15,7,0,1,4
7,31,38,39,7,31,0,2,16,7,0,1,2
7,31,38,39,7,31,0,2,17,7,0,1,2
7,31,38,39,7,31,0,2,18,7,0,1,4
7,31,38,39,7,31,0,2,19,7,0,1,2
7,31,38,39,7,31,0,2,20,7,0,1,2
7,31,38,39,7,31,0,2,21,7,0,1,2
7,31,38,39,7,31,0,2,22,7,0,1,2
7,31,38,39,7,31,0,2,23,7,0,1,2
7,31,38,39,7,31,0,2,24,6,1,2,2
7,31,38,39,7,31,0,2,25,5,1,2,2
7,31,38,39,7,31,0,2,26,4,1,2,2
7,31,38,39,7,31,0,2,27,7,0,1,2
7,31,38,39,7,31,0,2,28,7,0,1,2
7,31,38,39,7,31,0,2,29,7,0,1,1
7,32,39,40,7,7,0,2,1,5,1,2,1
7,32,39,40,7,7,0,2,2,4,1,2,2
7,32,39,40,7,7,0,2,3,3,0,2,1
7,32,39,40,7,7,0,2,4,4,0,2,2
7,32,39,40,7,7,0,2,5,5,0,2,1
7,32,39,40,7,32,0,2,1,7,0,1,1
7,32,39,40,7,32,0,2,2,7,0,1,1
7,32,39,40,7,32,0,2,3,7,0,1,1
7,32,39,40,7,32,0,2,4,4,0,2,2
7,32,39,40,7,32,0,2,5,5,0,2,2
7,32,39,40,7,32,0,2,6,6,0,2,1
7,32,39,40,7,32,0,2,7,7,0,1,1
7,32,39,40,7,32,0,2,8,7,0,1,2
7,32,39,40,7,32,0,2,9,7,0,1,1
7,32,39,40,7,32,0,2,10,7,0,1,2
7,32,39,40,7,32,0,2,11,7,0,1,2
7,32,39,40,7,32,0,2,12,7,0,1,1
7,32,39,40,7,32,0,2,13,7,0,1,2
7,32,39,40,7,32,0,2,14,7,0,1,1
7,32,39,40,7,32,0,2,15,7,0,1,2
7,32,39,40,7,32,0,2,16,7,0,1,2
7,32,39,40,7,32,0,2,17,7,0,1,1
7,32,39,40,7,32,0,2,18,7,0,1,2
7,32,39,40,7,32,0,2,19,7,0,1,2
7,32,39,40,7,32,0,2,20,7,0,1,2
7,32,39,40,7,32,0,2,21,7,0,1,2
7,32,39,40,7,32,0,2,22,7,0,1,2
7,32,39,40,7,32,0,2,23,7,0,1,2
7,32,39,40,7,32,0,2,24,7,0,1,2
7,32,39,40,7,32,0,2,25,6,1,2,1
7,32,39,40,7,32,0,2,26,5,1,2,1
7,32,39,40,7,32,0,2,27,4,1,2,1
7,32,39,40,7,32,0,2,28,3,1,2,1
7,32,39,40,7,32,0,2,29,7,0,1,2
7,32,39,40,7,32,0,2,30,7,0,1,1
7,33,40,41,7,7,0,2,1,5,1,2,1
7,33,40,41,7,7,0,2,2,4,1,2,2
7,33,40,41,7,7,0,2,3,3,1,2,1
7,33,40,41,7,7,0,2,4,4,0,2,2
7,33,40,41,7,7,0,2,5,5,0,2,2
7,33,40,41,7,33,0,2,1,7,0,1,1
7,33,40,41,7,33,0,2,2,7,0,1,4
7,33,40,41,7,33,0,2,3,7,0,1,1
7,33,40,41,7,33,0,2,4,4,0,2,2
7,33,40,41,7,33,0,2,5,5,0,2,2
7,33,40,41,7,33,0,2,6,6,0,2,2
7,33,40,41,7,33,0,2,7,7,0,1,1
7,33,40,41,7,33,0,2,8,7,0,1,2
7,33,40,41,7,33,0,2,9,7,0,1,1
7,33,40,41,7,33,0,2,10,7,0,1,2
7,33,40,41,7,33,0,2,11,7,0,1,2
7,33,40,41,7,33,0,2,12,7,0,1,2
7,33,40,41,7,33,0,2,13,7,0,1,2
7,33,40,41,7,33,0,2,14,7,0,1,2
7,33,40,41,7,33,0,2,15,7,0,1,2
7,33,40,41,7,33,0,2,16,7,0,1,2
7,33,40,41,7,33,0,2,17,7,0,1,2
7,33,40,41,7,33,0,2,18,7,0,1,2
7,33,40,41,7,33,0,2,19,7,0,1,2
7,33,40,41,7,33,0,2,20,7,0,1,2
7,33,40,41,7,33,0,2,21,7,0,1,2
7,33,40,41,7,33,0,2,22,7,0,1,1
7,33,40,41,7,33,0,2,23,7,0,1,2
7,33,40,41,7,33,0,2,24,7,0,1,2
7,33,40,41,7,33,0,2,25,7,0,1,2
7,33,40,41,7,33,0,2,26,6,1,2,2
7,33,40,41,7,33,0,2,27,5,1,2,2
7,33,40,41,7,33,0,2,28,4,1,2,2
7,33,40,41,7,33,0,2,29,7,0,1,2
7,33,40,41,7,33,0,2,30,7,0,1,2
7,33,40,41,7,33,0,2,31,7,0,1,2
7,34,41,42,7,7,0,2,1,5,1,2,1
7,34,41,42,7,7,0,2,2,4,1,2,2
7,34,41,42,7,7,0,2,3,3,1,2,1
7,34,41,42,7,7,0,2,4,4,0,2,2
7,34,41,42,7,7,0,2,5,5,0,2,2
7,34,41,42,7,34,0,2,1,7,0,1,1
7,34,41,42,7,34,0,2,2,7,0,1,1
7,34,41,42,7,34,0,2,3,7,0,1,1
7,34,41,42,7,34,0,2,4,4,0,2,2
7,34,41,42,7,34,0,2,5,5,0,2,2
7,34,41,42,7,34,0,2,6,6,0,2,2
7,34,41,42,7,34,0,2,7,7,0,1,1
7,34,41,42,7,34,0,2,8,7,0,1,2
7,34,41,42,7,34,0,2,9,7,0,1,1
7,34,41,42,7,34,0,2,10,7,0,1,2
7,34,41,42,7,34,0,2,11,7,0,1,1
7,34,41,42,7,34,0,2,12,7,0,1,1
7,34,41,42,7,34,0,2,13,7,0,1,1
7,34,41,42,7,34,0,2,14,7,0,1,2
7,34,41,42,7,34,0,2,15,7,0,1,1
7,34,41,42,7,34,0,2,16,7,0,1,1
7,34,41,42,7,34,0,2,17,7,0,1,2
7,34,41,42,7,34,0,2,18,7,0,1,2
7,34,41,42,7,34,0,2,19,7,0,1,1
7,34,41,42,7,34,0,2,20,7,0,1,2
7,34,41,42,7,34,0,2,21,7,0,1,2
7,34,41,42,7,34,0,2,22,7,0,1,1
7,34,41,42,7,34,0,2,23,7,0,1,2
7,34,41,42,7,34,0,2,24,7,0,1,1
7,34,41,42,7,34,0,2,25,7,0,1,1
7,34,41,42,7,34,0,2,26,7,0,1,2
7,34,41,42,7,34,0,2,27,6,1,2,1
7,34,41,42,7,34,0,2,28,5,1,2,2
7,34,41,42,7,34,0,2,29,4,1,2,1
7,34,41,42,7,34,0,2,30,3,1,2,1
7,34,41,42,7,34,0,2,31,7,0,1,1
7,34,41,42,7,34,0,2,32,7,0,1,2
7,35,42,43,7,7,0,2,1,5,1,2,1
7,35,42,43,7,7,0,2,2,4,1,2,1
7,35,42,43,7,7,0,2,3,3,1,2,1
7,35,42,43,7,7,0,2,4,4,0,2,2
7,35,42,43,7,7,0,2,5,5,0,2,2
7,35,42,43,7,35,0,2,1,7,0,1,1
7,35,42,43,7,35,0,2,2,7,0,1,4
7,35,42,43,7,35,0,2,3,7,0,1,1
7,35,42,43,7,35,0,2,4,4,0,2,2
7,35,42,43,7,35,0,2,5,5,0,2,2
7,35,42,43,7,35,0,2,6,6,0,2,2
7,35,42,43,7,35,0,2,7,7,0,1,1
7,35,42,43,7,35,0,2,8,7,0,1,2
7,35,42,43,7,35,0,2,9,7,0,1,2
7,35,42,43,7,35,0,2,10,7,0,1,2
7,35,42,43,7,35,0,2,11,7,0,1,2
7,35,42,43,7,35,0,2,12,7,0,1,2
7,35,42,43,7,35,0,2,13,7,0,1,2
7,35,42,43,7,35,0,2,14,7,0,1,2
7,35,42,43,7,35,0,2,15,7,0,1,4
7,35,42,43,7,35,0,2,16,7,0,1,2
7,35,42,43,7,35,0,2,17,7,0,1,2
7,35,42,43,7,35,0,2,18,7,0,1,2
7,35,42,43,7,35,0,2,19,7,0,1,2
7,35,42,43,7,35,0,2,20,7,0,1,2
7,35,42,43,7,35,0,2,21,7,0,1,2
7,35,42,43,7,35,0,2,22,7,0,1,2
7,35,42,43,7,35,0,2,23,7,0,1,2
7,35,42,43,7,35,0,2,24,7,0,1,1
7,35,42,43,7,35,0,2,25,7,0,1,2
7,35,42,43,7,35,0,2,26,7,0,1,2
7,35,42,43,7,35,0,2,27,7,0,1,2
7,35,42,43,7,35,0,2,28,6,1,2,2
7,35,42,43,7,35,0,2,29,5,1,2,2
7,35,42,43,7,35,0,2,30,4,1,2,2
7,35,42,43,7,35,0,2,31,7,0,1,2
7,35,42,43,7,35,0,2,32,7,0,1,2
7,35,42,43,7,35,0,2,33,7,0,1,2
7,36,43,44,7,7,0,2,1,5,1,2,1
7,36,43,44,7,7,0,2,2,4,1,2,2
7,36,43,44,7,7,0,2,3,3,1,2,1
7,36,43,44,7,7,0,2,4,4,0,2,2
7,36,43,44,7,7,0,2,5,5,0,2,2
7,36,43,44,7,36,0,2,1,7,0,1,1
7,36,43,44,7,36,0,2,2,7,0,1,1
7,36,43,44,7,36,0,2,3,7,0,1,1
7,36,43,44,7,36,0,2,4,4,0,2,2
7,36,43,44,7,36,0,2,5,5,0,2,2
7,36,43,44,7,36,0,2,6,6,0,2,2
7,36,43,44,7,36,0,2,7,7,0,1,2
7,36,43,44,7,36,0,2,8,7,0,1,1
7,36,43,44,7,36,0,2,9,7,0,1,2
7,36,43,44,7,36,0,2,10,7,0,1,2
7,36,43,44,7,36,0,2,11,7,0,1,1
7,36,43,44,7,36,0,2,12,7,0,1,2
7,36,43,44,7,36,0,2,13,7,0,1,2
7,36,43,44,7,36,0,2,14,7,0,1,1
7,36,43,44,7,36,0,2,15,7,0,1,2
7,36,43,44,7,36,0,2,16,7,0,1,2
7,36,43,44,7,36,0,2,17,7,0,1,1
7,36,43,44,7,36,0,2,18,7,0,1,2
7,36,43,44,7,36,0,2,19,7,0,1,1
7,36,43,44,7,36,0,2,20,7,0,1,2
7,36,43,44,7,36,0,2,21,7,0,1,2
7,36,43,44,7,36,0,2,22,7,0,1,1
7,36,43,44,7,36,0,2,23,7,0,1,2
7,36,43,44,7,36,0,2,24,7,0,1,2
7,36,43,44,7,36,0,2,25,7,0,1,1
7,36,43,44,7,36,0,2,26,7,0,1,2
7,36,43,44,7,36,0,2,27,7,0,1,1
7,36,43,44,7,36,0,2,28,7,0,1,2
7,36,43,44,7,36,0,2,29,6,1,2,2
7,36,43,44,7,36,0,2,30,5,1,2,2
7,36,43,44,7,36,0,2,31,4,1,2,2
7,36,43,44,7,36,0,2,32,7,0,1,2
7,36,43,44,7,36,0,2,33,7,0,1,2
7,36,43,44,7,36,0,2,34,7,0,1,1
7,37,44,45,7,7,0,2,1,5,1,2,1
7,37,44,45,7,7,0,2,2,4,1,2,2
7,37,44,45,7,7,0,2,3,3,1,2,1
7,37,44,45,7,7,0,2,4,4,0,2,2
7,37,44,45,7,7,0,2,5,5,0,2,2
7,37,44,45,7,37,0,2,1,7,0,1,1
7,37,44,45,7,37,0,2,2,7,0,1,4
7,37,44,45,7,37,0,2,3,7,0,1,1
7,37,44,45,7,37,0,2,4,4,0,2,2
7,37,44,45,7,37,0,2,5,5,0,2,2
7,37,44,45,7,37,0,2,6,6,0,2,2
7,37,44,45,7,37,0,2,7,7,0,1,2
7,37,44,45,7,37,0,2,8,7,0,1,2
7,37,44,45,7,37,0,2,9,7,0,1,2
7,37,44,45,7,37,0,2,10,7,0,1,2
7,37,44,45,7,37,0,2,11,7,0,1,2
7,37,44,45,7,37,0,2,12,7,0,1,2
7,37,44,45,7,37,0,2,13,7,0,1,2
7,37,44,45,7,37,0,2,14,7,0,1,2
7,37,44,45,7,37,0,2,15,7,0,1,4
7,37,44,45,7,37,0,2,16,7,0,1,2
7,37,44,45,7,37,0,2,17,7,0,1,2
7,37,44,45,7,37,0,2,18,7,0,1,4
7,37,44,45,7,37,0,2,19,7,0,1,2
7,37,44,45,7,37,0,2,20,7,0,1,2
7,37,44,45,7,37,0,2,21,7,0,1,2
7,37,44,45,7,37,0,2,22,7,0,1,2
7,37,44,45,7,37,0,2,23,7,0,1,2
7,37,44,45,7,37,0,2,24,7,0,1,2
7,37,44,45,7,37,0,2,25,7,0,1,2
7,37,44,45,7,37,0,2,26,7,0,1,2
7,37,44,45,7,37,0,2,27,7,0,1,2
7,37,44,45,7,37,0,2,28,7,0,1,4
7,37,44,45,7,37,0,2,29,7,0,1,1
7,37,44,45,7,37,0,2,30,6,1,2,2
7,37,44,45,7,37,0,2,31,5,1,2,2
7,37,44,45,7,37,0,2,32,4,1,2,2
7,37,44,45,7,37,0,2,33,7,0,1,2
7,37,44,45,7,37,0,2,34,7,0,1,2
7,37,44,45,7,37,0,2,35,7,0,1,1
8,2,10,11,8,8,0,2,1,6,1,2,2
8,2,10,11,8,8,0,2,2,5,1,2,2
8,2,10,11,8,8,0,2,3,4,1,2,0
8,2,10,11,8,8,0,2,4,4,0,2,1
8,2,10,11,8,8,0,2,5,5,0,2,1
8,2,10,11,8,8,0,2,6,6,0,2,2
8,3,11,12,8,3,0,2,1,8,0,1,1
8,3,11,12,8,8,0,2,1,3,0,1,1
8,3,11,12,8,8,0,2,2,5,1,2,1
8,3,11,12,8,8,0,2,3,4,1,2,1
8,3,11,12,8,8,0,2,4,3,0,1,1
8,3,11,12,8,8,0,2,5,5,0,2,2
8,3,11,12,8,8,0,2,6,6,0,2,2
8,5,13,14,8,5,0,2,1,3,1,2,0
8,5,13,14,8,5,0,2,2,8,0,1,1
8,5,13,14,8,5,0,2,3,8,0,1,1
8,5,13,14,8,8,0,2,1,5,0,1,2
8,5,13,14,8,8,0,2,2,5,0,1,2
8,5,13,14,8,8,0,2,3,3,0,2,1
8,5,13,14,8,8,0,2,4,3,1,2,0
8,5,13,14,8,8,0,2,5,2,1,2,0
8,5,13,14,8,8,0,2,6,5,0,1,2
8,7,15,16,8,7,0,2,1,5,1,2,1
8,7,15,16,8,7,0,2,2,4,1,2,1
8,7,15,16,8,7,0,2,3,3,1,2,1
8,7,15,16,8,7,0,2,4,4,0,2,2
8,7,15,16,8,7,0,2,5,5,0,2,2
8,7,15,16,8,8,0,2,1,6,1,2,2
8,7,15,16,8,8,0,2,2,5,1,2,2
8,7,15,16,8,8,0,2,3,4,1,2,1
8,7,15,16,8,8,0,2,4,4,0,2,2
8,7,15,16,8,8,0,2,5,5,0,2,2
8,7,15,16,8,8,0,2,6,6,0,2,2
8,8,16,17,8,8,0,2,1,6,1,2,1
8,8,16,17,8,8,0,2,2,5,1,2,2
8,8,16,17,8,8,0,2,3,4,1,2,1
8,8,16,17,8,8,0,2,4,4,0,2,2
8,8,16,17,8,8,0,2,5,5,0,2,2
8,8,16,17,8,8,0,2,6,6,0,2,2
8,9,17,18,8,8,0,2,1,6,1,2,1
8,9,17,18,8,8,0,2,2,5,1,2,1
8,9,17,18,8,8,0,2,3,4,1,2,1
8,9,17,18,8,8,0,2,4,3,1,2,1
8,9,17,18,8,8,0,2,5,5,0,2,1
8,9,17,18,8,8,0,2,6,6,0,2,2
8,9,17,18,8,9,0,2,1,7,1,2,2
8,9,17,18,8,9,0,2,2,6,1,2,2
8,9,17,18,8,9,0,2,3,5,1,2,1
8,9,17,18,8,9,0,2,4,4,0,2,2
8,9,17,18,8,9,0,2,5,5,0,2,2
8,9,17,18,8,9,0,2,6,6,0,2,2
8,9,17,18,8,9,0,2,7,7,0,2,2
8,11,19,20,8,8,0,2,1,6,1,2,0
8,11,19,20,8,8,0,2,2,5,1,2,2
8,11,19,20,8,8,0,2,3,4,1,2,1
8,11,19,20,8,8,0,2,4,3,1,2,1
8,11,19,20,8,8,0,2,5,5,0,2,2
8,11,19,20,8,8,0,2,6,6,0,2,2
8,11,19,20,8,11,0,2,1,8,0,1,1
8,11,19,20,8,11,0,2,2,8,0,1,2
8,11,19,20,8,11,0,2,3,3,0,2,1
8,11,19,20,8,11,0,2,4,4,0,2,1
8,11,19,20,8,11,0,2,5,5,0,2,1
8,11,19,20,8,11,0,2,6,4,1,2,1
8,11,19,20,8,11,0,2,7,3,1,2,1
8,11,19,20,8,11,0,2,8,2,1,2,0
8,11,19,20,8,11,0,2,9,8,0,1,2
8,12,20,21,8,8,0,2,1,6,1,2,1
8,12,20,21,8,8,0,2,2,5,1,2,2
8,12,20,21,8,8,0,2,3,4,1,2,2
8,12,20,21,8,8,0,2,4,3,1,2,1
8,12,20,21,8,8,0,2,5,5,0,2,2
8,12,20,21,8,8,0,2,6,6,0,2,2
8,12,20,21,8,12,0,2,1,8,0,1,2
8,12,20,21,8,12,0,2,2,8,0,1,2
8,12,20,21,8,12,0,2,3,3,0,2,1
8,12,20,21,8,12,0,2,4,4,0,2,1
8,12,20,21,8,12,0,2,5,5,0,2,2
8,12,20,21,8,12,0,2,6,5,1,2,2
8,12,20,21,8,12,0,2,7,4,1,2,1
8,12,20,21,8,12,0,2,8,3,1,2,1
8,12,20,21,8,12,0,2,9,8,0,1,2
8,12,20,21,8,12,0,2,10,8,0,1,2
8,13,21,22,8,8,0,2,1,6,1,2,1
8,13,21,22,8,8,0,2,2,5,1,2,2
8,13,21,22,8,8,0,2,3,4,1,2,1
8,13,21,22,8,8,0,2,4,3,1,2,1
8,13,21,22,8,8,0,2,5,5,0,2,2
8,13,21,22,8,8,0,2,6,6,0,2,2
8,13,21,22,8,13,0,2,1,8,0,1,1
8,13,21,22,8,13,0,2,2,8,0,1,2
8,13,21,22,8,13,0,2,3,8,0,1,2
8,13,21,22,8,13,0,2,4,4,0,2,1
8,13,21,22,8,13,0,2,5,5,0,2,2
8,13,21,22,8,13,0,2,6,6,0,2,2
8,13,21,22,8,13,0,2,7,5,1,2,1
8,13,21,22,8,13,0,2,8,4,1,2,1
8,13,21,22,8,13,0,2,9,3,1,2,1
8,13,21,22,8,13,0,2,10,8,0,1,2
8,13,21,22,8,13,0,2,11,8,0,1,2
8,14,22,23,8,8,0,2,1,6,1,2,1
8,14,22,23,8,8,0,2,2,5,1,2,2
8,14,22,23,8,8,0,2,3,4,1,2,1
8,14,22,23,8,8,0,2,4,4,0,2,2
8,14,22,23,8,8,0,2,5,5,0,2,2
8,14,22,23,8,8,0,2,6,6,0,2,2
8,14,22,23,8,14,0,2,1,8,0,1,1
8,14,22,23,8,14,0,2,2,8,0,1,2
8,14,22,23,8,14,0,2,3,8,0,1,2
8,14,22,23,8,14,0,2,4,4,0,2,2
8,14,22,23,8,14,0,2,5,5,0,2,2
8,14,22,23,8,14,0,2,6,6,0,2,2
8,14,22,23,8,14,0,2,7,6,1,2,2
8,14,22,23,8,14,0,2,8,5,1,2,2
8,14,22,23,8,14,0,2,9,4,1,2,2
8,14,22,23,8,14,0,2,10,8,0,1,2
8,14,22,23,8,14,0,2,11,8,0,1,2
8,14,22,23,8,14,0,2,12,8,0,1,2
8,15,23,24,8,8,0,2,1,6,1,2,1
8,15,23,24,8,8,0,2,2,5,1,2,2
8,15,23,24,8,8,0,2,3,4,1,2,1
8,15,23,24,8,8,0,2,4,3,1,2,1
8,15,23,24,8,8,0,2,5,5,0,2,1
8,15,23,24,8,8,0,2,6,6,0,2,2
8,15,23,24,8,15,0,2,1,8,0,1,1
8,15,23,24,8,15,0,2,2,8,0,1,1
8,15,23,24,8,15,0,2,3,8,0,1,1
8,15,23,24,8,15,0,2,4,4,0,2,2
8,15,23,24,8,15,0,2,5,5,0,2,1
8,15,23,24,8,15,0,2,6,6,0,2,2
8,15,23,24,8,15,0,2,7,7,0,2,2
8,15,23,24,8,15,0,2,8,6,1,2,2
8,15,23,24,8,15,0,2,9,5,1,2,1
8,15,23,24,8,15,0,2,10,4,1,2,1
8,15,23,24,8,15,0,2,11,8,0,1,2
8,15,23,24,8,15,0,2,12,8,0,1,1
8,15,23,24,8,15,0,2,13,8,0,1,2
8,16,24,25,8,8,0,2,1,6,1,2,1
8,16,24,25,8,8,0,2,2,5,1,2,1
8,16,24,25,8,8,0,2,3,4,1,2,1
8,16,24,25,8,8,0,2,4,3,1,2,1
8,16,24,25,8,8,0,2,5,5,0,2,2
8,16,24,25,8,8,0,2,6,6,0,2,2
8,16,24,25,8,16,0,2,1,8,0,1,2
8,16,24,25,8,16,0,2,2,8,0,1,2
8,16,24,25,8,16,0,2,3,8,0,1,2
8,16,24,25,8,16,0,2,4,4,0,2,2
8,16,24,25,8,16,0,2,5,5,0,2,2
8,16,24,25,8,16,0,2,6,6,0,2,2
8,16,24,25,8,16,0,2,7,7,0,2,2
8,16,24,25,8,16,0,2,8,7,1,2,3
8,16,24,25,8,16,0,2,9,6,1,2,2
8,16,24,25,8,16,0,2,10,5,1,2,2
8,16,24,25,8,16,0,2,11,8,0,1,2
8,16,24,25,8,16,0,2,12,3,1,2,1
8,16,24,25,8,16,0,2,13,8,0,1,2
8,16,24,25,8,16,0,2,14,8,0,1,2
8,17,25,26,8,8,0,2,1,6,1,2,1
8,17,25,26,8,8,0,2,2,5,1,2,2
8,17,25,26,8,8,0,2,3,4,1,2,1
8,17,25,26,8,8,0,2,4,3,1,2,1
8,17,25,26,8,8,0,2,5,5,0,2,2
8,17,25,26,8,8,0,2,6,6,0,2,2
8,17,25,26,8,17,0,2,1,8,0,1,1
8,17,25,26,8,17,0,2,2,8,0,1,2
8,17,25,26,8,17,0,2,3,8,0,1,2
8,17,25,26,8,17,0,2,4,4,0,2,1
8,17,25,26,8,17,0,2,5,5,0,2,2
8,17,25,26,8,17,0,2,6,6,0,2,2
8,17,25,26,8,17,0,2,7,7,0,2,1
8,17,25,26,8,17,0,2,8,8,0,1,2
8,17,25,26,8,17,0,2,9,7,1,2,1
8,17,25,26,8,17,0,2,10,6,1,2,1
8,17,25,26,8,17,0,2,11,5,1,2,1
8,17,25,26,8,17,0,2,12,4,1,2,1
8,17,25,26,8,17,0,2,13,3,1,2,1
8,17,25,26,8,17,0,2,14,8,0,1,2
8,17,25,26,8,17,0,2,15,8,0,1,2
8,18,26,27,8,8,0,2,1,6,1,2,1
8,18,26,27,8,8,0,2,2,5,1,2,2
8,18,26,27,8,8,0,2,3,4,1,2,1
8,18,26,27,8,8,0,2,4,3,1,2,1
8,18,26,27,8,8,0,2,5,5,0,2,2
8,18,26,27,8,8,0,2,6,6,0,2,2
8,18,26,27,8,18,0,2,1,8,0,1,2
8,18,26,27,8,18,0,2,2,8,0,1,2
8,18,26,27,8,18,0,2,3,8,0,1,2
8,18,26,27,8,18,0,2,4,4,0,2,2
8,18,26,27,8,18,0,2,5,5,0,2,2
8,18,26,27,8,18,0,2,6,6,0,2,2
8,18,26,27,8,18,0,2,7,7,0,2,2
8,18,26,27,8,18,0,2,8,8,0,1,2
8,18,26,27,8,18,0,2,9,8,0,1,2
8,18,26,27,8,18,0,2,10,7,1,2,1
8,18,26,27,8,18,0,2,11,6,1,2,1
8,18,26,27,8,18,0,2,12,5,1,2,2
8,18,26,27,8,18,0,2,13,4,1,2,1
8,18,26,27,8,18,0,2,14,3,1,2,1
8,18,26,27,8,18,0,2,15,8,0,1,2
8,18,26,27,8,18,0,2,16,8,0,1,2
8,19,27,28,8,8,0,2,1,6,1,2,1
8,19,27,28,8,8,0,2,2,5,1,2,2
8,19,27,28,8,8,0,2,3,4,1,2,1
8,19,27,28,8,8,0,2,4,3,1,2,1
8,19,27,28,8,8,0,2,5,5,0,2,2
8,19,27,28,8,8,0,2,6,6,0,2,2
8,19,27,28,8,19,0,2,1,8,0,1,1
8,19,27,28,8,19,0,2,2,8,0,1,2
8,19,27,28,8,19,0,2,3,8,0,1,2
8,19,27,28,8,19,0,2,4,4,0,2,2
8,19,27,28,8,19,0,2,5,5,0,2,2
8,19,27,28,8,19,0,2,6,6,0,2,2
8,19,27,28,8,19,0,2,7,7,0,2,2
8,19,27,28,8,19,0,2,8,8,0,1,2
8,19,27,28,8,19,0,2,9,8,0,1,2
8,19,27,28,8,19,0,2,10,8,0,1,2
8,19,27,28,8,19,0,2,11,7,1,2,1
8,19,27,28,8,19,0,2,12,6,1,2,1
8,19,27,28,8,19,0,2,13,5,1,2,1
8,19,27,28,8,19,0,2,14,4,1,2,1
8,19,27,28,8,19,0,2,15,3,1,2,1
8,19,27,28,8,19,0,2,16,8,0,1,2
8,19,27,28,8,19,0,2,17,8,0,1,2
8,20,28,29,8,8,0,2,1,6,1,2,0
8,20,28,29,8,8,0,2,2,5,1,2,1
8,20,28,29,8,8,0,2,3,4,1,2,1
8,20,28,29,8,8,0,2,4,3,1,2,1
8,20,28,29,8,8,0,2,5,5,0,2,2
8,20,28,29,8,8,0,2,6,6,0,2,2
8,20,28,29,8,20,0,2,1,8,0,1,1
8,20,28,29,8,20,0,2,2,8,0,1,2
8,20,28,29,8,20,0,2,3,8,0,1,2
8,20,28,29,8,20,0,2,4,4,0,2,2
8,20,28,29,8,20,0,2,5,5,0,2,2
8,20,28,29,8,20,0,2,6,6,0,2,2
8,20,28,29,8,20,0,2,7,7,0,2,2
8,20,28,29,8,20,0,2,8,8,0,1,2
8,20,28,29,8,20,0,2,9,8,0,1,2
8,20,28,29,8,20,0,2,10,8,0,1,2
8,20,28,29,8,20,0,2,11,8,0,1,2
8,20,28,29,8,20,0,2,12,7,1,2,2
8,20,28,29,8,20,0,2,13,6,1,2,2
8,20,28,29,8,20,0,2,14,5,1,2,1
8,20,28,29,8,20,0,2,15,4,1,2,2
8,20,28,29,8,20,0,2,16,3,1,2,1
8,20,28,29,8,20,0,2,17,8,0,1,2
8,20,28,29,8,20,0,2,18,8,0,1,2
8,21,29,30,8,8,0,2,1,6,1,2,1
8,21,29,30,8,8,0,2,2,5,1,2,2
8,21,29,30,8,8,0,2,3,4,1,2,1
8,21,29,30,8,8,0,2,4,3,1,2,1
8,21,29,30,8,8,0,2,5,5,0,2,1
8,21,29,30,8,8,0,2,6,6,0,2,2
8,21,29,30,8,21,0,2,1,8,0,1,1
8,21,29,30,8,21,0,2,2,8,0,1,1
8,21,29,30,8,21,0,2,3,8,0,1,1
8,21,29,30,8,21,0,2,4,4,0,2,1
8,21,29,30,8,21,0,2,5,5,0,2,1
8,21,29,30,8,21,0,2,6,6,0,2,2
8,21,29,30,8,21,0,2,7,7,0,2,2
8,21,29,30,8,21,0,2,8,8,0,1,2
8,21,29,30,8,21,0,2,9,8,0,1,2
8,21,29,30,8,21,0,2,10,8,0,1,2
8,21,29,30,8,21,0,2,11,8,0,1,2
8,21,29,30,8,21,0,2,12,8,0,1,2
8,21,29,30,8,21,0,2,13,7,1,2,1
8,21,29,30,8,21,0,2,14,6,1,2,2
8,21,29,30,8,21,0,2,15,5,1,2,1
8,21,29,30,8,21,0,2,16,4,1,2,1
8,21,29,30,8,21,0,2,17,3,1,2,1
8,21,29,30,8,21,0,2,18,8,0,1,2
8,21,29,30,8,21,0,2,19,8,0,1,2
8,22,30,31,8,8,0,2,1,6,1,2,1
8,22,30,31,8,8,0,2,2,5,1,2,2
8,22,30,31,8,8,0,2,3,4,1,2,1
8,22,30,31,8,8,0,2,4,3,1,2,1
8,22,30,31,8,8,0,2,5,5,0,2,2
8,22,30,31,8,8,0,2,6,6,0,2,2
8,22,30,31,8,22,0,2,1,8,0,1,2
8,22,30,31,8,22,0,2,2,8,0,1,2
8,22,30,31,8,22,0,2,3,8,0,1,2
8,22,30,31,8,22,0,2,4,4,0,2,2
8,22,30,31,8,22,0,2,5,5,0,2,2
8,22,30,31,8,22,0,2,6,6,0,2,2
8,22,30,31,8,22,0,2,7,7,0,2,2
8,22,30,31,8,22,0,2,8,8,0,1,2
8,22,30,31,8,22,0,2,9,8,0,1,2
8,22,30,31,8,22,0,2,10,8,0,1,2
8,22,30,31,8,22,0,2,11,8,0,1,2
8,22,30,31,8,22,0,2,12,8,0,1,2
8,22,30,31,8,22,0,2,13,8,0,1,2
8,22,30,31,8,22,0,2,14,7,1,2,2
8,22,30,31,8,22,0,2,15,6,1,2,1
8,22,30,31,8,22,0,2,16,5,1,2,2
8,22,30,31,8,22,0,2,17,4,1,2,2
8,22,30,31,8,22,0,2,18,3,1,2,1
8,22,30,31,8,22,0,2,19,8,0,1,2
8,22,30,31,8,22,0,2,20,8,0,1,2
8,23,31,32,8,8,0,2,1,6,1,2,1
8,23,31,32,8,8,0,2,2,5,1,2,2
8,23,31,32,8,8,0,2,3,4,1,2,1
8,23,31,32,8,8,0,2,4,3,1,2,1
8,23,31,32,8,8,0,2,5,5,0,2,2
8,23,31,32,8,8,0,2,6,6,0,2,2
8,23,31,32,8,23,0,2,1,8,0,1,1
8,23,31,32,8,23,0,2,2,8,0,1,2
8,23,31,32,8,23,0,2,3,8,0,1,2
8,23,31,32,8,23,0,2,4,4,0,2,1
8,23,31,32,8,23,0,2,5,5,0,2,2
8,23,31,32,8,23,0,2,6,6,0,2,2
8,23,31,32,8,23,0,2,7,7,0,2,1
8,23,31,32,8,23,0,2,8,8,0,1,2
8,23,31,32,8,23,0,2,9,8,0,1,2
8,23,31,32,8,23,0,2,10,8,0,1,2
8,23,31,32,8,23,0,2,11,8,0,1,2
8,23,31,32,8,23,0,2,12,8,0,1,2
8,23,31,32,8,23,0,2,13,8,0,1,2
8,23,31,32,8,23,0,2,14,8,0,1,2
8,23,31,32,8,23,0,2,15,7,1,2,1
8,23,31,32,8,23,0,2,16,6,1,2,1
8,23,31,32,8,23,0,2,17,5,1,2,1
8,23,31,32,8,23,0,2,18,4,1,2,1
8,23,31,32,8,23,0,2,19,3,1,2,1
8,23,31,32,8,23,0,2,20,8,0,1,2
8,23,31,32,8,23,0,2,21,8,0,1,2
8,24,32,33,8,8,0,2,1,6,1,2,1
8,24,32,33,8,8,0,2,2,5,1,2,2
8,24,32,33,8,8,0,2,3,4,1,2,1
8,24,32,33,8,8,0,2,4,3,1,2,1
8,24,32,33,8,8,0,2,5,5,0,2,2
8,24,32,33,8,8,0,2,6,6,0,2,2
8,24,32,33,8,24,0,2,1,8,0,1,1
8,24,32,33,8,24,0,2,2,8,0,1,2
8,24,32,33,8,24,0,2,3,8,0,1,1
8,24,32,33,8,24,0,2,4,4,0,2,2
8,24,32,33,8,24,0,2,5,5,0,2,2
8,24,32,33,8,24,0,2,6,6,0,2,2
8,24,32,33,8,24,0,2,7,7,0,2,2
8,24,32,33,8,24,0,2,8,8,0,1,2
8,24,32,33,8,24,0,2,9,8,0,1,2
8,24,32,33,8,24,0,2,10,8,0,1,2
8,24,32,33,8,24,0,2,11,8,0,1,2
8,24,32,33,8,24,0,2,12,8,0,1,2
8,24,32,33,8,24,0,2,13,8,0,1,2
8,24,32,33,8,24,0,2,14,8,0,1,2
8,24,32,33,8,24,0,2,15,8,0,1,2
8,24,32,33,8,24,0,2,16,7,1,2,2
8,24,32,33,8,24,0,2,17,6,1,2,2
8,24,32,33,8,24,0,2,18,5,1,2,2
8,24,32,33,8,24,0,2,19,4,1,2,2
8,24,32,33,8,24,0,2,20,8,0,1,2
8,24,32,33,8,24,0,2,21,8,0,1,2
8,24,32,33,8,24,0,2,22,8,0,1,2
8,25,33,34,8,8,0,2,1,6,1,2,1
8,25,33,34,8,8,0,2,2,5,1,2,2
8,25,33,34,8,8,0,2,3,4,1,2,1
8,25,33,34,8,8,0,2,4,3,1,2,1
8,25,33,34,8,8,0,2,5,5,0,2,2
8,25,33,34,8,8,0,2,6,6,0,2,2
8,25,33,34,8,25,0,2,1,8,0,1,1
8,25,33,34,8,25,0,2,2,8,0,1,1
8,25,33,34,8,25,0,2,3,8,0,1,2
8,25,33,34,8,25,0,2,4,4,0,2,2
8,25,33,34,8,25,0,2,5,5,0,2,2
8,25,33,34,8,25,0,2,6,6,0,2,2
8,25,33,34,8,25,0,2,7,7,0,2,2
8,25,33,34,8,25,0,2,8,8,0,1,2
8,25,33,34,8,25,0,2,9,8,0,1,2
8,25,33,34,8,25,0,2,10,8,0,1,2
8,25,33,34,8,25,0,2,11,8,0,1,2
8,25,33,34,8,25,0,2,12,8,0,1,2
8,25,33,34,8,25,0,2,13,8,0,1,2
8,25,33,34,8,25,0,2,14,8,0,1,2
8,25,33,34,8,25,0,2,15,8,0,1,2
8,25,33,34,8,25,0,2,16,8,0,1,2
8,25,33,34,8,25,0,2,17,7,1,2,1
8,25,33,34,8,25,0,2,18,6,1,2,1
8,25,33,34,8,25,0,2,19,5,1,2,1
8,25,33,34,8,25,0,2,20,4,1,2,1
8,25,33,34,8,25,0,2,21,3,1,2,1
8,25,33,34,8,25,0,2,22,8,0,1,2
8,25,33,34,8,25,0,2,23,8,0,1,2
8,26,34,35,8,8,0,2,1,6,1,2,0
8,26,34,35,8,8,0,2,2,5,1,2,1
8,26,34,35,8,8,0,2,3,4,1,2,1
8,26,34,35,8,8,0,2,4,3,1,2,1
8,26,34,35,8,8,0,2,5,5,0,2,2
8,26,34,35,8,8,0,2,6,6,0,2,2
8,26,34,35,8,26,0,2,1,8,0,1,1
8,26,34,35,8,26,0,2,2,8,0,1,2
8,26,34,35,8,26,0,2,3,8,0,1,2
8,26,34,35,8,26,0,2,4,4,0,2,2
8,26,34,35,8,26,0,2,5,5,0,2,2
8,26,34,35,8,26,0,2,6,6,0,2,2
8,26,34,35,8,26,0,2,7,7,0,2,2
8,26,34,35,8,26,0,2,8,8,0,1,2
8,26,34,35,8,26,0,2,9,8,0,1,2
8,26,34,35,8,26,0,2,10,8,0,1,2
8,26,34,35,8,26,0,2,11,8,0,1,2
8,26,34,35,8,26,0,2,12,8,0,1,2
8,26,34,35,8,26,0,2,13,8,0,1,2
8,26,34,35,8,26,0,2,14,8,0,1,2
8,26,34,35,8,26,0,2,15,8,0,1,2
8,26,34,35,8,26,0,2,16,8,0,1,2
8,26,34,35,8,26,0,2,17,8,0,1,2
8,26,34,35,8,26,0,2,18,7,1,2,2
8,26,34,35,8,26,0,2,19,6,1,2,1
8,26,34,35,8,26,0,2,20,5,1,2,2
8,26,34,35,8,26,0,2,21,4,1,2,2
8,26,34,35,8,26,0,2,22,3,1,2,1
8,26,34,35,8,26,0,2,23,8,0,1,2
8,26,34,35,8,26,0,2,24,8,0,1,2
8,27,35,36,8,8,0,2,1,6,1,2,1
8,27,35,36,8,8,0,2,2,5,1,2,2
8,27,35,36,8,8,0,2,3,4,1,2,1
8,27,35,36,8,8,0,2,4,3,1,2,1
8,27,35,36,8,8,0,2,5,5,0,2,2
8,27,35,36,8,8,0,2,6,6,0,2,2
8,27,35,36,8,27,0,2,1,8,0,1,1
8,27,35,36,8,27,0,2,2,8,0,1,1
8,27,35,36,8,27,0,2,3,3,0,2,1
8,27,35,36,8,27,0,2,4,4,0,2,1
8,27,35,36,8,27,0,2,5,5,0,2,1
8,27,35,36,8,27,0,2,6,6,0,2,1
8,27,35,36,8,27,0,2,7,7,0,2,1
8,27,35,36,8,27,0,2,8,8,0,1,2
8,27,35,36,8,27,0,2,9,8,0,1,2
8,27,35,36,8,27,0,2,10,8,0,1,2
8,27,35,36,8,27,0,2,11,8,0,1,2
8,27,35,36,8,27,0,2,12,8,0,1,2
8,27,35,36,8,27,0,2,13,8,0,1,2
8,27,35,36,8,27,0,2,14,8,0,1,2
8,27,35,36,8,27,0,2,15,8,0,1,2
8,27,35,36,8,27,0,2,16,8,0,1,2
8,27,35,36,8,27,0,2,17,8,0,1,2
8,27,35,36,8,27,0,2,18,8,0,1,2
8,27,35,36,8,27,0,2,19,7,1,2,1
8,27,35,36,8,27,0,2,20,6,1,2,1
8,27,35,36,8,27,0,2,21,5,1,2,1
8,27,35,36,8,27,0,2,22,4,1,2,1
8,27,35,36,8,27,0,2,23,3,1,2,1
8,27,35,36,8,27,0,2,24,8,0,1,2
8,27,35,36,8,27,0,2,25,8,0,1,2
8,28,36,37,8,8,0,2,1,6,1,2,1
8,28,36,37,8,8,0,2,2,5,1,2,2
8,28,36,37,8,8,0,2,3,4,1,2,1
8,28,36,37,8,8,0,2,4,3,1,2,1
8,28,36,37,8,8,0,2,5,5,0,2,2
8,28,36,37,8,8,0,2,6,6,0,2,2
8,28,36,37,8,28,0,2,1,8,0,1,2
8,28,36,37,8,28,0,2,2,8,0,1,2
8,28,36,37,8,28,0,2,3,8,0,1,2
8,28,36,37,8,28,0,2,4,4,0,2,2
8,28,36,37,8,28,0,2,5,5,0,2,2
8,28,36,37,8,28,0,2,6,6,0,2,2
8,28,36,37,8,28,0,2,7,7,0,2,2
8,28,36,37,8,28,0,2,8,8,0,1,2
8,28,36,37,8,28,0,2,9,8,0,1,2
8,28,36,37,8,28,0,2,10,8,0,1,2
8,28,36,37,8,28,0,2,11,8,0,1,2
8,28,36,37,8,28,0,2,12,8,0,1,2
8,28,36,37,8,28,0,2,13,8,0,1,2
8,28,36,37,8,28,0,2,14,8,0,1,2
8,28,36,37,8,28,0,2,15,8,0,1,2
8,28,36,37,8,28,0,2,16,8,0,1,2
8,28,36,37,8,28,0,2,17,8,0,1,2
8,28,36,37,8,28,0,2,18,8,0,1,2
8,28,36,37,8,28,0,2,19,8,0,1,2
8,28,36,37,8,28,0,2,20,7,1,2,2
8,28,36,37,8,28,0,2,21,6,1,2,1
8,28,36,37,8,28,0,2,22,5,1,2,2
8,28,36,37,8,28,0,2,23,4,1,2,2
8,28,36,37,8,28,0,2,24,3,1,2,1
8,28,36,37,8,28,0,2,25,8,0,1,2
8,28,36,37,8,28,0,2,26,8,0,1,2
8,29,37,38,8,8,0,2,1,6,1,2,1
8,29,37,38,8,8,0,2,2,5,1,2,2
8,29,37,38,8,8,0,2,3,4,1,2,1
8,29,37,38,8,8,0,2,4,3,1,2,1
8,29,37,38,8,8,0,2,5,5,0,2,2
8,29,37,38,8,8,0,2,6,6,0,2,2
8,29,37,38,8,29,0,2,1,8,0,1,1
8,29,37,38,8,29,0,2,2,8,0,1,2
8,29,37,38,8,29,0,2,3,8,0,1,2
8,29,37,38,8,29,0,2,4,4,0,2,2
8,29,37,38,8,29,0,2,5,5,0,2,2
8,29,37,38,8,29,0,2,6,6,0,2,2
8,29,37,38,8,29,0,2,7,7,0,2,1
8,29,37,38,8,29,0,2,8,8,0,1,2
8,29,37,38,8,29,0,2,9,8,0,1,2
8,29,37,38,8,29,0,2,10,8,0,1,2
8,29,37,38,8,29,0,2,11,8,0,1,2
8,29,37,38,8,29,0,2,12,8,0,1,2
8,29,37,38,8,29,0,2,13,8,0,1,2
8,29,37,38,8,29,0,2,14,8,0,1,2
8,29,37,38,8,29,0,2,15,8,0,1,2
8,29,37,38,8,29,0,2,16,8,0,1,2
8,29,37,38,8,29,0,2,17,8,0,1,2
8,29,37,38,8,29,0,2,18,8,0,1,2
8,29,37,38,8,29,0,2,19,8,0,1,2
8,29,37,38,8,29,0,2,20,8,0,1,2
8,29,37,38,8,29,0,2,21,7,1,2,1
8,29,37,38,8,29,0,2,22,6,1,2,1
8,29,37,38,8,29,0,2,23,5,1,2,1
8,29,37,38,8,29,0,2,24,4,1,2,1
8,29,37,38,8,29,0,2,25,3,1,2,1
8,29,37,38,8,29,0,2,26,8,0,1,2
8,29,37,38,8,29,0,2,27,8,0,1,2
8,30,38,39,8,8,0,2,1,6,1,2,1
8,30,38,39,8,8,0,2,2,5,1,2,2
8,30,38,39,8,8,0,2,3,4,1,2,1
8,30,38,39,8,8,0,2,4,3,1,2,1
8,30,38,39,8,8,0,2,5,5,0,2,2
8,30,38,39,8,8,0,2,6,6,0,2,2
8,30,38,39,8,30,0,2,1,8,0,1,1
8,30,38,39,8,30,0,2,2,8,0,1,2
8,30,38,39,8,30,0,2,3,8,0,1,1
8,30,38,39,8,30,0,2,4,4,0,2,2
8,30,38,39,8,30,0,2,5,5,0,2,2
8,30,38,39,8,30,0,2,6,6,0,2,2
8,30,38,39,8,30,0,2,7,7,0,2,2
8,30,38,39,8,30,0,2,8,8,0,1,2
8,30,38,39,8,30,0,2,9,8,0,1,2
8,30,38,39,8,30,0,2,10,8,0,1,2
8,30,38,39,8,30,0,2,11,8,0,1,2
8,30,38,39,8,30,0,2,12,8,0,1,2
8,30,38,39,8,30,0,2,13,8,0,1,2
8,30,38,39,8,30,0,2,14,8,0,1,2
8,30,38,39,8,30,0,2,15,8,0,1,2
8,30,38,39,8,30,0,2,16,8,0,1,2
8,30,38,39,8,30,0,2,17,8,0,1,2
8,30,38,39,8,30,0,2,18,8,0,1,2
8,30,38,39,8,30,0,2,19,8,0,1,2
8,30,38,39,8,30,0,2,20,8,0,1,2
8,30,38,39,8,30,0,2,21,8,0,1,2
8,30,38,39,8,30,0,2,22,7,1,2,2
8,30,38,39,8,30,0,2,23,6,1,2,2
8,30,38,39,8,30,0,2,24,5,1,2,2
8,30,38,39,8,30,0,2,25,4,1,2,2
8,30,38,39,8,30,0,2,26,8,0,1,2
8,30,38,39,8,30,0,2,27,8,0,1,2
8,30,38,39,8,30,0,2,28,8,0,1,2
8,31,39,40,8,8,0,2,1,6,1,2,1
8,31,39,40,8,8,0,2,2,5,1,2,2
8,31,39,40,8,8,0,2,3,4,1,2,1
8,31,39,40,8,8,0,2,4,3,1,2,1
8,31,39,40,8,8,0,2,5,5,0,2,2
8,31,39,40,8,8,0,2,6,6,0,2,2
8,31,39,40,8,31,0,2,1,8,0,1,1
8,31,39,40,8,31,0,2,2,8,0,1,1
8,31,39,40,8,31,0,2,3,8,0,1,2
8,31,39,40,8,31,0,2,4,4,0,2,2
8,31,39,40,8,31,0,2,5,5,0,2,1
8,31,39,40,8,31,0,2,6,6,0,2,2
8,31,39,40,8,31,0,2,7,7,0,2,2
8,31,39,40,8,31,0,2,8,8,0,1,2
8,31,39,40,8,31,0,2,9,8,0,1,2
8,31,39,40,8,31,0,2,10,8,0,1,2
8,31,39,40,8,31,0,2,11,8,0,1,2
8,31,39,40,8,31,0,2,12,8,0,1,2
8,31,39,40,8,31,0,2,13,8,0,1,2
8,31,39,40,8,31,0,2,14,8,0,1,2
8,31,39,40,8,31,0,2,15,8,0,1,2
8,31,39,40,8,31,0,2,16,8,0,1,2
8,31,39,40,8,31,0,2,17,8,0,1,2
8,31,39,40,8,31,0,2,18,8,0,1,2
8,31,39,40,8,31,0,2,19,8,0,1,2
8,31,39,40,8,31,0,2,20,8,0,1,2
8,31,39,40,8,31,0,2,21,8,0,1,2
8,31,39,40,8,31,0,2,22,8,0,1,2
8,31,39,40,8,31,0,2,23,7,1,2,1
8,31,39,40,8,31,0,2,24,6,1,2,1
8,31,39,40,8,31,0,2,25,5,1,2,1
8,31,39,40,8,31,0,2,26,4,1,2,1
8,31,39,40,8,31,0,2,27,3,1,2,1
8,31,39,40,8,31,0,2,28,8,0,1,2
8,31,39,40,8,31,0,2,29,8,0,1,2
8,32,40,41,8,8,0,2,1,6,1,2,0
8,32,40,41,8,8,0,2,2,5,1,2,1
8,32,40,41,8,8,0,2,3,4,1,2,1
8,32,40,41,8,8,0,2,4,3,1,2,1
8,32,40,41,8,8,0,2,5,5,0,2,2
8,32,40,41,8,8,0,2,6,6,0,2,2
8,32,40,41,8,32,0,2,1,8,0,1,2
8,32,40,41,8,32,0,2,2,8,0,1,2
8,32,40,41,8,32,0,2,3,8,0,1,2
8,32,40,41,8,32,0,2,4,4,0,2,2
8,32,40,41,8,32,0,2,5,5,0,2,2
8,32,40,41,8,32,0,2,6,6,0,2,2
8,32,40,41,8,32,0,2,7,7,0,2,2
8,32,40,41,8,32,0,2,8,8,0,1,2
8,32,40,41,8,32,0,2,9,8,0,1,2
8,32,40,41,8,32,0,2,10,8,0,1,2
8,32,40,41,8,32,0,2,11,8,0,1,2
8,32,40,41,8,32,0,2,12,8,0,1,2
8,32,40,41,8,32,0,2,13,8,0,1,2
8,32,40,41,8,32,0,2,14,8,0,1,2
8,32,40,41,8,32,0,2,15,8,0,1,2
8,32,40,41,8,32,0,2,16,8,0,1,2
8,32,40,41,8,32,0,2,17,8,0,1,2
8,32,40,41,8,32,0,2,18,8,0,1,2
8,32,40,41,8,32,0,2,19,8,0,1,2
8,32,40,41,8,32,0,2,20,8,0,1,2
8,32,40,41,8,32,0,2,21,8,0,1,2
8,32,40,41,8,32,0,2,22,8,0,1,2
8,32,40,41,8,32,0,2,23,8,0,1,2
8,32,40,41,8,32,0,2,24,7,1,2,2
8,32,40,41,8,32,0,2,25,6,1,2,1
8,32,40,41,8,32,0,2,26,5,1,2,2
8,32,40,41,8,32,0,2,27,4,1,2,2
8,32,40,41,8,32,0,2,28,8,0,1,2
8,32,40,41,8,32,0,2,29,8,0,1,2
8,32,40,41,8,32,0,2,30,8,0,1,2
8,33,41,42,8,8,0,2,1,6,1,2,1
8,33,41,42,8,8,0,2,2,5,1,2,2
8,33,41,42,8,8,0,2,3,4,1,2,1
8,33,41,42,8,8,0,2,4,3,1,2,1
8,33,41,42,8,8,0,2,5,5,0,2,2
8,33,41,42,8,8,0,2,6,6,0,2,2
8,33,41,42,8,33,0,2,1,8,0,1,1
8,33,41,42,8,33,0,2,2,8,0,1,2
8,33,41,42,8,33,0,2,3,8,0,1,1
8,33,41,42,8,33,0,2,4,4,0,2,1
8,33,41,42,8,33,0,2,5,5,0,2,2
8,33,41,42,8,33,0,2,6,6,0,2,2
8,33,41,42,8,33,0,2,7,7,0,2,1
8,33,41,42,8,33,0,2,8,8,0,1,2
8,33,41,42,8,33,0,2,9,8,0,1,2
8,33,41,42,8,33,0,2,10,8,0,1,2
8,33,41,42,8,33,0,2,11,8,0,1,2
8,33,41,42,8,33,0,2,12,8,0,1,2
8,33,41,42,8,33,0,2,13,8,0,1,2
8,33,41,42,8,33,0,2,14,8,0,1,2
8,33,41,42,8,33,0,2,15,8,0,1,2
8,33,41,42,8,33,0,2,16,8,0,1,2
8,33,41,42,8,33,0,2,17,8,0,1,2
8,33,41,42,8,33,0,2,18,8,0,1,2
8,33,41,42,8,33,0,2,19,8,0,1,2
8,33,41,42,8,33,0,2,20,8,0,1,2
8,33,41,42,8,33,0,2,21,8,0,1,2
8,33,41,42,8,33,0,2,22,8,0,1,2
8,33,41,42,8,33,0,2,23,8,0,1,2
8,33,41,42,8,33,0,2,24,8,0,1,2
8,33,41,42,8,33,0,2,25,7,1,2,1
8,33,41,42,8,33,0,2,26,6,1,2,1
8,33,41,42,8,33,0,2,27,5,1,2,1
8,33,41,42,8,33,0,2,28,4,1,2,1
8,33,41,42,8,33,0,2,29,3,1,2,1
8,33,41,42,8,33,0,2,30,8,0,1,2
8,33,41,42,8,33,0,2,31,8,0,1,2
8,34,42,43,8,8,0,2,1,6,1,2,1
8,34,42,43,8,8,0,2,2,5,1,2,2
8,34,42,43,8,8,0,2,3,4,1,2,1
8,34,42,43,8,8,0,2,4,3,1,2,1
8,34,42,43,8,8,0,2,5,5,0,2,2
8,34,42,43,8,8,0,2,6,6,0,2,2
8,34,42,43,8,34,0,2,1,8,0,1,2
8,34,42,43,8,34,0,2,2,8,0,1,2
8,34,42,43,8,34,0,2,3,8,0,1,2
8,34,42,43,8,34,0,2,4,4,0,2,2
8,34,42,43,8,34,0,2,5,5,0,2,2
8,34,42,43,8,34,0,2,6,6,0,2,2
8,34,42,43,8,34,0,2,7,7,0,2,2
8,34,42,43,8,34,0,2,8,8,0,1,2
8,34,42,43,8,34,0,2,9,8,0,1,2
8,34,42,43,8,34,0,2,10,8,0,1,2
8,34,42,43,8,34,0,2,11,8,0,1,2
8,34,42,43,8,34,0,2,12,8,0,1,2
8,34,42,43,8,34,0,2,13,8,0,1,2
8,34,42,43,8,34,0,2,14,8,0,1,2
8,34,42,43,8,34,0,2,15,8,0,1,2
8,34,42,43,8,34,0,2,16,8,0,1,2
8,34,42,43,8,34,0,2,17,8,0,1,2
8,34,42,43,8,34,0,2,18,8,0,1,2
8,34,42,43,8,34,0,2,19,8,0,1,2
8,34,42,43,8,34,0,2,20,8,0,1,2
8,34,42,43,8,34,0,2,21,8,0,1,2
8,34,42,43,8,34,0,2,22,8,0,1,2
8,34,42,43,8,34,0,2,23,8,0,1,2
8,34,42,43,8,34,0,2,24,8,0,1,2
8,34,42,43,8,34,0,2,25,8,0,1,2
8,34,42,43,8,34,0,2,26,7,1,2,2
8,34,42,43,8,34,0,2,27,6,1,2,2
8,34,42,43,8,34,0,2,28,5,1,2,2
8,34,42,43,8,34,0,2,29,4,1,2,2
8,34,42,43,8,34,0,2,30,8,0,1,2
8,34,42,43,8,34,0,2,31,8,0,1,2
8,34,42,43,8,34,0,2,32,8,0,1,2
8,35,43,44,8,8,0,2,1,6,1,2,1
8,35,43,44,8,8,0,2,2,5,1,2,2
8,35,43,44,8,8,0,2,3,4,1,2,1
8,35,43,44,8,8,0,2,4,3,1,2,1
8,35,43,44,8,8,0,2,5,5,0,2,2
8,35,43,44,8,8,0,2,6,6,0,2,2
8,35,43,44,8,35,0,2,1,8,0,1,1
8,35,43,44,8,35,0,2,2,8,0,1,2
8,35,43,44,8,35,0,2,3,8,0,1,2
8,35,43,44,8,35,0,2,4,4,0,2,2
8,35,43,44,8,35,0,2,5,5,0,2,2
8,35,43,44,8,35,0,2,6,6,0,2,2
8,35,43,44,8,35,0,2,7,7,0,2,2
8,35,43,44,8,35,0,2,8,8,0,1,2
8,35,43,44,8,35,0,2,9,8,0,1,2
8,35,43,44,8,35,0,2,10,8,0,1,2
8,35,43,44,8,35,0,2,11,8,0,1,2
8,35,43,44,8,35,0,2,12,8,0,1,2
8,35,43,44,8,35,0,2,13,8,0,1,2
8,35,43,44,8,35,0,2,14,8,0,1,2
8,35,43,44,8,35,0,2,15,8,0,1,2
8,35,43,44,8,35,0,2,16,8,0,1,2
8,35,43,44,8,35,0,2,17,8,0,1,2
8,35,43,44,8,35,0,2,18,8,0,1,2
8,35,43,44,8,35,0,2,19,8,0,1,2
8,35,43,44,8,35,0,2,20,8,0,1,2
8,35,43,44,8,35,0,2,21,8,0,1,2
8,35,43,44,8,35,0,2,22,8,0,1,2
8,35,43,44,8,35,0,2,23,8,0,1,2
8,35,43,44,8,35,0,2,24,8,0,1,2
8,35,43,44,8,35,0,2,25,8,0,1,2
8,35,43,44,8,35,0,2,26,8,0,1,2
8,35,43,44,8,35,0,2,27,7,1,2,1
8,35,43,44,8,35,0,2,28,6,1,2,1
8,35,43,44,8,35,0,2,29,5,1,2,1
8,35,43,44,8,35,0,2,30,4,1,2,1
8,35,43,44,8,35,0,2,31,3,1,2,1
8,35,43,44,8,35,0,2,32,8,0,1,2
8,35,43,44,8,35,0,2,33,8,0,1,2
8,36,44,45,8,8,0,2,1,6,1,2,1
8,36,44,45,8,8,0,2,2,5,1,2,2
8,36,44,45,8,8,0,2,3,4,1,2,1
8,36,44,45,8,8,0,2,4,3,1,2,1
8,36,44,45,8,8,0,2,5,5,0,2,2
8,36,44,45,8,8,0,2,6,6,0,2,2
8,36,44,45,8,36,0,2,1,8,0,1,1
8,36,44,45,8,36,0,2,2,8,0,1,2
8,36,44,45,8,36,0,2,3,8,0,1,2
8,36,44,45,8,36,0,2,4,4,0,2,2
8,36,44,45,8,36,0,2,5,5,0,2,2
8,36,44,45,8,36,0,2,6,6,0,2,2
8,36,44,45,8,36,0,2,7,7,0,2,2
8,36,44,45,8,36,0,2,8,8,0,1,2
8,36,44,45,8,36,0,2,9,8,0,1,2
8,36,44,45,8,36,0,2,10,8,0,1,2
8,36,44,45,8,36,0,2,11,8,0,1,2
8,36,44,45,8,36,0,2,12,8,0,1,2
8,36,44,45,8,36,0,2,13,8,0,1,2
8,36,44,45,8,36,0,2,14,8,0,1,2
8,36,44,45,8,36,0,2,15,8,0,1,2
8,36,44,45,8,36,0,2,16,8,0,1,2
8,36,44,45,8,36,0,2,17,8,0,1,2
8,36,44,45,8,36,0,2,18,8,0,1,2
8,36,44,45,8,36,0,2,19,8,0,1,2
8,36,44,45,8,36,0,2,20,8,0,1,2
8,36,44,45,8,36,0,2,21,8,0,1,2
8,36,44,45,8,36,0,2,22,8,0,1,2
8,36,44,45,8,36,0,2,23,8,0,1,2
8,36,44,45,8,36,0,2,24,8,0,1,2
8,36,44,45,8,36,0,2,25,8,0,1,2
8,36,44,45,8,36,0,2,26,8,0,1,2
8,36,44,45,8,36,0,2,27,8,0,1,2
8,36,44,45,8,36,0,2,28,7,1,2,2
8,36,44,45,8,36,0,2,29,6,1,2,2
8,36,44,45,8,36,0,2,30,5,1,2,2
8,36,44,45,8,36,0,2,31,4,1,2,2
8,36,44,45,8,36,0,2,32,8,0,1,2
8,36,44,45,8,36,0,2,33,8,0,1,2
8,36,44,45,8,36,0,2,34,8,0,1,2
9,2,11,12,9,9,0,2,1,7,1,2,0
9,2,11,12,9,9,0,2,2,6,1,2,2
9,2,11,12,9,9,0,2,3,5,1,2,1
9,2,11,12,9,9,0,2,4,4,1,2,0
9,2,11,12,9,9,0,2,5,5,0,2,1
9,2,11,12,9,9,0,2,6,6,0,2,2
9,2,11,12,9,9,0,2,7,7,0,2,3
9,3,12,13,9,3,0,2,1,9,0,1,2
9,3,12,13,9,9,0,2,1,7,1,2,2
9,3,12,13,9,9,0,2,2,6,1,2,2
9,3,12,13,9,9,0,2,3,5,1,2,2
9,3,12,13,9,9,0,2,4,3,0,1,1
9,3,12,13,9,9,0,2,5,5,0,2,2
9,3,12,13,9,9,0,2,6,6,0,2,2
9,3,12,13,9,9,0,2,7,7,0,2,2
9,4,13,14,9,4,0,2,1,9,0,1,1
9,4,13,14,9,4,0,2,2,9,0,1,2
9,4,13,14,9,9,0,2,1,4,0,1,1
9,4,13,14,9,9,0,2,2,4,0,1,1
9,4,13,14,9,9,0,2,3,5,1,2,2
9,4,13,14,9,9,0,2,4,4,0,1,1
9,4,13,14,9,9,0,2,5,3,1,2,1
9,4,13,14,9,9,0,2,6,6,0,2,2
9,4,13,14,9,9,0,2,7,4,0,1,1
9,5,14,15,9,5,0,2,1,3,1,2,1
9,5,14,15,9,5,0,2,2,9,0,1,2
9,5,14,15,9,5,0,2,3,9,0,1,1
9,5,14,15,9,9,0,2,1,5,0,1,2
9,5,14,15,9,9,0,2,2,5,0,1,2
9,5,14,15,9,9,0,2,3,3,0,2,1
9,5,14,15,9,9,0,2,4,4,0,2,1
9,5,14,15,9,9,0,2,5,3,1,2,1
9,5,14,15,9,9,0,2,6,5,0,1,2
9,5,14,15,9,9,0,2,7,5,0,1,2
9,8,17,18,9,8,0,2,1,6,1,2,1
9,8,17,18,9,8,0,2,2,5,1,2,1
9,8,17,18,9,8,0,2,3,4,1,2,1
9,8,17,18,9,8,0,2,4,3,1,2,1
9,8,17,18,9,8,0,2,5,5,0,2,1
9,8,17,18,9,8,0,2,6,6,0,2,2
9,8,17,18,9,9,0,2,1,7,1,2,2
9,8,17,18,9,9,0,2,2,6,1,2,2
9,8,17,18,9,9,0,2,3,5,1,2,1
9,8,17,18,9,9,0,2,4,4,0,2,2
9,8,17,18,9,9,0,2,5,5,0,2,2
9,8,17,18,9,9,0,2,6,6,0,2,2
9,8,17,18,9,9,0,2,7,7,0,2,2
9,9,18,19,9,9,0,2,1,7,1,2,1
9,9,18,19,9,9,0,2,2,6,1,2,2
9,9,18,19,9,9,0,2,3,5,1,2,1
9,9,18,19,9,9,0,2,4,4,0,2,2
9,9,18,19,9,9,0,2,5,5,0,2,2
9,9,18,19,9,9,0,2,6,6,0,2,2
9,9,18,19,9,9,0,2,7,7,0,2,2
9,10,19,20,9,9,0,2,1,7,1,2,1
9,10,19,20,9,9,0,2,2,6,1,2,2
9,10,19,20,9,9,0,2,3,3,0,2,1
9,10,19,20,9,9,0,2,4,4,0,2,1
9,10,19,20,9,9,0,2,5,5,0,2,2
9,10,19,20,9,9,0,2,6,6,0,2,1
9,10,19,20,9,9,0,2,7,7,0,2,1
9,10,19,20,9,10,0,2,1,8,1,2,2
9,10,19,20,9,10,0,2,2,7,1,2,2
9,10,19,20,9,10,0,2,3,6,1,2,2
9,10,19,20,9,10,0,2,4,4,0,2,2
9,10,19,20,9,10,0,2,5,4,1,2,1
9,10,19,20,9,10,0,2,6,6,0,2,2
9,10,19,20,9,10,0,2,7,7,0,2,2
9,10,19,20,9,10,0,2,8,8,0,2,2
9,12,21,22,9,9,0,2,1,7,1,2,0
9,12,21,22,9,9,0,2,2,6,1,2,2
9,12,21,22,9,9,0,2,3,5,1,2,1
9,12,21,22,9,9,0,2,4,4,0,2,2
9,12,21,22,9,9,0,2,5,5,0,2,2
9,12,21,22,9,9,0,2,6,6,0,2,2
9,12,21,22,9,9,0,2,7,7,0,2,2
9,12,21,22,9,12,0,2,1,9,0,1,1
9,12,21,22,9,12,0,2,2,9,0,1,2
9,12,21,22,9,12,0,2,3,3,0,2,1
9,12,21,22,9,12,0,2,4,4,0,2,2
9,12,21,22,9,12,0,2,5,5,0,2,2
9,12,21,22,9,12,0,2,6,5,1,2,1
9,12,21,22,9,12,0,2,7,4,1,2,1
9,12,21,22,9,12,0,2,8,8,0,2,2
9,12,21,22,9,12,0,2,9,2,1,2,0
9,12,21,22,9,12,0,2,10,9,0,1,2
9,13,22,23,9,9,0,2,1,7,1,2,0
9,13,22,23,9,9,0,2,2,6,1,2,2
9,13,22,23,9,9,0,2,3,5,1,2,2
9,13,22,23,9,9,0,2,4,4,0,2,2
9,13,22,23,9,9,0,2,5,5,0,2,2
9,13,22,23,9,9,0,2,6,6,0,2,2
9,13,22,23,9,9,0,2,7,7,0,2,2
9,13,22,23,9,13,0,2,1,9,0,1,2
9,13,22,23,9,13,0,2,2,9,0,1,3
9,13,22,23,9,13,0,2,3,3,0,2,1
9,13,22,23,9,13,0,2,4,4,0,2,2
9,13,22,23,9,13,0,2,5,5,0,2,1
9,13,22,23,9,13,0,2,6,6,0,2,1
9,13,22,23,9,13,0,2,7,5,1,2,1
9,13,22,23,9,13,0,2,8,4,1,2,2
9,13,22,23,9,13,0,2,9,3,1,2,1
9,13,22,23,9,13,0,2,10,9,0,1,2
9,13,22,23,9,13,0,2,11,9,0,1,2
9,14,23,24,9,9,0,2,1,7,1,2,1
9,14,23,24,9,9,0,2,2,6,1,2,2
9,14,23,24,9,9,0,2,3,5,1,2,1
9,14,23,24,9,9,0,2,4,4,0,2,2
9,14,23,24,9,9,0,2,5,5,0,2,2
9,14,23,24,9,9,0,2,6,6,0,2,2
9,14,23,24,9,9,0,2,7,7,0,2,2
9,14,23,24,9,14,0,2,1,9,0,1,1
9,14,23,24,9,14,0,2,2,9,0,1,2
9,14,23,24,9,14,0,2,3,9,0,1,2
9,14,23,24,9,14,0,2,4,4,0,2,2
9,14,23,24,9,14,0,2,5,5,0,2,1
9,14,23,24,9,14,0,2,6,6,0,2,2
9,14,23,24,9,14,0,2,7,6,1,2,1
9,14,23,24,9,14,0,2,8,5,1,2,1
9,14,23,24,9,14,0,2,9,4,1,2,1
9,14,23,24,9,14,0,2,10,3,1,2,1
9,14,23,24,9,14,0,2,11,9,0,1,2
9,14,23,24,9,14,0,2,12,9,0,1,2
9,15,24,25,9,9,0,2,1,7,1,2,1
9,15,24,25,9,9,0,2,2,6,1,2,2
9,15,24,25,9,9,0,2,3,5,1,2,1
9,15,24,25,9,9,0,2,4,4,0,2,2
9,15,24,25,9,9,0,2,5,5,0,2,2
9,15,24,25,9,9,0,2,6,6,0,2,2
9,15,24,25,9,9,0,2,7,7,0,2,2
9,15,24,25,9,15,0,2,1,9,0,1,1
9,15,24,25,9,15,0,2,2,9,0,1,2
9,15,24,25,9,15,0,2,3,9,0,1,2
9,15,24,25,9,15,0,2,4,4,0,2,2
9,15,24,25,9,15,0,2,5,5,0,2,2
9,15,24,25,9,15,0,2,6,6,0,2,2
9,15,24,25,9,15,0,2,7,7,0,2,2
9,15,24,25,9,15,0,2,8,6,1,2,2
9,15,24,25,9,15,0,2,9,5,1,2,2
9,15,24,25,9,15,0,2,10,4,1,2,2
9,15,24,25,9,15,0,2,11,9,0,1,2
9,15,24,25,9,15,0,2,12,9,0,1,2
9,15,24,25,9,15,0,2,13,9,0,1,2
9,16,25,26,9,9,0,2,1,7,1,2,1
9,16,25,26,9,9,0,2,2,6,1,2,2
9,16,25,26,9,9,0,2,3,5,1,2,1
9,16,25,26,9,9,0,2,4,4,0,2,2
9,16,25,26,9,9,0,2,5,5,0,2,2
9,16,25,26,9,9,0,2,6,6,0,2,2
9,16,25,26,9,9,0,2,7,7,0,2,2
9,16,25,26,9,16,0,2,1,9,0,1,1
9,16,25,26,9,16,0,2,2,9,0,1,1
9,16,25,26,9,16,0,2,3,9,0,1,1
9,16,25,26,9,16,0,2,4,4,0,2,2
9,16,25,26,9,16,0,2,5,5,0,2,2
9,16,25,26,9,16,0,2,6,6,0,2,2
9,16,25,26,9,16,0,2,7,7,0,2,2
9,16,25,26,9,16,0,2,8,7,1,2,1
9,16,25,26,9,16,0,2,9,6,1,2,2
9,16,25,26,9,16,0,2,10,5,1,2,2
9,16,25,26,9,16,0,2,11,4,1,2,1
9,16,25,26,9,16,0,2,12,9,0,1,2
9,16,25,26,9,16,0,2,13,9,0,1,1
9,16,25,26,9,16,0,2,14,9,0,1,2
9,17,26,27,9,9,0,2,1,7,1,2,0
9,17,26,27,9,9,0,2,2,6,1,2,2
9,17,26,27,9,9,0,2,3,5,1,2,1
9,17,26,27,9,9,0,2,4,4,0,2,2
9,17,26,27,9,9,0,2,5,5,0,2,2
9,17,26,27,9,9,0,2,6,6,0,2,2
9,17,26,27,9,9,0,2,7,7,0,2,2
9,17,26,27,9,17,0,2,1,9,0,1,1
9,17,26,27,9,17,0,2,2,9,0,1,3
9,17,26,27,9,17,0,2,3,9,0,1,1
9,17,26,27,9,17,0,2,4,4,0,2,2
9,17,26,27,9,17,0,2,5,5,0,2,2
9,17,26,27,9,17,0,2,6,6,0,2,2
9,17,26,27,9,17,0,2,7,7,0,2,2
9,17,26,27,9,17,0,2,8,8,0,2,2
9,17,26,27,9,17,0,2,9,7,1,2,3
9,17,26,27,9,17,0,2,10,6,1,2,2
9,17,26,27,9,17,0,2,11,5,1,2,2
9,17,26,27,9,17,0,2,12,9,0,1,6
9,17,26,27,9,17,0,2,13,9,0,1,2
9,17,26,27,9,17,0,2,14,9,0,1,2
9,17,26,27,9,17,0,2,15,9,0,1,3
9,18,27,28,9,9,0,2,1,7,1,2,1
9,18,27,28,9,9,0,2,2,6,1,2,2
9,18,27,28,9,9,0,2,3,5,1,2,1
9,18,27,28,9,9,0,2,4,4,0,2,2
9,18,27,28,9,9,0,2,5,5,0,2,2
9,18,27,28,9,9,0,2,6,6,0,2,2
9,18,27,28,9,9,0,2,7,7,0,2,2
9,18,27,28,9,18,0,2,1,9,0,1,1
9,18,27,28,9,18,0,2,2,9,0,1,1
9,18,27,28,9,18,0,2,3,3,0,2,1
9,18,27,28,9,18,0,2,4,4,0,2,2
9,18,27,28,9,18,0,2,5,5,0,2,2
9,18,27,28,9,18,0,2,6,6,0,2,1
9,18,27,28,9,18,0,2,7,7,0,2,2
9,18,27,28,9,18,0,2,8,8,0,2,2
9,18,27,28,9,18,0,2,9,8,1,2,1
9,18,27,28,9,18,0,2,10,7,1,2,2
9,18,27,28,9,18,0,2,11,6,1,2,1
9,18,27,28,9,18,0,2,12,5,1,2,1
9,18,27,28,9,18,0,2,13,4,1,2,2
9,18,27,28,9,18,0,2,14,3,1,2,1
9,18,27,28,9,18,0,2,15,9,0,1,2
9,18,27,28,9,18,0,2,16,9,0,1,2
9,19,28,29,9,9,0,2,1,7,1,2,1
9,19,28,29,9,9,0,2,2,6,1,2,2
9,19,28,29,9,9,0,2,3,5,1,2,1
9,19,28,29,9,9,0,2,4,4,0,2,2
9,19,28,29,9,9,0,2,5,5,0,2,2
9,19,28,29,9,9,0,2,6,6,0,2,2
9,19,28,29,9,9,0,2,7,7,0,2,2
9,19,28,29,9,19,0,2,1,9,0,1,1
9,19,28,29,9,19,0,2,2,9,0,1,3
9,19,28,29,9,19,0,2,3,9,0,1,1
9,19,28,29,9,19,0,2,4,4,0,2,2
9,19,28,29,9,19,0,2,5,5,0,2,2
9,19,28,29,9,19,0,2,6,6,0,2,2
9,19,28,29,9,19,0,2,7,7,0,2,2
9,19,28,29,9,19,0,2,8,8,0,2,2
9,19,28,29,9,19,0,2,9,9,0,1,2
9,19,28,29,9,19,0,2,10,8,1,2,1
9,19,28,29,9,19,0,2,11,7,1,2,2
9,19,28,29,9,19,0,2,12,6,1,2,1
9,19,28,29,9,19,0,2,13,5,1,2,2
9,19,28,29,9,19,0,2,14,4,1,2,2
9,19,28,29,9,19,0,2,15,3,1,2,1
9,19,28,29,9,19,0,2,16,9,0,1,2
9,19,28,29,9,19,0,2,17,9,0,1,2
9,20,29,30,9,9,0,2,1,7,1,2,1
9,20,29,30,9,9,0,2,2,6,1,2,2
9,20,29,30,9,9,0,2,3,3,0,2,1
9,20,29,30,9,9,0,2,4,4,0,2,1
9,20,29,30,9,9,0,2,5,5,0,2,2
9,20,29,30,9,9,0,2,6,6,0,2,1
9,20,29,30,9,9,0,2,7,7,0,2,1
9,20,29,30,9,20,0,2,1,9,0,1,1
9,20,29,30,9,20,0,2,2,9,0,1,1
9,20,29,30,9,20,0,2,3,9,0,1,1
9,20,29,30,9,20,0,2,4,4,0,2,2
9,20,29,30,9,20,0,2,5,5,0,2,1
9,20,29,30,9,20,0,2,6,6,0,2,2
9,20,29,30,9,20,0,2,7,7,0,2,2
9,20,29,30,9,20,0,2,8,8,0,2,1
9,20,29,30,9,20,0,2,9,9,0,1,2
9,20,29,30,9,20,0,2,10,9,0,1,2
9,20,29,30,9,20,0,2,11,8,1,2,1
9,20,29,30,9,20,0,2,12,7,1,2,1
9,20,29,30,9,20,0,2,13,6,1,2,1
9,20,29,30,9,20,0,2,14,5,1,2,1
9,20,29,30,9,20,0,2,15,4,1,2,1
9,20,29,30,9,20,0,2,16,3,1,2,1
9,20,29,30,9,20,0,2,17,9,0,1,2
9,20,29,30,9,20,0,2,18,9,0,1,2
9,21,30,31,9,9,0,2,1,7,1,2,1
9,21,30,31,9,9,0,2,2,6,1,2,2
9,21,30,31,9,9,0,2,3,5,1,2,1
9,21,30,31,9,9,0,2,4,4,0,2,2
9,21,30,31,9,9,0,2,5,5,0,2,2
9,21,30,31,9,9,0,2,6,6,0,2,2
9,21,30,31,9,9,0,2,7,7,0,2,2
9,21,30,31,9,21,0,2,1,9,0,1,1
9,21,30,31,9,21,0,2,2,9,0,1,2
9,21,30,31,9,21,0,2,3,9,0,1,2
9,21,30,31,9,21,0,2,4,4,0,2,2
9,21,30,31,9,21,0,2,5,5,0,2,2
9,21,30,31,9,21,0,2,6,6,0,2,2
9,21,30,31,9,21,0,2,7,7,0,2,2
9,21,30,31,9,21,0,2,8,8,0,2,2
9,21,30,31,9,21,0,2,9,9,0,1,2
9,21,30,31,9,21,0,2,10,9,0,1,2
9,21,30,31,9,21,0,2,11,9,0,1,2
9,21,30,31,9,21,0,2,12,8,1,2,2
9,21,30,31,9,21,0,2,13,7,1,2,2
9,21,30,31,9,21,0,2,14,6,1,2,2
9,21,30,31,9,21,0,2,15,5,1,2,2
9,21,30,31,9,21,0,2,16,4,1,2,2
9,21,30,31,9,21,0,2,17,9,0,1,2
9,21,30,31,9,21,0,2,18,9,0,1,2
9,21,30,31,9,21,0,2,19,9,0,1,2
9,22,31,32,9,9,0,2,1,7,1,2,1
9,22,31,32,9,9,0,2,2,6,1,2,2
9,22,31,32,9,9,0,2,3,5,1,2,1
9,22,31,32,9,9,0,2,4,4,0,2,2
9,22,31,32,9,9,0,2,5,5,0,2,2
9,22,31,32,9,9,0,2,6,6,0,2,2
9,22,31,32,9,9,0,2,7,7,0,2,2
9,22,31,32,9,22,0,2,1,9,0,1,1
9,22,31,32,9,22,0,2,2,9,0,1,1
9,22,31,32,9,22,0,2,3,9,0,1,1
9,22,31,32,9,22,0,2,4,4,0,2,2
9,22,31,32,9,22,0,2,5,5,0,2,2
9,22,31,32,9,22,0,2,6,6,0,2,2
9,22,31,32,9,22,0,2,7,7,0,2,2
9,22,31,32,9,22,0,2,8,8,0,2,2
9,22,31,32,9,22,0,2,9,9,0,1,2
9,22,31,32,9,22,0,2,10,9,0,1,2
9,22,31,32,9,22,0,2,11,9,0,1,2
9,22,31,32,9,22,0,2,12,9,0,1,2
9,22,31,32,9,22,0,2,13,8,1,2,1
9,22,31,32,9,22,0,2,14,7,1,2,2
9,22,31,32,9,22,0,2,15,6,1,2,2
9,22,31,32,9,22,0,2,16,5,1,2,1
9,22,31,32,9,22,0,2,17,4,1,2,2
9,22,31,32,9,22,0,2,18,9,0,1,2
9,22,31,32,9,22,0,2,19,9,0,1,2
9,22,31,32,9,22,0,2,20,9,0,1,2
9,23,32,33,9,9,0,2,1,7,1,2,0
9,23,32,33,9,9,0,2,2,6,1,2,2
9,23,32,33,9,9,0,2,3,5,1,2,1
9,23,32,33,9,9,0,2,4,4,0,2,2
9,23,32,33,9,9,0,2,5,5,0,2,2
9,23,32,33,9,9,0,2,6,6,0,2,2
9,23,32,33,9,9,0,2,7,7,0,2,2
9,23,32,33,9,23,0,2,1,9,0,1,1
9,23,32,33,9,23,0,2,2,9,0,1,3
9,23,32,33,9,23,0,2,3,9,0,1,1
9,23,32,33,9,23,0,2,4,4,0,2,2
9,23,32,33,9,23,0,2,5,5,0,2,2
9,23,32,33,9,23,0,2,6,6,0,2,2
9,23,32,33,9,23,0,2,7,7,0,2,2
9,23,32,33,9,23,0,2,8,8,0,2,2
9,23,32,33,9,23,0,2,9,9,0,1,2
9,23,32,33,9,23,0,2,10,9,0,1,2
9,23,32,33,9,23,0,2,11,9,0,1,2
9,23,32,33,9,23,0,2,12,9,0,1,2
9,23,32,33,9,23,0,2,13,9,0,1,2
9,23,32,33,9,23,0,2,14,8,1,2,2
9,23,32,33,9,23,0,2,15,7,1,2,2
9,23,32,33,9,23,0,2,16,6,1,2,2
9,23,32,33,9,23,0,2,17,5,1,2,2
9,23,32,33,9,23,0,2,18,4,1,2,2
9,23,32,33,9,23,0,2,19,9,0,1,2
9,23,32,33,9,23,0,2,20,9,0,1,2
9,23,32,33,9,23,0,2,21,9,0,1,3
9,24,33,34,9,9,0,2,1,7,1,2,1
9,24,33,34,9,9,0,2,2,6,1,2,2
9,24,33,34,9,9,0,2,3,5,1,2,1
9,24,33,34,9,9,0,2,4,4,0,2,2
9,24,33,34,9,9,0,2,5,5,0,2,2
9,24,33,34,9,9,0,2,6,6,0,2,2
9,24,33,34,9,9,0,2,7,7,0,2,2
9,24,33,34,9,24,0,2,1,9,0,1,1
9,24,33,34,9,24,0,2,2,9,0,1,1
9,24,33,34,9,24,0,2,3,3,0,2,1
9,24,33,34,9,24,0,2,4,4,0,2,2
9,24,33,34,9,24,0,2,5,5,0,2,2
9,24,33,34,9,24,0,2,6,6,0,2,1
9,24,33,34,9,24,0,2,7,7,0,2,2
9,24,33,34,9,24,0,2,8,8,0,2,2
9,24,33,34,9,24,0,2,9,9,0,1,2
9,24,33,34,9,24,0,2,10,9,0,1,2
9,24,33,34,9,24,0,2,11,9,0,1,2
9,24,33,34,9,24,0,2,12,9,0,1,2
9,24,33,34,9,24,0,2,13,9,0,1,2
9,24,33,34,9,24,0,2,14,9,0,1,2
9,24,33,34,9,24,0,2,15,8,1,2,1
9,24,33,34,9,24,0,2,16,7,1,2,2
9,24,33,34,9,24,0,2,17,6,1,2,1
9,24,33,34,9,24,0,2,18,5,1,2,1
9,24,33,34,9,24,0,2,19,4,1,2,1
9,24,33,34,9,24,0,2,20,3,1,2,1
9,24,33,34,9,24,0,2,21,9,0,1,2
9,24,33,34,9,24,0,2,22,9,0,1,2
9,25,34,35,9,9,0,2,1,7,1,2,1
9,25,34,35,9,9,0,2,2,6,1,2,2
9,25,34,35,9,9,0,2,3,5,1,2,1
9,25,34,35,9,9,0,2,4,4,0,2,2
9,25,34,35,9,9,0,2,5,5,0,2,2
9,25,34,35,9,9,0,2,6,6,0,2,2
9,25,34,35,9,9,0,2,7,7,0,2,2
9,25,34,35,9,25,0,2,1,9,0,1,1
9,25,34,35,9,25,0,2,2,9,0,1,2
9,25,34,35,9,25,0,2,3,9,0,1,1
9,25,34,35,9,25,0,2,4,4,0,2,2
9,25,34,35,9,25,0,2,5,5,0,2,2
9,25,34,35,9,25,0,2,6,6,0,2,2
9,25,34,35,9,25,0,2,7,7,0,2,2
9,25,34,35,9,25,0,2,8,8,0,2,2
9,25,34,35,9,25,0,2,9,9,0,1,2
9,25,34,35,9,25,0,2,10,9,0,1,2
9,25,34,35,9,25,0,2,11,9,0,1,2
9,25,34,35,9,25,0,2,12,9,0,1,2
9,25,34,35,9,25,0,2,13,9,0,1,2
9,25,34,35,9,25,0,2,14,9,0,1,2
9,25,34,35,9,25,0,2,15,9,0,1,2
9,25,34,35,9,25,0,2,16,8,1,2,2
9,25,34,35,9,25,0,2,17,7,1,2,2
9,25,34,35,9,25,0,2,18,6,1,2,2
9,25,34,35,9,25,0,2,19,5,1,2,2
9,25,34,35,9,25,0,2,20,4,1,2,2
9,25,34,35,9,25,0,2,21,9,0,1,2
9,25,34,35,9,25,0,2,22,9,0,1,2
9,25,34,35,9,25,0,2,23,9,0,1,2
9,26,35,36,9,9,0,2,1,7,1,2,1
9,26,35,36,9,9,0,2,2,6,1,2,2
9,26,35,36,9,9,0,2,3,3,0,2,1
9,26,35,36,9,9,0,2,4,4,0,2,1
9,26,35,36,9,9,0,2,5,5,0,2,2
9,26,35,36,9,9,0,2,6,6,0,2,1
9,26,35,36,9,9,0,2,7,7,0,2,1
9,26,35,36,9,26,0,2,1,9,0,1,1
9,26,35,36,9,26,0,2,2,9,0,1,1
9,26,35,36,9,26,0,2,3,9,0,1,1
9,26,35,36,9,26,0,2,4,4,0,2,2
9,26,35,36,9,26,0,2,5,5,0,2,2
9,26,35,36,9,26,0,2,6,6,0,2,2
9,26,35,36,9,26,0,2,7,7,0,2,2
9,26,35,36,9,26,0,2,8,8,0,2,2
9,26,35,36,9,26,0,2,9,9,0,1,2
9,26,35,36,9,26,0,2,10,9,0,1,2
9,26,35,36,9,26,0,2,11,9,0,1,2
9,26,35,36,9,26,0,2,12,9,0,1,2
9,26,35,36,9,26,0,2,13,9,0,1,2
9,26,35,36,9,26,0,2,14,9,0,1,2
9,26,35,36,9,26,0,2,15,9,0,1,2
9,26,35,36,9,26,0,2,16,9,0,1,2
9,26,35,36,9,26,0,2,17,8,1,2,1
9,26,35,36,9,26,0,2,18,7,1,2,1
9,26,35,36,9,26,0,2,19,6,1,2,1
9,26,35,36,9,26,0,2,20,5,1,2,1
9,26,35,36,9,26,0,2,21,4,1,2,1
9,26,35,36,9,26,0,2,22,9,0,1,2
9,26,35,36,9,26,0,2,23,9,0,1,2
9,26,35,36,9,26,0,2,24,9,0,1,2
9,27,36,37,9,9,0,2,1,7,1,2,1
9,27,36,37,9,9,0,2,2,6,1,2,2
9,27,36,37,9,9,0,2,3,5,1,2,1
9,27,36,37,9,9,0,2,4,4,0,2,2
9,27,36,37,9,9,0,2,5,5,0,2,2
9,27,36,37,9,9,0,2,6,6,0,2,2
9,27,36,37,9,9,0,2,7,7,0,2,2
9,27,36,37,9,27,0,2,1,9,0,1,1
9,27,36,37,9,27,0,2,2,9,0,1,2
9,27,36,37,9,27,0,2,3,9,0,1,2
9,27,36,37,9,27,0,2,4,4,0,2,2
9,27,36,37,9,27,0,2,5,5,0,2,2
9,27,36,37,9,27,0,2,6,6,0,2,2
9,27,36,37,9,27,0,2,7,7,0,2,2
9,27,36,37,9,27,0,2,8,8,0,2,2
9,27,36,37,9,27,0,2,9,9,0,1,2
9,27,36,37,9,27,0,2,10,9,0,1,2
9,27,36,37,9,27,0,2,11,9,0,1,2
9,27,36,37,9,27,0,2,12,9,0,1,2
9,27,36,37,9,27,0,2,13,9,0,1,2
9,27,36,37,9,27,0,2,14,9,0,1,2
9,27,36,37,9,27,0,2,15,9,0,1,2
9,27,36,37,9,27,0,2,16,9,0,1,2
9,27,36,37,9,27,0,2,17,9,0,1,2
9,27,36,37,9,27,0,2,18,8,1,2,2
9,27,36,37,9,27,0,2,19,7,1,2,2
9,27,36,37,9,27,0,2,20,6,1,2,2
9,27,36,37,9,27,0,2,21,5,1,2,2
9,27,36,37,9,27,0,2,22,4,1,2,2
9,27,36,37,9,27,0,2,23,9,0,1,2
9,27,36,37,9,27,0,2,24,9,0,1,2
9,27,36,37,9,27,0,2,25,9,0,1,2
9,28,37,38,9,9,0,2,1,7,1,2,1
9,28,37,38,9,9,0,2,2,6,1,2,2
9,28,37,38,9,9,0,2,3,5,1,2,1
9,28,37,38,9,9,0,2,4,4,0,2,2
9,28,37,38,9,9,0,2,5,5,0,2,2
9,28,37,38,9,9,0,2,6,6,0,2,2
9,28,37,38,9,9,0,2,7,7,0,2,2
9,28,37,38,9,28,0,2,1,9,0,1,1
9,28,37,38,9,28,0,2,2,9,0,1,1
9,28,37,38,9,28,0,2,3,9,0,1,1
9,28,37,38,9,28,0,2,4,4,0,2,2
9,28,37,38,9,28,0,2,5,5,0,2,2
9,28,37,38,9,28,0,2,6,6,0,2,2
9,28,37,38,9,28,0,2,7,7,0,2,2
9,28,37,38,9,28,0,2,8,8,0,2,2
9,28,37,38,9,28,0,2,9,9,0,1,2
9,28,37,38,9,28,0,2,10,9,0,1,2
9,28,37,38,9,28,0,2,11,9,0,1,2
9,28,37,38,9,28,0,2,12,9,0,1,2
9,28,37,38,9,28,0,2,13,9,0,1,2
9,28,37,38,9,28,0,2,14,9,0,1,2
9,28,37,38,9,28,0,2,15,9,0,1,2
9,28,37,38,9,28,0,2,16,9,0,1,2
9,28,37,38,9,28,0,2,17,9,0,1,2
9,28,37,38,9,28,0,2,18,9,0,1,2
9,28,37,38,9,28,0,2,19,8,1,2,1
9,28,37,38,9,28,0,2,20,7,1,2,2
9,28,37,38,9,28,0,2,21,6,1,2,2
9,28,37,38,9,28,0,2,22,5,1,2,1
9,28,37,38,9,28,0,2,23,4,1,2,2
9,28,37,38,9,28,0,2,24,9,0,1,2
9,28,37,38,9,28,0,2,25,9,0,1,2
9,28,37,38,9,28,0,2,26,9,0,1,2
9,29,38,39,9,9,0,2,1,7,1,2,0
9,29,38,39,9,9,0,2,2,6,1,2,2
9,29,38,39,9,9,0,2,3,5,1,2,1
9,29,38,39,9,9,0,2,4,4,0,2,2
9,29,38,39,9,9,0,2,5,5,0,2,2
9,29,38,39,9,9,0,2,6,6,0,2,2
9,29,38,39,9,9,0,2,7,7,0,2,2
9,29,38,39,9,29,0,2,1,9,0,1,1
9,29,38,39,9,29,0,2,2,9,0,1,3
9,29,38,39,9,29,0,2,3,9,0,1,1
9,29,38,39,9,29,0,2,4,4,0,2,2
9,29,38,39,9,29,0,2,5,5,0,2,2
9,29,38,39,9,29,0,2,6,6,0,2,2
9,29,38,39,9,29,0,2,7,7,0,2,2
9,29,38,39,9,29,0,2,8,8,0,2,2
9,29,38,39,9,29,0,2,9,9,0,1,2
9,29,38,39,9,29,0,2,10,9,0,1,2
9,29,38,39,9,29,0,2,11,9,0,1,2
9,29,38,39,9,29,0,2,12,9,0,1,2
9,29,38,39,9,29,0,2,13,9,0,1,2
9,29,38,39,9,29,0,2,14,9,0,1,2
9,29,38,39,9,29,0,2,15,9,0,1,2
9,29,38,39,9,29,0,2,16,9,0,1,2
9,29,38,39,9,29,0,2,17,9,0,1,2
9,29,38,39,9,29,0,2,18,9,0,1,3
9,29,38,39,9,29,0,2,19,9,0,1,2
9,29,38,39,9,29,0,2,20,8,1,2,2
9,29,38,39,9,29,0,2,21,7,1,2,2
9,29,38,39,9,29,0,2,22,6,1,2,2
9,29,38,39,9,29,0,2,23,5,1,2,2
9,29,38,39,9,29,0,2,24,4,1,2,2
9,29,38,39,9,29,0,2,25,9,0,1,2
9,29,38,39,9,29,0,2,26,9,0,1,2
9,29,38,39,9,29,0,2,27,9,0,1,2
9,30,39,40,9,9,0,2,1,7,1,2,1
9,30,39,40,9,9,0,2,2,6,1,2,2
9,30,39,40,9,9,0,2,3,5,1,2,1
9,30,39,40,9,9,0,2,4,4,0,2,2
9,30,39,40,9,9,0,2,5,5,0,2,2
9,30,39,40,9,9,0,2,6,6,0,2,2
9,30,39,40,9,9,0,2,7,7,0,2,2
9,30,39,40,9,30,0,2,1,9,0,1,1
9,30,39,40,9,30,0,2,2,9,0,1,1
9,30,39,40,9,30,0,2,3,3,0,2,1
9,30,39,40,9,30,0,2,4,4,0,2,2
9,30,39,40,9,30,0,2,5,5,0,2,2
9,30,39,40,9,30,0,2,6,6,0,2,1
9,30,39,40,9,30,0,2,7,7,0,2,2
9,30,39,40,9,30,0,2,8,8,0,2,2
9,30,39,40,9,30,0,2,9,9,0,1,2
9,30,39,40,9,30,0,2,10,9,0,1,2
9,30,39,40,9,30,0,2,11,9,0,1,2
9,30,39,40,9,30,0,2,12,9,0,1,2
9,30,39,40,9,30,0,2,13,9,0,1,2
9,30,39,40,9,30,0,2,14,9,0,1,2
9,30,39,40,9,30,0,2,15,9,0,1,2
9,30,39,40,9,30,0,2,16,9,0,1,2
9,30,39,40,9,30,0,2,17,9,0,1,2
9,30,39,40,9,30,0,2,18,9,0,1,2
9,30,39,40,9,30,0,2,19,9,0,1,2
9,30,39,40,9,30,0,2,20,9,0,1,2
9,30,39,40,9,30,0,2,21,8,1,2,1
9,30,39,40,9,30,0,2,22,7,1,2,1
9,30,39,40,9,30,0,2,23,6,1,2,1
9,30,39,40,9,30,0,2,24,5,1,2,1
9,30,39,40,9,30,0,2,25,4,1,2,1
9,30,39,40,9,30,0,2,26,3,1,2,1
9,30,39,40,9,30,0,2,27,9,0,1,2
9,30,39,40,9,30,0,2,28,9,0,1,2
9,31,40,41,9,9,0,2,1,7,1,2,1
9,31,40,41,9,9,0,2,2,6,1,2,2
9,31,40,41,9,9,0,2,3,5,1,2,1
9,31,40,41,9,9,0,2,4,4,0,2,2
9,31,40,41,9,9,0,2,5,5,0,2,2
9,31,40,41,9,9,0,2,6,6,0,2,2
9,31,40,41,9,9,0,2,7,7,0,2,2
9,31,40,41,9,31,0,2,1,9,0,1,1
9,31,40,41,9,31,0,2,2,9,0,1,2
9,31,40,41,9,31,0,2,3,9,0,1,1
9,31,40,41,9,31,0,2,4,4,0,2,2
9,31,40,41,9,31,0,2,5,5,0,2,2
9,31,40,41,9,31,0,2,6,6,0,2,2
9,31,40,41,9,31,0,2,7,7,0,2,2
9,31,40,41,9,31,0,2,8,8,0,2,2
9,31,40,41,9,31,0,2,9,9,0,1,2
9,31,40,41,9,31,0,2,10,9,0,1,2
9,31,40,41,9,31,0,2,11,9,0,1,2
9,31,40,41,9,31,0,2,12,9,0,1,2
9,31,40,41,9,31,0,2,13,9,0,1,2
9,31,40,41,9,31,0,2,14,9,0,1,2
9,31,40,41,9,31,0,2,15,9,0,1,2
9,31,40,41,9,31,0,2,16,9,0,1,2
9,31,40,41,9,31,0,2,17,9,0,1,2
9,31,40,41,9,31,0,2,18,9,0,1,2
9,31,40,41,9,31,0,2,19,9,0,1,2
9,31,40,41,9,31,0,2,20,9,0,1,2
9,31,40,41,9,31,0,2,21,9,0,1,2
9,31,40,41,9,31,0,2,22,8,1,2,2
9,31,40,41,9,31,0,2,23,7,1,2,2
9,31,40,41,9,31,0,2,24,6,1,2,2
9,31,40,41,9,31,0,2,25,5,1,2,2
9,31,40,41,9,31,0,2,26,4,1,2,2
9,31,40,41,9,31,0,2,27,9,0,1,2
9,31,40,41,9,31,0,2,28,9,0,1,2
9,31,40,41,9,31,0,2,29,9,0,1,2
9,32,41,42,9,9,0,2,1,7,1,2,1
9,32,41,42,9,9,0,2,2,6,1,2,2
9,32,41,42,9,9,0,2,3,3,0,2,1
9,32,41,42,9,9,0,2,4,4,0,2,1
9,32,41,42,9,9,0,2,5,5,0,2,2
9,32,41,42,9,9,0,2,6,6,0,2,1
9,32,41,42,9,9,0,2,7,7,0,2,1
9,32,41,42,9,32,0,2,1,9,0,1,1
9,32,41,42,9,32,0,2,2,9,0,1,1
9,32,41,42,9,32,0,2,3,9,0,1,1
9,32,41,42,9,32,0,2,4,4,0,2,2
9,32,41,42,9,32,0,2,5,5,0,2,2
9,32,41,42,9,32,0,2,6,6,0,2,2
9,32,41,42,9,32,0,2,7,7,0,2,2
9,32,41,42,9,32,0,2,8,8,0,2,2
9,32,41,42,9,32,0,2,9,9,0,1,2
9,32,41,42,9,32,0,2,10,9,0,1,2
9,32,41,42,9,32,0,2,11,9,0,1,2
9,32,41,42,9,32,0,2,12,9,0,1,2
9,32,41,42,9,32,0,2,13,9,0,1,2
9,32,41,42,9,32,0,2,14,9,0,1,2
9,32,41,42,9,32,0,2,15,9,0,1,2
9,32,41,42,9,32,0,2,16,9,0,1,2
9,32,41,42,9,32,0,2,17,9,0,1,2
9,32,41,42,9,32,0,2,18,9,0,1,2
9,32,41,42,9,32,0,2,19,9,0,1,2
9,32,41,42,9,32,0,2,20,9,0,1,2
9,32,41,42,9,32,0,2,21,9,0,1,2
9,32,41,42,9,32,0,2,22,9,0,1,2
9,32,41,42,9,32,0,2,23,8,1,2,1
9,32,41,42,9,32,0,2,24,7,1,2,1
9,32,41,42,9,32,0,2,25,6,1,2,2
9,32,41,42,9,32,0,2,26,5,1,2,1
9,32,41,42,9,32,0,2,27,4,1,2,1
9,32,41,42,9,32,0,2,28,9,0,1,2
9,32,41,42,9,32,0,2,29,9,0,1,2
9,32,41,42,9,32,0,2,30,9,0,1,2
9,33,42,43,9,9,0,2,1,7,1,2,1
9,33,42,43,9,9,0,2,2,6,1,2,2
9,33,42,43,9,9,0,2,3,5,1,2,1
9,33,42,43,9,9,0,2,4,4,0,2,2
9,33,42,43,9,9,0,2,5,5,0,2,2
9,33,42,43,9,9,0,2,6,6,0,2,2
9,33,42,43,9,9,0,2,7,7,0,2,2
9,33,42,43,9,33,0,2,1,9,0,1,1
9,33,42,43,9,33,0,2,2,9,0,1,3
9,33,42,43,9,33,0,2,3,9,0,1,1
9,33,42,43,9,33,0,2,4,4,0,2,2
9,33,42,43,9,33,0,2,5,5,0,2,2
9,33,42,43,9,33,0,2,6,6,0,2,2
9,33,42,43,9,33,0,2,7,7,0,2,2
9,33,42,43,9,33,0,2,8,8,0,2,2
9,33,42,43,9,33,0,2,9,9,0,1,2
9,33,42,43,9,33,0,2,10,9,0,1,2
9,33,42,43,9,33,0,2,11,9,0,1,2
9,33,42,43,9,33,0,2,12,9,0,1,2
9,33,42,43,9,33,0,2,13,9,0,1,2
9,33,42,43,9,33,0,2,14,9,0,1,2
9,33,42,43,9,33,0,2,15,9,0,1,3
9,33,42,43,9,33,0,2,16,9,0,1,2
9,33,42,43,9,33,0,2,17,9,0,1,2
9,33,42,43,9,33,0,2,18,9,0,1,2
9,33,42,43,9,33,0,2,19,9,0,1,2
9,33,42,43,9,33,0,2,20,9,0,1,2
9,33,42,43,9,33,0,2,21,9,0,1,2
9,33,42,43,9,33,0,2,22,9,0,1,2
9,33,42,43,9,33,0,2,23,9,0,1,2
9,33,42,43,9,33,0,2,24,8,1,2,2
9,33,42,43,9,33,0,2,25,7,1,2,2
9,33,42,43,9,33,0,2,26,6,1,2,2
9,33,42,43,9,33,0,2,27,5,1,2,2
9,33,42,43,9,33,0,2,28,4,1,2,2
9,33,42,43,9,33,0,2,29,9,0,1,2
9,33,42,43,9,33,0,2,30,9,0,1,2
9,33,42,43,9,33,0,2,31,9,0,1,2
9,34,43,44,9,9,0,2,1,7,1,2,1
9,34,43,44,9,9,0,2,2,6,1,2,2
9,34,43,44,9,9,0,2,3,5,1,2,1
9,34,43,44,9,9,0,2,4,4,0,2,2
9,34,43,44,9,9,0,2,5,5,0,2,2
9,34,43,44,9,9,0,2,6,6,0,2,2
9,34,43,44,9,9,0,2,7,7,0,2,2
9,34,43,44,9,34,0,2,1,9,0,1,1
9,34,43,44,9,34,0,2,2,9,0,1,1
9,34,43,44,9,34,0,2,3,9,0,1,1
9,34,43,44,9,34,0,2,4,4,0,2,2
9,34,43,44,9,34,0,2,5,5,0,2,2
9,34,43,44,9,34,0,2,6,6,0,2,2
9,34,43,44,9,34,0,2,7,7,0,2,2
9,34,43,44,9,34,0,2,8,8,0,2,2
9,34,43,44,9,34,0,2,9,9,0,1,2
9,34,43,44,9,34,0,2,10,9,0,1,2
9,34,43,44,9,34,0,2,11,9,0,1,2
9,34,43,44,9,34,0,2,12,9,0,1,2
9,34,43,44,9,34,0,2,13,9,0,1,2
9,34,43,44,9,34,0,2,14,9,0,1,2
9,34,43,44,9,34,0,2,15,9,0,1,2
9,34,43,44,9,34,0,2,16,9,0,1,2
9,34,43,44,9,34,0,2,17,9,0,1,2
9,34,43,44,9,34,0,2,18,9,0,1,2
9,34,43,44,9,34,0,2,19,9,0,1,2
9,34,43,44,9,34,0,2,20,9,0,1,2
9,34,43,44,9,34,0,2,21,9,0,1,2
9,34,43,44,9,34,0,2,22,9,0,1,2
9,34,43,44,9,34,0,2,23,9,0,1,2
9,34,43,44,9,34,0,2,24,9,0,1,2
9,34,43,44,9,34,0,2,25,8,1,2,1
9,34,43,44,9,34,0,2,26,7,1,2,2
9,34,43,44,9,34,0,2,27,6,1,2,2
9,34,43,44,9,34,0,2,28,5,1,2,1
9,34,43,44,9,34,0,2,29,4,1,2,1
9,34,43,44,9,34,0,2,30,9,0,1,2
9,34,43,44,9,34,0,2,31,9,0,1,2
9,34,43,44,9,34,0,2,32,9,0,1,2
9,35,44,45,9,9,0,2,1,7,1,2,0
9,35,44,45,9,9,0,2,2,6,1,2,2
9,35,44,45,9,9,0,2,3,5,1,2,1
9,35,44,45,9,9,0,2,4,4,0,2,2
9,35,44,45,9,9,0,2,5,5,0,2,2
9,35,44,45,9,9,0,2,6,6,0,2,2
9,35,44,45,9,9,0,2,7,7,0,2,2
9,35,44,45,9,35,0,2,1,9,0,1,1
9,35,44,45,9,35,0,2,2,9,0,1,3
9,35,44,45,9,35,0,2,3,9,0,1,1
9,35,44,45,9,35,0,2,4,4,0,2,2
9,35,44,45,9,35,0,2,5,5,0,2,2
9,35,44,45,9,35,0,2,6,6,0,2,2
9,35,44,45,9,35,0,2,7,7,0,2,2
9,35,44,45,9,35,0,2,8,8,0,2,2
9,35,44,45,9,35,0,2,9,9,0,1,2
9,35,44,45,9,35,0,2,10,9,0,1,2
9,35,44,45,9,35,0,2,11,9,0,1,2
9,35,44,45,9,35,0,2,12,9,0,1,2
9,35,44,45,9,35,0,2,13,9,0,1,2
9,35,44,45,9,35,0,2,14,9,0,1,2
9,35,44,45,9,35,0,2,15,9,0,1,2
9,35,44,45,9,35,0,2,16,9,0,1,2
9,35,44,45,9,35,0,2,17,9,0,1,2
9,35,44,45,9,35,0,2,18,9,0,1,2
9,35,44,45,9,35,0,2,19,9,0,1,2
9,35,44,45,9,35,0,2,20,9,0,1,2
9,35,44,45,9,35,0,2,21,9,0,1,2
9,35,44,45,9,35,0,2,22,9,0,1,2
9,35,44,45,9,35,0,2,23,9,0,1,2
9,35,44,45,9,35,0,2,24,9,0,1,2
9,35,44,45,9,35,0,2,25,9,0,1,2
9,35,44,45,9,35,0,2,26,8,1,2,2
9,35,44,45,9,35,0,2,27,7,1,2,2
9,35,44,45,9,35,0,2,28,6,1,2,2
9,35,44,45,9,35,0,2,29,5,1,2,2
9,35,44,45,9,35,0,2,30,4,1,2,2
9,35,44,45,9,35,0,2,31,9,0,1,2
9,35,44,45,9,35,0,2,32,9,0,1,2
9,35,44,45,9,35,0,2,33,9,0,1,2
10,2,12,13,10,10,0,2,1,8,1,2,1
10,2,12,13,10,10,0,2,2,7,1,2,3
10,2,12,13,10,10,0,2,3,3,0,2,1
10,2,12,13,10,10,0,2,4,4,0,2,2
10,2,12,13,10,10,0,2,5,5,0,2,1
10,2,12,13,10,10,0,2,6,3,1,2,1
10,2,12,13,10,10,0,2,7,7,0,2,2
10,2,12,13,10,10,0,2,8,8,0,2,1
10,3,13,14,10,3,0,2,1,10,0,1,1
10,3,13,14,10,10,0,2,1,3,0,1,1
10,3,13,14,10,10,0,2,2,7,1,2,2
10,3,13,14,10,10,0,2,3,6,1,2,2
10,3,13,14,10,10,0,2,4,5,1,2,2
10,3,13,14,10,10,0,2,5,4,1,2,2
10,3,13,14,10,10,0,2,6,6,0,2,2
10,3,13,14,10,10,0,2,7,7,0,2,3
10,3,13,14,10,10,0,2,8,8,0,2,5
10,4,14,15,10,4,0,2,1,10,0,1,1
10,4,14,15,10,4,0,2,2,10,0,1,3
10,4,14,15,10,10,0,2,1,4,0,1,1
10,4,14,15,10,10,0,2,2,7,1,2,2
10,4,14,15,10,10,0,2,3,6,1,2,2
10,4,14,15,10,10,0,2,4,4,0,1,1
10,4,14,15,10,10,0,2,5,4,0,1,1
10,4,14,15,10,10,0,2,6,6,0,2,3
10,4,14,15,10,10,0,2,7,4,0,1,1
10,4,14,15,10,10,0,2,8,4,0,1,1
10,5,15,16,10,5,0,2,1,3,1,2,1
10,5,15,16,10,5,0,2,2,10,0,1,1
10,5,15,16,10,5,0,2,3,10,0,1,1
10,5,15,16,10,10,0,2,1,5,0,1,1
10,5,15,16,10,10,0,2,2,5,0,1,2
10,5,15,16,10,10,0,2,3,5,0,1,2
10,5,15,16,10,10,0,2,4,4,0,2,1
10,5,15,16,10,10,0,2,5,4,1,2,1
10,5,15,16,10,10,0,2,6,3,1,2,1
10,5,15,16,10,10,0,2,7,5,0,1,2
10,5,15,16,10,10,0,2,8,5,0,1,2
10,6,16,17,10,6,0,2,1,4,1,2,0
10,6,16,17,10,6,0,2,2,10,0,1,2
10,6,16,17,10,6,0,2,3,10,0,1,1
10,6,16,17,10,6,0,2,4,4,0,2,2
10,6,16,17,10,10,0,2,1,6,0,1,2
10,6,16,17,10,10,0,2,2,6,0,1,3
10,6,16,17,10,10,0,2,3,3,0,2,1
10,6,16,17,10,10,0,2,4,4,0,2,2
10,6,16,17,10,10,0,2,5,4,1,2,2
10,6,16,17,10,10,0,2,6,3,1,2,1
10,6,16,17,10,10,0,2,7,6,0,1,3
10,6,16,17,10,10,0,2,8,6,0,1,2
10,7,17,18,10,7,0,2,1,5,1,2,1
10,7,17,18,10,7,0,2,2,4,1,2,2
10,7,17,18,10,7,0,2,3,3,0,2,1
10,7,17,18,10,7,0,2,4,4,0,2,2
10,7,17,18,10,7,0,2,5,5,0,2,1
10,7,17,18,10,10,0,2,1,7,0,1,1
10,7,17,18,10,10,0,2,2,7,0,1,2
10,7,17,18,10,10,0,2,3,3,0,2,1
10,7,17,18,10,10,0,2,4,4,0,2,2
10,7,17,18,10,10,0,2,5,4,1,2,2
10,7,17,18,10,10,0,2,6,3,1,2,1
10,7,17,18,10,10,0,2,7,2,1,2,0
10,7,17,18,10,10,0,2,8,7,0,1,4
10,9,19,20,10,9,0,2,1,7,1,2,1
10,9,19,20,10,9,0,2,2,6,1,2,2
10,9,19,20,10,9,0,2,3,3,0,2,1
10,9,19,20,10,9,0,2,4,4,0,2,1
10,9,19,20,10,9,0,2,5,5,0,2,2
10,9,19,20,10,9,0,2,6,6,0,2,1
10,9,19,20,10,9,0,2,7,7,0,2,1
10,9,19,20,10,10,0,2,1,8,1,2,2
10,9,19,20,10,10,0,2,2,7,1,2,2
10,9,19,20,10,10,0,2,3,6,1,2,2
10,9,19,20,10,10,0,2,4,4,0,2,2
10,9,19,20,10,10,0,2,5,4,1,2,1
10,9,19,20,10,10,0,2,6,6,0,2,2
10,9,19,20,10,10,0,2,7,7,0,2,2
10,9,19,20,10,10,0,2,8,8,0,2,2
10,10,20,21,10,10,0,2,1,8,1,2,1
10,10,20,21,10,10,0,2,2,7,1,2,1
10,10,20,21,10,10,0,2,3,6,1,2,1
10,10,20,21,10,10,0,2,4,4,0,2,2
10,10,20,21,10,10,0,2,5,4,1,2,2
10,10,20,21,10,10,0,2,6,3,1,2,1
10,10,20,21,10,10,0,2,7,7,0,2,2
10,10,20,21,10,10,0,2,8,8,0,2,2
10,11,21,22,10,10,0,2,1,8,1,2,1
10,11,21,22,10,10,0,2,2,7,1,2,1
10,11,21,22,10,10,0,2,3,6,1,2,1
10,11,21,22,10,10,0,2,4,4,0,2,2
10,11,21,22,10,10,0,2,5,4,1,2,1
10,11,21,22,10,10,0,2,6,3,1,2,1
10,11,21,22,10,10,0,2,7,7,0,2,2
10,11,21,22,10,10,0,2,8,8,0,2,2
10,11,21,22,10,11,0,2,1,9,1,2,2
10,11,21,22,10,11,0,2,2,8,1,2,2
10,11,21,22,10,11,0,2,3,7,1,2,1
10,11,21,22,10,11,0,2,4,4,0,2,2
10,11,21,22,10,11,0,2,5,5,0,2,2
10,11,21,22,10,11,0,2,6,4,1,2,1
10,11,21,22,10,11,0,2,7,7,0,2,2
10,11,21,22,10,11,0,2,8,8,0,2,2
10,11,21,22,10,11,0,2,9,9,0,2,2
10,13,23,24,10,10,0,2,1,8,1,2,1
10,13,23,24,10,10,0,2,2,7,1,2,2
10,13,23,24,10,10,0,2,3,3,0,2,1
10,13,23,24,10,10,0,2,4,4,0,2,2
10,13,23,24,10,10,0,2,5,4,1,2,2
10,13,23,24,10,10,0,2,6,3,1,2,1
10,13,23,24,10,10,0,2,7,7,0,2,2
10,13,23,24,10,10,0,2,8,8,0,2,1
10,13,23,24,10,13,0,2,1,10,0,1,1
10,13,23,24,10,13,0,2,2,10,0,1,2
10,13,23,24,10,13,0,2,3,3,0,2,1
10,13,23,24,10,13,0,2,4,4,0,2,2
10,13,23,24,10,13,0,2,5,5,0,2,1
10,13,23,24,10,13,0,2,6,6,0,2,1
10,13,23,24,10,13,0,2,7,5,1,2,1
10,13,23,24,10,13,0,2,8,4,1,2,2
10,13,23,24,10,13,0,2,9,3,1,2,1
10,13,23,24,10,13,0,2,10,2,1,2,0
10,13,23,24,10,13,0,2,11,10,0,1,2
10,14,24,25,10,10,0,2,1,8,1,2,1
10,14,24,25,10,10,0,2,2,7,1,2,2
10,14,24,25,10,10,0,2,3,6,1,2,2
10,14,24,25,10,10,0,2,4,4,0,2,2
10,14,24,25,10,10,0,2,5,4,1,2,2
10,14,24,25,10,10,0,2,6,6,0,2,2
10,14,24,25,10,10,0,2,7,7,0,2,2
10,14,24,25,10,10,0,2,8,8,0,2,2
10,14,24,25,10,14,0,2,1,10,0,1,1
10,14,24,25,10,14,0,2,2,10,0,1,3
10,14,24,25,10,14,0,2,3,3,0,2,1
10,14,24,25,10,14,0,2,4,4,0,2,2
10,14,24,25,10,14,0,2,5,5,0,2,2
10,14,24,25,10,14,0,2,6,6,0,2,2
10,14,24,25,10,14,0,2,7,6,1,2,1
10,14,24,25,10,14,0,2,8,5,1,2,2
10,14,24,25,10,14,0,2,9,4,1,2,1
10,14,24,25,10,14,0,2,10,3,1,2,1
10,14,24,25,10,14,0,2,11,10,0,1,2
10,14,24,25,10,14,0,2,12,10,0,1,2
10,15,25,26,10,10,0,2,1,8,1,2,1
10,15,25,26,10,10,0,2,2,7,1,2,2
10,15,25,26,10,10,0,2,3,6,1,2,1
10,15,25,26,10,10,0,2,4,4,0,2,2
10,15,25,26,10,10,0,2,5,4,1,2,1
10,15,25,26,10,10,0,2,6,3,1,2,1
10,15,25,26,10,10,0,2,7,7,0,2,2
10,15,25,26,10,10,0,2,8,8,0,2,2
10,15,25,26,10,15,0,2,1,10,0,1,1
10,15,25,26,10,15,0,2,2,10,0,1,1
10,15,25,26,10,15,0,2,3,10,0,1,2
10,15,25,26,10,15,0,2,4,4,0,2,2
10,15,25,26,10,15,0,2,5,5,0,2,2
10,15,25,26,10,15,0,2,6,6,0,2,1
10,15,25,26,10,15,0,2,7,7,0,2,1
10,15,25,26,10,15,0,2,8,6,1,2,1
10,15,25,26,10,15,0,2,9,5,1,2,2
10,15,25,26,10,15,0,2,10,4,1,2,1
10,15,25,26,10,15,0,2,11,3,1,2,1
10,15,25,26,10,15,0,2,12,10,0,1,2
10,15,25,26,10,15,0,2,13,10,0,1,2
10,16,26,27,10,10,0,2,1,8,1,2,1
10,16,26,27,10,10,0,2,2,7,1,2,2
10,16,26,27,10,10,0,2,3,6,1,2,1
10,16,26,27,10,10,0,2,4,4,0,2,2
10,16,26,27,10,10,0,2,5,4,1,2,2
10,16,26,27,10,10,0,2,6,3,1,2,1
10,16,26,27,10,10,0,2,7,7,0,2,2
10,16,26,27,10,10,0,2,8,8,0,2,2
10,16,26,27,10,16,0,2,1,10,0,1,1
10,16,26,27,10,16,0,2,2,10,0,1,2
10,16,26,27,10,16,0,2,3,10,0,1,2
10,16,26,27,10,16,0,2,4,4,0,2,2
10,16,26,27,10,16,0,2,5,5,0,2,2
10,16,26,27,10,16,0,2,6,6,0,2,2
10,16,26,27,10,16,0,2,7,7,0,2,2
10,16,26,27,10,16,0,2,8,7,1,2,2
10,16,26,27,10,16,0,2,9,6,1,2,2
10,16,26,27,10,16,0,2,10,5,1,2,2
10,16,26,27,10,16,0,2,11,4,1,2,2
10,16,26,27,10,16,0,2,12,10,0,1,2
10,16,26,27,10,16,0,2,13,10,0,1,2
10,16,26,27,10,16,0,2,14,10,0,1,1
10,17,27,28,10,10,0,2,1,8,1,2,1
10,17,27,28,10,10,0,2,2,7,1,2,2
10,17,27,28,10,10,0,2,3,3,0,2,1
10,17,27,28,10,10,0,2,4,4,0,2,2
10,17,27,28,10,10,0,2,5,4,1,2,1
10,17,27,28,10,10,0,2,6,3,1,2,1
10,17,27,28,10,10,0,2,7,7,0,2,2
10,17,27,28,10,10,0,2,8,8,0,2,1
10,17,27,28,10,17,0,2,1,10,0,1,1
10,17,27,28,10,17,0,2,2,10,0,1,1
10,17,27,28,10,17,0,2,3,10,0,1,1
10,17,27,28,10,17,0,2,4,4,0,2,2
10,17,27,28,10,17,0,2,5,5,0,2,2
10,17,27,28,10,17,0,2,6,6,0,2,2
10,17,27,28,10,17,0,2,7,7,0,2,2
10,17,27,28,10,17,0,2,8,8,0,2,2
10,17,27,28,10,17,0,2,9,7,1,2,1
10,17,27,28,10,17,0,2,10,6,1,2,2
10,17,27,28,10,17,0,2,11,5,1,2,1
10,17,27,28,10,17,0,2,12,4,1,2,1
10,17,27,28,10,17,0,2,13,10,0,1,2
10,17,27,28,10,17,0,2,14,10,0,1,1
10,17,27,28,10,17,0,2,15,10,0,1,2
10,18,28,29,10,10,0,2,1,8,1,2,0
10,18,28,29,10,10,0,2,2,7,1,2,2
10,18,28,29,10,10,0,2,3,6,1,2,1
10,18,28,29,10,10,0,2,4,4,0,2,2
10,18,28,29,10,10,0,2,5,4,1,2,2
10,18,28,29,10,10,0,2,6,3,1,2,1
10,18,28,29,10,10,0,2,7,7,0,2,2
10,18,28,29,10,10,0,2,8,8,0,2,2
10,18,28,29,10,18,0,2,1,10,0,1,1
10,18,28,29,10,18,0,2,2,10,0,1,2
10,18,28,29,10,18,0,2,3,10,0,1,1
10,18,28,29,10,18,0,2,4,4,0,2,2
10,18,28,29,10,18,0,2,5,5,0,2,2
10,18,28,29,10,18,0,2,6,6,0,2,2
10,18,28,29,10,18,0,2,7,7,0,2,2
10,18,28,29,10,18,0,2,8,8,0,2,2
10,18,28,29,10,18,0,2,9,8,1,2,2
10,18,28,29,10,18,0,2,10,7,1,2,3
10,18,28,29,10,18,0,2,11,6,1,2,2
10,18,28,29,10,18,0,2,12,5,1,2,1
10,18,28,29,10,18,0,2,13,10,0,1,2
10,18,28,29,10,18,0,2,14,10,0,1,1
10,18,28,29,10,18,0,2,15,10,0,1,2
10,18,28,29,10,18,0,2,16,10,0,1,2
10,19,29,30,10,10,0,2,1,8,1,2,1
10,19,29,30,10,10,0,2,2,7,1,2,2
10,19,29,30,10,10,0,2,3,6,1,2,1
10,19,29,30,10,10,0,2,4,4,0,2,2
10,19,29,30,10,10,0,2,5,4,1,2,1
10,19,29,30,10,10,0,2,6,3,1,2,1
10,19,29,30,10,10,0,2,7,7,0,2,2
10,19,29,30,10,10,0,2,8,8,0,2,2
10,19,29,30,10,19,0,2,1,10,0,1,1
10,19,29,30,10,19,0,2,2,10,0,1,1
10,19,29,30,10,19,0,2,3,3,0,2,1
10,19,29,30,10,19,0,2,4,4,0,2,2
10,19,29,30,10,19,0,2,5,5,0,2,2
10,19,29,30,10,19,0,2,6,6,0,2,1
10,19,29,30,10,19,0,2,7,7,0,2,2
10,19,29,30,10,19,0,2,8,8,0,2,1
10,19,29,30,10,19,0,2,9,9,0,2,1
10,19,29,30,10,19,0,2,10,8,1,2,1
10,19,29,30,10,19,0,2,11,7,1,2,2
10,19,29,30,10,19,0,2,12,6,1,2,1
10,19,29,30,10,19,0,2,13,5,1,2,1
10,19,29,30,10,19,0,2,14,4,1,2,1
10,19,29,30,10,19,0,2,15,3,1,2,1
10,19,29,30,10,19,0,2,16,10,0,1,2
10,19,29,30,10,19,0,2,17,10,0,1,2
10,20,30,31,10,10,0,2,1,8,1,2,1
10,20,30,31,10,10,0,2,2,7,1,2,1
10,20,30,31,10,10,0,2,3,6,1,2,1
10,20,30,31,10,10,0,2,4,4,0,2,2
10,20,30,31,10,10,0,2,5,4,1,2,2
10,20,30,31,10,10,0,2,6,3,1,2,1
10,20,30,31,10,10,0,2,7,7,0,2,2
10,20,30,31,10,10,0,2,8,8,0,2,2
10,20,30,31,10,20,0,2,1,10,0,1,1
10,20,30,31,10,20,0,2,2,10,0,1,2
10,20,30,31,10,20,0,2,3,10,0,1,1
10,20,30,31,10,20,0,2,4,4,0,2,2
10,20,30,31,10,20,0,2,5,5,0,2,2
10,20,30,31,10,20,0,2,6,6,0,2,2
10,20,30,31,10,20,0,2,7,7,0,2,2
10,20,30,31,10,20,0,2,8,8,0,2,2
10,20,30,31,10,20,0,2,9,9,0,2,2
10,20,30,31,10,20,0,2,10,9,1,2,2
10,20,30,31,10,20,0,2,11,8,1,2,2
10,20,30,31,10,20,0,2,12,7,1,2,2
10,20,30,31,10,20,0,2,13,6,1,2,1
10,20,30,31,10,20,0,2,14,5,1,2,2
10,20,30,31,10,20,0,2,15,4,1,2,2
10,20,30,31,10,20,0,2,16,10,0,1,2
10,20,30,31,10,20,0,2,17,10,0,1,2
10,20,30,31,10,20,0,2,18,10,0,1,2
10,21,31,32,10,10,0,2,1,8,1,2,1
10,21,31,32,10,10,0,2,2,7,1,2,2
10,21,31,32,10,10,0,2,3,6,1,2,1
10,21,31,32,10,10,0,2,4,4,0,2,2
10,21,31,32,10,10,0,2,5,4,1,2,1
10,21,31,32,10,10,0,2,6,3,1,2,1
10,21,31,32,10,10,0,2,7,7,0,2,2
10,21,31,32,10,10,0,2,8,8,0,2,2
10,21,31,32,10,21,0,2,1,10,0,1,1
10,21,31,32,10,21,0,2,2,10,0,1,1
10,21,31,32,10,21,0,2,3,10,0,1,1
10,21,31,32,10,21,0,2,4,4,0,2,2
10,21,31,32,10,21,0,2,5,5,0,2,2
10,21,31,32,10,21,0,2,6,6,0,2,2
10,21,31,32,10,21,0,2,7,7,0,2,2
10,21,31,32,10,21,0,2,8,8,0,2,2
10,21,31,32,10,21,0,2,9,9,0,2,2
10,21,31,32,10,21,0,2,10,10,0,1,2
10,21,31,32,10,21,0,2,11,9,1,2,1
10,21,31,32,10,21,0,2,12,8,1,2,2
10,21,31,32,10,21,0,2,13,7,1,2,1
10,21,31,32,10,21,0,2,14,6,1,2,1
10,21,31,32,10,21,0,2,15,5,1,2,1
10,21,31,32,10,21,0,2,16,4,1,2,1
10,21,31,32,10,21,0,2,17,3,1,2,1
10,21,31,32,10,21,0,2,18,10,0,1,2
10,21,31,32,10,21,0,2,19,10,0,1,2
10,22,32,33,10,10,0,2,1,8,1,2,1
10,22,32,33,10,10,0,2,2,7,1,2,2
10,22,32,33,10,10,0,2,3,6,1,2,1
10,22,32,33,10,10,0,2,4,4,0,2,2
10,22,32,33,10,10,0,2,5,4,1,2,2
10,22,32,33,10,10,0,2,6,3,1,2,1
10,22,32,33,10,10,0,2,7,7,0,2,2
10,22,32,33,10,10,0,2,8,8,0,2,2
10,22,32,33,10,22,0,2,1,10,0,1,1
10,22,32,33,10,22,0,2,2,10,0,1,2
10,22,32,33,10,22,0,2,3,10,0,1,1
10,22,32,33,10,22,0,2,4,4,0,2,2
10,22,32,33,10,22,0,2,5,5,0,2,2
10,22,32,33,10,22,0,2,6,6,0,2,2
10,22,32,33,10,22,0,2,7,7,0,2,2
10,22,32,33,10,22,0,2,8,8,0,2,2
10,22,32,33,10,22,0,2,9,9,0,2,2
10,22,32,33,10,22,0,2,10,10,0,1,2
10,22,32,33,10,22,0,2,11,10,0,1,2
10,22,32,33,10,22,0,2,12,9,1,2,2
10,22,32,33,10,22,0,2,13,8,1,2,2
10,22,32,33,10,22,0,2,14,7,1,2,2
10,22,32,33,10,22,0,2,15,6,1,2,2
10,22,32,33,10,22,0,2,16,5,1,2,2
10,22,32,33,10,22,0,2,17,4,1,2,2
10,22,32,33,10,22,0,2,18,10,0,1,2
10,22,32,33,10,22,0,2,19,10,0,1,2
10,22,32,33,10,22,0,2,20,10,0,1,2
10,23,33,34,10,10,0,2,1,8,1,2,1
10,23,33,34,10,10,0,2,2,7,1,2,2
10,23,33,34,10,10,0,2,3,3,0,2,1
10,23,33,34,10,10,0,2,4,4,0,2,2
10,23,33,34,10,10,0,2,5,4,1,2,1
10,23,33,34,10,10,0,2,6,3,1,2,1
10,23,33,34,10,10,0,2,7,7,0,2,2
10,23,33,34,10,10,0,2,8,8,0,2,1
10,23,33,34,10,23,0,2,1,10,0,1,1
10,23,33,34,10,23,0,2,2,10,0,1,1
10,23,33,34,10,23,0,2,3,3,0,2,1
10,23,33,34,10,23,0,2,4,4,0,2,2
10,23,33,34,10,23,0,2,5,5,0,2,1
10,23,33,34,10,23,0,2,6,6,0,2,1
10,23,33,34,10,23,0,2,7,7,0,2,2
10,23,33,34,10,23,0,2,8,8,0,2,1
10,23,33,34,10,23,0,2,9,9,0,2,2
10,23,33,34,10,23,0,2,10,10,0,1,2
10,23,33,34,10,23,0,2,11,10,0,1,2
10,23,33,34,10,23,0,2,12,10,0,1,1
10,23,33,34,10,23,0,2,13,9,1,2,2
10,23,33,34,10,23,0,2,14,8,1,2,1
10,23,33,34,10,23,0,2,15,7,1,2,1
10,23,33,34,10,23,0,2,16,6,1,2,2
10,23,33,34,10,23,0,2,17,5,1,2,1
10,23,33,34,10,23,0,2,18,4,1,2,1
10,23,33,34,10,23,0,2,19,3,1,2,1
10,23,33,34,10,23,0,2,20,10,0,1,2
10,23,33,34,10,23,0,2,21,10,0,1,2
10,24,34,35,10,10,0,2,1,8,1,2,1
10,24,34,35,10,10,0,2,2,7,1,2,2
10,24,34,35,10,10,0,2,3,6,1,2,1
10,24,34,35,10,10,0,2,4,4,0,2,2
10,24,34,35,10,10,0,2,5,4,1,2,2
10,24,34,35,10,10,0,2,6,3,1,2,1
10,24,34,35,10,10,0,2,7,7,0,2,2
10,24,34,35,10,10,0,2,8,8,0,2,2
10,24,34,35,10,24,0,2,1,10,0,1,1
10,24,34,35,10,24,0,2,2,10,0,1,2
10,24,34,35,10,24,0,2,3,10,0,1,1
10,24,34,35,10,24,0,2,4,4,0,2,2
10,24,34,35,10,24,0,2,5,5,0,2,2
10,24,34,35,10,24,0,2,6,6,0,2,2
10,24,34,35,10,24,0,2,7,7,0,2,2
10,24,34,35,10,24,0,2,8,8,0,2,2
10,24,34,35,10,24,0,2,9,9,0,2,2
10,24,34,35,10,24,0,2,10,10,0,1,2
10,24,34,35,10,24,0,2,11,10,0,1,2
10,24,34,35,10,24,0,2,12,10,0,1,2
10,24,34,35,10,24,0,2,13,10,0,1,2
10,24,34,35,10,24,0,2,14,9,1,2,2
10,24,34,35,10,24,0,2,15,8,1,2,2
10,24,34,35,10,24,0,2,16,7,1,2,2
10,24,34,35,10,24,0,2,17,6,1,2,2
10,24,34,35,10,24,0,2,18,5,1,2,2
10,24,34,35,10,24,0,2,19,4,1,2,2
10,24,34,35,10,24,0,2,20,10,0,1,2
10,24,34,35,10,24,0,2,21,10,0,1,2
10,24,34,35,10,24,0,2,22,10,0,1,2
10,25,35,36,10,10,0,2,1,8,1,2,1
10,25,35,36,10,10,0,2,2,7,1,2,2
10,25,35,36,10,10,0,2,3,6,1,2,1
10,25,35,36,10,10,0,2,4,4,0,2,2
10,25,35,36,10,10,0,2,5,4,1,2,1
10,25,35,36,10,10,0,2,6,3,1,2,1
10,25,35,36,10,10,0,2,7,7,0,2,2
10,25,35,36,10,10,0,2,8,8,0,2,2
10,25,35,36,10,25,0,2,1,10,0,1,1
10,25,35,36,10,25,0,2,2,10,0,1,1
10,25,35,36,10,25,0,2,3,3,0,2,1
10,25,35,36,10,25,0,2,4,4,0,2,1
10,25,35,36,10,25,0,2,5,5,0,2,2
10,25,35,36,10,25,0,2,6,6,0,2,1
10,25,35,36,10,25,0,2,7,7,0,2,1
10,25,35,36,10,25,0,2,8,8,0,2,2
10,25,35,36,10,25,0,2,9,9,0,2,1
10,25,35,36,10,25,0,2,10,10,0,1,2
10,25,35,36,10,25,0,2,11,10,0,1,2
10,25,35,36,10,25,0,2,12,10,0,1,1
10,25,35,36,10,25,0,2,13,10,0,1,2
10,25,35,36,10,25,0,2,14,10,0,1,2
10,25,35,36,10,25,0,2,15,9,1,2,1
10,25,35,36,10,25,0,2,16,8,1,2,1
10,25,35,36,10,25,0,2,17,7,1,2,1
10,25,35,36,10,25,0,2,18,6,1,2,1
10,25,35,36,10,25,0,2,19,5,1,2,1
10,25,35,36,10,25,0,2,20,4,1,2,1
10,25,35,36,10,25,0,2,21,3,1,2,1
10,25,35,36,10,25,0,2,22,10,0,1,1
10,25,35,36,10,25,0,2,23,10,0,1,2
10,26,36,37,10,10,0,2,1,8,1,2,1
10,26,36,37,10,10,0,2,2,7,1,2,1
10,26,36,37,10,10,0,2,3,6,1,2,1
10,26,36,37,10,10,0,2,4,4,0,2,2
10,26,36,37,10,10,0,2,5,4,1,2,2
10,26,36,37,10,10,0,2,6,3,1,2,1
10,26,36,37,10,10,0,2,7,7,0,2,2
10,26,36,37,10,10,0,2,8,8,0,2,2
10,26,36,37,10,26,0,2,1,10,0,1,1
10,26,36,37,10,26,0,2,2,10,0,1,2
10,26,36,37,10,26,0,2,3,10,0,1,1
10,26,36,37,10,26,0,2,4,4,0,2,2
10,26,36,37,10,26,0,2,5,5,0,2,2
10,26,36,37,10,26,0,2,6,6,0,2,2
10,26,36,37,10,26,0,2,7,7,0,2,2
10,26,36,37,10,26,0,2,8,8,0,2,2
10,26,36,37,10,26,0,2,9,9,0,2,2
10,26,36,37,10,26,0,2,10,10,0,1,2
10,26,36,37,10,26,0,2,11,10,0,1,2
10,26,36,37,10,26,0,2,12,10,0,1,2
10,26,36,37,10,26,0,2,13,10,0,1,2
10,26,36,37,10,26,0,2,14,10,0,1,2
10,26,36,37,10,26,0,2,15,10,0,1,2
10,26,36,37,10,26,0,2,16,9,1,2,2
10,26,36,37,10,26,0,2,17,8,1,2,2
10,26,36,37,10,26,0,2,18,7,1,2,2
10,26,36,37,10,26,0,2,19,6,1,2,2
10,26,36,37,10,26,0,2,20,5,1,2,2
10,26,36,37,10,26,0,2,21,4,1,2,2
10,26,36,37,10,26,0,2,22,10,0,1,2
10,26,36,37,10,26,0,2,23,10,0,1,2
10,26,36,37,10,26,0,2,24,10,0,1,2
10,27,37,38,10,10,0,2,1,8,1,2,1
10,27,37,38,10,10,0,2,2,7,1,2,2
10,27,37,38,10,10,0,2,3,6,1,2,1
10,27,37,38,10,10,0,2,4,4,0,2,2
10,27,37,38,10,10,0,2,5,4,1,2,1
10,27,37,38,10,10,0,2,6,3,1,2,1
10,27,37,38,10,10,0,2,7,7,0,2,2
10,27,37,38,10,10,0,2,8,8,0,2,2
10,27,37,38,10,27,0,2,1,10,0,1,1
10,27,37,38,10,27,0,2,2,10,0,1,1
10,27,37,38,10,27,0,2,3,10,0,1,1
10,27,37,38,10,27,0,2,4,4,0,2,2
10,27,37,38,10,27,0,2,5,5,0,2,2
10,27,37,38,10,27,0,2,6,6,0,2,2
10,27,37,38,10,27,0,2,7,7,0,2,2
10,27,37,38,10,27,0,2,8,8,0,2,2
10,27,37,38,10,27,0,2,9,9,0,2,2
10,27,37,38,10,27,0,2,10,10,0,1,2
10,27,37,38,10,27,0,2,11,10,0,1,2
10,27,37,38,10,27,0,2,12,10,0,1,2
10,27,37,38,10,27,0,2,13,10,0,1,2
10,27,37,38,10,27,0,2,14,10,0,1,1
10,27,37,38,10,27,0,2,15,10,0,1,2
10,27,37,38,10,27,0,2,16,10,0,1,2
10,27,37,38,10,27,0,2,17,9,1,2,1
10,27,37,38,10,27,0,2,18,8,1,2,1
10,27,37,38,10,27,0,2,19,7,1,2,1
10,27,37,38,10,27,0,2,20,6,1,2,1
10,27,37,38,10,27,0,2,21,5,1,2,1
10,27,37,38,10,27,0,2,22,4,1,2,1
10,27,37,38,10,27,0,2,23,3,1,2,1
10,27,37,38,10,27,0,2,24,10,0,1,2
10,27,37,38,10,27,0,2,25,10,0,1,1
10,28,38,39,10,10,0,2,1,8,1,2,1
10,28,38,39,10,10,0,2,2,7,1,2,2
10,28,38,39,10,10,0,2,3,6,1,2,1
10,28,38,39,10,10,0,2,4,4,0,2,2
10,28,38,39,10,10,0,2,5,4,1,2,2
10,28,38,39,10,10,0,2,6,3,1,2,1
10,28,38,39,10,10,0,2,7,7,0,2,2
10,28,38,39,10,10,0,2,8,8,0,2,2
10,28,38,39,10,28,0,2,1,10,0,1,1
10,28,38,39,10,28,0,2,2,10,0,1,2
10,28,38,39,10,28,0,2,3,10,0,1,1
10,28,38,39,10,28,0,2,4,4,0,2,2
10,28,38,39,10,28,0,2,5,5,0,2,2
10,28,38,39,10,28,0,2,6,6,0,2,2
10,28,38,39,10,28,0,2,7,7,0,2,2
10,28,38,39,10,28,0,2,8,8,0,2,2
10,28,38,39,10,28,0,2,9,9,0,2,2
10,28,38,39,10,28,0,2,10,10,0,1,2
10,28,38,39,10,28,0,2,11,10,0,1,2
10,28,38,39,10,28,0,2,12,10,0,1,2
10,28,38,39,10,28,0,2,13,10,0,1,2
10,28,38,39,10,28,0,2,14,10,0,1,2
10,28,38,39,10,28,0,2,15,10,0,1,2
10,28,38,39,10,28,0,2,16,10,0,1,2
10,28,38,39,10,28,0,2,17,10,0,1,2
10,28,38,39,10,28,0,2,18,9,1,2,2
10,28,38,39,10,28,0,2,19,8,1,2,2
10,28,38,39,10,28,0,2,20,7,1,2,2
10,28,38,39,10,28,0,2,21,6,1,2,2
10,28,38,39,10,28,0,2,22,5,1,2,2
10,28,38,39,10,28,0,2,23,4,1,2,2
10,28,38,39,10,28,0,2,24,10,0,1,2
10,28,38,39,10,28,0,2,25,10,0,1,2
10,28,38,39,10,28,0,2,26,10,0,1,2
10,29,39,40,10,10,0,2,1,8,1,2,1
10,29,39,40,10,10,0,2,2,7,1,2,2
10,29,39,40,10,10,0,2,3,3,0,2,1
10,29,39,40,10,10,0,2,4,4,0,2,2
10,29,39,40,10,10,0,2,5,4,1,2,1
10,29,39,40,10,10,0,2,6,3,1,2,1
10,29,39,40,10,10,0,2,7,7,0,2,2
10,29,39,40,10,10,0,2,8,8,0,2,1
10,29,39,40,10,29,0,2,1,10,0,1,1
10,29,39,40,10,29,0,2,2,10,0,1,1
10,29,39,40,10,29,0,2,3,3,0,2,1
10,29,39,40,10,29,0,2,4,4,0,2,2
10,29,39,40,10,29,0,2,5,5,0,2,1
10,29,39,40,10,29,0,2,6,6,0,2,1
10,29,39,40,10,29,0,2,7,7,0,2,2
10,29,39,40,10,29,0,2,8,8,0,2,1
10,29,39,40,10,29,0,2,9,9,0,2,1
10,29,39,40,10,29,0,2,10,10,0,1,2
10,29,39,40,10,29,0,2,11,10,0,1,2
10,29,39,40,10,29,0,2,12,10,0,1,1
10,29,39,40,10,29,0,2,13,10,0,1,2
10,29,39,40,10,29,0,2,14,10,0,1,1
10,29,39,40,10,29,0,2,15,10,0,1,2
10,29,39,40,10,29,0,2,16,10,0,1,2
10,29,39,40,10,29,0,2,17,10,0,1,1
10,29,39,40,10,29,0,2,18,10,0,1,2
10,29,39,40,10,29,0,2,19,9,1,2,1
10,29,39,40,10,29,0,2,20,8,1,2,1
10,29,39,40,10,29,0,2,21,7,1,2,1
10,29,39,40,10,29,0,2,22,6,1,2,1
10,29,39,40,10,29,0,2,23,5,1,2,1
10,29,39,40,10,29,0,2,24,4,1,2,1
10,29,39,40,10,29,0,2,25,3,1,2,1
10,29,39,40,10,29,0,2,26,10,0,1,2
10,29,39,40,10,29,0,2,27,10,0,1,1
10,30,40,41,10,10,0,2,1,8,1,2,1
10,30,40,41,10,10,0,2,2,7,1,2,2
10,30,40,41,10,10,0,2,3,6,1,2,1
10,30,40,41,10,10,0,2,4,4,0,2,2
10,30,40,41,10,10,0,2,5,4,1,2,2
10,30,40,41,10,10,0,2,6,3,1,2,1
10,30,40,41,10,10,0,2,7,7,0,2,2
10,30,40,41,10,10,0,2,8,8,0,2,2
10,30,40,41,10,30,0,2,1,10,0,1,1
10,30,40,41,10,30,0,2,2,10,0,1,2
10,30,40,41,10,30,0,2,3,10,0,1,1
10,30,40,41,10,30,0,2,4,4,0,2,2
10,30,40,41,10,30,0,2,5,5,0,2,2
10,30,40,41,10,30,0,2,6,6,0,2,2
10,30,40,41,10,30,0,2,7,7,0,2,2
10,30,40,41,10,30,0,2,8,8,0,2,2
10,30,40,41,10,30,0,2,9,9,0,2,2
10,30,40,41,10,30,0,2,10,10,0,1,2
10,30,40,41,10,30,0,2,11,10,0,1,2
10,30,40,41,10,30,0,2,12,10,0,1,2
10,30,40,41,10,30,0,2,13,10,0,1,2
10,30,40,41,10,30,0,2,14,10,0,1,2
10,30,40,41,10,30,0,2,15,10,0,1,2
10,30,40,41,10,30,0,2,16,10,0,1,2
10,30,40,41,10,30,0,2,17,10,0,1,2
10,30,40,41,10,30,0,2,18,10,0,1,2
10,30,40,41,10,30,0,2,19,10,0,1,2
10,30,40,41,10,30,0,2,20,9,1,2,2
10,30,40,41,10,30,0,2,21,8,1,2,2
10,30,40,41,10,30,0,2,22,7,1,2,2
10,30,40,41,10,30,0,2,23,6,1,2,2
10,30,40,41,10,30,0,2,24,5,1,2,2
10,30,40,41,10,30,0,2,25,4,1,2,2
10,30,40,41,10,30,0,2,26,10,0,1,2
10,30,40,41,10,30,0,2,27,10,0,1,2
10,30,40,41,10,30,0,2,28,10,0,1,2
10,31,41,42,10,10,0,2,1,8,1,2,1
10,31,41,42,10,10,0,2,2,7,1,2,2
10,31,41,42,10,10,0,2,3,6,1,2,1
10,31,41,42,10,10,0,2,4,4,0,2,2
10,31,41,42,10,10,0,2,5,4,1,2,1
10,31,41,42,10,10,0,2,6,3,1,2,1
10,31,41,42,10,10,0,2,7,7,0,2,2
10,31,41,42,10,10,0,2,8,8,0,2,2
10,31,41,42,10,31,0,2,1,10,0,1,1
10,31,41,42,10,31,0,2,2,10,0,1,1
10,31,41,42,10,31,0,2,3,3,0,2,1
10,31,41,42,10,31,0,2,4,4,0,2,1
10,31,41,42,10,31,0,2,5,5,0,2,2
10,31,41,42,10,31,0,2,6,6,0,2,1
10,31,41,42,10,31,0,2,7,7,0,2,1
10,31,41,42,10,31,0,2,8,8,0,2,2
10,31,41,42,10,31,0,2,9,9,0,2,1
10,31,41,42,10,31,0,2,10,10,0,1,2
10,31,41,42,10,31,0,2,11,10,0,1,2
10,31,41,42,10,31,0,2,12,10,0,1,1
10,31,41,42,10,31,0,2,13,10,0,1,2
10,31,41,42,10,31,0,2,14,10,0,1,2
10,31,41,42,10,31,0,2,15,10,0,1,2
10,31,41,42,10,31,0,2,16,10,0,1,1
10,31,41,42,10,31,0,2,17,10,0,1,2
10,31,41,42,10,31,0,2,18,10,0,1,2
10,31,41,42,10,31,0,2,19,10,0,1,1
10,31,41,42,10,31,0,2,20,10,0,1,2
10,31,41,42,10,31,0,2,21,9,1,2,1
10,31,41,42,10,31,0,2,22,8,1,2,1
10,31,41,42,10,31,0,2,23,7,1,2,1
10,31,41,42,10,31,0,2,24,6,1,2,1
10,31,41,42,10,31,0,2,25,5,1,2,1
10,31,41,42,10,31,0,2,26,4,1,2,1
10,31,41,42,10,31,0,2,27,3,1,2,1
10,31,41,42,10,31,0,2,28,10,0,1,1
10,31,41,42,10,31,0,2,29,10,0,1,2
10,32,42,43,10,10,0,2,1,8,1,2,1
10,32,42,43,10,10,0,2,2,7,1,2,1
10,32,42,43,10,10,0,2,3,6,1,2,1
10,32,42,43,10,10,0,2,4,4,0,2,2
10,32,42,43,10,10,0,2,5,4,1,2,2
10,32,42,43,10,10,0,2,6,3,1,2,1
10,32,42,43,10,10,0,2,7,7,0,2,2
10,32,42,43,10,10,0,2,8,8,0,2,2
10,32,42,43,10,32,0,2,1,10,0,1,1
10,32,42,43,10,32,0,2,2,10,0,1,2
10,32,42,43,10,32,0,2,3,10,0,1,1
10,32,42,43,10,32,0,2,4,4,0,2,2
10,32,42,43,10,32,0,2,5,5,0,2,2
10,32,42,43,10,32,0,2,6,6,0,2,2
10,32,42,43,10,32,0,2,7,7,0,2,2
10,32,42,43,10,32,0,2,8,8,0,2,2
10,32,42,43,10,32,0,2,9,9,0,2,2
10,32,42,43,10,32,0,2,10,10,0,1,2
10,32,42,43,10,32,0,2,11,10,0,1,2
10,32,42,43,10,32,0,2,12,10,0,1,2
10,32,42,43,10,32,0,2,13,10,0,1,2
10,32,42,43,10,32,0,2,14,10,0,1,2
10,32,42,43,10,32,0,2,15,10,0,1,2
10,32,42,43,10,32,0,2,16,10,0,1,2
10,32,42,43,10,32,0,2,17,10,0,1,2
10,32,42,43,10,32,0,2,18,10,0,1,2
10,32,42,43,10,32,0,2,19,10,0,1,2
10,32,42,43,10,32,0,2,20,10,0,1,2
10,32,42,43,10,32,0,2,21,10,0,1,2
10,32,42,43,10,32,0,2,22,9,1,2,2
10,32,42,43,10,32,0,2,23,8,1,2,2
10,32,42,43,10,32,0,2,24,7,1,2,2
10,32,42,43,10,32,0,2,25,6,1,2,2
10,32,42,43,10,32,0,2,26,5,1,2,2
10,32,42,43,10,32,0,2,27,4,1,2,2
10,32,42,43,10,32,0,2,28,10,0,1,2
10,32,42,43,10,32,0,2,29,10,0,1,2
10,32,42,43,10,32,0,2,30,10,0,1,2
10,33,43,44,10,10,0,2,1,8,1,2,1
10,33,43,44,10,10,0,2,2,7,1,2,2
10,33,43,44,10,10,0,2,3,6,1,2,1
10,33,43,44,10,10,0,2,4,4,0,2,2
10,33,43,44,10,10,0,2,5,4,1,2,1
10,33,43,44,10,10,0,2,6,3,1,2,1
10,33,43,44,10,10,0,2,7,7,0,2,2
10,33,43,44,10,10,0,2,8,8,0,2,2
10,33,43,44,10,33,0,2,1,10,0,1,1
10,33,43,44,10,33,0,2,2,10,0,1,1
10,33,43,44,10,33,0,2,3,10,0,1,1
10,33,43,44,10,33,0,2,4,4,0,2,2
10,33,43,44,10,33,0,2,5,5,0,2,2
10,33,43,44,10,33,0,2,6,6,0,2,2
10,33,43,44,10,33,0,2,7,7,0,2,2
10,33,43,44,10,33,0,2,8,8,0,2,2
10,33,43,44,10,33,0,2,9,9,0,2,2
10,33,43,44,10,33,0,2,10,10,0,1,2
10,33,43,44,10,33,0,2,11,10,0,1,2
10,33,43,44,10,33,0,2,12,10,0,1,2
10,33,43,44,10,33,0,2,13,10,0,1,2
10,33,43,44,10,33,0,2,14,10,0,1,2
10,33,43,44,10,33,0,2,15,10,0,1,2
10,33,43,44,10,33,0,2,16,10,0,1,2
10,33,43,44,10,33,0,2,17,10,0,1,2
10,33,43,44,10,33,0,2,18,10,0,1,2
10,33,43,44,10,33,0,2,19,10,0,1,1
10,33,43,44,10,33,0,2,20,10,0,1,2
10,33,43,44,10,33,0,2,21,10,0,1,2
10,33,43,44,10,33,0,2,22,10,0,1,1
10,33,43,44,10,33,0,2,23,9,1,2,1
10,33,43,44,10,33,0,2,24,8,1,2,1
10,33,43,44,10,33,0,2,25,7,1,2,1
10,33,43,44,10,33,0,2,26,6,1,2,1
10,33,43,44,10,33,0,2,27,5,1,2,1
10,33,43,44,10,33,0,2,28,4,1,2,1
10,33,43,44,10,33,0,2,29,3,1,2,1
10,33,43,44,10,33,0,2,30,10,0,1,1
10,33,43,44,10,33,0,2,31,10,0,1,2
10,34,44,45,10,10,0,2,1,8,1,2,1
10,34,44,45,10,10,0,2,2,7,1,2,2
10,34,44,45,10,10,0,2,3,6,1,2,1
10,34,44,45,10,10,0,2,4,4,0,2,2
10,34,44,45,10,10,0,2,5,4,1,2,2
10,34,44,45,10,10,0,2,6,3,1,2,1
10,34,44,45,10,10,0,2,7,7,0,2,2
10,34,44,45,10,10,0,2,8,8,0,2,2
10,34,44,45,10,34,0,2,1,10,0,1,1
10,34,44,45,10,34,0,2,2,10,0,1,2
10,34,44,45,10,34,0,2,3,10,0,1,1
10,34,44,45,10,34,0,2,4,4,0,2,2
10,34,44,45,10,34,0,2,5,5,0,2,2
10,34,44,45,10,34,0,2,6,6,0,2,2
10,34,44,45,10,34,0,2,7,7,0,2,2
10,34,44,45,10,34,0,2,8,8,0,2,2
10,34,44,45,10,34,0,2,9,9,0,2,2
10,34,44,45,10,34,0,2,10,10,0,1,2
10,34,44,45,10,34,0,2,11,10,0,1,2
10,34,44,45,10,34,0,2,12,10,0,1,2
10,34,44,45,10,34,0,2,13,10,0,1,2
10,34,44,45,10,34,0,2,14,10,0,1,2
10,34,44,45,10,34,0,2,15,10,0,1,2
10,34,44,45,10,34,0,2,16,10,0,1,2
10,34,44,45,10,34,0,2,17,10,0,1,2
10,34,44,45,10,34,0,2,18,10,0,1,2
10,34,44,45,10,34,0,2,19,10,0,1,2
10,34,44,45,10,34,0,2,20,10,0,1,2
10,34,44,45,10,34,0,2,21,10,0,1,2
10,34,44,45,10,34,0,2,22,10,0,1,2
10,34,44,45,10,34,0,2,23,10,0,1,2
10,34,44,45,10,34,0,2,24,9,1,2,2
10,34,44,45,10,34,0,2,25,8,1,2,2
10,34,44,45,10,34,0,2,26,7,1,2,2
10,34,44,45,10,34,0,2,27,6,1,2,2
10,34,44,45,10,34,0,2,28,5,1,2,2
10,34,44,45,10,34,0,2,29,4,1,2,2
10,34,44,45,10,34,0,2,30,10,0,1,2
10,34,44,45,10,34,0,2,31,10,0,1,2
10,34,44,45,10,34,0,2,32,10,0,1,2
11,2,13,14,11,11,0,2,1,9,1,2,0
11,2,13,14,11,11,0,2,2,8,1,2,1
11,2,13,14,11,11,0,2,3,7,1,2,2
11,2,13,14,11,11,0,2,4,4,0,2,2
11,2,13,14,11,11,0,2,5,5,1,2,1
11,2,13,14,11,11,0,2,6,4,1,2,2
11,2,13,14,11,11,0,2,7,3,1,2,1
11,2,13,14,11,11,0,2,8,8,0,2,4
11,2,13,14,11,11,0,2,9,9,0,2,2
11,4,15,16,11,4,0,2,1,11,0,1,1
11,4,15,16,11,4,0,2,2,11,0,1,2
11,4,15,16,11,11,0,2,1,4,0,1,1
11,4,15,16,11,11,0,2,2,4,0,1,1
11,4,15,16,11,11,0,2,3,4,0,1,1
11,4,15,16,11,11,0,2,4,6,1,2,2
11,4,15,16,11,11,0,2,5,4,0,1,1
11,4,15,16,11,11,0,2,6,4,0,1,1
11,4,15,16,11,11,0,2,7,7,0,2,3
11,4,15,16,11,11,0,2,8,4,0,1,1
11,4,15,16,11,11,0,2,9,4,0,1,1
11,5,16,17,11,5,0,2,1,3,1,2,1
11,5,16,17,11,5,0,2,2,11,0,1,2
11,5,16,17,11,5,0,2,3,11,0,1,1
11,5,16,17,11,11,0,2,1,5,0,1,2
11,5,16,17,11,11,0,2,2,5,0,1,2
11,5,16,17,11,11,0,2,3,5,0,1,2
11,5,16,17,11,11,0,2,4,4,0,2,2
11,5,16,17,11,11,0,2,5,5,0,1,2
11,5,16,17,11,11,0,2,6,4,1,2,1
11,5,16,17,11,11,0,2,7,5,0,1,2
11,5,16,17,11,11,0,2,8,5,0,1,2
11,5,16,17,11,11,0,2,9,5,0,1,2
11,6,17,18,11,6,0,2,1,4,1,2,1
11,6,17,18,11,6,0,2,2,11,0,1,1
11,6,17,18,11,6,0,2,3,11,0,1,2
11,6,17,18,11,6,0,2,4,4,0,2,2
11,6,17,18,11,11,0,2,1,6,0,1,1
11,6,17,18,11,11,0,2,2,6,0,1,2
11,6,17,18,11,11,0,2,3,6,0,1,2
11,6,17,18,11,11,0,2,4,4,0,2,2
11,6,17,18,11,11,0,2,5,5,0,2,2
11,6,17,18,11,11,0,2,6,4,1,2,1
11,6,17,18,11,11,0,2,7,3,1,2,1
11,6,17,18,11,11,0,2,8,6,0,1,3
11,6,17,18,11,11,0,2,9,6,0,1,2
11,8,19,20,11,8,0,2,1,6,1,2,0
11,8,19,20,11,8,0,2,2,5,1,2,2
11,8,19,20,11,8,0,2,3,4,1,2,1
11,8,19,20,11,8,0,2,4,3,1,2,1
11,8,19,20,11,8,0,2,5,5,0,2,2
11,8,19,20,11,8,0,2,6,6,0,2,2
11,8,19,20,11,11,0,2,1,8,0,1,1
11,8,19,20,11,11,0,2,2,8,0,1,2
11,8,19,20,11,11,0,2,3,3,0,2,1
11,8,19,20,11,11,0,2,4,4,0,2,1
11,8,19,20,11,11,0,2,5,5,0,2,1
11,8,19,20,11,11,0,2,6,4,1,2,1
11,8,19,20,11,11,0,2,7,3,1,2,1
11,8,19,20,11,11,0,2,8,2,1,2,0
11,8,19,20,11,11,0,2,9,8,0,1,2
11,10,21,22,11,10,0,2,1,8,1,2,1
11,10,21,22,11,10,0,2,2,7,1,2,1
11,10,21,22,11,10,0,2,3,6,1,2,1
11,10,21,22,11,10,0,2,4,4,0,2,2
11,10,21,22,11,10,0,2,5,4,1,2,1
11,10,21,22,11,10,0,2,6,3,1,2,1
11,10,21,22,11,10,0,2,7,7,0,2,2
11,10,21,22,11,10,0,2,8,8,0,2,2
11,10,21,22,11,11,0,2,1,9,1,2,2
11,10,21,22,11,11,0,2,2,8,1,2,2
11,10,21,22,11,11,0,2,3,7,1,2,1
11,10,21,22,11,11,0,2,4,4,0,2,2
11,10,21,22,11,11,0,2,5,5,0,2,2
11,10,21,22,11,11,0,2,6,4,1,2,1
11,10,21,22,11,11,0,2,7,7,0,2,2
11,10,21,22,11,11,0,2,8,8,0,2,2
11,10,21,22,11,11,0,2,9,9,0,2,2
11,11,22,23,11,11,0,2,1,9,1,2,1
11,11,22,23,11,11,0,2,2,8,1,2,2
11,11,22,23,11,11,0,2,3,7,1,2,1
11,11,22,23,11,11,0,2,4,4,0,2,2
11,11,22,23,11,11,0,2,5,5,0,2,2
11,11,22,23,11,11,0,2,6,4,1,2,1
11,11,22,23,11,11,0,2,7,7,0,2,2
11,11,22,23,11,11,0,2,8,8,0,2,2
11,11,22,23,11,11,0,2,9,9,0,2,2
11,12,23,24,11,11,0,2,1,9,1,2,1
11,12,23,24,11,11,0,2,2,8,1,2,1
11,12,23,24,11,11,0,2,3,7,1,2,1
11,12,23,24,11,11,0,2,4,4,0,2,1
11,12,23,24,11,11,0,2,5,5,0,2,1
11,12,23,24,11,11,0,2,6,4,1,2,1
11,12,23,24,11,11,0,2,7,3,1,2,1
11,12,23,24,11,11,0,2,8,8,0,2,1
11,12,23,24,11,11,0,2,9,9,0,2,2
11,12,23,24,11,12,0,2,1,10,1,2,2
11,12,23,24,11,12,0,2,2,9,1,2,2
11,12,23,24,11,12,0,2,3,8,1,2,1
11,12,23,24,11,12,0,2,4,4,0,2,2
11,12,23,24,11,12,0,2,5,5,0,2,2
11,12,23,24,11,12,0,2,6,5,1,2,1
11,12,23,24,11,12,0,2,7,4,1,2,2
11,12,23,24,11,12,0,2,8,8,0,2,2
11,12,23,24,11,12,0,2,9,9,0,2,2
11,12,23,24,11,12,0,2,10,10,0,2,2
11,14,25,26,11,11,0,2,1,9,1,2,0
11,14,25,26,11,11,0,2,2,8,1,2,2
11,14,25,26,11,11,0,2,3,7,1,2,1
11,14,25,26,11,11,0,2,4,4,0,2,2
11,14,25,26,11,11,0,2,5,5,0,2,2
11,14,25,26,11,11,0,2,6,4,1,2,1
11,14,25,26,11,11,0,2,7,3,1,2,1
11,14,25,26,11,11,0,2,8,8,0,2,2
11,14,25,26,11,11,0,2,9,9,0,2,2
11,14,25,26,11,14,0,2,1,11,0,1,1
11,14,25,26,11,14,0,2,2,11,0,1,2
11,14,25,26,11,14,0,2,3,3,0,2,1
11,14,25,26,11,14,0,2,4,4,0,2,2
11,14,25,26,11,14,0,2,5,5,0,2,2
11,14,25,26,11,14,0,2,6,6,0,2,2
11,14,25,26,11,14,0,2,7,6,1,2,1
11,14,25,26,11,14,0,2,8,5,1,2,2
11,14,25,26,11,14,0,2,9,4,1,2,1
11,14,25,26,11,14,0,2,10,3,1,2,1
11,14,25,26,11,14,0,2,11,2,1,2,0
11,14,25,26,11,14,0,2,12,11,0,1,2
11,15,26,27,11,11,0,2,1,9,1,2,1
11,15,26,27,11,11,0,2,2,8,1,2,2
11,15,26,27,11,11,0,2,3,7,1,2,1
11,15,26,27,11,11,0,2,4,4,0,2,2
11,15,26,27,11,11,0,2,5,5,0,2,2
11,15,26,27,11,11,0,2,6,4,1,2,2
11,15,26,27,11,11,0,2,7,7,0,2,2
11,15,26,27,11,11,0,2,8,8,0,2,2
11,15,26,27,11,11,0,2,9,9,0,2,2
11,15,26,27,11,15,0,2,1,11,0,1,1
11,15,26,27,11,15,0,2,2,11,0,1,2
11,15,26,27,11,15,0,2,3,3,0,2,1
11,15,26,27,11,15,0,2,4,4,0,2,2
11,15,26,27,11,15,0,2,5,5,0,2,2
11,15,26,27,11,15,0,2,6,6,0,2,1
11,15,26,27,11,15,0,2,7,7,0,2,2
11,15,26,27,11,15,0,2,8,6,1,2,1
11,15,26,27,11,15,0,2,9,5,1,2,2
11,15,26,27,11,15,0,2,10,4,1,2,2
11,15,26,27,11,15,0,2,11,3,1,2,1
11,15,26,27,11,15,0,2,12,11,0,1,2
11,15,26,27,11,15,0,2,13,11,0,1,2
11,16,27,28,11,11,0,2,1,9,1,2,1
11,16,27,28,11,11,0,2,2,8,1,2,2
11,16,27,28,11,11,0,2,3,7,1,2,1
11,16,27,28,11,11,0,2,4,4,0,2,2
11,16,27,28,11,11,0,2,5,5,0,2,2
11,16,27,28,11,11,0,2,6,4,1,2,1
11,16,27,28,11,11,0,2,7,3,1,2,1
11,16,27,28,11,11,0,2,8,8,0,2,2
11,16,27,28,11,11,0,2,9,9,0,2,2
11,16,27,28,11,16,0,2,1,11,0,1,1
11,16,27,28,11,16,0,2,2,11,0,1,1
11,16,27,28,11,16,0,2,3,11,0,1,2
11,16,27,28,11,16,0,2,4,4,0,2,2
11,16,27,28,11,16,0,2,5,5,0,2,2
11,16,27,28,11,16,0,2,6,6,0,2,2
11,16,27,28,11,16,0,2,7,7,0,2,2
11,16,27,28,11,16,0,2,8,7,1,2,1
11,16,27,28,11,16,0,2,9,6,1,2,1
11,16,27,28,11,16,0,2,10,5,1,2,1
11,16,27,28,11,16,0,2,11,4,1,2,1
11,16,27,28,11,16,0,2,12,3,1,2,1
11,16,27,28,11,16,0,2,13,11,0,1,2
11,16,27,28,11,16,0,2,14,11,0,1,1
11,17,28,29,11,11,0,2,1,9,1,2,1
11,17,28,29,11,11,0,2,2,8,1,2,1
11,17,28,29,11,11,0,2,3,7,1,2,1
11,17,28,29,11,11,0,2,4,4,0,2,2
11,17,28,29,11,11,0,2,5,5,0,2,2
11,17,28,29,11,11,0,2,6,4,1,2,1
11,17,28,29,11,11,0,2,7,7,0,2,2
11,17,28,29,11,11,0,2,8,8,0,2,2
11,17,28,29,11,11,0,2,9,9,0,2,2
11,17,28,29,11,17,0,2,1,11,0,1,1
11,17,28,29,11,17,0,2,2,11,0,1,2
11,17,28,29,11,17,0,2,3,11,0,1,2
11,17,28,29,11,17,0,2,4,4,0,2,2
11,17,28,29,11,17,0,2,5,5,0,2,2
11,17,28,29,11,17,0,2,6,6,0,2,2
11,17,28,29,11,17,0,2,7,7,0,2,2
11,17,28,29,11,17,0,2,8,8,0,2,2
11,17,28,29,11,17,0,2,9,7,1,2,2
11,17,28,29,11,17,0,2,10,6,1,2,2
11,17,28,29,11,17,0,2,11,5,1,2,2
11,17,28,29,11,17,0,2,12,4,1,2,2
11,17,28,29,11,17,0,2,13,11,0,1,2
11,17,28,29,11,17,0,2,14,11,0,1,2
11,17,28,29,11,17,0,2,15,11,0,1,2
11,18,29,30,11,11,0,2,1,9,1,2,1
11,18,29,30,11,11,0,2,2,8,1,2,2
11,18,29,30,11,11,0,2,3,3,0,2,1
11,18,29,30,11,11,0,2,4,4,0,2,1
11,18,29,30,11,11,0,2,5,5,0,2,1
11,18,29,30,11,11,0,2,6,4,1,2,1
11,18,29,30,11,11,0,2,7,3,1,2,1
11,18,29,30,11,11,0,2,8,8,0,2,1
11,18,29,30,11,11,0,2,9,9,0,2,1
11,18,29,30,11,18,0,2,1,11,0,1,1
11,18,29,30,11,18,0,2,2,11,0,1,1
11,18,29,30,11,18,0,2,3,11,0,1,1
11,18,29,30,11,18,0,2,4,4,0,2,2
11,18,29,30,11,18,0,2,5,5,0,2,2
11,18,29,30,11,18,0,2,6,6,0,2,2
11,18,29,30,11,18,0,2,7,7,0,2,2
11,18,29,30,11,18,0,2,8,8,0,2,2
11,18,29,30,11,18,0,2,9,8,1,2,1
11,18,29,30,11,18,0,2,10,7,1,2,1
11,18,29,30,11,18,0,2,11,6,1,2,2
11,18,29,30,11,18,0,2,12,5,1,2,1
11,18,29,30,11,18,0,2,13,4,1,2,1
11,18,29,30,11,18,0,2,14,11,0,1,2
11,18,29,30,11,18,0,2,15,11,0,1,1
11,18,29,30,11,18,0,2,16,11,0,1,1
11,19,30,31,11,11,0,2,1,9,1,2,1
11,19,30,31,11,11,0,2,2,8,1,2,2
11,19,30,31,11,11,0,2,3,7,1,2,1
11,19,30,31,11,11,0,2,4,4,0,2,2
11,19,30,31,11,11,0,2,5,5,0,2,2
11,19,30,31,11,11,0,2,6,4,1,2,1
11,19,30,31,11,11,0,2,7,7,0,2,2
11,19,30,31,11,11,0,2,8,8,0,2,2
11,19,30,31,11,11,0,2,9,9,0,2,2
11,19,30,31,11,19,0,2,1,11,0,1,2
11,19,30,31,11,19,0,2,2,11,0,1,2
11,19,30,31,11,19,0,2,3,11,0,1,2
11,19,30,31,11,19,0,2,4,4,0,2,2
11,19,30,31,11,19,0,2,5,5,0,2,2
11,19,30,31,11,19,0,2,6,6,0,2,2
11,19,30,31,11,19,0,2,7,7,0,2,2
11,19,30,31,11,19,0,2,8,8,0,2,2
11,19,30,31,11,19,0,2,9,9,0,2,2
11,19,30,31,11,19,0,2,10,8,1,2,2
11,19,30,31,11,19,0,2,11,7,1,2,3
11,19,30,31,11,19,0,2,12,6,1,2,2
11,19,30,31,11,19,0,2,13,5,1,2,2
11,19,30,31,11,19,0,2,14,11,0,1,2
11,19,30,31,11,19,0,2,15,11,0,1,2
11,19,30,31,11,19,0,2,16,11,0,1,2
11,19,30,31,11,19,0,2,17,11,0,1,2
11,20,31,32,11,11,0,2,1,9,1,2,1
11,20,31,32,11,11,0,2,2,8,1,2,2
11,20,31,32,11,11,0,2,3,7,1,2,1
11,20,31,32,11,11,0,2,4,4,0,2,2
11,20,31,32,11,11,0,2,5,5,0,2,2
11,20,31,32,11,11,0,2,6,4,1,2,1
11,20,31,32,11,11,0,2,7,3,1,2,1
11,20,31,32,11,11,0,2,8,8,0,2,2
11,20,31,32,11,11,0,2,9,9,0,2,2
11,20,31,32,11,20,0,2,1,11,0,1,1
11,20,31,32,11,20,0,2,2,11,0,1,2
11,20,31,32,11,20,0,2,3,11,0,1,2
11,20,31,32,11,20,0,2,4,4,0,2,2
11,20,31,32,11,20,0,2,5,5,0,2,2
11,20,31,32,11,20,0,2,6,6,0,2,2
11,20,31,32,11,20,0,2,7,7,0,2,2
11,20,31,32,11,20,0,2,8,8,0,2,2
11,20,31,32,11,20,0,2,9,9,0,2,2
11,20,31,32,11,20,0,2,10,9,1,2,1
11,20,31,32,11,20,0,2,11,8,1,2,1
11,20,31,32,11,20,0,2,12,7,1,2,1
11,20,31,32,11,20,0,2,13,6,1,2,1
11,20,31,32,11,20,0,2,14,5,1,2,1
11,20,31,32,11,20,0,2,15,4,1,2,1
11,20,31,32,11,20,0,2,16,3,1,2,1
11,20,31,32,11,20,0,2,17,11,0,1,2
11,20,31,32,11,20,0,2,18,11,0,1,2
11,21,32,33,11,11,0,2,1,9,1,2,1
11,21,32,33,11,11,0,2,2,8,1,2,2
11,21,32,33,11,11,0,2,3,7,1,2,1
11,21,32,33,11,11,0,2,4,4,0,2,2
11,21,32,33,11,11,0,2,5,5,0,2,2
11,21,32,33,11,11,0,2,6,4,1,2,1
11,21,32,33,11,11,0,2,7,7,0,2,2
11,21,32,33,11,11,0,2,8,8,0,2,2
11,21,32,33,11,11,0,2,9,9,0,2,2
11,21,32,33,11,21,0,2,1,11,0,1,1
11,21,32,33,11,21,0,2,2,11,0,1,2
11,21,32,33,11,21,0,2,3,11,0,1,1
11,21,32,33,11,21,0,2,4,4,0,2,2
11,21,32,33,11,21,0,2,5,5,0,2,2
11,21,32,33,11,21,0,2,6,6,0,2,2
11,21,32,33,11,21,0,2,7,7,0,2,2
11,21,32,33,11,21,0,2,8,8,0,2,2
11,21,32,33,11,21,0,2,9,9,0,2,2
11,21,32,33,11,21,0,2,10,10,0,2,2
11,21,32,33,11,21,0,2,11,9,1,2,2
11,21,32,33,11,21,0,2,12,8,1,2,2
11,21,32,33,11,21,0,2,13,7,1,2,2
11,21,32,33,11,21,0,2,14,6,1,2,1
11,21,32,33,11,21,0,2,15,5,1,2,2
11,21,32,33,11,21,0,2,16,4,1,2,2
11,21,32,33,11,21,0,2,17,11,0,1,2
11,21,32,33,11,21,0,2,18,11,0,1,2
11,21,32,33,11,21,0,2,19,11,0,1,2
11,22,33,34,11,11,0,2,1,9,1,2,1
11,22,33,34,11,11,0,2,2,8,1,2,2
11,22,33,34,11,11,0,2,3,7,1,2,1
11,22,33,34,11,11,0,2,4,4,0,2,2
11,22,33,34,11,11,0,2,5,5,0,2,2
11,22,33,34,11,11,0,2,6,4,1,2,1
11,22,33,34,11,11,0,2,7,3,1,2,1
11,22,33,34,11,11,0,2,8,8,0,2,2
11,22,33,34,11,11,0,2,9,9,0,2,2
11,22,33,34,11,22,0,2,1,11,0,1,1
11,22,33,34,11,22,0,2,2,11,0,1,1
11,22,33,34,11,22,0,2,3,11,0,1,2
11,22,33,34,11,22,0,2,4,4,0,2,2
11,22,33,34,11,22,0,2,5,5,0,2,2
11,22,33,34,11,22,0,2,6,6,0,2,2
11,22,33,34,11,22,0,2,7,7,0,2,2
11,22,33,34,11,22,0,2,8,8,0,2,2
11,22,33,34,11,22,0,2,9,9,0,2,2
11,22,33,34,11,22,0,2,10,10,0,2,2
11,22,33,34,11,22,0,2,11,10,1,2,1
11,22,33,34,11,22,0,2,12,9,1,2,1
11,22,33,34,11,22,0,2,13,8,1,2,1
11,22,33,34,11,22,0,2,14,7,1,2,1
11,22,33,34,11,22,0,2,15,6,1,2,1
11,22,33,34,11,22,0,2,16,5,1,2,1
11,22,33,34,11,22,0,2,17,4,1,2,1
11,22,33,34,11,22,0,2,18,3,1,2,1
11,22,33,34,11,22,0,2,19,11,0,1,2
11,22,33,34,11,22,0,2,20,11,0,1,1
11,23,34,35,11,11,0,2,1,9,1,2,0
11,23,34,35,11,11,0,2,2,8,1,2,1
11,23,34,35,11,11,0,2,3,7,1,2,1
11,23,34,35,11,11,0,2,4,4,0,2,2
11,23,34,35,11,11,0,2,5,5,0,2,2
11,23,34,35,11,11,0,2,6,4,1,2,1
11,23,34,35,11,11,0,2,7,3,1,2,1
11,23,34,35,11,11,0,2,8,8,0,2,2
11,23,34,35,11,11,0,2,9,9,0,2,2
11,23,34,35,11,23,0,2,1,11,0,1,1
11,23,34,35,11,23,0,2,2,11,0,1,2
11,23,34,35,11,23,0,2,3,11,0,1,2
11,23,34,35,11,23,0,2,4,4,0,2,2
11,23,34,35,11,23,0,2,5,5,0,2,2
11,23,34,35,11,23,0,2,6,6,0,2,2
11,23,34,35,11,23,0,2,7,7,0,2,2
11,23,34,35,11,23,0,2,8,8,0,2,2
11,23,34,35,11,23,0,2,9,9,0,2,2
11,23,34,35,11,23,0,2,10,10,0,2,2
11,23,34,35,11,23,0,2,11,11,0,1,2
11,23,34,35,11,23,0,2,12,10,1,2,2
11,23,34,35,11,23,0,2,13,9,1,2,2
11,23,34,35,11,23,0,2,14,8,1,2,2
11,23,34,35,11,23,0,2,15,7,1,2,2
11,23,34,35,11,23,0,2,16,6,1,2,2
11,23,34,35,11,23,0,2,17,5,1,2,1
11,23,34,35,11,23,0,2,18,4,1,2,2
11,23,34,35,11,23,0,2,19,3,1,2,1
11,23,34,35,11,23,0,2,20,11,0,1,2
11,23,34,35,11,23,0,2,21,11,0,1,2
11,24,35,36,11,11,0,2,1,9,1,2,1
11,24,35,36,11,11,0,2,2,8,1,2,2
11,24,35,36,11,11,0,2,3,7,1,2,1
11,24,35,36,11,11,0,2,4,4,0,2,2
11,24,35,36,11,11,0,2,5,5,0,2,2
11,24,35,36,11,11,0,2,6,4,1,2,1
11,24,35,36,11,11,0,2,7,3,1,2,1
11,24,35,36,11,11,0,2,8,8,0,2,2
11,24,35,36,11,11,0,2,9,9,0,2,2
11,24,35,36,11,24,0,2,1,11,0,1,1
11,24,35,36,11,24,0,2,2,11,0,1,1
11,24,35,36,11,24,0,2,3,11,0,1,1
11,24,35,36,11,24,0,2,4,4,0,2,1
11,24,35,36,11,24,0,2,5,5,0,2,1
11,24,35,36,11,24,0,2,6,6,0,2,2
11,24,35,36,11,24,0,2,7,7,0,2,2
11,24,35,36,11,24,0,2,8,8,0,2,2
11,24,35,36,11,24,0,2,9,9,0,2,2
11,24,35,36,11,24,0,2,10,10,0,2,2
11,24,35,36,11,24,0,2,11,11,0,1,1
11,24,35,36,11,24,0,2,12,11,0,1,2
11,24,35,36,11,24,0,2,13,10,1,2,1
11,24,35,36,11,24,0,2,14,9,1,2,2
11,24,35,36,11,24,0,2,15,8,1,2,1
11,24,35,36,11,24,0,2,16,7,1,2,1
11,24,35,36,11,24,0,2,17,6,1,2,2
11,24,35,36,11,24,0,2,18,5,1,2,1
11,24,35,36,11,24,0,2,19,4,1,2,1
11,24,35,36,11,24,0,2,20,3,1,2,1
11,24,35,36,11,24,0,2,21,11,0,1,1
11,24,35,36,11,24,0,2,22,11,0,1,2
11,25,36,37,11,11,0,2,1,9,1,2,1
11,25,36,37,11,11,0,2,2,8,1,2,2
11,25,36,37,11,11,0,2,3,7,1,2,1
11,25,36,37,11,11,0,2,4,4,0,2,2
11,25,36,37,11,11,0,2,5,5,0,2,2
11,25,36,37,11,11,0,2,6,4,1,2,1
11,25,36,37,11,11,0,2,7,7,0,2,2
11,25,36,37,11,11,0,2,8,8,0,2,2
11,25,36,37,11,11,0,2,9,9,0,2,2
11,25,36,37,11,25,0,2,1,11,0,1,1
11,25,36,37,11,25,0,2,2,11,0,1,2
11,25,36,37,11,25,0,2,3,11,0,1,1
11,25,36,37,11,25,0,2,4,4,0,2,2
11,25,36,37,11,25,0,2,5,5,0,2,2
11,25,36,37,11,25,0,2,6,6,0,2,2
11,25,36,37,11,25,0,2,7,7,0,2,2
11,25,36,37,11,25,0,2,8,8,0,2,2
11,25,36,37,11,25,0,2,9,9,0,2,2
11,25,36,37,11,25,0,2,10,10,0,2,2
11,25,36,37,11,25,0,2,11,11,0,1,2
11,25,36,37,11,25,0,2,12,11,0,1,2
11,25,36,37,11,25,0,2,13,11,0,1,2
11,25,36,37,11,25,0,2,14,10,1,2,2
11,25,36,37,11,25,0,2,15,9,1,2,2
11,25,36,37,11,25,0,2,16,8,1,2,2
11,25,36,37,11,25,0,2,17,7,1,2,2
11,25,36,37,11,25,0,2,18,6,1,2,2
11,25,36,37,11,25,0,2,19,5,1,2,2
11,25,36,37,11,25,0,2,20,4,1,2,2
11,25,36,37,11,25,0,2,21,11,0,1,2
11,25,36,37,11,25,0,2,22,11,0,1,2
11,25,36,37,11,25,0,2,23,11,0,1,2
11,26,37,38,11,11,0,2,1,9,1,2,1
11,26,37,38,11,11,0,2,2,8,1,2,2
11,26,37,38,11,11,0,2,3,7,1,2,1
11,26,37,38,11,11,0,2,4,4,0,2,2
11,26,37,38,11,11,0,2,5,5,0,2,2
11,26,37,38,11,11,0,2,6,4,1,2,1
11,26,37,38,11,11,0,2,7,3,1,2,1
11,26,37,38,11,11,0,2,8,8,0,2,2
11,26,37,38,11,11,0,2,9,9,0,2,2
11,26,37,38,11,26,0,2,1,11,0,1,1
11,26,37,38,11,26,0,2,2,11,0,1,1
11,26,37,38,11,26,0,2,3,11,0,1,2
11,26,37,38,11,26,0,2,4,4,0,2,1
11,26,37,38,11,26,0,2,5,5,0,2,2
11,26,37,38,11,26,0,2,6,6,0,2,2
11,26,37,38,11,26,0,2,7,7,0,2,1
11,26,37,38,11,26,0,2,8,8,0,2,2
11,26,37,38,11,26,0,2,9,9,0,2,2
11,26,37,38,11,26,0,2,10,10,0,2,1
11,26,37,38,11,26,0,2,11,11,0,1,2
11,26,37,38,11,26,0,2,12,11,0,1,2
11,26,37,38,11,26,0,2,13,11,0,1,2
11,26,37,38,11,26,0,2,14,11,0,1,1
11,26,37,38,11,26,0,2,15,10,1,2,1
11,26,37,38,11,26,0,2,16,9,1,2,1
11,26,37,38,11,26,0,2,17,8,1,2,1
11,26,37,38,11,26,0,2,18,7,1,2,1
11,26,37,38,11,26,0,2,19,6,1,2,1
11,26,37,38,11,26,0,2,20,5,1,2,1
11,26,37,38,11,26,0,2,21,4,1,2,1
11,26,37,38,11,26,0,2,22,3,1,2,1
11,26,37,38,11,26,0,2,23,11,0,1,2
11,26,37,38,11,26,0,2,24,11,0,1,2
11,27,38,39,11,11,0,2,1,9,1,2,1
11,27,38,39,11,11,0,2,2,8,1,2,2
11,27,38,39,11,11,0,2,3,7,1,2,1
11,27,38,39,11,11,0,2,4,4,0,2,2
11,27,38,39,11,11,0,2,5,5,0,2,2
11,27,38,39,11,11,0,2,6,4,1,2,1
11,27,38,39,11,11,0,2,7,7,0,2,2
11,27,38,39,11,11,0,2,8,8,0,2,2
11,27,38,39,11,11,0,2,9,9,0,2,2
11,27,38,39,11,27,0,2,1,11,0,1,1
11,27,38,39,11,27,0,2,2,11,0,1,2
11,27,38,39,11,27,0,2,3,11,0,1,1
11,27,38,39,11,27,0,2,4,4,0,2,2
11,27,38,39,11,27,0,2,5,5,0,2,2
11,27,38,39,11,27,0,2,6,6,0,2,2
11,27,38,39,11,27,0,2,7,7,0,2,2
11,27,38,39,11,27,0,2,8,8,0,2,2
11,27,38,39,11,27,0,2,9,9,0,2,2
11,27,38,39,11,27,0,2,10,10,0,2,2
11,27,38,39,11,27,0,2,11,11,0,1,2
11,27,38,39,11,27,0,2,12,11,0,1,2
11,27,38,39,11,27,0,2,13,11,0,1,2
11,27,38,39,11,27,0,2,14,11,0,1,2
11,27,38,39,11,27,0,2,15,11,0,1,2
11,27,38,39,11,27,0,2,16,10,1,2,2
11,27,38,39,11,27,0,2,17,9,1,2,2
11,27,38,39,11,27,0,2,18,8,1,2,2
11,27,38,39,11,27,0,2,19,7,1,2,2
11,27,38,39,11,27,0,2,20,6,1,2,2
11,27,38,39,11,27,0,2,21,5,1,2,2
11,27,38,39,11,27,0,2,22,4,1,2,2
11,27,38,39,11,27,0,2,23,11,0,1,2
11,27,38,39,11,27,0,2,24,11,0,1,2
11,27,38,39,11,27,0,2,25,11,0,1,2
11,28,39,40,11,11,0,2,1,9,1,2,1
11,28,39,40,11,11,0,2,2,8,1,2,2
11,28,39,40,11,11,0,2,3,7,1,2,1
11,28,39,40,11,11,0,2,4,4,0,2,2
11,28,39,40,11,11,0,2,5,5,0,2,2
11,28,39,40,11,11,0,2,6,4,1,2,1
11,28,39,40,11,11,0,2,7,3,1,2,1
11,28,39,40,11,11,0,2,8,8,0,2,2
11,28,39,40,11,11,0,2,9,9,0,2,2
11,28,39,40,11,28,0,2,1,11,0,1,1
11,28,39,40,11,28,0,2,2,11,0,1,1
11,28,39,40,11,28,0,2,3,11,0,1,1
11,28,39,40,11,28,0,2,4,4,0,2,2
11,28,39,40,11,28,0,2,5,5,0,2,2
11,28,39,40,11,28,0,2,6,6,0,2,2
11,28,39,40,11,28,0,2,7,7,0,2,2
11,28,39,40,11,28,0,2,8,8,0,2,2
11,28,39,40,11,28,0,2,9,9,0,2,2
11,28,39,40,11,28,0,2,10,10,0,2,2
11,28,39,40,11,28,0,2,11,11,0,1,2
11,28,39,40,11,28,0,2,12,11,0,1,1
11,28,39,40,11,28,0,2,13,11,0,1,2
11,28,39,40,11,28,0,2,14,11,0,1,2
11,28,39,40,11,28,0,2,15,11,0,1,1
11,28,39,40,11,28,0,2,16,11,0,1,2
11,28,39,40,11,28,0,2,17,10,1,2,1
11,28,39,40,11,28,0,2,18,9,1,2,1
11,28,39,40,11,28,0,2,19,8,1,2,1
11,28,39,40,11,28,0,2,20,7,1,2,1
11,28,39,40,11,28,0,2,21,6,1,2,1
11,28,39,40,11,28,0,2,22,5,1,2,1
11,28,39,40,11,28,0,2,23,4,1,2,1
11,28,39,40,11,28,0,2,24,3,1,2,1
11,28,39,40,11,28,0,2,25,11,0,1,2
11,28,39,40,11,28,0,2,26,11,0,1,2
11,29,40,41,11,11,0,2,1,9,1,2,0
11,29,40,41,11,11,0,2,2,8,1,2,1
11,29,40,41,11,11,0,2,3,7,1,2,1
11,29,40,41,11,11,0,2,4,4,0,2,2
11,29,40,41,11,11,0,2,5,5,0,2,2
11,29,40,41,11,11,0,2,6,4,1,2,1
11,29,40,41,11,11,0,2,7,3,1,2,1
11,29,40,41,11,11,0,2,8,8,0,2,2
11,29,40,41,11,11,0,2,9,9,0,2,2
11,29,40,41,11,29,0,2,1,11,0,1,1
11,29,40,41,11,29,0,2,2,11,0,1,2
11,29,40,41,11,29,0,2,3,11,0,1,2
11,29,40,41,11,29,0,2,4,4,0,2,2
11,29,40,41,11,29,0,2,5,5,0,2,2
11,29,40,41,11,29,0,2,6,6,0,2,2
11,29,40,41,11,29,0,2,7,7,0,2,2
11,29,40,41,11,29,0,2,8,8,0,2,2
11,29,40,41,11,29,0,2,9,9,0,2,2
11,29,40,41,11,29,0,2,10,10,0,2,2
11,29,40,41,11,29,0,2,11,11,0,1,2
11,29,40,41,11,29,0,2,12,11,0,1,2
11,29,40,41,11,29,0,2,13,11,0,1,2
11,29,40,41,11,29,0,2,14,11,0,1,2
11,29,40,41,11,29,0,2,15,11,0,1,2
11,29,40,41,11,29,0,2,16,11,0,1,2
11,29,40,41,11,29,0,2,17,11,0,1,2
11,29,40,41,11,29,0,2,18,10,1,2,2
11,29,40,41,11,29,0,2,19,9,1,2,2
11,29,40,41,11,29,0,2,20,8,1,2,2
11,29,40,41,11,29,0,2,21,7,1,2,2
11,29,40,41,11,29,0,2,22,6,1,2,1
11,29,40,41,11,29,0,2,23,5,1,2,2
11,29,40,41,11,29,0,2,24,4,1,2,2
11,29,40,41,11,29,0,2,25,3,1,2,1
11,29,40,41,11,29,0,2,26,11,0,1,2
11,29,40,41,11,29,0,2,27,11,0,1,2
11,30,41,42,11,11,0,2,1,9,1,2,1
11,30,41,42,11,11,0,2,2,8,1,2,2
11,30,41,42,11,11,0,2,3,7,1,2,1
11,30,41,42,11,11,0,2,4,4,0,2,2
11,30,41,42,11,11,0,2,5,5,0,2,2
11,30,41,42,11,11,0,2,6,4,1,2,1
11,30,41,42,11,11,0,2,7,3,1,2,1
11,30,41,42,11,11,0,2,8,8,0,2,2
11,30,41,42,11,11,0,2,9,9,0,2,2
11,30,41,42,11,30,0,2,1,11,0,1,1
11,30,41,42,11,30,0,2,2,11,0,1,1
11,30,41,42,11,30,0,2,3,11,0,1,1
11,30,41,42,11,30,0,2,4,4,0,2,2
11,30,41,42,11,30,0,2,5,5,0,2,2
11,30,41,42,11,30,0,2,6,6,0,2,2
11,30,41,42,11,30,0,2,7,7,0,2,1
11,30,41,42,11,30,0,2,8,8,0,2,1
11,30,41,42,11,30,0,2,9,9,0,2,2
11,30,41,42,11,30,0,2,10,10,0,2,2
11,30,41,42,11,30,0,2,11,11,0,1,1
11,30,41,42,11,30,0,2,12,11,0,1,2
11,30,41,42,11,30,0,2,13,11,0,1,2
11,30,41,42,11,30,0,2,14,11,0,1,2
11,30,41,42,11,30,0,2,15,11,0,1,2
11,30,41,42,11,30,0,2,16,11,0,1,2
11,30,41,42,11,30,0,2,17,11,0,1,2
11,30,41,42,11,30,0,2,18,11,0,1,2
11,30,41,42,11,30,0,2,19,10,1,2,1
11,30,41,42,11,30,0,2,20,9,1,2,1
11,30,41,42,11,30,0,2,21,8,1,2,1
11,30,41,42,11,30,0,2,22,7,1,2,1
11,30,41,42,11,30,0,2,23,6,1,2,1
11,30,41,42,11,30,0,2,24,5,1,2,1
11,30,41,42,11,30,0,2,25,4,1,2,1
11,30,41,42,11,30,0,2,26,3,1,2,1
11,30,41,42,11,30,0,2,27,11,0,1,2
11,30,41,42,11,30,0,2,28,11,0,1,2
11,31,42,43,11,11,0,2,1,9,1,2,1
11,31,42,43,11,11,0,2,2,8,1,2,2
11,31,42,43,11,11,0,2,3,7,1,2,1
11,31,42,43,11,11,0,2,4,4,0,2,2
11,31,42,43,11,11,0,2,5,5,0,2,2
11,31,42,43,11,11,0,2,6,4,1,2,1
11,31,42,43,11,11,0,2,7,7,0,2,2
11,31,42,43,11,11,0,2,8,8,0,2,2
11,31,42,43,11,11,0,2,9,9,0,2,2
11,31,42,43,11,31,0,2,1,11,0,1,1
11,31,42,43,11,31,0,2,2,11,0,1,2
11,31,42,43,11,31,0,2,3,11,0,1,1
11,31,42,43,11,31,0,2,4,4,0,2,2
11,31,42,43,11,31,0,2,5,5,0,2,2
11,31,42,43,11,31,0,2,6,6,0,2,2
11,31,42,43,11,31,0,2,7,7,0,2,2
11,31,42,43,11,31,0,2,8,8,0,2,2
11,31,42,43,11,31,0,2,9,9,0,2,2
11,31,42,43,11,31,0,2,10,10,0,2,2
11,31,42,43,11,31,0,2,11,11,0,1,2
11,31,42,43,11,31,0,2,12,11,0,1,2
11,31,42,43,11,31,0,2,13,11,0,1,2
11,31,42,43,11,31,0,2,14,11,0,1,2
11,31,42,43,11,31,0,2,15,11,0,1,2
11,31,42,43,11,31,0,2,16,11,0,1,2
11,31,42,43,11,31,0,2,17,11,0,1,2
11,31,42,43,11,31,0,2,18,11,0,1,2
11,31,42,43,11,31,0,2,19,11,0,1,2
11,31,42,43,11,31,0,2,20,10,1,2,2
11,31,42,43,11,31,0,2,21,9,1,2,2
11,31,42,43,11,31,0,2,22,8,1,2,2
11,31,42,43,11,31,0,2,23,7,1,2,2
11,31,42,43,11,31,0,2,24,6,1,2,2
11,31,42,43,11,31,0,2,25,5,1,2,2
11,31,42,43,11,31,0,2,26,4,1,2,2
11,31,42,43,11,31,0,2,27,11,0,1,2
11,31,42,43,11,31,0,2,28,11,0,1,2
11,31,42,43,11,31,0,2,29,11,0,1,2
11,32,43,44,11,11,0,2,1,9,1,2,1
11,32,43,44,11,11,0,2,2,8,1,2,2
11,32,43,44,11,11,0,2,3,7,1,2,1
11,32,43,44,11,11,0,2,4,4,0,2,2
11,32,43,44,11,11,0,2,5,5,0,2,2
11,32,43,44,11,11,0,2,6,4,1,2,1
11,32,43,44,11,11,0,2,7,3,1,2,1
11,32,43,44,11,11,0,2,8,8,0,2,2
11,32,43,44,11,11,0,2,9,9,0,2,2
11,32,43,44,11,32,0,2,1,11,0,1,1
11,32,43,44,11,32,0,2,2,11,0,1,1
11,32,43,44,11,32,0,2,3,11,0,1,2
11,32,43,44,11,32,0,2,4,4,0,2,2
11,32,43,44,11,32,0,2,5,5,0,2,2
11,32,43,44,11,32,0,2,6,6,0,2,2
11,32,43,44,11,32,0,2,7,7,0,2,2
11,32,43,44,11,32,0,2,8,8,0,2,2
11,32,43,44,11,32,0,2,9,9,0,2,2
11,32,43,44,11,32,0,2,10,10,0,2,1
11,32,43,44,11,32,0,2,11,11,0,1,2
11,32,43,44,11,32,0,2,12,11,0,1,2
11,32,43,44,11,32,0,2,13,11,0,1,2
11,32,43,44,11,32,0,2,14,11,0,1,2
11,32,43,44,11,32,0,2,15,11,0,1,2
11,32,43,44,11,32,0,2,16,11,0,1,2
11,32,43,44,11,32,0,2,17,11,0,1,1
11,32,43,44,11,32,0,2,18,11,0,1,2
11,32,43,44,11,32,0,2,19,11,0,1,2
11,32,43,44,11,32,0,2,20,11,0,1,2
11,32,43,44,11,32,0,2,21,10,1,2,1
11,32,43,44,11,32,0,2,22,9,1,2,1
11,32,43,44,11,32,0,2,23,8,1,2,1
11,32,43,44,11,32,0,2,24,7,1,2,1
11,32,43,44,11,32,0,2,25,6,1,2,1
11,32,43,44,11,32,0,2,26,5,1,2,1
11,32,43,44,11,32,0,2,27,4,1,2,1
11,32,43,44,11,32,0,2,28,3,1,2,1
11,32,43,44,11,32,0,2,29,11,0,1,2
11,32,43,44,11,32,0,2,30,11,0,1,2
11,33,44,45,11,11,0,2,1,9,1,2,1
11,33,44,45,11,11,0,2,2,8,1,2,2
11,33,44,45,11,11,0,2,3,7,1,2,1
11,33,44,45,11,11,0,2,4,4,0,2,2
11,33,44,45,11,11,0,2,5,5,0,2,2
11,33,44,45,11,11,0,2,6,4,1,2,1
11,33,44,45,11,11,0,2,7,7,0,2,2
11,33,44,45,11,11,0,2,8,8,0,2,2
11,33,44,45,11,11,0,2,9,9,0,2,2
11,33,44,45,11,33,0,2,1,11,0,1,1
11,33,44,45,11,33,0,2,2,11,0,1,2
11,33,44,45,11,33,0,2,3,11,0,1,1
11,33,44,45,11,33,0,2,4,4,0,2,2
11,33,44,45,11,33,0,2,5,5,0,2,2
11,33,44,45,11,33,0,2,6,6,0,2,2
11,33,44,45,11,33,0,2,7,7,0,2,2
11,33,44,45,11,33,0,2,8,8,0,2,2
11,33,44,45,11,33,0,2,9,9,0,2,2
11,33,44,45,11,33,0,2,10,10,0,2,2
11,33,44,45,11,33,0,2,11,11,0,1,2
11,33,44,45,11,33,0,2,12,11,0,1,2
11,33,44,45,11,33,0,2,13,11,0,1,2
11,33,44,45,11,33,0,2,14,11,0,1,2
11,33,44,45,11,33,0,2,15,11,0,1,2
11,33,44,45,11,33,0,2,16,11,0,1,2
11,33,44,45,11,33,0,2,17,11,0,1,2
11,33,44,45,11,33,0,2,18,11,0,1,2
11,33,44,45,11,33,0,2,19,11,0,1,2
11,33,44,45,11,33,0,2,20,11,0,1,2
11,33,44,45,11,33,0,2,21,11,0,1,2
11,33,44,45,11,33,0,2,22,10,1,2,2
11,33,44,45,11,33,0,2,23,9,1,2,2
11,33,44,45,11,33,0,2,24,8,1,2,2
11,33,44,45,11,33,0,2,25,7,1,2,2
11,33,44,45,11,33,0,2,26,6,1,2,2
11,33,44,45,11,33,0,2,27,5,1,2,2
11,33,44,45,11,33,0,2,28,4,1,2,2
11,33,44,45,11,33,0,2,29,11,0,1,2
11,33,44,45,11,33,0,2,30,11,0,1,2
11,33,44,45,11,33,0,2,31,11,0,1,2
12,2,14,15,12,12,0,2,1,10,1,2,1
12,2,14,15,12,12,0,2,2,9,1,2,2
12,2,14,15,12,12,0,2,3,3,0,2,1
12,2,14,15,12,12,0,2,4,4,0,2,1
12,2,14,15,12,12,0,2,5,5,0,2,2
12,2,14,15,12,12,0,2,6,5,1,2,2
12,2,14,15,12,12,0,2,7,4,1,2,1
12,2,14,15,12,12,0,2,8,3,1,2,1
12,2,14,15,12,12,0,2,9,9,0,2,1
12,2,14,15,12,12,0,2,10,10,0,2,1
12,3,15,16,12,3,0,2,1,12,0,1,1
12,3,15,16,12,12,0,2,1,3,0,1,1
12,3,15,16,12,12,0,2,2,9,1,2,7
12,3,15,16,12,12,0,2,3,8,1,2,1
12,3,15,16,12,12,0,2,4,4,0,2,2
12,3,15,16,12,12,0,2,5,5,0,2,2
12,3,15,16,12,12,0,2,6,5,1,2,1
12,3,15,16,12,12,0,2,7,4,1,2,2
12,3,15,16,12,12,0,2,8,3,1,2,1
12,3,15,16,12,12,0,2,9,9,0,2,2
12,3,15,16,12,12,0,2,10,10,0,2,2
12,4,16,17,12,4,0,2,1,12,0,1,2
12,4,16,17,12,4,0,2,2,12,0,1,3
12,4,16,17,12,12,0,2,1,4,0,1,1
12,4,16,17,12,12,0,2,2,9,1,2,7
12,4,16,17,12,12,0,2,3,4,0,1,1
12,4,16,17,12,12,0,2,4,7,1,2,3
12,4,16,17,12,12,0,2,5,5,0,2,1
12,4,16,17,12,12,0,2,6,4,0,1,1
12,4,16,17,12,12,0,2,7,7,0,2,3
12,4,16,17,12,12,0,2,8,4,0,1,1
12,4,16,17,12,12,0,2,9,9,0,2,2
12,4,16,17,12,12,0,2,10,4,0,1,1
12,5,17,18,12,5,0,2,1,3,1,2,1
12,5,17,18,12,5,0,2,2,12,0,1,2
12,5,17,18,12,5,0,2,3,12,0,1,2
12,5,17,18,12,12,0,2,1,5,0,1,1
12,5,17,18,12,12,0,2,2,5,0,1,2
12,5,17,18,12,12,0,2,3,5,0,1,2
12,5,17,18,12,12,0,2,4,4,0,2,2
12,5,17,18,12,12,0,2,5,5,0,1,2
12,5,17,18,12,12,0,2,6,5,0,1,2
12,5,17,18,12,12,0,2,7,4,1,2,1
12,5,17,18,12,12,0,2,8,5,0,1,2
12,5,17,18,12,12,0,2,9,5,0,1,2
12,5,17,18,12,12,0,2,10,5,0,1,2
12,6,18,19,12,6,0,2,1,4,1,2,1
12,6,18,19,12,6,0,2,2,12,0,1,2
12,6,18,19,12,6,0,2,3,12,0,1,1
12,6,18,19,12,6,0,2,4,4,0,2,2
12,6,18,19,12,12,0,2,1,6,0,1,2
12,6,18,19,12,12,0,2,2,6,0,1,3
12,6,18,19,12,12,0,2,3,6,0,1,2
12,6,18,19,12,12,0,2,4,4,0,2,2
12,6,18,19,12,12,0,2,5,5,0,2,2
12,6,18,19,12,12,0,2,6,5,1,2,2
12,6,18,19,12,12,0,2,7,4,1,2,2
12,6,18,19,12,12,0,2,8,6,0,1,2
12,6,18,19,12,12,0,2,9,6,0,1,2
12,6,18,19,12,12,0,2,10,6,0,1,3
12,7,19,20,12,7,0,2,1,5,1,2,1
12,7,19,20,12,7,0,2,2,4,1,2,2
12,7,19,20,12,7,0,2,3,3,1,2,1
12,7,19,20,12,7,0,2,4,4,0,2,2
12,7,19,20,12,7,0,2,5,5,0,2,2
12,7,19,20,12,12,0,2,1,7,0,1,1
12,7,19,20,12,12,0,2,2,7,0,1,1
12,7,19,20,12,12,0,2,3,7,0,1,2
12,7,19,20,12,12,0,2,4,4,0,2,1
12,7,19,20,12,12,0,2,5,5,0,2,2
12,7,19,20,12,12,0,2,6,5,1,2,2
12,7,19,20,12,12,0,2,7,4,1,2,1
12,7,19,20,12,12,0,2,8,3,1,2,1
12,7,19,20,12,12,0,2,9,7,0,1,2
12,7,19,20,12,12,0,2,10,7,0,1,2
12,8,20,21,12,8,0,2,1,6,1,2,1
12,8,20,21,12,8,0,2,2,5,1,2,2
12,8,20,21,12,8,0,2,3,4,1,2,2
12,8,20,21,12,8,0,2,4,3,1,2,1
12,8,20,21,12,8,0,2,5,5,0,2,2
12,8,20,21,12,8,0,2,6,6,0,2,2
12,8,20,21,12,12,0,2,1,8,0,1,2
12,8,20,21,12,12,0,2,2,8,0,1,2
12,8,20,21,12,12,0,2,3,3,0,2,1
12,8,20,21,12,12,0,2,4,4,0,2,1
12,8,20,21,12,12,0,2,5,5,0,2,2
12,8,20,21,12,12,0,2,6,5,1,2,2
12,8,20,21,12,12,0,2,7,4,1,2,1
12,8,20,21,12,12,0,2,8,3,1,2,1
12,8,20,21,12,12,0,2,9,8,0,1,2
12,8,20,21,12,12,0,2,10,8,0,1,2
12,9,21,22,12,9,0,2,1,7,1,2,0
12,9,21,22,12,9,0,2,2,6,1,2,2
12,9,21,22,12,9,0,2,3,5,1,2,1
12,9,21,22,12,9,0,2,4,4,0,2,2
12,9,21,22,12,9,0,2,5,5,0,2,2
12,9,21,22,12,9,0,2,6,6,0,2,2
12,9,21,22,12,9,0,2,7,7,0,2,2
12,9,21,22,12,12,0,2,1,9,0,1,1
12,9,21,22,12,12,0,2,2,9,0,1,2
12,9,21,22,12,12,0,2,3,3,0,2,1
12,9,21,22,12,12,0,2,4,4,0,2,2
12,9,21,22,12,12,0,2,5,5,0,2,2
12,9,21,22,12,12,0,2,6,5,1,2,1
12,9,21,22,12,12,0,2,7,4,1,2,1
12,9,21,22,12,12,0,2,8,8,0,2,2
12,9,21,22,12,12,0,2,9,2,1,2,0
12,9,21,22,12,12,0,2,10,9,0,1,2
12,11,23,24,12,11,0,2,1,9,1,2,1
12,11,23,24,12,11,0,2,2,8,1,2,1
12,11,23,24,12,11,0,2,3,7,1,2,1
12,11,23,24,12,11,0,2,4,4,0,2,1
12,11,23,24,12,11,0,2,5,5,0,2,1
12,11,23,24,12,11,0,2,6,4,1,2,1
12,11,23,24,12,11,0,2,7,3,1,2,1
12,11,23,24,12,11,0,2,8,8,0,2,1
12,11,23,24,12,11,0,2,9,9,0,2,2
12,11,23,24,12,12,0,2,1,10,1,2,2
12,11,23,24,12,12,0,2,2,9,1,2,2
12,11,23,24,12,12,0,2,3,8,1,2,1
12,11,23,24,12,12,0,2,4,4,0,2,2
12,11,23,24,12,12,0,2,5,5,0,2,2
12,11,23,24,12,12,0,2,6,5,1,2,1
12,11,23,24,12,12,0,2,7,4,1,2,2
12,11,23,24,12,12,0,2,8,8,0,2,2
12,11,23,24,12,12,0,2,9,9,0,2,2
12,11,23,24,12,12,0,2,10,10,0,2,2
12,12,24,25,12,12,0,2,1,10,1,2,1
12,12,24,25,12,12,0,2,2,9,1,2,2
12,12,24,25,12,12,0,2,3,8,1,2,1
12,12,24,25,12,12,0,2,4,4,0,2,2
12,12,24,25,12,12,0,2,5,5,0,2,2
12,12,24,25,12,12,0,2,6,5,1,2,1
12,12,24,25,12,12,0,2,7,4,1,2,1
12,12,24,25,12,12,0,2,8,8,0,2,2
12,12,24,25,12,12,0,2,9,9,0,2,2
12,12,24,25,12,12,0,2,10,10,0,2,2
12,13,25,26,12,12,0,2,1,10,1,2,1
12,13,25,26,12,12,0,2,2,9,1,2,2
12,13,25,26,12,12,0,2,3,8,1,2,1
12,13,25,26,12,12,0,2,4,4,0,2,2
12,13,25,26,12,12,0,2,5,5,0,2,2
12,13,25,26,12,12,0,2,6,5,1,2,1
12,13,25,26,12,12,0,2,7,4,1,2,1
12,13,25,26,12,12,0,2,8,8,0,2,2
12,13,25,26,12,12,0,2,9,9,0,2,2
12,13,25,26,12,12,0,2,10,10,0,2,2
12,13,25,26,12,13,0,2,1,11,1,2,2
12,13,25,26,12,13,0,2,2,10,1,2,2
12,13,25,26,12,13,0,2,3,9,1,2,1
12,13,25,26,12,13,0,2,4,4,0,2,2
12,13,25,26,12,13,0,2,5,5,0,2,2
12,13,25,26,12,13,0,2,6,6,0,2,2
12,13,25,26,12,13,0,2,7,5,1,2,2
12,13,25,26,12,13,0,2,8,4,1,2,1
12,13,25,26,12,13,0,2,9,9,0,2,2
12,13,25,26,12,13,0,2,10,10,0,2,2
12,13,25,26,12,13,0,2,11,11,0,2,2
12,15,27,28,12,12,0,2,1,10,1,2,0
12,15,27,28,12,12,0,2,2,9,1,2,2
12,15,27,28,12,12,0,2,3,8,1,2,1
12,15,27,28,12,12,0,2,4,4,0,2,2
12,15,27,28,12,12,0,2,5,5,0,2,2
12,15,27,28,12,12,0,2,6,5,1,2,1
12,15,27,28,12,12,0,2,7,4,1,2,1
12,15,27,28,12,12,0,2,8,8,0,2,2
12,15,27,28,12,12,0,2,9,9,0,2,2
12,15,27,28,12,12,0,2,10,10,0,2,2
12,15,27,28,12,15,0,2,1,12,0,1,1
12,15,27,28,12,15,0,2,2,12,0,1,2
12,15,27,28,12,15,0,2,3,3,0,2,1
12,15,27,28,12,15,0,2,4,4,0,2,2
12,15,27,28,12,15,0,2,5,5,0,2,2
12,15,27,28,12,15,0,2,6,6,0,2,2
12,15,27,28,12,15,0,2,7,7,0,2,2
12,15,27,28,12,15,0,2,8,6,1,2,2
12,15,27,28,12,15,0,2,9,5,1,2,1
12,15,27,28,12,15,0,2,10,4,1,2,1
12,15,27,28,12,15,0,2,11,11,0,2,2
12,15,27,28,12,15,0,2,12,2,1,2,0
12,15,27,28,12,15,0,2,13,12,0,1,2
12,16,28,29,12,12,0,2,1,10,1,2,0
12,16,28,29,12,12,0,2,2,9,1,2,2
12,16,28,29,12,12,0,2,3,8,1,2,1
12,16,28,29,12,12,0,2,4,4,0,2,2
12,16,28,29,12,12,0,2,5,5,0,2,2
12,16,28,29,12,12,0,2,6,5,1,2,2
12,16,28,29,12,12,0,2,7,4,1,2,2
12,16,28,29,12,12,0,2,8,8,0,2,2
12,16,28,29,12,12,0,2,9,9,0,2,2
12,16,28,29,12,12,0,2,10,10,0,2,2
12,16,28,29,12,16,0,2,1,12,0,1,1
12,16,28,29,12,16,0,2,2,12,0,1,2
12,16,28,29,12,16,0,2,3,3,0,2,1
12,16,28,29,12,16,0,2,4,4,0,2,2
12,16,28,29,12,16,0,2,5,5,0,2,2
12,16,28,29,12,16,0,2,6,6,0,2,1
12,16,28,29,12,16,0,2,7,7,0,2,2
12,16,28,29,12,16,0,2,8,7,1,2,2
12,16,28,29,12,16,0,2,9,6,1,2,1
12,16,28,29,12,16,0,2,10,5,1,2,2
12,16,28,29,12,16,0,2,11,4,1,2,2
12,16,28,29,12,16,0,2,12,3,1,2,1
12,16,28,29,12,16,0,2,13,12,0,1,2
12,16,28,29,12,16,0,2,14,12,0,1,2
12,17,29,30,12,12,0,2,1,10,1,2,1
12,17,29,30,12,12,0,2,2,9,1,2,2
12,17,29,30,12,12,0,2,3,8,1,2,1
12,17,29,30,12,12,0,2,4,4,0,2,2
12,17,29,30,12,12,0,2,5,5,0,2,2
12,17,29,30,12,12,0,2,6,5,1,2,1
12,17,29,30,12,12,0,2,7,4,1,2,1
12,17,29,30,12,12,0,2,8,3,1,2,1
12,17,29,30,12,12,0,2,9,9,0,2,2
12,17,29,30,12,12,0,2,10,10,0,2,2
12,17,29,30,12,17,0,2,1,12,0,1,1
12,17,29,30,12,17,0,2,2,12,0,1,1
12,17,29,30,12,17,0,2,3,12,0,1,2
12,17,29,30,12,17,0,2,4,4,0,2,2
12,17,29,30,12,17,0,2,5,5,0,2,2
12,17,29,30,12,17,0,2,6,6,0,2,2
12,17,29,30,12,17,0,2,7,7,0,2,1
12,17,29,30,12,17,0,2,8,8,0,2,1
12,17,29,30,12,17,0,2,9,7,1,2,1
12,17,29,30,12,17,0,2,10,6,1,2,1
12,17,29,30,12,17,0,2,11,5,1,2,1
12,17,29,30,12,17,0,2,12,4,1,2,1
12,17,29,30,12,17,0,2,13,3,1,2,1
12,17,29,30,12,17,0,2,14,12,0,1,2
12,17,29,30,12,17,0,2,15,12,0,1,2
12,18,30,31,12,12,0,2,1,10,1,2,1
12,18,30,31,12,12,0,2,2,9,1,2,1
12,18,30,31,12,12,0,2,3,8,1,2,1
12,18,30,31,12,12,0,2,4,4,0,2,2
12,18,30,31,12,12,0,2,5,5,0,2,2
12,18,30,31,12,12,0,2,6,5,1,2,1
12,18,30,31,12,12,0,2,7,4,1,2,1
12,18,30,31,12,12,0,2,8,8,0,2,2
12,18,30,31,12,12,0,2,9,9,0,2,2
12,18,30,31,12,12,0,2,10,10,0,2,2
12,18,30,31,12,18,0,2,1,12,0,1,1
12,18,30,31,12,18,0,2,2,12,0,1,2
12,18,30,31,12,18,0,2,3,12,0,1,2
12,18,30,31,12,18,0,2,4,4,0,2,2
12,18,30,31,12,18,0,2,5,5,0,2,2
12,18,30,31,12,18,0,2,6,6,0,2,2
12,18,30,31,12,18,0,2,7,7,0,2,2
12,18,30,31,12,18,0,2,8,8,0,2,2
12,18,30,31,12,18,0,2,9,8,1,2,2
12,18,30,31,12,18,0,2,10,7,1,2,2
12,18,30,31,12,18,0,2,11,6,1,2,2
12,18,30,31,12,18,0,2,12,5,1,2,2
12,18,30,31,12,18,0,2,13,4,1,2,2
12,18,30,31,12,18,0,2,14,12,0,1,2
12,18,30,31,12,18,0,2,15,12,0,1,2
12,18,30,31,12,18,0,2,16,12,0,1,2
12,19,31,32,12,12,0,2,1,10,1,2,1
12,19,31,32,12,12,0,2,2,9,1,2,2
12,19,31,32,12,12,0,2,3,8,1,2,1
12,19,31,32,12,12,0,2,4,4,0,2,2
12,19,31,32,12,12,0,2,5,5,0,2,2
12,19,31,32,12,12,0,2,6,5,1,2,1
12,19,31,32,12,12,0,2,7,4,1,2,1
12,19,31,32,12,12,0,2,8,8,0,2,2
12,19,31,32,12,12,0,2,9,9,0,2,2
12,19,31,32,12,12,0,2,10,10,0,2,2
12,19,31,32,12,19,0,2,1,12,0,1,1
12,19,31,32,12,19,0,2,2,12,0,1,1
12,19,31,32,12,19,0,2,3,12,0,1,1
12,19,31,32,12,19,0,2,4,4,0,2,2
12,19,31,32,12,19,0,2,5,5,0,2,2
12,19,31,32,12,19,0,2,6,6,0,2,2
12,19,31,32,12,19,0,2,7,7,0,2,2
12,19,31,32,12,19,0,2,8,8,0,2,2
12,19,31,32,12,19,0,2,9,9,0,2,2
12,19,31,32,12,19,0,2,10,8,1,2,2
12,19,31,32,12,19,0,2,11,7,1,2,1
12,19,31,32,12,19,0,2,12,6,1,2,2
12,19,31,32,12,19,0,2,13,5,1,2,2
12,19,31,32,12,19,0,2,14,4,1,2,1
12,19,31,32,12,19,0,2,15,12,0,1,2
12,19,31,32,12,19,0,2,16,12,0,1,1
12,19,31,32,12,19,0,2,17,12,0,1,2
12,20,32,33,12,12,0,2,1,10,1,2,0
12,20,32,33,12,12,0,2,2,9,1,2,2
12,20,32,33,12,12,0,2,3,8,1,2,1
12,20,32,33,12,12,0,2,4,4,0,2,2
12,20,32,33,12,12,0,2,5,5,0,2,2
12,20,32,33,12,12,0,2,6,5,1,2,2
12,20,32,33,12,12,0,2,7,4,1,2,2
12,20,32,33,12,12,0,2,8,8,0,2,2
12,20,32,33,12,12,0,2,9,9,0,2,2
12,20,32,33,12,12,0,2,10,10,0,2,2
12,20,32,33,12,20,0,2,1,12,0,1,1
12,20,32,33,12,20,0,2,2,12,0,1,3
12,20,32,33,12,20,0,2,3,12,0,1,1
12,20,32,33,12,20,0,2,4,4,0,2,2
12,20,32,33,12,20,0,2,5,5,0,2,2
12,20,32,33,12,20,0,2,6,6,0,2,2
12,20,32,33,12,20,0,2,7,7,0,2,2
12,20,32,33,12,20,0,2,8,8,0,2,2
12,20,32,33,12,20,0,2,9,9,0,2,2
12,20,32,33,12,20,0,2,10,9,1,2,2
12,20,32,33,12,20,0,2,11,8,1,2,2
12,20,32,33,12,20,0,2,12,7,1,2,3
12,20,32,33,12,20,0,2,13,6,1,2,2
12,20,32,33,12,20,0,2,14,5,1,2,2
12,20,32,33,12,20,0,2,15,12,0,1,6
12,20,32,33,12,20,0,2,16,12,0,1,2
12,20,32,33,12,20,0,2,17,12,0,1,2
12,20,32,33,12,20,0,2,18,12,0,1,2
12,21,33,34,12,12,0,2,1,10,1,2,1
12,21,33,34,12,12,0,2,2,9,1,2,2
12,21,33,34,12,12,0,2,3,8,1,2,1
12,21,33,34,12,12,0,2,4,4,0,2,2
12,21,33,34,12,12,0,2,5,5,0,2,2
12,21,33,34,12,12,0,2,6,5,1,2,1
12,21,33,34,12,12,0,2,7,4,1,2,1
12,21,33,34,12,12,0,2,8,8,0,2,2
12,21,33,34,12,12,0,2,9,9,0,2,2
12,21,33,34,12,12,0,2,10,10,0,2,2
12,21,33,34,12,21,0,2,1,12,0,1,1
12,21,33,34,12,21,0,2,2,12,0,1,1
12,21,33,34,12,21,0,2,3,3,0,2,1
12,21,33,34,12,21,0,2,4,4,0,2,2
12,21,33,34,12,21,0,2,5,5,0,2,2
12,21,33,34,12,21,0,2,6,6,0,2,1
12,21,33,34,12,21,0,2,7,7,0,2,2
12,21,33,34,12,21,0,2,8,8,0,2,2
12,21,33,34,12,21,0,2,9,9,0,2,2
12,21,33,34,12,21,0,2,10,10,0,2,2
12,21,33,34,12,21,0,2,11,9,1,2,2
12,21,33,34,12,21,0,2,12,8,1,2,1
12,21,33,34,12,21,0,2,13,7,1,2,1
12,21,33,34,12,21,0,2,14,6,1,2,1
12,21,33,34,12,21,0,2,15,5,1,2,1
12,21,33,34,12,21,0,2,16,4,1,2,1
12,21,33,34,12,21,0,2,17,3,1,2,1
12,21,33,34,12,21,0,2,18,12,0,1,2
12,21,33,34,12,21,0,2,19,12,0,1,2
12,22,34,35,12,12,0,2,1,10,1,2,1
12,22,34,35,12,12,0,2,2,9,1,2,2
12,22,34,35,12,12,0,2,3,8,1,2,1
12,22,34,35,12,12,0,2,4,4,0,2,2
12,22,34,35,12,12,0,2,5,5,0,2,2
12,22,34,35,12,12,0,2,6,5,1,2,1
12,22,34,35,12,12,0,2,7,4,1,2,1
12,22,34,35,12,12,0,2,8,8,0,2,2
12,22,34,35,12,12,0,2,9,9,0,2,2
12,22,34,35,12,12,0,2,10,10,0,2,2
12,22,34,35,12,22,0,2,1,12,0,1,1
12,22,34,35,12,22,0,2,2,12,0,1,2
12,22,34,35,12,22,0,2,3,12,0,1,1
12,22,34,35,12,22,0,2,4,4,0,2,2
12,22,34,35,12,22,0,2,5,5,0,2,2
12,22,34,35,12,22,0,2,6,6,0,2,2
12,22,34,35,12,22,0,2,7,7,0,2,2
12,22,34,35,12,22,0,2,8,8,0,2,2
12,22,34,35,12,22,0,2,9,9,0,2,2
12,22,34,35,12,22,0,2,10,10,0,2,2
12,22,34,35,12,22,0,2,11,10,1,2,2
12,22,34,35,12,22,0,2,12,9,1,2,2
12,22,34,35,12,22,0,2,13,8,1,2,2
12,22,34,35,12,22,0,2,14,7,1,2,2
12,22,34,35,12,22,0,2,15,6,1,2,1
12,22,34,35,12,22,0,2,16,5,1,2,2
12,22,34,35,12,22,0,2,17,4,1,2,2
12,22,34,35,12,22,0,2,18,3,1,2,1
12,22,34,35,12,22,0,2,19,12,0,1,2
12,22,34,35,12,22,0,2,20,12,0,1,2
12,23,35,36,12,12,0,2,1,10,1,2,1
12,23,35,36,12,12,0,2,2,9,1,2,2
12,23,35,36,12,12,0,2,3,3,0,2,1
12,23,35,36,12,12,0,2,4,4,0,2,1
12,23,35,36,12,12,0,2,5,5,0,2,2
12,23,35,36,12,12,0,2,6,5,1,2,1
12,23,35,36,12,12,0,2,7,4,1,2,1
12,23,35,36,12,12,0,2,8,8,0,2,2
12,23,35,36,12,12,0,2,9,9,0,2,1
12,23,35,36,12,12,0,2,10,10,0,2,1
12,23,35,36,12,23,0,2,1,12,0,1,1
12,23,35,36,12,23,0,2,2,12,0,1,1
12,23,35,36,12,23,0,2,3,12,0,1,1
12,23,35,36,12,23,0,2,4,4,0,2,2
12,23,35,36,12,23,0,2,5,5,0,2,2
12,23,35,36,12,23,0,2,6,6,0,2,2
12,23,35,36,12,23,0,2,7,7,0,2,2
12,23,35,36,12,23,0,2,8,8,0,2,2
12,23,35,36,12,23,0,2,9,9,0,2,2
12,23,35,36,12,23,0,2,10,10,0,2,1
12,23,35,36,12,23,0,2,11,11,0,2,2
12,23,35,36,12,23,0,2,12,10,1,2,1
12,23,35,36,12,23,0,2,13,9,1,2,1
12,23,35,36,12,23,0,2,14,8,1,2,1
12,23,35,36,12,23,0,2,15,7,1,2,1
12,23,35,36,12,23,0,2,16,6,1,2,1
12,23,35,36,12,23,0,2,17,5,1,2,1
12,23,35,36,12,23,0,2,18,4,1,2,1
12,23,35,36,12,23,0,2,19,3,1,2,1
12,23,35,36,12,23,0,2,20,12,0,1,2
12,23,35,36,12,23,0,2,21,12,0,1,2
12,24,36,37,12,12,0,2,1,10,1,2,1
12,24,36,37,12,12,0,2,2,9,1,2,2
12,24,36,37,12,12,0,2,3,8,1,2,1
12,24,36,37,12,12,0,2,4,4,0,2,2
12,24,36,37,12,12,0,2,5,5,0,2,2
12,24,36,37,12,12,0,2,6,5,1,2,1
12,24,36,37,12,12,0,2,7,4,1,2,2
12,24,36,37,12,12,0,2,8,8,0,2,2
12,24,36,37,12,12,0,2,9,9,0,2,2
12,24,36,37,12,12,0,2,10,10,0,2,2
12,24,36,37,12,24,0,2,1,12,0,1,1
12,24,36,37,12,24,0,2,2,12,0,1,2
12,24,36,37,12,24,0,2,3,12,0,1,1
12,24,36,37,12,24,0,2,4,4,0,2,2
12,24,36,37,12,24,0,2,5,5,0,2,2
12,24,36,37,12,24,0,2,6,6,0,2,2
12,24,36,37,12,24,0,2,7,7,0,2,2
12,24,36,37,12,24,0,2,8,8,0,2,2
12,24,36,37,12,24,0,2,9,9,0,2,2
12,24,36,37,12,24,0,2,10,10,0,2,2
12,24,36,37,12,24,0,2,11,11,0,2,2
12,24,36,37,12,24,0,2,12,11,1,2,2
12,24,36,37,12,24,0,2,13,10,1,2,2
12,24,36,37,12,24,0,2,14,9,1,2,2
12,24,36,37,12,24,0,2,15,8,1,2,2
12,24,36,37,12,24,0,2,16,7,1,2,2
12,24,36,37,12,24,0,2,17,6,1,2,2
12,24,36,37,12,24,0,2,18,5,1,2,2
12,24,36,37,12,24,0,2,19,4,1,2,2
12,24,36,37,12,24,0,2,20,12,0,1,2
12,24,36,37,12,24,0,2,21,12,0,1,2
12,24,36,37,12,24,0,2,22,12,0,1,2
12,25,37,38,12,12,0,2,1,10,1,2,1
12,25,37,38,12,12,0,2,2,9,1,2,2
12,25,37,38,12,12,0,2,3,8,1,2,1
12,25,37,38,12,12,0,2,4,4,0,2,2
12,25,37,38,12,12,0,2,5,5,0,2,2
12,25,37,38,12,12,0,2,6,5,1,2,1
12,25,37,38,12,12,0,2,7,4,1,2,1
12,25,37,38,12,12,0,2,8,8,0,2,2
12,25,37,38,12,12,0,2,9,9,0,2,2
12,25,37,38,12,12,0,2,10,10,0,2,2
12,25,37,38,12,25,0,2,1,12,0,1,1
12,25,37,38,12,25,0,2,2,12,0,1,1
12,25,37,38,12,25,0,2,3,12,0,1,1
12,25,37,38,12,25,0,2,4,4,0,2,2
12,25,37,38,12,25,0,2,5,5,0,2,2
12,25,37,38,12,25,0,2,6,6,0,2,2
12,25,37,38,12,25,0,2,7,7,0,2,2
12,25,37,38,12,25,0,2,8,8,0,2,2
12,25,37,38,12,25,0,2,9,9,0,2,2
12,25,37,38,12,25,0,2,10,10,0,2,2
12,25,37,38,12,25,0,2,11,11,0,2,2
12,25,37,38,12,25,0,2,12,12,0,1,2
12,25,37,38,12,25,0,2,13,11,1,2,2
12,25,37,38,12,25,0,2,14,10,1,2,1
12,25,37,38,12,25,0,2,15,9,1,2,2
12,25,37,38,12,25,0,2,16,8,1,2,1
12,25,37,38,12,25,0,2,17,7,1,2,1
12,25,37,38,12,25,0,2,18,6,1,2,2
12,25,37,38,12,25,0,2,19,5,1,2,1
12,25,37,38,12,25,0,2,20,4,1,2,1
12,25,37,38,12,25,0,2,21,12,0,1,2
12,25,37,38,12,25,0,2,22,12,0,1,2
12,25,37,38,12,25,0,2,23,12,0,1,2
12,26,38,39,12,12,0,2,1,10,1,2,0
12,26,38,39,12,12,0,2,2,9,1,2,2
12,26,38,39,12,12,0,2,3,8,1,2,1
12,26,38,39,12,12,0,2,4,4,0,2,2
12,26,38,39,12,12,0,2,5,5,0,2,2
12,26,38,39,12,12,0,2,6,5,1,2,1
12,26,38,39,12,12,0,2,7,4,1,2,2
12,26,38,39,12,12,0,2,8,8,0,2,2
12,26,38,39,12,12,0,2,9,9,0,2,2
12,26,38,39,12,12,0,2,10,10,0,2,2
12,26,38,39,12,26,0,2,1,12,0,1,1
12,26,38,39,12,26,0,2,2,12,0,1,2
12,26,38,39,12,26,0,2,3,12,0,1,1
12,26,38,39,12,26,0,2,4,4,0,2,2
12,26,38,39,12,26,0,2,5,5,0,2,2
12,26,38,39,12,26,0,2,6,6,0,2,2
12,26,38,39,12,26,0,2,7,7,0,2,2
12,26,38,39,12,26,0,2,8,8,0,2,2
12,26,38,39,12,26,0,2,9,9,0,2,2
12,26,38,39,12,26,0,2,10,10,0,2,2
12,26,38,39,12,26,0,2,11,11,0,2,2
12,26,38,39,12,26,0,2,12,12,0,1,2
12,26,38,39,12,26,0,2,13,12,0,1,2
12,26,38,39,12,26,0,2,14,11,1,2,2
12,26,38,39,12,26,0,2,15,10,1,2,2
12,26,38,39,12,26,0,2,16,9,1,2,2
12,26,38,39,12,26,0,2,17,8,1,2,2
12,26,38,39,12,26,0,2,18,7,1,2,2
12,26,38,39,12,26,0,2,19,6,1,2,2
12,26,38,39,12,26,0,2,20,5,1,2,2
12,26,38,39,12,26,0,2,21,4,1,2,2
12,26,38,39,12,26,0,2,22,12,0,1,2
12,26,38,39,12,26,0,2,23,12,0,1,2
12,26,38,39,12,26,0,2,24,12,0,1,2
12,27,39,40,12,12,0,2,1,10,1,2,1
12,27,39,40,12,12,0,2,2,9,1,2,2
12,27,39,40,12,12,0,2,3,8,1,2,1
12,27,39,40,12,12,0,2,4,4,0,2,2
12,27,39,40,12,12,0,2,5,5,0,2,2
12,27,39,40,12,12,0,2,6,5,1,2,1
12,27,39,40,12,12,0,2,7,4,1,2,1
12,27,39,40,12,12,0,2,8,3,1,2,1
12,27,39,40,12,12,0,2,9,9,0,2,2
12,27,39,40,12,12,0,2,10,10,0,2,2
12,27,39,40,12,27,0,2,1,12,0,1,1
12,27,39,40,12,27,0,2,2,12,0,1,1
12,27,39,40,12,27,0,2,3,3,0,2,1
12,27,39,40,12,27,0,2,4,4,0,2,2
12,27,39,40,12,27,0,2,5,5,0,2,2
12,27,39,40,12,27,0,2,6,6,0,2,1
12,27,39,40,12,27,0,2,7,7,0,2,2
12,27,39,40,12,27,0,2,8,8,0,2,2
12,27,39,40,12,27,0,2,9,9,0,2,1
12,27,39,40,12,27,0,2,10,10,0,2,2
12,27,39,40,12,27,0,2,11,11,0,2,2
12,27,39,40,12,27,0,2,12,12,0,1,2
12,27,39,40,12,27,0,2,13,12,0,1,2
12,27,39,40,12,27,0,2,14,12,0,1,2
12,27,39,40,12,27,0,2,15,11,1,2,1
12,27,39,40,12,27,0,2,16,10,1,2,1
12,27,39,40,12,27,0,2,17,9,1,2,1
12,27,39,40,12,27,0,2,18,8,1,2,1
12,27,39,40,12,27,0,2,19,7,1,2,1
12,27,39,40,12,27,0,2,20,6,1,2,1
12,27,39,40,12,27,0,2,21,5,1,2,1
12,27,39,40,12,27,0,2,22,4,1,2,1
12,27,39,40,12,27,0,2,23,3,1,2,1
12,27,39,40,12,27,0,2,24,12,0,1,2
12,27,39,40,12,27,0,2,25,12,0,1,2
12,28,40,41,12,12,0,2,1,10,1,2,1
12,28,40,41,12,12,0,2,2,9,1,2,2
12,28,40,41,12,12,0,2,3,8,1,2,1
12,28,40,41,12,12,0,2,4,4,0,2,2
12,28,40,41,12,12,0,2,5,5,0,2,2
12,28,40,41,12,12,0,2,6,5,1,2,1
12,28,40,41,12,12,0,2,7,4,1,2,1
12,28,40,41,12,12,0,2,8,8,0,2,2
12,28,40,41,12,12,0,2,9,9,0,2,2
12,28,40,41,12,12,0,2,10,10,0,2,2
12,28,40,41,12,28,0,2,1,12,0,1,1
12,28,40,41,12,28,0,2,2,12,0,1,2
12,28,40,41,12,28,0,2,3,12,0,1,1
12,28,40,41,12,28,0,2,4,4,0,2,2
12,28,40,41,12,28,0,2,5,5,0,2,2
12,28,40,41,12,28,0,2,6,6,0,2,2
12,28,40,41,12,28,0,2,7,7,0,2,2
12,28,40,41,12,28,0,2,8,8,0,2,2
12,28,40,41,12,28,0,2,9,9,0,2,2
12,28,40,41,12,28,0,2,10,10,0,2,2
12,28,40,41,12,28,0,2,11,11,0,2,2
12,28,40,41,12,28,0,2,12,12,0,1,2
12,28,40,41,12,28,0,2,13,12,0,1,2
12,28,40,41,12,28,0,2,14,12,0,1,2
12,28,40,41,12,28,0,2,15,12,0,1,2
12,28,40,41,12,28,0,2,16,11,1,2,2
12,28,40,41,12,28,0,2,17,10,1,2,2
12,28,40,41,12,28,0,2,18,9,1,2,1
12,28,40,41,12,28,0,2,19,8,1,2,2
12,28,40,41,12,28,0,2,20,7,1,2,2
12,28,40,41,12,28,0,2,21,6,1,2,2
12,28,40,41,12,28,0,2,22,5,1,2,2
12,28,40,41,12,28,0,2,23,4,1,2,2
12,28,40,41,12,28,0,2,24,12,0,1,2
12,28,40,41,12,28,0,2,25,12,0,1,2
12,28,40,41,12,28,0,2,26,12,0,1,2
12,29,41,42,12,12,0,2,1,10,1,2,1
12,29,41,42,12,12,0,2,2,9,1,2,2
12,29,41,42,12,12,0,2,3,3,0,2,1
12,29,41,42,12,12,0,2,4,4,0,2,1
12,29,41,42,12,12,0,2,5,5,0,2,2
12,29,41,42,12,12,0,2,6,5,1,2,1
12,29,41,42,12,12,0,2,7,4,1,2,1
12,29,41,42,12,12,0,2,8,8,0,2,2
12,29,41,42,12,12,0,2,9,9,0,2,1
12,29,41,42,12,12,0,2,10,10,0,2,1
12,29,41,42,12,29,0,2,1,12,0,1,1
12,29,41,42,12,29,0,2,2,12,0,1,1
12,29,41,42,12,29,0,2,3,12,0,1,1
12,29,41,42,12,29,0,2,4,4,0,2,2
12,29,41,42,12,29,0,2,5,5,0,2,2
12,29,41,42,12,29,0,2,6,6,0,2,2
12,29,41,42,12,29,0,2,7,7,0,2,2
12,29,41,42,12,29,0,2,8,8,0,2,2
12,29,41,42,12,29,0,2,9,9,0,2,2
12,29,41,42,12,29,0,2,10,10,0,2,2
12,29,41,42,12,29,0,2,11,11,0,2,2
12,29,41,42,12,29,0,2,12,12,0,1,2
12,29,41,42,12,29,0,2,13,12,0,1,2
12,29,41,42,12,29,0,2,14,12,0,1,2
12,29,41,42,12,29,0,2,15,12,0,1,2
12,29,41,42,12,29,0,2,16,12,0,1,2
12,29,41,42,12,29,0,2,17,11,1,2,1
12,29,41,42,12,29,0,2,18,10,1,2,1
12,29,41,42,12,29,0,2,19,9,1,2,1
12,29,41,42,12,29,0,2,20,8,1,2,1
12,29,41,42,12,29,0,2,21,7,1,2,1
12,29,41,42,12,29,0,2,22,6,1,2,1
12,29,41,42,12,29,0,2,23,5,1,2,1
12,29,41,42,12,29,0,2,24,4,1,2,1
12,29,41,42,12,29,0,2,25,3,1,2,1
12,29,41,42,12,29,0,2,26,12,0,1,2
12,29,41,42,12,29,0,2,27,12,0,1,2
12,30,42,43,12,12,0,2,1,10,1,2,1
12,30,42,43,12,12,0,2,2,9,1,2,2
12,30,42,43,12,12,0,2,3,8,1,2,1
12,30,42,43,12,12,0,2,4,4,0,2,2
12,30,42,43,12,12,0,2,5,5,0,2,2
12,30,42,43,12,12,0,2,6,5,1,2,1
12,30,42,43,12,12,0,2,7,4,1,2,2
12,30,42,43,12,12,0,2,8,8,0,2,2
12,30,42,43,12,12,0,2,9,9,0,2,2
12,30,42,43,12,12,0,2,10,10,0,2,2
12,30,42,43,12,30,0,2,1,12,0,1,1
12,30,42,43,12,30,0,2,2,12,0,1,2
12,30,42,43,12,30,0,2,3,12,0,1,1
12,30,42,43,12,30,0,2,4,4,0,2,2
12,30,42,43,12,30,0,2,5,5,0,2,2
12,30,42,43,12,30,0,2,6,6,0,2,2
12,30,42,43,12,30,0,2,7,7,0,2,2
12,30,42,43,12,30,0,2,8,8,0,2,2
12,30,42,43,12,30,0,2,9,9,0,2,2
12,30,42,43,12,30,0,2,10,10,0,2,2
12,30,42,43,12,30,0,2,11,11,0,2,2
12,30,42,43,12,30,0,2,12,12,0,1,2
12,30,42,43,12,30,0,2,13,12,0,1,2
12,30,42,43,12,30,0,2,14,12,0,1,2
12,30,42,43,12,30,0,2,15,12,0,1,2
12,30,42,43,12,30,0,2,16,12,0,1,2
12,30,42,43,12,30,0,2,17,12,0,1,2
12,30,42,43,12,30,0,2,18,11,1,2,2
12,30,42,43,12,30,0,2,19,10,1,2,2
12,30,42,43,12,30,0,2,20,9,1,2,2
12,30,42,43,12,30,0,2,21,8,1,2,2
12,30,42,43,12,30,0,2,22,7,1,2,2
12,30,42,43,12,30,0,2,23,6,1,2,2
12,30,42,43,12,30,0,2,24,5,1,2,2
12,30,42,43,12,30,0,2,25,4,1,2,2
12,30,42,43,12,30,0,2,26,12,0,1,2
12,30,42,43,12,30,0,2,27,12,0,1,2
12,30,42,43,12,30,0,2,28,12,0,1,2
12,31,43,44,12,12,0,2,1,10,1,2,1
12,31,43,44,12,12,0,2,2,9,1,2,2
12,31,43,44,12,12,0,2,3,8,1,2,1
12,31,43,44,12,12,0,2,4,4,0,2,2
12,31,43,44,12,12,0,2,5,5,0,2,2
12,31,43,44,12,12,0,2,6,5,1,2,1
12,31,43,44,12,12,0,2,7,4,1,2,1
12,31,43,44,12,12,0,2,8,3,1,2,1
12,31,43,44,12,12,0,2,9,9,0,2,2
12,31,43,44,12,12,0,2,10,10,0,2,2
12,31,43,44,12,31,0,2,1,12,0,1,1
12,31,43,44,12,31,0,2,2,12,0,1,1
12,31,43,44,12,31,0,2,3,12,0,1,1
12,31,43,44,12,31,0,2,4,4,0,2,2
12,31,43,44,12,31,0,2,5,5,0,2,2
12,31,43,44,12,31,0,2,6,6,0,2,2
12,31,43,44,12,31,0,2,7,7,0,2,2
12,31,43,44,12,31,0,2,8,8,0,2,2
12,31,43,44,12,31,0,2,9,9,0,2,2
12,31,43,44,12,31,0,2,10,10,0,2,2
12,31,43,44,12,31,0,2,11,11,0,2,2
12,31,43,44,12,31,0,2,12,12,0,1,2
12,31,43,44,12,31,0,2,13,12,0,1,2
12,31,43,44,12,31,0,2,14,12,0,1,2
12,31,43,44,12,31,0,2,15,12,0,1,2
12,31,43,44,12,31,0,2,16,12,0,1,2
12,31,43,44,12,31,0,2,17,12,0,1,2
12,31,43,44,12,31,0,2,18,12,0,1,2
12,31,43,44,12,31,0,2,19,11,1,2,1
12,31,43,44,12,31,0,2,20,10,1,2,1
12,31,43,44,12,31,0,2,21,9,1,2,2
12,31,43,44,12,31,0,2,22,8,1,2,1
12,31,43,44,12,31,0,2,23,7,1,2,1
12,31,43,44,12,31,0,2,24,6,1,2,2
12,31,43,44,12,31,0,2,25,5,1,2,1
12,31,43,44,12,31,0,2,26,4,1,2,1
12,31,43,44,12,31,0,2,27,12,0,1,2
12,31,43,44,12,31,0,2,28,12,0,1,2
12,31,43,44,12,31,0,2,29,12,0,1,2
12,32,44,45,12,12,0,2,1,10,1,2,0
12,32,44,45,12,12,0,2,2,9,1,2,2
12,32,44,45,12,12,0,2,3,8,1,2,1
12,32,44,45,12,12,0,2,4,4,0,2,2
12,32,44,45,12,12,0,2,5,5,0,2,2
12,32,44,45,12,12,0,2,6,5,1,2,1
12,32,44,45,12,12,0,2,7,4,1,2,2
12,32,44,45,12,12,0,2,8,8,0,2,2
12,32,44,45,12,12,0,2,9,9,0,2,2
12,32,44,45,12,12,0,2,10,10,0,2,2
12,32,44,45,12,32,0,2,1,12,0,1,1
12,32,44,45,12,32,0,2,2,12,0,1,2
12,32,44,45,12,32,0,2,3,12,0,1,1
12,32,44,45,12,32,0,2,4,4,0,2,2
12,32,44,45,12,32,0,2,5,5,0,2,2
12,32,44,45,12,32,0,2,6,6,0,2,2
12,32,44,45,12,32,0,2,7,7,0,2,2
12,32,44,45,12,32,0,2,8,8,0,2,2
12,32,44,45,12,32,0,2,9,9,0,2,2
12,32,44,45,12,32,0,2,10,10,0,2,2
12,32,44,45,12,32,0,2,11,11,0,2,2
12,32,44,45,12,32,0,2,12,12,0,1,2
12,32,44,45,12,32,0,2,13,12,0,1,2
12,32,44,45,12,32,0,2,14,12,0,1,2
12,32,44,45,12,32,0,2,15,12,0,1,2
12,32,44,45,12,32,0,2,16,12,0,1,2
12,32,44,45,12,32,0,2,17,12,0,1,2
12,32,44,45,12,32,0,2,18,12,0,1,2
12,32,44,45,12,32,0,2,19,12,0,1,2
12,32,44,45,12,32,0,2,20,11,1,2,2
12,32,44,45,12,32,0,2,21,10,1,2,2
12,32,44,45,12,32,0,2,22,9,1,2,2
12,32,44,45,12,32,0,2,23,8,1,2,2
12,32,44,45,12,32,0,2,24,7,1,2,2
12,32,44,45,12,32,0,2,25,6,1,2,2
12,32,44,45,12,32,0,2,26,5,1,2,2
12,32,44,45,12,32,0,2,27,4,1,2,2
12,32,44,45,12,32,0,2,28,12,0,1,2
12,32,44,45,12,32,0,2,29,12,0,1,2
12,32,44,45,12,32,0,2,30,12,0,1,2
13,2,15,16,13,13,0,2,1,11,1,2,0
13,2,15,16,13,13,0,2,2,10,1,2,1
13,2,15,16,13,13,0,2,3,9,1,2,1
13,2,15,16,13,13,0,2,4,4,0,2,2
13,2,15,16,13,13,0,2,5,5,0,2,2
13,2,15,16,13,13,0,2,6,6,0,2,3
13,2,15,16,13,13,0,2,7,5,1,2,2
13,2,15,16,13,13,0,2,8,4,1,2,1
13,2,15,16,13,13,0,2,9,3,1,2,1
13,2,15,16,13,13,0,2,10,10,0,2,2
13,2,15,16,13,13,0,2,11,11,0,2,2
13,3,16,17,13,3,0,2,1,13,0,1,2
13,3,16,17,13,13,0,2,1,11,1,2,1
13,3,16,17,13,13,0,2,2,10,1,2,2
13,3,16,17,13,13,0,2,3,9,1,2,2
13,3,16,17,13,13,0,2,4,4,0,2,2
13,3,16,17,13,13,0,2,5,5,0,2,2
13,3,16,17,13,13,0,2,6,3,0,1,1
13,3,16,17,13,13,0,2,7,5,1,2,2
13,3,16,17,13,13,0,2,8,4,1,2,2
13,3,16,17,13,13,0,2,9,9,0,2,2
13,3,16,17,13,13,0,2,10,10,0,2,2
13,3,16,17,13,13,0,2,11,11,0,2,2
13,4,17,18,13,4,0,2,1,13,0,1,1
13,4,17,18,13,4,0,2,2,13,0,1,2
13,4,17,18,13,13,0,2,1,4,0,1,1
13,4,17,18,13,13,0,2,2,4,0,1,1
13,4,17,18,13,13,0,2,3,4,0,1,1
13,4,17,18,13,13,0,2,4,4,0,1,1
13,4,17,18,13,13,0,2,5,5,0,2,2
13,4,17,18,13,13,0,2,6,4,0,1,1
13,4,17,18,13,13,0,2,7,5,1,2,1
13,4,17,18,13,13,0,2,8,4,1,2,2
13,4,17,18,13,13,0,2,9,3,1,2,1
13,4,17,18,13,13,0,2,10,10,0,2,2
13,4,17,18,13,13,0,2,11,4,0,1,1
13,5,18,19,13,5,0,2,1,3,1,2,1
13,5,18,19,13,5,0,2,2,13,0,1,4
13,5,18,19,13,5,0,2,3,13,0,1,2
13,5,18,19,13,13,0,2,1,5,0,1,2
13,5,18,19,13,13,0,2,2,5,0,1,2
13,5,18,19,13,13,0,2,3,5,0,1,2
13,5,18,19,13,13,0,2,4,4,0,2,2
13,5,18,19,13,13,0,2,5,5,0,1,2
13,5,18,19,13,13,0,2,6,5,0,1,2
13,5,18,19,13,13,0,2,7,5,0,1,2
13,5,18,19,13,13,0,2,8,5,0,1,2
13,5,18,19,13,13,0,2,9,3,1,2,1
13,5,18,19,13,13,0,2,10,5,0,1,2
13,5,18,19,13,13,0,2,11,5,0,1,2
13,6,19,20,13,6,0,2,1,4,1,2,1
13,6,19,20,13,6,0,2,2,13,0,1,2
13,6,19,20,13,6,0,2,3,13,0,1,2
13,6,19,20,13,6,0,2,4,4,0,2,2
13,6,19,20,13,13,0,2,1,6,0,1,1
13,6,19,20,13,13,0,2,2,6,0,1,2
13,6,19,20,13,13,0,2,3,6,0,1,1
13,6,19,20,13,13,0,2,4,4,0,2,2
13,6,19,20,13,13,0,2,5,5,0,2,2
13,6,19,20,13,13,0,2,6,6,0,1,2
13,6,19,20,13,13,0,2,7,5,1,2,2
13,6,19,20,13,13,0,2,8,4,1,2,2
13,6,19,20,13,13,0,2,9,6,0,1,2
13,6,19,20,13,13,0,2,10,6,0,1,1
13,6,19,20,13,13,0,2,11,6,0,1,2
13,7,20,21,13,7,0,2,1,5,1,2,1
13,7,20,21,13,7,0,2,2,4,1,2,2
13,7,20,21,13,7,0,2,3,3,1,2,1
13,7,20,21,13,7,0,2,4,4,0,2,2
13,7,20,21,13,7,0,2,5,5,0,2,2
13,7,20,21,13,13,0,2,1,7,0,1,1
13,7,20,21,13,13,0,2,2,7,0,1,4
13,7,20,21,13,13,0,2,3,7,0,1,2
13,7,20,21,13,13,0,2,4,4,0,2,1
13,7,20,21,13,13,0,2,5,5,0,2,2
13,7,20,21,13,13,0,2,6,6,0,2,3
13,7,20,21,13,13,0,2,7,5,1,2,2
13,7,20,21,13,13,0,2,8,4,1,2,2
13,7,20,21,13,13,0,2,9,7,0,1,4
13,7,20,21,13,13,0,2,10,7,0,1,1
13,7,20,21,13,13,0,2,11,7,0,1,1
13,8,21,22,13,8,0,2,1,6,1,2,1
13,8,21,22,13,8,0,2,2,5,1,2,2
13,8,21,22,13,8,0,2,3,4,1,2,1
13,8,21,22,13,8,0,2,4,3,1,2,1
13,8,21,22,13,8,0,2,5,5,0,2,2
13,8,21,22,13,8,0,2,6,6,0,2,2
13,8,21,22,13,13,0,2,1,8,0,1,1
13,8,21,22,13,13,0,2,2,8,0,1,2
13,8,21,22,13,13,0,2,3,8,0,1,2
13,8,21,22,13,13,0,2,4,4,0,2,1
13,8,21,22,13,13,0,2,5,5,0,2,2
13,8,21,22,13,13,0,2,6,6,0,2,2
13,8,21,22,13,13,0,2,7,5,1,2,1
13,8,21,22,13,13,0,2,8,4,1,2,1
13,8,21,22,13,13,0,2,9,3,1,2,1
13,8,21,22,13,13,0,2,10,8,0,1,2
13,8,21,22,13,13,0,2,11,8,0,1,2
13,9,22,23,13,9,0,2,1,7,1,2,0
13,9,22,23,13,9,0,2,2,6,1,2,2
13,9,22,23,13,9,0,2,3,5,1,2,2
13,9,22,23,13,9,0,2,4,4,0,2,2
13,9,22,23,13,9,0,2,5,5,0,2,2
13,9,22,23,13,9,0,2,6,6,0,2,2
13,9,22,23,13,9,0,2,7,7,0,2,2
13,9,22,23,13,13,0,2,1,9,0,1,2
13,9,22,23,13,13,0,2,2,9,0,1,3
13,9,22,23,13,13,0,2,3,3,0,2,1
13,9,22,23,13,13,0,2,4,4,0,2,2
13,9,22,23,13,13,0,2,5,5,0,2,1
13,9,22,23,13,13,0,2,6,6,0,2,1
13,9,22,23,13,13,0,2,7,5,1,2,1
13,9,22,23,13,13,0,2,8,4,1,2,2
13,9,22,23,13,13,0,2,9,3,1,2,1
13,9,22,23,13,13,0,2,10,9,0,1,2
13,9,22,23,13,13,0,2,11,9,0,1,2
13,10,23,24,13,10,0,2,1,8,1,2,1
13,10,23,24,13,10,0,2,2,7,1,2,2
13,10,23,24,13,10,0,2,3,3,0,2,1
13,10,23,24,13,10,0,2,4,4,0,2,2
13,10,23,24,13,10,0,2,5,4,1,2,2
13,10,23,24,13,10,0,2,6,3,1,2,1
13,10,23,24,13,10,0,2,7,7,0,2,2
13,10,23,24,13,10,0,2,8,8,0,2,1
13,10,23,24,13,13,0,2,1,10,0,1,1
13,10,23,24,13,13,0,2,2,10,0,1,2
13,10,23,24,13,13,0,2,3,3,0,2,1
13,10,23,24,13,13,0,2,4,4,0,2,2
13,10,23,24,13,13,0,2,5,5,0,2,1
13,10,23,24,13,13,0,2,6,6,0,2,1
13,10,23,24,13,13,0,2,7,5,1,2,1
13,10,23,24,13,13,0,2,8,4,1,2,2
13,10,23,24,13,13,0,2,9,3,1,2,1
13,10,23,24,13,13,0,2,10,2,1,2,0
13,10,23,24,13,13,0,2,11,10,0,1,2
13,12,25,26,13,12,0,2,1,10,1,2,1
13,12,25,26,13,12,0,2,2,9,1,2,2
13,12,25,26,13,12,0,2,3,8,1,2,1
13,12,25,26,13,12,0,2,4,4,0,2,2
13,12,25,26,13,12,0,2,5,5,0,2,2
13,12,25,26,13,12,0,2,6,5,1,2,1
13,12,25,26,13,12,0,2,7,4,1,2,1
13,12,25,26,13,12,0,2,8,8,0,2,2
13,12,25,26,13,12,0,2,9,9,0,2,2
13,12,25,26,13,12,0,2,10,10,0,2,2
13,12,25,26,13,13,0,2,1,11,1,2,2
13,12,25,26,13,13,0,2,2,10,1,2,2
13,12,25,26,13,13,0,2,3,9,1,2,1
13,12,25,26,13,13,0,2,4,4,0,2,2
13,12,25,26,13,13,0,2,5,5,0,2,2
13,12,25,26,13,13,0,2,6,6,0,2,2
13,12,25,26,13,13,0,2,7,5,1,2,2
13,12,25,26,13,13,0,2,8,4,1,2,1
13,12,25,26,13,13,0,2,9,9,0,2,2
13,12,25,26,13,13,0,2,10,10,0,2,2
13,12,25,26,13,13,0,2,11,11,0,2,2
13,13,26,27,13,13,0,2,1,11,1,2,1
13,13,26,27,13,13,0,2,2,10,1,2,2
13,13,26,27,13,13,0,2,3,9,1,2,1
13,13,26,27,13,13,0,2,4,4,0,2,2
13,13,26,27,13,13,0,2,5,5,0,2,2
13,13,26,27,13,13,0,2,6,6,0,2,2
13,13,26,27,13,13,0,2,7,5,1,2,2
13,13,26,27,13,13,0,2,8,4,1,2,2
13,13,26,27,13,13,0,2,9,9,0,2,2
13,13,26,27,13,13,0,2,10,10,0,2,2
13,13,26,27,13,13,0,2,11,11,0,2,2
13,14,27,28,13,13,0,2,1,11,1,2,1
13,14,27,28,13,13,0,2,2,10,1,2,1
13,14,27,28,13,13,0,2,3,9,1,2,1
13,14,27,28,13,13,0,2,4,4,0,2,2
13,14,27,28,13,13,0,2,5,5,0,2,2
13,14,27,28,13,13,0,2,6,6,0,2,2
13,14,27,28,13,13,0,2,7,5,1,2,1
13,14,27,28,13,13,0,2,8,4,1,2,1
13,14,27,28,13,13,0,2,9,3,1,2,1
13,14,27,28,13,13,0,2,10,10,0,2,2
13,14,27,28,13,13,0,2,11,11,0,2,2
13,14,27,28,13,14,0,2,1,12,1,2,2
13,14,27,28,13,14,0,2,2,11,1,2,2
13,14,27,28,13,14,0,2,3,10,1,2,1
13,14,27,28,13,14,0,2,4,4,0,2,2
13,14,27,28,13,14,0,2,5,5,0,2,2
13,14,27,28,13,14,0,2,6,6,0,2,2
13,14,27,28,13,14,0,2,7,6,1,2,2
13,14,27,28,13,14,0,2,8,5,1,2,1
13,14,27,28,13,14,0,2,9,4,1,2,1
13,14,27,28,13,14,0,2,10,10,0,2,2
13,14,27,28,13,14,0,2,11,11,0,2,2
13,14,27,28,13,14,0,2,12,12,0,2,2
13,16,29,30,13,13,0,2,1,11,1,2,1
13,16,29,30,13,13,0,2,2,10,1,2,2
13,16,29,30,13,13,0,2,3,3,0,2,1
13,16,29,30,13,13,0,2,4,4,0,2,2
13,16,29,30,13,13,0,2,5,5,0,2,1
13,16,29,30,13,13,0,2,6,6,0,2,1
13,16,29,30,13,13,0,2,7,5,1,2,1
13,16,29,30,13,13,0,2,8,4,1,2,1
13,16,29,30,13,13,0,2,9,3,1,2,1
13,16,29,30,13,13,0,2,10,10,0,2,2
13,16,29,30,13,13,0,2,11,11,0,2,1
13,16,29,30,13,16,0,2,1,13,0,1,1
13,16,29,30,13,16,0,2,2,13,0,1,2
13,16,29,30,13,16,0,2,3,3,0,2,1
13,16,29,30,13,16,0,2,4,4,0,2,2
13,16,29,30,13,16,0,2,5,5,0,2,1
13,16,29,30,13,16,0,2,6,6,0,2,1
13,16,29,30,13,16,0,2,7,7,0,2,2
13,16,29,30,13,16,0,2,8,7,1,2,2
13,16,29,30,13,16,0,2,9,6,1,2,1
13,16,29,30,13,16,0,2,10,5,1,2,1
13,16,29,30,13,16,0,2,11,4,1,2,2
13,16,29,30,13,16,0,2,12,3,1,2,1
13,16,29,30,13,16,0,2,13,2,1,2,0
13,16,29,30,13,16,0,2,14,13,0,1,2
13,17,30,31,13,13,0,2,1,11,1,2,1
13,17,30,31,13,13,0,2,2,10,1,2,2
13,17,30,31,13,13,0,2,3,9,1,2,1
13,17,30,31,13,13,0,2,4,4,0,2,2
13,17,30,31,13,13,0,2,5,5,0,2,2
13,17,30,31,13,13,0,2,6,6,0,2,2
13,17,30,31,13,13,0,2,7,5,1,2,2
13,17,30,31,13,13,0,2,8,4,1,2,2
13,17,30,31,13,13,0,2,9,9,0,2,2
13,17,30,31,13,13,0,2,10,10,0,2,2
13,17,30,31,13,13,0,2,11,11,0,2,2
13,17,30,31,13,17,0,2,1,13,0,1,1
13,17,30,31,13,17,0,2,2,13,0,1,2
13,17,30,31,13,17,0,2,3,3,0,2,1
13,17,30,31,13,17,0,2,4,4,0,2,2
13,17,30,31,13,17,0,2,5,5,0,2,2
13,17,30,31,13,17,0,2,6,6,0,2,2
13,17,30,31,13,17,0,2,7,7,0,2,2
13,17,30,31,13,17,0,2,8,8,0,2,2
13,17,30,31,13,17,0,2,9,7,1,2,1
13,17,30,31,13,17,0,2,10,6,1,2,1
13,17,30,31,13,17,0,2,11,5,1,2,2
13,17,30,31,13,17,0,2,12,4,1,2,2
13,17,30,31,13,17,0,2,13,3,1,2,1
13,17,30,31,13,17,0,2,14,13,0,1,2
13,17,30,31,13,17,0,2,15,13,0,1,2
13,18,31,32,13,13,0,2,1,11,1,2,1
13,18,31,32,13,13,0,2,2,10,1,2,2
13,18,31,32,13,13,0,2,3,9,1,2,1
13,18,31,32,13,13,0,2,4,4,0,2,1
13,18,31,32,13,13,0,2,5,5,0,2,2
13,18,31,32,13,13,0,2,6,6,0,2,2
13,18,31,32,13,13,0,2,7,5,1,2,1
13,18,31,32,13,13,0,2,8,4,1,2,1
13,18,31,32,13,13,0,2,9,3,1,2,1
13,18,31,32,13,13,0,2,10,10,0,2,1
13,18,31,32,13,13,0,2,11,11,0,2,2
13,18,31,32,13,18,0,2,1,13,0,1,1
13,18,31,32,13,18,0,2,2,13,0,1,1
13,18,31,32,13,18,0,2,3,13,0,1,2
13,18,31,32,13,18,0,2,4,4,0,2,2
13,18,31,32,13,18,0,2,5,5,0,2,2
13,18,31,32,13,18,0,2,6,6,0,2,2
13,18,31,32,13,18,0,2,7,7,0,2,2
13,18,31,32,13,18,0,2,8,8,0,2,2
13,18,31,32,13,18,0,2,9,8,1,2,2
13,18,31,32,13,18,0,2,10,7,1,2,1
13,18,31,32,13,18,0,2,11,6,1,2,1
13,18,31,32,13,18,0,2,12,5,1,2,1
13,18,31,32,13,18,0,2,13,4,1,2,1
13,18,31,32,13,18,0,2,14,3,1,2,1
13,18,31,32,13,18,0,2,15,13,0,1,2
13,18,31,32,13,18,0,2,16,13,0,1,2
13,19,32,33,13,13,0,2,1,11,1,2,1
13,19,32,33,13,13,0,2,2,10,1,2,2
13,19,32,33,13,13,0,2,3,9,1,2,1
13,19,32,33,13,13,0,2,4,4,0,2,2
13,19,32,33,13,13,0,2,5,5,0,2,2
13,19,32,33,13,13,0,2,6,6,0,2,2
13,19,32,33,13,13,0,2,7,5,1,2,2
13,19,32,33,13,13,0,2,8,4,1,2,2
13,19,32,33,13,13,0,2,9,9,0,2,2
13,19,32,33,13,13,0,2,10,10,0,2,2
13,19,32,33,13,13,0,2,11,11,0,2,2
13,19,32,33,13,19,0,2,1,13,0,1,1
13,19,32,33,13,19,0,2,2,13,0,1,2
13,19,32,33,13,19,0,2,3,13,0,1,2
13,19,32,33,13,19,0,2,4,4,0,2,2
13,19,32,33,13,19,0,2,5,5,0,2,2
13,19,32,33,13,19,0,2,6,6,0,2,2
13,19,32,33,13,19,0,2,7,7,0,2,2
13,19,32,33,13,19,0,2,8,8,0,2,2
13,19,32,33,13,19,0,2,9,9,0,2,2
13,19,32,33,13,19,0,2,10,8,1,2,2
13,19,32,33,13,19,0,2,11,7,1,2,2
13,19,32,33,13,19,0,2,12,6,1,2,2
13,19,32,33,13,19,0,2,13,5,1,2,2
13,19,32,33,13,19,0,2,14,4,1,2,2
13,19,32,33,13,19,0,2,15,13,0,1,2
13,19,32,33,13,19,0,2,16,13,0,1,2
13,19,32,33,13,19,0,2,17,13,0,1,2
13,20,33,34,13,13,0,2,1,11,1,2,1
13,20,33,34,13,13,0,2,2,10,1,2,2
13,20,33,34,13,13,0,2,3,3,0,2,1
13,20,33,34,13,13,0,2,4,4,0,2,2
13,20,33,34,13,13,0,2,5,5,0,2,1
13,20,33,34,13,13,0,2,6,6,0,2,1
13,20,33,34,13,13,0,2,7,5,1,2,1
13,20,33,34,13,13,0,2,8,4,1,2,1
13,20,33,34,13,13,0,2,9,3,1,2,1
13,20,33,34,13,13,0,2,10,10,0,2,2
13,20,33,34,13,13,0,2,11,11,0,2,1
13,20,33,34,13,20,0,2,1,13,0,1,1
13,20,33,34,13,20,0,2,2,13,0,1,1
13,20,33,34,13,20,0,2,3,13,0,1,1
13,20,33,34,13,20,0,2,4,4,0,2,2
13,20,33,34,13,20,0,2,5,5,0,2,2
13,20,33,34,13,20,0,2,6,6,0,2,2
13,20,33,34,13,20,0,2,7,7,0,2,2
13,20,33,34,13,20,0,2,8,8,0,2,2
13,20,33,34,13,20,0,2,9,9,0,2,2
13,20,33,34,13,20,0,2,10,9,1,2,2
13,20,33,34,13,20,0,2,11,8,1,2,1
13,20,33,34,13,20,0,2,12,7,1,2,1
13,20,33,34,13,20,0,2,13,6,1,2,2
13,20,33,34,13,20,0,2,14,5,1,2,1
13,20,33,34,13,20,0,2,15,4,1,2,1
13,20,33,34,13,20,0,2,16,13,0,1,2
13,20,33,34,13,20,0,2,17,13,0,1,1
13,20,33,34,13,20,0,2,18,13,0,1,2
13,21,34,35,13,13,0,2,1,11,1,2,0
13,21,34,35,13,13,0,2,2,10,1,2,2
13,21,34,35,13,13,0,2,3,9,1,2,1
13,21,34,35,13,13,0,2,4,4,0,2,2
13,21,34,35,13,13,0,2,5,5,0,2,2
13,21,34,35,13,13,0,2,6,6,0,2,2
13,21,34,35,13,13,0,2,7,5,1,2,1
13,21,34,35,13,13,0,2,8,4,1,2,2
13,21,34,35,13,13,0,2,9,3,1,2,1
13,21,34,35,13,13,0,2,10,10,0,2,2
13,21,34,35,13,13,0,2,11,11,0,2,2
13,21,34,35,13,21,0,2,1,13,0,1,1
13,21,34,35,13,21,0,2,2,13,0,1,2
13,21,34,35,13,21,0,2,3,13,0,1,1
13,21,34,35,13,21,0,2,4,4,0,2,2
13,21,34,35,13,21,0,2,5,5,0,2,2
13,21,34,35,13,21,0,2,6,6,0,2,2
13,21,34,35,13,21,0,2,7,7,0,2,2
13,21,34,35,13,21,0,2,8,8,0,2,2
13,21,34,35,13,21,0,2,9,9,0,2,2
13,21,34,35,13,21,0,2,10,10,0,2,2
13,21,34,35,13,21,0,2,11,9,1,2,2
13,21,34,35,13,21,0,2,12,8,1,2,2
13,21,34,35,13,21,0,2,13,7,1,2,3
13,21,34,35,13,21,0,2,14,6,1,2,2
13,21,34,35,13,21,0,2,15,5,1,2,2
13,21,34,35,13,21,0,2,16,13,0,1,2
13,21,34,35,13,21,0,2,17,13,0,1,2
13,21,34,35,13,21,0,2,18,13,0,1,2
13,21,34,35,13,21,0,2,19,13,0,1,2
13,22,35,36,13,13,0,2,1,11,1,2,1
13,22,35,36,13,13,0,2,2,10,1,2,2
13,22,35,36,13,13,0,2,3,9,1,2,1
13,22,35,36,13,13,0,2,4,4,0,2,2
13,22,35,36,13,13,0,2,5,5,0,2,2
13,22,35,36,13,13,0,2,6,6,0,2,2
13,22,35,36,13,13,0,2,7,5,1,2,1
13,22,35,36,13,13,0,2,8,4,1,2,1
13,22,35,36,13,13,0,2,9,3,1,2,1
13,22,35,36,13,13,0,2,10,10,0,2,2
13,22,35,36,13,13,0,2,11,11,0,2,2
13,22,35,36,13,22,0,2,1,13,0,1,1
13,22,35,36,13,22,0,2,2,13,0,1,1
13,22,35,36,13,22,0,2,3,3,0,2,1
13,22,35,36,13,22,0,2,4,4,0,2,2
13,22,35,36,13,22,0,2,5,5,0,2,2
13,22,35,36,13,22,0,2,6,6,0,2,1
13,22,35,36,13,22,0,2,7,7,0,2,2
13,22,35,36,13,22,0,2,8,8,0,2,2
13,22,35,36,13,22,0,2,9,9,0,2,1
13,22,35,36,13,22,0,2,10,10,0,2,2
13,22,35,36,13,22,0,2,11,10,1,2,2
13,22,35,36,13,22,0,2,12,9,1,2,1
13,22,35,36,13,22,0,2,13,8,1,2,1
13,22,35,36,13,22,0,2,14,7,1,2,1
13,22,35,36,13,22,0,2,15,6,1,2,1
13,22,35,36,13,22,0,2,16,5,1,2,1
13,22,35,36,13,22,0,2,17,4,1,2,1
13,22,35,36,13,22,0,2,18,3,1,2,1
13,22,35,36,13,22,0,2,19,13,0,1,2
13,22,35,36,13,22,0,2,20,13,0,1,2
13,23,36,37,13,13,0,2,1,11,1,2,1
13,23,36,37,13,13,0,2,2,10,1,2,1
13,23,36,37,13,13,0,2,3,9,1,2,1
13,23,36,37,13,13,0,2,4,4,0,2,2
13,23,36,37,13,13,0,2,5,5,0,2,2
13,23,36,37,13,13,0,2,6,6,0,2,2
13,23,36,37,13,13,0,2,7,5,1,2,2
13,23,36,37,13,13,0,2,8,4,1,2,2
13,23,36,37,13,13,0,2,9,9,0,2,2
13,23,36,37,13,13,0,2,10,10,0,2,2
13,23,36,37,13,13,0,2,11,11,0,2,2
13,23,36,37,13,23,0,2,1,13,0,1,1
13,23,36,37,13,23,0,2,2,13,0,1,2
13,23,36,37,13,23,0,2,3,13,0,1,1
13,23,36,37,13,23,0,2,4,4,0,2,2
13,23,36,37,13,23,0,2,5,5,0,2,2
13,23,36,37,13,23,0,2,6,6,0,2,2
13,23,36,37,13,23,0,2,7,7,0,2,2
13,23,36,37,13,23,0,2,8,8,0,2,2
13,23,36,37,13,23,0,2,9,9,0,2,2
13,23,36,37,13,23,0,2,10,10,0,2,2
13,23,36,37,13,23,0,2,11,11,0,2,2
13,23,36,37,13,23,0,2,12,10,1,2,2
13,23,36,37,13,23,0,2,13,9,1,2,2
13,23,36,37,13,23,0,2,14,8,1,2,2
13,23,36,37,13,23,0,2,15,7,1,2,2
13,23,36,37,13,23,0,2,16,6,1,2,1
13,23,36,37,13,23,0,2,17,5,1,2,2
13,23,36,37,13,23,0,2,18,4,1,2,2
13,23,36,37,13,23,0,2,19,13,0,1,2
13,23,36,37,13,23,0,2,20,13,0,1,2
13,23,36,37,13,23,0,2,21,13,0,1,2
13,24,37,38,13,13,0,2,1,11,1,2,1
13,24,37,38,13,13,0,2,2,10,1,2,2
13,24,37,38,13,13,0,2,3,9,1,2,1
13,24,37,38,13,13,0,2,4,4,0,2,2
13,24,37,38,13,13,0,2,5,5,0,2,2
13,24,37,38,13,13,0,2,6,6,0,2,2
13,24,37,38,13,13,0,2,7,5,1,2,1
13,24,37,38,13,13,0,2,8,4,1,2,1
13,24,37,38,13,13,0,2,9,3,1,2,1
13,24,37,38,13,13,0,2,10,10,0,2,2
13,24,37,38,13,13,0,2,11,11,0,2,2
13,24,37,38,13,24,0,2,1,13,0,1,1
13,24,37,38,13,24,0,2,2,13,0,1,1
13,24,37,38,13,24,0,2,3,13,0,1,1
13,24,37,38,13,24,0,2,4,4,0,2,2
13,24,37,38,13,24,0,2,5,5,0,2,2
13,24,37,38,13,24,0,2,6,6,0,2,2
13,24,37,38,13,24,0,2,7,7,0,2,2
13,24,37,38,13,24,0,2,8,8,0,2,2
13,24,37,38,13,24,0,2,9,9,0,2,2
13,24,37,38,13,24,0,2,10,10,0,2,2
13,24,37,38,13,24,0,2,11,11,0,2,2
13,24,37,38,13,24,0,2,12,11,1,2,2
13,24,37,38,13,24,0,2,13,10,1,2,1
13,24,37,38,13,24,0,2,14,9,1,2,1
13,24,37,38,13,24,0,2,15,8,1,2,1
13,24,37,38,13,24,0,2,16,7,1,2,1
13,24,37,38,13,24,0,2,17,6,1,2,1
13,24,37,38,13,24,0,2,18,5,1,2,1
13,24,37,38,13,24,0,2,19,4,1,2,1
13,24,37,38,13,24,0,2,20,3,1,2,1
13,24,37,38,13,24,0,2,21,13,0,1,2
13,24,37,38,13,24,0,2,22,13,0,1,2
13,25,38,39,13,13,0,2,1,11,1,2,1
13,25,38,39,13,13,0,2,2,10,1,2,2
13,25,38,39,13,13,0,2,3,9,1,2,1
13,25,38,39,13,13,0,2,4,4,0,2,2
13,25,38,39,13,13,0,2,5,5,0,2,2
13,25,38,39,13,13,0,2,6,6,0,2,2
13,25,38,39,13,13,0,2,7,5,1,2,1
13,25,38,39,13,13,0,2,8,4,1,2,2
13,25,38,39,13,13,0,2,9,9,0,2,2
13,25,38,39,13,13,0,2,10,10,0,2,2
13,25,38,39,13,13,0,2,11,11,0,2,2
13,25,38,39,13,25,0,2,1,13,0,1,1
13,25,38,39,13,25,0,2,2,13,0,1,2
13,25,38,39,13,25,0,2,3,13,0,1,1
13,25,38,39,13,25,0,2,4,4,0,2,2
13,25,38,39,13,25,0,2,5,5,0,2,2
13,25,38,39,13,25,0,2,6,6,0,2,2
13,25,38,39,13,25,0,2,7,7,0,2,2
13,25,38,39,13,25,0,2,8,8,0,2,2
13,25,38,39,13,25,0,2,9,9,0,2,2
13,25,38,39,13,25,0,2,10,10,0,2,2
13,25,38,39,13,25,0,2,11,11,0,2,2
13,25,38,39,13,25,0,2,12,12,0,2,2
13,25,38,39,13,25,0,2,13,11,1,2,2
13,25,38,39,13,25,0,2,14,10,1,2,2
13,25,38,39,13,25,0,2,15,9,1,2,2
13,25,38,39,13,25,0,2,16,8,1,2,2
13,25,38,39,13,25,0,2,17,7,1,2,2
13,25,38,39,13,25,0,2,18,6,1,2,2
13,25,38,39,13,25,0,2,19,5,1,2,2
13,25,38,39,13,25,0,2,20,4,1,2,2
13,25,38,39,13,25,0,2,21,13,0,1,2
13,25,38,39,13,25,0,2,22,13,0,1,2
13,25,38,39,13,25,0,2,23,13,0,1,2
13,26,39,40,13,13,0,2,1,11,1,2,1
13,26,39,40,13,13,0,2,2,10,1,2,2
13,26,39,40,13,13,0,2,3,3,0,2,1
13,26,39,40,13,13,0,2,4,4,0,2,2
13,26,39,40,13,13,0,2,5,5,0,2,1
13,26,39,40,13,13,0,2,6,6,0,2,1
13,26,39,40,13,13,0,2,7,5,1,2,1
13,26,39,40,13,13,0,2,8,4,1,2,1
13,26,39,40,13,13,0,2,9,3,1,2,1
13,26,39,40,13,13,0,2,10,10,0,2,2
13,26,39,40,13,13,0,2,11,11,0,2,1
13,26,39,40,13,26,0,2,1,13,0,1,1
13,26,39,40,13,26,0,2,2,13,0,1,1
13,26,39,40,13,26,0,2,3,3,0,2,1
13,26,39,40,13,26,0,2,4,4,0,2,2
13,26,39,40,13,26,0,2,5,5,0,2,2
13,26,39,40,13,26,0,2,6,6,0,2,1
13,26,39,40,13,26,0,2,7,7,0,2,2
13,26,39,40,13,26,0,2,8,8,0,2,2
13,26,39,40,13,26,0,2,9,9,0,2,2
13,26,39,40,13,26,0,2,10,10,0,2,2
13,26,39,40,13,26,0,2,11,11,0,2,2
13,26,39,40,13,26,0,2,12,12,0,2,2
13,26,39,40,13,26,0,2,13,12,1,2,1
13,26,39,40,13,26,0,2,14,11,1,2,1
13,26,39,40,13,26,0,2,15,10,1,2,1
13,26,39,40,13,26,0,2,16,9,1,2,2
13,26,39,40,13,26,0,2,17,8,1,2,1
13,26,39,40,13,26,0,2,18,7,1,2,1
13,26,39,40,13,26,0,2,19,6,1,2,2
13,26,39,40,13,26,0,2,20,5,1,2,1
13,26,39,40,13,26,0,2,21,4,1,2,1
13,26,39,40,13,26,0,2,22,3,1,2,1
13,26,39,40,13,26,0,2,23,13,0,1,2
13,26,39,40,13,26,0,2,24,13,0,1,2
13,27,40,41,13,13,0,2,1,11,1,2,1
13,27,40,41,13,13,0,2,2,10,1,2,2
13,27,40,41,13,13,0,2,3,9,1,2,1
13,27,40,41,13,13,0,2,4,4,0,2,2
13,27,40,41,13,13,0,2,5,5,0,2,2
13,27,40,41,13,13,0,2,6,6,0,2,2
13,27,40,41,13,13,0,2,7,5,1,2,1
13,27,40,41,13,13,0,2,8,4,1,2,2
13,27,40,41,13,13,0,2,9,3,1,2,1
13,27,40,41,13,13,0,2,10,10,0,2,2
13,27,40,41,13,13,0,2,11,11,0,2,2
13,27,40,41,13,27,0,2,1,13,0,1,1
13,27,40,41,13,27,0,2,2,13,0,1,2
13,27,40,41,13,27,0,2,3,13,0,1,1
13,27,40,41,13,27,0,2,4,4,0,2,2
13,27,40,41,13,27,0,2,5,5,0,2,2
13,27,40,41,13,27,0,2,6,6,0,2,2
13,27,40,41,13,27,0,2,7,7,0,2,2
13,27,40,41,13,27,0,2,8,8,0,2,2
13,27,40,41,13,27,0,2,9,9,0,2,2
13,27,40,41,13,27,0,2,10,10,0,2,2
13,27,40,41,13,27,0,2,11,11,0,2,2
13,27,40,41,13,27,0,2,12,12,0,2,2
13,27,40,41,13,27,0,2,13,13,0,1,2
13,27,40,41,13,27,0,2,14,12,1,2,2
13,27,40,41,13,27,0,2,15,11,1,2,2
13,27,40,41,13,27,0,2,16,10,1,2,2
13,27,40,41,13,27,0,2,17,9,1,2,2
13,27,40,41,13,27,0,2,18,8,1,2,2
13,27,40,41,13,27,0,2,19,7,1,2,2
13,27,40,41,13,27,0,2,20,6,1,2,2
13,27,40,41,13,27,0,2,21,5,1,2,2
13,27,40,41,13,27,0,2,22,4,1,2,2
13,27,40,41,13,27,0,2,23,13,0,1,2
13,27,40,41,13,27,0,2,24,13,0,1,2
13,27,40,41,13,27,0,2,25,13,0,1,2
13,28,41,42,13,13,0,2,1,11,1,2,1
13,28,41,42,13,13,0,2,2,10,1,2,2
13,28,41,42,13,13,0,2,3,9,1,2,1
13,28,41,42,13,13,0,2,4,4,0,2,2
13,28,41,42,13,13,0,2,5,5,0,2,2
13,28,41,42,13,13,0,2,6,6,0,2,2
13,28,41,42,13,13,0,2,7,5,1,2,1
13,28,41,42,13,13,0,2,8,4,1,2,1
13,28,41,42,13,13,0,2,9,3,1,2,1
13,28,41,42,13,13,0,2,10,10,0,2,2
13,28,41,42,13,13,0,2,11,11,0,2,2
13,28,41,42,13,28,0,2,1,13,0,1,1
13,28,41,42,13,28,0,2,2,13,0,1,1
13,28,41,42,13,28,0,2,3,13,0,1,1
13,28,41,42,13,28,0,2,4,4,0,2,2
13,28,41,42,13,28,0,2,5,5,0,2,2
13,28,41,42,13,28,0,2,6,6,0,2,1
13,28,41,42,13,28,0,2,7,7,0,2,1
13,28,41,42,13,28,0,2,8,8,0,2,2
13,28,41,42,13,28,0,2,9,9,0,2,1
13,28,41,42,13,28,0,2,10,10,0,2,2
13,28,41,42,13,28,0,2,11,11,0,2,2
13,28,41,42,13,28,0,2,12,12,0,2,1
13,28,41,42,13,28,0,2,13,13,0,1,2
13,28,41,42,13,28,0,2,14,13,0,1,2
13,28,41,42,13,28,0,2,15,12,1,2,1
13,28,41,42,13,28,0,2,16,11,1,2,1
13,28,41,42,13,28,0,2,17,10,1,2,1
13,28,41,42,13,28,0,2,18,9,1,2,1
13,28,41,42,13,28,0,2,19,8,1,2,1
13,28,41,42,13,28,0,2,20,7,1,2,1
13,28,41,42,13,28,0,2,21,6,1,2,1
13,28,41,42,13,28,0,2,22,5,1,2,1
13,28,41,42,13,28,0,2,23,4,1,2,1
13,28,41,42,13,28,0,2,24,3,1,2,1
13,28,41,42,13,28,0,2,25,13,0,1,2
13,28,41,42,13,28,0,2,26,13,0,1,2
13,29,42,43,13,13,0,2,1,11,1,2,1
13,29,42,43,13,13,0,2,2,10,1,2,1
13,29,42,43,13,13,0,2,3,9,1,2,1
13,29,42,43,13,13,0,2,4,4,0,2,2
13,29,42,43,13,13,0,2,5,5,0,2,2
13,29,42,43,13,13,0,2,6,6,0,2,2
13,29,42,43,13,13,0,2,7,5,1,2,2
13,29,42,43,13,13,0,2,8,4,1,2,2
13,29,42,43,13,13,0,2,9,9,0,2,2
13,29,42,43,13,13,0,2,10,10,0,2,2
13,29,42,43,13,13,0,2,11,11,0,2,2
13,29,42,43,13,29,0,2,1,13,0,1,1
13,29,42,43,13,29,0,2,2,13,0,1,2
13,29,42,43,13,29,0,2,3,13,0,1,1
13,29,42,43,13,29,0,2,4,4,0,2,2
13,29,42,43,13,29,0,2,5,5,0,2,2
13,29,42,43,13,29,0,2,6,6,0,2,2
13,29,42,43,13,29,0,2,7,7,0,2,2
13,29,42,43,13,29,0,2,8,8,0,2,2
13,29,42,43,13,29,0,2,9,9,0,2,2
13,29,42,43,13,29,0,2,10,10,0,2,2
13,29,42,43,13,29,0,2,11,11,0,2,2
13,29,42,43,13,29,0,2,12,12,0,2,2
13,29,42,43,13,29,0,2,13,13,0,1,2
13,29,42,43,13,29,0,2,14,13,0,1,2
13,29,42,43,13,29,0,2,15,13,0,1,2
13,29,42,43,13,29,0,2,16,12,1,2,2
13,29,42,43,13,29,0,2,17,11,1,2,2
13,29,42,43,13,29,0,2,18,10,1,2,2
13,29,42,43,13,29,0,2,19,9,1,2,2
13,29,42,43,13,29,0,2,20,8,1,2,2
13,29,42,43,13,29,0,2,21,7,1,2,2
13,29,42,43,13,29,0,2,22,6,1,2,2
13,29,42,43,13,29,0,2,23,5,1,2,2
13,29,42,43,13,29,0,2,24,4,1,2,2
13,29,42,43,13,29,0,2,25,13,0,1,2
13,29,42,43,13,29,0,2,26,13,0,1,2
13,29,42,43,13,29,0,2,27,13,0,1,2
13,30,43,44,13,13,0,2,1,11,1,2,1
13,30,43,44,13,13,0,2,2,10,1,2,2
13,30,43,44,13,13,0,2,3,9,1,2,1
13,30,43,44,13,13,0,2,4,4,0,2,2
13,30,43,44,13,13,0,2,5,5,0,2,2
13,30,43,44,13,13,0,2,6,6,0,2,2
13,30,43,44,13,13,0,2,7,5,1,2,1
13,30,43,44,13,13,0,2,8,4,1,2,1
13,30,43,44,13,13,0,2,9,3,1,2,1
13,30,43,44,13,13,0,2,10,10,0,2,2
13,30,43,44,13,13,0,2,11,11,0,2,2
13,30,43,44,13,30,0,2,1,13,0,1,1
13,30,43,44,13,30,0,2,2,13,0,1,1
13,30,43,44,13,30,0,2,3,13,0,1,1
13,30,43,44,13,30,0,2,4,4,0,2,2
13,30,43,44,13,30,0,2,5,5,0,2,2
13,30,43,44,13,30,0,2,6,6,0,2,2
13,30,43,44,13,30,0,2,7,7,0,2,2
13,30,43,44,13,30,0,2,8,8,0,2,2
13,30,43,44,13,30,0,2,9,9,0,2,2
13,30,43,44,13,30,0,2,10,10,0,2,2
13,30,43,44,13,30,0,2,11,11,0,2,2
13,30,43,44,13,30,0,2,12,12,0,2,2
13,30,43,44,13,30,0,2,13,13,0,1,2
13,30,43,44,13,30,0,2,14,13,0,1,2
13,30,43,44,13,30,0,2,15,13,0,1,2
13,30,43,44,13,30,0,2,16,13,0,1,2
13,30,43,44,13,30,0,2,17,12,1,2,1
13,30,43,44,13,30,0,2,18,11,1,2,1
13,30,43,44,13,30,0,2,19,10,1,2,1
13,30,43,44,13,30,0,2,20,9,1,2,1
13,30,43,44,13,30,0,2,21,8,1,2,1
13,30,43,44,13,30,0,2,22,7,1,2,1
13,30,43,44,13,30,0,2,23,6,1,2,1
13,30,43,44,13,30,0,2,24,5,1,2,1
13,30,43,44,13,30,0,2,25,4,1,2,1
13,30,43,44,13,30,0,2,26,3,1,2,1
13,30,43,44,13,30,0,2,27,13,0,1,2
13,30,43,44,13,30,0,2,28,13,0,1,2
13,31,44,45,13,13,0,2,1,11,1,2,1
13,31,44,45,13,13,0,2,2,10,1,2,2
13,31,44,45,13,13,0,2,3,9,1,2,1
13,31,44,45,13,13,0,2,4,4,0,2,2
13,31,44,45,13,13,0,2,5,5,0,2,2
13,31,44,45,13,13,0,2,6,6,0,2,2
13,31,44,45,13,13,0,2,7,5,1,2,1
13,31,44,45,13,13,0,2,8,4,1,2,2
13,31,44,45,13,13,0,2,9,9,0,2,2
13,31,44,45,13,13,0,2,10,10,0,2,2
13,31,44,45,13,13,0,2,11,11,0,2,2
13,31,44,45,13,31,0,2,1,13,0,1,1
13,31,44,45,13,31,0,2,2,13,0,1,2
13,31,44,45,13,31,0,2,3,13,0,1,1
13,31,44,45,13,31,0,2,4,4,0,2,2
13,31,44,45,13,31,0,2,5,5,0,2,2
13,31,44,45,13,31,0,2,6,6,0,2,2
13,31,44,45,13,31,0,2,7,7,0,2,2
13,31,44,45,13,31,0,2,8,8,0,2,2
13,31,44,45,13,31,0,2,9,9,0,2,2
13,31,44,45,13,31,0,2,10,10,0,2,2
13,31,44,45,13,31,0,2,11,11,0,2,2
13,31,44,45,13,31,0,2,12,12,0,2,2
13,31,44,45,13,31,0,2,13,13,0,1,2
13,31,44,45,13,31,0,2,14,13,0,1,2
13,31,44,45,13,31,0,2,15,13,0,1,2
13,31,44,45,13,31,0,2,16,13,0,1,2
13,31,44,45,13,31,0,2,17,13,0,1,2
13,31,44,45,13,31,0,2,18,12,1,2,2
13,31,44,45,13,31,0,2,19,11,1,2,2
13,31,44,45,13,31,0,2,20,10,1,2,2
13,31,44,45,13,31,0,2,21,9,1,2,2
13,31,44,45,13,31,0,2,22,8,1,2,2
13,31,44,45,13,31,0,2,23,7,1,2,2
13,31,44,45,13,31,0,2,24,6,1,2,2
13,31,44,45,13,31,0,2,25,5,1,2,2
13,31,44,45,13,31,0,2,26,4,1,2,2
13,31,44,45,13,31,0,2,27,13,0,1,2
13,31,44,45,13,31,0,2,28,13,0,1,2
13,31,44,45,13,31,0,2,29,13,0,1,2
14,2,16,17,14,14,0,2,1,12,1,2,1
14,2,16,17,14,14,0,2,2,11,1,2,2
14,2,16,17,14,14,0,2,3,3,0,2,1
14,2,16,17,14,14,0,2,4,4,0,2,1
14,2,16,17,14,14,0,2,5,5,0,2,1
14,2,16,17,14,14,0,2,6,6,0,2,2
14,2,16,17,14,14,0,2,7,6,1,2,2
14,2,16,17,14,14,0,2,8,5,1,2,1
14,2,16,17,14,14,0,2,9,4,1,2,2
14,2,16,17,14,14,0,2,10,3,1,2,1
14,2,16,17,14,14,0,2,11,11,0,2,1
14,2,16,17,14,14,0,2,12,12,0,2,1
14,3,17,18,14,3,0,2,1,14,0,1,1
14,3,17,18,14,14,0,2,1,3,0,1,1
14,3,17,18,14,14,0,2,2,11,1,2,2
14,3,17,18,14,14,0,2,3,10,1,2,1
14,3,17,18,14,14,0,2,4,4,0,2,2
14,3,17,18,14,14,0,2,5,5,0,2,2
14,3,17,18,14,14,0,2,6,6,0,2,2
14,3,17,18,14,14,0,2,7,6,1,2,2
14,3,17,18,14,14,0,2,8,5,1,2,2
14,3,17,18,14,14,0,2,9,4,1,2,1
14,3,17,18,14,14,0,2,10,10,0,2,2
14,3,17,18,14,14,0,2,11,11,0,2,2
14,3,17,18,14,14,0,2,12,12,0,2,2
14,5,19,20,14,5,0,2,1,3,1,2,1
14,5,19,20,14,5,0,2,2,14,0,1,1
14,5,19,20,14,5,0,2,3,14,0,1,1
14,5,19,20,14,14,0,2,1,5,0,1,1
14,5,19,20,14,14,0,2,2,5,0,1,2
14,5,19,20,14,14,0,2,3,5,0,1,2
14,5,19,20,14,14,0,2,4,4,0,2,1
14,5,19,20,14,14,0,2,5,5,0,1,2
14,5,19,20,14,14,0,2,6,5,0,1,2
14,5,19,20,14,14,0,2,7,5,0,1,2
14,5,19,20,14,14,0,2,8,5,0,1,2
14,5,19,20,14,14,0,2,9,4,1,2,1
14,5,19,20,14,14,0,2,10,3,1,2,1
14,5,19,20,14,14,0,2,11,5,0,1,2
14,5,19,20,14,14,0,2,12,5,0,1,2
14,6,20,21,14,6,0,2,1,4,1,2,1
14,6,20,21,14,6,0,2,2,14,0,1,3
14,6,20,21,14,6,0,2,3,14,0,1,2
14,6,20,21,14,6,0,2,4,4,0,2,2
14,6,20,21,14,14,0,2,1,6,0,1,2
14,6,20,21,14,14,0,2,2,6,0,1,3
14,6,20,21,14,14,0,2,3,6,0,1,2
14,6,20,21,14,14,0,2,4,6,0,1,3
14,6,20,21,14,14,0,2,5,5,0,2,2
14,6,20,21,14,14,0,2,6,7,1,2,3
14,6,20,21,14,14,0,2,7,6,0,1,3
14,6,20,21,14,14,0,2,8,5,1,2,2
14,6,20,21,14,14,0,2,9,9,0,2,5
14,6,20,21,14,14,0,2,10,6,0,1,2
14,6,20,21,14,14,0,2,11,6,0,1,3
14,6,20,21,14,14,0,2,12,6,0,1,3
14,7,21,22,14,7,0,2,1,5,1,2,1
14,7,21,22,14,7,0,2,2,4,1,2,2
14,7,21,22,14,7,0,2,3,3,1,2,1
14,7,21,22,14,7,0,2,4,4,0,2,2
14,7,21,22,14,7,0,2,5,5,0,2,2
14,7,21,22,14,14,0,2,1,7,0,1,1
14,7,21,22,14,14,0,2,2,7,0,1,1
14,7,21,22,14,14,0,2,3,7,0,1,1
14,7,21,22,14,14,0,2,4,4,0,2,2
14,7,21,22,14,14,0,2,5,5,0,2,2
14,7,21,22,14,14,0,2,6,6,0,2,2
14,7,21,22,14,14,0,2,7,6,1,2,2
14,7,21,22,14,14,0,2,8,5,1,2,2
14,7,21,22,14,14,0,2,9,4,1,2,1
14,7,21,22,14,14,0,2,10,7,0,1,2
14,7,21,22,14,14,0,2,11,7,0,1,1
14,7,21,22,14,14,0,2,12,7,0,1,1
14,8,22,23,14,8,0,2,1,6,1,2,1
14,8,22,23,14,8,0,2,2,5,1,2,2
14,8,22,23,14,8,0,2,3,4,1,2,1
14,8,22,23,14,8,0,2,4,4,0,2,2
14,8,22,23,14,8,0,2,5,5,0,2,2
14,8,22,23,14,8,0,2,6,6,0,2,2
14,8,22,23,14,14,0,2,1,8,0,1,1
14,8,22,23,14,14,0,2,2,8,0,1,2
14,8,22,23,14,14,0,2,3,8,0,1,2
14,8,22,23,14,14,0,2,4,4,0,2,2
14,8,22,23,14,14,0,2,5,5,0,2,2
14,8,22,23,14,14,0,2,6,6,0,2,2
14,8,22,23,14,14,0,2,7,6,1,2,2
14,8,22,23,14,14,0,2,8,5,1,2,2
14,8,22,23,14,14,0,2,9,4,1,2,2
14,8,22,23,14,14,0,2,10,8,0,1,2
14,8,22,23,14,14,0,2,11,8,0,1,2
14,8,22,23,14,14,0,2,12,8,0,1,2
14,9,23,24,14,9,0,2,1,7,1,2,1
14,9,23,24,14,9,0,2,2,6,1,2,2
14,9,23,24,14,9,0,2,3,5,1,2,1
14,9,23,24,14,9,0,2,4,4,0,2,2
14,9,23,24,14,9,0,2,5,5,0,2,2
14,9,23,24,14,9,0,2,6,6,0,2,2
14,9,23,24,14,9,0,2,7,7,0,2,2
14,9,23,24,14,14,0,2,1,9,0,1,1
14,9,23,24,14,14,0,2,2,9,0,1,2
14,9,23,24,14,14,0,2,3,9,0,1,2
14,9,23,24,14,14,0,2,4,4,0,2,2
14,9,23,24,14,14,0,2,5,5,0,2,1
14,9,23,24,14,14,0,2,6,6,0,2,2
14,9,23,24,14,14,0,2,7,6,1,2,1
14,9,23,24,14,14,0,2,8,5,1,2,1
14,9,23,24,14,14,0,2,9,4,1,2,1
14,9,23,24,14,14,0,2,10,3,1,2,1
14,9,23,24,14,14,0,2,11,9,0,1,2
14,9,23,24,14,14,0,2,12,9,0,1,2
14,10,24,25,14,10,0,2,1,8,1,2,1
14,10,24,25,14,10,0,2,2,7,1,2,2
14,10,24,25,14,10,0,2,3,6,1,2,2
14,10,24,25,14,10,0,2,4,4,0,2,2
14,10,24,25,14,10,0,2,5,4,1,2,2
14,10,24,25,14,10,0,2,6,6,0,2,2
14,10,24,25,14,10,0,2,7,7,0,2,2
14,10,24,25,14,10,0,2,8,8,0,2,2
14,10,24,25,14,14,0,2,1,10,0,1,1
14,10,24,25,14,14,0,2,2,10,0,1,3
14,10,24,25,14,14,0,2,3,3,0,2,1
14,10,24,25,14,14,0,2,4,4,0,2,2
14,10,24,25,14,14,0,2,5,5,0,2,2
14,10,24,25,14,14,0,2,6,6,0,2,2
14,10,24,25,14,14,0,2,7,6,1,2,1
14,10,24,25,14,14,0,2,8,5,1,2,2
14,10,24,25,14,14,0,2,9,4,1,2,1
14,10,24,25,14,14,0,2,10,3,1,2,1
14,10,24,25,14,14,0,2,11,10,0,1,2
14,10,24,25,14,14,0,2,12,10,0,1,2
14,11,25,26,14,11,0,2,1,9,1,2,0
14,11,25,26,14,11,0,2,2,8,1,2,2
14,11,25,26,14,11,0,2,3,7,1,2,1
14,11,25,26,14,11,0,2,4,4,0,2,2
14,11,25,26,14,11,0,2,5,5,0,2,2
14,11,25,26,14,11,0,2,6,4,1,2,1
14,11,25,26,14,11,0,2,7,3,1,2,1
14,11,25,26,14,11,0,2,8,8,0,2,2
14,11,25,26,14,11,0,2,9,9,0,2,2
14,11,25,26,14,14,0,2,1,11,0,1,1
14,11,25,26,14,14,0,2,2,11,0,1,2
14,11,25,26,14,14,0,2,3,3,0,2,1
14,11,25,26,14,14,0,2,4,4,0,2,2
14,11,25,26,14,14,0,2,5,5,0,2,2
14,11,25,26,14,14,0,2,6,6,0,2,2
14,11,25,26,14,14,0,2,7,6,1,2,1
14,11,25,26,14,14,0,2,8,5,1,2,2
14,11,25,26,14,14,0,2,9,4,1,2,1
14,11,25,26,14,14,0,2,10,3,1,2,1
14,11,25,26,14,14,0,2,11,2,1,2,0
14,11,25,26,14,14,0,2,12,11,0,1,2
14,13,27,28,14,13,0,2,1,11,1,2,1
14,13,27,28,14,13,0,2,2,10,1,2,1
14,13,27,28,14,13,0,2,3,9,1,2,1
14,13,27,28,14,13,0,2,4,4,0,2,2
14,13,27,28,14,13,0,2,5,5,0,2,2
14,13,27,28,14,13,0,2,6,6,0,2,2
14,13,27,28,14,13,0,2,7,5,1,2,1
14,13,27,28,14,13,0,2,8,4,1,2,1
14,13,27,28,14,13,0,2,9,3,1,2,1
14,13,27,28,14,13,0,2,10,10,0,2,2
14,13,27,28,14,13,0,2,11,11,0,2,2
14,13,27,28,14,14,0,2,1,12,1,2,2
14,13,27,28,14,14,0,2,2,11,1,2,2
14,13,27,28,14,14,0,2,3,10,1,2,1
14,13,27,28,14,14,0,2,4,4,0,2,2
14,13,27,28,14,14,0,2,5,5,0,2,2
14,13,27,28,14,14,0,2,6,6,0,2,2
14,13,27,28,14,14,0,2,7,6,1,2,2
14,13,27,28,14,14,0,2,8,5,1,2,1
14,13,27,28,14,14,0,2,9,4,1,2,1
14,13,27,28,14,14,0,2,10,10,0,2,2
14,13,27,28,14,14,0,2,11,11,0,2,2
14,13,27,28,14,14,0,2,12,12,0,2,2
14,14,28,29,14,14,0,2,1,12,1,2,1
14,14,28,29,14,14,0,2,2,11,1,2,2
14,14,28,29,14,14,0,2,3,10,1,2,1
14,14,28,29,14,14,0,2,4,4,0,2,2
14,14,28,29,14,14,0,2,5,5,0,2,2
14,14,28,29,14,14,0,2,6,6,0,2,2
14,14,28,29,14,14,0,2,7,6,1,2,2
14,14,28,29,14,14,0,2,8,5,1,2,2
14,14,28,29,14,14,0,2,9,4,1,2,1
14,14,28,29,14,14,0,2,10,10,0,2,2
14,14,28,29,14,14,0,2,11,11,0,2,2
14,14,28,29,14,14,0,2,12,12,0,2,2
14,15,29,30,14,14,0,2,1,12,1,2,1
14,15,29,30,14,14,0,2,2,11,1,2,1
14,15,29,30,14,14,0,2,3,3,0,2,1
14,15,29,30,14,14,0,2,4,4,0,2,1
14,15,29,30,14,14,0,2,5,5,0,2,1
14,15,29,30,14,14,0,2,6,6,0,2,2
14,15,29,30,14,14,0,2,7,6,1,2,1
14,15,29,30,14,14,0,2,8,5,1,2,1
14,15,29,30,14,14,0,2,9,4,1,2,1
14,15,29,30,14,14,0,2,10,3,1,2,1
14,15,29,30,14,14,0,2,11,11,0,2,1
14,15,29,30,14,14,0,2,12,12,0,2,1
14,15,29,30,14,15,0,2,1,13,1,2,2
14,15,29,30,14,15,0,2,2,12,1,2,2
14,15,29,30,14,15,0,2,3,11,1,2,1
14,15,29,30,14,15,0,2,4,4,0,2,2
14,15,29,30,14,15,0,2,5,5,0,2,2
14,15,29,30,14,15,0,2,6,6,0,2,2
14,15,29,30,14,15,0,2,7,7,0,2,2
14,15,29,30,14,15,0,2,8,6,1,2,2
14,15,29,30,14,15,0,2,9,5,1,2,1
14,15,29,30,14,15,0,2,10,4,1,2,1
14,15,29,30,14,15,0,2,11,11,0,2,2
14,15,29,30,14,15,0,2,12,12,0,2,2
14,15,29,30,14,15,0,2,13,13,0,2,2
14,17,31,32,14,14,0,2,1,12,1,2,0
14,17,31,32,14,14,0,2,2,11,1,2,2
14,17,31,32,14,14,0,2,3,10,1,2,1
14,17,31,32,14,14,0,2,4,4,0,2,2
14,17,31,32,14,14,0,2,5,5,0,2,2
14,17,31,32,14,14,0,2,6,6,0,2,2
14,17,31,32,14,14,0,2,7,6,1,2,1
14,17,31,32,14,14,0,2,8,5,1,2,2
14,17,31,32,14,14,0,2,9,4,1,2,1
14,17,31,32,14,14,0,2,10,3,1,2,1
14,17,31,32,14,14,0,2,11,11,0,2,2
14,17,31,32,14,14,0,2,12,12,0,2,2
14,17,31,32,14,17,0,2,1,14,0,1,1
14,17,31,32,14,17,0,2,2,14,0,1,2
14,17,31,32,14,17,0,2,3,3,0,2,1
14,17,31,32,14,17,0,2,4,4,0,2,2
14,17,31,32,14,17,0,2,5,5,0,2,2
14,17,31,32,14,17,0,2,6,6,0,2,2
14,17,31,32,14,17,0,2,7,7,0,2,2
14,17,31,32,14,17,0,2,8,8,0,2,2
14,17,31,32,14,17,0,2,9,7,1,2,1
14,17,31,32,14,17,0,2,10,6,1,2,1
14,17,31,32,14,17,0,2,11,5,1,2,2
14,17,31,32,14,17,0,2,12,4,1,2,1
14,17,31,32,14,17,0,2,13,3,1,2,1
14,17,31,32,14,17,0,2,14,2,1,2,0
14,17,31,32,14,17,0,2,15,14,0,1,2
14,18,32,33,14,14,0,2,1,12,1,2,1
14,18,32,33,14,14,0,2,2,11,1,2,2
14,18,32,33,14,14,0,2,3,10,1,2,1
14,18,32,33,14,14,0,2,4,4,0,2,2
14,18,32,33,14,14,0,2,5,5,0,2,2
14,18,32,33,14,14,0,2,6,6,0,2,2
14,18,32,33,14,14,0,2,7,6,1,2,2
14,18,32,33,14,14,0,2,8,5,1,2,2
14,18,32,33,14,14,0,2,9,4,1,2,2
14,18,32,33,14,14,0,2,10,10,0,2,2
14,18,32,33,14,14,0,2,11,11,0,2,2
14,18,32,33,14,14,0,2,12,12,0,2,2
14,18,32,33,14,18,0,2,1,14,0,1,1
14,18,32,33,14,18,0,2,2,14,0,1,2
14,18,32,33,14,18,0,2,3,3,0,2,1
14,18,32,33,14,18,0,2,4,4,0,2,2
14,18,32,33,14,18,0,2,5,5,0,2,2
14,18,32,33,14,18,0,2,6,6,0,2,1
14,18,32,33,14,18,0,2,7,7,0,2,2
14,18,32,33,14,18,0,2,8,8,0,2,2
14,18,32,33,14,18,0,2,9,8,1,2,2
14,18,32,33,14,18,0,2,10,7,1,2,2
14,18,32,33,14,18,0,2,11,6,1,2,1
14,18,32,33,14,18,0,2,12,5,1,2,2
14,18,32,33,14,18,0,2,13,4,1,2,2
14,18,32,33,14,18,0,2,14,3,1,2,1
14,18,32,33,14,18,0,2,15,14,0,1,2
14,18,32,33,14,18,0,2,16,14,0,1,2
14,19,33,34,14,14,0,2,1,12,1,2,1
14,19,33,34,14,14,0,2,2,11,1,2,2
14,19,33,34,14,14,0,2,3,10,1,2,1
14,19,33,34,14,14,0,2,4,4,0,2,2
14,19,33,34,14,14,0,2,5,5,0,2,2
14,19,33,34,14,14,0,2,6,6,0,2,2
14,19,33,34,14,14,0,2,7,6,1,2,1
14,19,33,34,14,14,0,2,8,5,1,2,1
14,19,33,34,14,14,0,2,9,4,1,2,1
14,19,33,34,14,14,0,2,10,3,1,2,1
14,19,33,34,14,14,0,2,11,11,0,2,2
14,19,33,34,14,14,0,2,12,12,0,2,2
14,19,33,34,14,19,0,2,1,14,0,1,1
14,19,33,34,14,19,0,2,2,14,0,1,1
14,19,33,34,14,19,0,2,3,14,0,1,2
14,19,33,34,14,19,0,2,4,4,0,2,2
14,19,33,34,14,19,0,2,5,5,0,2,2
14,19,33,34,14,19,0,2,6,6,0,2,2
14,19,33,34,14,19,0,2,7,7,0,2,2
14,19,33,34,14,19,0,2,8,8,0,2,2
14,19,33,34,14,19,0,2,9,9,0,2,2
14,19,33,34,14,19,0,2,10,8,1,2,1
14,19,33,34,14,19,0,2,11,7,1,2,1
14,19,33,34,14,19,0,2,12,6,1,2,1
14,19,33,34,14,19,0,2,13,5,1,2,1
14,19,33,34,14,19,0,2,14,4,1,2,1
14,19,33,34,14,19,0,2,15,3,1,2,1
14,19,33,34,14,19,0,2,16,14,0,1,2
14,19,33,34,14,19,0,2,17,14,0,1,1
14,20,34,35,14,14,0,2,1,12,1,2,1
14,20,34,35,14,14,0,2,2,11,1,2,1
14,20,34,35,14,14,0,2,3,10,1,2,1
14,20,34,35,14,14,0,2,4,4,0,2,2
14,20,34,35,14,14,0,2,5,5,0,2,2
14,20,34,35,14,14,0,2,6,6,0,2,2
14,20,34,35,14,14,0,2,7,6,1,2,2
14,20,34,35,14,14,0,2,8,5,1,2,2
14,20,34,35,14,14,0,2,9,4,1,2,1
14,20,34,35,14,14,0,2,10,10,0,2,2
14,20,34,35,14,14,0,2,11,11,0,2,2
14,20,34,35,14,14,0,2,12,12,0,2,2
14,20,34,35,14,20,0,2,1,14,0,1,1
14,20,34,35,14,20,0,2,2,14,0,1,2
14,20,34,35,14,20,0,2,3,14,0,1,2
14,20,34,35,14,20,0,2,4,4,0,2,2
14,20,34,35,14,20,0,2,5,5,0,2,2
14,20,34,35,14,20,0,2,6,6,0,2,2
14,20,34,35,14,20,0,2,7,7,0,2,2
14,20,34,35,14,20,0,2,8,8,0,2,2
14,20,34,35,14,20,0,2,9,9,0,2,2
14,20,34,35,14,20,0,2,10,9,1,2,2
14,20,34,35,14,20,0,2,11,8,1,2,2
14,20,34,35,14,20,0,2,12,7,1,2,2
14,20,34,35,14,20,0,2,13,6,1,2,2
14,20,34,35,14,20,0,2,14,5,1,2,2
14,20,34,35,14,20,0,2,15,4,1,2,2
14,20,34,35,14,20,0,2,16,14,0,1,2
14,20,34,35,14,20,0,2,17,14,0,1,2
14,20,34,35,14,20,0,2,18,14,0,1,2
14,21,35,36,14,14,0,2,1,12,1,2,1
14,21,35,36,14,14,0,2,2,11,1,2,2
14,21,35,36,14,14,0,2,3,3,0,2,1
14,21,35,36,14,14,0,2,4,4,0,2,1
14,21,35,36,14,14,0,2,5,5,0,2,1
14,21,35,36,14,14,0,2,6,6,0,2,2
14,21,35,36,14,14,0,2,7,6,1,2,1
14,21,35,36,14,14,0,2,8,5,1,2,1
14,21,35,36,14,14,0,2,9,4,1,2,1
14,21,35,36,14,14,0,2,10,3,1,2,1
14,21,35,36,14,14,0,2,11,11,0,2,1
14,21,35,36,14,14,0,2,12,12,0,2,1
14,21,35,36,14,21,0,2,1,14,0,1,1
14,21,35,36,14,21,0,2,2,14,0,1,1
14,21,35,36,14,21,0,2,3,14,0,1,1
14,21,35,36,14,21,0,2,4,4,0,2,2
14,21,35,36,14,21,0,2,5,5,0,2,2
14,21,35,36,14,21,0,2,6,6,0,2,2
14,21,35,36,14,21,0,2,7,7,0,2,2
14,21,35,36,14,21,0,2,8,8,0,2,2
14,21,35,36,14,21,0,2,9,9,0,2,2
14,21,35,36,14,21,0,2,10,10,0,2,2
14,21,35,36,14,21,0,2,11,9,1,2,2
14,21,35,36,14,21,0,2,12,8,1,2,1
14,21,35,36,14,21,0,2,13,7,1,2,1
14,21,35,36,14,21,0,2,14,6,1,2,2
14,21,35,36,14,21,0,2,15,5,1,2,1
14,21,35,36,14,21,0,2,16,4,1,2,1
14,21,35,36,14,21,0,2,17,14,0,1,2
14,21,35,36,14,21,0,2,18,14,0,1,1
14,21,35,36,14,21,0,2,19,14,0,1,1
14,22,36,37,14,14,0,2,1,12,1,2,1
14,22,36,37,14,14,0,2,2,11,1,2,2
14,22,36,37,14,14,0,2,3,10,1,2,1
14,22,36,37,14,14,0,2,4,4,0,2,2
14,22,36,37,14,14,0,2,5,5,0,2,2
14,22,36,37,14,14,0,2,6,6,0,2,2
14,22,36,37,14,14,0,2,7,6,1,2,2
14,22,36,37,14,14,0,2,8,5,1,2,2
14,22,36,37,14,14,0,2,9,4,1,2,2
14,22,36,37,14,14,0,2,10,10,0,2,2
14,22,36,37,14,14,0,2,11,11,0,2,2
14,22,36,37,14,14,0,2,12,12,0,2,2
14,22,36,37,14,22,0,2,1,14,0,1,1
14,22,36,37,14,22,0,2,2,14,0,1,2
14,22,36,37,14,22,0,2,3,14,0,1,2
14,22,36,37,14,22,0,2,4,4,0,2,2
14,22,36,37,14,22,0,2,5,5,0,2,2
14,22,36,37,14,22,0,2,6,6,0,2,2
14,22,36,37,14,22,0,2,7,7,0,2,2
14,22,36,37,14,22,0,2,8,8,0,2,2
14,22,36,37,14,22,0,2,9,9,0,2,2
14,22,36,37,14,22,0,2,10,10,0,2,2
14,22,36,37,14,22,0,2,11,10,1,2,2
14,22,36,37,14,22,0,2,12,9,1,2,2
14,22,36,37,14,22,0,2,13,8,1,2,2
14,22,36,37,14,22,0,2,14,7,1,2,3
14,22,36,37,14,22,0,2,15,6,1,2,2
14,22,36,37,14,22,0,2,16,5,1,2,2
14,22,36,37,14,22,0,2,17,14,0,1,2
14,22,36,37,14,22,0,2,18,14,0,1,2
14,22,36,37,14,22,0,2,19,14,0,1,2
14,22,36,37,14,22,0,2,20,14,0,1,2
14,23,37,38,14,14,0,2,1,12,1,2,1
14,23,37,38,14,14,0,2,2,11,1,2,2
14,23,37,38,14,14,0,2,3,10,1,2,1
14,23,37,38,14,14,0,2,4,4,0,2,2
14,23,37,38,14,14,0,2,5,5,0,2,2
14,23,37,38,14,14,0,2,6,6,0,2,2
14,23,37,38,14,14,0,2,7,6,1,2,1
14,23,37,38,14,14,0,2,8,5,1,2,1
14,23,37,38,14,14,0,2,9,4,1,2,1
14,23,37,38,14,14,0,2,10,3,1,2,1
14,23,37,38,14,14,0,2,11,11,0,2,2
14,23,37,38,14,14,0,2,12,12,0,2,2
14,23,37,38,14,23,0,2,1,14,0,1,1
14,23,37,38,14,23,0,2,2,14,0,1,1
14,23,37,38,14,23,0,2,3,14,0,1,1
14,23,37,38,14,23,0,2,4,4,0,2,2
14,23,37,38,14,23,0,2,5,5,0,2,2
14,23,37,38,14,23,0,2,6,6,0,2,2
14,23,37,38,14,23,0,2,7,7,0,2,2
14,23,37,38,14,23,0,2,8,8,0,2,2
14,23,37,38,14,23,0,2,9,9,0,2,2
14,23,37,38,14,23,0,2,10,10,0,2,2
14,23,37,38,14,23,0,2,11,11,0,2,2
14,23,37,38,14,23,0,2,12,10,1,2,1
14,23,37,38,14,23,0,2,13,9,1,2,1
14,23,37,38,14,23,0,2,14,8,1,2,1
14,23,37,38,14,23,0,2,15,7,1,2,1
14,23,37,38,14,23,0,2,16,6,1,2,1
14,23,37,38,14,23,0,2,17,5,1,2,1
14,23,37,38,14,23,0,2,18,4,1,2,1
14,23,37,38,14,23,0,2,19,3,1,2,1
14,23,37,38,14,23,0,2,20,14,0,1,2
14,23,37,38,14,23,0,2,21,14,0,1,2
14,24,38,39,14,14,0,2,1,12,1,2,1
14,24,38,39,14,14,0,2,2,11,1,2,2
14,24,38,39,14,14,0,2,3,10,1,2,1
14,24,38,39,14,14,0,2,4,4,0,2,2
14,24,38,39,14,14,0,2,5,5,0,2,2
14,24,38,39,14,14,0,2,6,6,0,2,2
14,24,38,39,14,14,0,2,7,6,1,2,2
14,24,38,39,14,14,0,2,8,5,1,2,2
14,24,38,39,14,14,0,2,9,4,1,2,2
14,24,38,39,14,14,0,2,10,10,0,2,2
14,24,38,39,14,14,0,2,11,11,0,2,2
14,24,38,39,14,14,0,2,12,12,0,2,2
14,24,38,39,14,24,0,2,1,14,0,1,1
14,24,38,39,14,24,0,2,2,14,0,1,2
14,24,38,39,14,24,0,2,3,14,0,1,1
14,24,38,39,14,24,0,2,4,4,0,2,2
14,24,38,39,14,24,0,2,5,5,0,2,2
14,24,38,39,14,24,0,2,6,6,0,2,2
14,24,38,39,14,24,0,2,7,7,0,2,2
14,24,38,39,14,24,0,2,8,8,0,2,2
14,24,38,39,14,24,0,2,9,9,0,2,2
14,24,38,39,14,24,0,2,10,10,0,2,2
14,24,38,39,14,24,0,2,11,11,0,2,2
14,24,38,39,14,24,0,2,12,11,1,2,2
14,24,38,39,14,24,0,2,13,10,1,2,2
14,24,38,39,14,24,0,2,14,9,1,2,2
14,24,38,39,14,24,0,2,15,8,1,2,2
14,24,38,39,14,24,0,2,16,7,1,2,2
14,24,38,39,14,24,0,2,17,6,1,2,1
14,24,38,39,14,24,0,2,18,5,1,2,2
14,24,38,39,14,24,0,2,19,4,1,2,2
14,24,38,39,14,24,0,2,20,14,0,1,2
14,24,38,39,14,24,0,2,21,14,0,1,2
14,24,38,39,14,24,0,2,22,14,0,1,2
14,25,39,40,14,14,0,2,1,12,1,2,1
14,25,39,40,14,14,0,2,2,11,1,2,2
14,25,39,40,14,14,0,2,3,10,1,2,1
14,25,39,40,14,14,0,2,4,4,0,2,2
14,25,39,40,14,14,0,2,5,5,0,2,2
14,25,39,40,14,14,0,2,6,6,0,2,2
14,25,39,40,14,14,0,2,7,6,1,2,1
14,25,39,40,14,14,0,2,8,5,1,2,1
14,25,39,40,14,14,0,2,9,4,1,2,1
14,25,39,40,14,14,0,2,10,3,1,2,1
14,25,39,40,14,14,0,2,11,11,0,2,2
14,25,39,40,14,14,0,2,12,12,0,2,2
14,25,39,40,14,25,0,2,1,14,0,1,1
14,25,39,40,14,25,0,2,2,14,0,1,1
14,25,39,40,14,25,0,2,3,14,0,1,1
14,25,39,40,14,25,0,2,4,4,0,2,2
14,25,39,40,14,25,0,2,5,5,0,2,2
14,25,39,40,14,25,0,2,6,6,0,2,2
14,25,39,40,14,25,0,2,7,7,0,2,2
14,25,39,40,14,25,0,2,8,8,0,2,2
14,25,39,40,14,25,0,2,9,9,0,2,2
14,25,39,40,14,25,0,2,10,10,0,2,2
14,25,39,40,14,25,0,2,11,11,0,2,2
14,25,39,40,14,25,0,2,12,12,0,2,2
14,25,39,40,14,25,0,2,13,11,1,2,1
14,25,39,40,14,25,0,2,14,10,1,2,1
14,25,39,40,14,25,0,2,15,9,1,2,1
14,25,39,40,14,25,0,2,16,8,1,2,1
14,25,39,40,14,25,0,2,17,7,1,2,1
14,25,39,40,14,25,0,2,18,6,1,2,1
14,25,39,40,14,25,0,2,19,5,1,2,1
14,25,39,40,14,25,0,2,20,4,1,2,1
14,25,39,40,14,25,0,2,21,3,1,2,1
14,25,39,40,14,25,0,2,22,14,0,1,2
14,25,39,40,14,25,0,2,23,14,0,1,1
14,26,40,41,14,14,0,2,1,12,1,2,0
14,26,40,41,14,14,0,2,2,11,1,2,1
14,26,40,41,14,14,0,2,3,10,1,2,1
14,26,40,41,14,14,0,2,4,4,0,2,2
14,26,40,41,14,14,0,2,5,5,0,2,2
14,26,40,41,14,14,0,2,6,6,0,2,2
14,26,40,41,14,14,0,2,7,6,1,2,1
14,26,40,41,14,14,0,2,8,5,1,2,2
14,26,40,41,14,14,0,2,9,4,1,2,2
14,26,40,41,14,14,0,2,10,10,0,2,2
14,26,40,41,14,14,0,2,11,11,0,2,2
14,26,40,41,14,14,0,2,12,12,0,2,2
14,26,40,41,14,26,0,2,1,14,0,1,1
14,26,40,41,14,26,0,2,2,14,0,1,2
14,26,40,41,14,26,0,2,3,14,0,1,1
14,26,40,41,14,26,0,2,4,4,0,2,2
14,26,40,41,14,26,0,2,5,5,0,2,2
14,26,40,41,14,26,0,2,6,6,0,2,2
14,26,40,41,14,26,0,2,7,7,0,2,2
14,26,40,41,14,26,0,2,8,8,0,2,2
14,26,40,41,14,26,0,2,9,9,0,2,2
14,26,40,41,14,26,0,2,10,10,0,2,2
14,26,40,41,14,26,0,2,11,11,0,2,2
14,26,40,41,14,26,0,2,12,12,0,2,2
14,26,40,41,14,26,0,2,13,12,1,2,2
14,26,40,41,14,26,0,2,14,11,1,2,2
14,26,40,41,14,26,0,2,15,10,1,2,2
14,26,40,41,14,26,0,2,16,9,1,2,2
14,26,40,41,14,26,0,2,17,8,1,2,2
14,26,40,41,14,26,0,2,18,7,1,2,2
14,26,40,41,14,26,0,2,19,6,1,2,2
14,26,40,41,14,26,0,2,20,5,1,2,2
14,26,40,41,14,26,0,2,21,4,1,2,2
14,26,40,41,14,26,0,2,22,14,0,1,2
14,26,40,41,14,26,0,2,23,14,0,1,2
14,26,40,41,14,26,0,2,24,14,0,1,2
14,27,41,42,14,14,0,2,1,12,1,2,1
14,27,41,42,14,14,0,2,2,11,1,2,2
14,27,41,42,14,14,0,2,3,10,1,2,1
14,27,41,42,14,14,0,2,4,4,0,2,2
14,27,41,42,14,14,0,2,5,5,0,2,2
14,27,41,42,14,14,0,2,6,6,0,2,2
14,27,41,42,14,14,0,2,7,6,1,2,1
14,27,41,42,14,14,0,2,8,5,1,2,1
14,27,41,42,14,14,0,2,9,4,1,2,1
14,27,41,42,14,14,0,2,10,3,1,2,1
14,27,41,42,14,14,0,2,11,11,0,2,2
14,27,41,42,14,14,0,2,12,12,0,2,2
14,27,41,42,14,27,0,2,1,14,0,1,1
14,27,41,42,14,27,0,2,2,14,0,1,1
14,27,41,42,14,27,0,2,3,14,0,1,1
14,27,41,42,14,27,0,2,4,4,0,2,2
14,27,41,42,14,27,0,2,5,5,0,2,2
14,27,41,42,14,27,0,2,6,6,0,2,2
14,27,41,42,14,27,0,2,7,7,0,2,2
14,27,41,42,14,27,0,2,8,8,0,2,2
14,27,41,42,14,27,0,2,9,9,0,2,2
14,27,41,42,14,27,0,2,10,10,0,2,2
14,27,41,42,14,27,0,2,11,11,0,2,2
14,27,41,42,14,27,0,2,12,12,0,2,2
14,27,41,42,14,27,0,2,13,13,0,2,2
14,27,41,42,14,27,0,2,14,12,1,2,1
14,27,41,42,14,27,0,2,15,11,1,2,1
14,27,41,42,14,27,0,2,16,10,1,2,1
14,27,41,42,14,27,0,2,17,9,1,2,2
14,27,41,42,14,27,0,2,18,8,1,2,1
14,27,41,42,14,27,0,2,19,7,1,2,1
14,27,41,42,14,27,0,2,20,6,1,2,2
14,27,41,42,14,27,0,2,21,5,1,2,1
14,27,41,42,14,27,0,2,22,4,1,2,1
14,27,41,42,14,27,0,2,23,3,1,2,1
14,27,41,42,14,27,0,2,24,14,0,1,1
14,27,41,42,14,27,0,2,25,14,0,1,2
14,28,42,43,14,14,0,2,1,12,1,2,1
14,28,42,43,14,14,0,2,2,11,1,2,2
14,28,42,43,14,14,0,2,3,10,1,2,1
14,28,42,43,14,14,0,2,4,4,0,2,2
14,28,42,43,14,14,0,2,5,5,0,2,2
14,28,42,43,14,14,0,2,6,6,0,2,2
14,28,42,43,14,14,0,2,7,6,1,2,2
14,28,42,43,14,14,0,2,8,5,1,2,2
14,28,42,43,14,14,0,2,9,4,1,2,2
14,28,42,43,14,14,0,2,10,10,0,2,2
14,28,42,43,14,14,0,2,11,11,0,2,2
14,28,42,43,14,14,0,2,12,12,0,2,2
14,28,42,43,14,28,0,2,1,14,0,1,1
14,28,42,43,14,28,0,2,2,14,0,1,2
14,28,42,43,14,28,0,2,3,14,0,1,1
14,28,42,43,14,28,0,2,4,4,0,2,2
14,28,42,43,14,28,0,2,5,5,0,2,2
14,28,42,43,14,28,0,2,6,6,0,2,2
14,28,42,43,14,28,0,2,7,7,0,2,2
14,28,42,43,14,28,0,2,8,8,0,2,2
14,28,42,43,14,28,0,2,9,9,0,2,2
14,28,42,43,14,28,0,2,10,10,0,2,2
14,28,42,43,14,28,0,2,11,11,0,2,2
14,28,42,43,14,28,0,2,12,12,0,2,2
14,28,42,43,14,28,0,2,13,13,0,2,2
14,28,42,43,14,28,0,2,14,13,1,2,2
14,28,42,43,14,28,0,2,15,12,1,2,2
14,28,42,43,14,28,0,2,16,11,1,2,2
14,28,42,43,14,28,0,2,17,10,1,2,2
14,28,42,43,14,28,0,2,18,9,1,2,2
14,28,42,43,14,28,0,2,19,8,1,2,2
14,28,42,43,14,28,0,2,20,7,1,2,2
14,28,42,43,14,28,0,2,21,6,1,2,2
14,28,42,43,14,28,0,2,22,5,1,2,2
14,28,42,43,14,28,0,2,23,4,1,2,2
14,28,42,43,14,28,0,2,24,14,0,1,2
14,28,42,43,14,28,0,2,25,14,0,1,2
14,28,42,43,14,28,0,2,26,14,0,1,2
14,29,43,44,14,14,0,2,1,12,1,2,1
14,29,43,44,14,14,0,2,2,11,1,2,2
14,29,43,44,14,14,0,2,3,10,1,2,1
14,29,43,44,14,14,0,2,4,4,0,2,2
14,29,43,44,14,14,0,2,5,5,0,2,2
14,29,43,44,14,14,0,2,6,6,0,2,2
14,29,43,44,14,14,0,2,7,6,1,2,1
14,29,43,44,14,14,0,2,8,5,1,2,1
14,29,43,44,14,14,0,2,9,4,1,2,1
14,29,43,44,14,14,0,2,10,3,1,2,1
14,29,43,44,14,14,0,2,11,11,0,2,2
14,29,43,44,14,14,0,2,12,12,0,2,2
14,29,43,44,14,29,0,2,1,14,0,1,1
14,29,43,44,14,29,0,2,2,14,0,1,1
14,29,43,44,14,29,0,2,3,14,0,1,1
14,29,43,44,14,29,0,2,4,4,0,2,2
14,29,43,44,14,29,0,2,5,5,0,2,2
14,29,43,44,14,29,0,2,6,6,0,2,2
14,29,43,44,14,29,0,2,7,7,0,2,2
14,29,43,44,14,29,0,2,8,8,0,2,2
14,29,43,44,14,29,0,2,9,9,0,2,2
14,29,43,44,14,29,0,2,10,10,0,2,2
14,29,43,44,14,29,0,2,11,11,0,2,2
14,29,43,44,14,29,0,2,12,12,0,2,2
14,29,43,44,14,29,0,2,13,13,0,2,2
14,29,43,44,14,29,0,2,14,14,0,1,1
14,29,43,44,14,29,0,2,15,13,1,2,1
14,29,43,44,14,29,0,2,16,12,1,2,1
14,29,43,44,14,29,0,2,17,11,1,2,1
14,29,43,44,14,29,0,2,18,10,1,2,1
14,29,43,44,14,29,0,2,19,9,1,2,1
14,29,43,44,14,29,0,2,20,8,1,2,1
14,29,43,44,14,29,0,2,21,7,1,2,1
14,29,43,44,14,29,0,2,22,6,1,2,1
14,29,43,44,14,29,0,2,23,5,1,2,1
14,29,43,44,14,29,0,2,24,4,1,2,1
14,29,43,44,14,29,0,2,25,3,1,2,1
14,29,43,44,14,29,0,2,26,14,0,1,2
14,29,43,44,14,29,0,2,27,14,0,1,2
14,30,44,45,14,14,0,2,1,12,1,2,1
14,30,44,45,14,14,0,2,2,11,1,2,2
14,30,44,45,14,14,0,2,3,10,1,2,1
14,30,44,45,14,14,0,2,4,4,0,2,2
14,30,44,45,14,14,0,2,5,5,0,2,2
14,30,44,45,14,14,0,2,6,6,0,2,2
14,30,44,45,14,14,0,2,7,6,1,2,2
14,30,44,45,14,14,0,2,8,5,1,2,2
14,30,44,45,14,14,0,2,9,4,1,2,2
14,30,44,45,14,14,0,2,10,10,0,2,2
14,30,44,45,14,14,0,2,11,11,0,2,2
14,30,44,45,14,14,0,2,12,12,0,2,2
14,30,44,45,14,30,0,2,1,14,0,1,1
14,30,44,45,14,30,0,2,2,14,0,1,2
14,30,44,45,14,30,0,2,3,14,0,1,1
14,30,44,45,14,30,0,2,4,4,0,2,2
14,30,44,45,14,30,0,2,5,5,0,2,2
14,30,44,45,14,30,0,2,6,6,0,2,2
14,30,44,45,14,30,0,2,7,7,0,2,2
14,30,44,45,14,30,0,2,8,8,0,2,2
14,30,44,45,14,30,0,2,9,9,0,2,2
14,30,44,45,14,30,0,2,10,10,0,2,2
14,30,44,45,14,30,0,2,11,11,0,2,2
14,30,44,45,14,30,0,2,12,12,0,2,2
14,30,44,45,14,30,0,2,13,13,0,2,2
14,30,44,45,14,30,0,2,14,14,0,1,2
14,30,44,45,14,30,0,2,15,14,0,1,2
14,30,44,45,14,30,0,2,16,13,1,2,2
14,30,44,45,14,30,0,2,17,12,1,2,2
14,30,44,45,14,30,0,2,18,11,1,2,2
14,30,44,45,14,30,0,2,19,10,1,2,2
14,30,44,45,14,30,0,2,20,9,1,2,2
14,30,44,45,14,30,0,2,21,8,1,2,2
14,30,44,45,14,30,0,2,22,7,1,2,2
14,30,44,45,14,30,0,2,23,6,1,2,2
14,30,44,45,14,30,0,2,24,5,1,2,2
14,30,44,45,14,30,0,2,25,4,1,2,2
14,30,44,45,14,30,0,2,26,14,0,1,2
14,30,44,45,14,30,0,2,27,14,0,1,2
14,30,44,45,14,30,0,2,28,14,0,1,2
15,2,17,18,15,15,0,2,1,13,1,2,0
15,2,17,18,15,15,0,2,2,12,1,2,1
15,2,17,18,15,15,0,2,3,11,1,2,1
15,2,17,18,15,15,0,2,4,4,0,2,2
15,2,17,18,15,15,0,2,5,5,0,2,2
15,2,17,18,15,15,0,2,6,6,0,2,2
15,2,17,18,15,15,0,2,7,7,0,2,3
15,2,17,18,15,15,0,2,8,6,1,2,2
15,2,17,18,15,15,0,2,9,5,1,2,1
15,2,17,18,15,15,0,2,10,4,1,2,2
15,2,17,18,15,15,0,2,11,3,1,2,1
15,2,17,18,15,15,0,2,12,12,0,2,2
15,2,17,18,15,15,0,2,13,13,0,2,2
15,3,18,19,15,3,0,2,1,15,0,1,2
15,3,18,19,15,15,0,2,1,13,1,2,1
15,3,18,19,15,15,0,2,2,12,1,2,2
15,3,18,19,15,15,0,2,3,11,1,2,2
15,3,18,19,15,15,0,2,4,4,0,2,2
15,3,18,19,15,15,0,2,5,5,0,2,2
15,3,18,19,15,15,0,2,6,6,0,2,2
15,3,18,19,15,15,0,2,7,7,0,2,2
15,3,18,19,15,15,0,2,8,6,1,2,2
15,3,18,19,15,15,0,2,9,5,1,2,2
15,3,18,19,15,15,0,2,10,4,1,2,2
15,3,18,19,15,15,0,2,11,11,0,2,2
15,3,18,19,15,15,0,2,12,12,0,2,2
15,3,18,19,15,15,0,2,13,13,0,2,2
15,4,19,20,15,4,0,2,1,15,0,1,1
15,4,19,20,15,4,0,2,2,15,0,1,2
15,4,19,20,15,15,0,2,1,4,0,1,1
15,4,19,20,15,15,0,2,2,4,0,1,1
15,4,19,20,15,15,0,2,3,4,0,1,1
15,4,19,20,15,15,0,2,4,4,0,1,1
15,4,19,20,15,15,0,2,5,4,0,1,1
15,4,19,20,15,15,0,2,6,6,0,2,2
15,4,19,20,15,15,0,2,7,4,0,1,1
15,4,19,20,15,15,0,2,8,4,0,1,1
15,4,19,20,15,15,0,2,9,5,1,2,2
15,4,19,20,15,15,0,2,10,4,0,1,1
15,4,19,20,15,15,0,2,11,3,1,2,1
15,4,19,20,15,15,0,2,12,4,0,1,1
15,4,19,20,15,15,0,2,13,4,0,1,1
15,5,20,21,15,5,0,2,1,3,1,2,1
15,5,20,21,15,5,0,2,2,15,0,1,2
15,5,20,21,15,5,0,2,3,15,0,1,1
15,5,20,21,15,15,0,2,1,5,0,1,2
15,5,20,21,15,15,0,2,2,5,0,1,2
15,5,20,21,15,15,0,2,3,5,0,1,2
15,5,20,21,15,15,0,2,4,4,0,2,2
15,5,20,21,15,15,0,2,5,5,0,1,2
15,5,20,21,15,15,0,2,6,5,0,1,2
15,5,20,21,15,15,0,2,7,5,0,1,2
15,5,20,21,15,15,0,2,8,5,0,1,2
15,5,20,21,15,15,0,2,9,5,0,1,2
15,5,20,21,15,15,0,2,10,4,1,2,1
15,5,20,21,15,15,0,2,11,3,1,2,1
15,5,20,21,15,15,0,2,12,5,0,1,2
15,5,20,21,15,15,0,2,13,5,0,1,2
15,6,21,22,15,6,0,2,1,4,1,2,1
15,6,21,22,15,6,0,2,2,15,0,1,1
15,6,21,22,15,6,0,2,3,15,0,1,2
15,6,21,22,15,6,0,2,4,4,0,2,2
15,6,21,22,15,15,0,2,1,6,0,1,1
15,6,21,22,15,15,0,2,2,6,0,1,2
15,6,21,22,15,15,0,2,3,6,0,1,2
15,6,21,22,15,15,0,2,4,4,0,2,2
15,6,21,22,15,15,0,2,5,5,0,2,2
15,6,21,22,15,15,0,2,6,6,0,1,1
15,6,21,22,15,15,0,2,7,6,0,1,3
15,6,21,22,15,15,0,2,8,6,0,1,3
15,6,21,22,15,15,0,2,9,5,1,2,1
15,6,21,22,15,15,0,2,10,4,1,2,2
15,6,21,22,15,15,0,2,11,3,1,2,1
15,6,21,22,15,15,0,2,12,6,0,1,3
15,6,21,22,15,15,0,2,13,6,0,1,3
15,7,22,23,15,7,0,2,1,5,1,2,1
15,7,22,23,15,7,0,2,2,4,1,2,2
15,7,22,23,15,7,0,2,3,3,1,2,1
15,7,22,23,15,7,0,2,4,4,0,2,2
15,7,22,23,15,7,0,2,5,5,0,2,2
15,7,22,23,15,15,0,2,1,7,0,1,1
15,7,22,23,15,15,0,2,2,7,0,1,4
15,7,22,23,15,15,0,2,3,7,0,1,1
15,7,22,23,15,15,0,2,4,4,0,2,2
15,7,22,23,15,15,0,2,5,5,0,2,1
15,7,22,23,15,15,0,2,6,6,0,2,2
15,7,22,23,15,15,0,2,7,7,0,1,2
15,7,22,23,15,15,0,2,8,6,1,2,2
15,7,22,23,15,15,0,2,9,5,1,2,1
15,7,22,23,15,15,0,2,10,7,0,1,2
15,7,22,23,15,15,0,2,11,7,0,1,1
15,7,22,23,15,15,0,2,12,7,0,1,4
15,7,22,23,15,15,0,2,13,7,0,1,1
15,8,23,24,15,8,0,2,1,6,1,2,1
15,8,23,24,15,8,0,2,2,5,1,2,2
15,8,23,24,15,8,0,2,3,4,1,2,1
15,8,23,24,15,8,0,2,4,3,1,2,1
15,8,23,24,15,8,0,2,5,5,0,2,1
15,8,23,24,15,8,0,2,6,6,0,2,2
15,8,23,24,15,15,0,2,1,8,0,1,1
15,8,23,24,15,15,0,2,2,8,0,1,1
15,8,23,24,15,15,0,2,3,8,0,1,1
15,8,23,24,15,15,0,2,4,4,0,2,2
15,8,23,24,15,15,0,2,5,5,0,2,1
15,8,23,24,15,15,0,2,6,6,0,2,2
15,8,23,24,15,15,0,2,7,7,0,2,2
15,8,23,24,15,15,0,2,8,6,1,2,2
15,8,23,24,15,15,0,2,9,5,1,2,1
15,8,23,24,15,15,0,2,10,4,1,2,1
15,8,23,24,15,15,0,2,11,8,0,1,2
15,8,23,24,15,15,0,2,12,8,0,1,1
15,8,23,24,15,15,0,2,13,8,0,1,2
15,9,24,25,15,9,0,2,1,7,1,2,1
15,9,24,25,15,9,0,2,2,6,1,2,2
15,9,24,25,15,9,0,2,3,5,1,2,1
15,9,24,25,15,9,0,2,4,4,0,2,2
15,9,24,25,15,9,0,2,5,5,0,2,2
15,9,24,25,15,9,0,2,6,6,0,2,2
15,9,24,25,15,9,0,2,7,7,0,2,2
15,9,24,25,15,15,0,2,1,9,0,1,1
15,9,24,25,15,15,0,2,2,9,0,1,2
15,9,24,25,15,15,0,2,3,9,0,1,2
15,9,24,25,15,15,0,2,4,4,0,2,2
15,9,24,25,15,15,0,2,5,5,0,2,2
15,9,24,25,15,15,0,2,6,6,0,2,2
15,9,24,25,15,15,0,2,7,7,0,2,2
15,9,24,25,15,15,0,2,8,6,1,2,2
15,9,24,25,15,15,0,2,9,5,1,2,2
15,9,24,25,15,15,0,2,10,4,1,2,2
15,9,24,25,15,15,0,2,11,9,0,1,2
15,9,24,25,15,15,0,2,12,9,0,1,2
15,9,24,25,15,15,0,2,13,9,0,1,2
15,10,25,26,15,10,0,2,1,8,1,2,1
15,10,25,26,15,10,0,2,2,7,1,2,2
15,10,25,26,15,10,0,2,3,6,1,2,1
15,10,25,26,15,10,0,2,4,4,0,2,2
15,10,25,26,15,10,0,2,5,4,1,2,1
15,10,25,26,15,10,0,2,6,3,1,2,1
15,10,25,26,15,10,0,2,7,7,0,2,2
15,10,25,26,15,10,0,2,8,8,0,2,2
15,10,25,26,15,15,0,2,1,10,0,1,1
15,10,25,26,15,15,0,2,2,10,0,1,1
15,10,25,26,15,15,0,2,3,10,0,1,2
15,10,25,26,15,15,0,2,4,4,0,2,2
15,10,25,26,15,15,0,2,5,5,0,2,2
15,10,25,26,15,15,0,2,6,6,0,2,1
15,10,25,26,15,15,0,2,7,7,0,2,1
15,10,25,26,15,15,0,2,8,6,1,2,1
15,10,25,26,15,15,0,2,9,5,1,2,2
15,10,25,26,15,15,0,2,10,4,1,2,1
15,10,25,26,15,15,0,2,11,3,1,2,1
15,10,25,26,15,15,0,2,12,10,0,1,2
15,10,25,26,15,15,0,2,13,10,0,1,2
15,11,26,27,15,11,0,2,1,9,1,2,1
15,11,26,27,15,11,0,2,2,8,1,2,2
15,11,26,27,15,11,0,2,3,7,1,2,1
15,11,26,27,15,11,0,2,4,4,0,2,2
15,11,26,27,15,11,0,2,5,5,0,2,2
15,11,26,27,15,11,0,2,6,4,1,2,2
15,11,26,27,15,11,0,2,7,7,0,2,2
15,11,26,27,15,11,0,2,8,8,0,2,2
15,11,26,27,15,11,0,2,9,9,0,2,2
15,11,26,27,15,15,0,2,1,11,0,1,1
15,11,26,27,15,15,0,2,2,11,0,1,2
15,11,26,27,15,15,0,2,3,3,0,2,1
15,11,26,27,15,15,0,2,4,4,0,2,2
15,11,26,27,15,15,0,2,5,5,0,2,2
15,11,26,27,15,15,0,2,6,6,0,2,1
15,11,26,27,15,15,0,2,7,7,0,2,2
15,11,26,27,15,15,0,2,8,6,1,2,1
15,11,26,27,15,15,0,2,9,5,1,2,2
15,11,26,27,15,15,0,2,10,4,1,2,2
15,11,26,27,15,15,0,2,11,3,1,2,1
15,11,26,27,15,15,0,2,12,11,0,1,2
15,11,26,27,15,15,0,2,13,11,0,1,2
15,12,27,28,15,12,0,2,1,10,1,2,0
15,12,27,28,15,12,0,2,2,9,1,2,2
15,12,27,28,15,12,0,2,3,8,1,2,1
15,12,27,28,15,12,0,2,4,4,0,2,2
15,12,27,28,15,12,0,2,5,5,0,2,2
15,12,27,28,15,12,0,2,6,5,1,2,1
15,12,27,28,15,12,0,2,7,4,1,2,1
15,12,27,28,15,12,0,2,8,8,0,2,2
15,12,27,28,15,12,0,2,9,9,0,2,2
15,12,27,28,15,12,0,2,10,10,0,2,2
15,12,27,28,15,15,0,2,1,12,0,1,1
15,12,27,28,15,15,0,2,2,12,0,1,2
15,12,27,28,15,15,0,2,3,3,0,2,1
15,12,27,28,15,15,0,2,4,4,0,2,2
15,12,27,28,15,15,0,2,5,5,0,2,2
15,12,27,28,15,15,0,2,6,6,0,2,2
15,12,27,28,15,15,0,2,7,7,0,2,2
15,12,27,28,15,15,0,2,8,6,1,2,2
15,12,27,28,15,15,0,2,9,5,1,2,1
15,12,27,28,15,15,0,2,10,4,1,2,1
15,12,27,28,15,15,0,2,11,11,0,2,2
15,12,27,28,15,15,0,2,12,2,1,2,0
15,12,27,28,15,15,0,2,13,12,0,1,2
15,14,29,30,15,14,0,2,1,12,1,2,1
15,14,29,30,15,14,0,2,2,11,1,2,1
15,14,29,30,15,14,0,2,3,3,0,2,1
15,14,29,30,15,14,0,2,4,4,0,2,1
15,14,29,30,15,14,0,2,5,5,0,2,1
15,14,29,30,15,14,0,2,6,6,0,2,2
15,14,29,30,15,14,0,2,7,6,1,2,1
15,14,29,30,15,14,0,2,8,5,1,2,1
15,14,29,30,15,14,0,2,9,4,1,2,1
15,14,29,30,15,14,0,2,10,3,1,2,1
15,14,29,30,15,14,0,2,11,11,0,2,1
15,14,29,30,15,14,0,2,12,12,0,2,1
15,14,29,30,15,15,0,2,1,13,1,2,2
15,14,29,30,15,15,0,2,2,12,1,2,2
15,14,29,30,15,15,0,2,3,11,1,2,1
15,14,29,30,15,15,0,2,4,4,0,2,2
15,14,29,30,15,15,0,2,5,5,0,2,2
15,14,29,30,15,15,0,2,6,6,0,2,2
15,14,29,30,15,15,0,2,7,7,0,2,2
15,14,29,30,15,15,0,2,8,6,1,2,2
15,14,29,30,15,15,0,2,9,5,1,2,1
15,14,29,30,15,15,0,2,10,4,1,2,1
15,14,29,30,15,15,0,2,11,11,0,2,2
15,14,29,30,15,15,0,2,12,12,0,2,2
15,14,29,30,15,15,0,2,13,13,0,2,2
15,15,30,31,15,15,0,2,1,13,1,2,1
15,15,30,31,15,15,0,2,2,12,1,2,1
15,15,30,31,15,15,0,2,3,11,1,2,1
15,15,30,31,15,15,0,2,4,4,0,2,2
15,15,30,31,15,15,0,2,5,5,0,2,2
15,15,30,31,15,15,0,2,6,6,0,2,2
15,15,30,31,15,15,0,2,7,7,0,2,2
15,15,30,31,15,15,0,2,8,6,1,2,2
15,15,30,31,15,15,0,2,9,5,1,2,2
15,15,30,31,15,15,0,2,10,4,1,2,2
15,15,30,31,15,15,0,2,11,11,0,2,2
15,15,30,31,15,15,0,2,12,12,0,2,2
15,15,30,31,15,15,0,2,13,13,0,2,2
15,16,31,32,15,15,0,2,1,13,1,2,1
15,16,31,32,15,15,0,2,2,12,1,2,2
15,16,31,32,15,15,0,2,3,11,1,2,1
15,16,31,32,15,15,0,2,4,4,0,2,2
15,16,31,32,15,15,0,2,5,5,0,2,2
15,16,31,32,15,15,0,2,6,6,0,2,2
15,16,31,32,15,15,0,2,7,7,0,2,2
15,16,31,32,15,15,0,2,8,6,1,2,2
15,16,31,32,15,15,0,2,9,5,1,2,1
15,16,31,32,15,15,0,2,10,4,1,2,1
15,16,31,32,15,15,0,2,11,11,0,2,2
15,16,31,32,15,15,0,2,12,12,0,2,2
15,16,31,32,15,15,0,2,13,13,0,2,2
15,16,31,32,15,16,0,2,1,14,1,2,2
15,16,31,32,15,16,0,2,2,13,1,2,2
15,16,31,32,15,16,0,2,3,12,1,2,1
15,16,31,32,15,16,0,2,4,4,0,2,2
15,16,31,32,15,16,0,2,5,5,0,2,2
15,16,31,32,15,16,0,2,6,6,0,2,2
15,16,31,32,15,16,0,2,7,7,0,2,2
15,16,31,32,15,16,0,2,8,7,1,2,1
15,16,31,32,15,16,0,2,9,6,1,2,2
15,16,31,32,15,16,0,2,10,5,1,2,1
15,16,31,32,15,16,0,2,11,4,1,2,1
15,16,31,32,15,16,0,2,12,12,0,2,2
15,16,31,32,15,16,0,2,13,13,0,2,2
15,16,31,32,15,16,0,2,14,14,0,2,2
15,18,33,34,15,15,0,2,1,13,1,2,0
15,18,33,34,15,15,0,2,2,12,1,2,2
15,18,33,34,15,15,0,2,3,11,1,2,1
15,18,33,34,15,15,0,2,4,4,0,2,2
15,18,33,34,15,15,0,2,5,5,0,2,1
15,18,33,34,15,15,0,2,6,6,0,2,2
15,18,33,34,15,15,0,2,7,7,0,2,2
15,18,33,34,15,15,0,2,8,6,1,2,2
15,18,33,34,15,15,0,2,9,5,1,2,1
15,18,33,34,15,15,0,2,10,4,1,2,1
15,18,33,34,15,15,0,2,11,11,0,2,1
15,18,33,34,15,15,0,2,12,12,0,2,2
15,18,33,34,15,15,0,2,13,13,0,2,2
15,18,33,34,15,18,0,2,1,15,0,1,1
15,18,33,34,15,18,0,2,2,15,0,1,2
15,18,33,34,15,18,0,2,3,3,0,2,1
15,18,33,34,15,18,0,2,4,4,0,2,2
15,18,33,34,15,18,0,2,5,5,0,2,1
15,18,33,34,15,18,0,2,6,6,0,2,2
15,18,33,34,15,18,0,2,7,7,0,2,2
15,18,33,34,15,18,0,2,8,8,0,2,2
15,18,33,34,15,18,0,2,9,8,1,2,1
15,18,33,34,15,18,0,2,10,7,1,2,1
15,18,33,34,15,18,0,2,11,6,1,2,2
15,18,33,34,15,18,0,2,12,5,1,2,1
15,18,33,34,15,18,0,2,13,4,1,2,1
15,18,33,34,15,18,0,2,14,3,1,2,1
15,18,33,34,15,18,0,2,15,2,1,2,0
15,18,33,34,15,18,0,2,16,15,0,1,2
15,19,34,35,15,15,0,2,1,13,1,2,1
15,19,34,35,15,15,0,2,2,12,1,2,2
15,19,34,35,15,15,0,2,3,11,1,2,1
15,19,34,35,15,15,0,2,4,4,0,2,2
15,19,34,35,15,15,0,2,5,5,0,2,2
15,19,34,35,15,15,0,2,6,6,0,2,2
15,19,34,35,15,15,0,2,7,7,0,2,2
15,19,34,35,15,15,0,2,8,6,1,2,2
15,19,34,35,15,15,0,2,9,5,1,2,2
15,19,34,35,15,15,0,2,10,4,1,2,2
15,19,34,35,15,15,0,2,11,11,0,2,2
15,19,34,35,15,15,0,2,12,12,0,2,2
15,19,34,35,15,15,0,2,13,13,0,2,2
15,19,34,35,15,19,0,2,1,15,0,1,1
15,19,34,35,15,19,0,2,2,15,0,1,2
15,19,34,35,15,19,0,2,3,3,0,2,1
15,19,34,35,15,19,0,2,4,4,0,2,2
15,19,34,35,15,19,0,2,5,5,0,2,2
15,19,34,35,15,19,0,2,6,6,0,2,1
15,19,34,35,15,19,0,2,7,7,0,2,2
15,19,34,35,15,19,0,2,8,8,0,2,2
15,19,34,35,15,19,0,2,9,9,0,2,2
15,19,34,35,15,19,0,2,10,8,1,2,2
15,19,34,35,15,19,0,2,11,7,1,2,2
15,19,34,35,15,19,0,2,12,6,1,2,1
15,19,34,35,15,19,0,2,13,5,1,2,2
15,19,34,35,15,19,0,2,14,4,1,2,2
15,19,34,35,15,19,0,2,15,3,1,2,1
15,19,34,35,15,19,0,2,16,15,0,1,2
15,19,34,35,15,19,0,2,17,15,0,1,2
15,20,35,36,15,15,0,2,1,13,1,2,1
15,20,35,36,15,15,0,2,2,12,1,2,2
15,20,35,36,15,15,0,2,3,11,1,2,1
15,20,35,36,15,15,0,2,4,4,0,2,1
15,20,35,36,15,15,0,2,5,5,0,2,2
15,20,35,36,15,15,0,2,6,6,0,2,2
15,20,35,36,15,15,0,2,7,7,0,2,2
15,20,35,36,15,15,0,2,8,6,1,2,1
15,20,35,36,15,15,0,2,9,5,1,2,1
15,20,35,36,15,15,0,2,10,4,1,2,1
15,20,35,36,15,15,0,2,11,3,1,2,1
15,20,35,36,15,15,0,2,12,12,0,2,1
15,20,35,36,15,15,0,2,13,13,0,2,2
15,20,35,36,15,20,0,2,1,15,0,1,1
15,20,35,36,15,20,0,2,2,15,0,1,1
15,20,35,36,15,20,0,2,3,15,0,1,2
15,20,35,36,15,20,0,2,4,4,0,2,1
15,20,35,36,15,20,0,2,5,5,0,2,2
15,20,35,36,15,20,0,2,6,6,0,2,2
15,20,35,36,15,20,0,2,7,7,0,2,1
15,20,35,36,15,20,0,2,8,8,0,2,2
15,20,35,36,15,20,0,2,9,9,0,2,1
15,20,35,36,15,20,0,2,10,9,1,2,1
15,20,35,36,15,20,0,2,11,8,1,2,1
15,20,35,36,15,20,0,2,12,7,1,2,1
15,20,35,36,15,20,0,2,13,6,1,2,1
15,20,35,36,15,20,0,2,14,5,1,2,1
15,20,35,36,15,20,0,2,15,4,1,2,1
15,20,35,36,15,20,0,2,16,3,1,2,1
15,20,35,36,15,20,0,2,17,15,0,1,2
15,20,35,36,15,20,0,2,18,15,0,1,2
15,21,36,37,15,15,0,2,1,13,1,2,1
15,21,36,37,15,15,0,2,2,12,1,2,1
15,21,36,37,15,15,0,2,3,11,1,2,1
15,21,36,37,15,15,0,2,4,4,0,2,2
15,21,36,37,15,15,0,2,5,5,0,2,2
15,21,36,37,15,15,0,2,6,6,0,2,2
15,21,36,37,15,15,0,2,7,7,0,2,2
15,21,36,37,15,15,0,2,8,6,1,2,2
15,21,36,37,15,15,0,2,9,5,1,2,2
15,21,36,37,15,15,0,2,10,4,1,2,2
15,21,36,37,15,15,0,2,11,11,0,2,2
15,21,36,37,15,15,0,2,12,12,0,2,2
15,21,36,37,15,15,0,2,13,13,0,2,2
15,21,36,37,15,21,0,2,1,15,0,1,1
15,21,36,37,15,21,0,2,2,15,0,1,2
15,21,36,37,15,21,0,2,3,15,0,1,2
15,21,36,37,15,21,0,2,4,4,0,2,2
15,21,36,37,15,21,0,2,5,5,0,2,2
15,21,36,37,15,21,0,2,6,6,0,2,2
15,21,36,37,15,21,0,2,7,7,0,2,2
15,21,36,37,15,21,0,2,8,8,0,2,2
15,21,36,37,15,21,0,2,9,9,0,2,2
15,21,36,37,15,21,0,2,10,10,0,2,2
15,21,36,37,15,21,0,2,11,9,1,2,2
15,21,36,37,15,21,0,2,12,8,1,2,2
15,21,36,37,15,21,0,2,13,7,1,2,2
15,21,36,37,15,21,0,2,14,6,1,2,2
15,21,36,37,15,21,0,2,15,5,1,2,2
15,21,36,37,15,21,0,2,16,4,1,2,2
15,21,36,37,15,21,0,2,17,15,0,1,2
15,21,36,37,15,21,0,2,18,15,0,1,2
15,21,36,37,15,21,0,2,19,15,0,1,2
15,22,37,38,15,15,0,2,1,13,1,2,1
15,22,37,38,15,15,0,2,2,12,1,2,2
15,22,37,38,15,15,0,2,3,11,1,2,1
15,22,37,38,15,15,0,2,4,4,0,2,2
15,22,37,38,15,15,0,2,5,5,0,2,2
15,22,37,38,15,15,0,2,6,6,0,2,2
15,22,37,38,15,15,0,2,7,7,0,2,2
15,22,37,38,15,15,0,2,8,6,1,2,2
15,22,37,38,15,15,0,2,9,5,1,2,1
15,22,37,38,15,15,0,2,10,4,1,2,1
15,22,37,38,15,15,0,2,11,11,0,2,2
15,22,37,38,15,15,0,2,12,12,0,2,2
15,22,37,38,15,15,0,2,13,13,0,2,2
15,22,37,38,15,22,0,2,1,15,0,1,1
15,22,37,38,15,22,0,2,2,15,0,1,1
15,22,37,38,15,22,0,2,3,15,0,1,1
15,22,37,38,15,22,0,2,4,4,0,2,2
15,22,37,38,15,22,0,2,5,5,0,2,2
15,22,37,38,15,22,0,2,6,6,0,2,2
15,22,37,38,15,22,0,2,7,7,0,2,2
15,22,37,38,15,22,0,2,8,8,0,2,2
15,22,37,38,15,22,0,2,9,9,0,2,2
15,22,37,38,15,22,0,2,10,10,0,2,2
15,22,37,38,15,22,0,2,11,10,1,2,1
15,22,37,38,15,22,0,2,12,9,1,2,2
15,22,37,38,15,22,0,2,13,8,1,2,1
15,22,37,38,15,22,0,2,14,7,1,2,1
15,22,37,38,15,22,0,2,15,6,1,2,2
15,22,37,38,15,22,0,2,16,5,1,2,1
15,22,37,38,15,22,0,2,17,4,1,2,1
15,22,37,38,15,22,0,2,18,15,0,1,2
15,22,37,38,15,22,0,2,19,15,0,1,1
15,22,37,38,15,22,0,2,20,15,0,1,2
15,23,38,39,15,15,0,2,1,13,1,2,0
15,23,38,39,15,15,0,2,2,12,1,2,2
15,23,38,39,15,15,0,2,3,11,1,2,1
15,23,38,39,15,15,0,2,4,4,0,2,2
15,23,38,39,15,15,0,2,5,5,0,2,2
15,23,38,39,15,15,0,2,6,6,0,2,2
15,23,38,39,15,15,0,2,7,7,0,2,2
15,23,38,39,15,15,0,2,8,6,1,2,2
15,23,38,39,15,15,0,2,9,5,1,2,2
15,23,38,39,15,15,0,2,10,4,1,2,2
15,23,38,39,15,15,0,2,11,11,0,2,2
15,23,38,39,15,15,0,2,12,12,0,2,2
15,23,38,39,15,15,0,2,13,13,0,2,2
15,23,38,39,15,23,0,2,1,15,0,1,1
15,23,38,39,15,23,0,2,2,15,0,1,2
15,23,38,39,15,23,0,2,3,15,0,1,1
15,23,38,39,15,23,0,2,4,4,0,2,2
15,23,38,39,15,23,0,2,5,5,0,2,2
15,23,38,39,15,23,0,2,6,6,0,2,2
15,23,38,39,15,23,0,2,7,7,0,2,2
15,23,38,39,15,23,0,2,8,8,0,2,2
15,23,38,39,15,23,0,2,9,9,0,2,2
15,23,38,39,15,23,0,2,10,10,0,2,2
15,23,38,39,15,23,0,2,11,11,0,2,2
15,23,38,39,15,23,0,2,12,10,1,2,2
15,23,38,39,15,23,0,2,13,9,1,2,2
15,23,38,39,15,23,0,2,14,8,1,2,2
15,23,38,39,15,23,0,2,15,7,1,2,3
15,23,38,39,15,23,0,2,16,6,1,2,2
15,23,38,39,15,23,0,2,17,5,1,2,2
15,23,38,39,15,23,0,2,18,15,0,1,2
15,23,38,39,15,23,0,2,19,15,0,1,2
15,23,38,39,15,23,0,2,20,15,0,1,2
15,23,38,39,15,23,0,2,21,15,0,1,2
15,24,39,40,15,15,0,2,1,13,1,2,1
15,24,39,40,15,15,0,2,2,12,1,2,2
15,24,39,40,15,15,0,2,3,11,1,2,1
15,24,39,40,15,15,0,2,4,4,0,2,2
15,24,39,40,15,15,0,2,5,5,0,2,2
15,24,39,40,15,15,0,2,6,6,0,2,2
15,24,39,40,15,15,0,2,7,7,0,2,2
15,24,39,40,15,15,0,2,8,6,1,2,2
15,24,39,40,15,15,0,2,9,5,1,2,1
15,24,39,40,15,15,0,2,10,4,1,2,1
15,24,39,40,15,15,0,2,11,11,0,2,2
15,24,39,40,15,15,0,2,12,12,0,2,2
15,24,39,40,15,15,0,2,13,13,0,2,2
15,24,39,40,15,24,0,2,1,15,0,1,1
15,24,39,40,15,24,0,2,2,15,0,1,1
15,24,39,40,15,24,0,2,3,3,0,2,1
15,24,39,40,15,24,0,2,4,4,0,2,2
15,24,39,40,15,24,0,2,5,5,0,2,2
15,24,39,40,15,24,0,2,6,6,0,2,1
15,24,39,40,15,24,0,2,7,7,0,2,2
15,24,39,40,15,24,0,2,8,8,0,2,1
15,24,39,40,15,24,0,2,9,9,0,2,2
15,24,39,40,15,24,0,2,10,10,0,2,2
15,24,39,40,15,24,0,2,11,11,0,2,2
15,24,39,40,15,24,0,2,12,11,1,2,1
15,24,39,40,15,24,0,2,13,10,1,2,1
15,24,39,40,15,24,0,2,14,9,1,2,1
15,24,39,40,15,24,0,2,15,8,1,2,1
15,24,39,40,15,24,0,2,16,7,1,2,1
15,24,39,40,15,24,0,2,17,6,1,2,1
15,24,39,40,15,24,0,2,18,5,1,2,1
15,24,39,40,15,24,0,2,19,4,1,2,1
15,24,39,40,15,24,0,2,20,3,1,2,1
15,24,39,40,15,24,0,2,21,15,0,1,2
15,24,39,40,15,24,0,2,22,15,0,1,2
15,25,40,41,15,15,0,2,1,13,1,2,1
15,25,40,41,15,15,0,2,2,12,1,2,2
15,25,40,41,15,15,0,2,3,11,1,2,1
15,25,40,41,15,15,0,2,4,4,0,2,2
15,25,40,41,15,15,0,2,5,5,0,2,2
15,25,40,41,15,15,0,2,6,6,0,2,2
15,25,40,41,15,15,0,2,7,7,0,2,2
15,25,40,41,15,15,0,2,8,6,1,2,2
15,25,40,41,15,15,0,2,9,5,1,2,2
15,25,40,41,15,15,0,2,10,4,1,2,2
15,25,40,41,15,15,0,2,11,11,0,2,2
15,25,40,41,15,15,0,2,12,12,0,2,2
15,25,40,41,15,15,0,2,13,13,0,2,2
15,25,40,41,15,25,0,2,1,15,0,1,1
15,25,40,41,15,25,0,2,2,15,0,1,2
15,25,40,41,15,25,0,2,3,15,0,1,1
15,25,40,41,15,25,0,2,4,4,0,2,2
15,25,40,41,15,25,0,2,5,5,0,2,2
15,25,40,41,15,25,0,2,6,6,0,2,2
15,25,40,41,15,25,0,2,7,7,0,2,2
15,25,40,41,15,25,0,2,8,8,0,2,2
15,25,40,41,15,25,0,2,9,9,0,2,2
15,25,40,41,15,25,0,2,10,10,0,2,2
15,25,40,41,15,25,0,2,11,11,0,2,2
15,25,40,41,15,25,0,2,12,12,0,2,2
15,25,40,41,15,25,0,2,13,11,1,2,2
15,25,40,41,15,25,0,2,14,10,1,2,2
15,25,40,41,15,25,0,2,15,9,1,2,2
15,25,40,41,15,25,0,2,16,8,1,2,2
15,25,40,41,15,25,0,2,17,7,1,2,2
15,25,40,41,15,25,0,2,18,6,1,2,1
15,25,40,41,15,25,0,2,19,5,1,2,2
15,25,40,41,15,25,0,2,20,4,1,2,2
15,25,40,41,15,25,0,2,21,15,0,1,2
15,25,40,41,15,25,0,2,22,15,0,1,2
15,25,40,41,15,25,0,2,23,15,0,1,2
15,26,41,42,15,15,0,2,1,13,1,2,1
15,26,41,42,15,15,0,2,2,12,1,2,2
15,26,41,42,15,15,0,2,3,3,0,2,1
15,26,41,42,15,15,0,2,4,4,0,2,1
15,26,41,42,15,15,0,2,5,5,0,2,2
15,26,41,42,15,15,0,2,6,6,0,2,1
15,26,41,42,15,15,0,2,7,7,0,2,1
15,26,41,42,15,15,0,2,8,6,1,2,2
15,26,41,42,15,15,0,2,9,5,1,2,1
15,26,41,42,15,15,0,2,10,4,1,2,1
15,26,41,42,15,15,0,2,11,3,1,2,1
15,26,41,42,15,15,0,2,12,12,0,2,1
15,26,41,42,15,15,0,2,13,13,0,2,1
15,26,41,42,15,26,0,2,1,15,0,1,1
15,26,41,42,15,26,0,2,2,15,0,1,1
15,26,41,42,15,26,0,2,3,15,0,1,1
15,26,41,42,15,26,0,2,4,4,0,2,2
15,26,41,42,15,26,0,2,5,5,0,2,2
15,26,41,42,15,26,0,2,6,6,0,2,2
15,26,41,42,15,26,0,2,7,7,0,2,1
15,26,41,42,15,26,0,2,8,8,0,2,2
15,26,41,42,15,26,0,2,9,9,0,2,2
15,26,41,42,15,26,0,2,10,10,0,2,1
15,26,41,42,15,26,0,2,11,11,0,2,2
15,26,41,42,15,26,0,2,12,12,0,2,2
15,26,41,42,15,26,0,2,13,12,1,2,1
15,26,41,42,15,26,0,2,14,11,1,2,1
15,26,41,42,15,26,0,2,15,10,1,2,1
15,26,41,42,15,26,0,2,16,9,1,2,1
15,26,41,42,15,26,0,2,17,8,1,2,1
15,26,41,42,15,26,0,2,18,7,1,2,1
15,26,41,42,15,26,0,2,19,6,1,2,1
15,26,41,42,15,26,0,2,20,5,1,2,1
15,26,41,42,15,26,0,2,21,4,1,2,1
15,26,41,42,15,26,0,2,22,3,1,2,1
15,26,41,42,15,26,0,2,23,15,0,1,2
15,26,41,42,15,26,0,2,24,15,0,1,2
15,27,42,43,15,15,0,2,1,13,1,2,1
15,27,42,43,15,15,0,2,2,12,1,2,2
15,27,42,43,15,15,0,2,3,11,1,2,1
15,27,42,43,15,15,0,2,4,4,0,2,2
15,27,42,43,15,15,0,2,5,5,0,2,2
15,27,42,43,15,15,0,2,6,6,0,2,2
15,27,42,43,15,15,0,2,7,7,0,2,2
15,27,42,43,15,15,0,2,8,6,1,2,2
15,27,42,43,15,15,0,2,9,5,1,2,2
15,27,42,43,15,15,0,2,10,4,1,2,2
15,27,42,43,15,15,0,2,11,11,0,2,2
15,27,42,43,15,15,0,2,12,12,0,2,2
15,27,42,43,15,15,0,2,13,13,0,2,2
15,27,42,43,15,27,0,2,1,15,0,1,1
15,27,42,43,15,27,0,2,2,15,0,1,2
15,27,42,43,15,27,0,2,3,15,0,1,1
15,27,42,43,15,27,0,2,4,4,0,2,2
15,27,42,43,15,27,0,2,5,5,0,2,2
15,27,42,43,15,27,0,2,6,6,0,2,2
15,27,42,43,15,27,0,2,7,7,0,2,2
15,27,42,43,15,27,0,2,8,8,0,2,2
15,27,42,43,15,27,0,2,9,9,0,2,2
15,27,42,43,15,27,0,2,10,10,0,2,2
15,27,42,43,15,27,0,2,11,11,0,2,2
15,27,42,43,15,27,0,2,12,12,0,2,2
15,27,42,43,15,27,0,2,13,13,0,2,2
15,27,42,43,15,27,0,2,14,12,1,2,2
15,27,42,43,15,27,0,2,15,11,1,2,2
15,27,42,43,15,27,0,2,16,10,1,2,2
15,27,42,43,15,27,0,2,17,9,1,2,2
15,27,42,43,15,27,0,2,18,8,1,2,2
15,27,42,43,15,27,0,2,19,7,1,2,2
15,27,42,43,15,27,0,2,20,6,1,2,2
15,27,42,43,15,27,0,2,21,5,1,2,2
15,27,42,43,15,27,0,2,22,4,1,2,2
15,27,42,43,15,27,0,2,23,15,0,1,2
15,27,42,43,15,27,0,2,24,15,0,1,2
15,27,42,43,15,27,0,2,25,15,0,1,2
15,28,43,44,15,15,0,2,1,13,1,2,1
15,28,43,44,15,15,0,2,2,12,1,2,2
15,28,43,44,15,15,0,2,3,11,1,2,1
15,28,43,44,15,15,0,2,4,4,0,2,2
15,28,43,44,15,15,0,2,5,5,0,2,2
15,28,43,44,15,15,0,2,6,6,0,2,2
15,28,43,44,15,15,0,2,7,7,0,2,2
15,28,43,44,15,15,0,2,8,6,1,2,1
15,28,43,44,15,15,0,2,9,5,1,2,1
15,28,43,44,15,15,0,2,10,4,1,2,1
15,28,43,44,15,15,0,2,11,3,1,2,1
15,28,43,44,15,15,0,2,12,12,0,2,2
15,28,43,44,15,15,0,2,13,13,0,2,2
15,28,43,44,15,28,0,2,1,15,0,1,1
15,28,43,44,15,28,0,2,2,15,0,1,1
15,28,43,44,15,28,0,2,3,15,0,1,1
15,28,43,44,15,28,0,2,4,4,0,2,2
15,28,43,44,15,28,0,2,5,5,0,2,2
15,28,43,44,15,28,0,2,6,6,0,2,2
15,28,43,44,15,28,0,2,7,7,0,2,2
15,28,43,44,15,28,0,2,8,8,0,2,2
15,28,43,44,15,28,0,2,9,9,0,2,2
15,28,43,44,15,28,0,2,10,10,0,2,2
15,28,43,44,15,28,0,2,11,11,0,2,2
15,28,43,44,15,28,0,2,12,12,0,2,2
15,28,43,44,15,28,0,2,13,13,0,2,2
15,28,43,44,15,28,0,2,14,13,1,2,1
15,28,43,44,15,28,0,2,15,12,1,2,1
15,28,43,44,15,28,0,2,16,11,1,2,1
15,28,43,44,15,28,0,2,17,10,1,2,1
15,28,43,44,15,28,0,2,18,9,1,2,2
15,28,43,44,15,28,0,2,19,8,1,2,1
15,28,43,44,15,28,0,2,20,7,1,2,1
15,28,43,44,15,28,0,2,21,6,1,2,2
15,28,43,44,15,28,0,2,22,5,1,2,1
15,28,43,44,15,28,0,2,23,4,1,2,1
15,28,43,44,15,28,0,2,24,15,0,1,2
15,28,43,44,15,28,0,2,25,15,0,1,2
15,28,43,44,15,28,0,2,26,15,0,1,2
15,29,44,45,15,15,0,2,1,13,1,2,0
15,29,44,45,15,15,0,2,2,12,1,2,2
15,29,44,45,15,15,0,2,3,11,1,2,1
15,29,44,45,15,15,0,2,4,4,0,2,2
15,29,44,45,15,15,0,2,5,5,0,2,2
15,29,44,45,15,15,0,2,6,6,0,2,2
15,29,44,45,15,15,0,2,7,7,0,2,2
15,29,44,45,15,15,0,2,8,6,1,2,2
15,29,44,45,15,15,0,2,9,5,1,2,2
15,29,44,45,15,15,0,2,10,4,1,2,2
15,29,44,45,15,15,0,2,11,11,0,2,2
15,29,44,45,15,15,0,2,12,12,0,2,2
15,29,44,45,15,15,0,2,13,13,0,2,2
15,29,44,45,15,29,0,2,1,15,0,1,1
15,29,44,45,15,29,0,2,2,15,0,1,2
15,29,44,45,15,29,0,2,3,15,0,1,1
15,29,44,45,15,29,0,2,4,4,0,2,2
15,29,44,45,15,29,0,2,5,5,0,2,2
15,29,44,45,15,29,0,2,6,6,0,2,2
15,29,44,45,15,29,0,2,7,7,0,2,2
15,29,44,45,15,29,0,2,8,8,0,2,2
15,29,44,45,15,29,0,2,9,9,0,2,2
15,29,44,45,15,29,0,2,10,10,0,2,2
15,29,44,45,15,29,0,2,11,11,0,2,2
15,29,44,45,15,29,0,2,12,12,0,2,2
15,29,44,45,15,29,0,2,13,13,0,2,2
15,29,44,45,15,29,0,2,14,14,0,2,2
15,29,44,45,15,29,0,2,15,13,1,2,2
15,29,44,45,15,29,0,2,16,12,1,2,2
15,29,44,45,15,29,0,2,17,11,1,2,2
15,29,44,45,15,29,0,2,18,10,1,2,2
15,29,44,45,15,29,0,2,19,9,1,2,2
15,29,44,45,15,29,0,2,20,8,1,2,2
15,29,44,45,15,29,0,2,21,7,1,2,2
15,29,44,45,15,29,0,2,22,6,1,2,2
15,29,44,45,15,29,0,2,23,5,1,2,2
15,29,44,45,15,29,0,2,24,4,1,2,2
15,29,44,45,15,29,0,2,25,15,0,1,2
15,29,44,45,15,29,0,2,26,15,0,1,2
15,29,44,45,15,29,0,2,27,15,0,1,2
16,2,18,19,16,16,0,2,1,14,1,2,1
16,2,18,19,16,16,0,2,2,13,1,2,2
16,2,18,19,16,16,0,2,3,3,0,2,1
16,2,18,19,16,16,0,2,4,4,0,2,1
16,2,18,19,16,16,0,2,5,5,0,2,1
16,2,18,19,16,16,0,2,6,6,0,2,1
16,2,18,19,16,16,0,2,7,7,0,2,2
16,2,18,19,16,16,0,2,8,7,1,2,2
16,2,18,19,16,16,0,2,9,6,1,2,1
16,2,18,19,16,16,0,2,10,5,1,2,2
16,2,18,19,16,16,0,2,11,4,1,2,2
16,2,18,19,16,16,0,2,12,3,1,2,1
16,2,18,19,16,16,0,2,13,13,0,2,1
16,2,18,19,16,16,0,2,14,14,0,2,1
16,3,19,20,16,3,0,2,1,16,0,1,1
16,3,19,20,16,16,0,2,1,3,0,1,1
16,3,19,20,16,16,0,2,2,13,1,2,2
16,3,19,20,16,16,0,2,3,12,1,2,1
16,3,19,20,16,16,0,2,4,4,0,2,2
16,3,19,20,16,16,0,2,5,5,0,2,2
16,3,19,20,16,16,0,2,6,6,0,2,2
16,3,19,20,16,16,0,2,7,7,0,2,3
16,3,19,20,16,16,0,2,8,7,1,2,2
16,3,19,20,16,16,0,2,9,6,1,2,2
16,3,19,20,16,16,0,2,10,5,1,2,1
16,3,19,20,16,16,0,2,11,4,1,2,2
16,3,19,20,16,16,0,2,12,12,0,2,2
16,3,19,20,16,16,0,2,13,13,0,2,2
16,3,19,20,16,16,0,2,14,14,0,2,2
16,4,20,21,16,4,0,2,1,16,0,1,1
16,4,20,21,16,4,0,2,2,16,0,1,3
16,4,20,21,16,16,0,2,1,4,0,1,1
16,4,20,21,16,16,0,2,2,13,1,2,2
16,4,20,21,16,16,0,2,3,4,0,1,1
16,4,20,21,16,16,0,2,4,4,0,1,1
16,4,20,21,16,16,0,2,5,5,0,2,2
16,4,20,21,16,16,0,2,6,9,1,2,2
16,4,20,21,16,16,0,2,7,4,0,1,1
16,4,20,21,16,16,0,2,8,4,0,1,1
16,4,20,21,16,16,0,2,9,6,1,2,2
16,4,20,21,16,16,0,2,10,4,0,1,1
16,4,20,21,16,16,0,2,11,4,0,1,1
16,4,20,21,16,16,0,2,12,12,0,2,3
16,4,20,21,16,16,0,2,13,4,0,1,1
16,4,20,21,16,16,0,2,14,4,0,1,1
16,5,21,22,16,5,0,2,1,3,1,2,1
16,5,21,22,16,5,0,2,2,16,0,1,1
16,5,21,22,16,5,0,2,3,16,0,1,1
16,5,21,22,16,16,0,2,1,5,0,1,1
16,5,21,22,16,16,0,2,2,5,0,1,2
16,5,21,22,16,16,0,2,3,5,0,1,2
16,5,21,22,16,16,0,2,4,4,0,2,2
16,5,21,22,16,16,0,2,5,5,0,1,2
16,5,21,22,16,16,0,2,6,5,0,1,2
16,5,21,22,16,16,0,2,7,5,0,1,2
16,5,21,22,16,16,0,2,8,5,0,1,2
16,5,21,22,16,16,0,2,9,5,0,1,2
16,5,21,22,16,16,0,2,10,5,0,1,2
16,5,21,22,16,16,0,2,11,4,1,2,1
16,5,21,22,16,16,0,2,12,3,1,2,1
16,5,21,22,16,16,0,2,13,5,0,1,2
16,5,21,22,16,16,0,2,14,5,0,1,2
16,6,22,23,16,6,0,2,1,4,1,2,0
16,6,22,23,16,6,0,2,2,16,0,1,2
16,6,22,23,16,6,0,2,3,16,0,1,1
16,6,22,23,16,6,0,2,4,4,0,2,2
16,6,22,23,16,16,0,2,1,6,0,1,2
16,6,22,23,16,16,0,2,2,6,0,1,3
16,6,22,23,16,16,0,2,3,6,0,1,1
16,6,22,23,16,16,0,2,4,4,0,2,2
16,6,22,23,16,16,0,2,5,5,0,2,2
16,6,22,23,16,16,0,2,6,6,0,1,1
16,6,22,23,16,16,0,2,7,6,0,1,2
16,6,22,23,16,16,0,2,8,6,0,1,3
16,6,22,23,16,16,0,2,9,6,0,1,1
16,6,22,23,16,16,0,2,10,5,1,2,2
16,6,22,23,16,16,0,2,11,4,1,2,2
16,6,22,23,16,16,0,2,12,6,0,1,2
16,6,22,23,16,16,0,2,13,6,0,1,3
16,6,22,23,16,16,0,2,14,6,0,1,2
16,7,23,24,16,7,0,2,1,5,1,2,1
16,7,23,24,16,7,0,2,2,4,1,2,2
16,7,23,24,16,7,0,2,3,3,0,2,1
16,7,23,24,16,7,0,2,4,4,0,2,2
16,7,23,24,16,7,0,2,5,5,0,2,1
16,7,23,24,16,16,0,2,1,7,0,1,1
16,7,23,24,16,16,0,2,2,7,0,1,1
16,7,23,24,16,16,0,2,3,3,0,2,1
16,7,23,24,16,16,0,2,4,4,0,2,2
16,7,23,24,16,16,0,2,5,5,0,2,2
16,7,23,24,16,16,0,2,6,6,0,2,1
16,7,23,24,16,16,0,2,7,7,0,1,2
16,7,23,24,16,16,0,2,8,7,0,1,2
16,7,23,24,16,16,0,2,9,6,1,2,1
16,7,23,24,16,16,0,2,10,5,1,2,1
16,7,23,24,16,16,0,2,11,4,1,2,2
16,7,23,24,16,16,0,2,12,3,1,2,1
16,7,23,24,16,16,0,2,13,7,0,1,2
16,7,23,24,16,16,0,2,14,7,0,1,1
16,8,24,25,16,8,0,2,1,6,1,2,1
16,8,24,25,16,8,0,2,2,5,1,2,1
16,8,24,25,16,8,0,2,3,4,1,2,1
16,8,24,25,16,8,0,2,4,3,1,2,1
16,8,24,25,16,8,0,2,5,5,0,2,2
16,8,24,25,16,8,0,2,6,6,0,2,2
16,8,24,25,16,16,0,2,1,8,0,1,2
16,8,24,25,16,16,0,2,2,8,0,1,2
16,8,24,25,16,16,0,2,3,8,0,1,2
16,8,24,25,16,16,0,2,4,4,0,2,2
16,8,24,25,16,16,0,2,5,5,0,2,2
16,8,24,25,16,16,0,2,6,6,0,2,2
16,8,24,25,16,16,0,2,7,7,0,2,2
16,8,24,25,16,16,0,2,8,7,1,2,3
16,8,24,25,16,16,0,2,9,6,1,2,2
16,8,24,25,16,16,0,2,10,5,1,2,2
16,8,24,25,16,16,0,2,11,8,0,1,2
16,8,24,25,16,16,0,2,12,3,1,2,1
16,8,24,25,16,16,0,2,13,8,0,1,2
16,8,24,25,16,16,0,2,14,8,0,1,2
16,9,25,26,16,9,0,2,1,7,1,2,1
16,9,25,26,16,9,0,2,2,6,1,2,2
16,9,25,26,16,9,0,2,3,5,1,2,1
16,9,25,26,16,9,0,2,4,4,0,2,2
16,9,25,26,16,9,0,2,5,5,0,2,2
16,9,25,26,16,9,0,2,6,6,0,2,2
16,9,25,26,16,9,0,2,7,7,0,2,2
16,9,25,26,16,16,0,2,1,9,0,1,1
16,9,25,26,16,16,0,2,2,9,0,1,1
16,9,25,26,16,16,0,2,3,9,0,1,1
16,9,25,26,16,16,0,2,4,4,0,2,2
16,9,25,26,16,16,0,2,5,5,0,2,2
16,9,25,26,16,16,0,2,6,6,0,2,2
16,9,25,26,16,16,0,2,7,7,0,2,2
16,9,25,26,16,16,0,2,8,7,1,2,1
16,9,25,26,16,16,0,2,9,6,1,2,2
16,9,25,26,16,16,0,2,10,5,1,2,2
16,9,25,26,16,16,0,2,11,4,1,2,1
16,9,25,26,16,16,0,2,12,9,0,1,2
16,9,25,26,16,16,0,2,13,9,0,1,1
16,9,25,26,16,16,0,2,14,9,0,1,2
16,10,26,27,16,10,0,2,1,8,1,2,1
16,10,26,27,16,10,0,2,2,7,1,2,2
16,10,26,27,16,10,0,2,3,6,1,2,1
16,10,26,27,16,10,0,2,4,4,0,2,2
16,10,26,27,16,10,0,2,5,4,1,2,2
16,10,26,27,16,10,0,2,6,3,1,2,1
16,10,26,27,16,10,0,2,7,7,0,2,2
16,10,26,27,16,10,0,2,8,8,0,2,2
16,10,26,27,16,16,0,2,1,10,0,1,1
16,10,26,27,16,16,0,2,2,10,0,1,2
16,10,26,27,16,16,0,2,3,10,0,1,2
16,10,26,27,16,16,0,2,4,4,0,2,2
16,10,26,27,16,16,0,2,5,5,0,2,2
16,10,26,27,16,16,0,2,6,6,0,2,2
16,10,26,27,16,16,0,2,7,7,0,2,2
16,10,26,27,16,16,0,2,8,7,1,2,2
16,10,26,27,16,16,0,2,9,6,1,2,2
16,10,26,27,16,16,0,2,10,5,1,2,2
16,10,26,27,16,16,0,2,11,4,1,2,2
16,10,26,27,16,16,0,2,12,10,0,1,2
16,10,26,27,16,16,0,2,13,10,0,1,2
16,10,26,27,16,16,0,2,14,10,0,1,1
16,11,27,28,16,11,0,2,1,9,1,2,1
16,11,27,28,16,11,0,2,2,8,1,2,2
16,11,27,28,16,11,0,2,3,7,1,2,1
16,11,27,28,16,11,0,2,4,4,0,2,2
16,11,27,28,16,11,0,2,5,5,0,2,2
16,11,27,28,16,11,0,2,6,4,1,2,1
16,11,27,28,16,11,0,2,7,3,1,2,1
16,11,27,28,16,11,0,2,8,8,0,2,2
16,11,27,28,16,11,0,2,9,9,0,2,2
16,11,27,28,16,16,0,2,1,11,0,1,1
16,11,27,28,16,16,0,2,2,11,0,1,1
16,11,27,28,16,16,0,2,3,11,0,1,2
16,11,27,28,16,16,0,2,4,4,0,2,2
16,11,27,28,16,16,0,2,5,5,0,2,2
16,11,27,28,16,16,0,2,6,6,0,2,2
16,11,27,28,16,16,0,2,7,7,0,2,2
16,11,27,28,16,16,0,2,8,7,1,2,1
16,11,27,28,16,16,0,2,9,6,1,2,1
16,11,27,28,16,16,0,2,10,5,1,2,1
16,11,27,28,16,16,0,2,11,4,1,2,1
16,11,27,28,16,16,0,2,12,3,1,2,1
16,11,27,28,16,16,0,2,13,11,0,1,2
16,11,27,28,16,16,0,2,14,11,0,1,1
16,12,28,29,16,12,0,2,1,10,1,2,0
16,12,28,29,16,12,0,2,2,9,1,2,2
16,12,28,29,16,12,0,2,3,8,1,2,1
16,12,28,29,16,12,0,2,4,4,0,2,2
16,12,28,29,16,12,0,2,5,5,0,2,2
16,12,28,29,16,12,0,2,6,5,1,2,2
16,12,28,29,16,12,0,2,7,4,1,2,2
16,12,28,29,16,12,0,2,8,8,0,2,2
16,12,28,29,16,12,0,2,9,9,0,2,2
16,12,28,29,16,12,0,2,10,10,0,2,2
16,12,28,29,16,16,0,2,1,12,0,1,1
16,12,28,29,16,16,0,2,2,12,0,1,2
16,12,28,29,16,16,0,2,3,3,0,2,1
16,12,28,29,16,16,0,2,4,4,0,2,2
16,12,28,29,16,16,0,2,5,5,0,2,2
16,12,28,29,16,16,0,2,6,6,0,2,1
16,12,28,29,16,16,0,2,7,7,0,2,2
16,12,28,29,16,16,0,2,8,7,1,2,2
16,12,28,29,16,16,0,2,9,6,1,2,1
16,12,28,29,16,16,0,2,10,5,1,2,2
16,12,28,29,16,16,0,2,11,4,1,2,2
16,12,28,29,16,16,0,2,12,3,1,2,1
16,12,28,29,16,16,0,2,13,12,0,1,2
16,12,28,29,16,16,0,2,14,12,0,1,2
16,13,29,30,16,13,0,2,1,11,1,2,1
16,13,29,30,16,13,0,2,2,10,1,2,2
16,13,29,30,16,13,0,2,3,3,0,2,1
16,13,29,30,16,13,0,2,4,4,0,2,2
16,13,29,30,16,13,0,2,5,5,0,2,1
16,13,29,30,16,13,0,2,6,6,0,2,1
16,13,29,30,16,13,0,2,7,5,1,2,1
16,13,29,30,16,13,0,2,8,4,1,2,1
16,13,29,30,16,13,0,2,9,3,1,2,1
16,13,29,30,16,13,0,2,10,10,0,2,2
16,13,29,30,16,13,0,2,11,11,0,2,1
16,13,29,30,16,16,0,2,1,13,0,1,1
16,13,29,30,16,16,0,2,2,13,0,1,2
16,13,29,30,16,16,0,2,3,3,0,2,1
16,13,29,30,16,16,0,2,4,4,0,2,2
16,13,29,30,16,16,0,2,5,5,0,2,1
16,13,29,30,16,16,0,2,6,6,0,2,1
16,13,29,30,16,16,0,2,7,7,0,2,2
16,13,29,30,16,16,0,2,8,7,1,2,2
16,13,29,30,16,16,0,2,9,6,1,2,1
16,13,29,30,16,16,0,2,10,5,1,2,1
16,13,29,30,16,16,0,2,11,4,1,2,2
16,13,29,30,16,16,0,2,12,3,1,2,1
16,13,29,30,16,16,0,2,13,2,1,2,0
16,13,29,30,16,16,0,2,14,13,0,1,2
16,15,31,32,16,15,0,2,1,13,1,2,1
16,15,31,32,16,15,0,2,2,12,1,2,2
16,15,31,32,16,15,0,2,3,11,1,2,1
16,15,31,32,16,15,0,2,4,4,0,2,2
16,15,31,32,16,15,0,2,5,5,0,2,2
16,15,31,32,16,15,0,2,6,6,0,2,2
16,15,31,32,16,15,0,2,7,7,0,2,2
16,15,31,32,16,15,0,2,8,6,1,2,2
16,15,31,32,16,15,0,2,9,5,1,2,1
16,15,31,32,16,15,0,2,10,4,1,2,1
16,15,31,32,16,15,0,2,11,11,0,2,2
16,15,31,32,16,15,0,2,12,12,0,2,2
16,15,31,32,16,15,0,2,13,13,0,2,2
16,15,31,32,16,16,0,2,1,14,1,2,2
16,15,31,32,16,16,0,2,2,13,1,2,2
16,15,31,32,16,16,0,2,3,12,1,2,1
16,15,31,32,16,16,0,2,4,4,0,2,2
16,15,31,32,16,16,0,2,5,5,0,2,2
16,15,31,32,16,16,0,2,6,6,0,2,2
16,15,31,32,16,16,0,2,7,7,0,2,2
16,15,31,32,16,16,0,2,8,7,1,2,1
16,15,31,32,16,16,0,2,9,6,1,2,2
16,15,31,32,16,16,0,2,10,5,1,2,1
16,15,31,32,16,16,0,2,11,4,1,2,1
16,15,31,32,16,16,0,2,12,12,0,2,2
16,15,31,32,16,16,0,2,13,13,0,2,2
16,15,31,32,16,16,0,2,14,14,0,2,2
16,16,32,33,16,16,0,2,1,14,1,2,1
16,16,32,33,16,16,0,2,2,13,1,2,2
16,16,32,33,16,16,0,2,3,12,1,2,1
16,16,32,33,16,16,0,2,4,4,0,2,2
16,16,32,33,16,16,0,2,5,5,0,2,2
16,16,32,33,16,16,0,2,6,6,0,2,2
16,16,32,33,16,16,0,2,7,7,0,2,2
16,16,32,33,16,16,0,2,8,7,1,2,2
16,16,32,33,16,16,0,2,9,6,1,2,2
16,16,32,33,16,16,0,2,10,5,1,2,2
16,16,32,33,16,16,0,2,11,4,1,2,2
16,16,32,33,16,16,0,2,12,12,0,2,2
16,16,32,33,16,16,0,2,13,13,0,2,2
16,16,32,33,16,16,0,2,14,14,0,2,2
16,17,33,34,16,16,0,2,1,14,1,2,1
16,17,33,34,16,16,0,2,2,13,1,2,1
16,17,33,34,16,16,0,2,3,12,1,2,1
16,17,33,34,16,16,0,2,4,4,0,2,2
16,17,33,34,16,16,0,2,5,5,0,2,2
16,17,33,34,16,16,0,2,6,6,0,2,2
16,17,33,34,16,16,0,2,7,7,0,2,2
16,17,33,34,16,16,0,2,8,7,1,2,1
16,17,33,34,16,16,0,2,9,6,1,2,1
16,17,33,34,16,16,0,2,10,5,1,2,1
16,17,33,34,16,16,0,2,11,4,1,2,1
16,17,33,34,16,16,0,2,12,3,1,2,1
16,17,33,34,16,16,0,2,13,13,0,2,2
16,17,33,34,16,16,0,2,14,14,0,2,2
16,17,33,34,16,17,0,2,1,15,1,2,2
16,17,33,34,16,17,0,2,2,14,1,2,2
16,17,33,34,16,17,0,2,3,13,1,2,1
16,17,33,34,16,17,0,2,4,4,0,2,2
16,17,33,34,16,17,0,2,5,5,0,2,2
16,17,33,34,16,17,0,2,6,6,0,2,2
16,17,33,34,16,17,0,2,7,7,0,2,2
16,17,33,34,16,17,0,2,8,8,0,2,2
16,17,33,34,16,17,0,2,9,7,1,2,1
16,17,33,34,16,17,0,2,10,6,1,2,1
16,17,33,34,16,17,0,2,11,5,1,2,1
16,17,33,34,16,17,0,2,12,4,1,2,1
16,17,33,34,16,17,0,2,13,13,0,2,2
16,17,33,34,16,17,0,2,14,14,0,2,2
16,17,33,34,16,17,0,2,15,15,0,2,2
16,19,35,36,16,16,0,2,1,14,1,2,1
16,19,35,36,16,16,0,2,2,13,1,2,2
16,19,35,36,16,16,0,2,3,12,1,2,1
16,19,35,36,16,16,0,2,4,4,0,2,2
16,19,35,36,16,16,0,2,5,5,0,2,2
16,19,35,36,16,16,0,2,6,6,0,2,1
16,19,35,36,16,16,0,2,7,7,0,2,2
16,19,35,36,16,16,0,2,8,7,1,2,1
16,19,35,36,16,16,0,2,9,6,1,2,1
16,19,35,36,16,16,0,2,10,5,1,2,1
16,19,35,36,16,16,0,2,11,4,1,2,1
16,19,35,36,16,16,0,2,12,3,1,2,1
16,19,35,36,16,16,0,2,13,13,0,2,2
16,19,35,36,16,16,0,2,14,14,0,2,2
16,19,35,36,16,19,0,2,1,16,0,1,1
16,19,35,36,16,19,0,2,2,16,0,1,2
16,19,35,36,16,19,0,2,3,3,0,2,1
16,19,35,36,16,19,0,2,4,4,0,2,2
16,19,35,36,16,19,0,2,5,5,0,2,2
16,19,35,36,16,19,0,2,6,6,0,2,1
16,19,35,36,16,19,0,2,7,7,0,2,2
16,19,35,36,16,19,0,2,8,8,0,2,1
16,19,35,36,16,19,0,2,9,9,0,2,1
16,19,35,36,16,19,0,2,10,8,1,2,1
16,19,35,36,16,19,0,2,11,7,1,2,1
16,19,35,36,16,19,0,2,12,6,1,2,1
16,19,35,36,16,19,0,2,13,5,1,2,1
16,19,35,36,16,19,0,2,14,4,1,2,1
16,19,35,36,16,19,0,2,15,3,1,2,1
16,19,35,36,16,19,0,2,16,2,1,2,0
16,19,35,36,16,19,0,2,17,16,0,1,2
16,20,36,37,16,16,0,2,1,14,1,2,1
16,20,36,37,16,16,0,2,2,13,1,2,2
16,20,36,37,16,16,0,2,3,12,1,2,1
16,20,36,37,16,16,0,2,4,4,0,2,2
16,20,36,37,16,16,0,2,5,5,0,2,2
16,20,36,37,16,16,0,2,6,6,0,2,2
16,20,36,37,16,16,0,2,7,7,0,2,2
16,20,36,37,16,16,0,2,8,7,1,2,2
16,20,36,37,16,16,0,2,9,6,1,2,2
16,20,36,37,16,16,0,2,10,5,1,2,2
16,20,36,37,16,16,0,2,11,4,1,2,2
16,20,36,37,16,16,0,2,12,12,0,2,2
16,20,36,37,16,16,0,2,13,13,0,2,2
16,20,36,37,16,16,0,2,14,14,0,2,2
16,20,36,37,16,20,0,2,1,16,0,1,1
16,20,36,37,16,20,0,2,2,16,0,1,2
16,20,36,37,16,20,0,2,3,3,0,2,1
16,20,36,37,16,20,0,2,4,4,0,2,2
16,20,36,37,16,20,0,2,5,5,0,2,2
16,20,36,37,16,20,0,2,6,6,0,2,2
16,20,36,37,16,20,0,2,7,7,0,2,2
16,20,36,37,16,20,0,2,8,8,0,2,2
16,20,36,37,16,20,0,2,9,9,0,2,2
16,20,36,37,16,20,0,2,10,9,1,2,2
16,20,36,37,16,20,0,2,11,8,1,2,2
16,20,36,37,16,20,0,2,12,7,1,2,2
16,20,36,37,16,20,0,2,13,6,1,2,1
16,20,36,37,16,20,0,2,14,5,1,2,2
16,20,36,37,16,20,0,2,15,4,1,2,2
16,20,36,37,16,20,0,2,16,3,1,2,1
16,20,36,37,16,20,0,2,17,16,0,1,2
16,20,36,37,16,20,0,2,18,16,0,1,2
16,21,37,38,16,16,0,2,1,14,1,2,1
16,21,37,38,16,16,0,2,2,13,1,2,2
16,21,37,38,16,16,0,2,3,12,1,2,1
16,21,37,38,16,16,0,2,4,4,0,2,2
16,21,37,38,16,16,0,2,5,5,0,2,2
16,21,37,38,16,16,0,2,6,6,0,2,2
16,21,37,38,16,16,0,2,7,7,0,2,2
16,21,37,38,16,16,0,2,8,7,1,2,1
16,21,37,38,16,16,0,2,9,6,1,2,1
16,21,37,38,16,16,0,2,10,5,1,2,1
16,21,37,38,16,16,0,2,11,4,1,2,1
16,21,37,38,16,16,0,2,12,3,1,2,1
16,21,37,38,16,16,0,2,13,13,0,2,2
16,21,37,38,16,16,0,2,14,14,0,2,2
16,21,37,38,16,21,0,2,1,16,0,1,1
16,21,37,38,16,21,0,2,2,16,0,1,1
16,21,37,38,16,21,0,2,3,16,0,1,2
16,21,37,38,16,21,0,2,4,4,0,2,2
16,21,37,38,16,21,0,2,5,5,0,2,2
16,21,37,38,16,21,0,2,6,6,0,2,2
16,21,37,38,16,21,0,2,7,7,0,2,2
16,21,37,38,16,21,0,2,8,8,0,2,2
16,21,37,38,16,21,0,2,9,9,0,2,2
16,21,37,38,16,21,0,2,10,10,0,2,2
16,21,37,38,16,21,0,2,11,9,1,2,1
16,21,37,38,16,21,0,2,12,8,1,2,1
16,21,37,38,16,21,0,2,13,7,1,2,1
16,21,37,38,16,21,0,2,14,6,1,2,1
16,21,37,38,16,21,0,2,15,5,1,2,1
16,21,37,38,16,21,0,2,16,4,1,2,1
16,21,37,38,16,21,0,2,17,3,1,2,1
16,21,37,38,16,21,0,2,18,16,0,1,2
16,21,37,38,16,21,0,2,19,16,0,1,2
16,22,38,39,16,16,0,2,1,14,1,2,1
16,22,38,39,16,16,0,2,2,13,1,2,2
16,22,38,39,16,16,0,2,3,12,1,2,1
16,22,38,39,16,16,0,2,4,4,0,2,2
16,22,38,39,16,16,0,2,5,5,0,2,2
16,22,38,39,16,16,0,2,6,6,0,2,2
16,22,38,39,16,16,0,2,7,7,0,2,2
16,22,38,39,16,16,0,2,8,7,1,2,2
16,22,38,39,16,16,0,2,9,6,1,2,2
16,22,38,39,16,16,0,2,10,5,1,2,2
16,22,38,39,16,16,0,2,11,4,1,2,2
16,22,38,39,16,16,0,2,12,12,0,2,2
16,22,38,39,16,16,0,2,13,13,0,2,2
16,22,38,39,16,16,0,2,14,14,0,2,2
16,22,38,39,16,22,0,2,1,16,0,1,1
16,22,38,39,16,22,0,2,2,16,0,1,2
16,22,38,39,16,22,0,2,3,16,0,1,2
16,22,38,39,16,22,0,2,4,4,0,2,2
16,22,38,39,16,22,0,2,5,5,0,2,2
16,22,38,39,16,22,0,2,6,6,0,2,2
16,22,38,39,16,22,0,2,7,7,0,2,2
16,22,38,39,16,22,0,2,8,8,0,2,2
16,22,38,39,16,22,0,2,9,9,0,2,2
16,22,38,39,16,22,0,2,10,10,0,2,2
16,22,38,39,16,22,0,2,11,10,1,2,2
16,22,38,39,16,22,0,2,12,9,1,2,2
16,22,38,39,16,22,0,2,13,8,1,2,2
16,22,38,39,16,22,0,2,14,7,1,2,2
16,22,38,39,16,22,0,2,15,6,1,2,2
16,22,38,39,16,22,0,2,16,5,1,2,2
16,22,38,39,16,22,0,2,17,4,1,2,2
16,22,38,39,16,22,0,2,18,16,0,1,2
16,22,38,39,16,22,0,2,19,16,0,1,2
16,22,38,39,16,22,0,2,20,16,0,1,2
16,23,39,40,16,16,0,2,1,14,1,2,1
16,23,39,40,16,16,0,2,2,13,1,2,2
16,23,39,40,16,16,0,2,3,3,0,2,1
16,23,39,40,16,16,0,2,4,4,0,2,2
16,23,39,40,16,16,0,2,5,5,0,2,1
16,23,39,40,16,16,0,2,6,6,0,2,1
16,23,39,40,16,16,0,2,7,7,0,2,2
16,23,39,40,16,16,0,2,8,7,1,2,1
16,23,39,40,16,16,0,2,9,6,1,2,1
16,23,39,40,16,16,0,2,10,5,1,2,1
16,23,39,40,16,16,0,2,11,4,1,2,1
16,23,39,40,16,16,0,2,12,3,1,2,1
16,23,39,40,16,16,0,2,13,13,0,2,2
16,23,39,40,16,16,0,2,14,14,0,2,1
16,23,39,40,16,23,0,2,1,16,0,1,1
16,23,39,40,16,23,0,2,2,16,0,1,1
16,23,39,40,16,23,0,2,3,16,0,1,1
16,23,39,40,16,23,0,2,4,4,0,2,2
16,23,39,40,16,23,0,2,5,5,0,2,2
16,23,39,40,16,23,0,2,6,6,0,2,2
16,23,39,40,16,23,0,2,7,7,0,2,2
16,23,39,40,16,23,0,2,8,8,0,2,2
16,23,39,40,16,23,0,2,9,9,0,2,2
16,23,39,40,16,23,0,2,10,10,0,2,2
16,23,39,40,16,23,0,2,11,11,0,2,2
16,23,39,40,16,23,0,2,12,10,1,2,1
16,23,39,40,16,23,0,2,13,9,1,2,2
16,23,39,40,16,23,0,2,14,8,1,2,1
16,23,39,40,16,23,0,2,15,7,1,2,1
16,23,39,40,16,23,0,2,16,6,1,2,2
16,23,39,40,16,23,0,2,17,5,1,2,1
16,23,39,40,16,23,0,2,18,4,1,2,1
16,23,39,40,16,23,0,2,19,16,0,1,2
16,23,39,40,16,23,0,2,20,16,0,1,1
16,23,39,40,16,23,0,2,21,16,0,1,2
16,24,40,41,16,16,0,2,1,14,1,2,0
16,24,40,41,16,16,0,2,2,13,1,2,2
16,24,40,41,16,16,0,2,3,12,1,2,1
16,24,40,41,16,16,0,2,4,4,0,2,2
16,24,40,41,16,16,0,2,5,5,0,2,2
16,24,40,41,16,16,0,2,6,6,0,2,2
16,24,40,41,16,16,0,2,7,7,0,2,2
16,24,40,41,16,16,0,2,8,7,1,2,2
16,24,40,41,16,16,0,2,9,6,1,2,1
16,24,40,41,16,16,0,2,10,5,1,2,2
16,24,40,41,16,16,0,2,11,4,1,2,2
16,24,40,41,16,16,0,2,12,3,1,2,1
16,24,40,41,16,16,0,2,13,13,0,2,2
16,24,40,41,16,16,0,2,14,14,0,2,2
16,24,40,41,16,24,0,2,1,16,0,1,1
16,24,40,41,16,24,0,2,2,16,0,1,2
16,24,40,41,16,24,0,2,3,16,0,1,1
16,24,40,41,16,24,0,2,4,4,0,2,2
16,24,40,41,16,24,0,2,5,5,0,2,2
16,24,40,41,16,24,0,2,6,6,0,2,2
16,24,40,41,16,24,0,2,7,7,0,2,2
16,24,40,41,16,24,0,2,8,8,0,2,2
16,24,40,41,16,24,0,2,9,9,0,2,2
16,24,40,41,16,24,0,2,10,10,0,2,2
16,24,40,41,16,24,0,2,11,11,0,2,2
16,24,40,41,16,24,0,2,12,11,1,2,2
16,24,40,41,16,24,0,2,13,10,1,2,2
16,24,40,41,16,24,0,2,14,9,1,2,2
16,24,40,41,16,24,0,2,15,8,1,2,2
16,24,40,41,16,24,0,2,16,7,1,2,3
16,24,40,41,16,24,0,2,17,6,1,2,2
16,24,40,41,16,24,0,2,18,5,1,2,2
16,24,40,41,16,24,0,2,19,16,0,1,2
16,24,40,41,16,24,0,2,20,16,0,1,2
16,24,40,41,16,24,0,2,21,16,0,1,2
16,24,40,41,16,24,0,2,22,16,0,1,2
16,25,41,42,16,16,0,2,1,14,1,2,1
16,25,41,42,16,16,0,2,2,13,1,2,2
16,25,41,42,16,16,0,2,3,12,1,2,1
16,25,41,42,16,16,0,2,4,4,0,2,2
16,25,41,42,16,16,0,2,5,5,0,2,2
16,25,41,42,16,16,0,2,6,6,0,2,2
16,25,41,42,16,16,0,2,7,7,0,2,2
16,25,41,42,16,16,0,2,8,7,1,2,1
16,25,41,42,16,16,0,2,9,6,1,2,1
16,25,41,42,16,16,0,2,10,5,1,2,1
16,25,41,42,16,16,0,2,11,4,1,2,1
16,25,41,42,16,16,0,2,12,3,1,2,1
16,25,41,42,16,16,0,2,13,13,0,2,2
16,25,41,42,16,16,0,2,14,14,0,2,2
16,25,41,42,16,25,0,2,1,16,0,1,1
16,25,41,42,16,25,0,2,2,16,0,1,1
16,25,41,42,16,25,0,2,3,3,0,2,1
16,25,41,42,16,25,0,2,4,4,0,2,2
16,25,41,42,16,25,0,2,5,5,0,2,2
16,25,41,42,16,25,0,2,6,6,0,2,1
16,25,41,42,16,25,0,2,7,7,0,2,2
16,25,41,42,16,25,0,2,8,8,0,2,2
16,25,41,42,16,25,0,2,9,9,0,2,1
16,25,41,42,16,25,0,2,10,10,0,2,2
16,25,41,42,16,25,0,2,11,11,0,2,2
16,25,41,42,16,25,0,2,12,12,0,2,1
16,25,41,42,16,25,0,2,13,11,1,2,1
16,25,41,42,16,25,0,2,14,10,1,2,1
16,25,41,42,16,25,0,2,15,9,1,2,1
16,25,41,42,16,25,0,2,16,8,1,2,1
16,25,41,42,16,25,0,2,17,7,1,2,1
16,25,41,42,16,25,0,2,18,6,1,2,1
16,25,41,42,16,25,0,2,19,5,1,2,1
16,25,41,42,16,25,0,2,20,4,1,2,1
16,25,41,42,16,25,0,2,21,3,1,2,1
16,25,41,42,16,25,0,2,22,16,0,1,2
16,25,41,42,16,25,0,2,23,16,0,1,2
16,26,42,43,16,16,0,2,1,14,1,2,1
16,26,42,43,16,16,0,2,2,13,1,2,1
16,26,42,43,16,16,0,2,3,12,1,2,1
16,26,42,43,16,16,0,2,4,4,0,2,2
16,26,42,43,16,16,0,2,5,5,0,2,2
16,26,42,43,16,16,0,2,6,6,0,2,2
16,26,42,43,16,16,0,2,7,7,0,2,2
16,26,42,43,16,16,0,2,8,7,1,2,2
16,26,42,43,16,16,0,2,9,6,1,2,2
16,26,42,43,16,16,0,2,10,5,1,2,2
16,26,42,43,16,16,0,2,11,4,1,2,2
16,26,42,43,16,16,0,2,12,12,0,2,2
16,26,42,43,16,16,0,2,13,13,0,2,2
16,26,42,43,16,16,0,2,14,14,0,2,2
16,26,42,43,16,26,0,2,1,16,0,1,1
16,26,42,43,16,26,0,2,2,16,0,1,2
16,26,42,43,16,26,0,2,3,16,0,1,1
16,26,42,43,16,26,0,2,4,4,0,2,2
16,26,42,43,16,26,0,2,5,5,0,2,2
16,26,42,43,16,26,0,2,6,6,0,2,2
16,26,42,43,16,26,0,2,7,7,0,2,2
16,26,42,43,16,26,0,2,8,8,0,2,2
16,26,42,43,16,26,0,2,9,9,0,2,2
16,26,42,43,16,26,0,2,10,10,0,2,2
16,26,42,43,16,26,0,2,11,11,0,2,2
16,26,42,43,16,26,0,2,12,12,0,2,2
16,26,42,43,16,26,0,2,13,12,1,2,2
16,26,42,43,16,26,0,2,14,11,1,2,2
16,26,42,43,16,26,0,2,15,10,1,2,2
16,26,42,43,16,26,0,2,16,9,1,2,2
16,26,42,43,16,26,0,2,17,8,1,2,2
16,26,42,43,16,26,0,2,18,7,1,2,2
16,26,42,43,16,26,0,2,19,6,1,2,1
16,26,42,43,16,26,0,2,20,5,1,2,2
16,26,42,43,16,26,0,2,21,4,1,2,2
16,26,42,43,16,26,0,2,22,16,0,1,2
16,26,42,43,16,26,0,2,23,16,0,1,2
16,26,42,43,16,26,0,2,24,16,0,1,2
16,27,43,44,16,16,0,2,1,14,1,2,1
16,27,43,44,16,16,0,2,2,13,1,2,2
16,27,43,44,16,16,0,2,3,12,1,2,1
16,27,43,44,16,16,0,2,4,4,0,2,2
16,27,43,44,16,16,0,2,5,5,0,2,2
16,27,43,44,16,16,0,2,6,6,0,2,2
16,27,43,44,16,16,0,2,7,7,0,2,2
16,27,43,44,16,16,0,2,8,7,1,2,1
16,27,43,44,16,16,0,2,9,6,1,2,1
16,27,43,44,16,16,0,2,10,5,1,2,1
16,27,43,44,16,16,0,2,11,4,1,2,1
16,27,43,44,16,16,0,2,12,3,1,2,1
16,27,43,44,16,16,0,2,13,13,0,2,2
16,27,43,44,16,16,0,2,14,14,0,2,2
16,27,43,44,16,27,0,2,1,16,0,1,1
16,27,43,44,16,27,0,2,2,16,0,1,1
16,27,43,44,16,27,0,2,3,16,0,1,1
16,27,43,44,16,27,0,2,4,4,0,2,2
16,27,43,44,16,27,0,2,5,5,0,2,2
16,27,43,44,16,27,0,2,6,6,0,2,2
16,27,43,44,16,27,0,2,7,7,0,2,2
16,27,43,44,16,27,0,2,8,8,0,2,2
16,27,43,44,16,27,0,2,9,9,0,2,2
16,27,43,44,16,27,0,2,10,10,0,2,2
16,27,43,44,16,27,0,2,11,11,0,2,2
16,27,43,44,16,27,0,2,12,12,0,2,2
16,27,43,44,16,27,0,2,13,13,0,2,2
16,27,43,44,16,27,0,2,14,12,1,2,1
16,27,43,44,16,27,0,2,15,11,1,2,1
16,27,43,44,16,27,0,2,16,10,1,2,1
16,27,43,44,16,27,0,2,17,9,1,2,1
16,27,43,44,16,27,0,2,18,8,1,2,1
16,27,43,44,16,27,0,2,19,7,1,2,1
16,27,43,44,16,27,0,2,20,6,1,2,1
16,27,43,44,16,27,0,2,21,5,1,2,1
16,27,43,44,16,27,0,2,22,4,1,2,1
16,27,43,44,16,27,0,2,23,3,1,2,1
16,27,43,44,16,27,0,2,24,16,0,1,2
16,27,43,44,16,27,0,2,25,16,0,1,2
16,28,44,45,16,16,0,2,1,14,1,2,1
16,28,44,45,16,16,0,2,2,13,1,2,2
16,28,44,45,16,16,0,2,3,12,1,2,1
16,28,44,45,16,16,0,2,4,4,0,2,2
16,28,44,45,16,16,0,2,5,5,0,2,2
16,28,44,45,16,16,0,2,6,6,0,2,2
16,28,44,45,16,16,0,2,7,7,0,2,2
16,28,44,45,16,16,0,2,8,7,1,2,2
16,28,44,45,16,16,0,2,9,6,1,2,2
16,28,44,45,16,16,0,2,10,5,1,2,2
16,28,44,45,16,16,0,2,11,4,1,2,2
16,28,44,45,16,16,0,2,12,12,0,2,2
16,28,44,45,16,16,0,2,13,13,0,2,2
16,28,44,45,16,16,0,2,14,14,0,2,2
16,28,44,45,16,28,0,2,1,16,0,1,1
16,28,44,45,16,28,0,2,2,16,0,1,2
16,28,44,45,16,28,0,2,3,16,0,1,1
16,28,44,45,16,28,0,2,4,4,0,2,2
16,28,44,45,16,28,0,2,5,5,0,2,2
16,28,44,45,16,28,0,2,6,6,0,2,2
16,28,44,45,16,28,0,2,7,7,0,2,2
16,28,44,45,16,28,0,2,8,8,0,2,2
16,28,44,45,16,28,0,2,9,9,0,2,2
16,28,44,45,16,28,0,2,10,10,0,2,2
16,28,44,45,16,28,0,2,11,11,0,2,2
16,28,44,45,16,28,0,2,12,12,0,2,2
16,28,44,45,16,28,0,2,13,13,0,2,2
16,28,44,45,16,28,0,2,14,13,1,2,2
16,28,44,45,16,28,0,2,15,12,1,2,2
16,28,44,45,16,28,0,2,16,11,1,2,2
16,28,44,45,16,28,0,2,17,10,1,2,2
16,28,44,45,16,28,0,2,18,9,1,2,2
16,28,44,45,16,28,0,2,19,8,1,2,2
16,28,44,45,16,28,0,2,20,7,1,2,2
16,28,44,45,16,28,0,2,21,6,1,2,2
16,28,44,45,16,28,0,2,22,5,1,2,2
16,28,44,45,16,28,0,2,23,4,1,2,2
16,28,44,45,16,28,0,2,24,16,0,1,2
16,28,44,45,16,28,0,2,25,16,0,1,2
16,28,44,45,16,28,0,2,26,16,0,1,2
17,2,19,20,17,17,0,2,1,15,1,2,0
17,2,19,20,17,17,0,2,2,14,1,2,1
17,2,19,20,17,17,0,2,3,13,1,2,1
17,2,19,20,17,17,0,2,4,4,0,2,2
17,2,19,20,17,17,0,2,5,5,0,2,2
17,2,19,20,17,17,0,2,6,6,0,2,2
17,2,19,20,17,17,0,2,7,7,0,2,2
17,2,19,20,17,17,0,2,8,8,0,2,4
17,2,19,20,17,17,0,2,9,7,1,2,2
17,2,19,20,17,17,0,2,10,6,1,2,1
17,2,19,20,17,17,0,2,11,5,1,2,1
17,2,19,20,17,17,0,2,12,4,1,2,1
17,2,19,20,17,17,0,2,13,3,1,2,1
17,2,19,20,17,17,0,2,14,14,0,2,2
17,2,19,20,17,17,0,2,15,15,0,2,2
17,3,20,21,17,3,0,2,1,17,0,1,2
17,3,20,21,17,17,0,2,1,15,1,2,1
17,3,20,21,17,17,0,2,2,14,1,2,2
17,3,20,21,17,17,0,2,3,13,1,2,2
17,3,20,21,17,17,0,2,4,4,0,2,2
17,3,20,21,17,17,0,2,5,5,0,2,2
17,3,20,21,17,17,0,2,6,6,0,2,2
17,3,20,21,17,17,0,2,7,7,0,2,5
17,3,20,21,17,17,0,2,8,8,0,2,2
17,3,20,21,17,17,0,2,9,9,0,2,5
17,3,20,21,17,17,0,2,10,6,1,2,2
17,3,20,21,17,17,0,2,11,5,1,2,2
17,3,20,21,17,17,0,2,12,4,1,2,2
17,3,20,21,17,17,0,2,13,13,0,2,2
17,3,20,21,17,17,0,2,14,14,0,2,2
17,3,20,21,17,17,0,2,15,15,0,2,2
17,4,21,22,17,4,0,2,1,17,0,1,1
17,4,21,22,17,4,0,2,2,17,0,1,2
17,4,21,22,17,17,0,2,1,4,0,1,1
17,4,21,22,17,17,0,2,2,4,0,1,1
17,4,21,22,17,17,0,2,3,4,0,1,1
17,4,21,22,17,17,0,2,4,4,0,1,1
17,4,21,22,17,17,0,2,5,5,0,2,2
17,4,21,22,17,17,0,2,6,4,0,1,1
17,4,21,22,17,17,0,2,7,7,0,2,4
17,4,21,22,17,17,0,2,8,4,0,1,1
17,4,21,22,17,17,0,2,9,4,0,1,1
17,4,21,22,17,17,0,2,10,6,1,2,2
17,4,21,22,17,17,0,2,11,4,0,1,1
17,4,21,22,17,17,0,2,12,4,0,1,1
17,4,21,22,17,17,0,2,13,13,0,2,2
17,4,21,22,17,17,0,2,14,4,0,1,1
17,4,21,22,17,17,0,2,15,15,0,2,2
17,5,22,23,17,5,0,2,1,3,1,2,1
17,5,22,23,17,5,0,2,2,17,0,1,2
17,5,22,23,17,5,0,2,3,17,0,1,1
17,5,22,23,17,17,0,2,1,5,0,1,2
17,5,22,23,17,17,0,2,2,5,0,1,2
17,5,22,23,17,17,0,2,3,5,0,1,2
17,5,22,23,17,17,0,2,4,4,0,2,2
17,5,22,23,17,17,0,2,5,5,0,1,2
17,5,22,23,17,17,0,2,6,5,0,1,2
17,5,22,23,17,17,0,2,7,5,0,1,2
17,5,22,23,17,17,0,2,8,5,0,1,2
17,5,22,23,17,17,0,2,9,5,0,1,2
17,5,22,23,17,17,0,2,10,5,0,1,2
17,5,22,23,17,17,0,2,11,5,0,1,2
17,5,22,23,17,17,0,2,12,4,1,2,2
17,5,22,23,17,17,0,2,13,3,1,2,1
17,5,22,23,17,17,0,2,14,5,0,1,2
17,5,22,23,17,17,0,2,15,5,0,1,2
17,6,23,24,17,6,0,2,1,4,1,2,1
17,6,23,24,17,6,0,2,2,17,0,1,1
17,6,23,24,17,6,0,2,3,17,0,1,2
17,6,23,24,17,6,0,2,4,4,0,2,2
17,6,23,24,17,17,0,2,1,6,0,1,1
17,6,23,24,17,17,0,2,2,6,0,1,2
17,6,23,24,17,17,0,2,3,6,0,1,1
17,6,23,24,17,17,0,2,4,4,0,2,2
17,6,23,24,17,17,0,2,5,5,0,2,2
17,6,23,24,17,17,0,2,6,6,0,1,2
17,6,23,24,17,17,0,2,7,6,0,1,1
17,6,23,24,17,17,0,2,8,6,0,1,3
17,6,23,24,17,17,0,2,9,6,0,1,2
17,6,23,24,17,17,0,2,10,6,0,1,2
17,6,23,24,17,17,0,2,11,5,1,2,1
17,6,23,24,17,17,0,2,12,4,1,2,1
17,6,23,24,17,17,0,2,13,6,0,1,2
17,6,23,24,17,17,0,2,14,6,0,1,2
17,6,23,24,17,17,0,2,15,6,0,1,2
17,7,24,25,17,7,0,2,1,5,1,2,1
17,7,24,25,17,7,0,2,2,4,1,2,2
17,7,24,25,17,7,0,2,3,3,1,2,1
17,7,24,25,17,7,0,2,4,4,0,2,2
17,7,24,25,17,7,0,2,5,5,0,2,2
17,7,24,25,17,17,0,2,1,7,0,1,1
17,7,24,25,17,17,0,2,2,7,0,1,4
17,7,24,25,17,17,0,2,3,7,0,1,1
17,7,24,25,17,17,0,2,4,4,0,2,2
17,7,24,25,17,17,0,2,5,5,0,2,2
17,7,24,25,17,17,0,2,6,6,0,2,2
17,7,24,25,17,17,0,2,7,7,0,1,2
17,7,24,25,17,17,0,2,8,8,0,2,2
17,7,24,25,17,17,0,2,9,7,0,1,2
17,7,24,25,17,17,0,2,10,6,1,2,1
17,7,24,25,17,17,0,2,11,5,1,2,2
17,7,24,25,17,17,0,2,12,4,1,2,2
17,7,24,25,17,17,0,2,13,3,1,2,1
17,7,24,25,17,17,0,2,14,7,0,1,2
17,7,24,25,17,17,0,2,15,7,0,1,1
17,8,25,26,17,8,0,2,1,6,1,2,1
17,8,25,26,17,8,0,2,2,5,1,2,2
17,8,25,26,17,8,0,2,3,4,1,2,1
17,8,25,26,17,8,0,2,4,3,1,2,1
17,8,25,26,17,8,0,2,5,5,0,2,2
17,8,25,26,17,8,0,2,6,6,0,2,2
17,8,25,26,17,17,0,2,1,8,0,1,1
17,8,25,26,17,17,0,2,2,8,0,1,2
17,8,25,26,17,17,0,2,3,8,0,1,2
17,8,25,26,17,17,0,2,4,4,0,2,1
17,8,25,26,17,17,0,2,5,5,0,2,2
17,8,25,26,17,17,0,2,6,6,0,2,2
17,8,25,26,17,17,0,2,7,7,0,2,1
17,8,25,26,17,17,0,2,8,8,0,1,2
17,8,25,26,17,17,0,2,9,7,1,2,1
17,8,25,26,17,17,0,2,10,6,1,2,1
17,8,25,26,17,17,0,2,11,5,1,2,1
17,8,25,26,17,17,0,2,12,4,1,2,1
17,8,25,26,17,17,0,2,13,3,1,2,1
17,8,25,26,17,17,0,2,14,8,0,1,2
17,8,25,26,17,17,0,2,15,8,0,1,2
17,9,26,27,17,9,0,2,1,7,1,2,0
17,9,26,27,17,9,0,2,2,6,1,2,2
17,9,26,27,17,9,0,2,3,5,1,2,1
17,9,26,27,17,9,0,2,4,4,0,2,2
17,9,26,27,17,9,0,2,5,5,0,2,2
17,9,26,27,17,9,0,2,6,6,0,2,2
17,9,26,27,17,9,0,2,7,7,0,2,2
17,9,26,27,17,17,0,2,1,9,0,1,1
17,9,26,27,17,17,0,2,2,9,0,1,3
17,9,26,27,17,17,0,2,3,9,0,1,1
17,9,26,27,17,17,0,2,4,4,0,2,2
17,9,26,27,17,17,0,2,5,5,0,2,2
17,9,26,27,17,17,0,2,6,6,0,2,2
17,9,26,27,17,17,0,2,7,7,0,2,2
17,9,26,27,17,17,0,2,8,8,0,2,2
17,9,26,27,17,17,0,2,9,7,1,2,3
17,9,26,27,17,17,0,2,10,6,1,2,2
17,9,26,27,17,17,0,2,11,5,1,2,2
17,9,26,27,17,17,0,2,12,9,0,1,6
17,9,26,27,17,17,0,2,13,9,0,1,2
17,9,26,27,17,17,0,2,14,9,0,1,2
17,9,26,27,17,17,0,2,15,9,0,1,3
17,10,27,28,17,10,0,2,1,8,1,2,1
17,10,27,28,17,10,0,2,2,7,1,2,2
17,10,27,28,17,10,0,2,3,3,0,2,1
17,10,27,28,17,10,0,2,4,4,0,2,2
17,10,27,28,17,10,0,2,5,4,1,2,1
17,10,27,28,17,10,0,2,6,3,1,2,1
17,10,27,28,17,10,0,2,7,7,0,2,2
17,10,27,28,17,10,0,2,8,8,0,2,1
17,10,27,28,17,17,0,2,1,10,0,1,1
17,10,27,28,17,17,0,2,2,10,0,1,1
17,10,27,28,17,17,0,2,3,10,0,1,1
17,10,27,28,17,17,0,2,4,4,0,2,2
17,10,27,28,17,17,0,2,5,5,0,2,2
17,10,27,28,17,17,0,2,6,6,0,2,2
17,10,27,28,17,17,0,2,7,7,0,2,2
17,10,27,28,17,17,0,2,8,8,0,2,2
17,10,27,28,17,17,0,2,9,7,1,2,1
17,10,27,28,17,17,0,2,10,6,1,2,2
17,10,27,28,17,17,0,2,11,5,1,2,1
17,10,27,28,17,17,0,2,12,4,1,2,1
17,10,27,28,17,17,0,2,13,10,0,1,2
17,10,27,28,17,17,0,2,14,10,0,1,1
17,10,27,28,17,17,0,2,15,10,0,1,2
17,11,28,29,17,11,0,2,1,9,1,2,1
17,11,28,29,17,11,0,2,2,8,1,2,1
17,11,28,29,17,11,0,2,3,7,1,2,1
17,11,28,29,17,11,0,2,4,4,0,2,2
17,11,28,29,17,11,0,2,5,5,0,2,2
17,11,28,29,17,11,0,2,6,4,1,2,1
17,11,28,29,17,11,0,2,7,7,0,2,2
17,11,28,29,17,11,0,2,8,8,0,2,2
17,11,28,29,17,11,0,2,9,9,0,2,2
17,11,28,29,17,17,0,2,1,11,0,1,1
17,11,28,29,17,17,0,2,2,11,0,1,2
17,11,28,29,17,17,0,2,3,11,0,1,2
17,11,28,29,17,17,0,2,4,4,0,2,2
17,11,28,29,17,17,0,2,5,5,0,2,2
17,11,28,29,17,17,0,2,6,6,0,2,2
17,11,28,29,17,17,0,2,7,7,0,2,2
17,11,28,29,17,17,0,2,8,8,0,2,2
17,11,28,29,17,17,0,2,9,7,1,2,2
17,11,28,29,17,17,0,2,10,6,1,2,2
17,11,28,29,17,17,0,2,11,5,1,2,2
17,11,28,29,17,17,0,2,12,4,1,2,2
17,11,28,29,17,17,0,2,13,11,0,1,2
17,11,28,29,17,17,0,2,14,11,0,1,2
17,11,28,29,17,17,0,2,15,11,0,1,2
17,12,29,30,17,12,0,2,1,10,1,2,1
17,12,29,30,17,12,0,2,2,9,1,2,2
17,12,29,30,17,12,0,2,3,8,1,2,1
17,12,29,30,17,12,0,2,4,4,0,2,2
17,12,29,30,17,12,0,2,5,5,0,2,2
17,12,29,30,17,12,0,2,6,5,1,2,1
17,12,29,30,17,12,0,2,7,4,1,2,1
17,12,29,30,17,12,0,2,8,3,1,2,1
17,12,29,30,17,12,0,2,9,9,0,2,2
17,12,29,30,17,12,0,2,10,10,0,2,2
17,12,29,30,17,17,0,2,1,12,0,1,1
17,12,29,30,17,17,0,2,2,12,0,1,1
17,12,29,30,17,17,0,2,3,12,0,1,2
17,12,29,30,17,17,0,2,4,4,0,2,2
17,12,29,30,17,17,0,2,5,5,0,2,2
17,12,29,30,17,17,0,2,6,6,0,2,2
17,12,29,30,17,17,0,2,7,7,0,2,1
17,12,29,30,17,17,0,2,8,8,0,2,1
17,12,29,30,17,17,0,2,9,7,1,2,1
17,12,29,30,17,17,0,2,10,6,1,2,1
17,12,29,30,17,17,0,2,11,5,1,2,1
17,12,29,30,17,17,0,2,12,4,1,2,1
17,12,29,30,17,17,0,2,13,3,1,2,1
17,12,29,30,17,17,0,2,14,12,0,1,2
17,12,29,30,17,17,0,2,15,12,0,1,2
17,13,30,31,17,13,0,2,1,11,1,2,1
17,13,30,31,17,13,0,2,2,10,1,2,2
17,13,30,31,17,13,0,2,3,9,1,2,1
17,13,30,31,17,13,0,2,4,4,0,2,2
17,13,30,31,17,13,0,2,5,5,0,2,2
17,13,30,31,17,13,0,2,6,6,0,2,2
17,13,30,31,17,13,0,2,7,5,1,2,2
17,13,30,31,17,13,0,2,8,4,1,2,2
17,13,30,31,17,13,0,2,9,9,0,2,2
17,13,30,31,17,13,0,2,10,10,0,2,2
17,13,30,31,17,13,0,2,11,11,0,2,2
17,13,30,31,17,17,0,2,1,13,0,1,1
17,13,30,31,17,17,0,2,2,13,0,1,2
17,13,30,31,17,17,0,2,3,3,0,2,1
17,13,30,31,17,17,0,2,4,4,0,2,2
17,13,30,31,17,17,0,2,5,5,0,2,2
17,13,30,31,17,17,0,2,6,6,0,2,2
17,13,30,31,17,17,0,2,7,7,0,2,2
17,13,30,31,17,17,0,2,8,8,0,2,2
17,13,30,31,17,17,0,2,9,7,1,2,1
17,13,30,31,17,17,0,2,10,6,1,2,1
17,13,30,31,17,17,0,2,11,5,1,2,2
17,13,30,31,17,17,0,2,12,4,1,2,2
17,13,30,31,17,17,0,2,13,3,1,2,1
17,13,30,31,17,17,0,2,14,13,0,1,2
17,13,30,31,17,17,0,2,15,13,0,1,2
17,14,31,32,17,14,0,2,1,12,1,2,0
17,14,31,32,17,14,0,2,2,11,1,2,2
17,14,31,32,17,14,0,2,3,10,1,2,1
17,14,31,32,17,14,0,2,4,4,0,2,2
17,14,31,32,17,14,0,2,5,5,0,2,2
17,14,31,32,17,14,0,2,6,6,0,2,2
17,14,31,32,17,14,0,2,7,6,1,2,1
17,14,31,32,17,14,0,2,8,5,1,2,2
17,14,31,32,17,14,0,2,9,4,1,2,1
17,14,31,32,17,14,0,2,10,3,1,2,1
17,14,31,32,17,14,0,2,11,11,0,2,2
17,14,31,32,17,14,0,2,12,12,0,2,2
17,14,31,32,17,17,0,2,1,14,0,1,1
17,14,31,32,17,17,0,2,2,14,0,1,2
17,14,31,32,17,17,0,2,3,3,0,2,1
17,14,31,32,17,17,0,2,4,4,0,2,2
17,14,31,32,17,17,0,2,5,5,0,2,2
17,14,31,32,17,17,0,2,6,6,0,2,2
17,14,31,32,17,17,0,2,7,7,0,2,2
17,14,31,32,17,17,0,2,8,8,0,2,2
17,14,31,32,17,17,0,2,9,7,1,2,1
17,14,31,32,17,17,0,2,10,6,1,2,1
17,14,31,32,17,17,0,2,11,5,1,2,2
17,14,31,32,17,17,0,2,12,4,1,2,1
17,14,31,32,17,17,0,2,13,3,1,2,1
17,14,31,32,17,17,0,2,14,2,1,2,0
17,14,31,32,17,17,0,2,15,14,0,1,2
17,16,33,34,17,16,0,2,1,14,1,2,1
17,16,33,34,17,16,0,2,2,13,1,2,1
17,16,33,34,17,16,0,2,3,12,1,2,1
17,16,33,34,17,16,0,2,4,4,0,2,2
17,16,33,34,17,16,0,2,5,5,0,2,2
17,16,33,34,17,16,0,2,6,6,0,2,2
17,16,33,34,17,16,0,2,7,7,0,2,2
17,16,33,34,17,16,0,2,8,7,1,2,1
17,16,33,34,17,16,0,2,9,6,1,2,1
17,16,33,34,17,16,0,2,10,5,1,2,1
17,16,33,34,17,16,0,2,11,4,1,2,1
17,16,33,34,17,16,0,2,12,3,1,2,1
17,16,33,34,17,16,0,2,13,13,0,2,2
17,16,33,34,17,16,0,2,14,14,0,2,2
17,16,33,34,17,17,0,2,1,15,1,2,2
17,16,33,34,17,17,0,2,2,14,1,2,2
17,16,33,34,17,17,0,2,3,13,1,2,1
17,16,33,34,17,17,0,2,4,4,0,2,2
17,16,33,34,17,17,0,2,5,5,0,2,2
17,16,33,34,17,17,0,2,6,6,0,2,2
17,16,33,34,17,17,0,2,7,7,0,2,2
17,16,33,34,17,17,0,2,8,8,0,2,2
17,16,33,34,17,17,0,2,9,7,1,2,1
17,16,33,34,17,17,0,2,10,6,1,2,1
17,16,33,34,17,17,0,2,11,5,1,2,1
17,16,33,34,17,17,0,2,12,4,1,2,1
17,16,33,34,17,17,0,2,13,13,0,2,2
17,16,33,34,17,17,0,2,14,14,0,2,2
17,16,33,34,17,17,0,2,15,15,0,2,2
17,17,34,35,17,17,0,2,1,15,1,2,1
17,17,34,35,17,17,0,2,2,14,1,2,2
17,17,34,35,17,17,0,2,3,13,1,2,1
17,17,34,35,17,17,0,2,4,4,0,2,2
17,17,34,35,17,17,0,2,5,5,0,2,2
17,17,34,35,17,17,0,2,6,6,0,2,2
17,17,34,35,17,17,0,2,7,7,0,2,2
17,17,34,35,17,17,0,2,8,8,0,2,2
17,17,34,35,17,17,0,2,9,7,1,2,1
17,17,34,35,17,17,0,2,10,6,1,2,2
17,17,34,35,17,17,0,2,11,5,1,2,2
17,17,34,35,17,17,0,2,12,4,1,2,2
17,17,34,35,17,17,0,2,13,13,0,2,2
17,17,34,35,17,17,0,2,14,14,0,2,2
17,17,34,35,17,17,0,2,15,15,0,2,2
17,18,35,36,17,17,0,2,1,15,1,2,1
17,18,35,36,17,17,0,2,2,14,1,2,1
17,18,35,36,17,17,0,2,3,13,1,2,1
17,18,35,36,17,17,0,2,4,4,0,2,1
17,18,35,36,17,17,0,2,5,5,0,2,2
17,18,35,36,17,17,0,2,6,6,0,2,1
17,18,35,36,17,17,0,2,7,7,0,2,1
17,18,35,36,17,17,0,2,8,8,0,2,1
17,18,35,36,17,17,0,2,9,7,1,2,1
17,18,35,36,17,17,0,2,10,6,1,2,1
17,18,35,36,17,17,0,2,11,5,1,2,1
17,18,35,36,17,17,0,2,12,4,1,2,1
17,18,35,36,17,17,0,2,13,3,1,2,1
17,18,35,36,17,17,0,2,14,14,0,2,1
17,18,35,36,17,17,0,2,15,15,0,2,2
17,18,35,36,17,18,0,2,1,16,1,2,2
17,18,35,36,17,18,0,2,2,15,1,2,2
17,18,35,36,17,18,0,2,3,14,1,2,1
17,18,35,36,17,18,0,2,4,4,0,2,2
17,18,35,36,17,18,0,2,5,5,0,2,2
17,18,35,36,17,18,0,2,6,6,0,2,2
17,18,35,36,17,18,0,2,7,7,0,2,2
17,18,35,36,17,18,0,2,8,8,0,2,2
17,18,35,36,17,18,0,2,9,8,1,2,1
17,18,35,36,17,18,0,2,10,7,1,2,1
17,18,35,36,17,18,0,2,11,6,1,2,1
17,18,35,36,17,18,0,2,12,5,1,2,1
17,18,35,36,17,18,0,2,13,4,1,2,1
17,18,35,36,17,18,0,2,14,14,0,2,2
17,18,35,36,17,18,0,2,15,15,0,2,2
17,18,35,36,17,18,0,2,16,16,0,2,2
17,20,37,38,17,17,0,2,1,15,1,2,0
17,20,37,38,17,17,0,2,2,14,1,2,2
17,20,37,38,17,17,0,2,3,13,1,2,1
17,20,37,38,17,17,0,2,4,4,0,2,2
17,20,37,38,17,17,0,2,5,5,0,2,2
17,20,37,38,17,17,0,2,6,6,0,2,2
17,20,37,38,17,17,0,2,7,7,0,2,2
17,20,37,38,17,17,0,2,8,8,0,2,2
17,20,37,38,17,17,0,2,9,7,1,2,1
17,20,37,38,17,17,0,2,10,6,1,2,1
17,20,37,38,17,17,0,2,11,5,1,2,1
17,20,37,38,17,17,0,2,12,4,1,2,1
17,20,37,38,17,17,0,2,13,3,1,2,1
17,20,37,38,17,17,0,2,14,14,0,2,2
17,20,37,38,17,17,0,2,15,15,0,2,2
17,20,37,38,17,20,0,2,1,17,0,1,1
17,20,37,38,17,20,0,2,2,17,0,1,2
17,20,37,38,17,20,0,2,3,3,0,2,1
17,20,37,38,17,20,0,2,4,4,0,2,2
17,20,37,38,17,20,0,2,5,5,0,2,2
17,20,37,38,17,20,0,2,6,6,0,2,2
17,20,37,38,17,20,0,2,7,7,0,2,2
17,20,37,38,17,20,0,2,8,8,0,2,2
17,20,37,38,17,20,0,2,9,9,0,2,2
17,20,37,38,17,20,0,2,10,9,1,2,1
17,20,37,38,17,20,0,2,11,8,1,2,2
17,20,37,38,17,20,0,2,12,7,1,2,1
17,20,37,38,17,20,0,2,13,6,1,2,1
17,20,37,38,17,20,0,2,14,5,1,2,2
17,20,37,38,17,20,0,2,15,4,1,2,1
17,20,37,38,17,20,0,2,16,3,1,2,1
17,20,37,38,17,20,0,2,17,2,1,2,0
17,20,37,38,17,20,0,2,18,17,0,1,2
17,21,38,39,17,17,0,2,1,15,1,2,1
17,21,38,39,17,17,0,2,2,14,1,2,2
17,21,38,39,17,17,0,2,3,13,1,2,1
17,21,38,39,17,17,0,2,4,4,0,2,2
17,21,38,39,17,17,0,2,5,5,0,2,2
17,21,38,39,17,17,0,2,6,6,0,2,2
17,21,38,39,17,17,0,2,7,7,0,2,2
17,21,38,39,17,17,0,2,8,8,0,2,2
17,21,38,39,17,17,0,2,9,7,1,2,2
17,21,38,39,17,17,0,2,10,6,1,2,2
17,21,38,39,17,17,0,2,11,5,1,2,2
17,21,38,39,17,17,0,2,12,4,1,2,2
17,21,38,39,17,17,0,2,13,13,0,2,2
17,21,38,39,17,17,0,2,14,14,0,2,2
17,21,38,39,17,17,0,2,15,15,0,2,2
17,21,38,39,17,21,0,2,1,17,0,1,1
17,21,38,39,17,21,0,2,2,17,0,1,2
17,21,38,39,17,21,0,2,3,3,0,2,1
17,21,38,39,17,21,0,2,4,4,0,2,2
17,21,38,39,17,21,0,2,5,5,0,2,2
17,21,38,39,17,21,0,2,6,6,0,2,1
17,21,38,39,17,21,0,2,7,7,0,2,2
17,21,38,39,17,21,0,2,8,8,0,2,2
17,21,38,39,17,21,0,2,9,9,0,2,2
17,21,38,39,17,21,0,2,10,10,0,2,2
17,21,38,39,17,21,0,2,11,9,1,2,2
17,21,38,39,17,21,0,2,12,8,1,2,2
17,21,38,39,17,21,0,2,13,7,1,2,2
17,21,38,39,17,21,0,2,14,6,1,2,1
17,21,38,39,17,21,0,2,15,5,1,2,2
17,21,38,39,17,21,0,2,16,4,1,2,2
17,21,38,39,17,21,0,2,17,3,1,2,1
17,21,38,39,17,21,0,2,18,17,0,1,2
17,21,38,39,17,21,0,2,19,17,0,1,2
17,22,39,40,17,17,0,2,1,15,1,2,1
17,22,39,40,17,17,0,2,2,14,1,2,2
17,22,39,40,17,17,0,2,3,13,1,2,1
17,22,39,40,17,17,0,2,4,4,0,2,2
17,22,39,40,17,17,0,2,5,5,0,2,2
17,22,39,40,17,17,0,2,6,6,0,2,2
17,22,39,40,17,17,0,2,7,7,0,2,2
17,22,39,40,17,17,0,2,8,8,0,2,2
17,22,39,40,17,17,0,2,9,7,1,2,1
17,22,39,40,17,17,0,2,10,6,1,2,1
17,22,39,40,17,17,0,2,11,5,1,2,1
17,22,39,40,17,17,0,2,12,4,1,2,1
17,22,39,40,17,17,0,2,13,3,1,2,1
17,22,39,40,17,17,0,2,14,14,0,2,2
17,22,39,40,17,17,0,2,15,15,0,2,2
17,22,39,40,17,22,0,2,1,17,0,1,1
17,22,39,40,17,22,0,2,2,17,0,1,1
17,22,39,40,17,22,0,2,3,17,0,1,2
17,22,39,40,17,22,0,2,4,4,0,2,2
17,22,39,40,17,22,0,2,5,5,0,2,2
17,22,39,40,17,22,0,2,6,6,0,2,2
17,22,39,40,17,22,0,2,7,7,0,2,2
17,22,39,40,17,22,0,2,8,8,0,2,2
17,22,39,40,17,22,0,2,9,9,0,2,2
17,22,39,40,17,22,0,2,10,10,0,2,2
17,22,39,40,17,22,0,2,11,10,1,2,1
17,22,39,40,17,22,0,2,12,9,1,2,1
17,22,39,40,17,22,0,2,13,8,1,2,1
17,22,39,40,17,22,0,2,14,7,1,2,1
17,22,39,40,17,22,0,2,15,6,1,2,1
17,22,39,40,17,22,0,2,16,5,1,2,1
17,22,39,40,17,22,0,2,17,4,1,2,1
17,22,39,40,17,22,0,2,18,3,1,2,1
17,22,39,40,17,22,0,2,19,17,0,1,2
17,22,39,40,17,22,0,2,20,17,0,1,1
17,23,40,41,17,17,0,2,1,15,1,2,1
17,23,40,41,17,17,0,2,2,14,1,2,1
17,23,40,41,17,17,0,2,3,13,1,2,1
17,23,40,41,17,17,0,2,4,4,0,2,2
17,23,40,41,17,17,0,2,5,5,0,2,2
17,23,40,41,17,17,0,2,6,6,0,2,2
17,23,40,41,17,17,0,2,7,7,0,2,2
17,23,40,41,17,17,0,2,8,8,0,2,2
17,23,40,41,17,17,0,2,9,7,1,2,1
17,23,40,41,17,17,0,2,10,6,1,2,2
17,23,40,41,17,17,0,2,11,5,1,2,2
17,23,40,41,17,17,0,2,12,4,1,2,2
17,23,40,41,17,17,0,2,13,13,0,2,2
17,23,40,41,17,17,0,2,14,14,0,2,2
17,23,40,41,17,17,0,2,15,15,0,2,2
17,23,40,41,17,23,0,2,1,17,0,1,1
17,23,40,41,17,23,0,2,2,17,0,1,2
17,23,40,41,17,23,0,2,3,17,0,1,2
17,23,40,41,17,23,0,2,4,4,0,2,2
17,23,40,41,17,23,0,2,5,5,0,2,2
17,23,40,41,17,23,0,2,6,6,0,2,2
17,23,40,41,17,23,0,2,7,7,0,2,2
17,23,40,41,17,23,0,2,8,8,0,2,2
17,23,40,41,17,23,0,2,9,9,0,2,2
17,23,40,41,17,23,0,2,10,10,0,2,2
17,23,40,41,17,23,0,2,11,11,0,2,2
17,23,40,41,17,23,0,2,12,10,1,2,2
17,23,40,41,17,23,0,2,13,9,1,2,2
17,23,40,41,17,23,0,2,14,8,1,2,2
17,23,40,41,17,23,0,2,15,7,1,2,2
17,23,40,41,17,23,0,2,16,6,1,2,2
17,23,40,41,17,23,0,2,17,5,1,2,2
17,23,40,41,17,23,0,2,18,4,1,2,2
17,23,40,41,17,23,0,2,19,17,0,1,2
17,23,40,41,17,23,0,2,20,17,0,1,2
17,23,40,41,17,23,0,2,21,17,0,1,2
17,24,41,42,17,17,0,2,1,15,1,2,1
17,24,41,42,17,17,0,2,2,14,1,2,2
17,24,41,42,17,17,0,2,3,3,0,2,1
17,24,41,42,17,17,0,2,4,4,0,2,1
17,24,41,42,17,17,0,2,5,5,0,2,1
17,24,41,42,17,17,0,2,6,6,0,2,2
17,24,41,42,17,17,0,2,7,7,0,2,1
17,24,41,42,17,17,0,2,8,8,0,2,1
17,24,41,42,17,17,0,2,9,7,1,2,1
17,24,41,42,17,17,0,2,10,6,1,2,1
17,24,41,42,17,17,0,2,11,5,1,2,1
17,24,41,42,17,17,0,2,12,4,1,2,1
17,24,41,42,17,17,0,2,13,3,1,2,1
17,24,41,42,17,17,0,2,14,14,0,2,1
17,24,41,42,17,17,0,2,15,15,0,2,1
17,24,41,42,17,24,0,2,1,17,0,1,1
17,24,41,42,17,24,0,2,2,17,0,1,1
17,24,41,42,17,24,0,2,3,17,0,1,1
17,24,41,42,17,24,0,2,4,4,0,2,2
17,24,41,42,17,24,0,2,5,5,0,2,2
17,24,41,42,17,24,0,2,6,6,0,2,2
17,24,41,42,17,24,0,2,7,7,0,2,2
17,24,41,42,17,24,0,2,8,8,0,2,2
17,24,41,42,17,24,0,2,9,9,0,2,2
17,24,41,42,17,24,0,2,10,10,0,2,2
17,24,41,42,17,24,0,2,11,11,0,2,2
17,24,41,42,17,24,0,2,12,11,1,2,1
17,24,41,42,17,24,0,2,13,10,1,2,1
17,24,41,42,17,24,0,2,14,9,1,2,2
17,24,41,42,17,24,0,2,15,8,1,2,1
17,24,41,42,17,24,0,2,16,7,1,2,1
17,24,41,42,17,24,0,2,17,6,1,2,2
17,24,41,42,17,24,0,2,18,5,1,2,1
17,24,41,42,17,24,0,2,19,4,1,2,1
17,24,41,42,17,24,0,2,20,17,0,1,2
17,24,41,42,17,24,0,2,21,17,0,1,1
17,24,41,42,17,24,0,2,22,17,0,1,1
17,25,42,43,17,17,0,2,1,15,1,2,1
17,25,42,43,17,17,0,2,2,14,1,2,2
17,25,42,43,17,17,0,2,3,13,1,2,1
17,25,42,43,17,17,0,2,4,4,0,2,2
17,25,42,43,17,17,0,2,5,5,0,2,2
17,25,42,43,17,17,0,2,6,6,0,2,2
17,25,42,43,17,17,0,2,7,7,0,2,2
17,25,42,43,17,17,0,2,8,8,0,2,2
17,25,42,43,17,17,0,2,9,7,1,2,2
17,25,42,43,17,17,0,2,10,6,1,2,2
17,25,42,43,17,17,0,2,11,5,1,2,2
17,25,42,43,17,17,0,2,12,4,1,2,2
17,25,42,43,17,17,0,2,13,13,0,2,2
17,25,42,43,17,17,0,2,14,14,0,2,2
17,25,42,43,17,17,0,2,15,15,0,2,2
17,25,42,43,17,25,0,2,1,17,0,1,1
17,25,42,43,17,25,0,2,2,17,0,1,2
17,25,42,43,17,25,0,2,3,17,0,1,1
17,25,42,43,17,25,0,2,4,4,0,2,2
17,25,42,43,17,25,0,2,5,5,0,2,2
17,25,42,43,17,25,0,2,6,6,0,2,2
17,25,42,43,17,25,0,2,7,7,0,2,2
17,25,42,43,17,25,0,2,8,8,0,2,2
17,25,42,43,17,25,0,2,9,9,0,2,2
17,25,42,43,17,25,0,2,10,10,0,2,2
17,25,42,43,17,25,0,2,11,11,0,2,2
17,25,42,43,17,25,0,2,12,12,0,2,2
17,25,42,43,17,25,0,2,13,11,1,2,2
17,25,42,43,17,25,0,2,14,10,1,2,2
17,25,42,43,17,25,0,2,15,9,1,2,2
17,25,42,43,17,25,0,2,16,8,1,2,2
17,25,42,43,17,25,0,2,17,7,1,2,3
17,25,42,43,17,25,0,2,18,6,1,2,2
17,25,42,43,17,25,0,2,19,5,1,2,2
17,25,42,43,17,25,0,2,20,17,0,1,2
17,25,42,43,17,25,0,2,21,17,0,1,2
17,25,42,43,17,25,0,2,22,17,0,1,2
17,25,42,43,17,25,0,2,23,17,0,1,2
17,26,43,44,17,17,0,2,1,15,1,2,1
17,26,43,44,17,17,0,2,2,14,1,2,2
17,26,43,44,17,17,0,2,3,13,1,2,1
17,26,43,44,17,17,0,2,4,4,0,2,2
17,26,43,44,17,17,0,2,5,5,0,2,2
17,26,43,44,17,17,0,2,6,6,0,2,2
17,26,43,44,17,17,0,2,7,7,0,2,2
17,26,43,44,17,17,0,2,8,8,0,2,2
17,26,43,44,17,17,0,2,9,7,1,2,1
17,26,43,44,17,17,0,2,10,6,1,2,1
17,26,43,44,17,17,0,2,11,5,1,2,1
17,26,43,44,17,17,0,2,12,4,1,2,1
17,26,43,44,17,17,0,2,13,3,1,2,1
17,26,43,44,17,17,0,2,14,14,0,2,2
17,26,43,44,17,17,0,2,15,15,0,2,2
17,26,43,44,17,26,0,2,1,17,0,1,1
17,26,43,44,17,26,0,2,2,17,0,1,1
17,26,43,44,17,26,0,2,3,17,0,1,1
17,26,43,44,17,26,0,2,4,4,0,2,2
17,26,43,44,17,26,0,2,5,5,0,2,2
17,26,43,44,17,26,0,2,6,6,0,2,2
17,26,43,44,17,26,0,2,7,7,0,2,2
17,26,43,44,17,26,0,2,8,8,0,2,2
17,26,43,44,17,26,0,2,9,9,0,2,2
17,26,43,44,17,26,0,2,10,10,0,2,2
17,26,43,44,17,26,0,2,11,11,0,2,2
17,26,43,44,17,26,0,2,12,12,0,2,2
17,26,43,44,17,26,0,2,13,12,1,2,1
17,26,43,44,17,26,0,2,14,11,1,2,1
17,26,43,44,17,26,0,2,15,10,1,2,1
17,26,43,44,17,26,0,2,16,9,1,2,1
17,26,43,44,17,26,0,2,17,8,1,2,1
17,26,43,44,17,26,0,2,18,7,1,2,1
17,26,43,44,17,26,0,2,19,6,1,2,1
17,26,43,44,17,26,0,2,20,5,1,2,1
17,26,43,44,17,26,0,2,21,4,1,2,1
17,26,43,44,17,26,0,2,22,3,1,2,1
17,26,43,44,17,26,0,2,23,17,0,1,2
17,26,43,44,17,26,0,2,24,17,0,1,2
17,27,44,45,17,17,0,2,1,15,1,2,1
17,27,44,45,17,17,0,2,2,14,1,2,2
17,27,44,45,17,17,0,2,3,13,1,2,1
17,27,44,45,17,17,0,2,4,4,0,2,2
17,27,44,45,17,17,0,2,5,5,0,2,2
17,27,44,45,17,17,0,2,6,6,0,2,2
17,27,44,45,17,17,0,2,7,7,0,2,2
17,27,44,45,17,17,0,2,8,8,0,2,2
17,27,44,45,17,17,0,2,9,7,1,2,2
17,27,44,45,17,17,0,2,10,6,1,2,2
17,27,44,45,17,17,0,2,11,5,1,2,2
17,27,44,45,17,17,0,2,12,4,1,2,2
17,27,44,45,17,17,0,2,13,13,0,2,2
17,27,44,45,17,17,0,2,14,14,0,2,2
17,27,44,45,17,17,0,2,15,15,0,2,2
17,27,44,45,17,27,0,2,1,17,0,1,1
17,27,44,45,17,27,0,2,2,17,0,1,2
17,27,44,45,17,27,0,2,3,17,0,1,1
17,27,44,45,17,27,0,2,4,4,0,2,2
17,27,44,45,17,27,0,2,5,5,0,2,2
17,27,44,45,17,27,0,2,6,6,0,2,2
17,27,44,45,17,27,0,2,7,7,0,2,2
17,27,44,45,17,27,0,2,8,8,0,2,2
17,27,44,45,17,27,0,2,9,9,0,2,2
17,27,44,45,17,27,0,2,10,10,0,2,2
17,27,44,45,17,27,0,2,11,11,0,2,2
17,27,44,45,17,27,0,2,12,12,0,2,2
17,27,44,45,17,27,0,2,13,13,0,2,2
17,27,44,45,17,27,0,2,14,12,1,2,2
17,27,44,45,17,27,0,2,15,11,1,2,2
17,27,44,45,17,27,0,2,16,10,1,2,2
17,27,44,45,17,27,0,2,17,9,1,2,2
17,27,44,45,17,27,0,2,18,8,1,2,2
17,27,44,45,17,27,0,2,19,7,1,2,2
17,27,44,45,17,27,0,2,20,6,1,2,1
17,27,44,45,17,27,0,2,21,5,1,2,2
17,27,44,45,17,27,0,2,22,4,1,2,2
17,27,44,45,17,27,0,2,23,17,0,1,2
17,27,44,45,17,27,0,2,24,17,0,1,2
17,27,44,45,17,27,0,2,25,17,0,1,2
18,2,20,21,18,18,0,2,1,16,1,2,1
18,2,20,21,18,18,0,2,2,15,1,2,2
18,2,20,21,18,18,0,2,3,3,0,2,1
18,2,20,21,18,18,0,2,4,4,0,2,1
18,2,20,21,18,18,0,2,5,5,0,2,1
18,2,20,21,18,18,0,2,6,6,0,2,1
18,2,20,21,18,18,0,2,7,7,0,2,1
18,2,20,21,18,18,0,2,8,8,0,2,2
18,2,20,21,18,18,0,2,9,8,1,2,2
18,2,20,21,18,18,0,2,10,7,1,2,1
18,2,20,21,18,18,0,2,11,6,1,2,1
18,2,20,21,18,18,0,2,12,5,1,2,2
18,2,20,21,18,18,0,2,13,4,1,2,1
18,2,20,21,18,18,0,2,14,3,1,2,1
18,2,20,21,18,18,0,2,15,15,0,2,1
18,2,20,21,18,18,0,2,16,16,0,2,1
18,3,21,22,18,3,0,2,1,18,0,1,1
18,3,21,22,18,18,0,2,1,3,0,1,1
18,3,21,22,18,18,0,2,2,15,1,2,2
18,3,21,22,18,18,0,2,3,14,1,2,1
18,3,21,22,18,18,0,2,4,4,0,2,2
18,3,21,22,18,18,0,2,5,5,0,2,2
18,3,21,22,18,18,0,2,6,6,0,2,2
18,3,21,22,18,18,0,2,7,7,0,2,2
18,3,21,22,18,18,0,2,8,8,0,2,2
18,3,21,22,18,18,0,2,9,8,1,2,2
18,3,21,22,18,18,0,2,10,7,1,2,2
18,3,21,22,18,18,0,2,11,6,1,2,1
18,3,21,22,18,18,0,2,12,5,1,2,2
18,3,21,22,18,18,0,2,13,4,1,2,2
18,3,21,22,18,18,0,2,14,3,1,2,1
18,3,21,22,18,18,0,2,15,15,0,2,2
18,3,21,22,18,18,0,2,16,16,0,2,2
18,4,22,23,18,4,0,2,1,18,0,1,1
18,4,22,23,18,4,0,2,2,18,0,1,3
18,4,22,23,18,18,0,2,1,4,0,1,1
18,4,22,23,18,18,0,2,2,15,1,2,2
18,4,22,23,18,18,0,2,3,4,0,1,1
18,4,22,23,18,18,0,2,4,4,0,1,1
18,4,22,23,18,18,0,2,5,5,0,2,2
18,4,22,23,18,18,0,2,6,4,0,1,1
18,4,22,23,18,18,0,2,7,7,0,2,2
18,4,22,23,18,18,0,2,8,8,0,2,2
18,4,22,23,18,18,0,2,9,4,0,1,1
18,4,22,23,18,18,0,2,10,7,1,2,2
18,4,22,23,18,18,0,2,11,4,0,1,1
18,4,22,23,18,18,0,2,12,5,1,2,2
18,4,22,23,18,18,0,2,13,4,0,1,1
18,4,22,23,18,18,0,2,14,4,0,1,1
18,4,22,23,18,18,0,2,15,15,0,2,2
18,4,22,23,18,18,0,2,16,4,0,1,1
18,5,23,24,18,5,0,2,1,3,1,2,1
18,5,23,24,18,5,0,2,2,18,0,1,1
18,5,23,24,18,5,0,2,3,18,0,1,1
18,5,23,24,18,18,0,2,1,5,0,1,1
18,5,23,24,18,18,0,2,2,5,0,1,2
18,5,23,24,18,18,0,2,3,5,0,1,2
18,5,23,24,18,18,0,2,4,4,0,2,1
18,5,23,24,18,18,0,2,5,5,0,1,2
18,5,23,24,18,18,0,2,6,5,0,1,2
18,5,23,24,18,18,0,2,7,5,0,1,2
18,5,23,24,18,18,0,2,8,5,0,1,2
18,5,23,24,18,18,0,2,9,5,0,1,2
18,5,23,24,18,18,0,2,10,5,0,1,2
18,5,23,24,18,18,0,2,11,5,0,1,2
18,5,23,24,18,18,0,2,12,5,0,1,2
18,5,23,24,18,18,0,2,13,4,1,2,1
18,5,23,24,18,18,0,2,14,3,1,2,1
18,5,23,24,18,18,0,2,15,5,0,1,2
18,5,23,24,18,18,0,2,16,5,0,1,2
18,6,24,25,18,6,0,2,1,4,1,2,1
18,6,24,25,18,6,0,2,2,18,0,1,2
18,6,24,25,18,6,0,2,3,18,0,1,1
18,6,24,25,18,6,0,2,4,4,0,2,2
18,6,24,25,18,18,0,2,1,6,0,1,2
18,6,24,25,18,18,0,2,2,6,0,1,3
18,6,24,25,18,18,0,2,3,6,0,1,2
18,6,24,25,18,18,0,2,4,4,0,2,2
18,6,24,25,18,18,0,2,5,5,0,2,2
18,6,24,25,18,18,0,2,6,6,0,1,2
18,6,24,25,18,18,0,2,7,6,0,1,2
18,6,24,25,18,18,0,2,8,6,0,1,2
18,6,24,25,18,18,0,2,9,6,0,1,2
18,6,24,25,18,18,0,2,10,6,0,1,3
18,6,24,25,18,18,0,2,11,6,0,1,2
18,6,24,25,18,18,0,2,12,5,1,2,2
18,6,24,25,18,18,0,2,13,4,1,2,2
18,6,24,25,18,18,0,2,14,6,0,1,2
18,6,24,25,18,18,0,2,15,6,0,1,2
18,6,24,25,18,18,0,2,16,6,0,1,3
18,7,25,26,18,7,0,2,1,5,1,2,1
18,7,25,26,18,7,0,2,2,4,1,2,2
18,7,25,26,18,7,0,2,3,3,1,2,1
18,7,25,26,18,7,0,2,4,4,0,2,2
18,7,25,26,18,7,0,2,5,5,0,2,2
18,7,25,26,18,18,0,2,1,7,0,1,1
18,7,25,26,18,18,0,2,2,7,0,1,1
18,7,25,26,18,18,0,2,3,7,0,1,1
18,7,25,26,18,18,0,2,4,4,0,2,2
18,7,25,26,18,18,0,2,5,5,0,2,2
18,7,25,26,18,18,0,2,6,6,0,2,2
18,7,25,26,18,18,0,2,7,7,0,1,1
18,7,25,26,18,18,0,2,8,7,0,1,2
18,7,25,26,18,18,0,2,9,7,0,1,2
18,7,25,26,18,18,0,2,10,7,0,1,2
18,7,25,26,18,18,0,2,11,6,1,2,1
18,7,25,26,18,18,0,2,12,5,1,2,2
18,7,25,26,18,18,0,2,13,4,1,2,1
18,7,25,26,18,18,0,2,14,3,1,2,1
18,7,25,26,18,18,0,2,15,7,0,1,2
18,7,25,26,18,18,0,2,16,7,0,1,2
18,8,26,27,18,8,0,2,1,6,1,2,1
18,8,26,27,18,8,0,2,2,5,1,2,2
18,8,26,27,18,8,0,2,3,4,1,2,1
18,8,26,27,18,8,0,2,4,3,1,2,1
18,8,26,27,18,8,0,2,5,5,0,2,2
18,8,26,27,18,8,0,2,6,6,0,2,2
18,8,26,27,18,18,0,2,1,8,0,1,2
18,8,26,27,18,18,0,2,2,8,0,1,2
18,8,26,27,18,18,0,2,3,8,0,1,2
18,8,26,27,18,18,0,2,4,4,0,2,2
18,8,26,27,18,18,0,2,5,5,0,2,2
18,8,26,27,18,18,0,2,6,6,0,2,2
18,8,26,27,18,18,0,2,7,7,0,2,2
18,8,26,27,18,18,0,2,8,8,0,1,2
18,8,26,27,18,18,0,2,9,8,0,1,2
18,8,26,27,18,18,0,2,10,7,1,2,1
18,8,26,27,18,18,0,2,11,6,1,2,1
18,8,26,27,18,18,0,2,12,5,1,2,2
18,8,26,27,18,18,0,2,13,4,1,2,1
18,8,26,27,18,18,0,2,14,3,1,2,1
18,8,26,27,18,18,0,2,15,8,0,1,2
18,8,26,27,18,18,0,2,16,8,0,1,2
18,9,27,28,18,9,0,2,1,7,1,2,1
18,9,27,28,18,9,0,2,2,6,1,2,2
18,9,27,28,18,9,0,2,3,5,1,2,1
18,9,27,28,18,9,0,2,4,4,0,2,2
18,9,27,28,18,9,0,2,5,5,0,2,2
18,9,27,28,18,9,0,2,6,6,0,2,2
18,9,27,28,18,9,0,2,7,7,0,2,2
18,9,27,28,18,18,0,2,1,9,0,1,1
18,9,27,28,18,18,0,2,2,9,0,1,1
18,9,27,28,18,18,0,2,3,3,0,2,1
18,9,27,28,18,18,0,2,4,4,0,2,2
18,9,27,28,18,18,0,2,5,5,0,2,2
18,9,27,28,18,18,0,2,6,6,0,2,1
18,9,27,28,18,18,0,2,7,7,0,2,2
18,9,27,28,18,18,0,2,8,8,0,2,2
18,9,27,28,18,18,0,2,9,8,1,2,1
18,9,27,28,18,18,0,2,10,7,1,2,2
18,9,27,28,18,18,0,2,11,6,1,2,1
18,9,27,28,18,18,0,2,12,5,1,2,1
18,9,27,28,18,18,0,2,13,4,1,2,2
18,9,27,28,18,18,0,2,14,3,1,2,1
18,9,27,28,18,18,0,2,15,9,0,1,2
18,9,27,28,18,18,0,2,16,9,0,1,2
18,10,28,29,18,10,0,2,1,8,1,2,0
18,10,28,29,18,10,0,2,2,7,1,2,2
18,10,28,29,18,10,0,2,3,6,1,2,1
18,10,28,29,18,10,0,2,4,4,0,2,2
18,10,28,29,18,10,0,2,5,4,1,2,2
18,10,28,29,18,10,0,2,6,3,1,2,1
18,10,28,29,18,10,0,2,7,7,0,2,2
18,10,28,29,18,10,0,2,8,8,0,2,2
18,10,28,29,18,18,0,2,1,10,0,1,1
18,10,28,29,18,18,0,2,2,10,0,1,2
18,10,28,29,18,18,0,2,3,10,0,1,1
18,10,28,29,18,18,0,2,4,4,0,2,2
18,10,28,29,18,18,0,2,5,5,0,2,2
18,10,28,29,18,18,0,2,6,6,0,2,2
18,10,28,29,18,18,0,2,7,7,0,2,2
18,10,28,29,18,18,0,2,8,8,0,2,2
18,10,28,29,18,18,0,2,9,8,1,2,2
18,10,28,29,18,18,0,2,10,7,1,2,3
18,10,28,29,18,18,0,2,11,6,1,2,2
18,10,28,29,18,18,0,2,12,5,1,2,1
18,10,28,29,18,18,0,2,13,10,0,1,2
18,10,28,29,18,18,0,2,14,10,0,1,1
18,10,28,29,18,18,0,2,15,10,0,1,2
18,10,28,29,18,18,0,2,16,10,0,1,2
18,11,29,30,18,11,0,2,1,9,1,2,1
18,11,29,30,18,11,0,2,2,8,1,2,2
18,11,29,30,18,11,0,2,3,3,0,2,1
18,11,29,30,18,11,0,2,4,4,0,2,1
18,11,29,30,18,11,0,2,5,5,0,2,1
18,11,29,30,18,11,0,2,6,4,1,2,1
18,11,29,30,18,11,0,2,7,3,1,2,1
18,11,29,30,18,11,0,2,8,8,0,2,1
18,11,29,30,18,11,0,2,9,9,0,2,1
18,11,29,30,18,18,0,2,1,11,0,1,1
18,11,29,30,18,18,0,2,2,11,0,1,1
18,11,29,30,18,18,0,2,3,11,0,1,1
18,11,29,30,18,18,0,2,4,4,0,2,2
18,11,29,30,18,18,0,2,5,5,0,2,2
18,11,29,30,18,18,0,2,6,6,0,2,2
18,11,29,30,18,18,0,2,7,7,0,2,2
18,11,29,30,18,18,0,2,8,8,0,2,2
18,11,29,30,18,18,0,2,9,8,1,2,1
18,11,29,30,18,18,0,2,10,7,1,2,1
18,11,29,30,18,18,0,2,11,6,1,2,2
18,11,29,30,18,18,0,2,12,5,1,2,1
18,11,29,30,18,18,0,2,13,4,1,2,1
18,11,29,30,18,18,0,2,14,11,0,1,2
18,11,29,30,18,18,0,2,15,11,0,1,1
18,11,29,30,18,18,0,2,16,11,0,1,1
18,12,30,31,18,12,0,2,1,10,1,2,1
18,12,30,31,18,12,0,2,2,9,1,2,1
18,12,30,31,18,12,0,2,3,8,1,2,1
18,12,30,31,18,12,0,2,4,4,0,2,2
18,12,30,31,18,12,0,2,5,5,0,2,2
18,12,30,31,18,12,0,2,6,5,1,2,1
18,12,30,31,18,12,0,2,7,4,1,2,1
18,12,30,31,18,12,0,2,8,8,0,2,2
18,12,30,31,18,12,0,2,9,9,0,2,2
18,12,30,31,18,12,0,2,10,10,0,2,2
18,12,30,31,18,18,0,2,1,12,0,1,1
18,12,30,31,18,18,0,2,2,12,0,1,2
18,12,30,31,18,18,0,2,3,12,0,1,2
18,12,30,31,18,18,0,2,4,4,0,2,2
18,12,30,31,18,18,0,2,5,5,0,2,2
18,12,30,31,18,18,0,2,6,6,0,2,2
18,12,30,31,18,18,0,2,7,7,0,2,2
18,12,30,31,18,18,0,2,8,8,0,2,2
18,12,30,31,18,18,0,2,9,8,1,2,2
18,12,30,31,18,18,0,2,10,7,1,2,2
18,12,30,31,18,18,0,2,11,6,1,2,2
18,12,30,31,18,18,0,2,12,5,1,2,2
18,12,30,31,18,18,0,2,13,4,1,2,2
18,12,30,31,18,18,0,2,14,12,0,1,2
18,12,30,31,18,18,0,2,15,12,0,1,2
18,12,30,31,18,18,0,2,16,12,0,1,2
18,13,31,32,18,13,0,2,1,11,1,2,1
18,13,31,32,18,13,0,2,2,10,1,2,2
18,13,31,32,18,13,0,2,3,9,1,2,1
18,13,31,32,18,13,0,2,4,4,0,2,1
18,13,31,32,18,13,0,2,5,5,0,2,2
18,13,31,32,18,13,0,2,6,6,0,2,2
18,13,31,32,18,13,0,2,7,5,1,2,1
18,13,31,32,18,13,0,2,8,4,1,2,1
18,13,31,32,18,13,0,2,9,3,1,2,1
18,13,31,32,18,13,0,2,10,10,0,2,1
18,13,31,32,18,13,0,2,11,11,0,2,2
18,13,31,32,18,18,0,2,1,13,0,1,1
18,13,31,32,18,18,0,2,2,13,0,1,1
18,13,31,32,18,18,0,2,3,13,0,1,2
18,13,31,32,18,18,0,2,4,4,0,2,2
18,13,31,32,18,18,0,2,5,5,0,2,2
18,13,31,32,18,18,0,2,6,6,0,2,2
18,13,31,32,18,18,0,2,7,7,0,2,2
18,13,31,32,18,18,0,2,8,8,0,2,2
18,13,31,32,18,18,0,2,9,8,1,2,2
18,13,31,32,18,18,0,2,10,7,1,2,1
18,13,31,32,18,18,0,2,11,6,1,2,1
18,13,31,32,18,18,0,2,12,5,1,2,1
18,13,31,32,18,18,0,2,13,4,1,2,1
18,13,31,32,18,18,0,2,14,3,1,2,1
18,13,31,32,18,18,0,2,15,13,0,1,2
18,13,31,32,18,18,0,2,16,13,0,1,2
18,14,32,33,18,14,0,2,1,12,1,2,1
18,14,32,33,18,14,0,2,2,11,1,2,2
18,14,32,33,18,14,0,2,3,10,1,2,1
18,14,32,33,18,14,0,2,4,4,0,2,2
18,14,32,33,18,14,0,2,5,5,0,2,2
18,14,32,33,18,14,0,2,6,6,0,2,2
18,14,32,33,18,14,0,2,7,6,1,2,2
18,14,32,33,18,14,0,2,8,5,1,2,2
18,14,32,33,18,14,0,2,9,4,1,2,2
18,14,32,33,18,14,0,2,10,10,0,2,2
18,14,32,33,18,14,0,2,11,11,0,2,2
18,14,32,33,18,14,0,2,12,12,0,2,2
18,14,32,33,18,18,0,2,1,14,0,1,1
18,14,32,33,18,18,0,2,2,14,0,1,2
18,14,32,33,18,18,0,2,3,3,0,2,1
18,14,32,33,18,18,0,2,4,4,0,2,2
18,14,32,33,18,18,0,2,5,5,0,2,2
18,14,32,33,18,18,0,2,6,6,0,2,1
18,14,32,33,18,18,0,2,7,7,0,2,2
18,14,32,33,18,18,0,2,8,8,0,2,2
18,14,32,33,18,18,0,2,9,8,1,2,2
18,14,32,33,18,18,0,2,10,7,1,2,2
18,14,32,33,18,18,0,2,11,6,1,2,1
18,14,32,33,18,18,0,2,12,5,1,2,2
18,14,32,33,18,18,0,2,13,4,1,2,2
18,14,32,33,18,18,0,2,14,3,1,2,1
18,14,32,33,18,18,0,2,15,14,0,1,2
18,14,32,33,18,18,0,2,16,14,0,1,2
18,15,33,34,18,15,0,2,1,13,1,2,0
18,15,33,34,18,15,0,2,2,12,1,2,2
18,15,33,34,18,15,0,2,3,11,1,2,1
18,15,33,34,18,15,0,2,4,4,0,2,2
18,15,33,34,18,15,0,2,5,5,0,2,1
18,15,33,34,18,15,0,2,6,6,0,2,2
18,15,33,34,18,15,0,2,7,7,0,2,2
18,15,33,34,18,15,0,2,8,6,1,2,2
18,15,33,34,18,15,0,2,9,5,1,2,1
18,15,33,34,18,15,0,2,10,4,1,2,1
18,15,33,34,18,15,0,2,11,11,0,2,1
18,15,33,34,18,15,0,2,12,12,0,2,2
18,15,33,34,18,15,0,2,13,13,0,2,2
18,15,33,34,18,18,0,2,1,15,0,1,1
18,15,33,34,18,18,0,2,2,15,0,1,2
18,15,33,34,18,18,0,2,3,3,0,2,1
18,15,33,34,18,18,0,2,4,4,0,2,2
18,15,33,34,18,18,0,2,5,5,0,2,1
18,15,33,34,18,18,0,2,6,6,0,2,2
18,15,33,34,18,18,0,2,7,7,0,2,2
18,15,33,34,18,18,0,2,8,8,0,2,2
18,15,33,34,18,18,0,2,9,8,1,2,1
18,15,33,34,18,18,0,2,10,7,1,2,1
18,15,33,34,18,18,0,2,11,6,1,2,2
18,15,33,34,18,18,0,2,12,5,1,2,1
18,15,33,34,18,18,0,2,13,4,1,2,1
18,15,33,34,18,18,0,2,14,3,1,2,1
18,15,33,34,18,18,0,2,15,2,1,2,0
18,15,33,34,18,18,0,2,16,15,0,1,2
18,17,35,36,18,17,0,2,1,15,1,2,1
18,17,35,36,18,17,0,2,2,14,1,2,1
18,17,35,36,18,17,0,2,3,13,1,2,1
18,17,35,36,18,17,0,2,4,4,0,2,1
18,17,35,36,18,17,0,2,5,5,0,2,2
18,17,35,36,18,17,0,2,6,6,0,2,1
18,17,35,36,18,17,0,2,7,7,0,2,1
18,17,35,36,18,17,0,2,8,8,0,2,1
18,17,35,36,18,17,0,2,9,7,1,2,1
18,17,35,36,18,17,0,2,10,6,1,2,1
18,17,35,36,18,17,0,2,11,5,1,2,1
18,17,35,36,18,17,0,2,12,4,1,2,1
18,17,35,36,18,17,0,2,13,3,1,2,1
18,17,35,36,18,17,0,2,14,14,0,2,1
18,17,35,36,18,17,0,2,15,15,0,2,2
18,17,35,36,18,18,0,2,1,16,1,2,2
18,17,35,36,18,18,0,2,2,15,1,2,2
18,17,35,36,18,18,0,2,3,14,1,2,1
18,17,35,36,18,18,0,2,4,4,0,2,2
18,17,35,36,18,18,0,2,5,5,0,2,2
18,17,35,36,18,18,0,2,6,6,0,2,2
18,17,35,36,18,18,0,2,7,7,0,2,2
18,17,35,36,18,18,0,2,8,8,0,2,2
18,17,35,36,18,18,0,2,9,8,1,2,1
18,17,35,36,18,18,0,2,10,7,1,2,1
18,17,35,36,18,18,0,2,11,6,1,2,1
18,17,35,36,18,18,0,2,12,5,1,2,1
18,17,35,36,18,18,0,2,13,4,1,2,1
18,17,35,36,18,18,0,2,14,14,0,2,2
18,17,35,36,18,18,0,2,15,15,0,2,2
18,17,35,36,18,18,0,2,16,16,0,2,2
18,18,36,37,18,18,0,2,1,16,1,2,1
18,18,36,37,18,18,0,2,2,15,1,2,2
18,18,36,37,18,18,0,2,3,14,1,2,1
18,18,36,37,18,18,0,2,4,4,0,2,2
18,18,36,37,18,18,0,2,5,5,0,2,2
18,18,36,37,18,18,0,2,6,6,0,2,2
18,18,36,37,18,18,0,2,7,7,0,2,2
18,18,36,37,18,18,0,2,8,8,0,2,2
18,18,36,37,18,18,0,2,9,8,1,2,2
18,18,36,37,18,18,0,2,10,7,1,2,2
18,18,36,37,18,18,0,2,11,6,1,2,2
18,18,36,37,18,18,0,2,12,5,1,2,2
18,18,36,37,18,18,0,2,13,4,1,2,2
18,18,36,37,18,18,0,2,14,14,0,2,2
18,18,36,37,18,18,0,2,15,15,0,2,2
18,18,36,37,18,18,0,2,16,16,0,2,2
18,19,37,38,18,18,0,2,1,16,1,2,1
18,19,37,38,18,18,0,2,2,15,1,2,2
18,19,37,38,18,18,0,2,3,14,1,2,1
18,19,37,38,18,18,0,2,4,4,0,2,2
18,19,37,38,18,18,0,2,5,5,0,2,2
18,19,37,38,18,18,0,2,6,6,0,2,2
18,19,37,38,18,18,0,2,7,7,0,2,2
18,19,37,38,18,18,0,2,8,8,0,2,2
18,19,37,38,18,18,0,2,9,8,1,2,1
18,19,37,38,18,18,0,2,10,7,1,2,1
18,19,37,38,18,18,0,2,11,6,1,2,2
18,19,37,38,18,18,0,2,12,5,1,2,1
18,19,37,38,18,18,0,2,13,4,1,2,1
18,19,37,38,18,18,0,2,14,14,0,2,2
18,19,37,38,18,18,0,2,15,15,0,2,2
18,19,37,38,18,18,0,2,16,16,0,2,2
18,19,37,38,18,19,0,2,1,17,1,2,2
18,19,37,38,18,19,0,2,2,16,1,2,2
18,19,37,38,18,19,0,2,3,15,1,2,1
18,19,37,38,18,19,0,2,4,4,0,2,2
18,19,37,38,18,19,0,2,5,5,0,2,2
18,19,37,38,18,19,0,2,6,6,0,2,2
18,19,37,38,18,19,0,2,7,7,0,2,2
18,19,37,38,18,19,0,2,8,8,0,2,2
18,19,37,38,18,19,0,2,9,9,0,2,2
18,19,37,38,18,19,0,2,10,8,1,2,1
18,19,37,38,18,19,0,2,11,7,1,2,1
18,19,37,38,18,19,0,2,12,6,1,2,2
18,19,37,38,18,19,0,2,13,5,1,2,1
18,19,37,38,18,19,0,2,14,4,1,2,1
18,19,37,38,18,19,0,2,15,15,0,2,2
18,19,37,38,18,19,0,2,16,16,0,2,2
18,19,37,38,18,19,0,2,17,17,0,2,2
18,21,39,40,18,18,0,2,1,16,1,2,0
18,21,39,40,18,18,0,2,2,15,1,2,2
18,21,39,40,18,18,0,2,3,14,1,2,1
18,21,39,40,18,18,0,2,4,4,0,2,2
18,21,39,40,18,18,0,2,5,5,0,2,1
18,21,39,40,18,18,0,2,6,6,0,2,2
18,21,39,40,18,18,0,2,7,7,0,2,2
18,21,39,40,18,18,0,2,8,8,0,2,2
18,21,39,40,18,18,0,2,9,8,1,2,1
18,21,39,40,18,18,0,2,10,7,1,2,1
18,21,39,40,18,18,0,2,11,6,1,2,2
18,21,39,40,18,18,0,2,12,5,1,2,1
18,21,39,40,18,18,0,2,13,4,1,2,1
18,21,39,40,18,18,0,2,14,3,1,2,1
18,21,39,40,18,18,0,2,15,15,0,2,2
18,21,39,40,18,18,0,2,16,16,0,2,2
18,21,39,40,18,21,0,2,1,18,0,1,1
18,21,39,40,18,21,0,2,2,18,0,1,2
18,21,39,40,18,21,0,2,3,3,0,2,1
18,21,39,40,18,21,0,2,4,4,0,2,2
18,21,39,40,18,21,0,2,5,5,0,2,1
18,21,39,40,18,21,0,2,6,6,0,2,2
18,21,39,40,18,21,0,2,7,7,0,2,2
18,21,39,40,18,21,0,2,8,8,0,2,1
18,21,39,40,18,21,0,2,9,9,0,2,2
18,21,39,40,18,21,0,2,10,10,0,2,2
18,21,39,40,18,21,0,2,11,9,1,2,2
18,21,39,40,18,21,0,2,12,8,1,2,1
18,21,39,40,18,21,0,2,13,7,1,2,1
18,21,39,40,18,21,0,2,14,6,1,2,1
18,21,39,40,18,21,0,2,15,5,1,2,1
18,21,39,40,18,21,0,2,16,4,1,2,1
18,21,39,40,18,21,0,2,17,3,1,2,1
18,21,39,40,18,21,0,2,18,2,1,2,0
18,21,39,40,18,21,0,2,19,18,0,1,2
18,22,40,41,18,18,0,2,1,16,1,2,1
18,22,40,41,18,18,0,2,2,15,1,2,2
18,22,40,41,18,18,0,2,3,14,1,2,1
18,22,40,41,18,18,0,2,4,4,0,2,2
18,22,40,41,18,18,0,2,5,5,0,2,2
18,22,40,41,18,18,0,2,6,6,0,2,2
18,22,40,41,18,18,0,2,7,7,0,2,2
18,22,40,41,18,18,0,2,8,8,0,2,2
18,22,40,41,18,18,0,2,9,8,1,2,2
18,22,40,41,18,18,0,2,10,7,1,2,2
18,22,40,41,18,18,0,2,11,6,1,2,2
18,22,40,41,18,18,0,2,12,5,1,2,2
18,22,40,41,18,18,0,2,13,4,1,2,2
18,22,40,41,18,18,0,2,14,14,0,2,2
18,22,40,41,18,18,0,2,15,15,0,2,2
18,22,40,41,18,18,0,2,16,16,0,2,2
18,22,40,41,18,22,0,2,1,18,0,1,1
18,22,40,41,18,22,0,2,2,18,0,1,2
18,22,40,41,18,22,0,2,3,3,0,2,1
18,22,40,41,18,22,0,2,4,4,0,2,2
18,22,40,41,18,22,0,2,5,5,0,2,2
18,22,40,41,18,22,0,2,6,6,0,2,1
18,22,40,41,18,22,0,2,7,7,0,2,2
18,22,40,41,18,22,0,2,8,8,0,2,2
18,22,40,41,18,22,0,2,9,9,0,2,2
18,22,40,41,18,22,0,2,10,10,0,2,2
18,22,40,41,18,22,0,2,11,10,1,2,2
18,22,40,41,18,22,0,2,12,9,1,2,1
18,22,40,41,18,22,0,2,13,8,1,2,2
18,22,40,41,18,22,0,2,14,7,1,2,2
18,22,40,41,18,22,0,2,15,6,1,2,1
18,22,40,41,18,22,0,2,16,5,1,2,2
18,22,40,41,18,22,0,2,17,4,1,2,2
18,22,40,41,18,22,0,2,18,3,1,2,1
18,22,40,41,18,22,0,2,19,18,0,1,2
18,22,40,41,18,22,0,2,20,18,0,1,2
18,23,41,42,18,18,0,2,1,16,1,2,1
18,23,41,42,18,18,0,2,2,15,1,2,2
18,23,41,42,18,18,0,2,3,14,1,2,1
18,23,41,42,18,18,0,2,4,4,0,2,2
18,23,41,42,18,18,0,2,5,5,0,2,2
18,23,41,42,18,18,0,2,6,6,0,2,2
18,23,41,42,18,18,0,2,7,7,0,2,1
18,23,41,42,18,18,0,2,8,8,0,2,2
18,23,41,42,18,18,0,2,9,8,1,2,1
18,23,41,42,18,18,0,2,10,7,1,2,1
18,23,41,42,18,18,0,2,11,6,1,2,1
18,23,41,42,18,18,0,2,12,5,1,2,1
18,23,41,42,18,18,0,2,13,4,1,2,1
18,23,41,42,18,18,0,2,14,3,1,2,1
18,23,41,42,18,18,0,2,15,15,0,2,2
18,23,41,42,18,18,0,2,16,16,0,2,2
18,23,41,42,18,23,0,2,1,18,0,1,1
18,23,41,42,18,23,0,2,2,18,0,1,1
18,23,41,42,18,23,0,2,3,18,0,1,2
18,23,41,42,18,23,0,2,4,4,0,2,1
18,23,41,42,18,23,0,2,5,5,0,2,2
18,23,41,42,18,23,0,2,6,6,0,2,2
18,23,41,42,18,23,0,2,7,7,0,2,1
18,23,41,42,18,23,0,2,8,8,0,2,2
18,23,41,42,18,23,0,2,9,9,0,2,2
18,23,41,42,18,23,0,2,10,10,0,2,1
18,23,41,42,18,23,0,2,11,11,0,2,2
18,23,41,42,18,23,0,2,12,10,1,2,1
18,23,41,42,18,23,0,2,13,9,1,2,1
18,23,41,42,18,23,0,2,14,8,1,2,1
18,23,41,42,18,23,0,2,15,7,1,2,1
18,23,41,42,18,23,0,2,16,6,1,2,1
18,23,41,42,18,23,0,2,17,5,1,2,1
18,23,41,42,18,23,0,2,18,4,1,2,1
18,23,41,42,18,23,0,2,19,3,1,2,1
18,23,41,42,18,23,0,2,20,18,0,1,2
18,23,41,42,18,23,0,2,21,18,0,1,2
18,24,42,43,18,18,0,2,1,16,1,2,1
18,24,42,43,18,18,0,2,2,15,1,2,1
18,24,42,43,18,18,0,2,3,14,1,2,1
18,24,42,43,18,18,0,2,4,4,0,2,2
18,24,42,43,18,18,0,2,5,5,0,2,2
18,24,42,43,18,18,0,2,6,6,0,2,2
18,24,42,43,18,18,0,2,7,7,0,2,2
18,24,42,43,18,18,0,2,8,8,0,2,2
18,24,42,43,18,18,0,2,9,8,1,2,2
18,24,42,43,18,18,0,2,10,7,1,2,2
18,24,42,43,18,18,0,2,11,6,1,2,2
18,24,42,43,18,18,0,2,12,5,1,2,2
18,24,42,43,18,18,0,2,13,4,1,2,2
18,24,42,43,18,18,0,2,14,14,0,2,2
18,24,42,43,18,18,0,2,15,15,0,2,2
18,24,42,43,18,18,0,2,16,16,0,2,2
18,24,42,43,18,24,0,2,1,18,0,1,1
18,24,42,43,18,24,0,2,2,18,0,1,2
18,24,42,43,18,24,0,2,3,18,0,1,2
18,24,42,43,18,24,0,2,4,4,0,2,2
18,24,42,43,18,24,0,2,5,5,0,2,2
18,24,42,43,18,24,0,2,6,6,0,2,2
18,24,42,43,18,24,0,2,7,7,0,2,2
18,24,42,43,18,24,0,2,8,8,0,2,2
18,24,42,43,18,24,0,2,9,9,0,2,2
18,24,42,43,18,24,0,2,10,10,0,2,2
18,24,42,43,18,24,0,2,11,11,0,2,2
18,24,42,43,18,24,0,2,12,11,1,2,2
18,24,42,43,18,24,0,2,13,10,1,2,2
18,24,42,43,18,24,0,2,14,9,1,2,2
18,24,42,43,18,24,0,2,15,8,1,2,2
18,24,42,43,18,24,0,2,16,7,1,2,2
18,24,42,43,18,24,0,2,17,6,1,2,2
18,24,42,43,18,24,0,2,18,5,1,2,2
18,24,42,43,18,24,0,2,19,4,1,2,2
18,24,42,43,18,24,0,2,20,18,0,1,2
18,24,42,43,18,24,0,2,21,18,0,1,2
18,24,42,43,18,24,0,2,22,18,0,1,2
18,25,43,44,18,18,0,2,1,16,1,2,1
18,25,43,44,18,18,0,2,2,15,1,2,2
18,25,43,44,18,18,0,2,3,14,1,2,1
18,25,43,44,18,18,0,2,4,4,0,2,2
18,25,43,44,18,18,0,2,5,5,0,2,2
18,25,43,44,18,18,0,2,6,6,0,2,2
18,25,43,44,18,18,0,2,7,7,0,2,2
18,25,43,44,18,18,0,2,8,8,0,2,2
18,25,43,44,18,18,0,2,9,8,1,2,1
18,25,43,44,18,18,0,2,10,7,1,2,1
18,25,43,44,18,18,0,2,11,6,1,2,2
18,25,43,44,18,18,0,2,12,5,1,2,1
18,25,43,44,18,18,0,2,13,4,1,2,1
18,25,43,44,18,18,0,2,14,14,0,2,2
18,25,43,44,18,18,0,2,15,15,0,2,2
18,25,43,44,18,18,0,2,16,16,0,2,2
18,25,43,44,18,25,0,2,1,18,0,1,1
18,25,43,44,18,25,0,2,2,18,0,1,1
18,25,43,44,18,25,0,2,3,18,0,1,1
18,25,43,44,18,25,0,2,4,4,0,2,2
18,25,43,44,18,25,0,2,5,5,0,2,2
18,25,43,44,18,25,0,2,6,6,0,2,2
18,25,43,44,18,25,0,2,7,7,0,2,2
18,25,43,44,18,25,0,2,8,8,0,2,2
18,25,43,44,18,25,0,2,9,9,0,2,2
18,25,43,44,18,25,0,2,10,10,0,2,2
18,25,43,44,18,25,0,2,11,11,0,2,2
18,25,43,44,18,25,0,2,12,12,0,2,2
18,25,43,44,18,25,0,2,13,11,1,2,1
18,25,43,44,18,25,0,2,14,10,1,2,1
18,25,43,44,18,25,0,2,15,9,1,2,2
18,25,43,44,18,25,0,2,16,8,1,2,1
18,25,43,44,18,25,0,2,17,7,1,2,1
18,25,43,44,18,25,0,2,18,6,1,2,2
18,25,43,44,18,25,0,2,19,5,1,2,1
18,25,43,44,18,25,0,2,20,4,1,2,1
18,25,43,44,18,25,0,2,21,18,0,1,2
18,25,43,44,18,25,0,2,22,18,0,1,1
18,25,43,44,18,25,0,2,23,18,0,1,2
18,26,44,45,18,18,0,2,1,16,1,2,0
18,26,44,45,18,18,0,2,2,15,1,2,2
18,26,44,45,18,18,0,2,3,14,1,2,1
18,26,44,45,18,18,0,2,4,4,0,2,2
18,26,44,45,18,18,0,2,5,5,0,2,2
18,26,44,45,18,18,0,2,6,6,0,2,2
18,26,44,45,18,18,0,2,7,7,0,2,2
18,26,44,45,18,18,0,2,8,8,0,2,2
18,26,44,45,18,18,0,2,9,8,1,2,2
18,26,44,45,18,18,0,2,10,7,1,2,2
18,26,44,45,18,18,0,2,11,6,1,2,2
18,26,44,45,18,18,0,2,12,5,1,2,2
18,26,44,45,18,18,0,2,13,4,1,2,2
18,26,44,45,18,18,0,2,14,14,0,2,2
18,26,44,45,18,18,0,2,15,15,0,2,2
18,26,44,45,18,18,0,2,16,16,0,2,2
18,26,44,45,18,26,0,2,1,18,0,1,1
18,26,44,45,18,26,0,2,2,18,0,1,2
18,26,44,45,18,26,0,2,3,18,0,1,1
18,26,44,45,18,26,0,2,4,4,0,2,2
18,26,44,45,18,26,0,2,5,5,0,2,2
18,26,44,45,18,26,0,2,6,6,0,2,2
18,26,44,45,18,26,0,2,7,7,0,2,2
18,26,44,45,18,26,0,2,8,8,0,2,2
18,26,44,45,18,26,0,2,9,9,0,2,2
18,26,44,45,18,26,0,2,10,10,0,2,2
18,26,44,45,18,26,0,2,11,11,0,2,2
18,26,44,45,18,26,0,2,12,12,0,2,2
18,26,44,45,18,26,0,2,13,12,1,2,2
18,26,44,45,18,26,0,2,14,11,1,2,2
18,26,44,45,18,26,0,2,15,10,1,2,2
18,26,44,45,18,26,0,2,16,9,1,2,2
18,26,44,45,18,26,0,2,17,8,1,2,2
18,26,44,45,18,26,0,2,18,7,1,2,3
18,26,44,45,18,26,0,2,19,6,1,2,2
18,26,44,45,18,26,0,2,20,5,1,2,2
18,26,44,45,18,26,0,2,21,18,0,1,2
18,26,44,45,18,26,0,2,22,18,0,1,2
18,26,44,45,18,26,0,2,23,18,0,1,2
18,26,44,45,18,26,0,2,24,18,0,1,2
19,2,21,22,19,19,0,2,1,17,1,2,0
19,2,21,22,19,19,0,2,2,16,1,2,1
19,2,21,22,19,19,0,2,3,15,1,2,1
19,2,21,22,19,19,0,2,4,4,0,2,2
19,2,21,22,19,19,0,2,5,5,0,2,2
19,2,21,22,19,19,0,2,6,6,0,2,2
19,2,21,22,19,19,0,2,7,7,0,2,2
19,2,21,22,19,19,0,2,8,8,0,2,2
19,2,21,22,19,19,0,2,9,9,0,2,3
19,2,21,22,19,19,0,2,10,8,1,2,2
19,2,21,22,19,19,0,2,11,7,1,2,1
19,2,21,22,19,19,0,2,12,6,1,2,1
19,2,21,22,19,19,0,2,13,5,1,2,2
19,2,21,22,19,19,0,2,14,4,1,2,1
19,2,21,22,19,19,0,2,15,15,0,2,2
19,2,21,22,19,19,0,2,16,16,0,2,2
19,2,21,22,19,19,0,2,17,17,0,2,2
19,3,22,23,19,3,0,2,1,19,0,1,2
19,3,22,23,19,19,0,2,1,17,1,2,1
19,3,22,23,19,19,0,2,2,16,1,2,2
19,3,22,23,19,19,0,2,3,15,1,2,2
19,3,22,23,19,19,0,2,4,4,0,2,2
19,3,22,23,19,19,0,2,5,5,0,2,2
19,3,22,23,19,19,0,2,6,6,0,2,2
19,3,22,23,19,19,0,2,7,7,0,2,2
19,3,22,23,19,19,0,2,8,8,0,2,2
19,3,22,23,19,19,0,2,9,9,0,2,2
19,3,22,23,19,19,0,2,10,8,1,2,2
19,3,22,23,19,19,0,2,11,7,1,2,2
19,3,22,23,19,19,0,2,12,6,1,2,2
19,3,22,23,19,19,0,2,13,5,1,2,2
19,3,22,23,19,19,0,2,14,4,1,2,2
19,3,22,23,19,19,0,2,15,15,0,2,2
19,3,22,23,19,19,0,2,16,16,0,2,2
19,3,22,23,19,19,0,2,17,17,0,2,2
19,4,23,24,19,4,0,2,1,19,0,1,1
19,4,23,24,19,4,0,2,2,19,0,1,2
19,4,23,24,19,19,0,2,1,4,0,1,1
19,4,23,24,19,19,0,2,2,4,0,1,1
19,4,23,24,19,19,0,2,3,4,0,1,1
19,4,23,24,19,19,0,2,4,4,0,1,1
19,4,23,24,19,19,0,2,5,4,0,1,1
19,4,23,24,19,19,0,2,6,4,0,1,1
19,4,23,24,19,19,0,2,7,4,0,1,1
19,4,23,24,19,19,0,2,8,8,0,2,2
19,4,23,24,19,19,0,2,9,4,0,1,1
19,4,23,24,19,19,0,2,10,8,1,2,2
19,4,23,24,19,19,0,2,11,7,1,2,2
19,4,23,24,19,19,0,2,12,4,0,1,1
19,4,23,24,19,19,0,2,13,5,1,2,2
19,4,23,24,19,19,0,2,14,4,0,1,1
19,4,23,24,19,19,0,2,15,4,0,1,1
19,4,23,24,19,19,0,2,16,4,0,1,1
19,4,23,24,19,19,0,2,17,4,0,1,1
19,5,24,25,19,5,0,2,1,3,1,2,1
19,5,24,25,19,5,0,2,2,19,0,1,2
19,5,24,25,19,5,0,2,3,19,0,1,1
19,5,24,25,19,19,0,2,1,5,0,1,2
19,5,24,25,19,19,0,2,2,5,0,1,2
19,5,24,25,19,19,0,2,3,5,0,1,2
19,5,24,25,19,19,0,2,4,4,0,2,2
19,5,24,25,19,19,0,2,5,5,0,1,2
19,5,24,25,19,19,0,2,6,5,0,1,2
19,5,24,25,19,19,0,2,7,5,0,1,2
19,5,24,25,19,19,0,2,8,5,0,1,2
19,5,24,25,19,19,0,2,9,5,0,1,2
19,5,24,25,19,19,0,2,10,5,0,1,2
19,5,24,25,19,19,0,2,11,5,0,1,2
19,5,24,25,19,19,0,2,12,5,0,1,2
19,5,24,25,19,19,0,2,13,5,0,1,2
19,5,24,25,19,19,0,2,14,4,1,2,2
19,5,24,25,19,19,0,2,15,3,1,2,1
19,5,24,25,19,19,0,2,16,5,0,1,2
19,5,24,25,19,19,0,2,17,5,0,1,2
19,6,25,26,19,6,0,2,1,4,1,2,1
19,6,25,26,19,6,0,2,2,19,0,1,1
19,6,25,26,19,6,0,2,3,19,0,1,2
19,6,25,26,19,6,0,2,4,4,0,2,2
19,6,25,26,19,19,0,2,1,6,0,1,1
19,6,25,26,19,19,0,2,2,6,0,1,2
19,6,25,26,19,19,0,2,3,6,0,1,1
19,6,25,26,19,19,0,2,4,4,0,2,2
19,6,25,26,19,19,0,2,5,5,0,2,2
19,6,25,26,19,19,0,2,6,6,0,1,2
19,6,25,26,19,19,0,2,7,6,0,1,3
19,6,25,26,19,19,0,2,8,6,0,1,2
19,6,25,26,19,19,0,2,9,6,0,1,2
19,6,25,26,19,19,0,2,10,6,0,1,2
19,6,25,26,19,19,0,2,11,6,0,1,1
19,6,25,26,19,19,0,2,12,6,0,1,2
19,6,25,26,19,19,0,2,13,5,1,2,1
19,6,25,26,19,19,0,2,14,4,1,2,2
19,6,25,26,19,19,0,2,15,6,0,1,3
19,6,25,26,19,19,0,2,16,6,0,1,2
19,6,25,26,19,19,0,2,17,6,0,1,3
19,7,26,27,19,7,0,2,1,5,1,2,1
19,7,26,27,19,7,0,2,2,4,1,2,2
19,7,26,27,19,7,0,2,3,3,1,2,1
19,7,26,27,19,7,0,2,4,4,0,2,2
19,7,26,27,19,7,0,2,5,5,0,2,2
19,7,26,27,19,19,0,2,1,7,0,1,1
19,7,26,27,19,19,0,2,2,7,0,1,4
19,7,26,27,19,19,0,2,3,7,0,1,1
19,7,26,27,19,19,0,2,4,4,0,2,2
19,7,26,27,19,19,0,2,5,5,0,2,2
19,7,26,27,19,19,0,2,6,6,0,2,2
19,7,26,27,19,19,0,2,7,7,0,1,1
19,7,26,27,19,19,0,2,8,7,0,1,2
19,7,26,27,19,19,0,2,9,7,0,1,2
19,7,26,27,19,19,0,2,10,7,0,1,1
19,7,26,27,19,19,0,2,11,7,0,1,1
19,7,26,27,19,19,0,2,12,6,1,2,2
19,7,26,27,19,19,0,2,13,5,1,2,2
19,7,26,27,19,19,0,2,14,4,1,2,2
19,7,26,27,19,19,0,2,15,7,0,1,4
19,7,26,27,19,19,0,2,16,7,0,1,2
19,7,26,27,19,19,0,2,17,7,0,1,2
19,8,27,28,19,8,0,2,1,6,1,2,1
19,8,27,28,19,8,0,2,2,5,1,2,2
19,8,27,28,19,8,0,2,3,4,1,2,1
19,8,27,28,19,8,0,2,4,3,1,2,1
19,8,27,28,19,8,0,2,5,5,0,2,2
19,8,27,28,19,8,0,2,6,6,0,2,2
19,8,27,28,19,19,0,2,1,8,0,1,1
19,8,27,28,19,19,0,2,2,8,0,1,2
19,8,27,28,19,19,0,2,3,8,0,1,2
19,8,27,28,19,19,0,2,4,4,0,2,2
19,8,27,28,19,19,0,2,5,5,0,2,2
19,8,27,28,19,19,0,2,6,6,0,2,2
19,8,27,28,19,19,0,2,7,7,0,2,2
19,8,27,28,19,19,0,2,8,8,0,1,2
19,8,27,28,19,19,0,2,9,8,0,1,2
19,8,27,28,19,19,0,2,10,8,0,1,2
19,8,27,28,19,19,0,2,11,7,1,2,1
19,8,27,28,19,19,0,2,12,6,1,2,1
19,8,27,28,19,19,0,2,13,5,1,2,1
19,8,27,28,19,19,0,2,14,4,1,2,1
19,8,27,28,19,19,0,2,15,3,1,2,1
19,8,27,28,19,19,0,2,16,8,0,1,2
19,8,27,28,19,19,0,2,17,8,0,1,2
19,9,28,29,19,9,0,2,1,7,1,2,1
19,9,28,29,19,9,0,2,2,6,1,2,2
19,9,28,29,19,9,0,2,3,5,1,2,1
19,9,28,29,19,9,0,2,4,4,0,2,2
19,9,28,29,19,9,0,2,5,5,0,2,2
19,9,28,29,19,9,0,2,6,6,0,2,2
19,9,28,29,19,9,0,2,7,7,0,2,2
19,9,28,29,19,19,0,2,1,9,0,1,1
19,9,28,29,19,19,0,2,2,9,0,1,3
19,9,28,29,19,19,0,2,3,9,0,1,1
19,9,28,29,19,19,0,2,4,4,0,2,2
19,9,28,29,19,19,0,2,5,5,0,2,2
19,9,28,29,19,19,0,2,6,6,0,2,2
19,9,28,29,19,19,0,2,7,7,0,2,2
19,9,28,29,19,19,0,2,8,8,0,2,2
19,9,28,29,19,19,0,2,9,9,0,1,2
19,9,28,29,19,19,0,2,10,8,1,2,1
19,9,28,29,19,19,0,2,11,7,1,2,2
19,9,28,29,19,19,0,2,12,6,1,2,1
19,9,28,29,19,19,0,2,13,5,1,2,2
19,9,28,29,19,19,0,2,14,4,1,2,2
19,9,28,29,19,19,0,2,15,3,1,2,1
19,9,28,29,19,19,0,2,16,9,0,1,2
19,9,28,29,19,19,0,2,17,9,0,1,2
19,10,29,30,19,10,0,2,1,8,1,2,1
19,10,29,30,19,10,0,2,2,7,1,2,2
19,10,29,30,19,10,0,2,3,6,1,2,1
19,10,29,30,19,10,0,2,4,4,0,2,2
19,10,29,30,19,10,0,2,5,4,1,2,1
19,10,29,30,19,10,0,2,6,3,1,2,1
19,10,29,30,19,10,0,2,7,7,0,2,2
19,10,29,30,19,10,0,2,8,8,0,2,2
19,10,29,30,19,19,0,2,1,10,0,1,1
19,10,29,30,19,19,0,2,2,10,0,1,1
19,10,29,30,19,19,0,2,3,3,0,2,1
19,10,29,30,19,19,0,2,4,4,0,2,2
19,10,29,30,19,19,0,2,5,5,0,2,2
19,10,29,30,19,19,0,2,6,6,0,2,1
19,10,29,30,19,19,0,2,7,7,0,2,2
19,10,29,30,19,19,0,2,8,8,0,2,1
19,10,29,30,19,19,0,2,9,9,0,2,1
19,10,29,30,19,19,0,2,10,8,1,2,1
19,10,29,30,19,19,0,2,11,7,1,2,2
19,10,29,30,19,19,0,2,12,6,1,2,1
19,10,29,30,19,19,0,2,13,5,1,2,1
19,10,29,30,19,19,0,2,14,4,1,2,1
19,10,29,30,19,19,0,2,15,3,1,2,1
19,10,29,30,19,19,0,2,16,10,0,1,2
19,10,29,30,19,19,0,2,17,10,0,1,2
19,11,30,31,19,11,0,2,1,9,1,2,1
19,11,30,31,19,11,0,2,2,8,1,2,2
19,11,30,31,19,11,0,2,3,7,1,2,1
19,11,30,31,19,11,0,2,4,4,0,2,2
19,11,30,31,19,11,0,2,5,5,0,2,2
19,11,30,31,19,11,0,2,6,4,1,2,1
19,11,30,31,19,11,0,2,7,7,0,2,2
19,11,30,31,19,11,0,2,8,8,0,2,2
19,11,30,31,19,11,0,2,9,9,0,2,2
19,11,30,31,19,19,0,2,1,11,0,1,2
19,11,30,31,19,19,0,2,2,11,0,1,2
19,11,30,31,19,19,0,2,3,11,0,1,2
19,11,30,31,19,19,0,2,4,4,0,2,2
19,11,30,31,19,19,0,2,5,5,0,2,2
19,11,30,31,19,19,0,2,6,6,0,2,2
19,11,30,31,19,19,0,2,7,7,0,2,2
19,11,30,31,19,19,0,2,8,8,0,2,2
19,11,30,31,19,19,0,2,9,9,0,2,2
19,11,30,31,19,19,0,2,10,8,1,2,2
19,11,30,31,19,19,0,2,11,7,1,2,3
19,11,30,31,19,19,0,2,12,6,1,2,2
19,11,30,31,19,19,0,2,13,5,1,2,2
19,11,30,31,19,19,0,2,14,11,0,1,2
19,11,30,31,19,19,0,2,15,11,0,1,2
19,11,30,31,19,19,0,2,16,11,0,1,2
19,11,30,31,19,19,0,2,17,11,0,1,2
19,12,31,32,19,12,0,2,1,10,1,2,1
19,12,31,32,19,12,0,2,2,9,1,2,2
19,12,31,32,19,12,0,2,3,8,1,2,1
19,12,31,32,19,12,0,2,4,4,0,2,2
19,12,31,32,19,12,0,2,5,5,0,2,2
19,12,31,32,19,12,0,2,6,5,1,2,1
19,12,31,32,19,12,0,2,7,4,1,2,1
19,12,31,32,19,12,0,2,8,8,0,2,2
19,12,31,32,19,12,0,2,9,9,0,2,2
19,12,31,32,19,12,0,2,10,10,0,2,2
19,12,31,32,19,19,0,2,1,12,0,1,1
19,12,31,32,19,19,0,2,2,12,0,1,1
19,12,31,32,19,19,0,2,3,12,0,1,1
19,12,31,32,19,19,0,2,4,4,0,2,2
19,12,31,32,19,19,0,2,5,5,0,2,2
19,12,31,32,19,19,0,2,6,6,0,2,2
19,12,31,32,19,19,0,2,7,7,0,2,2
19,12,31,32,19,19,0,2,8,8,0,2,2
19,12,31,32,19,19,0,2,9,9,0,2,2
19,12,31,32,19,19,0,2,10,8,1,2,2
19,12,31,32,19,19,0,2,11,7,1,2,1
19,12,31,32,19,19,0,2,12,6,1,2,2
19,12,31,32,19,19,0,2,13,5,1,2,2
19,12,31,32,19,19,0,2,14,4,1,2,1
19,12,31,32,19,19,0,2,15,12,0,1,2
19,12,31,32,19,19,0,2,16,12,0,1,1
19,12,31,32,19,19,0,2,17,12,0,1,2
19,13,32,33,19,13,0,2,1,11,1,2,1
19,13,32,33,19,13,0,2,2,10,1,2,2
19,13,32,33,19,13,0,2,3,9,1,2,1
19,13,32,33,19,13,0,2,4,4,0,2,2
19,13,32,33,19,13,0,2,5,5,0,2,2
19,13,32,33,19,13,0,2,6,6,0,2,2
19,13,32,33,19,13,0,2,7,5,1,2,2
19,13,32,33,19,13,0,2,8,4,1,2,2
19,13,32,33,19,13,0,2,9,9,0,2,2
19,13,32,33,19,13,0,2,10,10,0,2,2
19,13,32,33,19,13,0,2,11,11,0,2,2
19,13,32,33,19,19,0,2,1,13,0,1,1
19,13,32,33,19,19,0,2,2,13,0,1,2
19,13,32,33,19,19,0,2,3,13,0,1,2
19,13,32,33,19,19,0,2,4,4,0,2,2
19,13,32,33,19,19,0,2,5,5,0,2,2
19,13,32,33,19,19,0,2,6,6,0,2,2
19,13,32,33,19,19,0,2,7,7,0,2,2
19,13,32,33,19,19,0,2,8,8,0,2,2
19,13,32,33,19,19,0,2,9,9,0,2,2
19,13,32,33,19,19,0,2,10,8,1,2,2
19,13,32,33,19,19,0,2,11,7,1,2,2
19,13,32,33,19,19,0,2,12,6,1,2,2
19,13,32,33,19,19,0,2,13,5,1,2,2
19,13,32,33,19,19,0,2,14,4,1,2,2
19,13,32,33,19,19,0,2,15,13,0,1,2
19,13,32,33,19,19,0,2,16,13,0,1,2
19,13,32,33,19,19,0,2,17,13,0,1,2
19,14,33,34,19,14,0,2,1,12,1,2,1
19,14,33,34,19,14,0,2,2,11,1,2,2
19,14,33,34,19,14,0,2,3,10,1,2,1
19,14,33,34,19,14,0,2,4,4,0,2,2
19,14,33,34,19,14,0,2,5,5,0,2,2
19,14,33,34,19,14,0,2,6,6,0,2,2
19,14,33,34,19,14,0,2,7,6,1,2,1
19,14,33,34,19,14,0,2,8,5,1,2,1
19,14,33,34,19,14,0,2,9,4,1,2,1
19,14,33,34,19,14,0,2,10,3,1,2,1
19,14,33,34,19,14,0,2,11,11,0,2,2
19,14,33,34,19,14,0,2,12,12,0,2,2
19,14,33,34,19,19,0,2,1,14,0,1,1
19,14,33,34,19,19,0,2,2,14,0,1,1
19,14,33,34,19,19,0,2,3,14,0,1,2
19,14,33,34,19,19,0,2,4,4,0,2,2
19,14,33,34,19,19,0,2,5,5,0,2,2
19,14,33,34,19,19,0,2,6,6,0,2,2
19,14,33,34,19,19,0,2,7,7,0,2,2
19,14,33,34,19,19,0,2,8,8,0,2,2
19,14,33,34,19,19,0,2,9,9,0,2,2
19,14,33,34,19,19,0,2,10,8,1,2,1
19,14,33,34,19,19,0,2,11,7,1,2,1
19,14,33,34,19,19,0,2,12,6,1,2,1
19,14,33,34,19,19,0,2,13,5,1,2,1
19,14,33,34,19,19,0,2,14,4,1,2,1
19,14,33,34,19,19,0,2,15,3,1,2,1
19,14,33,34,19,19,0,2,16,14,0,1,2
19,14,33,34,19,19,0,2,17,14,0,1,1
19,15,34,35,19,15,0,2,1,13,1,2,1
19,15,34,35,19,15,0,2,2,12,1,2,2
19,15,34,35,19,15,0,2,3,11,1,2,1
19,15,34,35,19,15,0,2,4,4,0,2,2
19,15,34,35,19,15,0,2,5,5,0,2,2
19,15,34,35,19,15,0,2,6,6,0,2,2
19,15,34,35,19,15,0,2,7,7,0,2,2
19,15,34,35,19,15,0,2,8,6,1,2,2
19,15,34,35,19,15,0,2,9,5,1,2,2
19,15,34,35,19,15,0,2,10,4,1,2,2
19,15,34,35,19,15,0,2,11,11,0,2,2
19,15,34,35,19,15,0,2,12,12,0,2,2
19,15,34,35,19,15,0,2,13,13,0,2,2
19,15,34,35,19,19,0,2,1,15,0,1,1
19,15,34,35,19,19,0,2,2,15,0,1,2
19,15,34,35,19,19,0,2,3,3,0,2,1
19,15,34,35,19,19,0,2,4,4,0,2,2
19,15,34,35,19,19,0,2,5,5,0,2,2
19,15,34,35,19,19,0,2,6,6,0,2,1
19,15,34,35,19,19,0,2,7,7,0,2,2
19,15,34,35,19,19,0,2,8,8,0,2,2
19,15,34,35,19,19,0,2,9,9,0,2,2
19,15,34,35,19,19,0,2,10,8,1,2,2
19,15,34,35,19,19,0,2,11,7,1,2,2
19,15,34,35,19,19,0,2,12,6,1,2,1
19,15,34,35,19,19,0,2,13,5,1,2,2
19,15,34,35,19,19,0,2,14,4,1,2,2
19,15,34,35,19,19,0,2,15,3,1,2,1
19,15,34,35,19,19,0,2,16,15,0,1,2
19,15,34,35,19,19,0,2,17,15,0,1,2
19,16,35,36,19,16,0,2,1,14,1,2,1
19,16,35,36,19,16,0,2,2,13,1,2,2
19,16,35,36,19,16,0,2,3,12,1,2,1
19,16,35,36,19,16,0,2,4,4,0,2,2
19,16,35,36,19,16,0,2,5,5,0,2,2
19,16,35,36,19,16,0,2,6,6,0,2,1
19,16,35,36,19,16,0,2,7,7,0,2,2
19,16,35,36,19,16,0,2,8,7,1,2,1
19,16,35,36,19,16,0,2,9,6,1,2,1
19,16,35,36,19,16,0,2,10,5,1,2,1
19,16,35,36,19,16,0,2,11,4,1,2,1
19,16,35,36,19,16,0,2,12,3,1,2,1
19,16,35,36,19,16,0,2,13,13,0,2,2
19,16,35,36,19,16,0,2,14,14,0,2,2
19,16,35,36,19,19,0,2,1,16,0,1,1
19,16,35,36,19,19,0,2,2,16,0,1,2
19,16,35,36,19,19,0,2,3,3,0,2,1
19,16,35,36,19,19,0,2,4,4,0,2,2
19,16,35,36,19,19,0,2,5,5,0,2,2
19,16,35,36,19,19,0,2,6,6,0,2,1
19,16,35,36,19,19,0,2,7,7,0,2,2
19,16,35,36,19,19,0,2,8,8,0,2,1
19,16,35,36,19,19,0,2,9,9,0,2,1
19,16,35,36,19,19,0,2,10,8,1,2,1
19,16,35,36,19,19,0,2,11,7,1,2,1
19,16,35,36,19,19,0,2,12,6,1,2,1
19,16,35,36,19,19,0,2,13,5,1,2,1
19,16,35,36,19,19,0,2,14,4,1,2,1
19,16,35,36,19,19,0,2,15,3,1,2,1
19,16,35,36,19,19,0,2,16,2,1,2,0
19,16,35,36,19,19,0,2,17,16,0,1,2
19,18,37,38,19,18,0,2,1,16,1,2,1
19,18,37,38,19,18,0,2,2,15,1,2,2
19,18,37,38,19,18,0,2,3,14,1,2,1
19,18,37,38,19,18,0,2,4,4,0,2,2
19,18,37,38,19,18,0,2,5,5,0,2,2
19,18,37,38,19,18,0,2,6,6,0,2,2
19,18,37,38,19,18,0,2,7,7,0,2,2
19,18,37,38,19,18,0,2,8,8,0,2,2
19,18,37,38,19,18,0,2,9,8,1,2,1
19,18,37,38,19,18,0,2,10,7,1,2,1
19,18,37,38,19,18,0,2,11,6,1,2,2
19,18,37,38,19,18,0,2,12,5,1,2,1
19,18,37,38,19,18,0,2,13,4,1,2,1
19,18,37,38,19,18,0,2,14,14,0,2,2
19,18,37,38,19,18,0,2,15,15,0,2,2
19,18,37,38,19,18,0,2,16,16,0,2,2
19,18,37,38,19,19,0,2,1,17,1,2,2
19,18,37,38,19,19,0,2,2,16,1,2,2
19,18,37,38,19,19,0,2,3,15,1,2,1
19,18,37,38,19,19,0,2,4,4,0,2,2
19,18,37,38,19,19,0,2,5,5,0,2,2
19,18,37,38,19,19,0,2,6,6,0,2,2
19,18,37,38,19,19,0,2,7,7,0,2,2
19,18,37,38,19,19,0,2,8,8,0,2,2
19,18,37,38,19,19,0,2,9,9,0,2,2
19,18,37,38,19,19,0,2,10,8,1,2,1
19,18,37,38,19,19,0,2,11,7,1,2,1
19,18,37,38,19,19,0,2,12,6,1,2,2
19,18,37,38,19,19,0,2,13,5,1,2,1
19,18,37,38,19,19,0,2,14,4,1,2,1
19,18,37,38,19,19,0,2,15,15,0,2,2
19,18,37,38,19,19,0,2,16,16,0,2,2
19,18,37,38,19,19,0,2,17,17,0,2,2
19,19,38,39,19,19,0,2,1,17,1,2,1
19,19,38,39,19,19,0,2,2,16,1,2,2
19,19,38,39,19,19,0,2,3,15,1,2,1
19,19,38,39,19,19,0,2,4,4,0,2,2
19,19,38,39,19,19,0,2,5,5,0,2,2
19,19,38,39,19,19,0,2,6,6,0,2,2
19,19,38,39,19,19,0,2,7,7,0,2,2
19,19,38,39,19,19,0,2,8,8,0,2,2
19,19,38,39,19,19,0,2,9,9,0,2,2
19,19,38,39,19,19,0,2,10,8,1,2,2
19,19,38,39,19,19,0,2,11,7,1,2,2
19,19,38,39,19,19,0,2,12,6,1,2,2
19,19,38,39,19,19,0,2,13,5,1,2,2
19,19,38,39,19,19,0,2,14,4,1,2,2
19,19,38,39,19,19,0,2,15,15,0,2,2
19,19,38,39,19,19,0,2,16,16,0,2,2
19,19,38,39,19,19,0,2,17,17,0,2,2
19,20,39,40,19,19,0,2,1,17,1,2,1
19,20,39,40,19,19,0,2,2,16,1,2,1
19,20,39,40,19,19,0,2,3,15,1,2,1
19,20,39,40,19,19,0,2,4,4,0,2,2
19,20,39,40,19,19,0,2,5,5,0,2,2
19,20,39,40,19,19,0,2,6,6,0,2,1
19,20,39,40,19,19,0,2,7,7,0,2,2
19,20,39,40,19,19,0,2,8,8,0,2,1
19,20,39,40,19,19,0,2,9,9,0,2,1
19,20,39,40,19,19,0,2,10,8,1,2,1
19,20,39,40,19,19,0,2,11,7,1,2,1
19,20,39,40,19,19,0,2,12,6,1,2,1
19,20,39,40,19,19,0,2,13,5,1,2,1
19,20,39,40,19,19,0,2,14,4,1,2,1
19,20,39,40,19,19,0,2,15,3,1,2,1
19,20,39,40,19,19,0,2,16,16,0,2,2
19,20,39,40,19,19,0,2,17,17,0,2,2
19,20,39,40,19,20,0,2,1,18,1,2,2
19,20,39,40,19,20,0,2,2,17,1,2,2
19,20,39,40,19,20,0,2,3,16,1,2,1
19,20,39,40,19,20,0,2,4,4,0,2,2
19,20,39,40,19,20,0,2,5,5,0,2,2
19,20,39,40,19,20,0,2,6,6,0,2,2
19,20,39,40,19,20,0,2,7,7,0,2,2
19,20,39,40,19,20,0,2,8,8,0,2,2
19,20,39,40,19,20,0,2,9,9,0,2,2
19,20,39,40,19,20,0,2,10,9,1,2,1
19,20,39,40,19,20,0,2,11,8,1,2,1
19,20,39,40,19,20,0,2,12,7,1,2,1
19,20,39,40,19,20,0,2,13,6,1,2,1
19,20,39,40,19,20,0,2,14,5,1,2,1
19,20,39,40,19,20,0,2,15,4,1,2,1
19,20,39,40,19,20,0,2,16,16,0,2,2
19,20,39,40,19,20,0,2,17,17,0,2,2
19,20,39,40,19,20,0,2,18,18,0,2,2
19,22,41,42,19,19,0,2,1,17,1,2,1
19,22,41,42,19,19,0,2,2,16,1,2,2
19,22,41,42,19,19,0,2,3,15,1,2,1
19,22,41,42,19,19,0,2,4,4,0,2,2
19,22,41,42,19,19,0,2,5,5,0,2,2
19,22,41,42,19,19,0,2,6,6,0,2,2
19,22,41,42,19,19,0,2,7,7,0,2,2
19,22,41,42,19,19,0,2,8,8,0,2,2
19,22,41,42,19,19,0,2,9,9,0,2,2
19,22,41,42,19,19,0,2,10,8,1,2,1
19,22,41,42,19,19,0,2,11,7,1,2,1
19,22,41,42,19,19,0,2,12,6,1,2,1
19,22,41,42,19,19,0,2,13,5,1,2,1
19,22,41,42,19,19,0,2,14,4,1,2,1
19,22,41,42,19,19,0,2,15,3,1,2,1
19,22,41,42,19,19,0,2,16,16,0,2,2
19,22,41,42,19,19,0,2,17,17,0,2,2
19,22,41,42,19,22,0,2,1,19,0,1,1
19,22,41,42,19,22,0,2,2,19,0,1,2
19,22,41,42,19,22,0,2,3,3,0,2,1
19,22,41,42,19,22,0,2,4,4,0,2,2
19,22,41,42,19,22,0,2,5,5,0,2,2
19,22,41,42,19,22,0,2,6,6,0,2,2
19,22,41,42,19,22,0,2,7,7,0,2,2
19,22,41,42,19,22,0,2,8,8,0,2,2
19,22,41,42,19,22,0,2,9,9,0,2,2
19,22,41,42,19,22,0,2,10,10,0,2,2
19,22,41,42,19,22,0,2,11,10,1,2,1
19,22,41,42,19,22,0,2,12,9,1,2,1
19,22,41,42,19,22,0,2,13,8,1,2,1
19,22,41,42,19,22,0,2,14,7,1,2,1
19,22,41,42,19,22,0,2,15,6,1,2,1
19,22,41,42,19,22,0,2,16,5,1,2,1
19,22,41,42,19,22,0,2,17,4,1,2,1
19,22,41,42,19,22,0,2,18,3,1,2,1
19,22,41,42,19,22,0,2,19,2,1,2,0
19,22,41,42,19,22,0,2,20,19,0,1,2
19,23,42,43,19,19,0,2,1,17,1,2,1
19,23,42,43,19,19,0,2,2,16,1,2,2
19,23,42,43,19,19,0,2,3,15,1,2,1
19,23,42,43,19,19,0,2,4,4,0,2,2
19,23,42,43,19,19,0,2,5,5,0,2,2
19,23,42,43,19,19,0,2,6,6,0,2,2
19,23,42,43,19,19,0,2,7,7,0,2,2
19,23,42,43,19,19,0,2,8,8,0,2,2
19,23,42,43,19,19,0,2,9,9,0,2,2
19,23,42,43,19,19,0,2,10,8,1,2,2
19,23,42,43,19,19,0,2,11,7,1,2,2
19,23,42,43,19,19,0,2,12,6,1,2,2
19,23,42,43,19,19,0,2,13,5,1,2,2
19,23,42,43,19,19,0,2,14,4,1,2,2
19,23,42,43,19,19,0,2,15,15,0,2,2
19,23,42,43,19,19,0,2,16,16,0,2,2
19,23,42,43,19,19,0,2,17,17,0,2,2
19,23,42,43,19,23,0,2,1,19,0,1,1
19,23,42,43,19,23,0,2,2,19,0,1,2
19,23,42,43,19,23,0,2,3,3,0,2,1
19,23,42,43,19,23,0,2,4,4,0,2,2
19,23,42,43,19,23,0,2,5,5,0,2,2
19,23,42,43,19,23,0,2,6,6,0,2,2
19,23,42,43,19,23,0,2,7,7,0,2,2
19,23,42,43,19,23,0,2,8,8,0,2,2
19,23,42,43,19,23,0,2,9,9,0,2,2
19,23,42,43,19,23,0,2,10,10,0,2,2
19,23,42,43,19,23,0,2,11,11,0,2,2
19,23,42,43,19,23,0,2,12,10,1,2,2
19,23,42,43,19,23,0,2,13,9,1,2,2
19,23,42,43,19,23,0,2,14,8,1,2,2
19,23,42,43,19,23,0,2,15,7,1,2,2
19,23,42,43,19,23,0,2,16,6,1,2,1
19,23,42,43,19,23,0,2,17,5,1,2,2
19,23,42,43,19,23,0,2,18,4,1,2,2
19,23,42,43,19,23,0,2,19,3,1,2,1
19,23,42,43,19,23,0,2,20,19,0,1,2
19,23,42,43,19,23,0,2,21,19,0,1,2
19,24,43,44,19,19,0,2,1,17,1,2,1
19,24,43,44,19,19,0,2,2,16,1,2,2
19,24,43,44,19,19,0,2,3,15,1,2,1
19,24,43,44,19,19,0,2,4,4,0,2,2
19,24,43,44,19,19,0,2,5,5,0,2,2
19,24,43,44,19,19,0,2,6,6,0,2,2
19,24,43,44,19,19,0,2,7,7,0,2,2
19,24,43,44,19,19,0,2,8,8,0,2,2
19,24,43,44,19,19,0,2,9,9,0,2,2
19,24,43,44,19,19,0,2,10,8,1,2,1
19,24,43,44,19,19,0,2,11,7,1,2,1
19,24,43,44,19,19,0,2,12,6,1,2,1
19,24,43,44,19,19,0,2,13,5,1,2,1
19,24,43,44,19,19,0,2,14,4,1,2,1
19,24,43,44,19,19,0,2,15,3,1,2,1
19,24,43,44,19,19,0,2,16,16,0,2,2
19,24,43,44,19,19,0,2,17,17,0,2,2
19,24,43,44,19,24,0,2,1,19,0,1,1
19,24,43,44,19,24,0,2,2,19,0,1,1
19,24,43,44,19,24,0,2,3,19,0,1,2
19,24,43,44,19,24,0,2,4,4,0,2,2
19,24,43,44,19,24,0,2,5,5,0,2,2
19,24,43,44,19,24,0,2,6,6,0,2,2
19,24,43,44,19,24,0,2,7,7,0,2,2
19,24,43,44,19,24,0,2,8,8,0,2,2
19,24,43,44,19,24,0,2,9,9,0,2,2
19,24,43,44,19,24,0,2,10,10,0,2,2
19,24,43,44,19,24,0,2,11,11,0,2,2
19,24,43,44,19,24,0,2,12,11,1,2,1
19,24,43,44,19,24,0,2,13,10,1,2,1
19,24,43,44,19,24,0,2,14,9,1,2,1
19,24,43,44,19,24,0,2,15,8,1,2,1
19,24,43,44,19,24,0,2,16,7,1,2,1
19,24,43,44,19,24,0,2,17,6,1,2,1
19,24,43,44,19,24,0,2,18,5,1,2,1
19,24,43,44,19,24,0,2,19,4,1,2,1
19,24,43,44,19,24,0,2,20,3,1,2,1
19,24,43,44,19,24,0,2,21,19,0,1,2
19,24,43,44,19,24,0,2,22,19,0,1,2
19,25,44,45,19,19,0,2,1,17,1,2,1
19,25,44,45,19,19,0,2,2,16,1,2,2
19,25,44,45,19,19,0,2,3,15,1,2,1
19,25,44,45,19,19,0,2,4,4,0,2,2
19,25,44,45,19,19,0,2,5,5,0,2,2
19,25,44,45,19,19,0,2,6,6,0,2,2
19,25,44,45,19,19,0,2,7,7,0,2,2
19,25,44,45,19,19,0,2,8,8,0,2,2
19,25,44,45,19,19,0,2,9,9,0,2,2
19,25,44,45,19,19,0,2,10,8,1,2,2
19,25,44,45,19,19,0,2,11,7,1,2,2
19,25,44,45,19,19,0,2,12,6,1,2,2
19,25,44,45,19,19,0,2,13,5,1,2,2
19,25,44,45,19,19,0,2,14,4,1,2,2
19,25,44,45,19,19,0,2,15,15,0,2,2
19,25,44,45,19,19,0,2,16,16,0,2,2
19,25,44,45,19,19,0,2,17,17,0,2,2
19,25,44,45,19,25,0,2,1,19,0,1,1
19,25,44,45,19,25,0,2,2,19,0,1,2
19,25,44,45,19,25,0,2,3,19,0,1,2
19,25,44,45,19,25,0,2,4,4,0,2,2
19,25,44,45,19,25,0,2,5,5,0,2,2
19,25,44,45,19,25,0,2,6,6,0,2,2
19,25,44,45,19,25,0,2,7,7,0,2,2
19,25,44,45,19,25,0,2,8,8,0,2,2
19,25,44,45,19,25,0,2,9,9,0,2,2
19,25,44,45,19,25,0,2,10,10,0,2,2
19,25,44,45,19,25,0,2,11,11,0,2,2
19,25,44,45,19,25,0,2,12,12,0,2,2
19,25,44,45,19,25,0,2,13,11,1,2,2
19,25,44,45,19,25,0,2,14,10,1,2,2
19,25,44,45,19,25,0,2,15,9,1,2,2
19,25,44,45,19,25,0,2,16,8,1,2,2
19,25,44,45,19,25,0,2,17,7,1,2,2
19,25,44,45,19,25,0,2,18,6,1,2,2
19,25,44,45,19,25,0,2,19,5,1,2,2
19,25,44,45,19,25,0,2,20,4,1,2,2
19,25,44,45,19,25,0,2,21,19,0,1,2
19,25,44,45,19,25,0,2,22,19,0,1,2
19,25,44,45,19,25,0,2,23,19,0,1,2
20,2,22,23,20,20,0,2,1,18,1,2,1
20,2,22,23,20,20,0,2,2,17,1,2,2
20,2,22,23,20,20,0,2,3,3,0,2,1
20,2,22,23,20,20,0,2,4,4,0,2,1
20,2,22,23,20,20,0,2,5,5,0,2,1
20,2,22,23,20,20,0,2,6,6,0,2,1
20,2,22,23,20,20,0,2,7,7,0,2,1
20,2,22,23,20,20,0,2,8,8,0,2,1
20,2,22,23,20,20,0,2,9,9,0,2,2
20,2,22,23,20,20,0,2,10,9,1,2,2
20,2,22,23,20,20,0,2,11,8,1,2,1
20,2,22,23,20,20,0,2,12,7,1,2,2
20,2,22,23,20,20,0,2,13,6,1,2,1
20,2,22,23,20,20,0,2,14,5,1,2,1
20,2,22,23,20,20,0,2,15,4,1,2,2
20,2,22,23,20,20,0,2,16,3,1,2,1
20,2,22,23,20,20,0,2,17,17,0,2,1
20,2,22,23,20,20,0,2,18,18,0,2,1
20,3,23,24,20,3,0,2,1,20,0,1,1
20,3,23,24,20,20,0,2,1,3,0,1,1
20,3,23,24,20,20,0,2,2,17,1,2,2
20,3,23,24,20,20,0,2,3,16,1,2,1
20,3,23,24,20,20,0,2,4,4,0,2,2
20,3,23,24,20,20,0,2,5,5,0,2,2
20,3,23,24,20,20,0,2,6,6,0,2,2
20,3,23,24,20,20,0,2,7,7,0,2,2
20,3,23,24,20,20,0,2,8,8,0,2,2
20,3,23,24,20,20,0,2,9,9,0,2,2
20,3,23,24,20,20,0,2,10,9,1,2,2
20,3,23,24,20,20,0,2,11,8,1,2,2
20,3,23,24,20,20,0,2,12,7,1,2,1
20,3,23,24,20,20,0,2,13,6,1,2,2
20,3,23,24,20,20,0,2,14,5,1,2,2
20,3,23,24,20,20,0,2,15,4,1,2,2
20,3,23,24,20,20,0,2,16,16,0,2,2
20,3,23,24,20,20,0,2,17,17,0,2,2
20,3,23,24,20,20,0,2,18,18,0,2,2
20,4,24,25,20,4,0,2,1,20,0,1,1
20,4,24,25,20,4,0,2,2,20,0,1,3
20,4,24,25,20,20,0,2,1,4,0,1,1
20,4,24,25,20,20,0,2,2,17,1,2,2
20,4,24,25,20,20,0,2,3,4,0,1,1
20,4,24,25,20,20,0,2,4,4,0,1,1
20,4,24,25,20,20,0,2,5,5,0,2,2
20,4,24,25,20,20,0,2,6,4,0,1,1
20,4,24,25,20,20,0,2,7,4,0,1,1
20,4,24,25,20,20,0,2,8,8,0,2,2
20,4,24,25,20,20,0,2,9,4,0,1,1
20,4,24,25,20,20,0,2,10,4,0,1,1
20,4,24,25,20,20,0,2,11,11,0,2,9
20,4,24,25,20,20,0,2,12,4,0,1,1
20,4,24,25,20,20,0,2,13,6,1,2,2
20,4,24,25,20,20,0,2,14,5,1,2,2
20,4,24,25,20,20,0,2,15,4,0,1,1
20,4,24,25,20,20,0,2,16,16,0,2,2
20,4,24,25,20,20,0,2,17,17,0,2,2
20,4,24,25,20,20,0,2,18,4,0,1,1
20,5,25,26,20,5,0,2,1,3,1,2,1
20,5,25,26,20,5,0,2,2,20,0,1,1
20,5,25,26,20,5,0,2,3,20,0,1,1
20,5,25,26,20,20,0,2,1,5,0,1,1
20,5,25,26,20,20,0,2,2,5,0,1,2
20,5,25,26,20,20,0,2,3,5,0,1,2
20,5,25,26,20,20,0,2,4,4,0,2,1
20,5,25,26,20,20,0,2,5,5,0,1,2
20,5,25,26,20,20,0,2,6,5,0,1,2
20,5,25,26,20,20,0,2,7,5,0,1,2
20,5,25,26,20,20,0,2,8,5,0,1,2
20,5,25,26,20,20,0,2,9,5,0,1,2
20,5,25,26,20,20,0,2,10,5,0,1,2
20,5,25,26,20,20,0,2,11,5,0,1,2
20,5,25,26,20,20,0,2,12,5,0,1,2
20,5,25,26,20,20,0,2,13,5,0,1,2
20,5,25,26,20,20,0,2,14,5,0,1,2
20,5,25,26,20,20,0,2,15,4,1,2,1
20,5,25,26,20,20,0,2,16,3,1,2,1
20,5,25,26,20,20,0,2,17,5,0,1,2
20,5,25,26,20,20,0,2,18,5,0,1,2
20,6,26,27,20,6,0,2,1,4,1,2,0
20,6,26,27,20,6,0,2,2,20,0,1,2
20,6,26,27,20,6,0,2,3,20,0,1,1
20,6,26,27,20,6,0,2,4,4,0,2,2
20,6,26,27,20,20,0,2,1,6,0,1,2
20,6,26,27,20,20,0,2,2,6,0,1,3
20,6,26,27,20,20,0,2,3,6,0,1,2
20,6,26,27,20,20,0,2,4,4,0,2,2
20,6,26,27,20,20,0,2,5,5,0,2,2
20,6,26,27,20,20,0,2,6,6,0,1,2
20,6,26,27,20,20,0,2,7,6,0,1,3
20,6,26,27,20,20,0,2,8,6,0,1,3
20,6,26,27,20,20,0,2,9,6,0,1,3
20,6,26,27,20,20,0,2,10,6,0,1,3
20,6,26,27,20,20,0,2,11,6,0,1,3
20,6,26,27,20,20,0,2,12,6,0,1,3
20,6,26,27,20,20,0,2,13,6,0,1,2
20,6,26,27,20,20,0,2,14,5,1,2,2
20,6,26,27,20,20,0,2,15,4,1,2,2
20,6,26,27,20,20,0,2,16,6,0,1,2
20,6,26,27,20,20,0,2,17,6,0,1,3
20,6,26,27,20,20,0,2,18,6,0,1,3
20,7,27,28,20,7,0,2,1,5,1,2,1
20,7,27,28,20,7,0,2,2,4,1,2,2
20,7,27,28,20,7,0,2,3,3,0,2,1
20,7,27,28,20,7,0,2,4,4,0,2,2
20,7,27,28,20,7,0,2,5,5,0,2,1
20,7,27,28,20,20,0,2,1,7,0,1,1
20,7,27,28,20,20,0,2,2,7,0,1,1
20,7,27,28,20,20,0,2,3,7,0,1,1
20,7,27,28,20,20,0,2,4,4,0,2,2
20,7,27,28,20,20,0,2,5,5,0,2,2
20,7,27,28,20,20,0,2,6,6,0,2,2
20,7,27,28,20,20,0,2,7,7,0,1,2
20,7,27,28,20,20,0,2,8,7,0,1,2
20,7,27,28,20,20,0,2,9,7,0,1,1
20,7,27,28,20,20,0,2,10,7,0,1,2
20,7,27,28,20,20,0,2,11,7,0,1,1
20,7,27,28,20,20,0,2,12,7,0,1,1
20,7,27,28,20,20,0,2,13,6,1,2,2
20,7,27,28,20,20,0,2,14,5,1,2,1
20,7,27,28,20,20,0,2,15,4,1,2,2
20,7,27,28,20,20,0,2,16,3,1,2,1
20,7,27,28,20,20,0,2,17,7,0,1,1
20,7,27,28,20,20,0,2,18,7,0,1,2
20,8,28,29,20,8,0,2,1,6,1,2,0
20,8,28,29,20,8,0,2,2,5,1,2,1
20,8,28,29,20,8,0,2,3,4,1,2,1
20,8,28,29,20,8,0,2,4,3,1,2,1
20,8,28,29,20,8,0,2,5,5,0,2,2
20,8,28,29,20,8,0,2,6,6,0,2,2
20,8,28,29,20,20,0,2,1,8,0,1,1
20,8,28,29,20,20,0,2,2,8,0,1,2
20,8,28,29,20,20,0,2,3,8,0,1,2
20,8,28,29,20,20,0,2,4,4,0,2,2
20,8,28,29,20,20,0,2,5,5,0,2,2
20,8,28,29,20,20,0,2,6,6,0,2,2
20,8,28,29,20,20,0,2,7,7,0,2,2
20,8,28,29,20,20,0,2,8,8,0,1,2
20,8,28,29,20,20,0,2,9,8,0,1,2
20,8,28,29,20,20,0,2,10,8,0,1,2
20,8,28,29,20,20,0,2,11,8,0,1,2
20,8,28,29,20,20,0,2,12,7,1,2,2
20,8,28,29,20,20,0,2,13,6,1,2,2
20,8,28,29,20,20,0,2,14,5,1,2,1
20,8,28,29,20,20,0,2,15,4,1,2,2
20,8,28,29,20,20,0,2,16,3,1,2,1
20,8,28,29,20,20,0,2,17,8,0,1,2
20,8,28,29,20,20,0,2,18,8,0,1,2
20,9,29,30,20,9,0,2,1,7,1,2,1
20,9,29,30,20,9,0,2,2,6,1,2,2
20,9,29,30,20,9,0,2,3,3,0,2,1
20,9,29,30,20,9,0,2,4,4,0,2,1
20,9,29,30,20,9,0,2,5,5,0,2,2
20,9,29,30,20,9,0,2,6,6,0,2,1
20,9,29,30,20,9,0,2,7,7,0,2,1
20,9,29,30,20,20,0,2,1,9,0,1,1
20,9,29,30,20,20,0,2,2,9,0,1,1
20,9,29,30,20,20,0,2,3,9,0,1,1
20,9,29,30,20,20,0,2,4,4,0,2,2
20,9,29,30,20,20,0,2,5,5,0,2,1
20,9,29,30,20,20,0,2,6,6,0,2,2
20,9,29,30,20,20,0,2,7,7,0,2,2
20,9,29,30,20,20,0,2,8,8,0,2,1
20,9,29,30,20,20,0,2,9,9,0,1,2
20,9,29,30,20,20,0,2,10,9,0,1,2
20,9,29,30,20,20,0,2,11,8,1,2,1
20,9,29,30,20,20,0,2,12,7,1,2,1
20,9,29,30,20,20,0,2,13,6,1,2,1
20,9,29,30,20,20,0,2,14,5,1,2,1
20,9,29,30,20,20,0,2,15,4,1,2,1
20,9,29,30,20,20,0,2,16,3,1,2,1
20,9,29,30,20,20,0,2,17,9,0,1,2
20,9,29,30,20,20,0,2,18,9,0,1,2
20,10,30,31,20,10,0,2,1,8,1,2,1
20,10,30,31,20,10,0,2,2,7,1,2,1
20,10,30,31,20,10,0,2,3,6,1,2,1
20,10,30,31,20,10,0,2,4,4,0,2,2
20,10,30,31,20,10,0,2,5,4,1,2,2
20,10,30,31,20,10,0,2,6,3,1,2,1
20,10,30,31,20,10,0,2,7,7,0,2,2
20,10,30,31,20,10,0,2,8,8,0,2,2
20,10,30,31,20,20,0,2,1,10,0,1,1
20,10,30,31,20,20,0,2,2,10,0,1,2
20,10,30,31,20,20,0,2,3,10,0,1,1
20,10,30,31,20,20,0,2,4,4,0,2,2
20,10,30,31,20,20,0,2,5,5,0,2,2
20,10,30,31,20,20,0,2,6,6,0,2,2
20,10,30,31,20,20,0,2,7,7,0,2,2
20,10,30,31,20,20,0,2,8,8,0,2,2
20,10,30,31,20,20,0,2,9,9,0,2,2
20,10,30,31,20,20,0,2,10,9,1,2,2
20,10,30,31,20,20,0,2,11,8,1,2,2
20,10,30,31,20,20,0,2,12,7,1,2,2
20,10,30,31,20,20,0,2,13,6,1,2,1
20,10,30,31,20,20,0,2,14,5,1,2,2
20,10,30,31,20,20,0,2,15,4,1,2,2
20,10,30,31,20,20,0,2,16,10,0,1,2
20,10,30,31,20,20,0,2,17,10,0,1,2
20,10,30,31,20,20,0,2,18,10,0,1,2
20,11,31,32,20,11,0,2,1,9,1,2,1
20,11,31,32,20,11,0,2,2,8,1,2,2
20,11,31,32,20,11,0,2,3,7,1,2,1
20,11,31,32,20,11,0,2,4,4,0,2,2
20,11,31,32,20,11,0,2,5,5,0,2,2
20,11,31,32,20,11,0,2,6,4,1,2,1
20,11,31,32,20,11,0,2,7,3,1,2,1
20,11,31,32,20,11,0,2,8,8,0,2,2
20,11,31,32,20,11,0,2,9,9,0,2,2
20,11,31,32,20,20,0,2,1,11,0,1,1
20,11,31,32,20,20,0,2,2,11,0,1,2
20,11,31,32,20,20,0,2,3,11,0,1,2
20,11,31,32,20,20,0,2,4,4,0,2,2
20,11,31,32,20,20,0,2,5,5,0,2,2
20,11,31,32,20,20,0,2,6,6,0,2,2
20,11,31,32,20,20,0,2,7,7,0,2,2
20,11,31,32,20,20,0,2,8,8,0,2,2
20,11,31,32,20,20,0,2,9,9,0,2,2
20,11,31,32,20,20,0,2,10,9,1,2,1
20,11,31,32,20,20,0,2,11,8,1,2,1
20,11,31,32,20,20,0,2,12,7,1,2,1
20,11,31,32,20,20,0,2,13,6,1,2,1
20,11,31,32,20,20,0,2,14,5,1,2,1
20,11,31,32,20,20,0,2,15,4,1,2,1
20,11,31,32,20,20,0,2,16,3,1,2,1
20,11,31,32,20,20,0,2,17,11,0,1,2
20,11,31,32,20,20,0,2,18,11,0,1,2
20,12,32,33,20,12,0,2,1,10,1,2,0
20,12,32,33,20,12,0,2,2,9,1,2,2
20,12,32,33,20,12,0,2,3,8,1,2,1
20,12,32,33,20,12,0,2,4,4,0,2,2
20,12,32,33,20,12,0,2,5,5,0,2,2
20,12,32,33,20,12,0,2,6,5,1,2,2
20,12,32,33,20,12,0,2,7,4,1,2,2
20,12,32,33,20,12,0,2,8,8,0,2,2
20,12,32,33,20,12,0,2,9,9,0,2,2
20,12,32,33,20,12,0,2,10,10,0,2,2
20,12,32,33,20,20,0,2,1,12,0,1,1
20,12,32,33,20,20,0,2,2,12,0,1,3
20,12,32,33,20,20,0,2,3,12,0,1,1
20,12,32,33,20,20,0,2,4,4,0,2,2
20,12,32,33,20,20,0,2,5,5,0,2,2
20,12,32,33,20,20,0,2,6,6,0,2,2
20,12,32,33,20,20,0,2,7,7,0,2,2
20,12,32,33,20,20,0,2,8,8,0,2,2
20,12,32,33,20,20,0,2,9,9,0,2,2
20,12,32,33,20,20,0,2,10,9,1,2,2
20,12,32,33,20,20,0,2,11,8,1,2,2
20,12,32,33,20,20,0,2,12,7,1,2,3
20,12,32,33,20,20,0,2,13,6,1,2,2
20,12,32,33,20,20,0,2,14,5,1,2,2
20,12,32,33,20,20,0,2,15,12,0,1,6
20,12,32,33,20,20,0,2,16,12,0,1,2
20,12,32,33,20,20,0,2,17,12,0,1,2
20,12,32,33,20,20,0,2,18,12,0,1,2
20,13,33,34,20,13,0,2,1,11,1,2,1
20,13,33,34,20,13,0,2,2,10,1,2,2
20,13,33,34,20,13,0,2,3,3,0,2,1
20,13,33,34,20,13,0,2,4,4,0,2,2
20,13,33,34,20,13,0,2,5,5,0,2,1
20,13,33,34,20,13,0,2,6,6,0,2,1
20,13,33,34,20,13,0,2,7,5,1,2,1
20,13,33,34,20,13,0,2,8,4,1,2,1
20,13,33,34,20,13,0,2,9,3,1,2,1
20,13,33,34,20,13,0,2,10,10,0,2,2
20,13,33,34,20,13,0,2,11,11,0,2,1
20,13,33,34,20,20,0,2,1,13,0,1,1
20,13,33,34,20,20,0,2,2,13,0,1,1
20,13,33,34,20,20,0,2,3,13,0,1,1
20,13,33,34,20,20,0,2,4,4,0,2,2
20,13,33,34,20,20,0,2,5,5,0,2,2
20,13,33,34,20,20,0,2,6,6,0,2,2
20,13,33,34,20,20,0,2,7,7,0,2,2
20,13,33,34,20,20,0,2,8,8,0,2,2
20,13,33,34,20,20,0,2,9,9,0,2,2
20,13,33,34,20,20,0,2,10,9,1,2,2
20,13,33,34,20,20,0,2,11,8,1,2,1
20,13,33,34,20,20,0,2,12,7,1,2,1
20,13,33,34,20,20,0,2,13,6,1,2,2
20,13,33,34,20,20,0,2,14,5,1,2,1
20,13,33,34,20,20,0,2,15,4,1,2,1
20,13,33,34,20,20,0,2,16,13,0,1,2
20,13,33,34,20,20,0,2,17,13,0,1,1
20,13,33,34,20,20,0,2,18,13,0,1,2
20,14,34,35,20,14,0,2,1,12,1,2,1
20,14,34,35,20,14,0,2,2,11,1,2,1
20,14,34,35,20,14,0,2,3,10,1,2,1
20,14,34,35,20,14,0,2,4,4,0,2,2
20,14,34,35,20,14,0,2,5,5,0,2,2
20,14,34,35,20,14,0,2,6,6,0,2,2
20,14,34,35,20,14,0,2,7,6,1,2,2
20,14,34,35,20,14,0,2,8,5,1,2,2
20,14,34,35,20,14,0,2,9,4,1,2,1
20,14,34,35,20,14,0,2,10,10,0,2,2
20,14,34,35,20,14,0,2,11,11,0,2,2
20,14,34,35,20,14,0,2,12,12,0,2,2
20,14,34,35,20,20,0,2,1,14,0,1,1
20,14,34,35,20,20,0,2,2,14,0,1,2
20,14,34,35,20,20,0,2,3,14,0,1,2
20,14,34,35,20,20,0,2,4,4,0,2,2
20,14,34,35,20,20,0,2,5,5,0,2,2
20,14,34,35,20,20,0,2,6,6,0,2,2
20,14,34,35,20,20,0,2,7,7,0,2,2
20,14,34,35,20,20,0,2,8,8,0,2,2
20,14,34,35,20,20,0,2,9,9,0,2,2
20,14,34,35,20,20,0,2,10,9,1,2,2
20,14,34,35,20,20,0,2,11,8,1,2,2
20,14,34,35,20,20,0,2,12,7,1,2,2
20,14,34,35,20,20,0,2,13,6,1,2,2
20,14,34,35,20,20,0,2,14,5,1,2,2
20,14,34,35,20,20,0,2,15,4,1,2,2
20,14,34,35,20,20,0,2,16,14,0,1,2
20,14,34,35,20,20,0,2,17,14,0,1,2
20,14,34,35,20,20,0,2,18,14,0,1,2
20,15,35,36,20,15,0,2,1,13,1,2,1
20,15,35,36,20,15,0,2,2,12,1,2,2
20,15,35,36,20,15,0,2,3,11,1,2,1
20,15,35,36,20,15,0,2,4,4,0,2,1
20,15,35,36,20,15,0,2,5,5,0,2,2
20,15,35,36,20,15,0,2,6,6,0,2,2
20,15,35,36,20,15,0,2,7,7,0,2,2
20,15,35,36,20,15,0,2,8,6,1,2,1
20,15,35,36,20,15,0,2,9,5,1,2,1
20,15,35,36,20,15,0,2,10,4,1,2,1
20,15,35,36,20,15,0,2,11,3,1,2,1
20,15,35,36,20,15,0,2,12,12,0,2,1
20,15,35,36,20,15,0,2,13,13,0,2,2
20,15,35,36,20,20,0,2,1,15,0,1,1
20,15,35,36,20,20,0,2,2,15,0,1,1
20,15,35,36,20,20,0,2,3,15,0,1,2
20,15,35,36,20,20,0,2,4,4,0,2,1
20,15,35,36,20,20,0,2,5,5,0,2,2
20,15,35,36,20,20,0,2,6,6,0,2,2
20,15,35,36,20,20,0,2,7,7,0,2,1
20,15,35,36,20,20,0,2,8,8,0,2,2
20,15,35,36,20,20,0,2,9,9,0,2,1
20,15,35,36,20,20,0,2,10,9,1,2,1
20,15,35,36,20,20,0,2,11,8,1,2,1
20,15,35,36,20,20,0,2,12,7,1,2,1
20,15,35,36,20,20,0,2,13,6,1,2,1
20,15,35,36,20,20,0,2,14,5,1,2,1
20,15,35,36,20,20,0,2,15,4,1,2,1
20,15,35,36,20,20,0,2,16,3,1,2,1
20,15,35,36,20,20,0,2,17,15,0,1,2
20,15,35,36,20,20,0,2,18,15,0,1,2
20,16,36,37,20,16,0,2,1,14,1,2,1
20,16,36,37,20,16,0,2,2,13,1,2,2
20,16,36,37,20,16,0,2,3,12,1,2,1
20,16,36,37,20,16,0,2,4,4,0,2,2
20,16,36,37,20,16,0,2,5,5,0,2,2
20,16,36,37,20,16,0,2,6,6,0,2,2
20,16,36,37,20,16,0,2,7,7,0,2,2
20,16,36,37,20,16,0,2,8,7,1,2,2
20,16,36,37,20,16,0,2,9,6,1,2,2
20,16,36,37,20,16,0,2,10,5,1,2,2
20,16,36,37,20,16,0,2,11,4,1,2,2
20,16,36,37,20,16,0,2,12,12,0,2,2
20,16,36,37,20,16,0,2,13,13,0,2,2
20,16,36,37,20,16,0,2,14,14,0,2,2
20,16,36,37,20,20,0,2,1,16,0,1,1
20,16,36,37,20,20,0,2,2,16,0,1,2
20,16,36,37,20,20,0,2,3,3,0,2,1
20,16,36,37,20,20,0,2,4,4,0,2,2
20,16,36,37,20,20,0,2,5,5,0,2,2
20,16,36,37,20,20,0,2,6,6,0,2,2
20,16,36,37,20,20,0,2,7,7,0,2,2
20,16,36,37,20,20,0,2,8,8,0,2,2
20,16,36,37,20,20,0,2,9,9,0,2,2
20,16,36,37,20,20,0,2,10,9,1,2,2
20,16,36,37,20,20,0,2,11,8,1,2,2
20,16,36,37,20,20,0,2,12,7,1,2,2
20,16,36,37,20,20,0,2,13,6,1,2,1
20,16,36,37,20,20,0,2,14,5,1,2,2
20,16,36,37,20,20,0,2,15,4,1,2,2
20,16,36,37,20,20,0,2,16,3,1,2,1
20,16,36,37,20,20,0,2,17,16,0,1,2
20,16,36,37,20,20,0,2,18,16,0,1,2
20,17,37,38,20,17,0,2,1,15,1,2,0
20,17,37,38,20,17,0,2,2,14,1,2,2
20,17,37,38,20,17,0,2,3,13,1,2,1
20,17,37,38,20,17,0,2,4,4,0,2,2
20,17,37,38,20,17,0,2,5,5,0,2,2
20,17,37,38,20,17,0,2,6,6,0,2,2
20,17,37,38,20,17,0,2,7,7,0,2,2
20,17,37,38,20,17,0,2,8,8,0,2,2
20,17,37,38,20,17,0,2,9,7,1,2,1
20,17,37,38,20,17,0,2,10,6,1,2,1
20,17,37,38,20,17,0,2,11,5,1,2,1
20,17,37,38,20,17,0,2,12,4,1,2,1
20,17,37,38,20,17,0,2,13,3,1,2,1
20,17,37,38,20,17,0,2,14,14,0,2,2
20,17,37,38,20,17,0,2,15,15,0,2,2
20,17,37,38,20,20,0,2,1,17,0,1,1
20,17,37,38,20,20,0,2,2,17,0,1,2
20,17,37,38,20,20,0,2,3,3,0,2,1
20,17,37,38,20,20,0,2,4,4,0,2,2
20,17,37,38,20,20,0,2,5,5,0,2,2
20,17,37,38,20,20,0,2,6,6,0,2,2
20,17,37,38,20,20,0,2,7,7,0,2,2
20,17,37,38,20,20,0,2,8,8,0,2,2
20,17,37,38,20,20,0,2,9,9,0,2,2
20,17,37,38,20,20,0,2,10,9,1,2,1
20,17,37,38,20,20,0,2,11,8,1,2,2
20,17,37,38,20,20,0,2,12,7,1,2,1
20,17,37,38,20,20,0,2,13,6,1,2,1
20,17,37,38,20,20,0,2,14,5,1,2,2
20,17,37,38,20,20,0,2,15,4,1,2,1
20,17,37,38,20,20,0,2,16,3,1,2,1
20,17,37,38,20,20,0,2,17,2,1,2,0
20,17,37,38,20,20,0,2,18,17,0,1,2
20,19,39,40,20,19,0,2,1,17,1,2,1
20,19,39,40,20,19,0,2,2,16,1,2,1
20,19,39,40,20,19,0,2,3,15,1,2,1
20,19,39,40,20,19,0,2,4,4,0,2,2
20,19,39,40,20,19,0,2,5,5,0,2,2
20,19,39,40,20,19,0,2,6,6,0,2,1
20,19,39,40,20,19,0,2,7,7,0,2,2
20,19,39,40,20,19,0,2,8,8,0,2,1
20,19,39,40,20,19,0,2,9,9,0,2,1
20,19,39,40,20,19,0,2,10,8,1,2,1
20,19,39,40,20,19,0,2,11,7,1,2,1
20,19,39,40,20,19,0,2,12,6,1,2,1
20,19,39,40,20,19,0,2,13,5,1,2,1
20,19,39,40,20,19,0,2,14,4,1,2,1
20,19,39,40,20,19,0,2,15,3,1,2,1
20,19,39,40,20,19,0,2,16,16,0,2,2
20,19,39,40,20,19,0,2,17,17,0,2,2
20,19,39,40,20,20,0,2,1,18,1,2,2
20,19,39,40,20,20,0,2,2,17,1,2,2
20,19,39,40,20,20,0,2,3,16,1,2,1
20,19,39,40,20,20,0,2,4,4,0,2,2
20,19,39,40,20,20,0,2,5,5,0,2,2
20,19,39,40,20,20,0,2,6,6,0,2,2
20,19,39,40,20,20,0,2,7,7,0,2,2
20,19,39,40,20,20,0,2,8,8,0,2,2
20,19,39,40,20,20,0,2,9,9,0,2,2
20,19,39,40,20,20,0,2,10,9,1,2,1
20,19,39,40,20,20,0,2,11,8,1,2,1
20,19,39,40,20,20,0,2,12,7,1,2,1
20,19,39,40,20,20,0,2,13,6,1,2,1
20,19,39,40,20,20,0,2,14,5,1,2,1
20,19,39,40,20,20,0,2,15,4,1,2,1
20,19,39,40,20,20,0,2,16,16,0,2,2
20,19,39,40,20,20,0,2,17,17,0,2,2
20,19,39,40,20,20,0,2,18,18,0,2,2
20,20,40,41,20,20,0,2,1,18,1,2,1
20,20,40,41,20,20,0,2,2,17,1,2,2
20,20,40,41,20,20,0,2,3,16,1,2,1
20,20,40,41,20,20,0,2,4,4,0,2,2
20,20,40,41,20,20,0,2,5,5,0,2,2
20,20,40,41,20,20,0,2,6,6,0,2,2
20,20,40,41,20,20,0,2,7,7,0,2,2
20,20,40,41,20,20,0,2,8,8,0,2,2
20,20,40,41,20,20,0,2,9,9,0,2,2
20,20,40,41,20,20,0,2,10,9,1,2,2
20,20,40,41,20,20,0,2,11,8,1,2,2
20,20,40,41,20,20,0,2,12,7,1,2,2
20,20,40,41,20,20,0,2,13,6,1,2,2
20,20,40,41,20,20,0,2,14,5,1,2,2
20,20,40,41,20,20,0,2,15,4,1,2,2
20,20,40,41,20,20,0,2,16,16,0,2,2
20,20,40,41,20,20,0,2,17,17,0,2,2
20,20,40,41,20,20,0,2,18,18,0,2,2
20,21,41,42,20,20,0,2,1,18,1,2,1
20,21,41,42,20,20,0,2,2,17,1,2,1
20,21,41,42,20,20,0,2,3,16,1,2,1
20,21,41,42,20,20,0,2,4,4,0,2,1
20,21,41,42,20,20,0,2,5,5,0,2,2
20,21,41,42,20,20,0,2,6,6,0,2,2
20,21,41,42,20,20,0,2,7,7,0,2,1
20,21,41,42,20,20,0,2,8,8,0,2,2
20,21,41,42,20,20,0,2,9,9,0,2,2
20,21,41,42,20,20,0,2,10,9,1,2,1
20,21,41,42,20,20,0,2,11,8,1,2,1
20,21,41,42,20,20,0,2,12,7,1,2,1
20,21,41,42,20,20,0,2,13,6,1,2,1
20,21,41,42,20,20,0,2,14,5,1,2,1
20,21,41,42,20,20,0,2,15,4,1,2,1
20,21,41,42,20,20,0,2,16,3,1,2,1
20,21,41,42,20,20,0,2,17,17,0,2,1
20,21,41,42,20,20,0,2,18,18,0,2,2
20,21,41,42,20,21,0,2,1,19,1,2,2
20,21,41,42,20,21,0,2,2,18,1,2,2
20,21,41,42,20,21,0,2,3,17,1,2,1
20,21,41,42,20,21,0,2,4,4,0,2,2
20,21,41,42,20,21,0,2,5,5,0,2,2
20,21,41,42,20,21,0,2,6,6,0,2,2
20,21,41,42,20,21,0,2,7,7,0,2,2
20,21,41,42,20,21,0,2,8,8,0,2,2
20,21,41,42,20,21,0,2,9,9,0,2,2
20,21,41,42,20,21,0,2,10,10,0,2,2
20,21,41,42,20,21,0,2,11,9,1,2,1
20,21,41,42,20,21,0,2,12,8,1,2,1
20,21,41,42,20,21,0,2,13,7,1,2,1
20,21,41,42,20,21,0,2,14,6,1,2,1
20,21,41,42,20,21,0,2,15,5,1,2,1
20,21,41,42,20,21,0,2,16,4,1,2,1
20,21,41,42,20,21,0,2,17,17,0,2,2
20,21,41,42,20,21,0,2,18,18,0,2,2
20,21,41,42,20,21,0,2,19,19,0,2,2
20,23,43,44,20,20,0,2,1,18,1,2,0
20,23,43,44,20,20,0,2,2,17,1,2,2
20,23,43,44,20,20,0,2,3,16,1,2,1
20,23,43,44,20,20,0,2,4,4,0,2,2
20,23,43,44,20,20,0,2,5,5,0,2,2
20,23,43,44,20,20,0,2,6,6,0,2,2
20,23,43,44,20,20,0,2,7,7,0,2,2
20,23,43,44,20,20,0,2,8,8,0,2,2
20,23,43,44,20,20,0,2,9,9,0,2,2
20,23,43,44,20,20,0,2,10,9,1,2,1
20,23,43,44,20,20,0,2,11,8,1,2,1
20,23,43,44,20,20,0,2,12,7,1,2,1
20,23,43,44,20,20,0,2,13,6,1,2,1
20,23,43,44,20,20,0,2,14,5,1,2,1
20,23,43,44,20,20,0,2,15,4,1,2,1
20,23,43,44,20,20,0,2,16,3,1,2,1
20,23,43,44,20,20,0,2,17,17,0,2,2
20,23,43,44,20,20,0,2,18,18,0,2,2
20,23,43,44,20,23,0,2,1,20,0,1,1
20,23,43,44,20,23,0,2,2,20,0,1,2
20,23,43,44,20,23,0,2,3,3,0,2,1
20,23,43,44,20,23,0,2,4,4,0,2,2
20,23,43,44,20,23,0,2,5,5,0,2,2
20,23,43,44,20,23,0,2,6,6,0,2,2
20,23,43,44,20,23,0,2,7,7,0,2,2
20,23,43,44,20,23,0,2,8,8,0,2,2
20,23,43,44,20,23,0,2,9,9,0,2,2
20,23,43,44,20,23,0,2,10,10,0,2,2
20,23,43,44,20,23,0,2,11,11,0,2,2
20,23,43,44,20,23,0,2,12,10,1,2,1
20,23,43,44,20,23,0,2,13,9,1,2,1
20,23,43,44,20,23,0,2,14,8,1,2,1
20,23,43,44,20,23,0,2,15,7,1,2,1
20,23,43,44,20,23,0,2,16,6,1,2,1
20,23,43,44,20,23,0,2,17,5,1,2,1
20,23,43,44,20,23,0,2,18,4,1,2,1
20,23,43,44,20,23,0,2,19,3,1,2,1
20,23,43,44,20,23,0,2,20,2,1,2,0
20,23,43,44,20,23,0,2,21,20,0,1,2
20,24,44,45,20,20,0,2,1,18,1,2,1
20,24,44,45,20,20,0,2,2,17,1,2,2
20,24,44,45,20,20,0,2,3,16,1,2,1
20,24,44,45,20,20,0,2,4,4,0,2,2
20,24,44,45,20,20,0,2,5,5,0,2,2
20,24,44,45,20,20,0,2,6,6,0,2,2
20,24,44,45,20,20,0,2,7,7,0,2,2
20,24,44,45,20,20,0,2,8,8,0,2,2
20,24,44,45,20,20,0,2,9,9,0,2,2
20,24,44,45,20,20,0,2,10,9,1,2,2
20,24,44,45,20,20,0,2,11,8,1,2,2
20,24,44,45,20,20,0,2,12,7,1,2,2
20,24,44,45,20,20,0,2,13,6,1,2,2
20,24,44,45,20,20,0,2,14,5,1,2,2
20,24,44,45,20,20,0,2,15,4,1,2,2
20,24,44,45,20,20,0,2,16,16,0,2,2
20,24,44,45,20,20,0,2,17,17,0,2,2
20,24,44,45,20,20,0,2,18,18,0,2,2
20,24,44,45,20,24,0,2,1,20,0,1,1
20,24,44,45,20,24,0,2,2,20,0,1,2
20,24,44,45,20,24,0,2,3,3,0,2,1
20,24,44,45,20,24,0,2,4,4,0,2,2
20,24,44,45,20,24,0,2,5,5,0,2,2
20,24,44,45,20,24,0,2,6,6,0,2,1
20,24,44,45,20,24,0,2,7,7,0,2,2
20,24,44,45,20,24,0,2,8,8,0,2,2
20,24,44,45,20,24,0,2,9,9,0,2,2
20,24,44,45,20,24,0,2,10,10,0,2,2
20,24,44,45,20,24,0,2,11,11,0,2,2
20,24,44,45,20,24,0,2,12,11,1,2,2
20,24,44,45,20,24,0,2,13,10,1,2,2
20,24,44,45,20,24,0,2,14,9,1,2,2
20,24,44,45,20,24,0,2,15,8,1,2,2
20,24,44,45,20,24,0,2,16,7,1,2,2
20,24,44,45,20,24,0,2,17,6,1,2,1
20,24,44,45,20,24,0,2,18,5,1,2,2
20,24,44,45,20,24,0,2,19,4,1,2,2
20,24,44,45,20,24,0,2,20,3,1,2,1
20,24,44,45,20,24,0,2,21,20,0,1,2
20,24,44,45,20,24,0,2,22,20,0,1,2
21,2,23,24,21,21,0,2,1,19,1,2,0
21,2,23,24,21,21,0,2,2,18,1,2,1
21,2,23,24,21,21,0,2,3,17,1,2,1
21,2,23,24,21,21,0,2,4,4,0,2,2
21,2,23,24,21,21,0,2,5,5,0,2,2
21,2,23,24,21,21,0,2,6,6,0,2,2
21,2,23,24,21,21,0,2,7,7,0,2,2
21,2,23,24,21,21,0,2,8,8,0,2,2
21,2,23,24,21,21,0,2,9,9,0,2,2
21,2,23,24,21,21,0,2,10,10,0,2,3
21,2,23,24,21,21,0,2,11,9,1,2,2
21,2,23,24,21,21,0,2,12,8,1,2,1
21,2,23,24,21,21,0,2,13,7,1,2,2
21,2,23,24,21,21,0,2,14,6,1,2,1
21,2,23,24,21,21,0,2,15,5,1,2,1
21,2,23,24,21,21,0,2,16,4,1,2,1
21,2,23,24,21,21,0,2,17,3,1,2,1
21,2,23,24,21,21,0,2,18,18,0,2,2
21,2,23,24,21,21,0,2,19,19,0,2,2
21,3,24,25,21,3,0,2,1,21,0,1,2
21,3,24,25,21,21,0,2,1,19,1,2,1
21,3,24,25,21,21,0,2,2,18,1,2,2
21,3,24,25,21,21,0,2,3,17,1,2,2
21,3,24,25,21,21,0,2,4,4,0,2,2
21,3,24,25,21,21,0,2,5,5,0,2,2
21,3,24,25,21,21,0,2,6,6,0,2,2
21,3,24,25,21,21,0,2,7,7,0,2,2
21,3,24,25,21,21,0,2,8,8,0,2,2
21,3,24,25,21,21,0,2,9,9,0,2,2
21,3,24,25,21,21,0,2,10,10,0,2,2
21,3,24,25,21,21,0,2,11,9,1,2,2
21,3,24,25,21,21,0,2,12,8,1,2,2
21,3,24,25,21,21,0,2,13,7,1,2,2
21,3,24,25,21,21,0,2,14,6,1,2,2
21,3,24,25,21,21,0,2,15,5,1,2,2
21,3,24,25,21,21,0,2,16,4,1,2,2
21,3,24,25,21,21,0,2,17,17,0,2,2
21,3,24,25,21,21,0,2,18,18,0,2,2
21,3,24,25,21,21,0,2,19,19,0,2,2
21,4,25,26,21,4,0,2,1,21,0,1,1
21,4,25,26,21,4,0,2,2,21,0,1,2
21,4,25,26,21,21,0,2,1,4,0,1,1
21,4,25,26,21,21,0,2,2,4,0,1,1
21,4,25,26,21,21,0,2,3,4,0,1,1
21,4,25,26,21,21,0,2,4,4,0,1,1
21,4,25,26,21,21,0,2,5,4,0,1,1
21,4,25,26,21,21,0,2,6,4,0,1,1
21,4,25,26,21,21,0,2,7,7,0,2,2
21,4,25,26,21,21,0,2,8,4,0,1,1
21,4,25,26,21,21,0,2,9,9,0,2,2
21,4,25,26,21,21,0,2,10,4,0,1,1
21,4,25,26,21,21,0,2,11,4,0,1,1
21,4,25,26,21,21,0,2,12,8,1,2,2
21,4,25,26,21,21,0,2,13,4,0,1,1
21,4,25,26,21,21,0,2,14,4,0,1,1
21,4,25,26,21,21,0,2,15,4,0,1,1
21,4,25,26,21,21,0,2,16,4,0,1,1
21,4,25,26,21,21,0,2,17,17,0,2,2
21,4,25,26,21,21,0,2,18,4,0,1,1
21,4,25,26,21,21,0,2,19,4,0,1,1
21,5,26,27,21,5,0,2,1,3,1,2,1
21,5,26,27,21,5,0,2,2,21,0,1,2
21,5,26,27,21,5,0,2,3,21,0,1,1
21,5,26,27,21,21,0,2,1,5,0,1,2
21,5,26,27,21,21,0,2,2,5,0,1,2
21,5,26,27,21,21,0,2,3,5,0,1,2
21,5,26,27,21,21,0,2,4,4,0,2,2
21,5,26,27,21,21,0,2,5,5,0,1,2
21,5,26,27,21,21,0,2,6,5,0,1,2
21,5,26,27,21,21,0,2,7,5,0,1,2
21,5,26,27,21,21,0,2,8,5,0,1,2
21,5,26,27,21,21,0,2,9,5,0,1,2
21,5,26,27,21,21,0,2,10,5,0,1,2
21,5,26,27,21,21,0,2,11,5,0,1,2
21,5,26,27,21,21,0,2,12,5,0,1,2
21,5,26,27,21,21,0,2,13,5,0,1,2
21,5,26,27,21,21,0,2,14,5,0,1,2
21,5,26,27,21,21,0,2,15,5,0,1,2
21,5,26,27,21,21,0,2,16,4,1,2,2
21,5,26,27,21,21,0,2,17,5,0,1,2
21,5,26,27,21,21,0,2,18,5,0,1,2
21,5,26,27,21,21,0,2,19,5,0,1,2
21,6,27,28,21,6,0,2,1,4,1,2,1
21,6,27,28,21,6,0,2,2,21,0,1,1
21,6,27,28,21,6,0,2,3,21,0,1,2
21,6,27,28,21,6,0,2,4,4,0,2,2
21,6,27,28,21,21,0,2,1,6,0,1,1
21,6,27,28,21,21,0,2,2,6,0,1,2
21,6,27,28,21,21,0,2,3,6,0,1,2
21,6,27,28,21,21,0,2,4,4,0,2,2
21,6,27,28,21,21,0,2,5,5,0,2,2
21,6,27,28,21,21,0,2,6,6,0,1,2
21,6,27,28,21,21,0,2,7,6,0,1,2
21,6,27,28,21,21,0,2,8,6,0,1,3
21,6,27,28,21,21,0,2,9,6,0,1,3
21,6,27,28,21,21,0,2,10,6,0,1,3
21,6,27,28,21,21,0,2,11,6,0,1,3
21,6,27,28,21,21,0,2,12,6,0,1,3
21,6,27,28,21,21,0,2,13,6,0,1,3
21,6,27,28,21,21,0,2,14,6,0,1,2
21,6,27,28,21,21,0,2,15,5,1,2,2
21,6,27,28,21,21,0,2,16,4,1,2,2
21,6,27,28,21,21,0,2,17,3,1,2,1
21,6,27,28,21,21,0,2,18,6,0,1,3
21,6,27,28,21,21,0,2,19,6,0,1,3
21,7,28,29,21,7,0,2,1,5,1,2,1
21,7,28,29,21,7,0,2,2,4,1,2,2
21,7,28,29,21,7,0,2,3,3,1,2,1
21,7,28,29,21,7,0,2,4,4,0,2,2
21,7,28,29,21,7,0,2,5,5,0,2,2
21,7,28,29,21,21,0,2,1,7,0,1,1
21,7,28,29,21,21,0,2,2,7,0,1,4
21,7,28,29,21,21,0,2,3,7,0,1,1
21,7,28,29,21,21,0,2,4,4,0,2,2
21,7,28,29,21,21,0,2,5,5,0,2,2
21,7,28,29,21,21,0,2,6,6,0,2,2
21,7,28,29,21,21,0,2,7,7,0,1,2
21,7,28,29,21,21,0,2,8,7,0,1,2
21,7,28,29,21,21,0,2,9,7,0,1,1
21,7,28,29,21,21,0,2,10,7,0,1,2
21,7,28,29,21,21,0,2,11,7,0,1,2
21,7,28,29,21,21,0,2,12,7,0,1,2
21,7,28,29,21,21,0,2,13,7,0,1,2
21,7,28,29,21,21,0,2,14,6,1,2,2
21,7,28,29,21,21,0,2,15,5,1,2,2
21,7,28,29,21,21,0,2,16,4,1,2,2
21,7,28,29,21,21,0,2,17,7,0,1,1
21,7,28,29,21,21,0,2,18,7,0,1,2
21,7,28,29,21,21,0,2,19,7,0,1,1
21,8,29,30,21,8,0,2,1,6,1,2,1
21,8,29,30,21,8,0,2,2,5,1,2,2
21,8,29,30,21,8,0,2,3,4,1,2,1
21,8,29,30,21,8,0,2,4,3,1,2,1
21,8,29,30,21,8,0,2,5,5,0,2,1
21,8,29,30,21,8,0,2,6,6,0,2,2
21,8,29,30,21,21,0,2,1,8,0,1,1
21,8,29,30,21,21,0,2,2,8,0,1,1
21,8,29,30,21,21,0,2,3,8,0,1,1
21,8,29,30,21,21,0,2,4,4,0,2,1
21,8,29,30,21,21,0,2,5,5,0,2,1
21,8,29,30,21,21,0,2,6,6,0,2,2
21,8,29,30,21,21,0,2,7,7,0,2,2
21,8,29,30,21,21,0,2,8,8,0,1,2
21,8,29,30,21,21,0,2,9,8,0,1,2
21,8,29,30,21,21,0,2,10,8,0,1,2
21,8,29,30,21,21,0,2,11,8,0,1,2
21,8,29,30,21,21,0,2,12,8,0,1,2
21,8,29,30,21,21,0,2,13,7,1,2,1
21,8,29,30,21,21,0,2,14,6,1,2,2
21,8,29,30,21,21,0,2,15,5,1,2,1
21,8,29,30,21,21,0,2,16,4,1,2,1
21,8,29,30,21,21,0,2,17,3,1,2,1
21,8,29,30,21,21,0,2,18,8,0,1,2
21,8,29,30,21,21,0,2,19,8,0,1,2
21,9,30,31,21,9,0,2,1,7,1,2,1
21,9,30,31,21,9,0,2,2,6,1,2,2
21,9,30,31,21,9,0,2,3,5,1,2,1
21,9,30,31,21,9,0,2,4,4,0,2,2
21,9,30,31,21,9,0,2,5,5,0,2,2
21,9,30,31,21,9,0,2,6,6,0,2,2
21,9,30,31,21,9,0,2,7,7,0,2,2
21,9,30,31,21,21,0,2,1,9,0,1,1
21,9,30,31,21,21,0,2,2,9,0,1,2
21,9,30,31,21,21,0,2,3,9,0,1,2
21,9,30,31,21,21,0,2,4,4,0,2,2
21,9,30,31,21,21,0,2,5,5,0,2,2
21,9,30,31,21,21,0,2,6,6,0,2,2
21,9,30,31,21,21,0,2,7,7,0,2,2
21,9,30,31,21,21,0,2,8,8,0,2,2
21,9,30,31,21,21,0,2,9,9,0,1,2
21,9,30,31,21,21,0,2,10,9,0,1,2
21,9,30,31,21,21,0,2,11,9,0,1,2
21,9,30,31,21,21,0,2,12,8,1,2,2
21,9,30,31,21,21,0,2,13,7,1,2,2
21,9,30,31,21,21,0,2,14,6,1,2,2
21,9,30,31,21,21,0,2,15,5,1,2,2
21,9,30,31,21,21,0,2,16,4,1,2,2
21,9,30,31,21,21,0,2,17,9,0,1,2
21,9,30,31,21,21,0,2,18,9,0,1,2
21,9,30,31,21,21,0,2,19,9,0,1,2
21,10,31,32,21,10,0,2,1,8,1,2,1
21,10,31,32,21,10,0,2,2,7,1,2,2
21,10,31,32,21,10,0,2,3,6,1,2,1
21,10,31,32,21,10,0,2,4,4,0,2,2
21,10,31,32,21,10,0,2,5,4,1,2,1
21,10,31,32,21,10,0,2,6,3,1,2,1
21,10,31,32,21,10,0,2,7,7,0,2,2
21,10,31,32,21,10,0,2,8,8,0,2,2
21,10,31,32,21,21,0,2,1,10,0,1,1
21,10,31,32,21,21,0,2,2,10,0,1,1
21,10,31,32,21,21,0,2,3,10,0,1,1
21,10,31,32,21,21,0,2,4,4,0,2,2
21,10,31,32,21,21,0,2,5,5,0,2,2
21,10,31,32,21,21,0,2,6,6,0,2,2
21,10,31,32,21,21,0,2,7,7,0,2,2
21,10,31,32,21,21,0,2,8,8,0,2,2
21,10,31,32,21,21,0,2,9,9,0,2,2
21,10,31,32,21,21,0,2,10,10,0,1,2
21,10,31,32,21,21,0,2,11,9,1,2,1
21,10,31,32,21,21,0,2,12,8,1,2,2
21,10,31,32,21,21,0,2,13,7,1,2,1
21,10,31,32,21,21,0,2,14,6,1,2,1
21,10,31,32,21,21,0,2,15,5,1,2,1
21,10,31,32,21,21,0,2,16,4,1,2,1
21,10,31,32,21,21,0,2,17,3,1,2,1
21,10,31,32,21,21,0,2,18,10,0,1,2
21,10,31,32,21,21,0,2,19,10,0,1,2
21,11,32,33,21,11,0,2,1,9,1,2,1
21,11,32,33,21,11,0,2,2,8,1,2,2
21,11,32,33,21,11,0,2,3,7,1,2,1
21,11,32,33,21,11,0,2,4,4,0,2,2
21,11,32,33,21,11,0,2,5,5,0,2,2
21,11,32,33,21,11,0,2,6,4,1,2,1
21,11,32,33,21,11,0,2,7,7,0,2,2
21,11,32,33,21,11,0,2,8,8,0,2,2
21,11,32,33,21,11,0,2,9,9,0,2,2
21,11,32,33,21,21,0,2,1,11,0,1,1
21,11,32,33,21,21,0,2,2,11,0,1,2
21,11,32,33,21,21,0,2,3,11,0,1,1
21,11,32,33,21,21,0,2,4,4,0,2,2
21,11,32,33,21,21,0,2,5,5,0,2,2
21,11,32,33,21,21,0,2,6,6,0,2,2
21,11,32,33,21,21,0,2,7,7,0,2,2
21,11,32,33,21,21,0,2,8,8,0,2,2
21,11,32,33,21,21,0,2,9,9,0,2,2
21,11,32,33,21,21,0,2,10,10,0,2,2
21,11,32,33,21,21,0,2,11,9,1,2,2
21,11,32,33,21,21,0,2,12,8,1,2,2
21,11,32,33,21,21,0,2,13,7,1,2,2
21,11,32,33,21,21,0,2,14,6,1,2,1
21,11,32,33,21,21,0,2,15,5,1,2,2
21,11,32,33,21,21,0,2,16,4,1,2,2
21,11,32,33,21,21,0,2,17,11,0,1,2
21,11,32,33,21,21,0,2,18,11,0,1,2
21,11,32,33,21,21,0,2,19,11,0,1,2
21,12,33,34,21,12,0,2,1,10,1,2,1
21,12,33,34,21,12,0,2,2,9,1,2,2
21,12,33,34,21,12,0,2,3,8,1,2,1
21,12,33,34,21,12,0,2,4,4,0,2,2
21,12,33,34,21,12,0,2,5,5,0,2,2
21,12,33,34,21,12,0,2,6,5,1,2,1
21,12,33,34,21,12,0,2,7,4,1,2,1
21,12,33,34,21,12,0,2,8,8,0,2,2
21,12,33,34,21,12,0,2,9,9,0,2,2
21,12,33,34,21,12,0,2,10,10,0,2,2
21,12,33,34,21,21,0,2,1,12,0,1,1
21,12,33,34,21,21,0,2,2,12,0,1,1
21,12,33,34,21,21,0,2,3,3,0,2,1
21,12,33,34,21,21,0,2,4,4,0,2,2
21,12,33,34,21,21,0,2,5,5,0,2,2
21,12,33,34,21,21,0,2,6,6,0,2,1
21,12,33,34,21,21,0,2,7,7,0,2,2
21,12,33,34,21,21,0,2,8,8,0,2,2
21,12,33,34,21,21,0,2,9,9,0,2,2
21,12,33,34,21,21,0,2,10,10,0,2,2
21,12,33,34,21,21,0,2,11,9,1,2,2
21,12,33,34,21,21,0,2,12,8,1,2,1
21,12,33,34,21,21,0,2,13,7,1,2,1
21,12,33,34,21,21,0,2,14,6,1,2,1
21,12,33,34,21,21,0,2,15,5,1,2,1
21,12,33,34,21,21,0,2,16,4,1,2,1
21,12,33,34,21,21,0,2,17,3,1,2,1
21,12,33,34,21,21,0,2,18,12,0,1,2
21,12,33,34,21,21,0,2,19,12,0,1,2
21,13,34,35,21,13,0,2,1,11,1,2,0
21,13,34,35,21,13,0,2,2,10,1,2,2
21,13,34,35,21,13,0,2,3,9,1,2,1
21,13,34,35,21,13,0,2,4,4,0,2,2
21,13,34,35,21,13,0,2,5,5,0,2,2
21,13,34,35,21,13,0,2,6,6,0,2,2
21,13,34,35,21,13,0,2,7,5,1,2,1
21,13,34,35,21,13,0,2,8,4,1,2,2
21,13,34,35,21,13,0,2,9,3,1,2,1
21,13,34,35,21,13,0,2,10,10,0,2,2
21,13,34,35,21,13,0,2,11,11,0,2,2
21,13,34,35,21,21,0,2,1,13,0,1,1
21,13,34,35,21,21,0,2,2,13,0,1,2
21,13,34,35,21,21,0,2,3,13,0,1,1
21,13,34,35,21,21,0,2,4,4,0,2,2
21,13,34,35,21,21,0,2,5,5,0,2,2
21,13,34,35,21,21,0,2,6,6,0,2,2
21,13,34,35,21,21,0,2,7,7,0,2,2
21,13,34,35,21,21,0,2,8,8,0,2,2
21,13,34,35,21,21,0,2,9,9,0,2,2
21,13,34,35,21,21,0,2,10,10,0,2,2
21,13,34,35,21,21,0,2,11,9,1,2,2
21,13,34,35,21,21,0,2,12,8,1,2,2
21,13,34,35,21,21,0,2,13,7,1,2,3
21,13,34,35,21,21,0,2,14,6,1,2,2
21,13,34,35,21,21,0,2,15,5,1,2,2
21,13,34,35,21,21,0,2,16,13,0,1,2
21,13,34,35,21,21,0,2,17,13,0,1,2
21,13,34,35,21,21,0,2,18,13,0,1,2
21,13,34,35,21,21,0,2,19,13,0,1,2
21,14,35,36,21,14,0,2,1,12,1,2,1
21,14,35,36,21,14,0,2,2,11,1,2,2
21,14,35,36,21,14,0,2,3,3,0,2,1
21,14,35,36,21,14,0,2,4,4,0,2,1
21,14,35,36,21,14,0,2,5,5,0,2,1
21,14,35,36,21,14,0,2,6,6,0,2,2
21,14,35,36,21,14,0,2,7,6,1,2,1
21,14,35,36,21,14,0,2,8,5,1,2,1
21,14,35,36,21,14,0,2,9,4,1,2,1
21,14,35,36,21,14,0,2,10,3,1,2,1
21,14,35,36,21,14,0,2,11,11,0,2,1
21,14,35,36,21,14,0,2,12,12,0,2,1
21,14,35,36,21,21,0,2,1,14,0,1,1
21,14,35,36,21,21,0,2,2,14,0,1,1
21,14,35,36,21,21,0,2,3,14,0,1,1
21,14,35,36,21,21,0,2,4,4,0,2,2
21,14,35,36,21,21,0,2,5,5,0,2,2
21,14,35,36,21,21,0,2,6,6,0,2,2
21,14,35,36,21,21,0,2,7,7,0,2,2
21,14,35,36,21,21,0,2,8,8,0,2,2
21,14,35,36,21,21,0,2,9,9,0,2,2
21,14,35,36,21,21,0,2,10,10,0,2,2
21,14,35,36,21,21,0,2,11,9,1,2,2
21,14,35,36,21,21,0,2,12,8,1,2,1
21,14,35,36,21,21,0,2,13,7,1,2,1
21,14,35,36,21,21,0,2,14,6,1,2,2
21,14,35,36,21,21,0,2,15,5,1,2,1
21,14,35,36,21,21,0,2,16,4,1,2,1
21,14,35,36,21,21,0,2,17,14,0,1,2
21,14,35,36,21,21,0,2,18,14,0,1,1
21,14,35,36,21,21,0,2,19,14,0,1,1
21,15,36,37,21,15,0,2,1,13,1,2,1
21,15,36,37,21,15,0,2,2,12,1,2,1
21,15,36,37,21,15,0,2,3,11,1,2,1
21,15,36,37,21,15,0,2,4,4,0,2,2
21,15,36,37,21,15,0,2,5,5,0,2,2
21,15,36,37,21,15,0,2,6,6,0,2,2
21,15,36,37,21,15,0,2,7,7,0,2,2
21,15,36,37,21,15,0,2,8,6,1,2,2
21,15,36,37,21,15,0,2,9,5,1,2,2
21,15,36,37,21,15,0,2,10,4,1,2,2
21,15,36,37,21,15,0,2,11,11,0,2,2
21,15,36,37,21,15,0,2,12,12,0,2,2
21,15,36,37,21,15,0,2,13,13,0,2,2
21,15,36,37,21,21,0,2,1,15,0,1,1
21,15,36,37,21,21,0,2,2,15,0,1,2
21,15,36,37,21,21,0,2,3,15,0,1,2
21,15,36,37,21,21,0,2,4,4,0,2,2
21,15,36,37,21,21,0,2,5,5,0,2,2
21,15,36,37,21,21,0,2,6,6,0,2,2
21,15,36,37,21,21,0,2,7,7,0,2,2
21,15,36,37,21,21,0,2,8,8,0,2,2
21,15,36,37,21,21,0,2,9,9,0,2,2
21,15,36,37,21,21,0,2,10,10,0,2,2
21,15,36,37,21,21,0,2,11,9,1,2,2
21,15,36,37,21,21,0,2,12,8,1,2,2
21,15,36,37,21,21,0,2,13,7,1,2,2
21,15,36,37,21,21,0,2,14,6,1,2,2
21,15,36,37,21,21,0,2,15,5,1,2,2
21,15,36,37,21,21,0,2,16,4,1,2,2
21,15,36,37,21,21,0,2,17,15,0,1,2
21,15,36,37,21,21,0,2,18,15,0,1,2
21,15,36,37,21,21,0,2,19,15,0,1,2
21,16,37,38,21,16,0,2,1,14,1,2,1
21,16,37,38,21,16,0,2,2,13,1,2,2
21,16,37,38,21,16,0,2,3,12,1,2,1
21,16,37,38,21,16,0,2,4,4,0,2,2
21,16,37,38,21,16,0,2,5,5,0,2,2
21,16,37,38,21,16,0,2,6,6,0,2,2
21,16,37,38,21,16,0,2,7,7,0,2,2
21,16,37,38,21,16,0,2,8,7,1,2,1
21,16,37,38,21,16,0,2,9,6,1,2,1
21,16,37,38,21,16,0,2,10,5,1,2,1
21,16,37,38,21,16,0,2,11,4,1,2,1
21,16,37,38,21,16,0,2,12,3,1,2,1
21,16,37,38,21,16,0,2,13,13,0,2,2
21,16,37,38,21,16,0,2,14,14,0,2,2
21,16,37,38,21,21,0,2,1,16,0,1,1
21,16,37,38,21,21,0,2,2,16,0,1,1
21,16,37,38,21,21,0,2,3,16,0,1,2
21,16,37,38,21,21,0,2,4,4,0,2,2
21,16,37,38,21,21,0,2,5,5,0,2,2
21,16,37,38,21,21,0,2,6,6,0,2,2
21,16,37,38,21,21,0,2,7,7,0,2,2
21,16,37,38,21,21,0,2,8,8,0,2,2
21,16,37,38,21,21,0,2,9,9,0,2,2
21,16,37,38,21,21,0,2,10,10,0,2,2
21,16,37,38,21,21,0,2,11,9,1,2,1
21,16,37,38,21,21,0,2,12,8,1,2,1
21,16,37,38,21,21,0,2,13,7,1,2,1
21,16,37,38,21,21,0,2,14,6,1,2,1
21,16,37,38,21,21,0,2,15,5,1,2,1
21,16,37,38,21,21,0,2,16,4,1,2,1
21,16,37,38,21,21,0,2,17,3,1,2,1
21,16,37,38,21,21,0,2,18,16,0,1,2
21,16,37,38,21,21,0,2,19,16,0,1,2
21,17,38,39,21,17,0,2,1,15,1,2,1
21,17,38,39,21,17,0,2,2,14,1,2,2
21,17,38,39,21,17,0,2,3,13,1,2,1
21,17,38,39,21,17,0,2,4,4,0,2,2
21,17,38,39,21,17,0,2,5,5,0,2,2
21,17,38,39,21,17,0,2,6,6,0,2,2
21,17,38,39,21,17,0,2,7,7,0,2,2
21,17,38,39,21,17,0,2,8,8,0,2,2
21,17,38,39,21,17,0,2,9,7,1,2,2
21,17,38,39,21,17,0,2,10,6,1,2,2
21,17,38,39,21,17,0,2,11,5,1,2,2
21,17,38,39,21,17,0,2,12,4,1,2,2
21,17,38,39,21,17,0,2,13,13,0,2,2
21,17,38,39,21,17,0,2,14,14,0,2,2
21,17,38,39,21,17,0,2,15,15,0,2,2
21,17,38,39,21,21,0,2,1,17,0,1,1
21,17,38,39,21,21,0,2,2,17,0,1,2
21,17,38,39,21,21,0,2,3,3,0,2,1
21,17,38,39,21,21,0,2,4,4,0,2,2
21,17,38,39,21,21,0,2,5,5,0,2,2
21,17,38,39,21,21,0,2,6,6,0,2,1
21,17,38,39,21,21,0,2,7,7,0,2,2
21,17,38,39,21,21,0,2,8,8,0,2,2
21,17,38,39,21,21,0,2,9,9,0,2,2
21,17,38,39,21,21,0,2,10,10,0,2,2
21,17,38,39,21,21,0,2,11,9,1,2,2
21,17,38,39,21,21,0,2,12,8,1,2,2
21,17,38,39,21,21,0,2,13,7,1,2,2
21,17,38,39,21,21,0,2,14,6,1,2,1
21,17,38,39,21,21,0,2,15,5,1,2,2
21,17,38,39,21,21,0,2,16,4,1,2,2
21,17,38,39,21,21,0,2,17,3,1,2,1
21,17,38,39,21,21,0,2,18,17,0,1,2
21,17,38,39,21,21,0,2,19,17,0,1,2
21,18,39,40,21,18,0,2,1,16,1,2,0
21,18,39,40,21,18,0,2,2,15,1,2,2
21,18,39,40,21,18,0,2,3,14,1,2,1
21,18,39,40,21,18,0,2,4,4,0,2,2
21,18,39,40,21,18,0,2,5,5,0,2,1
21,18,39,40,21,18,0,2,6,6,0,2,2
21,18,39,40,21,18,0,2,7,7,0,2,2
21,18,39,40,21,18,0,2,8,8,0,2,2
21,18,39,40,21,18,0,2,9,8,1,2,1
21,18,39,40,21,18,0,2,10,7,1,2,1
21,18,39,40,21,18,0,2,11,6,1,2,2
21,18,39,40,21,18,0,2,12,5,1,2,1
21,18,39,40,21,18,0,2,13,4,1,2,1
21,18,39,40,21,18,0,2,14,3,1,2,1
21,18,39,40,21,18,0,2,15,15,0,2,2
21,18,39,40,21,18,0,2,16,16,0,2,2
21,18,39,40,21,21,0,2,1,18,0,1,1
21,18,39,40,21,21,0,2,2,18,0,1,2
21,18,39,40,21,21,0,2,3,3,0,2,1
21,18,39,40,21,21,0,2,4,4,0,2,2
21,18,39,40,21,21,0,2,5,5,0,2,1
21,18,39,40,21,21,0,2,6,6,0,2,2
21,18,39,40,21,21,0,2,7,7,0,2,2
21,18,39,40,21,21,0,2,8,8,0,2,1
21,18,39,40,21,21,0,2,9,9,0,2,2
21,18,39,40,21,21,0,2,10,10,0,2,2
21,18,39,40,21,21,0,2,11,9,1,2,2
21,18,39,40,21,21,0,2,12,8,1,2,1
21,18,39,40,21,21,0,2,13,7,1,2,1
21,18,39,40,21,21,0,2,14,6,1,2,1
21,18,39,40,21,21,0,2,15,5,1,2,1
21,18,39,40,21,21,0,2,16,4,1,2,1
21,18,39,40,21,21,0,2,17,3,1,2,1
21,18,39,40,21,21,0,2,18,2,1,2,0
21,18,39,40,21,21,0,2,19,18,0,1,2
21,20,41,42,21,20,0,2,1,18,1,2,1
21,20,41,42,21,20,0,2,2,17,1,2,1
21,20,41,42,21,20,0,2,3,16,1,2,1
21,20,41,42,21,20,0,2,4,4,0,2,1
21,20,41,42,21,20,0,2,5,5,0,2,2
21,20,41,42,21,20,0,2,6,6,0,2,2
21,20,41,42,21,20,0,2,7,7,0,2,1
21,20,41,42,21,20,0,2,8,8,0,2,2
21,20,41,42,21,20,0,2,9,9,0,2,2
21,20,41,42,21,20,0,2,10,9,1,2,1
21,20,41,42,21,20,0,2,11,8,1,2,1
21,20,41,42,21,20,0,2,12,7,1,2,1
21,20,41,42,21,20,0,2,13,6,1,2,1
21,20,41,42,21,20,0,2,14,5,1,2,1
21,20,41,42,21,20,0,2,15,4,1,2,1
21,20,41,42,21,20,0,2,16,3,1,2,1
21,20,41,42,21,20,0,2,17,17,0,2,1
21,20,41,42,21,20,0,2,18,18,0,2,2
21,20,41,42,21,21,0,2,1,19,1,2,2
21,20,41,42,21,21,0,2,2,18,1,2,2
21,20,41,42,21,21,0,2,3,17,1,2,1
21,20,41,42,21,21,0,2,4,4,0,2,2
21,20,41,42,21,21,0,2,5,5,0,2,2
21,20,41,42,21,21,0,2,6,6,0,2,2
21,20,41,42,21,21,0,2,7,7,0,2,2
21,20,41,42,21,21,0,2,8,8,0,2,2
21,20,41,42,21,21,0,2,9,9,0,2,2
21,20,41,42,21,21,0,2,10,10,0,2,2
21,20,41,42,21,21,0,2,11,9,1,2,1
21,20,41,42,21,21,0,2,12,8,1,2,1
21,20,41,42,21,21,0,2,13,7,1,2,1
21,20,41,42,21,21,0,2,14,6,1,2,1
21,20,41,42,21,21,0,2,15,5,1,2,1
21,20,41,42,21,21,0,2,16,4,1,2,1
21,20,41,42,21,21,0,2,17,17,0,2,2
21,20,41,42,21,21,0,2,18,18,0,2,2
21,20,41,42,21,21,0,2,19,19,0,2,2
21,21,42,43,21,21,0,2,1,19,1,2,1
21,21,42,43,21,21,0,2,2,18,1,2,2
21,21,42,43,21,21,0,2,3,17,1,2,1
21,21,42,43,21,21,0,2,4,4,0,2,2
21,21,42,43,21,21,0,2,5,5,0,2,2
21,21,42,43,21,21,0,2,6,6,0,2,2
21,21,42,43,21,21,0,2,7,7,0,2,2
21,21,42,43,21,21,0,2,8,8,0,2,2
21,21,42,43,21,21,0,2,9,9,0,2,2
21,21,42,43,21,21,0,2,10,10,0,2,2
21,21,42,43,21,21,0,2,11,9,1,2,2
21,21,42,43,21,21,0,2,12,8,1,2,2
21,21,42,43,21,21,0,2,13,7,1,2,2
21,21,42,43,21,21,0,2,14,6,1,2,2
21,21,42,43,21,21,0,2,15,5,1,2,2
21,21,42,43,21,21,0,2,16,4,1,2,2
21,21,42,43,21,21,0,2,17,17,0,2,2
21,21,42,43,21,21,0,2,18,18,0,2,2
21,21,42,43,21,21,0,2,19,19,0,2,2
21,22,43,44,21,21,0,2,1,19,1,2,1
21,22,43,44,21,21,0,2,2,18,1,2,2
21,22,43,44,21,21,0,2,3,17,1,2,1
21,22,43,44,21,21,0,2,4,4,0,2,2
21,22,43,44,21,21,0,2,5,5,0,2,2
21,22,43,44,21,21,0,2,6,6,0,2,2
21,22,43,44,21,21,0,2,7,7,0,2,2
21,22,43,44,21,21,0,2,8,8,0,2,2
21,22,43,44,21,21,0,2,9,9,0,2,2
21,22,43,44,21,21,0,2,10,10,0,2,2
21,22,43,44,21,21,0,2,11,9,1,2,2
21,22,43,44,21,21,0,2,12,8,1,2,1
21,22,43,44,21,21,0,2,13,7,1,2,1
21,22,43,44,21,21,0,2,14,6,1,2,2
21,22,43,44,21,21,0,2,15,5,1,2,1
21,22,43,44,21,21,0,2,16,4,1,2,1
21,22,43,44,21,21,0,2,17,3,1,2,1
21,22,43,44,21,21,0,2,18,18,0,2,2
21,22,43,44,21,21,0,2,19,19,0,2,2
21,22,43,44,21,22,0,2,1,20,1,2,2
21,22,43,44,21,22,0,2,2,19,1,2,2
21,22,43,44,21,22,0,2,3,18,1,2,1
21,22,43,44,21,22,0,2,4,4,0,2,2
21,22,43,44,21,22,0,2,5,5,0,2,2
21,22,43,44,21,22,0,2,6,6,0,2,2
21,22,43,44,21,22,0,2,7,7,0,2,2
21,22,43,44,21,22,0,2,8,8,0,2,2
21,22,43,44,21,22,0,2,9,9,0,2,2
21,22,43,44,21,22,0,2,10,10,0,2,2
21,22,43,44,21,22,0,2,11,10,1,2,1
21,22,43,44,21,22,0,2,12,9,1,2,1
21,22,43,44,21,22,0,2,13,8,1,2,1
21,22,43,44,21,22,0,2,14,7,1,2,1
21,22,43,44,21,22,0,2,15,6,1,2,1
21,22,43,44,21,22,0,2,16,5,1,2,1
21,22,43,44,21,22,0,2,17,4,1,2,1
21,22,43,44,21,22,0,2,18,18,0,2,2
21,22,43,44,21,22,0,2,19,19,0,2,2
21,22,43,44,21,22,0,2,20,20,0,2,2
22,2,24,25,22,22,0,2,1,20,1,2,1
22,2,24,25,22,22,0,2,2,19,1,2,2
22,2,24,25,22,22,0,2,3,3,0,2,1
22,2,24,25,22,22,0,2,4,4,0,2,1
22,2,24,25,22,22,0,2,5,5,0,2,1
22,2,24,25,22,22,0,2,6,6,0,2,1
22,2,24,25,22,22,0,2,7,7,0,2,1
22,2,24,25,22,22,0,2,8,8,0,2,1
22,2,24,25,22,22,0,2,9,9,0,2,1
22,2,24,25,22,22,0,2,10,10,0,2,2
22,2,24,25,22,22,0,2,11,10,1,2,2
22,2,24,25,22,22,0,2,12,9,1,2,1
22,2,24,25,22,22,0,2,13,8,1,2,2
22,2,24,25,22,22,0,2,14,7,1,2,2
22,2,24,25,22,22,0,2,15,6,1,2,1
22,2,24,25,22,22,0,2,16,5,1,2,2
22,2,24,25,22,22,0,2,17,4,1,2,2
22,2,24,25,22,22,0,2,18,3,1,2,1
22,2,24,25,22,22,0,2,19,19,0,2,1
22,2,24,25,22,22,0,2,20,20,0,2,1
22,3,25,26,22,3,0,2,1,22,0,1,1
22,3,25,26,22,22,0,2,1,3,0,1,1
22,3,25,26,22,22,0,2,2,19,1,2,2
22,3,25,26,22,22,0,2,3,18,1,2,1
22,3,25,26,22,22,0,2,4,4,0,2,2
22,3,25,26,22,22,0,2,5,5,0,2,2
22,3,25,26,22,22,0,2,6,6,0,2,2
22,3,25,26,22,22,0,2,7,7,0,2,2
22,3,25,26,22,22,0,2,8,8,0,2,2
22,3,25,26,22,22,0,2,9,9,0,2,2
22,3,25,26,22,22,0,2,10,10,0,2,2
22,3,25,26,22,22,0,2,11,10,1,2,2
22,3,25,26,22,22,0,2,12,9,1,2,2
22,3,25,26,22,22,0,2,13,8,1,2,1
22,3,25,26,22,22,0,2,14,7,1,2,2
22,3,25,26,22,22,0,2,15,6,1,2,2
22,3,25,26,22,22,0,2,16,5,1,2,2
22,3,25,26,22,22,0,2,17,4,1,2,2
22,3,25,26,22,22,0,2,18,18,0,2,2
22,3,25,26,22,22,0,2,19,19,0,2,2
22,3,25,26,22,22,0,2,20,20,0,2,2
22,4,26,27,22,4,0,2,1,22,0,1,1
22,4,26,27,22,4,0,2,2,22,0,1,3
22,4,26,27,22,22,0,2,1,4,0,1,1
22,4,26,27,22,22,0,2,2,19,1,2,2
22,4,26,27,22,22,0,2,3,4,0,1,1
22,4,26,27,22,22,0,2,4,4,0,1,1
22,4,26,27,22,22,0,2,5,5,0,2,2
22,4,26,27,22,22,0,2,6,4,0,1,1
22,4,26,27,22,22,0,2,7,4,0,1,1
22,4,26,27,22,22,0,2,8,8,0,2,2
22,4,26,27,22,22,0,2,9,9,0,2,2
22,4,26,27,22,22,0,2,10,4,0,1,1
22,4,26,27,22,22,0,2,11,4,0,1,1
22,4,26,27,22,22,0,2,12,9,1,2,2
22,4,26,27,22,22,0,2,13,4,0,1,1
22,4,26,27,22,22,0,2,14,4,0,1,1
22,4,26,27,22,22,0,2,15,6,1,2,2
22,4,26,27,22,22,0,2,16,5,1,2,2
22,4,26,27,22,22,0,2,17,4,1,2,2
22,4,26,27,22,22,0,2,18,18,0,2,2
22,4,26,27,22,22,0,2,19,19,0,2,2
22,4,26,27,22,22,0,2,20,4,0,1,1
22,5,27,28,22,5,0,2,1,3,1,2,1
22,5,27,28,22,5,0,2,2,22,0,1,1
22,5,27,28,22,5,0,2,3,22,0,1,1
22,5,27,28,22,22,0,2,1,5,0,1,1
22,5,27,28,22,22,0,2,2,5,0,1,2
22,5,27,28,22,22,0,2,3,5,0,1,2
22,5,27,28,22,22,0,2,4,4,0,2,2
22,5,27,28,22,22,0,2,5,5,0,1,2
22,5,27,28,22,22,0,2,6,5,0,1,2
22,5,27,28,22,22,0,2,7,5,0,1,2
22,5,27,28,22,22,0,2,8,5,0,1,2
22,5,27,28,22,22,0,2,9,5,0,1,2
22,5,27,28,22,22,0,2,10,5,0,1,2
22,5,27,28,22,22,0,2,11,5,0,1,2
22,5,27,28,22,22,0,2,12,5,0,1,2
22,5,27,28,22,22,0,2,13,5,0,1,2
22,5,27,28,22,22,0,2,14,5,0,1,2
22,5,27,28,22,22,0,2,15,5,0,1,2
22,5,27,28,22,22,0,2,16,5,0,1,2
22,5,27,28,22,22,0,2,17,4,1,2,1
22,5,27,28,22,22,0,2,18,3,1,2,1
22,5,27,28,22,22,0,2,19,5,0,1,2
22,5,27,28,22,22,0,2,20,5,0,1,2
22,6,28,29,22,6,0,2,1,4,1,2,1
22,6,28,29,22,6,0,2,2,22,0,1,2
22,6,28,29,22,6,0,2,3,22,0,1,1
22,6,28,29,22,6,0,2,4,4,0,2,2
22,6,28,29,22,22,0,2,1,6,0,1,1
22,6,28,29,22,22,0,2,2,6,0,1,3
22,6,28,29,22,22,0,2,3,6,0,1,1
22,6,28,29,22,22,0,2,4,4,0,2,2
22,6,28,29,22,22,0,2,5,5,0,2,2
22,6,28,29,22,22,0,2,6,6,0,1,1
22,6,28,29,22,22,0,2,7,6,0,1,2
22,6,28,29,22,22,0,2,8,6,0,1,3
22,6,28,29,22,22,0,2,9,6,0,1,2
22,6,28,29,22,22,0,2,10,6,0,1,2
22,6,28,29,22,22,0,2,11,6,0,1,3
22,6,28,29,22,22,0,2,12,6,0,1,2
22,6,28,29,22,22,0,2,13,6,0,1,3
22,6,28,29,22,22,0,2,14,6,0,1,2
22,6,28,29,22,22,0,2,15,6,0,1,2
22,6,28,29,22,22,0,2,16,5,1,2,2
22,6,28,29,22,22,0,2,17,4,1,2,2
22,6,28,29,22,22,0,2,18,6,0,1,2
22,6,28,29,22,22,0,2,19,6,0,1,3
22,6,28,29,22,22,0,2,20,6,0,1,3
22,7,29,30,22,7,0,2,1,5,1,2,1
22,7,29,30,22,7,0,2,2,4,1,2,2
22,7,29,30,22,7,0,2,3,3,1,2,1
22,7,29,30,22,7,0,2,4,4,0,2,2
22,7,29,30,22,7,0,2,5,5,0,2,2
22,7,29,30,22,22,0,2,1,7,0,1,1
22,7,29,30,22,22,0,2,2,7,0,1,1
22,7,29,30,22,22,0,2,3,7,0,1,1
22,7,29,30,22,22,0,2,4,4,0,2,2
22,7,29,30,22,22,0,2,5,5,0,2,2
22,7,29,30,22,22,0,2,6,6,0,2,1
22,7,29,30,22,22,0,2,7,7,0,1,1
22,7,29,30,22,22,0,2,8,7,0,1,2
22,7,29,30,22,22,0,2,9,7,0,1,1
22,7,29,30,22,22,0,2,10,7,0,1,2
22,7,29,30,22,22,0,2,11,7,0,1,2
22,7,29,30,22,22,0,2,12,7,0,1,1
22,7,29,30,22,22,0,2,13,7,0,1,2
22,7,29,30,22,22,0,2,14,7,0,1,2
22,7,29,30,22,22,0,2,15,6,1,2,1
22,7,29,30,22,22,0,2,16,5,1,2,1
22,7,29,30,22,22,0,2,17,4,1,2,1
22,7,29,30,22,22,0,2,18,3,1,2,1
22,7,29,30,22,22,0,2,19,7,0,1,1
22,7,29,30,22,22,0,2,20,7,0,1,2
22,8,30,31,22,8,0,2,1,6,1,2,1
22,8,30,31,22,8,0,2,2,5,1,2,2
22,8,30,31,22,8,0,2,3,4,1,2,1
22,8,30,31,22,8,0,2,4,3,1,2,1
22,8,30,31,22,8,0,2,5,5,0,2,2
22,8,30,31,22,8,0,2,6,6,0,2,2
22,8,30,31,22,22,0,2,1,8,0,1,2
22,8,30,31,22,22,0,2,2,8,0,1,2
22,8,30,31,22,22,0,2,3,8,0,1,2
22,8,30,31,22,22,0,2,4,4,0,2,2
22,8,30,31,22,22,0,2,5,5,0,2,2
22,8,30,31,22,22,0,2,6,6,0,2,2
22,8,30,31,22,22,0,2,7,7,0,2,2
22,8,30,31,22,22,0,2,8,8,0,1,2
22,8,30,31,22,22,0,2,9,8,0,1,2
22,8,30,31,22,22,0,2,10,8,0,1,2
22,8,30,31,22,22,0,2,11,8,0,1,2
22,8,30,31,22,22,0,2,12,8,0,1,2
22,8,30,31,22,22,0,2,13,8,0,1,2
22,8,30,31,22,22,0,2,14,7,1,2,2
22,8,30,31,22,22,0,2,15,6,1,2,1
22,8,30,31,22,22,0,2,16,5,1,2,2
22,8,30,31,22,22,0,2,17,4,1,2,2
22,8,30,31,22,22,0,2,18,3,1,2,1
22,8,30,31,22,22,0,2,19,8,0,1,2
22,8,30,31,22,22,0,2,20,8,0,1,2
22,9,31,32,22,9,0,2,1,7,1,2,1
22,9,31,32,22,9,0,2,2,6,1,2,2
22,9,31,32,22,9,0,2,3,5,1,2,1
22,9,31,32,22,9,0,2,4,4,0,2,2
22,9,31,32,22,9,0,2,5,5,0,2,2
22,9,31,32,22,9,0,2,6,6,0,2,2
22,9,31,32,22,9,0,2,7,7,0,2,2
22,9,31,32,22,22,0,2,1,9,0,1,1
22,9,31,32,22,22,0,2,2,9,0,1,1
22,9,31,32,22,22,0,2,3,9,0,1,1
22,9,31,32,22,22,0,2,4,4,0,2,2
22,9,31,32,22,22,0,2,5,5,0,2,2
22,9,31,32,22,22,0,2,6,6,0,2,2
22,9,31,32,22,22,0,2,7,7,0,2,2
22,9,31,32,22,22,0,2,8,8,0,2,2
22,9,31,32,22,22,0,2,9,9,0,1,2
22,9,31,32,22,22,0,2,10,9,0,1,2
22,9,31,32,22,22,0,2,11,9,0,1,2
22,9,31,32,22,22,0,2,12,9,0,1,2
22,9,31,32,22,22,0,2,13,8,1,2,1
22,9,31,32,22,22,0,2,14,7,1,2,2
22,9,31,32,22,22,0,2,15,6,1,2,2
22,9,31,32,22,22,0,2,16,5,1,2,1
22,9,31,32,22,22,0,2,17,4,1,2,2
22,9,31,32,22,22,0,2,18,9,0,1,2
22,9,31,32,22,22,0,2,19,9,0,1,2
22,9,31,32,22,22,0,2,20,9,0,1,2
22,10,32,33,22,10,0,2,1,8,1,2,1
22,10,32,33,22,10,0,2,2,7,1,2,2
22,10,32,33,22,10,0,2,3,6,1,2,1
22,10,32,33,22,10,0,2,4,4,0,2,2
22,10,32,33,22,10,0,2,5,4,1,2,2
22,10,32,33,22,10,0,2,6,3,1,2,1
22,10,32,33,22,10,0,2,7,7,0,2,2
22,10,32,33,22,10,0,2,8,8,0,2,2
22,10,32,33,22,22,0,2,1,10,0,1,1
22,10,32,33,22,22,0,2,2,10,0,1,2
22,10,32,33,22,22,0,2,3,10,0,1,1
22,10,32,33,22,22,0,2,4,4,0,2,2
22,10,32,33,22,22,0,2,5,5,0,2,2
22,10,32,33,22,22,0,2,6,6,0,2,2
22,10,32,33,22,22,0,2,7,7,0,2,2
22,10,32,33,22,22,0,2,8,8,0,2,2
22,10,32,33,22,22,0,2,9,9,0,2,2
22,10,32,33,22,22,0,2,10,10,0,1,2
22,10,32,33,22,22,0,2,11,10,0,1,2
22,10,32,33,22,22,0,2,12,9,1,2,2
22,10,32,33,22,22,0,2,13,8,1,2,2
22,10,32,33,22,22,0,2,14,7,1,2,2
22,10,32,33,22,22,0,2,15,6,1,2,2
22,10,32,33,22,22,0,2,16,5,1,2,2
22,10,32,33,22,22,0,2,17,4,1,2,2
22,10,32,33,22,22,0,2,18,10,0,1,2
22,10,32,33,22,22,0,2,19,10,0,1,2
22,10,32,33,22,22,0,2,20,10,0,1,2
22,11,33,34,22,11,0,2,1,9,1,2,1
22,11,33,34,22,11,0,2,2,8,1,2,2
22,11,33,34,22,11,0,2,3,7,1,2,1
22,11,33,34,22,11,0,2,4,4,0,2,2
22,11,33,34,22,11,0,2,5,5,0,2,2
22,11,33,34,22,11,0,2,6,4,1,2,1
22,11,33,34,22,11,0,2,7,3,1,2,1
22,11,33,34,22,11,0,2,8,8,0,2,2
22,11,33,34,22,11,0,2,9,9,0,2,2
22,11,33,34,22,22,0,2,1,11,0,1,1
22,11,33,34,22,22,0,2,2,11,0,1,1
22,11,33,34,22,22,0,2,3,11,0,1,2
22,11,33,34,22,22,0,2,4,4,0,2,2
22,11,33,34,22,22,0,2,5,5,0,2,2
22,11,33,34,22,22,0,2,6,6,0,2,2
22,11,33,34,22,22,0,2,7,7,0,2,2
22,11,33,34,22,22,0,2,8,8,0,2,2
22,11,33,34,22,22,0,2,9,9,0,2,2
22,11,33,34,22,22,0,2,10,10,0,2,2
22,11,33,34,22,22,0,2,11,10,1,2,1
22,11,33,34,22,22,0,2,12,9,1,2,1
22,11,33,34,22,22,0,2,13,8,1,2,1
22,11,33,34,22,22,0,2,14,7,1,2,1
22,11,33,34,22,22,0,2,15,6,1,2,1
22,11,33,34,22,22,0,2,16,5,1,2,1
22,11,33,34,22,22,0,2,17,4,1,2,1
22,11,33,34,22,22,0,2,18,3,1,2,1
22,11,33,34,22,22,0,2,19,11,0,1,2
22,11,33,34,22,22,0,2,20,11,0,1,1
22,12,34,35,22,12,0,2,1,10,1,2,1
22,12,34,35,22,12,0,2,2,9,1,2,2
22,12,34,35,22,12,0,2,3,8,1,2,1
22,12,34,35,22,12,0,2,4,4,0,2,2
22,12,34,35,22,12,0,2,5,5,0,2,2
22,12,34,35,22,12,0,2,6,5,1,2,1
22,12,34,35,22,12,0,2,7,4,1,2,1
22,12,34,35,22,12,0,2,8,8,0,2,2
22,12,34,35,22,12,0,2,9,9,0,2,2
22,12,34,35,22,12,0,2,10,10,0,2,2
22,12,34,35,22,22,0,2,1,12,0,1,1
22,12,34,35,22,22,0,2,2,12,0,1,2
22,12,34,35,22,22,0,2,3,12,0,1,1
22,12,34,35,22,22,0,2,4,4,0,2,2
22,12,34,35,22,22,0,2,5,5,0,2,2
22,12,34,35,22,22,0,2,6,6,0,2,2
22,12,34,35,22,22,0,2,7,7,0,2,2
22,12,34,35,22,22,0,2,8,8,0,2,2
22,12,34,35,22,22,0,2,9,9,0,2,2
22,12,34,35,22,22,0,2,10,10,0,2,2
22,12,34,35,22,22,0,2,11,10,1,2,2
22,12,34,35,22,22,0,2,12,9,1,2,2
22,12,34,35,22,22,0,2,13,8,1,2,2
22,12,34,35,22,22,0,2,14,7,1,2,2
22,12,34,35,22,22,0,2,15,6,1,2,1
22,12,34,35,22,22,0,2,16,5,1,2,2
22,12,34,35,22,22,0,2,17,4,1,2,2
22,12,34,35,22,22,0,2,18,3,1,2,1
22,12,34,35,22,22,0,2,19,12,0,1,2
22,12,34,35,22,22,0,2,20,12,0,1,2
22,13,35,36,22,13,0,2,1,11,1,2,1
22,13,35,36,22,13,0,2,2,10,1,2,2
22,13,35,36,22,13,0,2,3,9,1,2,1
22,13,35,36,22,13,0,2,4,4,0,2,2
22,13,35,36,22,13,0,2,5,5,0,2,2
22,13,35,36,22,13,0,2,6,6,0,2,2
22,13,35,36,22,13,0,2,7,5,1,2,1
22,13,35,36,22,13,0,2,8,4,1,2,1
22,13,35,36,22,13,0,2,9,3,1,2,1
22,13,35,36,22,13,0,2,10,10,0,2,2
22,13,35,36,22,13,0,2,11,11,0,2,2
22,13,35,36,22,22,0,2,1,13,0,1,1
22,13,35,36,22,22,0,2,2,13,0,1,1
22,13,35,36,22,22,0,2,3,3,0,2,1
22,13,35,36,22,22,0,2,4,4,0,2,2
22,13,35,36,22,22,0,2,5,5,0,2,2
22,13,35,36,22,22,0,2,6,6,0,2,1
22,13,35,36,22,22,0,2,7,7,0,2,2
22,13,35,36,22,22,0,2,8,8,0,2,2
22,13,35,36,22,22,0,2,9,9,0,2,1
22,13,35,36,22,22,0,2,10,10,0,2,2
22,13,35,36,22,22,0,2,11,10,1,2,2
22,13,35,36,22,22,0,2,12,9,1,2,1
22,13,35,36,22,22,0,2,13,8,1,2,1
22,13,35,36,22,22,0,2,14,7,1,2,1
22,13,35,36,22,22,0,2,15,6,1,2,1
22,13,35,36,22,22,0,2,16,5,1,2,1
22,13,35,36,22,22,0,2,17,4,1,2,1
22,13,35,36,22,22,0,2,18,3,1,2,1
22,13,35,36,22,22,0,2,19,13,0,1,2
22,13,35,36,22,22,0,2,20,13,0,1,2
22,14,36,37,22,14,0,2,1,12,1,2,1
22,14,36,37,22,14,0,2,2,11,1,2,2
22,14,36,37,22,14,0,2,3,10,1,2,1
22,14,36,37,22,14,0,2,4,4,0,2,2
22,14,36,37,22,14,0,2,5,5,0,2,2
22,14,36,37,22,14,0,2,6,6,0,2,2
22,14,36,37,22,14,0,2,7,6,1,2,2
22,14,36,37,22,14,0,2,8,5,1,2,2
22,14,36,37,22,14,0,2,9,4,1,2,2
22,14,36,37,22,14,0,2,10,10,0,2,2
22,14,36,37,22,14,0,2,11,11,0,2,2
22,14,36,37,22,14,0,2,12,12,0,2,2
22,14,36,37,22,22,0,2,1,14,0,1,1
22,14,36,37,22,22,0,2,2,14,0,1,2
22,14,36,37,22,22,0,2,3,14,0,1,2
22,14,36,37,22,22,0,2,4,4,0,2,2
22,14,36,37,22,22,0,2,5,5,0,2,2
22,14,36,37,22,22,0,2,6,6,0,2,2
22,14,36,37,22,22,0,2,7,7,0,2,2
22,14,36,37,22,22,0,2,8,8,0,2,2
22,14,36,37,22,22,0,2,9,9,0,2,2
22,14,36,37,22,22,0,2,10,10,0,2,2
22,14,36,37,22,22,0,2,11,10,1,2,2
22,14,36,37,22,22,0,2,12,9,1,2,2
22,14,36,37,22,22,0,2,13,8,1,2,2
22,14,36,37,22,22,0,2,14,7,1,2,3
22,14,36,37,22,22,0,2,15,6,1,2,2
22,14,36,37,22,22,0,2,16,5,1,2,2
22,14,36,37,22,22,0,2,17,14,0,1,2
22,14,36,37,22,22,0,2,18,14,0,1,2
22,14,36,37,22,22,0,2,19,14,0,1,2
22,14,36,37,22,22,0,2,20,14,0,1,2
22,15,37,38,22,15,0,2,1,13,1,2,1
22,15,37,38,22,15,0,2,2,12,1,2,2
22,15,37,38,22,15,0,2,3,11,1,2,1
22,15,37,38,22,15,0,2,4,4,0,2,2
22,15,37,38,22,15,0,2,5,5,0,2,2
22,15,37,38,22,15,0,2,6,6,0,2,2
22,15,37,38,22,15,0,2,7,7,0,2,2
22,15,37,38,22,15,0,2,8,6,1,2,2
22,15,37,38,22,15,0,2,9,5,1,2,1
22,15,37,38,22,15,0,2,10,4,1,2,1
22,15,37,38,22,15,0,2,11,11,0,2,2
22,15,37,38,22,15,0,2,12,12,0,2,2
22,15,37,38,22,15,0,2,13,13,0,2,2
22,15,37,38,22,22,0,2,1,15,0,1,1
22,15,37,38,22,22,0,2,2,15,0,1,1
22,15,37,38,22,22,0,2,3,15,0,1,1
22,15,37,38,22,22,0,2,4,4,0,2,2
22,15,37,38,22,22,0,2,5,5,0,2,2
22,15,37,38,22,22,0,2,6,6,0,2,2
22,15,37,38,22,22,0,2,7,7,0,2,2
22,15,37,38,22,22,0,2,8,8,0,2,2
22,15,37,38,22,22,0,2,9,9,0,2,2
22,15,37,38,22,22,0,2,10,10,0,2,2
22,15,37,38,22,22,0,2,11,10,1,2,1
22,15,37,38,22,22,0,2,12,9,1,2,2
22,15,37,38,22,22,0,2,13,8,1,2,1
22,15,37,38,22,22,0,2,14,7,1,2,1
22,15,37,38,22,22,0,2,15,6,1,2,2
22,15,37,38,22,22,0,2,16,5,1,2,1
22,15,37,38,22,22,0,2,17,4,1,2,1
22,15,37,38,22,22,0,2,18,15,0,1,2
22,15,37,38,22,22,0,2,19,15,0,1,1
22,15,37,38,22,22,0,2,20,15,0,1,2
22,16,38,39,22,16,0,2,1,14,1,2,1
22,16,38,39,22,16,0,2,2,13,1,2,2
22,16,38,39,22,16,0,2,3,12,1,2,1
22,16,38,39,22,16,0,2,4,4,0,2,2
22,16,38,39,22,16,0,2,5,5,0,2,2
22,16,38,39,22,16,0,2,6,6,0,2,2
22,16,38,39,22,16,0,2,7,7,0,2,2
22,16,38,39,22,16,0,2,8,7,1,2,2
22,16,38,39,22,16,0,2,9,6,1,2,2
22,16,38,39,22,16,0,2,10,5,1,2,2
22,16,38,39,22,16,0,2,11,4,1,2,2
22,16,38,39,22,16,0,2,12,12,0,2,2
22,16,38,39,22,16,0,2,13,13,0,2,2
22,16,38,39,22,16,0,2,14,14,0,2,2
22,16,38,39,22,22,0,2,1,16,0,1,1
22,16,38,39,22,22,0,2,2,16,0,1,2
22,16,38,39,22,22,0,2,3,16,0,1,2
22,16,38,39,22,22,0,2,4,4,0,2,2
22,16,38,39,22,22,0,2,5,5,0,2,2
22,16,38,39,22,22,0,2,6,6,0,2,2
22,16,38,39,22,22,0,2,7,7,0,2,2
22,16,38,39,22,22,0,2,8,8,0,2,2
22,16,38,39,22,22,0,2,9,9,0,2,2
22,16,38,39,22,22,0,2,10,10,0,2,2
22,16,38,39,22,22,0,2,11,10,1,2,2
22,16,38,39,22,22,0,2,12,9,1,2,2
22,16,38,39,22,22,0,2,13,8,1,2,2
22,16,38,39,22,22,0,2,14,7,1,2,2
22,16,38,39,22,22,0,2,15,6,1,2,2
22,16,38,39,22,22,0,2,16,5,1,2,2
22,16,38,39,22,22,0,2,17,4,1,2,2
22,16,38,39,22,22,0,2,18,16,0,1,2
22,16,38,39,22,22,0,2,19,16,0,1,2
22,16,38,39,22,22,0,2,20,16,0,1,2
22,17,39,40,22,17,0,2,1,15,1,2,1
22,17,39,40,22,17,0,2,2,14,1,2,2
22,17,39,40,22,17,0,2,3,13,1,2,1
22,17,39,40,22,17,0,2,4,4,0,2,2
22,17,39,40,22,17,0,2,5,5,0,2,2
22,17,39,40,22,17,0,2,6,6,0,2,2
22,17,39,40,22,17,0,2,7,7,0,2,2
22,17,39,40,22,17,0,2,8,8,0,2,2
22,17,39,40,22,17,0,2,9,7,1,2,1
22,17,39,40,22,17,0,2,10,6,1,2,1
22,17,39,40,22,17,0,2,11,5,1,2,1
22,17,39,40,22,17,0,2,12,4,1,2,1
22,17,39,40,22,17,0,2,13,3,1,2,1
22,17,39,40,22,17,0,2,14,14,0,2,2
22,17,39,40,22,17,0,2,15,15,0,2,2
22,17,39,40,22,22,0,2,1,17,0,1,1
22,17,39,40,22,22,0,2,2,17,0,1,1
22,17,39,40,22,22,0,2,3,17,0,1,2
22,17,39,40,22,22,0,2,4,4,0,2,2
22,17,39,40,22,22,0,2,5,5,0,2,2
22,17,39,40,22,22,0,2,6,6,0,2,2
22,17,39,40,22,22,0,2,7,7,0,2,2
22,17,39,40,22,22,0,2,8,8,0,2,2
22,17,39,40,22,22,0,2,9,9,0,2,2
22,17,39,40,22,22,0,2,10,10,0,2,2
22,17,39,40,22,22,0,2,11,10,1,2,1
22,17,39,40,22,22,0,2,12,9,1,2,1
22,17,39,40,22,22,0,2,13,8,1,2,1
22,17,39,40,22,22,0,2,14,7,1,2,1
22,17,39,40,22,22,0,2,15,6,1,2,1
22,17,39,40,22,22,0,2,16,5,1,2,1
22,17,39,40,22,22,0,2,17,4,1,2,1
22,17,39,40,22,22,0,2,18,3,1,2,1
22,17,39,40,22,22,0,2,19,17,0,1,2
22,17,39,40,22,22,0,2,20,17,0,1,1
22,18,40,41,22,18,0,2,1,16,1,2,1
22,18,40,41,22,18,0,2,2,15,1,2,2
22,18,40,41,22,18,0,2,3,14,1,2,1
22,18,40,41,22,18,0,2,4,4,0,2,2
22,18,40,41,22,18,0,2,5,5,0,2,2
22,18,40,41,22,18,0,2,6,6,0,2,2
22,18,40,41,22,18,0,2,7,7,0,2,2
22,18,40,41,22,18,0,2,8,8,0,2,2
22,18,40,41,22,18,0,2,9,8,1,2,2
22,18,40,41,22,18,0,2,10,7,1,2,2
22,18,40,41,22,18,0,2,11,6,1,2,2
22,18,40,41,22,18,0,2,12,5,1,2,2
22,18,40,41,22,18,0,2,13,4,1,2,2
22,18,40,41,22,18,0,2,14,14,0,2,2
22,18,40,41,22,18,0,2,15,15,0,2,2
22,18,40,41,22,18,0,2,16,16,0,2,2
22,18,40,41,22,22,0,2,1,18,0,1,1
22,18,40,41,22,22,0,2,2,18,0,1,2
22,18,40,41,22,22,0,2,3,3,0,2,1
22,18,40,41,22,22,0,2,4,4,0,2,2
22,18,40,41,22,22,0,2,5,5,0,2,2
22,18,40,41,22,22,0,2,6,6,0,2,1
22,18,40,41,22,22,0,2,7,7,0,2,2
22,18,40,41,22,22,0,2,8,8,0,2,2
22,18,40,41,22,22,0,2,9,9,0,2,2
22,18,40,41,22,22,0,2,10,10,0,2,2
22,18,40,41,22,22,0,2,11,10,1,2,2
22,18,40,41,22,22,0,2,12,9,1,2,1
22,18,40,41,22,22,0,2,13,8,1,2,2
22,18,40,41,22,22,0,2,14,7,1,2,2
22,18,40,41,22,22,0,2,15,6,1,2,1
22,18,40,41,22,22,0,2,16,5,1,2,2
22,18,40,41,22,22,0,2,17,4,1,2,2
22,18,40,41,22,22,0,2,18,3,1,2,1
22,18,40,41,22,22,0,2,19,18,0,1,2
22,18,40,41,22,22,0,2,20,18,0,1,2
22,19,41,42,22,19,0,2,1,17,1,2,1
22,19,41,42,22,19,0,2,2,16,1,2,2
22,19,41,42,22,19,0,2,3,15,1,2,1
22,19,41,42,22,19,0,2,4,4,0,2,2
22,19,41,42,22,19,0,2,5,5,0,2,2
22,19,41,42,22,19,0,2,6,6,0,2,2
22,19,41,42,22,19,0,2,7,7,0,2,2
22,19,41,42,22,19,0,2,8,8,0,2,2
22,19,41,42,22,19,0,2,9,9,0,2,2
22,19,41,42,22,19,0,2,10,8,1,2,1
22,19,41,42,22,19,0,2,11,7,1,2,1
22,19,41,42,22,19,0,2,12,6,1,2,1
22,19,41,42,22,19,0,2,13,5,1,2,1
22,19,41,42,22,19,0,2,14,4,1,2,1
22,19,41,42,22,19,0,2,15,3,1,2,1
22,19,41,42,22,19,0,2,16,16,0,2,2
22,19,41,42,22,19,0,2,17,17,0,2,2
22,19,41,42,22,22,0,2,1,19,0,1,1
22,19,41,42,22,22,0,2,2,19,0,1,2
22,19,41,42,22,22,0,2,3,3,0,2,1
22,19,41,42,22,22,0,2,4,4,0,2,2
22,19,41,42,22,22,0,2,5,5,0,2,2
22,19,41,42,22,22,0,2,6,6,0,2,2
22,19,41,42,22,22,0,2,7,7,0,2,2
22,19,41,42,22,22,0,2,8,8,0,2,2
22,19,41,42,22,22,0,2,9,9,0,2,2
22,19,41,42,22,22,0,2,10,10,0,2,2
22,19,41,42,22,22,0,2,11,10,1,2,1
22,19,41,42,22,22,0,2,12,9,1,2,1
22,19,41,42,22,22,0,2,13,8,1,2,1
22,19,41,42,22,22,0,2,14,7,1,2,1
22,19,41,42,22,22,0,2,15,6,1,2,1
22,19,41,42,22,22,0,2,16,5,1,2,1
22,19,41,42,22,22,0,2,17,4,1,2,1
22,19,41,42,22,22,0,2,18,3,1,2,1
22,19,41,42,22,22,0,2,19,2,1,2,0
22,19,41,42,22,22,0,2,20,19,0,1,2
22,21,43,44,22,21,0,2,1,19,1,2,1
22,21,43,44,22,21,0,2,2,18,1,2,2
22,21,43,44,22,21,0,2,3,17,1,2,1
22,21,43,44,22,21,0,2,4,4,0,2,2
22,21,43,44,22,21,0,2,5,5,0,2,2
22,21,43,44,22,21,0,2,6,6,0,2,2
22,21,43,44,22,21,0,2,7,7,0,2,2
22,21,43,44,22,21,0,2,8,8,0,2,2
22,21,43,44,22,21,0,2,9,9,0,2,2
22,21,43,44,22,21,0,2,10,10,0,2,2
22,21,43,44,22,21,0,2,11,9,1,2,2
22,21,43,44,22,21,0,2,12,8,1,2,1
22,21,43,44,22,21,0,2,13,7,1,2,1
22,21,43,44,22,21,0,2,14,6,1,2,2
22,21,43,44,22,21,0,2,15,5,1,2,1
22,21,43,44,22,21,0,2,16,4,1,2,1
22,21,43,44,22,21,0,2,17,3,1,2,1
22,21,43,44,22,21,0,2,18,18,0,2,2
22,21,43,44,22,21,0,2,19,19,0,2,2
22,21,43,44,22,22,0,2,1,20,1,2,2
22,21,43,44,22,22,0,2,2,19,1,2,2
22,21,43,44,22,22,0,2,3,18,1,2,1
22,21,43,44,22,22,0,2,4,4,0,2,2
22,21,43,44,22,22,0,2,5,5,0,2,2
22,21,43,44,22,22,0,2,6,6,0,2,2
22,21,43,44,22,22,0,2,7,7,0,2,2
22,21,43,44,22,22,0,2,8,8,0,2,2
22,21,43,44,22,22,0,2,9,9,0,2,2
22,21,43,44,22,22,0,2,10,10,0,2,2
22,21,43,44,22,22,0,2,11,10,1,2,1
22,21,43,44,22,22,0,2,12,9,1,2,1
22,21,43,44,22,22,0,2,13,8,1,2,1
22,21,43,44,22,22,0,2,14,7,1,2,1
22,21,43,44,22,22,0,2,15,6,1,2,1
22,21,43,44,22,22,0,2,16,5,1,2,1
22,21,43,44,22,22,0,2,17,4,1,2,1
22,21,43,44,22,22,0,2,18,18,0,2,2
22,21,43,44,22,22,0,2,19,19,0,2,2
22,21,43,44,22,22,0,2,20,20,0,2,2
22,22,44,45,22,22,0,2,1,20,1,2,1
22,22,44,45,22,22,0,2,2,19,1,2,2
22,22,44,45,22,22,0,2,3,18,1,2,1
22,22,44,45,22,22,0,2,4,4,0,2,2
22,22,44,45,22,22,0,2,5,5,0,2,2
22,22,44,45,22,22,0,2,6,6,0,2,2
22,22,44,45,22,22,0,2,7,7,0,2,2
22,22,44,45,22,22,0,2,8,8,0,2,2
22,22,44,45,22,22,0,2,9,9,0,2,2
22,22,44,45,22,22,0,2,10,10,0,2,2
22,22,44,45,22,22,0,2,11,10,1,2,2
22,22,44,45,22,22,0,2,12,9,1,2,2
22,22,44,45,22,22,0,2,13,8,1,2,2
22,22,44,45,22,22,0,2,14,7,1,2,2
22,22,44,45,22,22,0,2,15,6,1,2,2
22,22,44,45,22,22,0,2,16,5,1,2,2
22,22,44,45,22,22,0,2,17,4,1,2,2
22,22,44,45,22,22,0,2,18,18,0,2,2
22,22,44,45,22,22,0,2,19,19,0,2,2
22,22,44,45,22,22,0,2,20,20,0,2,2
23,2,25,26,23,23,0,2,1,21,1,2,0
23,2,25,26,23,23,0,2,2,20,1,2,1
23,2,25,26,23,23,0,2,3,19,1,2,1
23,2,25,26,23,23,0,2,4,4,0,2,2
23,2,25,26,23,23,0,2,5,5,0,2,2
23,2,25,26,23,23,0,2,6,6,0,2,2
23,2,25,26,23,23,0,2,7,7,0,2,2
23,2,25,26,23,23,0,2,8,8,0,2,2
23,2,25,26,23,23,0,2,9,9,0,2,2
23,2,25,26,23,23,0,2,10,10,0,2,2
23,2,25,26,23,23,0,2,11,11,0,2,3
23,2,25,26,23,23,0,2,12,10,1,2,2
23,2,25,26,23,23,0,2,13,9,1,2,1
23,2,25,26,23,23,0,2,14,8,1,2,1
23,2,25,26,23,23,0,2,15,7,1,2,1
23,2,25,26,23,23,0,2,16,6,1,2,1
23,2,25,26,23,23,0,2,17,5,1,2,2
23,2,25,26,23,23,0,2,18,4,1,2,1
23,2,25,26,23,23,0,2,19,3,1,2,1
23,2,25,26,23,23,0,2,20,20,0,2,2
23,2,25,26,23,23,0,2,21,21,0,2,2
23,3,26,27,23,3,0,2,1,23,0,1,2
23,3,26,27,23,23,0,2,1,21,1,2,1
23,3,26,27,23,23,0,2,2,20,1,2,2
23,3,26,27,23,23,0,2,3,19,1,2,2
23,3,26,27,23,23,0,2,4,4,0,2,2
23,3,26,27,23,23,0,2,5,5,0,2,2
23,3,26,27,23,23,0,2,6,6,0,2,2
23,3,26,27,23,23,0,2,7,7,0,2,2
23,3,26,27,23,23,0,2,8,8,0,2,2
23,3,26,27,23,23,0,2,9,9,0,2,2
23,3,26,27,23,23,0,2,10,10,0,2,2
23,3,26,27,23,23,0,2,11,11,0,2,2
23,3,26,27,23,23,0,2,12,10,1,2,2
23,3,26,27,23,23,0,2,13,9,1,2,2
23,3,26,27,23,23,0,2,14,8,1,2,2
23,3,26,27,23,23,0,2,15,7,1,2,2
23,3,26,27,23,23,0,2,16,6,1,2,2
23,3,26,27,23,23,0,2,17,5,1,2,2
23,3,26,27,23,23,0,2,18,4,1,2,2
23,3,26,27,23,23,0,2,19,19,0,2,2
23,3,26,27,23,23,0,2,20,20,0,2,2
23,3,26,27,23,23,0,2,21,21,0,2,2
23,4,27,28,23,4,0,2,1,23,0,1,1
23,4,27,28,23,4,0,2,2,23,0,1,2
23,4,27,28,23,23,0,2,1,4,0,1,1
23,4,27,28,23,23,0,2,2,4,0,1,1
23,4,27,28,23,23,0,2,3,4,0,1,1
23,4,27,28,23,23,0,2,4,4,0,1,1
23,4,27,28,23,23,0,2,5,5,0,2,2
23,4,27,28,23,23,0,2,6,4,0,1,1
23,4,27,28,23,23,0,2,7,7,0,2,2
23,4,27,28,23,23,0,2,8,4,0,1,1
23,4,27,28,23,23,0,2,9,4,0,1,1
23,4,27,28,23,23,0,2,10,10,0,2,2
23,4,27,28,23,23,0,2,11,4,0,1,1
23,4,27,28,23,23,0,2,12,4,0,1,1
23,4,27,28,23,23,0,2,13,9,1,2,2
23,4,27,28,23,23,0,2,14,4,0,1,1
23,4,27,28,23,23,0,2,15,7,1,2,2
23,4,27,28,23,23,0,2,16,6,1,2,2
23,4,27,28,23,23,0,2,17,4,0,1,1
23,4,27,28,23,23,0,2,18,4,1,2,2
23,4,27,28,23,23,0,2,19,19,0,2,2
23,4,27,28,23,23,0,2,20,20,0,2,2
23,4,27,28,23,23,0,2,21,4,0,1,1
23,5,28,29,23,5,0,2,1,3,1,2,0
23,5,28,29,23,5,0,2,2,23,0,1,2
23,5,28,29,23,5,0,2,3,23,0,1,1
23,5,28,29,23,23,0,2,1,5,0,1,2
23,5,28,29,23,23,0,2,2,5,0,1,2
23,5,28,29,23,23,0,2,3,5,0,1,2
23,5,28,29,23,23,0,2,4,4,0,2,2
23,5,28,29,23,23,0,2,5,5,0,1,2
23,5,28,29,23,23,0,2,6,5,0,1,2
23,5,28,29,23,23,0,2,7,5,0,1,2
23,5,28,29,23,23,0,2,8,5,0,1,2
23,5,28,29,23,23,0,2,9,5,0,1,2
23,5,28,29,23,23,0,2,10,5,0,1,2
23,5,28,29,23,23,0,2,11,5,0,1,2
23,5,28,29,23,23,0,2,12,5,0,1,2
23,5,28,29,23,23,0,2,13,5,0,1,2
23,5,28,29,23,23,0,2,14,5,0,1,2
23,5,28,29,23,23,0,2,15,5,0,1,2
23,5,28,29,23,23,0,2,16,5,0,1,2
23,5,28,29,23,23,0,2,17,5,0,1,2
23,5,28,29,23,23,0,2,18,4,1,2,2
23,5,28,29,23,23,0,2,19,3,1,2,1
23,5,28,29,23,23,0,2,20,5,0,1,2
23,5,28,29,23,23,0,2,21,5,0,1,2
23,6,29,30,23,6,0,2,1,4,1,2,1
23,6,29,30,23,6,0,2,2,23,0,1,1
23,6,29,30,23,6,0,2,3,3,0,2,1
23,6,29,30,23,6,0,2,4,4,0,2,1
23,6,29,30,23,23,0,2,1,6,0,1,1
23,6,29,30,23,23,0,2,2,6,0,1,1
23,6,29,30,23,23,0,2,3,6,0,1,1
23,6,29,30,23,23,0,2,4,4,0,2,2
23,6,29,30,23,23,0,2,5,5,0,2,2
23,6,29,30,23,23,0,2,6,6,0,1,2
23,6,29,30,23,23,0,2,7,6,0,1,1
23,6,29,30,23,23,0,2,8,6,0,1,2
23,6,29,30,23,23,0,2,9,6,0,1,2
23,6,29,30,23,23,0,2,10,6,0,1,2
23,6,29,30,23,23,0,2,11,6,0,1,2
23,6,29,30,23,23,0,2,12,6,0,1,2
23,6,29,30,23,23,0,2,13,6,0,1,2
23,6,29,30,23,23,0,2,14,6,0,1,2
23,6,29,30,23,23,0,2,15,6,0,1,2
23,6,29,30,23,23,0,2,16,6,0,1,2
23,6,29,30,23,23,0,2,17,5,1,2,2
23,6,29,30,23,23,0,2,18,4,1,2,2
23,6,29,30,23,23,0,2,19,6,0,1,2
23,6,29,30,23,23,0,2,20,6,0,1,2
23,6,29,30,23,23,0,2,21,6,0,1,2
23,7,30,31,23,7,0,2,1,5,1,2,1
23,7,30,31,23,7,0,2,2,4,1,2,1
23,7,30,31,23,7,0,2,3,3,1,2,1
23,7,30,31,23,7,0,2,4,4,0,2,2
23,7,30,31,23,7,0,2,5,5,0,2,2
23,7,30,31,23,23,0,2,1,7,0,1,1
23,7,30,31,23,23,0,2,2,7,0,1,2
23,7,30,31,23,23,0,2,3,7,0,1,1
23,7,30,31,23,23,0,2,4,4,0,2,2
23,7,30,31,23,23,0,2,5,5,0,2,2
23,7,30,31,23,23,0,2,6,6,0,2,2
23,7,30,31,23,23,0,2,7,7,0,1,1
23,7,30,31,23,23,0,2,8,7,0,1,2
23,7,30,31,23,23,0,2,9,7,0,1,1
23,7,30,31,23,23,0,2,10,7,0,1,2
23,7,30,31,23,23,0,2,11,7,0,1,2
23,7,30,31,23,23,0,2,12,7,0,1,2
23,7,30,31,23,23,0,2,13,7,0,1,2
23,7,30,31,23,23,0,2,14,7,0,1,2
23,7,30,31,23,23,0,2,15,7,0,1,1
23,7,30,31,23,23,0,2,16,6,1,2,2
23,7,30,31,23,23,0,2,17,5,1,2,2
23,7,30,31,23,23,0,2,18,4,1,2,2
23,7,30,31,23,23,0,2,19,7,0,1,2
23,7,30,31,23,23,0,2,20,7,0,1,2
23,7,30,31,23,23,0,2,21,7,0,1,1
23,8,31,32,23,8,0,2,1,6,1,2,1
23,8,31,32,23,8,0,2,2,5,1,2,2
23,8,31,32,23,8,0,2,3,4,1,2,1
23,8,31,32,23,8,0,2,4,3,1,2,1
23,8,31,32,23,8,0,2,5,5,0,2,2
23,8,31,32,23,8,0,2,6,6,0,2,2
23,8,31,32,23,23,0,2,1,8,0,1,1
23,8,31,32,23,23,0,2,2,8,0,1,2
23,8,31,32,23,23,0,2,3,8,0,1,2
23,8,31,32,23,23,0,2,4,4,0,2,1
23,8,31,32,23,23,0,2,5,5,0,2,2
23,8,31,32,23,23,0,2,6,6,0,2,2
23,8,31,32,23,23,0,2,7,7,0,2,1
23,8,31,32,23,23,0,2,8,8,0,1,2
23,8,31,32,23,23,0,2,9,8,0,1,2
23,8,31,32,23,23,0,2,10,8,0,1,2
23,8,31,32,23,23,0,2,11,8,0,1,2
23,8,31,32,23,23,0,2,12,8,0,1,2
23,8,31,32,23,23,0,2,13,8,0,1,2
23,8,31,32,23,23,0,2,14,8,0,1,2
23,8,31,32,23,23,0,2,15,7,1,2,1
23,8,31,32,23,23,0,2,16,6,1,2,1
23,8,31,32,23,23,0,2,17,5,1,2,1
23,8,31,32,23,23,0,2,18,4,1,2,1
23,8,31,32,23,23,0,2,19,3,1,2,1
23,8,31,32,23,23,0,2,20,8,0,1,2
23,8,31,32,23,23,0,2,21,8,0,1,2
23,9,32,33,23,9,0,2,1,7,1,2,0
23,9,32,33,23,9,0,2,2,6,1,2,2
23,9,32,33,23,9,0,2,3,5,1,2,1
23,9,32,33,23,9,0,2,4,4,0,2,2
23,9,32,33,23,9,0,2,5,5,0,2,2
23,9,32,33,23,9,0,2,6,6,0,2,2
23,9,32,33,23,9,0,2,7,7,0,2,2
23,9,32,33,23,23,0,2,1,9,0,1,1
23,9,32,33,23,23,0,2,2,9,0,1,3
23,9,32,33,23,23,0,2,3,9,0,1,1
23,9,32,33,23,23,0,2,4,4,0,2,2
23,9,32,33,23,23,0,2,5,5,0,2,2
23,9,32,33,23,23,0,2,6,6,0,2,2
23,9,32,33,23,23,0,2,7,7,0,2,2
23,9,32,33,23,23,0,2,8,8,0,2,2
23,9,32,33,23,23,0,2,9,9,0,1,2
23,9,32,33,23,23,0,2,10,9,0,1,2
23,9,32,33,23,23,0,2,11,9,0,1,2
23,9,32,33,23,23,0,2,12,9,0,1,2
23,9,32,33,23,23,0,2,13,9,0,1,2
23,9,32,33,23,23,0,2,14,8,1,2,2
23,9,32,33,23,23,0,2,15,7,1,2,2
23,9,32,33,23,23,0,2,16,6,1,2,2
23,9,32,33,23,23,0,2,17,5,1,2,2
23,9,32,33,23,23,0,2,18,4,1,2,2
23,9,32,33,23,23,0,2,19,9,0,1,2
23,9,32,33,23,23,0,2,20,9,0,1,2
23,9,32,33,23,23,0,2,21,9,0,1,3
23,10,33,34,23,10,0,2,1,8,1,2,1
23,10,33,34,23,10,0,2,2,7,1,2,2
23,10,33,34,23,10,0,2,3,3,0,2,1
23,10,33,34,23,10,0,2,4,4,0,2,2
23,10,33,34,23,10,0,2,5,4,1,2,1
23,10,33,34,23,10,0,2,6,3,1,2,1
23,10,33,34,23,10,0,2,7,7,0,2,2
23,10,33,34,23,10,0,2,8,8,0,2,1
23,10,33,34,23,23,0,2,1,10,0,1,1
23,10,33,34,23,23,0,2,2,10,0,1,1
23,10,33,34,23,23,0,2,3,3,0,2,1
23,10,33,34,23,23,0,2,4,4,0,2,2
23,10,33,34,23,23,0,2,5,5,0,2,1
23,10,33,34,23,23,0,2,6,6,0,2,1
23,10,33,34,23,23,0,2,7,7,0,2,2
23,10,33,34,23,23,0,2,8,8,0,2,1
23,10,33,34,23,23,0,2,9,9,0,2,2
23,10,33,34,23,23,0,2,10,10,0,1,2
23,10,33,34,23,23,0,2,11,10,0,1,2
23,10,33,34,23,23,0,2,12,10,0,1,1
23,10,33,34,23,23,0,2,13,9,1,2,2
23,10,33,34,23,23,0,2,14,8,1,2,1
23,10,33,34,23,23,0,2,15,7,1,2,1
23,10,33,34,23,23,0,2,16,6,1,2,2
23,10,33,34,23,23,0,2,17,5,1,2,1
23,10,33,34,23,23,0,2,18,4,1,2,1
23,10,33,34,23,23,0,2,19,3,1,2,1
23,10,33,34,23,23,0,2,20,10,0,1,2
23,10,33,34,23,23,0,2,21,10,0,1,2
23,11,34,35,23,11,0,2,1,9,1,2,0
23,11,34,35,23,11,0,2,2,8,1,2,1
23,11,34,35,23,11,0,2,3,7,1,2,1
23,11,34,35,23,11,0,2,4,4,0,2,2
23,11,34,35,23,11,0,2,5,5,0,2,2
23,11,34,35,23,11,0,2,6,4,1,2,1
23,11,34,35,23,11,0,2,7,3,1,2,1
23,11,34,35,23,11,0,2,8,8,0,2,2
23,11,34,35,23,11,0,2,9,9,0,2,2
23,11,34,35,23,23,0,2,1,11,0,1,1
23,11,34,35,23,23,0,2,2,11,0,1,2
23,11,34,35,23,23,0,2,3,11,0,1,2
23,11,34,35,23,23,0,2,4,4,0,2,2
23,11,34,35,23,23,0,2,5,5,0,2,2
23,11,34,35,23,23,0,2,6,6,0,2,2
23,11,34,35,23,23,0,2,7,7,0,2,2
23,11,34,35,23,23,0,2,8,8,0,2,2
23,11,34,35,23,23,0,2,9,9,0,2,2
23,11,34,35,23,23,0,2,10,10,0,2,2
23,11,34,35,23,23,0,2,11,11,0,1,2
23,11,34,35,23,23,0,2,12,10,1,2,2
23,11,34,35,23,23,0,2,13,9,1,2,2
23,11,34,35,23,23,0,2,14,8,1,2,2
23,11,34,35,23,23,0,2,15,7,1,2,2
23,11,34,35,23,23,0,2,16,6,1,2,2
23,11,34,35,23,23,0,2,17,5,1,2,1
23,11,34,35,23,23,0,2,18,4,1,2,2
23,11,34,35,23,23,0,2,19,3,1,2,1
23,11,34,35,23,23,0,2,20,11,0,1,2
23,11,34,35,23,23,0,2,21,11,0,1,2
23,12,35,36,23,12,0,2,1,10,1,2,1
23,12,35,36,23,12,0,2,2,9,1,2,2
23,12,35,36,23,12,0,2,3,3,0,2,1
23,12,35,36,23,12,0,2,4,4,0,2,1
23,12,35,36,23,12,0,2,5,5,0,2,2
23,12,35,36,23,12,0,2,6,5,1,2,1
23,12,35,36,23,12,0,2,7,4,1,2,1
23,12,35,36,23,12,0,2,8,8,0,2,2
23,12,35,36,23,12,0,2,9,9,0,2,1
23,12,35,36,23,12,0,2,10,10,0,2,1
23,12,35,36,23,23,0,2,1,12,0,1,1
23,12,35,36,23,23,0,2,2,12,0,1,1
23,12,35,36,23,23,0,2,3,12,0,1,1
23,12,35,36,23,23,0,2,4,4,0,2,2
23,12,35,36,23,23,0,2,5,5,0,2,2
23,12,35,36,23,23,0,2,6,6,0,2,2
23,12,35,36,23,23,0,2,7,7,0,2,2
23,12,35,36,23,23,0,2,8,8,0,2,2
23,12,35,36,23,23,0,2,9,9,0,2,2
23,12,35,36,23,23,0,2,10,10,0,2,1
23,12,35,36,23,23,0,2,11,11,0,2,2
23,12,35,36,23,23,0,2,12,10,1,2,1
23,12,35,36,23,23,0,2,13,9,1,2,1
23,12,35,36,23,23,0,2,14,8,1,2,1
23,12,35,36,23,23,0,2,15,7,1,2,1
23,12,35,36,23,23,0,2,16,6,1,2,1
23,12,35,36,23,23,0,2,17,5,1,2,1
23,12,35,36,23,23,0,2,18,4,1,2,1
23,12,35,36,23,23,0,2,19,3,1,2,1
23,12,35,36,23,23,0,2,20,12,0,1,2
23,12,35,36,23,23,0,2,21,12,0,1,2
23,13,36,37,23,13,0,2,1,11,1,2,1
23,13,36,37,23,13,0,2,2,10,1,2,1
23,13,36,37,23,13,0,2,3,9,1,2,1
23,13,36,37,23,13,0,2,4,4,0,2,2
23,13,36,37,23,13,0,2,5,5,0,2,2
23,13,36,37,23,13,0,2,6,6,0,2,2
23,13,36,37,23,13,0,2,7,5,1,2,2
23,13,36,37,23,13,0,2,8,4,1,2,2
23,13,36,37,23,13,0,2,9,9,0,2,2
23,13,36,37,23,13,0,2,10,10,0,2,2
23,13,36,37,23,13,0,2,11,11,0,2,2
23,13,36,37,23,23,0,2,1,13,0,1,1
23,13,36,37,23,23,0,2,2,13,0,1,2
23,13,36,37,23,23,0,2,3,13,0,1,1
23,13,36,37,23,23,0,2,4,4,0,2,2
23,13,36,37,23,23,0,2,5,5,0,2,2
23,13,36,37,23,23,0,2,6,6,0,2,2
23,13,36,37,23,23,0,2,7,7,0,2,2
23,13,36,37,23,23,0,2,8,8,0,2,2
23,13,36,37,23,23,0,2,9,9,0,2,2
23,13,36,37,23,23,0,2,10,10,0,2,2
23,13,36,37,23,23,0,2,11,11,0,2,2
23,13,36,37,23,23,0,2,12,10,1,2,2
23,13,36,37,23,23,0,2,13,9,1,2,2
23,13,36,37,23,23,0,2,14,8,1,2,2
23,13,36,37,23,23,0,2,15,7,1,2,2
23,13,36,37,23,23,0,2,16,6,1,2,1
23,13,36,37,23,23,0,2,17,5,1,2,2
23,13,36,37,23,23,0,2,18,4,1,2,2
23,13,36,37,23,23,0,2,19,13,0,1,2
23,13,36,37,23,23,0,2,20,13,0,1,2
23,13,36,37,23,23,0,2,21,13,0,1,2
23,14,37,38,23,14,0,2,1,12,1,2,1
23,14,37,38,23,14,0,2,2,11,1,2,2
23,14,37,38,23,14,0,2,3,10,1,2,1
23,14,37,38,23,14,0,2,4,4,0,2,2
23,14,37,38,23,14,0,2,5,5,0,2,2
23,14,37,38,23,14,0,2,6,6,0,2,2
23,14,37,38,23,14,0,2,7,6,1,2,1
23,14,37,38,23,14,0,2,8,5,1,2,1
23,14,37,38,23,14,0,2,9,4,1,2,1
23,14,37,38,23,14,0,2,10,3,1,2,1
23,14,37,38,23,14,0,2,11,11,0,2,2
23,14,37,38,23,14,0,2,12,12,0,2,2
23,14,37,38,23,23,0,2,1,14,0,1,1
23,14,37,38,23,23,0,2,2,14,0,1,1
23,14,37,38,23,23,0,2,3,14,0,1,1
23,14,37,38,23,23,0,2,4,4,0,2,2
23,14,37,38,23,23,0,2,5,5,0,2,2
23,14,37,38,23,23,0,2,6,6,0,2,2
23,14,37,38,23,23,0,2,7,7,0,2,2
23,14,37,38,23,23,0,2,8,8,0,2,2
23,14,37,38,23,23,0,2,9,9,0,2,2
23,14,37,38,23,23,0,2,10,10,0,2,2
23,14,37,38,23,23,0,2,11,11,0,2,2
23,14,37,38,23,23,0,2,12,10,1,2,1
23,14,37,38,23,23,0,2,13,9,1,2,1
23,14,37,38,23,23,0,2,14,8,1,2,1
23,14,37,38,23,23,0,2,15,7,1,2,1
23,14,37,38,23,23,0,2,16,6,1,2,1
23,14,37,38,23,23,0,2,17,5,1,2,1
23,14,37,38,23,23,0,2,18,4,1,2,1
23,14,37,38,23,23,0,2,19,3,1,2,1
23,14,37,38,23,23,0,2,20,14,0,1,2
23,14,37,38,23,23,0,2,21,14,0,1,2
23,15,38,39,23,15,0,2,1,13,1,2,0
23,15,38,39,23,15,0,2,2,12,1,2,2
23,15,38,39,23,15,0,2,3,11,1,2,1
23,15,38,39,23,15,0,2,4,4,0,2,2
23,15,38,39,23,15,0,2,5,5,0,2,2
23,15,38,39,23,15,0,2,6,6,0,2,2
23,15,38,39,23,15,0,2,7,7,0,2,2
23,15,38,39,23,15,0,2,8,6,1,2,2
23,15,38,39,23,15,0,2,9,5,1,2,2
23,15,38,39,23,15,0,2,10,4,1,2,2
23,15,38,39,23,15,0,2,11,11,0,2,2
23,15,38,39,23,15,0,2,12,12,0,2,2
23,15,38,39,23,15,0,2,13,13,0,2,2
23,15,38,39,23,23,0,2,1,15,0,1,1
23,15,38,39,23,23,0,2,2,15,0,1,2
23,15,38,39,23,23,0,2,3,15,0,1,1
23,15,38,39,23,23,0,2,4,4,0,2,2
23,15,38,39,23,23,0,2,5,5,0,2,2
23,15,38,39,23,23,0,2,6,6,0,2,2
23,15,38,39,23,23,0,2,7,7,0,2,2
23,15,38,39,23,23,0,2,8,8,0,2,2
23,15,38,39,23,23,0,2,9,9,0,2,2
23,15,38,39,23,23,0,2,10,10,0,2,2
23,15,38,39,23,23,0,2,11,11,0,2,2
23,15,38,39,23,23,0,2,12,10,1,2,2
23,15,38,39,23,23,0,2,13,9,1,2,2
23,15,38,39,23,23,0,2,14,8,1,2,2
23,15,38,39,23,23,0,2,15,7,1,2,3
23,15,38,39,23,23,0,2,16,6,1,2,2
23,15,38,39,23,23,0,2,17,5,1,2,2
23,15,38,39,23,23,0,2,18,15,0,1,2
23,15,38,39,23,23,0,2,19,15,0,1,2
23,15,38,39,23,23,0,2,20,15,0,1,2
23,15,38,39,23,23,0,2,21,15,0,1,2
23,16,39,40,23,16,0,2,1,14,1,2,1
23,16,39,40,23,16,0,2,2,13,1,2,2
23,16,39,40,23,16,0,2,3,3,0,2,1
23,16,39,40,23,16,0,2,4,4,0,2,2
23,16,39,40,23,16,0,2,5,5,0,2,1
23,16,39,40,23,16,0,2,6,6,0,2,1
23,16,39,40,23,16,0,2,7,7,0,2,2
23,16,39,40,23,16,0,2,8,7,1,2,1
23,16,39,40,23,16,0,2,9,6,1,2,1
23,16,39,40,23,16,0,2,10,5,1,2,1
23,16,39,40,23,16,0,2,11,4,1,2,1
23,16,39,40,23,16,0,2,12,3,1,2,1
23,16,39,40,23,16,0,2,13,13,0,2,2
23,16,39,40,23,16,0,2,14,14,0,2,1
23,16,39,40,23,23,0,2,1,16,0,1,1
23,16,39,40,23,23,0,2,2,16,0,1,1
23,16,39,40,23,23,0,2,3,16,0,1,1
23,16,39,40,23,23,0,2,4,4,0,2,2
23,16,39,40,23,23,0,2,5,5,0,2,2
23,16,39,40,23,23,0,2,6,6,0,2,2
23,16,39,40,23,23,0,2,7,7,0,2,2
23,16,39,40,23,23,0,2,8,8,0,2,2
23,16,39,40,23,23,0,2,9,9,0,2,2
23,16,39,40,23,23,0,2,10,10,0,2,2
23,16,39,40,23,23,0,2,11,11,0,2,2
23,16,39,40,23,23,0,2,12,10,1,2,1
23,16,39,40,23,23,0,2,13,9,1,2,2
23,16,39,40,23,23,0,2,14,8,1,2,1
23,16,39,40,23,23,0,2,15,7,1,2,1
23,16,39,40,23,23,0,2,16,6,1,2,2
23,16,39,40,23,23,0,2,17,5,1,2,1
23,16,39,40,23,23,0,2,18,4,1,2,1
23,16,39,40,23,23,0,2,19,16,0,1,2
23,16,39,40,23,23,0,2,20,16,0,1,1
23,16,39,40,23,23,0,2,21,16,0,1,2
23,17,40,41,23,17,0,2,1,15,1,2,1
23,17,40,41,23,17,0,2,2,14,1,2,1
23,17,40,41,23,17,0,2,3,13,1,2,1
23,17,40,41,23,17,0,2,4,4,0,2,2
23,17,40,41,23,17,0,2,5,5,0,2,2
23,17,40,41,23,17,0,2,6,6,0,2,2
23,17,40,41,23,17,0,2,7,7,0,2,2
23,17,40,41,23,17,0,2,8,8,0,2,2
23,17,40,41,23,17,0,2,9,7,1,2,1
23,17,40,41,23,17,0,2,10,6,1,2,2
23,17,40,41,23,17,0,2,11,5,1,2,2
23,17,40,41,23,17,0,2,12,4,1,2,2
23,17,40,41,23,17,0,2,13,13,0,2,2
23,17,40,41,23,17,0,2,14,14,0,2,2
23,17,40,41,23,17,0,2,15,15,0,2,2
23,17,40,41,23,23,0,2,1,17,0,1,1
23,17,40,41,23,23,0,2,2,17,0,1,2
23,17,40,41,23,23,0,2,3,17,0,1,2
23,17,40,41,23,23,0,2,4,4,0,2,2
23,17,40,41,23,23,0,2,5,5,0,2,2
23,17,40,41,23,23,0,2,6,6,0,2,2
23,17,40,41,23,23,0,2,7,7,0,2,2
23,17,40,41,23,23,0,2,8,8,0,2,2
23,17,40,41,23,23,0,2,9,9,0,2,2
23,17,40,41,23,23,0,2,10,10,0,2,2
23,17,40,41,23,23,0,2,11,11,0,2,2
23,17,40,41,23,23,0,2,12,10,1,2,2
23,17,40,41,23,23,0,2,13,9,1,2,2
23,17,40,41,23,23,0,2,14,8,1,2,2
23,17,40,41,23,23,0,2,15,7,1,2,2
23,17,40,41,23,23,0,2,16,6,1,2,2
23,17,40,41,23,23,0,2,17,5,1,2,2
23,17,40,41,23,23,0,2,18,4,1,2,2
23,17,40,41,23,23,0,2,19,17,0,1,2
23,17,40,41,23,23,0,2,20,17,0,1,2
23,17,40,41,23,23,0,2,21,17,0,1,2
23,18,41,42,23,18,0,2,1,16,1,2,1
23,18,41,42,23,18,0,2,2,15,1,2,2
23,18,41,42,23,18,0,2,3,14,1,2,1
23,18,41,42,23,18,0,2,4,4,0,2,2
23,18,41,42,23,18,0,2,5,5,0,2,2
23,18,41,42,23,18,0,2,6,6,0,2,2
23,18,41,42,23,18,0,2,7,7,0,2,1
23,18,41,42,23,18,0,2,8,8,0,2,2
23,18,41,42,23,18,0,2,9,8,1,2,1
23,18,41,42,23,18,0,2,10,7,1,2,1
23,18,41,42,23,18,0,2,11,6,1,2,1
23,18,41,42,23,18,0,2,12,5,1,2,1
23,18,41,42,23,18,0,2,13,4,1,2,1
23,18,41,42,23,18,0,2,14,3,1,2,1
23,18,41,42,23,18,0,2,15,15,0,2,2
23,18,41,42,23,18,0,2,16,16,0,2,2
23,18,41,42,23,23,0,2,1,18,0,1,1
23,18,41,42,23,23,0,2,2,18,0,1,1
23,18,41,42,23,23,0,2,3,18,0,1,2
23,18,41,42,23,23,0,2,4,4,0,2,1
23,18,41,42,23,23,0,2,5,5,0,2,2
23,18,41,42,23,23,0,2,6,6,0,2,2
23,18,41,42,23,23,0,2,7,7,0,2,1
23,18,41,42,23,23,0,2,8,8,0,2,2
23,18,41,42,23,23,0,2,9,9,0,2,2
23,18,41,42,23,23,0,2,10,10,0,2,1
23,18,41,42,23,23,0,2,11,11,0,2,2
23,18,41,42,23,23,0,2,12,10,1,2,1
23,18,41,42,23,23,0,2,13,9,1,2,1
23,18,41,42,23,23,0,2,14,8,1,2,1
23,18,41,42,23,23,0,2,15,7,1,2,1
23,18,41,42,23,23,0,2,16,6,1,2,1
23,18,41,42,23,23,0,2,17,5,1,2,1
23,18,41,42,23,23,0,2,18,4,1,2,1
23,18,41,42,23,23,0,2,19,3,1,2,1
23,18,41,42,23,23,0,2,20,18,0,1,2
23,18,41,42,23,23,0,2,21,18,0,1,2
23,19,42,43,23,19,0,2,1,17,1,2,1
23,19,42,43,23,19,0,2,2,16,1,2,2
23,19,42,43,23,19,0,2,3,15,1,2,1
23,19,42,43,23,19,0,2,4,4,0,2,2
23,19,42,43,23,19,0,2,5,5,0,2,2
23,19,42,43,23,19,0,2,6,6,0,2,2
23,19,42,43,23,19,0,2,7,7,0,2,2
23,19,42,43,23,19,0,2,8,8,0,2,2
23,19,42,43,23,19,0,2,9,9,0,2,2
23,19,42,43,23,19,0,2,10,8,1,2,2
23,19,42,43,23,19,0,2,11,7,1,2,2
23,19,42,43,23,19,0,2,12,6,1,2,2
23,19,42,43,23,19,0,2,13,5,1,2,2
23,19,42,43,23,19,0,2,14,4,1,2,2
23,19,42,43,23,19,0,2,15,15,0,2,2
23,19,42,43,23,19,0,2,16,16,0,2,2
23,19,42,43,23,19,0,2,17,17,0,2,2
23,19,42,43,23,23,0,2,1,19,0,1,1
23,19,42,43,23,23,0,2,2,19,0,1,2
23,19,42,43,23,23,0,2,3,3,0,2,1
23,19,42,43,23,23,0,2,4,4,0,2,2
23,19,42,43,23,23,0,2,5,5,0,2,2
23,19,42,43,23,23,0,2,6,6,0,2,2
23,19,42,43,23,23,0,2,7,7,0,2,2
23,19,42,43,23,23,0,2,8,8,0,2,2
23,19,42,43,23,23,0,2,9,9,0,2,2
23,19,42,43,23,23,0,2,10,10,0,2,2
23,19,42,43,23,23,0,2,11,11,0,2,2
23,19,42,43,23,23,0,2,12,10,1,2,2
23,19,42,43,23,23,0,2,13,9,1,2,2
23,19,42,43,23,23,0,2,14,8,1,2,2
23,19,42,43,23,23,0,2,15,7,1,2,2
23,19,42,43,23,23,0,2,16,6,1,2,1
23,19,42,43,23,23,0,2,17,5,1,2,2
23,19,42,43,23,23,0,2,18,4,1,2,2
23,19,42,43,23,23,0,2,19,3,1,2,1
23,19,42,43,23,23,0,2,20,19,0,1,2
23,19,42,43,23,23,0,2,21,19,0,1,2
23,20,43,44,23,20,0,2,1,18,1,2,0
23,20,43,44,23,20,0,2,2,17,1,2,2
23,20,43,44,23,20,0,2,3,16,1,2,1
23,20,43,44,23,20,0,2,4,4,0,2,2
23,20,43,44,23,20,0,2,5,5,0,2,2
23,20,43,44,23,20,0,2,6,6,0,2,2
23,20,43,44,23,20,0,2,7,7,0,2,2
23,20,43,44,23,20,0,2,8,8,0,2,2
23,20,43,44,23,20,0,2,9,9,0,2,2
23,20,43,44,23,20,0,2,10,9,1,2,1
23,20,43,44,23,20,0,2,11,8,1,2,1
23,20,43,44,23,20,0,2,12,7,1,2,1
23,20,43,44,23,20,0,2,13,6,1,2,1
23,20,43,44,23,20,0,2,14,5,1,2,1
23,20,43,44,23,20,0,2,15,4,1,2,1
23,20,43,44,23,20,0,2,16,3,1,2,1
23,20,43,44,23,20,0,2,17,17,0,2,2
23,20,43,44,23,20,0,2,18,18,0,2,2
23,20,43,44,23,23,0,2,1,20,0,1,1
23,20,43,44,23,23,0,2,2,20,0,1,2
23,20,43,44,23,23,0,2,3,3,0,2,1
23,20,43,44,23,23,0,2,4,4,0,2,2
23,20,43,44,23,23,0,2,5,5,0,2,2
23,20,43,44,23,23,0,2,6,6,0,2,2
23,20,43,44,23,23,0,2,7,7,0,2,2
23,20,43,44,23,23,0,2,8,8,0,2,2
23,20,43,44,23,23,0,2,9,9,0,2,2
23,20,43,44,23,23,0,2,10,10,0,2,2
23,20,43,44,23,23,0,2,11,11,0,2,2
23,20,43,44,23,23,0,2,12,10,1,2,1
23,20,43,44,23,23,0,2,13,9,1,2,1
23,20,43,44,23,23,0,2,14,8,1,2,1
23,20,43,44,23,23,0,2,15,7,1,2,1
23,20,43,44,23,23,0,2,16,6,1,2,1
23,20,43,44,23,23,0,2,17,5,1,2,1
23,20,43,44,23,23,0,2,18,4,1,2,1
23,20,43,44,23,23,0,2,19,3,1,2,1
23,20,43,44,23,23,0,2,20,2,1,2,0
23,20,43,44,23,23,0,2,21,20,0,1,2
24,2,26,27,24,24,0,2,1,22,1,2,1
24,2,26,27,24,24,0,2,2,21,1,2,2
24,2,26,27,24,24,0,2,3,3,0,2,1
24,2,26,27,24,24,0,2,4,4,0,2,1
24,2,26,27,24,24,0,2,5,5,0,2,1
24,2,26,27,24,24,0,2,6,6,0,2,1
24,2,26,27,24,24,0,2,7,7,0,2,1
24,2,26,27,24,24,0,2,8,8,0,2,1
24,2,26,27,24,24,0,2,9,9,0,2,1
24,2,26,27,24,24,0,2,10,10,0,2,1
24,2,26,27,24,24,0,2,11,11,0,2,2
24,2,26,27,24,24,0,2,12,11,1,2,2
24,2,26,27,24,24,0,2,13,10,1,2,1
24,2,26,27,24,24,0,2,14,9,1,2,1
24,2,26,27,24,24,0,2,15,8,1,2,2
24,2,26,27,24,24,0,2,16,7,1,2,2
24,2,26,27,24,24,0,2,17,6,1,2,2
24,2,26,27,24,24,0,2,18,5,1,2,2
24,2,26,27,24,24,0,2,19,4,1,2,2
24,2,26,27,24,24,0,2,20,3,1,2,1
24,2,26,27,24,24,0,2,21,21,0,2,1
24,2,26,27,24,24,0,2,22,22,0,2,1
24,3,27,28,24,3,0,2,1,24,0,1,1
24,3,27,28,24,24,0,2,1,3,0,1,1
24,3,27,28,24,24,0,2,2,21,1,2,2
24,3,27,28,24,24,0,2,3,20,1,2,1
24,3,27,28,24,24,0,2,4,4,0,2,2
24,3,27,28,24,24,0,2,5,5,0,2,2
24,3,27,28,24,24,0,2,6,6,0,2,2
24,3,27,28,24,24,0,2,7,7,0,2,2
24,3,27,28,24,24,0,2,8,8,0,2,2
24,3,27,28,24,24,0,2,9,9,0,2,2
24,3,27,28,24,24,0,2,10,10,0,2,2
24,3,27,28,24,24,0,2,11,11,0,2,2
24,3,27,28,24,24,0,2,12,11,1,2,2
24,3,27,28,24,24,0,2,13,10,1,2,2
24,3,27,28,24,24,0,2,14,9,1,2,1
24,3,27,28,24,24,0,2,15,8,1,2,2
24,3,27,28,24,24,0,2,16,7,1,2,2
24,3,27,28,24,24,0,2,17,6,1,2,2
24,3,27,28,24,24,0,2,18,5,1,2,2
24,3,27,28,24,24,0,2,19,4,1,2,2
24,3,27,28,24,24,0,2,20,20,0,2,2
24,3,27,28,24,24,0,2,21,21,0,2,2
24,3,27,28,24,24,0,2,22,22,0,2,2
24,4,28,29,24,4,0,2,1,24,0,1,1
24,4,28,29,24,4,0,2,2,24,0,1,3
24,4,28,29,24,24,0,2,1,4,0,1,1
24,4,28,29,24,24,0,2,2,21,1,2,2
24,4,28,29,24,24,0,2,3,4,0,1,1
24,4,28,29,24,24,0,2,4,4,0,1,1
24,4,28,29,24,24,0,2,5,5,0,2,2
24,4,28,29,24,24,0,2,6,4,0,1,1
24,4,28,29,24,24,0,2,7,4,0,1,1
24,4,28,29,24,24,0,2,8,8,0,2,2
24,4,28,29,24,24,0,2,9,4,0,1,1
24,4,28,29,24,24,0,2,10,10,0,2,2
24,4,28,29,24,24,0,2,11,11,0,2,2
24,4,28,29,24,24,0,2,12,4,0,1,1
24,4,28,29,24,24,0,2,13,10,1,2,2
24,4,28,29,24,24,0,2,14,4,0,1,1
24,4,28,29,24,24,0,2,15,8,1,2,2
24,4,28,29,24,24,0,2,16,4,0,1,1
24,4,28,29,24,24,0,2,17,4,0,1,1
24,4,28,29,24,24,0,2,18,5,1,2,2
24,4,28,29,24,24,0,2,19,4,0,1,1
24,4,28,29,24,24,0,2,20,20,0,2,2
24,4,28,29,24,24,0,2,21,21,0,2,2
24,4,28,29,24,24,0,2,22,4,0,1,1
24,5,29,30,24,5,0,2,1,3,1,2,1
24,5,29,30,24,5,0,2,2,24,0,1,1
24,5,29,30,24,5,0,2,3,24,0,1,1
24,5,29,30,24,24,0,2,1,5,0,1,1
24,5,29,30,24,24,0,2,2,5,0,1,2
24,5,29,30,24,24,0,2,3,3,0,2,1
24,5,29,30,24,24,0,2,4,4,0,2,1
24,5,29,30,24,24,0,2,5,5,0,1,2
24,5,29,30,24,24,0,2,6,5,0,1,2
24,5,29,30,24,24,0,2,7,5,0,1,2
24,5,29,30,24,24,0,2,8,5,0,1,2
24,5,29,30,24,24,0,2,9,5,0,1,2
24,5,29,30,24,24,0,2,10,5,0,1,2
24,5,29,30,24,24,0,2,11,5,0,1,2
24,5,29,30,24,24,0,2,12,5,0,1,2
24,5,29,30,24,24,0,2,13,5,0,1,2
24,5,29,30,24,24,0,2,14,5,0,1,2
24,5,29,30,24,24,0,2,15,5,0,1,2
24,5,29,30,24,24,0,2,16,5,0,1,2
24,5,29,30,24,24,0,2,17,5,0,1,2
24,5,29,30,24,24,0,2,18,5,0,1,2
24,5,29,30,24,24,0,2,19,4,1,2,1
24,5,29,30,24,24,0,2,20,3,1,2,1
24,5,29,30,24,24,0,2,21,5,0,1,2
24,5,29,30,24,24,0,2,22,5,0,1,2
24,6,30,31,24,6,0,2,1,4,1,2,1
24,6,30,31,24,6,0,2,2,24,0,1,2
24,6,30,31,24,6,0,2,3,24,0,1,1
24,6,30,31,24,6,0,2,4,4,0,2,2
24,6,30,31,24,24,0,2,1,6,0,1,2
24,6,30,31,24,24,0,2,2,6,0,1,3
24,6,30,31,24,24,0,2,3,6,0,1,2
24,6,30,31,24,24,0,2,4,4,0,2,2
24,6,30,31,24,24,0,2,5,5,0,2,2
24,6,30,31,24,24,0,2,6,6,0,1,2
24,6,30,31,24,24,0,2,7,6,0,1,2
24,6,30,31,24,24,0,2,8,6,0,1,3
24,6,30,31,24,24,0,2,9,6,0,1,2
24,6,30,31,24,24,0,2,10,6,0,1,3
24,6,30,31,24,24,0,2,11,6,0,1,2
24,6,30,31,24,24,0,2,12,6,0,1,3
24,6,30,31,24,24,0,2,13,6,0,1,3
24,6,30,31,24,24,0,2,14,6,0,1,2
24,6,30,31,24,24,0,2,15,6,0,1,2
24,6,30,31,24,24,0,2,16,6,0,1,3
24,6,30,31,24,24,0,2,17,6,0,1,3
24,6,30,31,24,24,0,2,18,5,1,2,2
24,6,30,31,24,24,0,2,19,4,1,2,2
24,6,30,31,24,24,0,2,20,6,0,1,2
24,6,30,31,24,24,0,2,21,6,0,1,3
24,6,30,31,24,24,0,2,22,6,0,1,3
24,7,31,32,24,7,0,2,1,5,1,2,1
24,7,31,32,24,7,0,2,2,4,1,2,2
24,7,31,32,24,7,0,2,3,3,1,2,1
24,7,31,32,24,7,0,2,4,4,0,2,2
24,7,31,32,24,7,0,2,5,5,0,2,2
24,7,31,32,24,24,0,2,1,7,0,1,1
24,7,31,32,24,24,0,2,2,7,0,1,1
24,7,31,32,24,24,0,2,3,7,0,1,1
24,7,31,32,24,24,0,2,4,4,0,2,2
24,7,31,32,24,24,0,2,5,5,0,2,2
24,7,31,32,24,24,0,2,6,6,0,2,2
24,7,31,32,24,24,0,2,7,7,0,1,2
24,7,31,32,24,24,0,2,8,7,0,1,2
24,7,31,32,24,24,0,2,9,7,0,1,2
24,7,31,32,24,24,0,2,10,7,0,1,2
24,7,31,32,24,24,0,2,11,7,0,1,1
24,7,31,32,24,24,0,2,12,7,0,1,2
24,7,31,32,24,24,0,2,13,7,0,1,2
24,7,31,32,24,24,0,2,14,7,0,1,1
24,7,31,32,24,24,0,2,15,7,0,1,2
24,7,31,32,24,24,0,2,16,7,0,1,2
24,7,31,32,24,24,0,2,17,6,1,2,1
24,7,31,32,24,24,0,2,18,5,1,2,2
24,7,31,32,24,24,0,2,19,4,1,2,1
24,7,31,32,24,24,0,2,20,3,1,2,1
24,7,31,32,24,24,0,2,21,7,0,1,2
24,7,31,32,24,24,0,2,22,7,0,1,1
24,8,32,33,24,8,0,2,1,6,1,2,1
24,8,32,33,24,8,0,2,2,5,1,2,2
24,8,32,33,24,8,0,2,3,4,1,2,1
24,8,32,33,24,8,0,2,4,3,1,2,1
24,8,32,33,24,8,0,2,5,5,0,2,2
24,8,32,33,24,8,0,2,6,6,0,2,2
24,8,32,33,24,24,0,2,1,8,0,1,1
24,8,32,33,24,24,0,2,2,8,0,1,2
24,8,32,33,24,24,0,2,3,8,0,1,1
24,8,32,33,24,24,0,2,4,4,0,2,2
24,8,32,33,24,24,0,2,5,5,0,2,2
24,8,32,33,24,24,0,2,6,6,0,2,2
24,8,32,33,24,24,0,2,7,7,0,2,2
24,8,32,33,24,24,0,2,8,8,0,1,2
24,8,32,33,24,24,0,2,9,8,0,1,2
24,8,32,33,24,24,0,2,10,8,0,1,2
24,8,32,33,24,24,0,2,11,8,0,1,2
24,8,32,33,24,24,0,2,12,8,0,1,2
24,8,32,33,24,24,0,2,13,8,0,1,2
24,8,32,33,24,24,0,2,14,8,0,1,2
24,8,32,33,24,24,0,2,15,8,0,1,2
24,8,32,33,24,24,0,2,16,7,1,2,2
24,8,32,33,24,24,0,2,17,6,1,2,2
24,8,32,33,24,24,0,2,18,5,1,2,2
24,8,32,33,24,24,0,2,19,4,1,2,2
24,8,32,33,24,24,0,2,20,8,0,1,2
24,8,32,33,24,24,0,2,21,8,0,1,2
24,8,32,33,24,24,0,2,22,8,0,1,2
24,9,33,34,24,9,0,2,1,7,1,2,1
24,9,33,34,24,9,0,2,2,6,1,2,2
24,9,33,34,24,9,0,2,3,5,1,2,1
24,9,33,34,24,9,0,2,4,4,0,2,2
24,9,33,34,24,9,0,2,5,5,0,2,2
24,9,33,34,24,9,0,2,6,6,0,2,2
24,9,33,34,24,9,0,2,7,7,0,2,2
24,9,33,34,24,24,0,2,1,9,0,1,1
24,9,33,34,24,24,0,2,2,9,0,1,1
24,9,33,34,24,24,0,2,3,3,0,2,1
24,9,33,34,24,24,0,2,4,4,0,2,2
24,9,33,34,24,24,0,2,5,5,0,2,2
24,9,33,34,24,24,0,2,6,6,0,2,1
24,9,33,34,24,24,0,2,7,7,0,2,2
24,9,33,34,24,24,0,2,8,8,0,2,2
24,9,33,34,24,24,0,2,9,9,0,1,2
24,9,33,34,24,24,0,2,10,9,0,1,2
24,9,33,34,24,24,0,2,11,9,0,1,2
24,9,33,34,24,24,0,2,12,9,0,1,2
24,9,33,34,24,24,0,2,13,9,0,1,2
24,9,33,34,24,24,0,2,14,9,0,1,2
24,9,33,34,24,24,0,2,15,8,1,2,1
24,9,33,34,24,24,0,2,16,7,1,2,2
24,9,33,34,24,24,0,2,17,6,1,2,1
24,9,33,34,24,24,0,2,18,5,1,2,1
24,9,33,34,24,24,0,2,19,4,1,2,1
24,9,33,34,24,24,0,2,20,3,1,2,1
24,9,33,34,24,24,0,2,21,9,0,1,2
24,9,33,34,24,24,0,2,22,9,0,1,2
24,10,34,35,24,10,0,2,1,8,1,2,1
24,10,34,35,24,10,0,2,2,7,1,2,2
24,10,34,35,24,10,0,2,3,6,1,2,1
24,10,34,35,24,10,0,2,4,4,0,2,2
24,10,34,35,24,10,0,2,5,4,1,2,2
24,10,34,35,24,10,0,2,6,3,1,2,1
24,10,34,35,24,10,0,2,7,7,0,2,2
24,10,34,35,24,10,0,2,8,8,0,2,2
24,10,34,35,24,24,0,2,1,10,0,1,1
24,10,34,35,24,24,0,2,2,10,0,1,2
24,10,34,35,24,24,0,2,3,10,0,1,1
24,10,34,35,24,24,0,2,4,4,0,2,2
24,10,34,35,24,24,0,2,5,5,0,2,2
24,10,34,35,24,24,0,2,6,6,0,2,2
24,10,34,35,24,24,0,2,7,7,0,2,2
24,10,34,35,24,24,0,2,8,8,0,2,2
24,10,34,35,24,24,0,2,9,9,0,2,2
24,10,34,35,24,24,0,2,10,10,0,1,2
24,10,34,35,24,24,0,2,11,10,0,1,2
24,10,34,35,24,24,0,2,12,10,0,1,2
24,10,34,35,24,24,0,2,13,10,0,1,2
24,10,34,35,24,24,0,2,14,9,1,2,2
24,10,34,35,24,24,0,2,15,8,1,2,2
24,10,34,35,24,24,0,2,16,7,1,2,2
24,10,34,35,24,24,0,2,17,6,1,2,2
24,10,34,35,24,24,0,2,18,5,1,2,2
24,10,34,35,24,24,0,2,19,4,1,2,2
24,10,34,35,24,24,0,2,20,10,0,1,2
24,10,34,35,24,24,0,2,21,10,0,1,2
24,10,34,35,24,24,0,2,22,10,0,1,2
24,11,35,36,24,11,0,2,1,9,1,2,1
24,11,35,36,24,11,0,2,2,8,1,2,2
24,11,35,36,24,11,0,2,3,7,1,2,1
24,11,35,36,24,11,0,2,4,4,0,2,2
24,11,35,36,24,11,0,2,5,5,0,2,2
24,11,35,36,24,11,0,2,6,4,1,2,1
24,11,35,36,24,11,0,2,7,3,1,2,1
24,11,35,36,24,11,0,2,8,8,0,2,2
24,11,35,36,24,11,0,2,9,9,0,2,2
24,11,35,36,24,24,0,2,1,11,0,1,1
24,11,35,36,24,24,0,2,2,11,0,1,1
24,11,35,36,24,24,0,2,3,11,0,1,1
24,11,35,36,24,24,0,2,4,4,0,2,1
24,11,35,36,24,24,0,2,5,5,0,2,1
24,11,35,36,24,24,0,2,6,6,0,2,2
24,11,35,36,24,24,0,2,7,7,0,2,2
24,11,35,36,24,24,0,2,8,8,0,2,2
24,11,35,36,24,24,0,2,9,9,0,2,2
24,11,35,36,24,24,0,2,10,10,0,2,2
24,11,35,36,24,24,0,2,11,11,0,1,1
24,11,35,36,24,24,0,2,12,11,0,1,2
24,11,35,36,24,24,0,2,13,10,1,2,1
24,11,35,36,24,24,0,2,14,9,1,2,2
24,11,35,36,24,24,0,2,15,8,1,2,1
24,11,35,36,24,24,0,2,16,7,1,2,1
24,11,35,36,24,24,0,2,17,6,1,2,2
24,11,35,36,24,24,0,2,18,5,1,2,1
24,11,35,36,24,24,0,2,19,4,1,2,1
24,11,35,36,24,24,0,2,20,3,1,2,1
24,11,35,36,24,24,0,2,21,11,0,1,1
24,11,35,36,24,24,0,2,22,11,0,1,2
24,12,36,37,24,12,0,2,1,10,1,2,1
24,12,36,37,24,12,0,2,2,9,1,2,2
24,12,36,37,24,12,0,2,3,8,1,2,1
24,12,36,37,24,12,0,2,4,4,0,2,2
24,12,36,37,24,12,0,2,5,5,0,2,2
24,12,36,37,24,12,0,2,6,5,1,2,1
24,12,36,37,24,12,0,2,7,4,1,2,2
24,12,36,37,24,12,0,2,8,8,0,2,2
24,12,36,37,24,12,0,2,9,9,0,2,2
24,12,36,37,24,12,0,2,10,10,0,2,2
24,12,36,37,24,24,0,2,1,12,0,1,1
24,12,36,37,24,24,0,2,2,12,0,1,2
24,12,36,37,24,24,0,2,3,12,0,1,1
24,12,36,37,24,24,0,2,4,4,0,2,2
24,12,36,37,24,24,0,2,5,5,0,2,2
24,12,36,37,24,24,0,2,6,6,0,2,2
24,12,36,37,24,24,0,2,7,7,0,2,2
24,12,36,37,24,24,0,2,8,8,0,2,2
24,12,36,37,24,24,0,2,9,9,0,2,2
24,12,36,37,24,24,0,2,10,10,0,2,2
24,12,36,37,24,24,0,2,11,11,0,2,2
24,12,36,37,24,24,0,2,12,11,1,2,2
24,12,36,37,24,24,0,2,13,10,1,2,2
24,12,36,37,24,24,0,2,14,9,1,2,2
24,12,36,37,24,24,0,2,15,8,1,2,2
24,12,36,37,24,24,0,2,16,7,1,2,2
24,12,36,37,24,24,0,2,17,6,1,2,2
24,12,36,37,24,24,0,2,18,5,1,2,2
24,12,36,37,24,24,0,2,19,4,1,2,2
24,12,36,37,24,24,0,2,20,12,0,1,2
24,12,36,37,24,24,0,2,21,12,0,1,2
24,12,36,37,24,24,0,2,22,12,0,1,2
24,13,37,38,24,13,0,2,1,11,1,2,1
24,13,37,38,24,13,0,2,2,10,1,2,2
24,13,37,38,24,13,0,2,3,9,1,2,1
24,13,37,38,24,13,0,2,4,4,0,2,2
24,13,37,38,24,13,0,2,5,5,0,2,2
24,13,37,38,24,13,0,2,6,6,0,2,2
24,13,37,38,24,13,0,2,7,5,1,2,1
24,13,37,38,24,13,0,2,8,4,1,2,1
24,13,37,38,24,13,0,2,9,3,1,2,1
24,13,37,38,24,13,0,2,10,10,0,2,2
24,13,37,38,24,13,0,2,11,11,0,2,2
24,13,37,38,24,24,0,2,1,13,0,1,1
24,13,37,38,24,24,0,2,2,13,0,1,1
24,13,37,38,24,24,0,2,3,13,0,1,1
24,13,37,38,24,24,0,2,4,4,0,2,2
24,13,37,38,24,24,0,2,5,5,0,2,2
24,13,37,38,24,24,0,2,6,6,0,2,2
24,13,37,38,24,24,0,2,7,7,0,2,2
24,13,37,38,24,24,0,2,8,8,0,2,2
24,13,37,38,24,24,0,2,9,9,0,2,2
24,13,37,38,24,24,0,2,10,10,0,2,2
24,13,37,38,24,24,0,2,11,11,0,2,2
24,13,37,38,24,24,0,2,12,11,1,2,2
24,13,37,38,24,24,0,2,13,10,1,2,1
24,13,37,38,24,24,0,2,14,9,1,2,1
24,13,37,38,24,24,0,2,15,8,1,2,1
24,13,37,38,24,24,0,2,16,7,1,2,1
24,13,37,38,24,24,0,2,17,6,1,2,1
24,13,37,38,24,24,0,2,18,5,1,2,1
24,13,37,38,24,24,0,2,19,4,1,2,1
24,13,37,38,24,24,0,2,20,3,1,2,1
24,13,37,38,24,24,0,2,21,13,0,1,2
24,13,37,38,24,24,0,2,22,13,0,1,2
24,14,38,39,24,14,0,2,1,12,1,2,1
24,14,38,39,24,14,0,2,2,11,1,2,2
24,14,38,39,24,14,0,2,3,10,1,2,1
24,14,38,39,24,14,0,2,4,4,0,2,2
24,14,38,39,24,14,0,2,5,5,0,2,2
24,14,38,39,24,14,0,2,6,6,0,2,2
24,14,38,39,24,14,0,2,7,6,1,2,2
24,14,38,39,24,14,0,2,8,5,1,2,2
24,14,38,39,24,14,0,2,9,4,1,2,2
24,14,38,39,24,14,0,2,10,10,0,2,2
24,14,38,39,24,14,0,2,11,11,0,2,2
24,14,38,39,24,14,0,2,12,12,0,2,2
24,14,38,39,24,24,0,2,1,14,0,1,1
24,14,38,39,24,24,0,2,2,14,0,1,2
24,14,38,39,24,24,0,2,3,14,0,1,1
24,14,38,39,24,24,0,2,4,4,0,2,2
24,14,38,39,24,24,0,2,5,5,0,2,2
24,14,38,39,24,24,0,2,6,6,0,2,2
24,14,38,39,24,24,0,2,7,7,0,2,2
24,14,38,39,24,24,0,2,8,8,0,2,2
24,14,38,39,24,24,0,2,9,9,0,2,2
24,14,38,39,24,24,0,2,10,10,0,2,2
24,14,38,39,24,24,0,2,11,11,0,2,2
24,14,38,39,24,24,0,2,12,11,1,2,2
24,14,38,39,24,24,0,2,13,10,1,2,2
24,14,38,39,24,24,0,2,14,9,1,2,2
24,14,38,39,24,24,0,2,15,8,1,2,2
24,14,38,39,24,24,0,2,16,7,1,2,2
24,14,38,39,24,24,0,2,17,6,1,2,1
24,14,38,39,24,24,0,2,18,5,1,2,2
24,14,38,39,24,24,0,2,19,4,1,2,2
24,14,38,39,24,24,0,2,20,14,0,1,2
24,14,38,39,24,24,0,2,21,14,0,1,2
24,14,38,39,24,24,0,2,22,14,0,1,2
24,15,39,40,24,15,0,2,1,13,1,2,1
24,15,39,40,24,15,0,2,2,12,1,2,2
24,15,39,40,24,15,0,2,3,11,1,2,1
24,15,39,40,24,15,0,2,4,4,0,2,2
24,15,39,40,24,15,0,2,5,5,0,2,2
24,15,39,40,24,15,0,2,6,6,0,2,2
24,15,39,40,24,15,0,2,7,7,0,2,2
24,15,39,40,24,15,0,2,8,6,1,2,2
24,15,39,40,24,15,0,2,9,5,1,2,1
24,15,39,40,24,15,0,2,10,4,1,2,1
24,15,39,40,24,15,0,2,11,11,0,2,2
24,15,39,40,24,15,0,2,12,12,0,2,2
24,15,39,40,24,15,0,2,13,13,0,2,2
24,15,39,40,24,24,0,2,1,15,0,1,1
24,15,39,40,24,24,0,2,2,15,0,1,1
24,15,39,40,24,24,0,2,3,3,0,2,1
24,15,39,40,24,24,0,2,4,4,0,2,2
24,15,39,40,24,24,0,2,5,5,0,2,2
24,15,39,40,24,24,0,2,6,6,0,2,1
24,15,39,40,24,24,0,2,7,7,0,2,2
24,15,39,40,24,24,0,2,8,8,0,2,1
24,15,39,40,24,24,0,2,9,9,0,2,2
24,15,39,40,24,24,0,2,10,10,0,2,2
24,15,39,40,24,24,0,2,11,11,0,2,2
24,15,39,40,24,24,0,2,12,11,1,2,1
24,15,39,40,24,24,0,2,13,10,1,2,1
24,15,39,40,24,24,0,2,14,9,1,2,1
24,15,39,40,24,24,0,2,15,8,1,2,1
24,15,39,40,24,24,0,2,16,7,1,2,1
24,15,39,40,24,24,0,2,17,6,1,2,1
24,15,39,40,24,24,0,2,18,5,1,2,1
24,15,39,40,24,24,0,2,19,4,1,2,1
24,15,39,40,24,24,0,2,20,3,1,2,1
24,15,39,40,24,24,0,2,21,15,0,1,2
24,15,39,40,24,24,0,2,22,15,0,1,2
24,16,40,41,24,16,0,2,1,14,1,2,0
24,16,40,41,24,16,0,2,2,13,1,2,2
24,16,40,41,24,16,0,2,3,12,1,2,1
24,16,40,41,24,16,0,2,4,4,0,2,2
24,16,40,41,24,16,0,2,5,5,0,2,2
24,16,40,41,24,16,0,2,6,6,0,2,2
24,16,40,41,24,16,0,2,7,7,0,2,2
24,16,40,41,24,16,0,2,8,7,1,2,2
24,16,40,41,24,16,0,2,9,6,1,2,1
24,16,40,41,24,16,0,2,10,5,1,2,2
24,16,40,41,24,16,0,2,11,4,1,2,2
24,16,40,41,24,16,0,2,12,3,1,2,1
24,16,40,41,24,16,0,2,13,13,0,2,2
24,16,40,41,24,16,0,2,14,14,0,2,2
24,16,40,41,24,24,0,2,1,16,0,1,1
24,16,40,41,24,24,0,2,2,16,0,1,2
24,16,40,41,24,24,0,2,3,16,0,1,1
24,16,40,41,24,24,0,2,4,4,0,2,2
24,16,40,41,24,24,0,2,5,5,0,2,2
24,16,40,41,24,24,0,2,6,6,0,2,2
24,16,40,41,24,24,0,2,7,7,0,2,2
24,16,40,41,24,24,0,2,8,8,0,2,2
24,16,40,41,24,24,0,2,9,9,0,2,2
24,16,40,41,24,24,0,2,10,10,0,2,2
24,16,40,41,24,24,0,2,11,11,0,2,2
24,16,40,41,24,24,0,2,12,11,1,2,2
24,16,40,41,24,24,0,2,13,10,1,2,2
24,16,40,41,24,24,0,2,14,9,1,2,2
24,16,40,41,24,24,0,2,15,8,1,2,2
24,16,40,41,24,24,0,2,16,7,1,2,3
24,16,40,41,24,24,0,2,17,6,1,2,2
24,16,40,41,24,24,0,2,18,5,1,2,2
24,16,40,41,24,24,0,2,19,16,0,1,2
24,16,40,41,24,24,0,2,20,16,0,1,2
24,16,40,41,24,24,0,2,21,16,0,1,2
24,16,40,41,24,24,0,2,22,16,0,1,2
24,17,41,42,24,17,0,2,1,15,1,2,1
24,17,41,42,24,17,0,2,2,14,1,2,2
24,17,41,42,24,17,0,2,3,3,0,2,1
24,17,41,42,24,17,0,2,4,4,0,2,1
24,17,41,42,24,17,0,2,5,5,0,2,1
24,17,41,42,24,17,0,2,6,6,0,2,2
24,17,41,42,24,17,0,2,7,7,0,2,1
24,17,41,42,24,17,0,2,8,8,0,2,1
24,17,41,42,24,17,0,2,9,7,1,2,1
24,17,41,42,24,17,0,2,10,6,1,2,1
24,17,41,42,24,17,0,2,11,5,1,2,1
24,17,41,42,24,17,0,2,12,4,1,2,1
24,17,41,42,24,17,0,2,13,3,1,2,1
24,17,41,42,24,17,0,2,14,14,0,2,1
24,17,41,42,24,17,0,2,15,15,0,2,1
24,17,41,42,24,24,0,2,1,17,0,1,1
24,17,41,42,24,24,0,2,2,17,0,1,1
24,17,41,42,24,24,0,2,3,17,0,1,1
24,17,41,42,24,24,0,2,4,4,0,2,2
24,17,41,42,24,24,0,2,5,5,0,2,2
24,17,41,42,24,24,0,2,6,6,0,2,2
24,17,41,42,24,24,0,2,7,7,0,2,2
24,17,41,42,24,24,0,2,8,8,0,2,2
24,17,41,42,24,24,0,2,9,9,0,2,2
24,17,41,42,24,24,0,2,10,10,0,2,2
24,17,41,42,24,24,0,2,11,11,0,2,2
24,17,41,42,24,24,0,2,12,11,1,2,1
24,17,41,42,24,24,0,2,13,10,1,2,1
24,17,41,42,24,24,0,2,14,9,1,2,2
24,17,41,42,24,24,0,2,15,8,1,2,1
24,17,41,42,24,24,0,2,16,7,1,2,1
24,17,41,42,24,24,0,2,17,6,1,2,2
24,17,41,42,24,24,0,2,18,5,1,2,1
24,17,41,42,24,24,0,2,19,4,1,2,1
24,17,41,42,24,24,0,2,20,17,0,1,2
24,17,41,42,24,24,0,2,21,17,0,1,1
24,17,41,42,24,24,0,2,22,17,0,1,1
24,18,42,43,24,18,0,2,1,16,1,2,1
24,18,42,43,24,18,0,2,2,15,1,2,1
24,18,42,43,24,18,0,2,3,14,1,2,1
24,18,42,43,24,18,0,2,4,4,0,2,2
24,18,42,43,24,18,0,2,5,5,0,2,2
24,18,42,43,24,18,0,2,6,6,0,2,2
24,18,42,43,24,18,0,2,7,7,0,2,2
24,18,42,43,24,18,0,2,8,8,0,2,2
24,18,42,43,24,18,0,2,9,8,1,2,2
24,18,42,43,24,18,0,2,10,7,1,2,2
24,18,42,43,24,18,0,2,11,6,1,2,2
24,18,42,43,24,18,0,2,12,5,1,2,2
24,18,42,43,24,18,0,2,13,4,1,2,2
24,18,42,43,24,18,0,2,14,14,0,2,2
24,18,42,43,24,18,0,2,15,15,0,2,2
24,18,42,43,24,18,0,2,16,16,0,2,2
24,18,42,43,24,24,0,2,1,18,0,1,1
24,18,42,43,24,24,0,2,2,18,0,1,2
24,18,42,43,24,24,0,2,3,18,0,1,2
24,18,42,43,24,24,0,2,4,4,0,2,2
24,18,42,43,24,24,0,2,5,5,0,2,2
24,18,42,43,24,24,0,2,6,6,0,2,2
24,18,42,43,24,24,0,2,7,7,0,2,2
24,18,42,43,24,24,0,2,8,8,0,2,2
24,18,42,43,24,24,0,2,9,9,0,2,2
24,18,42,43,24,24,0,2,10,10,0,2,2
24,18,42,43,24,24,0,2,11,11,0,2,2
24,18,42,43,24,24,0,2,12,11,1,2,2
24,18,42,43,24,24,0,2,13,10,1,2,2
24,18,42,43,24,24,0,2,14,9,1,2,2
24,18,42,43,24,24,0,2,15,8,1,2,2
24,18,42,43,24,24,0,2,16,7,1,2,2
24,18,42,43,24,24,0,2,17,6,1,2,2
24,18,42,43,24,24,0,2,18,5,1,2,2
24,18,42,43,24,24,0,2,19,4,1,2,2
24,18,42,43,24,24,0,2,20,18,0,1,2
24,18,42,43,24,24,0,2,21,18,0,1,2
24,18,42,43,24,24,0,2,22,18,0,1,2
24,19,43,44,24,19,0,2,1,17,1,2,1
24,19,43,44,24,19,0,2,2,16,1,2,2
24,19,43,44,24,19,0,2,3,15,1,2,1
24,19,43,44,24,19,0,2,4,4,0,2,2
24,19,43,44,24,19,0,2,5,5,0,2,2
24,19,43,44,24,19,0,2,6,6,0,2,2
24,19,43,44,24,19,0,2,7,7,0,2,2
24,19,43,44,24,19,0,2,8,8,0,2,2
24,19,43,44,24,19,0,2,9,9,0,2,2
24,19,43,44,24,19,0,2,10,8,1,2,1
24,19,43,44,24,19,0,2,11,7,1,2,1
24,19,43,44,24,19,0,2,12,6,1,2,1
24,19,43,44,24,19,0,2,13,5,1,2,1
24,19,43,44,24,19,0,2,14,4,1,2,1
24,19,43,44,24,19,0,2,15,3,1,2,1
24,19,43,44,24,19,0,2,16,16,0,2,2
24,19,43,44,24,19,0,2,17,17,0,2,2
24,19,43,44,24,24,0,2,1,19,0,1,1
24,19,43,44,24,24,0,2,2,19,0,1,1
24,19,43,44,24,24,0,2,3,19,0,1,2
24,19,43,44,24,24,0,2,4,4,0,2,2
24,19,43,44,24,24,0,2,5,5,0,2,2
24,19,43,44,24,24,0,2,6,6,0,2,2
24,19,43,44,24,24,0,2,7,7,0,2,2
24,19,43,44,24,24,0,2,8,8,0,2,2
24,19,43,44,24,24,0,2,9,9,0,2,2
24,19,43,44,24,24,0,2,10,10,0,2,2
24,19,43,44,24,24,0,2,11,11,0,2,2
24,19,43,44,24,24,0,2,12,11,1,2,1
24,19,43,44,24,24,0,2,13,10,1,2,1
24,19,43,44,24,24,0,2,14,9,1,2,1
24,19,43,44,24,24,0,2,15,8,1,2,1
24,19,43,44,24,24,0,2,16,7,1,2,1
24,19,43,44,24,24,0,2,17,6,1,2,1
24,19,43,44,24,24,0,2,18,5,1,2,1
24,19,43,44,24,24,0,2,19,4,1,2,1
24,19,43,44,24,24,0,2,20,3,1,2,1
24,19,43,44,24,24,0,2,21,19,0,1,2
24,19,43,44,24,24,0,2,22,19,0,1,2
24,20,44,45,24,20,0,2,1,18,1,2,1
24,20,44,45,24,20,0,2,2,17,1,2,2
24,20,44,45,24,20,0,2,3,16,1,2,1
24,20,44,45,24,20,0,2,4,4,0,2,2
24,20,44,45,24,20,0,2,5,5,0,2,2
24,20,44,45,24,20,0,2,6,6,0,2,2
24,20,44,45,24,20,0,2,7,7,0,2,2
24,20,44,45,24,20,0,2,8,8,0,2,2
24,20,44,45,24,20,0,2,9,9,0,2,2
24,20,44,45,24,20,0,2,10,9,1,2,2
24,20,44,45,24,20,0,2,11,8,1,2,2
24,20,44,45,24,20,0,2,12,7,1,2,2
24,20,44,45,24,20,0,2,13,6,1,2,2
24,20,44,45,24,20,0,2,14,5,1,2,2
24,20,44,45,24,20,0,2,15,4,1,2,2
24,20,44,45,24,20,0,2,16,16,0,2,2
24,20,44,45,24,20,0,2,17,17,0,2,2
24,20,44,45,24,20,0,2,18,18,0,2,2
24,20,44,45,24,24,0,2,1,20,0,1,1
24,20,44,45,24,24,0,2,2,20,0,1,2
24,20,44,45,24,24,0,2,3,3,0,2,1
24,20,44,45,24,24,0,2,4,4,0,2,2
24,20,44,45,24,24,0,2,5,5,0,2,2
24,20,44,45,24,24,0,2,6,6,0,2,1
24,20,44,45,24,24,0,2,7,7,0,2,2
24,20,44,45,24,24,0,2,8,8,0,2,2
24,20,44,45,24,24,0,2,9,9,0,2,2
24,20,44,45,24,24,0,2,10,10,0,2,2
24,20,44,45,24,24,0,2,11,11,0,2,2
24,20,44,45,24,24,0,2,12,11,1,2,2
24,20,44,45,24,24,0,2,13,10,1,2,2
24,20,44,45,24,24,0,2,14,9,1,2,2
24,20,44,45,24,24,0,2,15,8,1,2,2
24,20,44,45,24,24,0,2,16,7,1,2,2
24,20,44,45,24,24,0,2,17,6,1,2,1
24,20,44,45,24,24,0,2,18,5,1,2,2
24,20,44,45,24,24,0,2,19,4,1,2,2
24,20,44,45,24,24,0,2,20,3,1,2,1
24,20,44,45,24,24,0,2,21,20,0,1,2
24,20,44,45,24,24,0,2,22,20,0,1,2
25,2,27,28,25,25,0,2,1,23,1,2,0
25,2,27,28,25,25,0,2,2,22,1,2,1
25,2,27,28,25,25,0,2,3,21,1,2,1
25,2,27,28,25,25,0,2,4,4,0,2,2
25,2,27,28,25,25,0,2,5,5,0,2,2
25,2,27,28,25,25,0,2,6,6,0,2,2
25,2,27,28,25,25,0,2,7,7,0,2,2
25,2,27,28,25,25,0,2,8,8,0,2,2
25,2,27,28,25,25,0,2,9,9,0,2,2
25,2,27,28,25,25,0,2,10,10,0,2,2
25,2,27,28,25,25,0,2,11,11,0,2,2
25,2,27,28,25,25,0,2,12,12,0,2,3
25,2,27,28,25,25,0,2,13,11,1,2,2
25,2,27,28,25,25,0,2,14,10,1,2,1
25,2,27,28,25,25,0,2,15,9,1,2,2
25,2,27,28,25,25,0,2,16,8,1,2,2
25,2,27,28,25,25,0,2,17,7,1,2,1
25,2,27,28,25,25,0,2,18,6,1,2,2
25,2,27,28,25,25,0,2,19,5,1,2,2
25,2,27,28,25,25,0,2,20,4,1,2,2
25,2,27,28,25,25,0,2,21,3,1,2,1
25,2,27,28,25,25,0,2,22,22,0,2,2
25,2,27,28,25,25,0,2,23,23,0,2,2
25,3,28,29,25,3,0,2,1,25,0,1,2
25,3,28,29,25,25,0,2,1,23,1,2,1
25,3,28,29,25,25,0,2,2,22,1,2,2
25,3,28,29,25,25,0,2,3,21,1,2,2
25,3,28,29,25,25,0,2,4,4,0,2,2
25,3,28,29,25,25,0,2,5,5,0,2,2
25,3,28,29,25,25,0,2,6,6,0,2,2
25,3,28,29,25,25,0,2,7,7,0,2,2
25,3,28,29,25,25,0,2,8,8,0,2,2
25,3,28,29,25,25,0,2,9,9,0,2,2
25,3,28,29,25,25,0,2,10,10,0,2,2
25,3,28,29,25,25,0,2,11,11,0,2,2
25,3,28,29,25,25,0,2,12,12,0,2,2
25,3,28,29,25,25,0,2,13,11,1,2,2
25,3,28,29,25,25,0,2,14,10,1,2,2
25,3,28,29,25,25,0,2,15,9,1,2,2
25,3,28,29,25,25,0,2,16,8,1,2,2
25,3,28,29,25,25,0,2,17,7,1,2,2
25,3,28,29,25,25,0,2,18,6,1,2,2
25,3,28,29,25,25,0,2,19,5,1,2,2
25,3,28,29,25,25,0,2,20,4,1,2,2
25,3,28,29,25,25,0,2,21,21,0,2,2
25,3,28,29,25,25,0,2,22,22,0,2,2
25,3,28,29,25,25,0,2,23,23,0,2,2
25,4,29,30,25,4,0,2,1,25,0,1,1
25,4,29,30,25,4,0,2,2,25,0,1,2
25,4,29,30,25,25,0,2,1,4,0,1,1
25,4,29,30,25,25,0,2,2,4,0,1,1
25,4,29,30,25,25,0,2,3,4,0,1,1
25,4,29,30,25,25,0,2,4,4,0,1,1
25,4,29,30,25,25,0,2,5,4,0,1,1
25,4,29,30,25,25,0,2,6,4,0,1,1
25,4,29,30,25,25,0,2,7,4,0,1,1
25,4,29,30,25,25,0,2,8,4,0,1,1
25,4,29,30,25,25,0,2,9,4,0,1,1
25,4,29,30,25,25,0,2,10,4,0,1,1
25,4,29,30,25,25,0,2,11,11,0,2,2
25,4,29,30,25,25,0,2,12,4,0,1,1
25,4,29,30,25,25,0,2,13,4,0,1,1
25,4,29,30,25,25,0,2,14,10,1,2,2
25,4,29,30,25,25,0,2,15,4,0,1,1
25,4,29,30,25,25,0,2,16,4,0,1,1
25,4,29,30,25,25,0,2,17,4,0,1,1
25,4,29,30,25,25,0,2,18,4,0,1,1
25,4,29,30,25,25,0,2,19,4,0,1,1
25,4,29,30,25,25,0,2,20,4,0,1,1
25,4,29,30,25,25,0,2,21,4,0,1,1
25,4,29,30,25,25,0,2,22,4,0,1,1
25,4,29,30,25,25,0,2,23,4,0,1,1
25,5,30,31,25,5,0,2,1,3,1,2,1
25,5,30,31,25,5,0,2,2,25,0,1,2
25,5,30,31,25,5,0,2,3,25,0,1,1
25,5,30,31,25,25,0,2,1,5,0,1,2
25,5,30,31,25,25,0,2,2,5,0,1,2
25,5,30,31,25,25,0,2,3,5,0,1,2
25,5,30,31,25,25,0,2,4,4,0,2,2
25,5,30,31,25,25,0,2,5,5,0,1,2
25,5,30,31,25,25,0,2,6,5,0,1,2
25,5,30,31,25,25,0,2,7,5,0,1,2
25,5,30,31,25,25,0,2,8,5,0,1,2
25,5,30,31,25,25,0,2,9,5,0,1,2
25,5,30,31,25,25,0,2,10,5,0,1,2
25,5,30,31,25,25,0,2,11,5,0,1,2
25,5,30,31,25,25,0,2,12,5,0,1,2
25,5,30,31,25,25,0,2,13,5,0,1,2
25,5,30,31,25,25,0,2,14,5,0,1,2
25,5,30,31,25,25,0,2,15,5,0,1,2
25,5,30,31,25,25,0,2,16,5,0,1,2
25,5,30,31,25,25,0,2,17,5,0,1,2
25,5,30,31,25,25,0,2,18,5,0,1,2
25,5,30,31,25,25,0,2,19,5,0,1,2
25,5,30,31,25,25,0,2,20,4,1,2,2
25,5,30,31,25,25,0,2,21,3,1,2,1
25,5,30,31,25,25,0,2,22,5,0,1,2
25,5,30,31,25,25,0,2,23,5,0,1,2
25,6,31,32,25,6,0,2,1,4,1,2,1
25,6,31,32,25,6,0,2,2,25,0,1,1
25,6,31,32,25,6,0,2,3,25,0,1,2
25,6,31,32,25,6,0,2,4,4,0,2,2
25,6,31,32,25,25,0,2,1,6,0,1,1
25,6,31,32,25,25,0,2,2,6,0,1,2
25,6,31,32,25,25,0,2,3,6,0,1,1
25,6,31,32,25,25,0,2,4,4,0,2,2
25,6,31,32,25,25,0,2,5,5,0,2,2
25,6,31,32,25,25,0,2,6,6,0,1,2
25,6,31,32,25,25,0,2,7,6,0,1,3
25,6,31,32,25,25,0,2,8,6,0,1,2
25,6,31,32,25,25,0,2,9,6,0,1,2
25,6,31,32,25,25,0,2,10,6,0,1,3
25,6,31,32,25,25,0,2,11,6,0,1,2
25,6,31,32,25,25,0,2,12,6,0,1,2
25,6,31,32,25,25,0,2,13,6,0,1,2
25,6,31,32,25,25,0,2,14,6,0,1,2
25,6,31,32,25,25,0,2,15,6,0,1,3
25,6,31,32,25,25,0,2,16,6,0,1,2
25,6,31,32,25,25,0,2,17,6,0,1,3
25,6,31,32,25,25,0,2,18,6,0,1,3
25,6,31,32,25,25,0,2,19,5,1,2,1
25,6,31,32,25,25,0,2,20,4,1,2,2
25,6,31,32,25,25,0,2,21,6,0,1,2
25,6,31,32,25,25,0,2,22,6,0,1,2
25,6,31,32,25,25,0,2,23,6,0,1,3
25,7,32,33,25,7,0,2,1,5,1,2,1
25,7,32,33,25,7,0,2,2,4,1,2,2
25,7,32,33,25,7,0,2,3,3,1,2,1
25,7,32,33,25,7,0,2,4,4,0,2,2
25,7,32,33,25,7,0,2,5,5,0,2,2
25,7,32,33,25,25,0,2,1,7,0,1,1
25,7,32,33,25,25,0,2,2,7,0,1,4
25,7,32,33,25,25,0,2,3,7,0,1,1
25,7,32,33,25,25,0,2,4,4,0,2,2
25,7,32,33,25,25,0,2,5,5,0,2,2
25,7,32,33,25,25,0,2,6,6,0,2,2
25,7,32,33,25,25,0,2,7,7,0,1,2
25,7,32,33,25,25,0,2,8,7,0,1,4
25,7,32,33,25,25,0,2,9,7,0,1,2
25,7,32,33,25,25,0,2,10,7,0,1,2
25,7,32,33,25,25,0,2,11,7,0,1,2
25,7,32,33,25,25,0,2,12,7,0,1,4
25,7,32,33,25,25,0,2,13,7,0,1,2
25,7,32,33,25,25,0,2,14,7,0,1,1
25,7,32,33,25,25,0,2,15,7,0,1,4
25,7,32,33,25,25,0,2,16,7,0,1,2
25,7,32,33,25,25,0,2,17,7,0,1,2
25,7,32,33,25,25,0,2,18,6,1,2,2
25,7,32,33,25,25,0,2,19,5,1,2,2
25,7,32,33,25,25,0,2,20,4,1,2,2
25,7,32,33,25,25,0,2,21,7,0,1,4
25,7,32,33,25,25,0,2,22,7,0,1,2
25,7,32,33,25,25,0,2,23,7,0,1,1
25,8,33,34,25,8,0,2,1,6,1,2,1
25,8,33,34,25,8,0,2,2,5,1,2,2
25,8,33,34,25,8,0,2,3,4,1,2,1
25,8,33,34,25,8,0,2,4,3,1,2,1
25,8,33,34,25,8,0,2,5,5,0,2,2
25,8,33,34,25,8,0,2,6,6,0,2,2
25,8,33,34,25,25,0,2,1,8,0,1,1
25,8,33,34,25,25,0,2,2,8,0,1,1
25,8,33,34,25,25,0,2,3,8,0,1,2
25,8,33,34,25,25,0,2,4,4,0,2,2
25,8,33,34,25,25,0,2,5,5,0,2,2
25,8,33,34,25,25,0,2,6,6,0,2,2
25,8,33,34,25,25,0,2,7,7,0,2,2
25,8,33,34,25,25,0,2,8,8,0,1,2
25,8,33,34,25,25,0,2,9,8,0,1,2
25,8,33,34,25,25,0,2,10,8,0,1,2
25,8,33,34,25,25,0,2,11,8,0,1,2
25,8,33,34,25,25,0,2,12,8,0,1,2
25,8,33,34,25,25,0,2,13,8,0,1,2
25,8,33,34,25,25,0,2,14,8,0,1,2
25,8,33,34,25,25,0,2,15,8,0,1,2
25,8,33,34,25,25,0,2,16,8,0,1,2
25,8,33,34,25,25,0,2,17,7,1,2,1
25,8,33,34,25,25,0,2,18,6,1,2,1
25,8,33,34,25,25,0,2,19,5,1,2,1
25,8,33,34,25,25,0,2,20,4,1,2,1
25,8,33,34,25,25,0,2,21,3,1,2,1
25,8,33,34,25,25,0,2,22,8,0,1,2
25,8,33,34,25,25,0,2,23,8,0,1,2
25,9,34,35,25,9,0,2,1,7,1,2,1
25,9,34,35,25,9,0,2,2,6,1,2,2
25,9,34,35,25,9,0,2,3,5,1,2,1
25,9,34,35,25,9,0,2,4,4,0,2,2
25,9,34,35,25,9,0,2,5,5,0,2,2
25,9,34,35,25,9,0,2,6,6,0,2,2
25,9,34,35,25,9,0,2,7,7,0,2,2
25,9,34,35,25,25,0,2,1,9,0,1,1
25,9,34,35,25,25,0,2,2,9,0,1,2
25,9,34,35,25,25,0,2,3,9,0,1,1
25,9,34,35,25,25,0,2,4,4,0,2,2
25,9,34,35,25,25,0,2,5,5,0,2,2
25,9,34,35,25,25,0,2,6,6,0,2,2
25,9,34,35,25,25,0,2,7,7,0,2,2
25,9,34,35,25,25,0,2,8,8,0,2,2
25,9,34,35,25,25,0,2,9,9,0,1,2
25,9,34,35,25,25,0,2,10,9,0,1,2
25,9,34,35,25,25,0,2,11,9,0,1,2
25,9,34,35,25,25,0,2,12,9,0,1,2
25,9,34,35,25,25,0,2,13,9,0,1,2
25,9,34,35,25,25,0,2,14,9,0,1,2
25,9,34,35,25,25,0,2,15,9,0,1,2
25,9,34,35,25,25,0,2,16,8,1,2,2
25,9,34,35,25,25,0,2,17,7,1,2,2
25,9,34,35,25,25,0,2,18,6,1,2,2
25,9,34,35,25,25,0,2,19,5,1,2,2
25,9,34,35,25,25,0,2,20,4,1,2,2
25,9,34,35,25,25,0,2,21,9,0,1,2
25,9,34,35,25,25,0,2,22,9,0,1,2
25,9,34,35,25,25,0,2,23,9,0,1,2
25,10,35,36,25,10,0,2,1,8,1,2,1
25,10,35,36,25,10,0,2,2,7,1,2,2
25,10,35,36,25,10,0,2,3,6,1,2,1
25,10,35,36,25,10,0,2,4,4,0,2,2
25,10,35,36,25,10,0,2,5,4,1,2,1
25,10,35,36,25,10,0,2,6,3,1,2,1
25,10,35,36,25,10,0,2,7,7,0,2,2
25,10,35,36,25,10,0,2,8,8,0,2,2
25,10,35,36,25,25,0,2,1,10,0,1,1
25,10,35,36,25,25,0,2,2,10,0,1,1
25,10,35,36,25,25,0,2,3,3,0,2,1
25,10,35,36,25,25,0,2,4,4,0,2,1
25,10,35,36,25,25,0,2,5,5,0,2,2
25,10,35,36,25,25,0,2,6,6,0,2,1
25,10,35,36,25,25,0,2,7,7,0,2,1
25,10,35,36,25,25,0,2,8,8,0,2,2
25,10,35,36,25,25,0,2,9,9,0,2,1
25,10,35,36,25,25,0,2,10,10,0,1,2
25,10,35,36,25,25,0,2,11,10,0,1,2
25,10,35,36,25,25,0,2,12,10,0,1,1
25,10,35,36,25,25,0,2,13,10,0,1,2
25,10,35,36,25,25,0,2,14,10,0,1,2
25,10,35,36,25,25,0,2,15,9,1,2,1
25,10,35,36,25,25,0,2,16,8,1,2,1
25,10,35,36,25,25,0,2,17,7,1,2,1
25,10,35,36,25,25,0,2,18,6,1,2,1
25,10,35,36,25,25,0,2,19,5,1,2,1
25,10,35,36,25,25,0,2,20,4,1,2,1
25,10,35,36,25,25,0,2,21,3,1,2,1
25,10,35,36,25,25,0,2,22,10,0,1,1
25,10,35,36,25,25,0,2,23,10,0,1,2
25,11,36,37,25,11,0,2,1,9,1,2,1
25,11,36,37,25,11,0,2,2,8,1,2,2
25,11,36,37,25,11,0,2,3,7,1,2,1
25,11,36,37,25,11,0,2,4,4,0,2,2
25,11,36,37,25,11,0,2,5,5,0,2,2
25,11,36,37,25,11,0,2,6,4,1,2,1
25,11,36,37,25,11,0,2,7,7,0,2,2
25,11,36,37,25,11,0,2,8,8,0,2,2
25,11,36,37,25,11,0,2,9,9,0,2,2
25,11,36,37,25,25,0,2,1,11,0,1,1
25,11,36,37,25,25,0,2,2,11,0,1,2
25,11,36,37,25,25,0,2,3,11,0,1,1
25,11,36,37,25,25,0,2,4,4,0,2,2
25,11,36,37,25,25,0,2,5,5,0,2,2
25,11,36,37,25,25,0,2,6,6,0,2,2
25,11,36,37,25,25,0,2,7,7,0,2,2
25,11,36,37,25,25,0,2,8,8,0,2,2
25,11,36,37,25,25,0,2,9,9,0,2,2
25,11,36,37,25,25,0,2,10,10,0,2,2
25,11,36,37,25,25,0,2,11,11,0,1,2
25,11,36,37,25,25,0,2,12,11,0,1,2
25,11,36,37,25,25,0,2,13,11,0,1,2
25,11,36,37,25,25,0,2,14,10,1,2,2
25,11,36,37,25,25,0,2,15,9,1,2,2
25,11,36,37,25,25,0,2,16,8,1,2,2
25,11,36,37,25,25,0,2,17,7,1,2,2
25,11,36,37,25,25,0,2,18,6,1,2,2
25,11,36,37,25,25,0,2,19,5,1,2,2
25,11,36,37,25,25,0,2,20,4,1,2,2
25,11,36,37,25,25,0,2,21,11,0,1,2
25,11,36,37,25,25,0,2,22,11,0,1,2
25,11,36,37,25,25,0,2,23,11,0,1,2
25,12,37,38,25,12,0,2,1,10,1,2,1
25,12,37,38,25,12,0,2,2,9,1,2,2
25,12,37,38,25,12,0,2,3,8,1,2,1
25,12,37,38,25,12,0,2,4,4,0,2,2
25,12,37,38,25,12,0,2,5,5,0,2,2
25,12,37,38,25,12,0,2,6,5,1,2,1
25,12,37,38,25,12,0,2,7,4,1,2,1
25,12,37,38,25,12,0,2,8,8,0,2,2
25,12,37,38,25,12,0,2,9,9,0,2,2
25,12,37,38,25,12,0,2,10,10,0,2,2
25,12,37,38,25,25,0,2,1,12,0,1,1
25,12,37,38,25,25,0,2,2,12,0,1,1
25,12,37,38,25,25,0,2,3,12,0,1,1
25,12,37,38,25,25,0,2,4,4,0,2,2
25,12,37,38,25,25,0,2,5,5,0,2,2
25,12,37,38,25,25,0,2,6,6,0,2,2
25,12,37,38,25,25,0,2,7,7,0,2,2
25,12,37,38,25,25,0,2,8,8,0,2,2
25,12,37,38,25,25,0,2,9,9,0,2,2
25,12,37,38,25,25,0,2,10,10,0,2,2
25,12,37,38,25,25,0,2,11,11,0,2,2
25,12,37,38,25,25,0,2,12,12,0,1,2
25,12,37,38,25,25,0,2,13,11,1,2,2
25,12,37,38,25,25,0,2,14,10,1,2,1
25,12,37,38,25,25,0,2,15,9,1,2,2
25,12,37,38,25,25,0,2,16,8,1,2,1
25,12,37,38,25,25,0,2,17,7,1,2,1
25,12,37,38,25,25,0,2,18,6,1,2,2
25,12,37,38,25,25,0,2,19,5,1,2,1
25,12,37,38,25,25,0,2,20,4,1,2,1
25,12,37,38,25,25,0,2,21,12,0,1,2
25,12,37,38,25,25,0,2,22,12,0,1,2
25,12,37,38,25,25,0,2,23,12,0,1,2
25,13,38,39,25,13,0,2,1,11,1,2,1
25,13,38,39,25,13,0,2,2,10,1,2,2
25,13,38,39,25,13,0,2,3,9,1,2,1
25,13,38,39,25,13,0,2,4,4,0,2,2
25,13,38,39,25,13,0,2,5,5,0,2,2
25,13,38,39,25,13,0,2,6,6,0,2,2
25,13,38,39,25,13,0,2,7,5,1,2,1
25,13,38,39,25,13,0,2,8,4,1,2,2
25,13,38,39,25,13,0,2,9,9,0,2,2
25,13,38,39,25,13,0,2,10,10,0,2,2
25,13,38,39,25,13,0,2,11,11,0,2,2
25,13,38,39,25,25,0,2,1,13,0,1,1
25,13,38,39,25,25,0,2,2,13,0,1,2
25,13,38,39,25,25,0,2,3,13,0,1,1
25,13,38,39,25,25,0,2,4,4,0,2,2
25,13,38,39,25,25,0,2,5,5,0,2,2
25,13,38,39,25,25,0,2,6,6,0,2,2
25,13,38,39,25,25,0,2,7,7,0,2,2
25,13,38,39,25,25,0,2,8,8,0,2,2
25,13,38,39,25,25,0,2,9,9,0,2,2
25,13,38,39,25,25,0,2,10,10,0,2,2
25,13,38,39,25,25,0,2,11,11,0,2,2
25,13,38,39,25,25,0,2,12,12,0,2,2
25,13,38,39,25,25,0,2,13,11,1,2,2
25,13,38,39,25,25,0,2,14,10,1,2,2
25,13,38,39,25,25,0,2,15,9,1,2,2
25,13,38,39,25,25,0,2,16,8,1,2,2
25,13,38,39,25,25,0,2,17,7,1,2,2
25,13,38,39,25,25,0,2,18,6,1,2,2
25,13,38,39,25,25,0,2,19,5,1,2,2
25,13,38,39,25,25,0,2,20,4,1,2,2
25,13,38,39,25,25,0,2,21,13,0,1,2
25,13,38,39,25,25,0,2,22,13,0,1,2
25,13,38,39,25,25,0,2,23,13,0,1,2
25,14,39,40,25,14,0,2,1,12,1,2,1
25,14,39,40,25,14,0,2,2,11,1,2,2
25,14,39,40,25,14,0,2,3,10,1,2,1
25,14,39,40,25,14,0,2,4,4,0,2,2
25,14,39,40,25,14,0,2,5,5,0,2,2
25,14,39,40,25,14,0,2,6,6,0,2,2
25,14,39,40,25,14,0,2,7,6,1,2,1
25,14,39,40,25,14,0,2,8,5,1,2,1
25,14,39,40,25,14,0,2,9,4,1,2,1
25,14,39,40,25,14,0,2,10,3,1,2,1
25,14,39,40,25,14,0,2,11,11,0,2,2
25,14,39,40,25,14,0,2,12,12,0,2,2
25,14,39,40,25,25,0,2,1,14,0,1,1
25,14,39,40,25,25,0,2,2,14,0,1,1
25,14,39,40,25,25,0,2,3,14,0,1,1
25,14,39,40,25,25,0,2,4,4,0,2,2
25,14,39,40,25,25,0,2,5,5,0,2,2
25,14,39,40,25,25,0,2,6,6,0,2,2
25,14,39,40,25,25,0,2,7,7,0,2,2
25,14,39,40,25,25,0,2,8,8,0,2,2
25,14,39,40,25,25,0,2,9,9,0,2,2
25,14,39,40,25,25,0,2,10,10,0,2,2
25,14,39,40,25,25,0,2,11,11,0,2,2
25,14,39,40,25,25,0,2,12,12,0,2,2
25,14,39,40,25,25,0,2,13,11,1,2,1
25,14,39,40,25,25,0,2,14,10,1,2,1
25,14,39,40,25,25,0,2,15,9,1,2,1
25,14,39,40,25,25,0,2,16,8,1,2,1
25,14,39,40,25,25,0,2,17,7,1,2,1
25,14,39,40,25,25,0,2,18,6,1,2,1
25,14,39,40,25,25,0,2,19,5,1,2,1
25,14,39,40,25,25,0,2,20,4,1,2,1
25,14,39,40,25,25,0,2,21,3,1,2,1
25,14,39,40,25,25,0,2,22,14,0,1,2
25,14,39,40,25,25,0,2,23,14,0,1,1
25,15,40,41,25,15,0,2,1,13,1,2,1
25,15,40,41,25,15,0,2,2,12,1,2,2
25,15,40,41,25,15,0,2,3,11,1,2,1
25,15,40,41,25,15,0,2,4,4,0,2,2
25,15,40,41,25,15,0,2,5,5,0,2,2
25,15,40,41,25,15,0,2,6,6,0,2,2
25,15,40,41,25,15,0,2,7,7,0,2,2
25,15,40,41,25,15,0,2,8,6,1,2,2
25,15,40,41,25,15,0,2,9,5,1,2,2
25,15,40,41,25,15,0,2,10,4,1,2,2
25,15,40,41,25,15,0,2,11,11,0,2,2
25,15,40,41,25,15,0,2,12,12,0,2,2
25,15,40,41,25,15,0,2,13,13,0,2,2
25,15,40,41,25,25,0,2,1,15,0,1,1
25,15,40,41,25,25,0,2,2,15,0,1,2
25,15,40,41,25,25,0,2,3,15,0,1,1
25,15,40,41,25,25,0,2,4,4,0,2,2
25,15,40,41,25,25,0,2,5,5,0,2,2
25,15,40,41,25,25,0,2,6,6,0,2,2
25,15,40,41,25,25,0,2,7,7,0,2,2
25,15,40,41,25,25,0,2,8,8,0,2,2
25,15,40,41,25,25,0,2,9,9,0,2,2
25,15,40,41,25,25,0,2,10,10,0,2,2
25,15,40,41,25,25,0,2,11,11,0,2,2
25,15,40,41,25,25,0,2,12,12,0,2,2
25,15,40,41,25,25,0,2,13,11,1,2,2
25,15,40,41,25,25,0,2,14,10,1,2,2
25,15,40,41,25,25,0,2,15,9,1,2,2
25,15,40,41,25,25,0,2,16,8,1,2,2
25,15,40,41,25,25,0,2,17,7,1,2,2
25,15,40,41,25,25,0,2,18,6,1,2,1
25,15,40,41,25,25,0,2,19,5,1,2,2
25,15,40,41,25,25,0,2,20,4,1,2,2
25,15,40,41,25,25,0,2,21,15,0,1,2
25,15,40,41,25,25,0,2,22,15,0,1,2
25,15,40,41,25,25,0,2,23,15,0,1,2
25,16,41,42,25,16,0,2,1,14,1,2,1
25,16,41,42,25,16,0,2,2,13,1,2,2
25,16,41,42,25,16,0,2,3,12,1,2,1
25,16,41,42,25,16,0,2,4,4,0,2,2
25,16,41,42,25,16,0,2,5,5,0,2,2
25,16,41,42,25,16,0,2,6,6,0,2,2
25,16,41,42,25,16,0,2,7,7,0,2,2
25,16,41,42,25,16,0,2,8,7,1,2,1
25,16,41,42,25,16,0,2,9,6,1,2,1
25,16,41,42,25,16,0,2,10,5,1,2,1
25,16,41,42,25,16,0,2,11,4,1,2,1
25,16,41,42,25,16,0,2,12,3,1,2,1
25,16,41,42,25,16,0,2,13,13,0,2,2
25,16,41,42,25,16,0,2,14,14,0,2,2
25,16,41,42,25,25,0,2,1,16,0,1,1
25,16,41,42,25,25,0,2,2,16,0,1,1
25,16,41,42,25,25,0,2,3,3,0,2,1
25,16,41,42,25,25,0,2,4,4,0,2,2
25,16,41,42,25,25,0,2,5,5,0,2,2
25,16,41,42,25,25,0,2,6,6,0,2,1
25,16,41,42,25,25,0,2,7,7,0,2,2
25,16,41,42,25,25,0,2,8,8,0,2,2
25,16,41,42,25,25,0,2,9,9,0,2,1
25,16,41,42,25,25,0,2,10,10,0,2,2
25,16,41,42,25,25,0,2,11,11,0,2,2
25,16,41,42,25,25,0,2,12,12,0,2,1
25,16,41,42,25,25,0,2,13,11,1,2,1
25,16,41,42,25,25,0,2,14,10,1,2,1
25,16,41,42,25,25,0,2,15,9,1,2,1
25,16,41,42,25,25,0,2,16,8,1,2,1
25,16,41,42,25,25,0,2,17,7,1,2,1
25,16,41,42,25,25,0,2,18,6,1,2,1
25,16,41,42,25,25,0,2,19,5,1,2,1
25,16,41,42,25,25,0,2,20,4,1,2,1
25,16,41,42,25,25,0,2,21,3,1,2,1
25,16,41,42,25,25,0,2,22,16,0,1,2
25,16,41,42,25,25,0,2,23,16,0,1,2
25,17,42,43,25,17,0,2,1,15,1,2,1
25,17,42,43,25,17,0,2,2,14,1,2,2
25,17,42,43,25,17,0,2,3,13,1,2,1
25,17,42,43,25,17,0,2,4,4,0,2,2
25,17,42,43,25,17,0,2,5,5,0,2,2
25,17,42,43,25,17,0,2,6,6,0,2,2
25,17,42,43,25,17,0,2,7,7,0,2,2
25,17,42,43,25,17,0,2,8,8,0,2,2
25,17,42,43,25,17,0,2,9,7,1,2,2
25,17,42,43,25,17,0,2,10,6,1,2,2
25,17,42,43,25,17,0,2,11,5,1,2,2
25,17,42,43,25,17,0,2,12,4,1,2,2
25,17,42,43,25,17,0,2,13,13,0,2,2
25,17,42,43,25,17,0,2,14,14,0,2,2
25,17,42,43,25,17,0,2,15,15,0,2,2
25,17,42,43,25,25,0,2,1,17,0,1,1
25,17,42,43,25,25,0,2,2,17,0,1,2
25,17,42,43,25,25,0,2,3,17,0,1,1
25,17,42,43,25,25,0,2,4,4,0,2,2
25,17,42,43,25,25,0,2,5,5,0,2,2
25,17,42,43,25,25,0,2,6,6,0,2,2
25,17,42,43,25,25,0,2,7,7,0,2,2
25,17,42,43,25,25,0,2,8,8,0,2,2
25,17,42,43,25,25,0,2,9,9,0,2,2
25,17,42,43,25,25,0,2,10,10,0,2,2
25,17,42,43,25,25,0,2,11,11,0,2,2
25,17,42,43,25,25,0,2,12,12,0,2,2
25,17,42,43,25,25,0,2,13,11,1,2,2
25,17,42,43,25,25,0,2,14,10,1,2,2
25,17,42,43,25,25,0,2,15,9,1,2,2
25,17,42,43,25,25,0,2,16,8,1,2,2
25,17,42,43,25,25,0,2,17,7,1,2,3
25,17,42,43,25,25,0,2,18,6,1,2,2
25,17,42,43,25,25,0,2,19,5,1,2,2
25,17,42,43,25,25,0,2,20,17,0,1,2
25,17,42,43,25,25,0,2,21,17,0,1,2
25,17,42,43,25,25,0,2,22,17,0,1,2
25,17,42,43,25,25,0,2,23,17,0,1,2
25,18,43,44,25,18,0,2,1,16,1,2,1
25,18,43,44,25,18,0,2,2,15,1,2,2
25,18,43,44,25,18,0,2,3,14,1,2,1
25,18,43,44,25,18,0,2,4,4,0,2,2
25,18,43,44,25,18,0,2,5,5,0,2,2
25,18,43,44,25,18,0,2,6,6,0,2,2
25,18,43,44,25,18,0,2,7,7,0,2,2
25,18,43,44,25,18,0,2,8,8,0,2,2
25,18,43,44,25,18,0,2,9,8,1,2,1
25,18,43,44,25,18,0,2,10,7,1,2,1
25,18,43,44,25,18,0,2,11,6,1,2,2
25,18,43,44,25,18,0,2,12,5,1,2,1
25,18,43,44,25,18,0,2,13,4,1,2,1
25,18,43,44,25,18,0,2,14,14,0,2,2
25,18,43,44,25,18,0,2,15,15,0,2,2
25,18,43,44,25,18,0,2,16,16,0,2,2
25,18,43,44,25,25,0,2,1,18,0,1,1
25,18,43,44,25,25,0,2,2,18,0,1,1
25,18,43,44,25,25,0,2,3,18,0,1,1
25,18,43,44,25,25,0,2,4,4,0,2,2
25,18,43,44,25,25,0,2,5,5,0,2,2
25,18,43,44,25,25,0,2,6,6,0,2,2
25,18,43,44,25,25,0,2,7,7,0,2,2
25,18,43,44,25,25,0,2,8,8,0,2,2
25,18,43,44,25,25,0,2,9,9,0,2,2
25,18,43,44,25,25,0,2,10,10,0,2,2
25,18,43,44,25,25,0,2,11,11,0,2,2
25,18,43,44,25,25,0,2,12,12,0,2,2
25,18,43,44,25,25,0,2,13,11,1,2,1
25,18,43,44,25,25,0,2,14,10,1,2,1
25,18,43,44,25,25,0,2,15,9,1,2,2
25,18,43,44,25,25,0,2,16,8,1,2,1
25,18,43,44,25,25,0,2,17,7,1,2,1
25,18,43,44,25,25,0,2,18,6,1,2,2
25,18,43,44,25,25,0,2,19,5,1,2,1
25,18,43,44,25,25,0,2,20,4,1,2,1
25,18,43,44,25,25,0,2,21,18,0,1,2
25,18,43,44,25,25,0,2,22,18,0,1,1
25,18,43,44,25,25,0,2,23,18,0,1,2
25,19,44,45,25,19,0,2,1,17,1,2,1
25,19,44,45,25,19,0,2,2,16,1,2,2
25,19,44,45,25,19,0,2,3,15,1,2,1
25,19,44,45,25,19,0,2,4,4,0,2,2
25,19,44,45,25,19,0,2,5,5,0,2,2
25,19,44,45,25,19,0,2,6,6,0,2,2
25,19,44,45,25,19,0,2,7,7,0,2,2
25,19,44,45,25,19,0,2,8,8,0,2,2
25,19,44,45,25,19,0,2,9,9,0,2,2
25,19,44,45,25,19,0,2,10,8,1,2,2
25,19,44,45,25,19,0,2,11,7,1,2,2
25,19,44,45,25,19,0,2,12,6,1,2,2
25,19,44,45,25,19,0,2,13,5,1,2,2
25,19,44,45,25,19,0,2,14,4,1,2,2
25,19,44,45,25,19,0,2,15,15,0,2,2
25,19,44,45,25,19,0,2,16,16,0,2,2
25,19,44,45,25,19,0,2,17,17,0,2,2
25,19,44,45,25,25,0,2,1,19,0,1,1
25,19,44,45,25,25,0,2,2,19,0,1,2
25,19,44,45,25,25,0,2,3,19,0,1,2
25,19,44,45,25,25,0,2,4,4,0,2,2
25,19,44,45,25,25,0,2,5,5,0,2,2
25,19,44,45,25,25,0,2,6,6,0,2,2
25,19,44,45,25,25,0,2,7,7,0,2,2
25,19,44,45,25,25,0,2,8,8,0,2,2
25,19,44,45,25,25,0,2,9,9,0,2,2
25,19,44,45,25,25,0,2,10,10,0,2,2
25,19,44,45,25,25,0,2,11,11,0,2,2
25,19,44,45,25,25,0,2,12,12,0,2,2
25,19,44,45,25,25,0,2,13,11,1,2,2
25,19,44,45,25,25,0,2,14,10,1,2,2
25,19,44,45,25,25,0,2,15,9,1,2,2
25,19,44,45,25,25,0,2,16,8,1,2,2
25,19,44,45,25,25,0,2,17,7,1,2,2
25,19,44,45,25,25,0,2,18,6,1,2,2
25,19,44,45,25,25,0,2,19,5,1,2,2
25,19,44,45,25,25,0,2,20,4,1,2,2
25,19,44,45,25,25,0,2,21,19,0,1,2
25,19,44,45,25,25,0,2,22,19,0,1,2
25,19,44,45,25,25,0,2,23,19,0,1,2
26,2,28,29,26,26,0,2,1,24,1,2,1
26,2,28,29,26,26,0,2,2,23,1,2,2
26,2,28,29,26,26,0,2,3,3,0,2,1
26,2,28,29,26,26,0,2,4,4,0,2,1
26,2,28,29,26,26,0,2,5,5,0,2,1
26,2,28,29,26,26,0,2,6,6,0,2,1
26,2,28,29,26,26,0,2,7,7,0,2,1
26,2,28,29,26,26,0,2,8,8,0,2,1
26,2,28,29,26,26,0,2,9,9,0,2,1
26,2,28,29,26,26,0,2,10,10,0,2,1
26,2,28,29,26,26,0,2,11,11,0,2,1
26,2,28,29,26,26,0,2,12,12,0,2,2
26,2,28,29,26,26,0,2,13,12,1,2,2
26,2,28,29,26,26,0,2,14,11,1,2,1
26,2,28,29,26,26,0,2,15,10,1,2,2
26,2,28,29,26,26,0,2,16,9,1,2,1
26,2,28,29,26,26,0,2,17,8,1,2,1
26,2,28,29,26,26,0,2,18,7,1,2,2
26,2,28,29,26,26,0,2,19,6,1,2,1
26,2,28,29,26,26,0,2,20,5,1,2,2
26,2,28,29,26,26,0,2,21,4,1,2,2
26,2,28,29,26,26,0,2,22,3,1,2,1
26,2,28,29,26,26,0,2,23,23,0,2,1
26,2,28,29,26,26,0,2,24,24,0,2,1
26,3,29,30,26,3,0,2,1,26,0,1,1
26,3,29,30,26,26,0,2,1,3,0,1,1
26,3,29,30,26,26,0,2,2,23,1,2,2
26,3,29,30,26,26,0,2,3,22,1,2,1
26,3,29,30,26,26,0,2,4,4,0,2,2
26,3,29,30,26,26,0,2,5,5,0,2,2
26,3,29,30,26,26,0,2,6,6,0,2,2
26,3,29,30,26,26,0,2,7,7,0,2,2
26,3,29,30,26,26,0,2,8,8,0,2,2
26,3,29,30,26,26,0,2,9,9,0,2,2
26,3,29,30,26,26,0,2,10,10,0,2,2
26,3,29,30,26,26,0,2,11,11,0,2,2
26,3,29,30,26,26,0,2,12,12,0,2,2
26,3,29,30,26,26,0,2,13,12,1,2,2
26,3,29,30,26,26,0,2,14,11,1,2,2
26,3,29,30,26,26,0,2,15,10,1,2,2
26,3,29,30,26,26,0,2,16,9,1,2,2
26,3,29,30,26,26,0,2,17,8,1,2,2
26,3,29,30,26,26,0,2,18,7,1,2,2
26,3,29,30,26,26,0,2,19,6,1,2,2
26,3,29,30,26,26,0,2,20,5,1,2,2
26,3,29,30,26,26,0,2,21,4,1,2,2
26,3,29,30,26,26,0,2,22,22,0,2,2
26,3,29,30,26,26,0,2,23,23,0,2,2
26,3,29,30,26,26,0,2,24,24,0,2,2
26,4,30,31,26,4,0,2,1,26,0,1,1
26,4,30,31,26,4,0,2,2,26,0,1,3
26,4,30,31,26,26,0,2,1,4,0,1,1
26,4,30,31,26,26,0,2,2,23,1,2,2
26,4,30,31,26,26,0,2,3,4,0,1,1
26,4,30,31,26,26,0,2,4,4,0,1,1
26,4,30,31,26,26,0,2,5,5,0,2,2
26,4,30,31,26,26,0,2,6,4,0,1,1
26,4,30,31,26,26,0,2,7,4,0,1,1
26,4,30,31,26,26,0,2,8,8,0,2,2
26,4,30,31,26,26,0,2,9,4,0,1,1
26,4,30,31,26,26,0,2,10,10,0,2,2
26,4,30,31,26,26,0,2,11,11,0,2,2
26,4,30,31,26,26,0,2,12,12,0,2,2
26,4,30,31,26,26,0,2,13,4,0,1,1
26,4,30,31,26,26,0,2,14,11,1,2,2
26,4,30,31,26,26,0,2,15,4,0,1,1
26,4,30,31,26,26,0,2,16,9,1,2,2
26,4,30,31,26,26,0,2,17,8,1,2,2
26,4,30,31,26,26,0,2,18,4,0,1,1
26,4,30,31,26,26,0,2,19,6,1,2,2
26,4,30,31,26,26,0,2,20,5,1,2,2
26,4,30,31,26,26,0,2,21,4,0,1,1
26,4,30,31,26,26,0,2,22,22,0,2,2
26,4,30,31,26,26,0,2,23,23,0,2,2
26,4,30,31,26,26,0,2,24,4,0,1,1
26,5,31,32,26,5,0,2,1,3,1,2,1
26,5,31,32,26,5,0,2,2,26,0,1,1
26,5,31,32,26,5,0,2,3,26,0,1,1
26,5,31,32,26,26,0,2,1,5,0,1,1
26,5,31,32,26,26,0,2,2,5,0,1,2
26,5,31,32,26,26,0,2,3,5,0,1,2
26,5,31,32,26,26,0,2,4,4,0,2,1
26,5,31,32,26,26,0,2,5,5,0,1,2
26,5,31,32,26,26,0,2,6,5,0,1,2
26,5,31,32,26,26,0,2,7,5,0,1,2
26,5,31,32,26,26,0,2,8,5,0,1,2
26,5,31,32,26,26,0,2,9,5,0,1,2
26,5,31,32,26,26,0,2,10,5,0,1,2
26,5,31,32,26,26,0,2,11,5,0,1,2
26,5,31,32,26,26,0,2,12,5,0,1,2
26,5,31,32,26,26,0,2,13,5,0,1,2
26,5,31,32,26,26,0,2,14,5,0,1,2
26,5,31,32,26,26,0,2,15,5,0,1,2
26,5,31,32,26,26,0,2,16,5,0,1,2
26,5,31,32,26,26,0,2,17,5,0,1,2
26,5,31,32,26,26,0,2,18,5,0,1,2
26,5,31,32,26,26,0,2,19,5,0,1,2
26,5,31,32,26,26,0,2,20,5,0,1,2
26,5,31,32,26,26,0,2,21,4,1,2,1
26,5,31,32,26,26,0,2,22,3,1,2,1
26,5,31,32,26,26,0,2,23,5,0,1,2
26,5,31,32,26,26,0,2,24,5,0,1,2
26,6,32,33,26,6,0,2,1,4,1,2,0
26,6,32,33,26,6,0,2,2,26,0,1,2
26,6,32,33,26,6,0,2,3,26,0,1,1
26,6,32,33,26,6,0,2,4,4,0,2,2
26,6,32,33,26,26,0,2,1,6,0,1,2
26,6,32,33,26,26,0,2,2,6,0,1,3
26,6,32,33,26,26,0,2,3,6,0,1,1
26,6,32,33,26,26,0,2,4,4,0,2,2
26,6,32,33,26,26,0,2,5,5,0,2,2
26,6,32,33,26,26,0,2,6,6,0,1,1
26,6,32,33,26,26,0,2,7,6,0,1,3
26,6,32,33,26,26,0,2,8,6,0,1,3
26,6,32,33,26,26,0,2,9,6,0,1,2
26,6,32,33,26,26,0,2,10,6,0,1,3
26,6,32,33,26,26,0,2,11,6,0,1,3
26,6,32,33,26,26,0,2,12,6,0,1,2
26,6,32,33,26,26,0,2,13,6,0,1,3
26,6,32,33,26,26,0,2,14,6,0,1,3
26,6,32,33,26,26,0,2,15,6,0,1,3
26,6,32,33,26,26,0,2,16,6,0,1,2
26,6,32,33,26,26,0,2,17,6,0,1,3
26,6,32,33,26,26,0,2,18,6,0,1,3
26,6,32,33,26,26,0,2,19,6,0,1,2
26,6,32,33,26,26,0,2,20,5,1,2,2
26,6,32,33,26,26,0,2,21,4,1,2,2
26,6,32,33,26,26,0,2,22,6,0,1,2
26,6,32,33,26,26,0,2,23,6,0,1,3
26,6,32,33,26,26,0,2,24,6,0,1,3
26,7,33,34,26,7,0,2,1,5,1,2,1
26,7,33,34,26,7,0,2,2,4,1,2,2
26,7,33,34,26,7,0,2,3,3,0,2,1
26,7,33,34,26,7,0,2,4,4,0,2,2
26,7,33,34,26,7,0,2,5,5,0,2,1
26,7,33,34,26,26,0,2,1,7,0,1,1
26,7,33,34,26,26,0,2,2,7,0,1,1
26,7,33,34,26,26,0,2,3,7,0,1,1
26,7,33,34,26,26,0,2,4,4,0,2,2
26,7,33,34,26,26,0,2,5,5,0,2,2
26,7,33,34,26,26,0,2,6,6,0,2,1
26,7,33,34,26,26,0,2,7,7,0,1,2
26,7,33,34,26,26,0,2,8,7,0,1,2
26,7,33,34,26,26,0,2,9,7,0,1,1
26,7,33,34,26,26,0,2,10,7,0,1,2
26,7,33,34,26,26,0,2,11,7,0,1,1
26,7,33,34,26,26,0,2,12,7,0,1,1
26,7,33,34,26,26,0,2,13,7,0,1,2
26,7,33,34,26,26,0,2,14,7,0,1,1
26,7,33,34,26,26,0,2,15,7,0,1,2
26,7,33,34,26,26,0,2,16,7,0,1,2
26,7,33,34,26,26,0,2,17,7,0,1,1
26,7,33,34,26,26,0,2,18,7,0,1,2
26,7,33,34,26,26,0,2,19,6,1,2,1
26,7,33,34,26,26,0,2,20,5,1,2,1
26,7,33,34,26,26,0,2,21,4,1,2,2
26,7,33,34,26,26,0,2,22,3,1,2,1
26,7,33,34,26,26,0,2,23,7,0,1,2
26,7,33,34,26,26,0,2,24,7,0,1,1
26,8,34,35,26,8,0,2,1,6,1,2,0
26,8,34,35,26,8,0,2,2,5,1,2,1
26,8,34,35,26,8,0,2,3,4,1,2,1
26,8,34,35,26,8,0,2,4,3,1,2,1
26,8,34,35,26,8,0,2,5,5,0,2,2
26,8,34,35,26,8,0,2,6,6,0,2,2
26,8,34,35,26,26,0,2,1,8,0,1,1
26,8,34,35,26,26,0,2,2,8,0,1,2
26,8,34,35,26,26,0,2,3,8,0,1,2
26,8,34,35,26,26,0,2,4,4,0,2,2
26,8,34,35,26,26,0,2,5,5,0,2,2
26,8,34,35,26,26,0,2,6,6,0,2,2
26,8,34,35,26,26,0,2,7,7,0,2,2
26,8,34,35,26,26,0,2,8,8,0,1,2
26,8,34,35,26,26,0,2,9,8,0,1,2
26,8,34,35,26,26,0,2,10,8,0,1,2
26,8,34,35,26,26,0,2,11,8,0,1,2
26,8,34,35,26,26,0,2,12,8,0,1,2
26,8,34,35,26,26,0,2,13,8,0,1,2
26,8,34,35,26,26,0,2,14,8,0,1,2
26,8,34,35,26,26,0,2,15,8,0,1,2
26,8,34,35,26,26,0,2,16,8,0,1,2
26,8,34,35,26,26,0,2,17,8,0,1,2
26,8,34,35,26,26,0,2,18,7,1,2,2
26,8,34,35,26,26,0,2,19,6,1,2,1
26,8,34,35,26,26,0,2,20,5,1,2,2
26,8,34,35,26,26,0,2,21,4,1,2,2
26,8,34,35,26,26,0,2,22,3,1,2,1
26,8,34,35,26,26,0,2,23,8,0,1,2
26,8,34,35,26,26,0,2,24,8,0,1,2
26,9,35,36,26,9,0,2,1,7,1,2,1
26,9,35,36,26,9,0,2,2,6,1,2,2
26,9,35,36,26,9,0,2,3,3,0,2,1
26,9,35,36,26,9,0,2,4,4,0,2,1
26,9,35,36,26,9,0,2,5,5,0,2,2
26,9,35,36,26,9,0,2,6,6,0,2,1
26,9,35,36,26,9,0,2,7,7,0,2,1
26,9,35,36,26,26,0,2,1,9,0,1,1
26,9,35,36,26,26,0,2,2,9,0,1,1
26,9,35,36,26,26,0,2,3,9,0,1,1
26,9,35,36,26,26,0,2,4,4,0,2,2
26,9,35,36,26,26,0,2,5,5,0,2,2
26,9,35,36,26,26,0,2,6,6,0,2,2
26,9,35,36,26,26,0,2,7,7,0,2,2
26,9,35,36,26,26,0,2,8,8,0,2,2
26,9,35,36,26,26,0,2,9,9,0,1,2
26,9,35,36,26,26,0,2,10,9,0,1,2
26,9,35,36,26,26,0,2,11,9,0,1,2
26,9,35,36,26,26,0,2,12,9,0,1,2
26,9,35,36,26,26,0,2,13,9,0,1,2
26,9,35,36,26,26,0,2,14,9,0,1,2
26,9,35,36,26,26,0,2,15,9,0,1,2
26,9,35,36,26,26,0,2,16,9,0,1,2
26,9,35,36,26,26,0,2,17,8,1,2,1
26,9,35,36,26,26,0,2,18,7,1,2,1
26,9,35,36,26,26,0,2,19,6,1,2,1
26,9,35,36,26,26,0,2,20,5,1,2,1
26,9,35,36,26,26,0,2,21,4,1,2,1
26,9,35,36,26,26,0,2,22,9,0,1,2
26,9,35,36,26,26,0,2,23,9,0,1,2
26,9,35,36,26,26,0,2,24,9,0,1,2
26,10,36,37,26,10,0,2,1,8,1,2,1
26,10,36,37,26,10,0,2,2,7,1,2,1
26,10,36,37,26,10,0,2,3,6,1,2,1
26,10,36,37,26,10,0,2,4,4,0,2,2
26,10,36,37,26,10,0,2,5,4,1,2,2
26,10,36,37,26,10,0,2,6,3,1,2,1
26,10,36,37,26,10,0,2,7,7,0,2,2
26,10,36,37,26,10,0,2,8,8,0,2,2
26,10,36,37,26,26,0,2,1,10,0,1,1
26,10,36,37,26,26,0,2,2,10,0,1,2
26,10,36,37,26,26,0,2,3,10,0,1,1
26,10,36,37,26,26,0,2,4,4,0,2,2
26,10,36,37,26,26,0,2,5,5,0,2,2
26,10,36,37,26,26,0,2,6,6,0,2,2
26,10,36,37,26,26,0,2,7,7,0,2,2
26,10,36,37,26,26,0,2,8,8,0,2,2
26,10,36,37,26,26,0,2,9,9,0,2,2
26,10,36,37,26,26,0,2,10,10,0,1,2
26,10,36,37,26,26,0,2,11,10,0,1,2
26,10,36,37,26,26,0,2,12,10,0,1,2
26,10,36,37,26,26,0,2,13,10,0,1,2
26,10,36,37,26,26,0,2,14,10,0,1,2
26,10,36,37,26,26,0,2,15,10,0,1,2
26,10,36,37,26,26,0,2,16,9,1,2,2
26,10,36,37,26,26,0,2,17,8,1,2,2
26,10,36,37,26,26,0,2,18,7,1,2,2
26,10,36,37,26,26,0,2,19,6,1,2,2
26,10,36,37,26,26,0,2,20,5,1,2,2
26,10,36,37,26,26,0,2,21,4,1,2,2
26,10,36,37,26,26,0,2,22,10,0,1,2
26,10,36,37,26,26,0,2,23,10,0,1,2
26,10,36,37,26,26,0,2,24,10,0,1,2
26,11,37,38,26,11,0,2,1,9,1,2,1
26,11,37,38,26,11,0,2,2,8,1,2,2
26,11,37,38,26,11,0,2,3,7,1,2,1
26,11,37,38,26,11,0,2,4,4,0,2,2
26,11,37,38,26,11,0,2,5,5,0,2,2
26,11,37,38,26,11,0,2,6,4,1,2,1
26,11,37,38,26,11,0,2,7,3,1,2,1
26,11,37,38,26,11,0,2,8,8,0,2,2
26,11,37,38,26,11,0,2,9,9,0,2,2
26,11,37,38,26,26,0,2,1,11,0,1,1
26,11,37,38,26,26,0,2,2,11,0,1,1
26,11,37,38,26,26,0,2,3,11,0,1,2
26,11,37,38,26,26,0,2,4,4,0,2,1
26,11,37,38,26,26,0,2,5,5,0,2,2
26,11,37,38,26,26,0,2,6,6,0,2,2
26,11,37,38,26,26,0,2,7,7,0,2,1
26,11,37,38,26,26,0,2,8,8,0,2,2
26,11,37,38,26,26,0,2,9,9,0,2,2
26,11,37,38,26,26,0,2,10,10,0,2,1
26,11,37,38,26,26,0,2,11,11,0,1,2
26,11,37,38,26,26,0,2,12,11,0,1,2
26,11,37,38,26,26,0,2,13,11,0,1,2
26,11,37,38,26,26,0,2,14,11,0,1,1
26,11,37,38,26,26,0,2,15,10,1,2,1
26,11,37,38,26,26,0,2,16,9,1,2,1
26,11,37,38,26,26,0,2,17,8,1,2,1
26,11,37,38,26,26,0,2,18,7,1,2,1
26,11,37,38,26,26,0,2,19,6,1,2,1
26,11,37,38,26,26,0,2,20,5,1,2,1
26,11,37,38,26,26,0,2,21,4,1,2,1
26,11,37,38,26,26,0,2,22,3,1,2,1
26,11,37,38,26,26,0,2,23,11,0,1,2
26,11,37,38,26,26,0,2,24,11,0,1,2
26,12,38,39,26,12,0,2,1,10,1,2,0
26,12,38,39,26,12,0,2,2,9,1,2,2
26,12,38,39,26,12,0,2,3,8,1,2,1
26,12,38,39,26,12,0,2,4,4,0,2,2
26,12,38,39,26,12,0,2,5,5,0,2,2
26,12,38,39,26,12,0,2,6,5,1,2,1
26,12,38,39,26,12,0,2,7,4,1,2,2
26,12,38,39,26,12,0,2,8,8,0,2,2
26,12,38,39,26,12,0,2,9,9,0,2,2
26,12,38,39,26,12,0,2,10,10,0,2,2
26,12,38,39,26,26,0,2,1,12,0,1,1
26,12,38,39,26,26,0,2,2,12,0,1,2
26,12,38,39,26,26,0,2,3,12,0,1,1
26,12,38,39,26,26,0,2,4,4,0,2,2
26,12,38,39,26,26,0,2,5,5,0,2,2
26,12,38,39,26,26,0,2,6,6,0,2,2
26,12,38,39,26,26,0,2,7,7,0,2,2
26,12,38,39,26,26,0,2,8,8,0,2,2
26,12,38,39,26,26,0,2,9,9,0,2,2
26,12,38,39,26,26,0,2,10,10,0,2,2
26,12,38,39,26,26,0,2,11,11,0,2,2
26,12,38,39,26,26,0,2,12,12,0,1,2
26,12,38,39,26,26,0,2,13,12,0,1,2
26,12,38,39,26,26,0,2,14,11,1,2,2
26,12,38,39,26,26,0,2,15,10,1,2,2
26,12,38,39,26,26,0,2,16,9,1,2,2
26,12,38,39,26,26,0,2,17,8,1,2,2
26,12,38,39,26,26,0,2,18,7,1,2,2
26,12,38,39,26,26,0,2,19,6,1,2,2
26,12,38,39,26,26,0,2,20,5,1,2,2
26,12,38,39,26,26,0,2,21,4,1,2,2
26,12,38,39,26,26,0,2,22,12,0,1,2
26,12,38,39,26,26,0,2,23,12,0,1,2
26,12,38,39,26,26,0,2,24,12,0,1,2
26,13,39,40,26,13,0,2,1,11,1,2,1
26,13,39,40,26,13,0,2,2,10,1,2,2
26,13,39,40,26,13,0,2,3,3,0,2,1
26,13,39,40,26,13,0,2,4,4,0,2,2
26,13,39,40,26,13,0,2,5,5,0,2,1
26,13,39,40,26,13,0,2,6,6,0,2,1
26,13,39,40,26,13,0,2,7,5,1,2,1
26,13,39,40,26,13,0,2,8,4,1,2,1
26,13,39,40,26,13,0,2,9,3,1,2,1
26,13,39,40,26,13,0,2,10,10,0,2,2
26,13,39,40,26,13,0,2,11,11,0,2,1
26,13,39,40,26,26,0,2,1,13,0,1,1
26,13,39,40,26,26,0,2,2,13,0,1,1
26,13,39,40,26,26,0,2,3,3,0,2,1
26,13,39,40,26,26,0,2,4,4,0,2,2
26,13,39,40,26,26,0,2,5,5,0,2,2
26,13,39,40,26,26,0,2,6,6,0,2,1
26,13,39,40,26,26,0,2,7,7,0,2,2
26,13,39,40,26,26,0,2,8,8,0,2,2
26,13,39,40,26,26,0,2,9,9,0,2,2
26,13,39,40,26,26,0,2,10,10,0,2,2
26,13,39,40,26,26,0,2,11,11,0,2,2
26,13,39,40,26,26,0,2,12,12,0,2,2
26,13,39,40,26,26,0,2,13,12,1,2,1
26,13,39,40,26,26,0,2,14,11,1,2,1
26,13,39,40,26,26,0,2,15,10,1,2,1
26,13,39,40,26,26,0,2,16,9,1,2,2
26,13,39,40,26,26,0,2,17,8,1,2,1
26,13,39,40,26,26,0,2,18,7,1,2,1
26,13,39,40,26,26,0,2,19,6,1,2,2
26,13,39,40,26,26,0,2,20,5,1,2,1
26,13,39,40,26,26,0,2,21,4,1,2,1
26,13,39,40,26,26,0,2,22,3,1,2,1
26,13,39,40,26,26,0,2,23,13,0,1,2
26,13,39,40,26,26,0,2,24,13,0,1,2
26,14,40,41,26,14,0,2,1,12,1,2,0
26,14,40,41,26,14,0,2,2,11,1,2,1
26,14,40,41,26,14,0,2,3,10,1,2,1
26,14,40,41,26,14,0,2,4,4,0,2,2
26,14,40,41,26,14,0,2,5,5,0,2,2
26,14,40,41,26,14,0,2,6,6,0,2,2
26,14,40,41,26,14,0,2,7,6,1,2,1
26,14,40,41,26,14,0,2,8,5,1,2,2
26,14,40,41,26,14,0,2,9,4,1,2,2
26,14,40,41,26,14,0,2,10,10,0,2,2
26,14,40,41,26,14,0,2,11,11,0,2,2
26,14,40,41,26,14,0,2,12,12,0,2,2
26,14,40,41,26,26,0,2,1,14,0,1,1
26,14,40,41,26,26,0,2,2,14,0,1,2
26,14,40,41,26,26,0,2,3,14,0,1,1
26,14,40,41,26,26,0,2,4,4,0,2,2
26,14,40,41,26,26,0,2,5,5,0,2,2
26,14,40,41,26,26,0,2,6,6,0,2,2
26,14,40,41,26,26,0,2,7,7,0,2,2
26,14,40,41,26,26,0,2,8,8,0,2,2
26,14,40,41,26,26,0,2,9,9,0,2,2
26,14,40,41,26,26,0,2,10,10,0,2,2
26,14,40,41,26,26,0,2,11,11,0,2,2
26,14,40,41,26,26,0,2,12,12,0,2,2
26,14,40,41,26,26,0,2,13,12,1,2,2
26,14,40,41,26,26,0,2,14,11,1,2,2
26,14,40,41,26,26,0,2,15,10,1,2,2
26,14,40,41,26,26,0,2,16,9,1,2,2
26,14,40,41,26,26,0,2,17,8,1,2,2
26,14,40,41,26,26,0,2,18,7,1,2,2
26,14,40,41,26,26,0,2,19,6,1,2,2
26,14,40,41,26,26,0,2,20,5,1,2,2
26,14,40,41,26,26,0,2,21,4,1,2,2
26,14,40,41,26,26,0,2,22,14,0,1,2
26,14,40,41,26,26,0,2,23,14,0,1,2
26,14,40,41,26,26,0,2,24,14,0,1,2
26,15,41,42,26,15,0,2,1,13,1,2,1
26,15,41,42,26,15,0,2,2,12,1,2,2
26,15,41,42,26,15,0,2,3,3,0,2,1
26,15,41,42,26,15,0,2,4,4,0,2,1
26,15,41,42,26,15,0,2,5,5,0,2,2
26,15,41,42,26,15,0,2,6,6,0,2,1
26,15,41,42,26,15,0,2,7,7,0,2,1
26,15,41,42,26,15,0,2,8,6,1,2,2
26,15,41,42,26,15,0,2,9,5,1,2,1
26,15,41,42,26,15,0,2,10,4,1,2,1
26,15,41,42,26,15,0,2,11,3,1,2,1
26,15,41,42,26,15,0,2,12,12,0,2,1
26,15,41,42,26,15,0,2,13,13,0,2,1
26,15,41,42,26,26,0,2,1,15,0,1,1
26,15,41,42,26,26,0,2,2,15,0,1,1
26,15,41,42,26,26,0,2,3,15,0,1,1
26,15,41,42,26,26,0,2,4,4,0,2,2
26,15,41,42,26,26,0,2,5,5,0,2,2
26,15,41,42,26,26,0,2,6,6,0,2,2
26,15,41,42,26,26,0,2,7,7,0,2,1
26,15,41,42,26,26,0,2,8,8,0,2,2
26,15,41,42,26,26,0,2,9,9,0,2,2
26,15,41,42,26,26,0,2,10,10,0,2,1
26,15,41,42,26,26,0,2,11,11,0,2,2
26,15,41,42,26,26,0,2,12,12,0,2,2
26,15,41,42,26,26,0,2,13,12,1,2,1
26,15,41,42,26,26,0,2,14,11,1,2,1
26,15,41,42,26,26,0,2,15,10,1,2,1
26,15,41,42,26,26,0,2,16,9,1,2,1
26,15,41,42,26,26,0,2,17,8,1,2,1
26,15,41,42,26,26,0,2,18,7,1,2,1
26,15,41,42,26,26,0,2,19,6,1,2,1
26,15,41,42,26,26,0,2,20,5,1,2,1
26,15,41,42,26,26,0,2,21,4,1,2,1
26,15,41,42,26,26,0,2,22,3,1,2,1
26,15,41,42,26,26,0,2,23,15,0,1,2
26,15,41,42,26,26,0,2,24,15,0,1,2
26,16,42,43,26,16,0,2,1,14,1,2,1
26,16,42,43,26,16,0,2,2,13,1,2,1
26,16,42,43,26,16,0,2,3,12,1,2,1
26,16,42,43,26,16,0,2,4,4,0,2,2
26,16,42,43,26,16,0,2,5,5,0,2,2
26,16,42,43,26,16,0,2,6,6,0,2,2
26,16,42,43,26,16,0,2,7,7,0,2,2
26,16,42,43,26,16,0,2,8,7,1,2,2
26,16,42,43,26,16,0,2,9,6,1,2,2
26,16,42,43,26,16,0,2,10,5,1,2,2
26,16,42,43,26,16,0,2,11,4,1,2,2
26,16,42,43,26,16,0,2,12,12,0,2,2
26,16,42,43,26,16,0,2,13,13,0,2,2
26,16,42,43,26,16,0,2,14,14,0,2,2
26,16,42,43,26,26,0,2,1,16,0,1,1
26,16,42,43,26,26,0,2,2,16,0,1,2
26,16,42,43,26,26,0,2,3,16,0,1,1
26,16,42,43,26,26,0,2,4,4,0,2,2
26,16,42,43,26,26,0,2,5,5,0,2,2
26,16,42,43,26,26,0,2,6,6,0,2,2
26,16,42,43,26,26,0,2,7,7,0,2,2
26,16,42,43,26,26,0,2,8,8,0,2,2
26,16,42,43,26,26,0,2,9,9,0,2,2
26,16,42,43,26,26,0,2,10,10,0,2,2
26,16,42,43,26,26,0,2,11,11,0,2,2
26,16,42,43,26,26,0,2,12,12,0,2,2
26,16,42,43,26,26,0,2,13,12,1,2,2
26,16,42,43,26,26,0,2,14,11,1,2,2
26,16,42,43,26,26,0,2,15,10,1,2,2
26,16,42,43,26,26,0,2,16,9,1,2,2
26,16,42,43,26,26,0,2,17,8,1,2,2
26,16,42,43,26,26,0,2,18,7,1,2,2
26,16,42,43,26,26,0,2,19,6,1,2,1
26,16,42,43,26,26,0,2,20,5,1,2,2
26,16,42,43,26,26,0,2,21,4,1,2,2
26,16,42,43,26,26,0,2,22,16,0,1,2
26,16,42,43,26,26,0,2,23,16,0,1,2
26,16,42,43,26,26,0,2,24,16,0,1,2
26,17,43,44,26,17,0,2,1,15,1,2,1
26,17,43,44,26,17,0,2,2,14,1,2,2
26,17,43,44,26,17,0,2,3,13,1,2,1
26,17,43,44,26,17,0,2,4,4,0,2,2
26,17,43,44,26,17,0,2,5,5,0,2,2
26,17,43,44,26,17,0,2,6,6,0,2,2
26,17,43,44,26,17,0,2,7,7,0,2,2
26,17,43,44,26,17,0,2,8,8,0,2,2
26,17,43,44,26,17,0,2,9,7,1,2,1
26,17,43,44,26,17,0,2,10,6,1,2,1
26,17,43,44,26,17,0,2,11,5,1,2,1
26,17,43,44,26,17,0,2,12,4,1,2,1
26,17,43,44,26,17,0,2,13,3,1,2,1
26,17,43,44,26,17,0,2,14,14,0,2,2
26,17,43,44,26,17,0,2,15,15,0,2,2
26,17,43,44,26,26,0,2,1,17,0,1,1
26,17,43,44,26,26,0,2,2,17,0,1,1
26,17,43,44,26,26,0,2,3,17,0,1,1
26,17,43,44,26,26,0,2,4,4,0,2,2
26,17,43,44,26,26,0,2,5,5,0,2,2
26,17,43,44,26,26,0,2,6,6,0,2,2
26,17,43,44,26,26,0,2,7,7,0,2,2
26,17,43,44,26,26,0,2,8,8,0,2,2
26,17,43,44,26,26,0,2,9,9,0,2,2
26,17,43,44,26,26,0,2,10,10,0,2,2
26,17,43,44,26,26,0,2,11,11,0,2,2
26,17,43,44,26,26,0,2,12,12,0,2,2
26,17,43,44,26,26,0,2,13,12,1,2,1
26,17,43,44,26,26,0,2,14,11,1,2,1
26,17,43,44,26,26,0,2,15,10,1,2,1
26,17,43,44,26,26,0,2,16,9,1,2,1
26,17,43,44,26,26,0,2,17,8,1,2,1
26,17,43,44,26,26,0,2,18,7,1,2,1
26,17,43,44,26,26,0,2,19,6,1,2,1
26,17,43,44,26,26,0,2,20,5,1,2,1
26,17,43,44,26,26,0,2,21,4,1,2,1
26,17,43,44,26,26,0,2,22,3,1,2,1
26,17,43,44,26,26,0,2,23,17,0,1,2
26,17,43,44,26,26,0,2,24,17,0,1,2
26,18,44,45,26,18,0,2,1,16,1,2,0
26,18,44,45,26,18,0,2,2,15,1,2,2
26,18,44,45,26,18,0,2,3,14,1,2,1
26,18,44,45,26,18,0,2,4,4,0,2,2
26,18,44,45,26,18,0,2,5,5,0,2,2
26,18,44,45,26,18,0,2,6,6,0,2,2
26,18,44,45,26,18,0,2,7,7,0,2,2
26,18,44,45,26,18,0,2,8,8,0,2,2
26,18,44,45,26,18,0,2,9,8,1,2,2
26,18,44,45,26,18,0,2,10,7,1,2,2
26,18,44,45,26,18,0,2,11,6,1,2,2
26,18,44,45,26,18,0,2,12,5,1,2,2
26,18,44,45,26,18,0,2,13,4,1,2,2
26,18,44,45,26,18,0,2,14,14,0,2,2
26,18,44,45,26,18,0,2,15,15,0,2,2
26,18,44,45,26,18,0,2,16,16,0,2,2
26,18,44,45,26,26,0,2,1,18,0,1,1
26,18,44,45,26,26,0,2,2,18,0,1,2
26,18,44,45,26,26,0,2,3,18,0,1,1
26,18,44,45,26,26,0,2,4,4,0,2,2
26,18,44,45,26,26,0,2,5,5,0,2,2
26,18,44,45,26,26,0,2,6,6,0,2,2
26,18,44,45,26,26,0,2,7,7,0,2,2
26,18,44,45,26,26,0,2,8,8,0,2,2
26,18,44,45,26,26,0,2,9,9,0,2,2
26,18,44,45,26,26,0,2,10,10,0,2,2
26,18,44,45,26,26,0,2,11,11,0,2,2
26,18,44,45,26,26,0,2,12,12,0,2,2
26,18,44,45,26,26,0,2,13,12,1,2,2
26,18,44,45,26,26,0,2,14,11,1,2,2
26,18,44,45,26,26,0,2,15,10,1,2,2
26,18,44,45,26,26,0,2,16,9,1,2,2
26,18,44,45,26,26,0,2,17,8,1,2,2
26,18,44,45,26,26,0,2,18,7,1,2,3
26,18,44,45,26,26,0,2,19,6,1,2,2
26,18,44,45,26,26,0,2,20,5,1,2,2
26,18,44,45,26,26,0,2,21,18,0,1,2
26,18,44,45,26,26,0,2,22,18,0,1,2
26,18,44,45,26,26,0,2,23,18,0,1,2
26,18,44,45,26,26,0,2,24,18,0,1,2
27,2,29,30,27,27,0,2,1,25,1,2,0
27,2,29,30,27,27,0,2,2,24,1,2,1
27,2,29,30,27,27,0,2,3,23,1,2,1
27,2,29,30,27,27,0,2,4,4,0,2,2
27,2,29,30,27,27,0,2,5,5,0,2,2
27,2,29,30,27,27,0,2,6,6,0,2,2
27,2,29,30,27,27,0,2,7,7,0,2,2
27,2,29,30,27,27,0,2,8,8,0,2,2
27,2,29,30,27,27,0,2,9,9,0,2,2
27,2,29,30,27,27,0,2,10,10,0,2,2
27,2,29,30,27,27,0,2,11,11,0,2,2
27,2,29,30,27,27,0,2,12,12,0,2,2
27,2,29,30,27,27,0,2,13,13,0,2,3
27,2,29,30,27,27,0,2,14,12,1,2,2
27,2,29,30,27,27,0,2,15,11,1,2,1
27,2,29,30,27,27,0,2,16,10,1,2,1
27,2,29,30,27,27,0,2,17,9,1,2,1
27,2,29,30,27,27,0,2,18,8,1,2,1
27,2,29,30,27,27,0,2,19,7,1,2,1
27,2,29,30,27,27,0,2,20,6,1,2,1
27,2,29,30,27,27,0,2,21,5,1,2,1
27,2,29,30,27,27,0,2,22,4,1,2,1
27,2,29,30,27,27,0,2,23,3,1,2,1
27,2,29,30,27,27,0,2,24,24,0,2,2
27,2,29,30,27,27,0,2,25,25,0,2,2
27,3,30,31,27,3,0,2,1,27,0,1,2
27,3,30,31,27,27,0,2,1,25,1,2,1
27,3,30,31,27,27,0,2,2,24,1,2,2
27,3,30,31,27,27,0,2,3,23,1,2,2
27,3,30,31,27,27,0,2,4,4,0,2,2
27,3,30,31,27,27,0,2,5,5,0,2,2
27,3,30,31,27,27,0,2,6,6,0,2,2
27,3,30,31,27,27,0,2,7,7,0,2,2
27,3,30,31,27,27,0,2,8,8,0,2,2
27,3,30,31,27,27,0,2,9,9,0,2,2
27,3,30,31,27,27,0,2,10,10,0,2,2
27,3,30,31,27,27,0,2,11,11,0,2,2
27,3,30,31,27,27,0,2,12,12,0,2,2
27,3,30,31,27,27,0,2,13,13,0,2,2
27,3,30,31,27,27,0,2,14,12,1,2,2
27,3,30,31,27,27,0,2,15,11,1,2,2
27,3,30,31,27,27,0,2,16,10,1,2,2
27,3,30,31,27,27,0,2,17,9,1,2,2
27,3,30,31,27,27,0,2,18,8,1,2,2
27,3,30,31,27,27,0,2,19,7,1,2,2
27,3,30,31,27,27,0,2,20,6,1,2,2
27,3,30,31,27,27,0,2,21,5,1,2,2
27,3,30,31,27,27,0,2,22,4,1,2,2
27,3,30,31,27,27,0,2,23,23,0,2,2
27,3,30,31,27,27,0,2,24,24,0,2,2
27,3,30,31,27,27,0,2,25,25,0,2,2
27,4,31,32,27,4,0,2,1,27,0,1,1
27,4,31,32,27,4,0,2,2,27,0,1,2
27,4,31,32,27,27,0,2,1,4,0,1,1
27,4,31,32,27,27,0,2,2,4,0,1,1
27,4,31,32,27,27,0,2,3,4,0,1,1
27,4,31,32,27,27,0,2,4,4,0,1,1
27,4,31,32,27,27,0,2,5,4,0,1,1
27,4,31,32,27,27,0,2,6,4,0,1,1
27,4,31,32,27,27,0,2,7,7,0,2,2
27,4,31,32,27,27,0,2,8,4,0,1,1
27,4,31,32,27,27,0,2,9,9,0,2,2
27,4,31,32,27,27,0,2,10,10,0,2,2
27,4,31,32,27,27,0,2,11,4,0,1,1
27,4,31,32,27,27,0,2,12,12,0,2,2
27,4,31,32,27,27,0,2,13,4,0,1,1
27,4,31,32,27,27,0,2,14,4,0,1,1
27,4,31,32,27,27,0,2,15,11,1,2,2
27,4,31,32,27,27,0,2,16,4,0,1,1
27,4,31,32,27,27,0,2,17,9,1,2,2
27,4,31,32,27,27,0,2,18,4,0,1,1
27,4,31,32,27,27,0,2,19,4,0,1,1
27,4,31,32,27,27,0,2,20,6,1,2,2
27,4,31,32,27,27,0,2,21,4,0,1,1
27,4,31,32,27,27,0,2,22,4,0,1,1
27,4,31,32,27,27,0,2,23,23,0,2,2
27,4,31,32,27,27,0,2,24,4,0,1,1
27,4,31,32,27,27,0,2,25,4,0,1,1
27,5,32,33,27,5,0,2,1,3,1,2,1
27,5,32,33,27,5,0,2,2,27,0,1,2
27,5,32,33,27,5,0,2,3,27,0,1,1
27,5,32,33,27,27,0,2,1,5,0,1,2
27,5,32,33,27,27,0,2,2,5,0,1,2
27,5,32,33,27,27,0,2,3,5,0,1,2
27,5,32,33,27,27,0,2,4,4,0,2,2
27,5,32,33,27,27,0,2,5,5,0,1,2
27,5,32,33,27,27,0,2,6,5,0,1,2
27,5,32,33,27,27,0,2,7,5,0,1,2
27,5,32,33,27,27,0,2,8,5,0,1,2
27,5,32,33,27,27,0,2,9,5,0,1,2
27,5,32,33,27,27,0,2,10,5,0,1,2
27,5,32,33,27,27,0,2,11,5,0,1,2
27,5,32,33,27,27,0,2,12,5,0,1,2
27,5,32,33,27,27,0,2,13,5,0,1,2
27,5,32,33,27,27,0,2,14,5,0,1,2
27,5,32,33,27,27,0,2,15,5,0,1,2
27,5,32,33,27,27,0,2,16,5,0,1,2
27,5,32,33,27,27,0,2,17,5,0,1,2
27,5,32,33,27,27,0,2,18,5,0,1,2
27,5,32,33,27,27,0,2,19,5,0,1,2
27,5,32,33,27,27,0,2,20,5,0,1,2
27,5,32,33,27,27,0,2,21,5,0,1,2
27,5,32,33,27,27,0,2,22,4,1,2,2
27,5,32,33,27,27,0,2,23,5,0,1,2
27,5,32,33,27,27,0,2,24,5,0,1,2
27,5,32,33,27,27,0,2,25,5,0,1,2
27,6,33,34,27,6,0,2,1,4,1,2,1
27,6,33,34,27,6,0,2,2,27,0,1,1
27,6,33,34,27,6,0,2,3,27,0,1,2
27,6,33,34,27,6,0,2,4,4,0,2,2
27,6,33,34,27,27,0,2,1,6,0,1,1
27,6,33,34,27,27,0,2,2,6,0,1,2
27,6,33,34,27,27,0,2,3,6,0,1,2
27,6,33,34,27,27,0,2,4,4,0,2,2
27,6,33,34,27,27,0,2,5,5,0,2,2
27,6,33,34,27,27,0,2,6,6,0,1,2
27,6,33,34,27,27,0,2,7,6,0,1,2
27,6,33,34,27,27,0,2,8,6,0,1,3
27,6,33,34,27,27,0,2,9,6,0,1,3
27,6,33,34,27,27,0,2,10,6,0,1,2
27,6,33,34,27,27,0,2,11,6,0,1,3
27,6,33,34,27,27,0,2,12,6,0,1,3
27,6,33,34,27,27,0,2,13,6,0,1,3
27,6,33,34,27,27,0,2,14,6,0,1,2
27,6,33,34,27,27,0,2,15,6,0,1,3
27,6,33,34,27,27,0,2,16,6,0,1,3
27,6,33,34,27,27,0,2,17,6,0,1,2
27,6,33,34,27,27,0,2,18,6,0,1,3
27,6,33,34,27,27,0,2,19,6,0,1,3
27,6,33,34,27,27,0,2,20,6,0,1,2
27,6,33,34,27,27,0,2,21,5,1,2,2
27,6,33,34,27,27,0,2,22,4,1,2,2
27,6,33,34,27,27,0,2,23,6,0,1,2
27,6,33,34,27,27,0,2,24,6,0,1,3
27,6,33,34,27,27,0,2,25,6,0,1,2
27,7,34,35,27,7,0,2,1,5,1,2,1
27,7,34,35,27,7,0,2,2,4,1,2,2
27,7,34,35,27,7,0,2,3,3,1,2,1
27,7,34,35,27,7,0,2,4,4,0,2,2
27,7,34,35,27,7,0,2,5,5,0,2,2
27,7,34,35,27,27,0,2,1,7,0,1,1
27,7,34,35,27,27,0,2,2,7,0,1,4
27,7,34,35,27,27,0,2,3,7,0,1,1
27,7,34,35,27,27,0,2,4,4,0,2,2
27,7,34,35,27,27,0,2,5,5,0,2,2
27,7,34,35,27,27,0,2,6,6,0,2,2
27,7,34,35,27,27,0,2,7,7,0,1,1
27,7,34,35,27,27,0,2,8,7,0,1,2
27,7,34,35,27,27,0,2,9,7,0,1,1
27,7,34,35,27,27,0,2,10,7,0,1,2
27,7,34,35,27,27,0,2,11,7,0,1,2
27,7,34,35,27,27,0,2,12,7,0,1,2
27,7,34,35,27,27,0,2,13,7,0,1,2
27,7,34,35,27,27,0,2,14,7,0,1,2
27,7,34,35,27,27,0,2,15,7,0,1,2
27,7,34,35,27,27,0,2,16,7,0,1,2
27,7,34,35,27,27,0,2,17,7,0,1,2
27,7,34,35,27,27,0,2,18,7,0,1,4
27,7,34,35,27,27,0,2,19,7,0,1,1
27,7,34,35,27,27,0,2,20,6,1,2,2
27,7,34,35,27,27,0,2,21,5,1,2,2
27,7,34,35,27,27,0,2,22,4,1,2,2
27,7,34,35,27,27,0,2,23,7,0,1,2
27,7,34,35,27,27,0,2,24,7,0,1,2
27,7,34,35,27,27,0,2,25,7,0,1,2
27,8,35,36,27,8,0,2,1,6,1,2,1
27,8,35,36,27,8,0,2,2,5,1,2,2
27,8,35,36,27,8,0,2,3,4,1,2,1
27,8,35,36,27,8,0,2,4,3,1,2,1
27,8,35,36,27,8,0,2,5,5,0,2,2
27,8,35,36,27,8,0,2,6,6,0,2,2
27,8,35,36,27,27,0,2,1,8,0,1,1
27,8,35,36,27,27,0,2,2,8,0,1,1
27,8,35,36,27,27,0,2,3,3,0,2,1
27,8,35,36,27,27,0,2,4,4,0,2,1
27,8,35,36,27,27,0,2,5,5,0,2,1
27,8,35,36,27,27,0,2,6,6,0,2,1
27,8,35,36,27,27,0,2,7,7,0,2,1
27,8,35,36,27,27,0,2,8,8,0,1,2
27,8,35,36,27,27,0,2,9,8,0,1,2
27,8,35,36,27,27,0,2,10,8,0,1,2
27,8,35,36,27,27,0,2,11,8,0,1,2
27,8,35,36,27,27,0,2,12,8,0,1,2
27,8,35,36,27,27,0,2,13,8,0,1,2
27,8,35,36,27,27,0,2,14,8,0,1,2
27,8,35,36,27,27,0,2,15,8,0,1,2
27,8,35,36,27,27,0,2,16,8,0,1,2
27,8,35,36,27,27,0,2,17,8,0,1,2
27,8,35,36,27,27,0,2,18,8,0,1,2
27,8,35,36,27,27,0,2,19,7,1,2,1
27,8,35,36,27,27,0,2,20,6,1,2,1
27,8,35,36,27,27,0,2,21,5,1,2,1
27,8,35,36,27,27,0,2,22,4,1,2,1
27,8,35,36,27,27,0,2,23,3,1,2,1
27,8,35,36,27,27,0,2,24,8,0,1,2
27,8,35,36,27,27,0,2,25,8,0,1,2
27,9,36,37,27,9,0,2,1,7,1,2,1
27,9,36,37,27,9,0,2,2,6,1,2,2
27,9,36,37,27,9,0,2,3,5,1,2,1
27,9,36,37,27,9,0,2,4,4,0,2,2
27,9,36,37,27,9,0,2,5,5,0,2,2
27,9,36,37,27,9,0,2,6,6,0,2,2
27,9,36,37,27,9,0,2,7,7,0,2,2
27,9,36,37,27,27,0,2,1,9,0,1,1
27,9,36,37,27,27,0,2,2,9,0,1,2
27,9,36,37,27,27,0,2,3,9,0,1,2
27,9,36,37,27,27,0,2,4,4,0,2,2
27,9,36,37,27,27,0,2,5,5,0,2,2
27,9,36,37,27,27,0,2,6,6,0,2,2
27,9,36,37,27,27,0,2,7,7,0,2,2
27,9,36,37,27,27,0,2,8,8,0,2,2
27,9,36,37,27,27,0,2,9,9,0,1,2
27,9,36,37,27,27,0,2,10,9,0,1,2
27,9,36,37,27,27,0,2,11,9,0,1,2
27,9,36,37,27,27,0,2,12,9,0,1,2
27,9,36,37,27,27,0,2,13,9,0,1,2
27,9,36,37,27,27,0,2,14,9,0,1,2
27,9,36,37,27,27,0,2,15,9,0,1,2
27,9,36,37,27,27,0,2,16,9,0,1,2
27,9,36,37,27,27,0,2,17,9,0,1,2
27,9,36,37,27,27,0,2,18,8,1,2,2
27,9,36,37,27,27,0,2,19,7,1,2,2
27,9,36,37,27,27,0,2,20,6,1,2,2
27,9,36,37,27,27,0,2,21,5,1,2,2
27,9,36,37,27,27,0,2,22,4,1,2,2
27,9,36,37,27,27,0,2,23,9,0,1,2
27,9,36,37,27,27,0,2,24,9,0,1,2
27,9,36,37,27,27,0,2,25,9,0,1,2
27,10,37,38,27,10,0,2,1,8,1,2,1
27,10,37,38,27,10,0,2,2,7,1,2,2
27,10,37,38,27,10,0,2,3,6,1,2,1
27,10,37,38,27,10,0,2,4,4,0,2,2
27,10,37,38,27,10,0,2,5,4,1,2,1
27,10,37,38,27,10,0,2,6,3,1,2,1
27,10,37,38,27,10,0,2,7,7,0,2,2
27,10,37,38,27,10,0,2,8,8,0,2,2
27,10,37,38,27,27,0,2,1,10,0,1,1
27,10,37,38,27,27,0,2,2,10,0,1,1
27,10,37,38,27,27,0,2,3,10,0,1,1
27,10,37,38,27,27,0,2,4,4,0,2,2
27,10,37,38,27,27,0,2,5,5,0,2,2
27,10,37,38,27,27,0,2,6,6,0,2,2
27,10,37,38,27,27,0,2,7,7,0,2,2
27,10,37,38,27,27,0,2,8,8,0,2,2
27,10,37,38,27,27,0,2,9,9,0,2,2
27,10,37,38,27,27,0,2,10,10,0,1,2
27,10,37,38,27,27,0,2,11,10,0,1,2
27,10,37,38,27,27,0,2,12,10,0,1,2
27,10,37,38,27,27,0,2,13,10,0,1,2
27,10,37,38,27,27,0,2,14,10,0,1,1
27,10,37,38,27,27,0,2,15,10,0,1,2
27,10,37,38,27,27,0,2,16,10,0,1,2
27,10,37,38,27,27,0,2,17,9,1,2,1
27,10,37,38,27,27,0,2,18,8,1,2,1
27,10,37,38,27,27,0,2,19,7,1,2,1
27,10,37,38,27,27,0,2,20,6,1,2,1
27,10,37,38,27,27,0,2,21,5,1,2,1
27,10,37,38,27,27,0,2,22,4,1,2,1
27,10,37,38,27,27,0,2,23,3,1,2,1
27,10,37,38,27,27,0,2,24,10,0,1,2
27,10,37,38,27,27,0,2,25,10,0,1,1
27,11,38,39,27,11,0,2,1,9,1,2,1
27,11,38,39,27,11,0,2,2,8,1,2,2
27,11,38,39,27,11,0,2,3,7,1,2,1
27,11,38,39,27,11,0,2,4,4,0,2,2
27,11,38,39,27,11,0,2,5,5,0,2,2
27,11,38,39,27,11,0,2,6,4,1,2,1
27,11,38,39,27,11,0,2,7,7,0,2,2
27,11,38,39,27,11,0,2,8,8,0,2,2
27,11,38,39,27,11,0,2,9,9,0,2,2
27,11,38,39,27,27,0,2,1,11,0,1,1
27,11,38,39,27,27,0,2,2,11,0,1,2
27,11,38,39,27,27,0,2,3,11,0,1,1
27,11,38,39,27,27,0,2,4,4,0,2,2
27,11,38,39,27,27,0,2,5,5,0,2,2
27,11,38,39,27,27,0,2,6,6,0,2,2
27,11,38,39,27,27,0,2,7,7,0,2,2
27,11,38,39,27,27,0,2,8,8,0,2,2
27,11,38,39,27,27,0,2,9,9,0,2,2
27,11,38,39,27,27,0,2,10,10,0,2,2
27,11,38,39,27,27,0,2,11,11,0,1,2
27,11,38,39,27,27,0,2,12,11,0,1,2
27,11,38,39,27,27,0,2,13,11,0,1,2
27,11,38,39,27,27,0,2,14,11,0,1,2
27,11,38,39,27,27,0,2,15,11,0,1,2
27,11,38,39,27,27,0,2,16,10,1,2,2
27,11,38,39,27,27,0,2,17,9,1,2,2
27,11,38,39,27,27,0,2,18,8,1,2,2
27,11,38,39,27,27,0,2,19,7,1,2,2
27,11,38,39,27,27,0,2,20,6,1,2,2
27,11,38,39,27,27,0,2,21,5,1,2,2
27,11,38,39,27,27,0,2,22,4,1,2,2
27,11,38,39,27,27,0,2,23,11,0,1,2
27,11,38,39,27,27,0,2,24,11,0,1,2
27,11,38,39,27,27,0,2,25,11,0,1,2
27,12,39,40,27,12,0,2,1,10,1,2,1
27,12,39,40,27,12,0,2,2,9,1,2,2
27,12,39,40,27,12,0,2,3,8,1,2,1
27,12,39,40,27,12,0,2,4,4,0,2,2
27,12,39,40,27,12,0,2,5,5,0,2,2
27,12,39,40,27,12,0,2,6,5,1,2,1
27,12,39,40,27,12,0,2,7,4,1,2,1
27,12,39,40,27,12,0,2,8,3,1,2,1
27,12,39,40,27,12,0,2,9,9,0,2,2
27,12,39,40,27,12,0,2,10,10,0,2,2
27,12,39,40,27,27,0,2,1,12,0,1,1
27,12,39,40,27,27,0,2,2,12,0,1,1
27,12,39,40,27,27,0,2,3,3,0,2,1
27,12,39,40,27,27,0,2,4,4,0,2,2
27,12,39,40,27,27,0,2,5,5,0,2,2
27,12,39,40,27,27,0,2,6,6,0,2,1
27,12,39,40,27,27,0,2,7,7,0,2,2
27,12,39,40,27,27,0,2,8,8,0,2,2
27,12,39,40,27,27,0,2,9,9,0,2,1
27,12,39,40,27,27,0,2,10,10,0,2,2
27,12,39,40,27,27,0,2,11,11,0,2,2
27,12,39,40,27,27,0,2,12,12,0,1,2
27,12,39,40,27,27,0,2,13,12,0,1,2
27,12,39,40,27,27,0,2,14,12,0,1,2
27,12,39,40,27,27,0,2,15,11,1,2,1
27,12,39,40,27,27,0,2,16,10,1,2,1
27,12,39,40,27,27,0,2,17,9,1,2,1
27,12,39,40,27,27,0,2,18,8,1,2,1
27,12,39,40,27,27,0,2,19,7,1,2,1
27,12,39,40,27,27,0,2,20,6,1,2,1
27,12,39,40,27,27,0,2,21,5,1,2,1
27,12,39,40,27,27,0,2,22,4,1,2,1
27,12,39,40,27,27,0,2,23,3,1,2,1
27,12,39,40,27,27,0,2,24,12,0,1,2
27,12,39,40,27,27,0,2,25,12,0,1,2
27,13,40,41,27,13,0,2,1,11,1,2,1
27,13,40,41,27,13,0,2,2,10,1,2,2
27,13,40,41,27,13,0,2,3,9,1,2,1
27,13,40,41,27,13,0,2,4,4,0,2,2
27,13,40,41,27,13,0,2,5,5,0,2,2
27,13,40,41,27,13,0,2,6,6,0,2,2
27,13,40,41,27,13,0,2,7,5,1,2,1
27,13,40,41,27,13,0,2,8,4,1,2,2
27,13,40,41,27,13,0,2,9,3,1,2,1
27,13,40,41,27,13,0,2,10,10,0,2,2
27,13,40,41,27,13,0,2,11,11,0,2,2
27,13,40,41,27,27,0,2,1,13,0,1,1
27,13,40,41,27,27,0,2,2,13,0,1,2
27,13,40,41,27,27,0,2,3,13,0,1,1
27,13,40,41,27,27,0,2,4,4,0,2,2
27,13,40,41,27,27,0,2,5,5,0,2,2
27,13,40,41,27,27,0,2,6,6,0,2,2
27,13,40,41,27,27,0,2,7,7,0,2,2
27,13,40,41,27,27,0,2,8,8,0,2,2
27,13,40,41,27,27,0,2,9,9,0,2,2
27,13,40,41,27,27,0,2,10,10,0,2,2
27,13,40,41,27,27,0,2,11,11,0,2,2
27,13,40,41,27,27,0,2,12,12,0,2,2
27,13,40,41,27,27,0,2,13,13,0,1,2
27,13,40,41,27,27,0,2,14,12,1,2,2
27,13,40,41,27,27,0,2,15,11,1,2,2
27,13,40,41,27,27,0,2,16,10,1,2,2
27,13,40,41,27,27,0,2,17,9,1,2,2
27,13,40,41,27,27,0,2,18,8,1,2,2
27,13,40,41,27,27,0,2,19,7,1,2,2
27,13,40,41,27,27,0,2,20,6,1,2,2
27,13,40,41,27,27,0,2,21,5,1,2,2
27,13,40,41,27,27,0,2,22,4,1,2,2
27,13,40,41,27,27,0,2,23,13,0,1,2
27,13,40,41,27,27,0,2,24,13,0,1,2
27,13,40,41,27,27,0,2,25,13,0,1,2
27,14,41,42,27,14,0,2,1,12,1,2,1
27,14,41,42,27,14,0,2,2,11,1,2,2
27,14,41,42,27,14,0,2,3,10,1,2,1
27,14,41,42,27,14,0,2,4,4,0,2,2
27,14,41,42,27,14,0,2,5,5,0,2,2
27,14,41,42,27,14,0,2,6,6,0,2,2
27,14,41,42,27,14,0,2,7,6,1,2,1
27,14,41,42,27,14,0,2,8,5,1,2,1
27,14,41,42,27,14,0,2,9,4,1,2,1
27,14,41,42,27,14,0,2,10,3,1,2,1
27,14,41,42,27,14,0,2,11,11,0,2,2
27,14,41,42,27,14,0,2,12,12,0,2,2
27,14,41,42,27,27,0,2,1,14,0,1,1
27,14,41,42,27,27,0,2,2,14,0,1,1
27,14,41,42,27,27,0,2,3,14,0,1,1
27,14,41,42,27,27,0,2,4,4,0,2,2
27,14,41,42,27,27,0,2,5,5,0,2,2
27,14,41,42,27,27,0,2,6,6,0,2,2
27,14,41,42,27,27,0,2,7,7,0,2,2
27,14,41,42,27,27,0,2,8,8,0,2,2
27,14,41,42,27,27,0,2,9,9,0,2,2
27,14,41,42,27,27,0,2,10,10,0,2,2
27,14,41,42,27,27,0,2,11,11,0,2,2
27,14,41,42,27,27,0,2,12,12,0,2,2
27,14,41,42,27,27,0,2,13,13,0,2,2
27,14,41,42,27,27,0,2,14,12,1,2,1
27,14,41,42,27,27,0,2,15,11,1,2,1
27,14,41,42,27,27,0,2,16,10,1,2,1
27,14,41,42,27,27,0,2,17,9,1,2,2
27,14,41,42,27,27,0,2,18,8,1,2,1
27,14,41,42,27,27,0,2,19,7,1,2,1
27,14,41,42,27,27,0,2,20,6,1,2,2
27,14,41,42,27,27,0,2,21,5,1,2,1
27,14,41,42,27,27,0,2,22,4,1,2,1
27,14,41,42,27,27,0,2,23,3,1,2,1
27,14,41,42,27,27,0,2,24,14,0,1,1
27,14,41,42,27,27,0,2,25,14,0,1,2
27,15,42,43,27,15,0,2,1,13,1,2,1
27,15,42,43,27,15,0,2,2,12,1,2,2
27,15,42,43,27,15,0,2,3,11,1,2,1
27,15,42,43,27,15,0,2,4,4,0,2,2
27,15,42,43,27,15,0,2,5,5,0,2,2
27,15,42,43,27,15,0,2,6,6,0,2,2
27,15,42,43,27,15,0,2,7,7,0,2,2
27,15,42,43,27,15,0,2,8,6,1,2,2
27,15,42,43,27,15,0,2,9,5,1,2,2
27,15,42,43,27,15,0,2,10,4,1,2,2
27,15,42,43,27,15,0,2,11,11,0,2,2
27,15,42,43,27,15,0,2,12,12,0,2,2
27,15,42,43,27,15,0,2,13,13,0,2,2
27,15,42,43,27,27,0,2,1,15,0,1,1
27,15,42,43,27,27,0,2,2,15,0,1,2
27,15,42,43,27,27,0,2,3,15,0,1,1
27,15,42,43,27,27,0,2,4,4,0,2,2
27,15,42,43,27,27,0,2,5,5,0,2,2
27,15,42,43,27,27,0,2,6,6,0,2,2
27,15,42,43,27,27,0,2,7,7,0,2,2
27,15,42,43,27,27,0,2,8,8,0,2,2
27,15,42,43,27,27,0,2,9,9,0,2,2
27,15,42,43,27,27,0,2,10,10,0,2,2
27,15,42,43,27,27,0,2,11,11,0,2,2
27,15,42,43,27,27,0,2,12,12,0,2,2
27,15,42,43,27,27,0,2,13,13,0,2,2
27,15,42,43,27,27,0,2,14,12,1,2,2
27,15,42,43,27,27,0,2,15,11,1,2,2
27,15,42,43,27,27,0,2,16,10,1,2,2
27,15,42,43,27,27,0,2,17,9,1,2,2
27,15,42,43,27,27,0,2,18,8,1,2,2
27,15,42,43,27,27,0,2,19,7,1,2,2
27,15,42,43,27,27,0,2,20,6,1,2,2
27,15,42,43,27,27,0,2,21,5,1,2,2
27,15,42,43,27,27,0,2,22,4,1,2,2
27,15,42,43,27,27,0,2,23,15,0,1,2
27,15,42,43,27,27,0,2,24,15,0,1,2
27,15,42,43,27,27,0,2,25,15,0,1,2
27,16,43,44,27,16,0,2,1,14,1,2,1
27,16,43,44,27,16,0,2,2,13,1,2,2
27,16,43,44,27,16,0,2,3,12,1,2,1
27,16,43,44,27,16,0,2,4,4,0,2,2
27,16,43,44,27,16,0,2,5,5,0,2,2
27,16,43,44,27,16,0,2,6,6,0,2,2
27,16,43,44,27,16,0,2,7,7,0,2,2
27,16,43,44,27,16,0,2,8,7,1,2,1
27,16,43,44,27,16,0,2,9,6,1,2,1
27,16,43,44,27,16,0,2,10,5,1,2,1
27,16,43,44,27,16,0,2,11,4,1,2,1
27,16,43,44,27,16,0,2,12,3,1,2,1
27,16,43,44,27,16,0,2,13,13,0,2,2
27,16,43,44,27,16,0,2,14,14,0,2,2
27,16,43,44,27,27,0,2,1,16,0,1,1
27,16,43,44,27,27,0,2,2,16,0,1,1
27,16,43,44,27,27,0,2,3,16,0,1,1
27,16,43,44,27,27,0,2,4,4,0,2,2
27,16,43,44,27,27,0,2,5,5,0,2,2
27,16,43,44,27,27,0,2,6,6,0,2,2
27,16,43,44,27,27,0,2,7,7,0,2,2
27,16,43,44,27,27,0,2,8,8,0,2,2
27,16,43,44,27,27,0,2,9,9,0,2,2
27,16,43,44,27,27,0,2,10,10,0,2,2
27,16,43,44,27,27,0,2,11,11,0,2,2
27,16,43,44,27,27,0,2,12,12,0,2,2
27,16,43,44,27,27,0,2,13,13,0,2,2
27,16,43,44,27,27,0,2,14,12,1,2,1
27,16,43,44,27,27,0,2,15,11,1,2,1
27,16,43,44,27,27,0,2,16,10,1,2,1
27,16,43,44,27,27,0,2,17,9,1,2,1
27,16,43,44,27,27,0,2,18,8,1,2,1
27,16,43,44,27,27,0,2,19,7,1,2,1
27,16,43,44,27,27,0,2,20,6,1,2,1
27,16,43,44,27,27,0,2,21,5,1,2,1
27,16,43,44,27,27,0,2,22,4,1,2,1
27,16,43,44,27,27,0,2,23,3,1,2,1
27,16,43,44,27,27,0,2,24,16,0,1,2
27,16,43,44,27,27,0,2,25,16,0,1,2
27,17,44,45,27,17,0,2,1,15,1,2,1
27,17,44,45,27,17,0,2,2,14,1,2,2
27,17,44,45,27,17,0,2,3,13,1,2,1
27,17,44,45,27,17,0,2,4,4,0,2,2
27,17,44,45,27,17,0,2,5,5,0,2,2
27,17,44,45,27,17,0,2,6,6,0,2,2
27,17,44,45,27,17,0,2,7,7,0,2,2
27,17,44,45,27,17,0,2,8,8,0,2,2
27,17,44,45,27,17,0,2,9,7,1,2,2
27,17,44,45,27,17,0,2,10,6,1,2,2
27,17,44,45,27,17,0,2,11,5,1,2,2
27,17,44,45,27,17,0,2,12,4,1,2,2
27,17,44,45,27,17,0,2,13,13,0,2,2
27,17,44,45,27,17,0,2,14,14,0,2,2
27,17,44,45,27,17,0,2,15,15,0,2,2
27,17,44,45,27,27,0,2,1,17,0,1,1
27,17,44,45,27,27,0,2,2,17,0,1,2
27,17,44,45,27,27,0,2,3,17,0,1,1
27,17,44,45,27,27,0,2,4,4,0,2,2
27,17,44,45,27,27,0,2,5,5,0,2,2
27,17,44,45,27,27,0,2,6,6,0,2,2
27,17,44,45,27,27,0,2,7,7,0,2,2
27,17,44,45,27,27,0,2,8,8,0,2,2
27,17,44,45,27,27,0,2,9,9,0,2,2
27,17,44,45,27,27,0,2,10,10,0,2,2
27,17,44,45,27,27,0,2,11,11,0,2,2
27,17,44,45,27,27,0,2,12,12,0,2,2
27,17,44,45,27,27,0,2,13,13,0,2,2
27,17,44,45,27,27,0,2,14,12,1,2,2
27,17,44,45,27,27,0,2,15,11,1,2,2
27,17,44,45,27,27,0,2,16,10,1,2,2
27,17,44,45,27,27,0,2,17,9,1,2,2
27,17,44,45,27,27,0,2,18,8,1,2,2
27,17,44,45,27,27,0,2,19,7,1,2,2
27,17,44,45,27,27,0,2,20,6,1,2,1
27,17,44,45,27,27,0,2,21,5,1,2,2
27,17,44,45,27,27,0,2,22,4,1,2,2
27,17,44,45,27,27,0,2,23,17,0,1,2
27,17,44,45,27,27,0,2,24,17,0,1,2
27,17,44,45,27,27,0,2,25,17,0,1,2
28,2,30,31,28,28,0,2,1,26,1,2,1
28,2,30,31,28,28,0,2,2,25,1,2,2
28,2,30,31,28,28,0,2,3,3,0,2,1
28,2,30,31,28,28,0,2,4,4,0,2,1
28,2,30,31,28,28,0,2,5,5,0,2,1
28,2,30,31,28,28,0,2,6,6,0,2,1
28,2,30,31,28,28,0,2,7,7,0,2,1
28,2,30,31,28,28,0,2,8,8,0,2,1
28,2,30,31,28,28,0,2,9,9,0,2,1
28,2,30,31,28,28,0,2,10,10,0,2,1
28,2,30,31,28,28,0,2,11,11,0,2,1
28,2,30,31,28,28,0,2,12,12,0,2,1
28,2,30,31,28,28,0,2,13,13,0,2,2
28,2,30,31,28,28,0,2,14,13,1,2,2
28,2,30,31,28,28,0,2,15,12,1,2,1
28,2,30,31,28,28,0,2,16,11,1,2,2
28,2,30,31,28,28,0,2,17,10,1,2,2
28,2,30,31,28,28,0,2,18,9,1,2,1
28,2,30,31,28,28,0,2,19,8,1,2,2
28,2,30,31,28,28,0,2,20,7,1,2,2
28,2,30,31,28,28,0,2,21,6,1,2,1
28,2,30,31,28,28,0,2,22,5,1,2,2
28,2,30,31,28,28,0,2,23,4,1,2,2
28,2,30,31,28,28,0,2,24,3,1,2,1
28,2,30,31,28,28,0,2,25,25,0,2,1
28,2,30,31,28,28,0,2,26,26,0,2,1
28,3,31,32,28,3,0,2,1,28,0,1,1
28,3,31,32,28,28,0,2,1,3,0,1,1
28,3,31,32,28,28,0,2,2,25,1,2,2
28,3,31,32,28,28,0,2,3,24,1,2,1
28,3,31,32,28,28,0,2,4,4,0,2,2
28,3,31,32,28,28,0,2,5,5,0,2,2
28,3,31,32,28,28,0,2,6,6,0,2,2
28,3,31,32,28,28,0,2,7,7,0,2,2
28,3,31,32,28,28,0,2,8,8,0,2,2
28,3,31,32,28,28,0,2,9,9,0,2,2
28,3,31,32,28,28,0,2,10,10,0,2,2
28,3,31,32,28,28,0,2,11,11,0,2,2
28,3,31,32,28,28,0,2,12,12,0,2,2
28,3,31,32,28,28,0,2,13,13,0,2,2
28,3,31,32,28,28,0,2,14,13,1,2,2
28,3,31,32,28,28,0,2,15,12,1,2,2
28,3,31,32,28,28,0,2,16,11,1,2,2
28,3,31,32,28,28,0,2,17,10,1,2,2
28,3,31,32,28,28,0,2,18,9,1,2,2
28,3,31,32,28,28,0,2,19,8,1,2,2
28,3,31,32,28,28,0,2,20,7,1,2,2
28,3,31,32,28,28,0,2,21,6,1,2,2
28,3,31,32,28,28,0,2,22,5,1,2,2
28,3,31,32,28,28,0,2,23,4,1,2,2
28,3,31,32,28,28,0,2,24,24,0,2,2
28,3,31,32,28,28,0,2,25,25,0,2,2
28,3,31,32,28,28,0,2,26,26,0,2,2
28,4,32,33,28,4,0,2,1,28,0,1,1
28,4,32,33,28,4,0,2,2,28,0,1,3
28,4,32,33,28,28,0,2,1,4,0,1,1
28,4,32,33,28,28,0,2,2,25,1,2,2
28,4,32,33,28,28,0,2,3,4,0,1,1
28,4,32,33,28,28,0,2,4,4,0,1,1
28,4,32,33,28,28,0,2,5,5,0,2,2
28,4,32,33,28,28,0,2,6,4,0,1,1
28,4,32,33,28,28,0,2,7,7,0,2,2
28,4,32,33,28,28,0,2,8,8,0,2,2
28,4,32,33,28,28,0,2,9,9,0,2,2
28,4,32,33,28,28,0,2,10,10,0,2,2
28,4,32,33,28,28,0,2,11,11,0,2,2
28,4,32,33,28,28,0,2,12,12,0,2,2
28,4,32,33,28,28,0,2,13,13,0,2,2
28,4,32,33,28,28,0,2,14,4,0,1,1
28,4,32,33,28,28,0,2,15,12,1,2,2
28,4,32,33,28,28,0,2,16,4,0,1,1
28,4,32,33,28,28,0,2,17,10,1,2,2
28,4,32,33,28,28,0,2,18,9,1,2,2
28,4,32,33,28,28,0,2,19,8,1,2,2
28,4,32,33,28,28,0,2,20,7,1,2,2
28,4,32,33,28,28,0,2,21,6,1,2,2
28,4,32,33,28,28,0,2,22,5,1,2,2
28,4,32,33,28,28,0,2,23,4,0,1,1
28,4,32,33,28,28,0,2,24,24,0,2,2
28,4,32,33,28,28,0,2,25,25,0,2,2
28,4,32,33,28,28,0,2,26,4,0,1,1
28,5,33,34,28,5,0,2,1,3,1,2,1
28,5,33,34,28,5,0,2,2,28,0,1,1
28,5,33,34,28,5,0,2,3,28,0,1,1
28,5,33,34,28,28,0,2,1,5,0,1,1
28,5,33,34,28,28,0,2,2,5,0,1,2
28,5,33,34,28,28,0,2,3,5,0,1,2
28,5,33,34,28,28,0,2,4,4,0,2,2
28,5,33,34,28,28,0,2,5,5,0,1,2
28,5,33,34,28,28,0,2,6,5,0,1,2
28,5,33,34,28,28,0,2,7,5,0,1,2
28,5,33,34,28,28,0,2,8,5,0,1,2
28,5,33,34,28,28,0,2,9,5,0,1,2
28,5,33,34,28,28,0,2,10,5,0,1,2
28,5,33,34,28,28,0,2,11,5,0,1,2
28,5,33,34,28,28,0,2,12,5,0,1,2
28,5,33,34,28,28,0,2,13,5,0,1,2
28,5,33,34,28,28,0,2,14,5,0,1,2
28,5,33,34,28,28,0,2,15,5,0,1,2
28,5,33,34,28,28,0,2,16,5,0,1,2
28,5,33,34,28,28,0,2,17,5,0,1,2
28,5,33,34,28,28,0,2,18,5,0,1,2
28,5,33,34,28,28,0,2,19,5,0,1,2
28,5,33,34,28,28,0,2,20,5,0,1,2
28,5,33,34,28,28,0,2,21,5,0,1,2
28,5,33,34,28,28,0,2,22,5,0,1,2
28,5,33,34,28,28,0,2,23,4,1,2,1
28,5,33,34,28,28,0,2,24,3,1,2,1
28,5,33,34,28,28,0,2,25,5,0,1,2
28,5,33,34,28,28,0,2,26,5,0,1,2
28,6,34,35,28,6,0,2,1,4,1,2,1
28,6,34,35,28,6,0,2,2,28,0,1,2
28,6,34,35,28,6,0,2,3,28,0,1,1
28,6,34,35,28,6,0,2,4,4,0,2,2
28,6,34,35,28,28,0,2,1,6,0,1,1
28,6,34,35,28,28,0,2,2,6,0,1,3
28,6,34,35,28,28,0,2,3,6,0,1,1
28,6,34,35,28,28,0,2,4,4,0,2,2
28,6,34,35,28,28,0,2,5,5,0,2,2
28,6,34,35,28,28,0,2,6,6,0,1,1
28,6,34,35,28,28,0,2,7,6,0,1,2
28,6,34,35,28,28,0,2,8,6,0,1,3
28,6,34,35,28,28,0,2,9,6,0,1,2
28,6,34,35,28,28,0,2,10,6,0,1,2
28,6,34,35,28,28,0,2,11,6,0,1,3
28,6,34,35,28,28,0,2,12,6,0,1,2
28,6,34,35,28,28,0,2,13,6,0,1,2
28,6,34,35,28,28,0,2,14,6,0,1,3
28,6,34,35,28,28,0,2,15,6,0,1,2
28,6,34,35,28,28,0,2,16,6,0,1,3
28,6,34,35,28,28,0,2,17,6,0,1,2
28,6,34,35,28,28,0,2,18,6,0,1,2
28,6,34,35,28,28,0,2,19,6,0,1,3
28,6,34,35,28,28,0,2,20,6,0,1,3
28,6,34,35,28,28,0,2,21,6,0,1,2
28,6,34,35,28,28,0,2,22,5,1,2,2
28,6,34,35,28,28,0,2,23,4,1,2,2
28,6,34,35,28,28,0,2,24,6,0,1,2
28,6,34,35,28,28,0,2,25,6,0,1,3
28,6,34,35,28,28,0,2,26,6,0,1,3
28,7,35,36,28,7,0,2,1,5,1,2,1
28,7,35,36,28,7,0,2,2,4,1,2,2
28,7,35,36,28,7,0,2,3,3,1,2,1
28,7,35,36,28,7,0,2,4,4,0,2,2
28,7,35,36,28,7,0,2,5,5,0,2,2
28,7,35,36,28,28,0,2,1,7,0,1,1
28,7,35,36,28,28,0,2,2,7,0,1,1
28,7,35,36,28,28,0,2,3,7,0,1,1
28,7,35,36,28,28,0,2,4,4,0,2,2
28,7,35,36,28,28,0,2,5,5,0,2,2
28,7,35,36,28,28,0,2,6,6,0,2,2
28,7,35,36,28,28,0,2,7,7,0,1,1
28,7,35,36,28,28,0,2,8,7,0,1,1
28,7,35,36,28,28,0,2,9,7,0,1,1
28,7,35,36,28,28,0,2,10,7,0,1,2
28,7,35,36,28,28,0,2,11,7,0,1,2
28,7,35,36,28,28,0,2,12,7,0,1,1
28,7,35,36,28,28,0,2,13,7,0,1,1
28,7,35,36,28,28,0,2,14,7,0,1,2
28,7,35,36,28,28,0,2,15,7,0,1,2
28,7,35,36,28,28,0,2,16,7,0,1,1
28,7,35,36,28,28,0,2,17,7,0,1,2
28,7,35,36,28,28,0,2,18,7,0,1,2
28,7,35,36,28,28,0,2,19,7,0,1,1
28,7,35,36,28,28,0,2,20,7,0,1,2
28,7,35,36,28,28,0,2,21,6,1,2,1
28,7,35,36,28,28,0,2,22,5,1,2,2
28,7,35,36,28,28,0,2,23,4,1,2,1
28,7,35,36,28,28,0,2,24,3,1,2,1
28,7,35,36,28,28,0,2,25,7,0,1,1
28,7,35,36,28,28,0,2,26,7,0,1,2
28,8,36,37,28,8,0,2,1,6,1,2,1
28,8,36,37,28,8,0,2,2,5,1,2,2
28,8,36,37,28,8,0,2,3,4,1,2,1
28,8,36,37,28,8,0,2,4,3,1,2,1
28,8,36,37,28,8,0,2,5,5,0,2,2
28,8,36,37,28,8,0,2,6,6,0,2,2
28,8,36,37,28,28,0,2,1,8,0,1,2
28,8,36,37,28,28,0,2,2,8,0,1,2
28,8,36,37,28,28,0,2,3,8,0,1,2
28,8,36,37,28,28,0,2,4,4,0,2,2
28,8,36,37,28,28,0,2,5,5,0,2,2
28,8,36,37,28,28,0,2,6,6,0,2,2
28,8,36,37,28,28,0,2,7,7,0,2,2
28,8,36,37,28,28,0,2,8,8,0,1,2
28,8,36,37,28,28,0,2,9,8,0,1,2
28,8,36,37,28,28,0,2,10,8,0,1,2
28,8,36,37,28,28,0,2,11,8,0,1,2
28,8,36,37,28,28,0,2,12,8,0,1,2
28,8,36,37,28,28,0,2,13,8,0,1,2
28,8,36,37,28,28,0,2,14,8,0,1,2
28,8,36,37,28,28,0,2,15,8,0,1,2
28,8,36,37,28,28,0,2,16,8,0,1,2
28,8,36,37,28,28,0,2,17,8,0,1,2
28,8,36,37,28,28,0,2,18,8,0,1,2
28,8,36,37,28,28,0,2,19,8,0,1,2
28,8,36,37,28,28,0,2,20,7,1,2,2
28,8,36,37,28,28,0,2,21,6,1,2,1
28,8,36,37,28,28,0,2,22,5,1,2,2
28,8,36,37,28,28,0,2,23,4,1,2,2
28,8,36,37,28,28,0,2,24,3,1,2,1
28,8,36,37,28,28,0,2,25,8,0,1,2
28,8,36,37,28,28,0,2,26,8,0,1,2
28,9,37,38,28,9,0,2,1,7,1,2,1
28,9,37,38,28,9,0,2,2,6,1,2,2
28,9,37,38,28,9,0,2,3,5,1,2,1
28,9,37,38,28,9,0,2,4,4,0,2,2
28,9,37,38,28,9,0,2,5,5,0,2,2
28,9,37,38,28,9,0,2,6,6,0,2,2
28,9,37,38,28,9,0,2,7,7,0,2,2
28,9,37,38,28,28,0,2,1,9,0,1,1
28,9,37,38,28,28,0,2,2,9,0,1,1
28,9,37,38,28,28,0,2,3,9,0,1,1
28,9,37,38,28,28,0,2,4,4,0,2,2
28,9,37,38,28,28,0,2,5,5,0,2,2
28,9,37,38,28,28,0,2,6,6,0,2,2
28,9,37,38,28,28,0,2,7,7,0,2,2
28,9,37,38,28,28,0,2,8,8,0,2,2
28,9,37,38,28,28,0,2,9,9,0,1,2
28,9,37,38,28,28,0,2,10,9,0,1,2
28,9,37,38,28,28,0,2,11,9,0,1,2
28,9,37,38,28,28,0,2,12,9,0,1,2
28,9,37,38,28,28,0,2,13,9,0,1,2
28,9,37,38,28,28,0,2,14,9,0,1,2
28,9,37,38,28,28,0,2,15,9,0,1,2
28,9,37,38,28,28,0,2,16,9,0,1,2
28,9,37,38,28,28,0,2,17,9,0,1,2
28,9,37,38,28,28,0,2,18,9,0,1,2
28,9,37,38,28,28,0,2,19,8,1,2,1
28,9,37,38,28,28,0,2,20,7,1,2,2
28,9,37,38,28,28,0,2,21,6,1,2,2
28,9,37,38,28,28,0,2,22,5,1,2,1
28,9,37,38,28,28,0,2,23,4,1,2,2
28,9,37,38,28,28,0,2,24,9,0,1,2
28,9,37,38,28,28,0,2,25,9,0,1,2
28,9,37,38,28,28,0,2,26,9,0,1,2
28,10,38,39,28,10,0,2,1,8,1,2,1
28,10,38,39,28,10,0,2,2,7,1,2,2
28,10,38,39,28,10,0,2,3,6,1,2,1
28,10,38,39,28,10,0,2,4,4,0,2,2
28,10,38,39,28,10,0,2,5,4,1,2,2
28,10,38,39,28,10,0,2,6,3,1,2,1
28,10,38,39,28,10,0,2,7,7,0,2,2
28,10,38,39,28,10,0,2,8,8,0,2,2
28,10,38,39,28,28,0,2,1,10,0,1,1
28,10,38,39,28,28,0,2,2,10,0,1,2
28,10,38,39,28,28,0,2,3,10,0,1,1
28,10,38,39,28,28,0,2,4,4,0,2,2
28,10,38,39,28,28,0,2,5,5,0,2,2
28,10,38,39,28,28,0,2,6,6,0,2,2
28,10,38,39,28,28,0,2,7,7,0,2,2
28,10,38,39,28,28,0,2,8,8,0,2,2
28,10,38,39,28,28,0,2,9,9,0,2,2
28,10,38,39,28,28,0,2,10,10,0,1,2
28,10,38,39,28,28,0,2,11,10,0,1,2
28,10,38,39,28,28,0,2,12,10,0,1,2
28,10,38,39,28,28,0,2,13,10,0,1,2
28,10,38,39,28,28,0,2,14,10,0,1,2
28,10,38,39,28,28,0,2,15,10,0,1,2
28,10,38,39,28,28,0,2,16,10,0,1,2
28,10,38,39,28,28,0,2,17,10,0,1,2
28,10,38,39,28,28,0,2,18,9,1,2,2
28,10,38,39,28,28,0,2,19,8,1,2,2
28,10,38,39,28,28,0,2,20,7,1,2,2
28,10,38,39,28,28,0,2,21,6,1,2,2
28,10,38,39,28,28,0,2,22,5,1,2,2
28,10,38,39,28,28,0,2,23,4,1,2,2
28,10,38,39,28,28,0,2,24,10,0,1,2
28,10,38,39,28,28,0,2,25,10,0,1,2
28,10,38,39,28,28,0,2,26,10,0,1,2
28,11,39,40,28,11,0,2,1,9,1,2,1
28,11,39,40,28,11,0,2,2,8,1,2,2
28,11,39,40,28,11,0,2,3,7,1,2,1
28,11,39,40,28,11,0,2,4,4,0,2,2
28,11,39,40,28,11,0,2,5,5,0,2,2
28,11,39,40,28,11,0,2,6,4,1,2,1
28,11,39,40,28,11,0,2,7,3,1,2,1
28,11,39,40,28,11,0,2,8,8,0,2,2
28,11,39,40,28,11,0,2,9,9,0,2,2
28,11,39,40,28,28,0,2,1,11,0,1,1
28,11,39,40,28,28,0,2,2,11,0,1,1
28,11,39,40,28,28,0,2,3,11,0,1,1
28,11,39,40,28,28,0,2,4,4,0,2,2
28,11,39,40,28,28,0,2,5,5,0,2,2
28,11,39,40,28,28,0,2,6,6,0,2,2
28,11,39,40,28,28,0,2,7,7,0,2,2
28,11,39,40,28,28,0,2,8,8,0,2,2
28,11,39,40,28,28,0,2,9,9,0,2,2
28,11,39,40,28,28,0,2,10,10,0,2,2
28,11,39,40,28,28,0,2,11,11,0,1,2
28,11,39,40,28,28,0,2,12,11,0,1,1
28,11,39,40,28,28,0,2,13,11,0,1,2
28,11,39,40,28,28,0,2,14,11,0,1,2
28,11,39,40,28,28,0,2,15,11,0,1,1
28,11,39,40,28,28,0,2,16,11,0,1,2
28,11,39,40,28,28,0,2,17,10,1,2,1
28,11,39,40,28,28,0,2,18,9,1,2,1
28,11,39,40,28,28,0,2,19,8,1,2,1
28,11,39,40,28,28,0,2,20,7,1,2,1
28,11,39,40,28,28,0,2,21,6,1,2,1
28,11,39,40,28,28,0,2,22,5,1,2,1
28,11,39,40,28,28,0,2,23,4,1,2,1
28,11,39,40,28,28,0,2,24,3,1,2,1
28,11,39,40,28,28,0,2,25,11,0,1,2
28,11,39,40,28,28,0,2,26,11,0,1,2
28,12,40,41,28,12,0,2,1,10,1,2,1
28,12,40,41,28,12,0,2,2,9,1,2,2
28,12,40,41,28,12,0,2,3,8,1,2,1
28,12,40,41,28,12,0,2,4,4,0,2,2
28,12,40,41,28,12,0,2,5,5,0,2,2
28,12,40,41,28,12,0,2,6,5,1,2,1
28,12,40,41,28,12,0,2,7,4,1,2,1
28,12,40,41,28,12,0,2,8,8,0,2,2
28,12,40,41,28,12,0,2,9,9,0,2,2
28,12,40,41,28,12,0,2,10,10,0,2,2
28,12,40,41,28,28,0,2,1,12,0,1,1
28,12,40,41,28,28,0,2,2,12,0,1,2
28,12,40,41,28,28,0,2,3,12,0,1,1
28,12,40,41,28,28,0,2,4,4,0,2,2
28,12,40,41,28,28,0,2,5,5,0,2,2
28,12,40,41,28,28,0,2,6,6,0,2,2
28,12,40,41,28,28,0,2,7,7,0,2,2
28,12,40,41,28,28,0,2,8,8,0,2,2
28,12,40,41,28,28,0,2,9,9,0,2,2
28,12,40,41,28,28,0,2,10,10,0,2,2
28,12,40,41,28,28,0,2,11,11,0,2,2
28,12,40,41,28,28,0,2,12,12,0,1,2
28,12,40,41,28,28,0,2,13,12,0,1,2
28,12,40,41,28,28,0,2,14,12,0,1,2
28,12,40,41,28,28,0,2,15,12,0,1,2
28,12,40,41,28,28,0,2,16,11,1,2,2
28,12,40,41,28,28,0,2,17,10,1,2,2
28,12,40,41,28,28,0,2,18,9,1,2,1
28,12,40,41,28,28,0,2,19,8,1,2,2
28,12,40,41,28,28,0,2,20,7,1,2,2
28,12,40,41,28,28,0,2,21,6,1,2,2
28,12,40,41,28,28,0,2,22,5,1,2,2
28,12,40,41,28,28,0,2,23,4,1,2,2
28,12,40,41,28,28,0,2,24,12,0,1,2
28,12,40,41,28,28,0,2,25,12,0,1,2
28,12,40,41,28,28,0,2,26,12,0,1,2
28,13,41,42,28,13,0,2,1,11,1,2,1
28,13,41,42,28,13,0,2,2,10,1,2,2
28,13,41,42,28,13,0,2,3,9,1,2,1
28,13,41,42,28,13,0,2,4,4,0,2,2
28,13,41,42,28,13,0,2,5,5,0,2,2
28,13,41,42,28,13,0,2,6,6,0,2,2
28,13,41,42,28,13,0,2,7,5,1,2,1
28,13,41,42,28,13,0,2,8,4,1,2,1
28,13,41,42,28,13,0,2,9,3,1,2,1
28,13,41,42,28,13,0,2,10,10,0,2,2
28,13,41,42,28,13,0,2,11,11,0,2,2
28,13,41,42,28,28,0,2,1,13,0,1,1
28,13,41,42,28,28,0,2,2,13,0,1,1
28,13,41,42,28,28,0,2,3,13,0,1,1
28,13,41,42,28,28,0,2,4,4,0,2,2
28,13,41,42,28,28,0,2,5,5,0,2,2
28,13,41,42,28,28,0,2,6,6,0,2,1
28,13,41,42,28,28,0,2,7,7,0,2,1
28,13,41,42,28,28,0,2,8,8,0,2,2
28,13,41,42,28,28,0,2,9,9,0,2,1
28,13,41,42,28,28,0,2,10,10,0,2,2
28,13,41,42,28,28,0,2,11,11,0,2,2
28,13,41,42,28,28,0,2,12,12,0,2,1
28,13,41,42,28,28,0,2,13,13,0,1,2
28,13,41,42,28,28,0,2,14,13,0,1,2
28,13,41,42,28,28,0,2,15,12,1,2,1
28,13,41,42,28,28,0,2,16,11,1,2,1
28,13,41,42,28,28,0,2,17,10,1,2,1
28,13,41,42,28,28,0,2,18,9,1,2,1
28,13,41,42,28,28,0,2,19,8,1,2,1
28,13,41,42,28,28,0,2,20,7,1,2,1
28,13,41,42,28,28,0,2,21,6,1,2,1
28,13,41,42,28,28,0,2,22,5,1,2,1
28,13,41,42,28,28,0,2,23,4,1,2,1
28,13,41,42,28,28,0,2,24,3,1,2,1
28,13,41,42,28,28,0,2,25,13,0,1,2
28,13,41,42,28,28,0,2,26,13,0,1,2
28,14,42,43,28,14,0,2,1,12,1,2,1
28,14,42,43,28,14,0,2,2,11,1,2,2
28,14,42,43,28,14,0,2,3,10,1,2,1
28,14,42,43,28,14,0,2,4,4,0,2,2
28,14,42,43,28,14,0,2,5,5,0,2,2
28,14,42,43,28,14,0,2,6,6,0,2,2
28,14,42,43,28,14,0,2,7,6,1,2,2
28,14,42,43,28,14,0,2,8,5,1,2,2
28,14,42,43,28,14,0,2,9,4,1,2,2
28,14,42,43,28,14,0,2,10,10,0,2,2
28,14,42,43,28,14,0,2,11,11,0,2,2
28,14,42,43,28,14,0,2,12,12,0,2,2
28,14,42,43,28,28,0,2,1,14,0,1,1
28,14,42,43,28,28,0,2,2,14,0,1,2
28,14,42,43,28,28,0,2,3,14,0,1,1
28,14,42,43,28,28,0,2,4,4,0,2,2
28,14,42,43,28,28,0,2,5,5,0,2,2
28,14,42,43,28,28,0,2,6,6,0,2,2
28,14,42,43,28,28,0,2,7,7,0,2,2
28,14,42,43,28,28,0,2,8,8,0,2,2
28,14,42,43,28,28,0,2,9,9,0,2,2
28,14,42,43,28,28,0,2,10,10,0,2,2
28,14,42,43,28,28,0,2,11,11,0,2,2
28,14,42,43,28,28,0,2,12,12,0,2,2
28,14,42,43,28,28,0,2,13,13,0,2,2
28,14,42,43,28,28,0,2,14,13,1,2,2
28,14,42,43,28,28,0,2,15,12,1,2,2
28,14,42,43,28,28,0,2,16,11,1,2,2
28,14,42,43,28,28,0,2,17,10,1,2,2
28,14,42,43,28,28,0,2,18,9,1,2,2
28,14,42,43,28,28,0,2,19,8,1,2,2
28,14,42,43,28,28,0,2,20,7,1,2,2
28,14,42,43,28,28,0,2,21,6,1,2,2
28,14,42,43,28,28,0,2,22,5,1,2,2
28,14,42,43,28,28,0,2,23,4,1,2,2
28,14,42,43,28,28,0,2,24,14,0,1,2
28,14,42,43,28,28,0,2,25,14,0,1,2
28,14,42,43,28,28,0,2,26,14,0,1,2
28,15,43,44,28,15,0,2,1,13,1,2,1
28,15,43,44,28,15,0,2,2,12,1,2,2
28,15,43,44,28,15,0,2,3,11,1,2,1
28,15,43,44,28,15,0,2,4,4,0,2,2
28,15,43,44,28,15,0,2,5,5,0,2,2
28,15,43,44,28,15,0,2,6,6,0,2,2
28,15,43,44,28,15,0,2,7,7,0,2,2
28,15,43,44,28,15,0,2,8,6,1,2,1
28,15,43,44,28,15,0,2,9,5,1,2,1
28,15,43,44,28,15,0,2,10,4,1,2,1
28,15,43,44,28,15,0,2,11,3,1,2,1
28,15,43,44,28,15,0,2,12,12,0,2,2
28,15,43,44,28,15,0,2,13,13,0,2,2
28,15,43,44,28,28,0,2,1,15,0,1,1
28,15,43,44,28,28,0,2,2,15,0,1,1
28,15,43,44,28,28,0,2,3,15,0,1,1
28,15,43,44,28,28,0,2,4,4,0,2,2
28,15,43,44,28,28,0,2,5,5,0,2,2
28,15,43,44,28,28,0,2,6,6,0,2,2
28,15,43,44,28,28,0,2,7,7,0,2,2
28,15,43,44,28,28,0,2,8,8,0,2,2
28,15,43,44,28,28,0,2,9,9,0,2,2
28,15,43,44,28,28,0,2,10,10,0,2,2
28,15,43,44,28,28,0,2,11,11,0,2,2
28,15,43,44,28,28,0,2,12,12,0,2,2
28,15,43,44,28,28,0,2,13,13,0,2,2
28,15,43,44,28,28,0,2,14,13,1,2,1
28,15,43,44,28,28,0,2,15,12,1,2,1
28,15,43,44,28,28,0,2,16,11,1,2,1
28,15,43,44,28,28,0,2,17,10,1,2,1
28,15,43,44,28,28,0,2,18,9,1,2,2
28,15,43,44,28,28,0,2,19,8,1,2,1
28,15,43,44,28,28,0,2,20,7,1,2,1
28,15,43,44,28,28,0,2,21,6,1,2,2
28,15,43,44,28,28,0,2,22,5,1,2,1
28,15,43,44,28,28,0,2,23,4,1,2,1
28,15,43,44,28,28,0,2,24,15,0,1,2
28,15,43,44,28,28,0,2,25,15,0,1,2
28,15,43,44,28,28,0,2,26,15,0,1,2
28,16,44,45,28,16,0,2,1,14,1,2,1
28,16,44,45,28,16,0,2,2,13,1,2,2
28,16,44,45,28,16,0,2,3,12,1,2,1
28,16,44,45,28,16,0,2,4,4,0,2,2
28,16,44,45,28,16,0,2,5,5,0,2,2
28,16,44,45,28,16,0,2,6,6,0,2,2
28,16,44,45,28,16,0,2,7,7,0,2,2
28,16,44,45,28,16,0,2,8,7,1,2,2
28,16,44,45,28,16,0,2,9,6,1,2,2
28,16,44,45,28,16,0,2,10,5,1,2,2
28,16,44,45,28,16,0,2,11,4,1,2,2
28,16,44,45,28,16,0,2,12,12,0,2,2
28,16,44,45,28,16,0,2,13,13,0,2,2
28,16,44,45,28,16,0,2,14,14,0,2,2
28,16,44,45,28,28,0,2,1,16,0,1,1
28,16,44,45,28,28,0,2,2,16,0,1,2
28,16,44,45,28,28,0,2,3,16,0,1,1
28,16,44,45,28,28,0,2,4,4,0,2,2
28,16,44,45,28,28,0,2,5,5,0,2,2
28,16,44,45,28,28,0,2,6,6,0,2,2
28,16,44,45,28,28,0,2,7,7,0,2,2
28,16,44,45,28,28,0,2,8,8,0,2,2
28,16,44,45,28,28,0,2,9,9,0,2,2
28,16,44,45,28,28,0,2,10,10,0,2,2
28,16,44,45,28,28,0,2,11,11,0,2,2
28,16,44,45,28,28,0,2,12,12,0,2,2
28,16,44,45,28,28,0,2,13,13,0,2,2
28,16,44,45,28,28,0,2,14,13,1,2,2
28,16,44,45,28,28,0,2,15,12,1,2,2
28,16,44,45,28,28,0,2,16,11,1,2,2
28,16,44,45,28,28,0,2,17,10,1,2,2
28,16,44,45,28,28,0,2,18,9,1,2,2
28,16,44,45,28,28,0,2,19,8,1,2,2
28,16,44,45,28,28,0,2,20,7,1,2,2
28,16,44,45,28,28,0,2,21,6,1,2,2
28,16,44,45,28,28,0,2,22,5,1,2,2
28,16,44,45,28,28,0,2,23,4,1,2,2
28,16,44,45,28,28,0,2,24,16,0,1,2
28,16,44,45,28,28,0,2,25,16,0,1,2
28,16,44,45,28,28,0,2,26,16,0,1,2
29,2,31,32,29,29,0,2,1,27,1,2,0
29,2,31,32,29,29,0,2,2,26,1,2,1
29,2,31,32,29,29,0,2,3,25,1,2,1
29,2,31,32,29,29,0,2,4,4,0,2,2
29,2,31,32,29,29,0,2,5,5,0,2,2
29,2,31,32,29,29,0,2,6,6,0,2,2
29,2,31,32,29,29,0,2,7,7,0,2,2
29,2,31,32,29,29,0,2,8,8,0,2,2
29,2,31,32,29,29,0,2,9,9,0,2,2
29,2,31,32,29,29,0,2,10,10,0,2,2
29,2,31,32,29,29,0,2,11,11,0,2,2
29,2,31,32,29,29,0,2,12,12,0,2,2
29,2,31,32,29,29,0,2,13,13,0,2,2
29,2,31,32,29,29,0,2,14,14,0,2,3
29,2,31,32,29,29,0,2,15,13,1,2,2
29,2,31,32,29,29,0,2,16,12,1,2,1
29,2,31,32,29,29,0,2,17,11,1,2,2
29,2,31,32,29,29,0,2,18,10,1,2,1
29,2,31,32,29,29,0,2,19,9,1,2,1
29,2,31,32,29,29,0,2,20,8,1,2,2
29,2,31,32,29,29,0,2,21,7,1,2,1
29,2,31,32,29,29,0,2,22,6,1,2,1
29,2,31,32,29,29,0,2,23,5,1,2,2
29,2,31,32,29,29,0,2,24,4,1,2,1
29,2,31,32,29,29,0,2,25,3,1,2,1
29,2,31,32,29,29,0,2,26,26,0,2,2
29,2,31,32,29,29,0,2,27,27,0,2,2
29,3,32,33,29,3,0,2,1,29,0,1,2
29,3,32,33,29,29,0,2,1,27,1,2,1
29,3,32,33,29,29,0,2,2,26,1,2,2
29,3,32,33,29,29,0,2,3,25,1,2,2
29,3,32,33,29,29,0,2,4,4,0,2,2
29,3,32,33,29,29,0,2,5,5,0,2,2
29,3,32,33,29,29,0,2,6,6,0,2,2
29,3,32,33,29,29,0,2,7,7,0,2,2
29,3,32,33,29,29,0,2,8,8,0,2,2
29,3,32,33,29,29,0,2,9,9,0,2,2
29,3,32,33,29,29,0,2,10,10,0,2,2
29,3,32,33,29,29,0,2,11,11,0,2,2
29,3,32,33,29,29,0,2,12,12,0,2,2
29,3,32,33,29,29,0,2,13,13,0,2,2
29,3,32,33,29,29,0,2,14,14,0,2,2
29,3,32,33,29,29,0,2,15,13,1,2,2
29,3,32,33,29,29,0,2,16,12,1,2,2
29,3,32,33,29,29,0,2,17,11,1,2,2
29,3,32,33,29,29,0,2,18,10,1,2,2
29,3,32,33,29,29,0,2,19,9,1,2,2
29,3,32,33,29,29,0,2,20,8,1,2,2
29,3,32,33,29,29,0,2,21,7,1,2,2
29,3,32,33,29,29,0,2,22,6,1,2,2
29,3,32,33,29,29,0,2,23,5,1,2,2
29,3,32,33,29,29,0,2,24,4,1,2,2
29,3,32,33,29,29,0,2,25,25,0,2,2
29,3,32,33,29,29,0,2,26,26,0,2,2
29,3,32,33,29,29,0,2,27,27,0,2,2
29,4,33,34,29,4,0,2,1,29,0,1,1
29,4,33,34,29,4,0,2,2,29,0,1,2
29,4,33,34,29,29,0,2,1,4,0,1,1
29,4,33,34,29,29,0,2,2,4,0,1,1
29,4,33,34,29,29,0,2,3,4,0,1,1
29,4,33,34,29,29,0,2,4,4,0,1,1
29,4,33,34,29,29,0,2,5,5,0,2,2
29,4,33,34,29,29,0,2,6,4,0,1,1
29,4,33,34,29,29,0,2,7,4,0,1,1
29,4,33,34,29,29,0,2,8,8,0,2,2
29,4,33,34,29,29,0,2,9,4,0,1,1
29,4,33,34,29,29,0,2,10,10,0,2,2
29,4,33,34,29,29,0,2,11,4,0,1,1
29,4,33,34,29,29,0,2,12,4,0,1,1
29,4,33,34,29,29,0,2,13,13,0,2,2
29,4,33,34,29,29,0,2,14,4,0,1,1
29,4,33,34,29,29,0,2,15,13,1,2,2
29,4,33,34,29,29,0,2,16,12,1,2,2
29,4,33,34,29,29,0,2,17,4,0,1,1
29,4,33,34,29,29,0,2,18,10,1,2,2
29,4,33,34,29,29,0,2,19,9,1,2,2
29,4,33,34,29,29,0,2,20,8,1,2,2
29,4,33,34,29,29,0,2,21,7,1,2,2
29,4,33,34,29,29,0,2,22,4,0,1,1
29,4,33,34,29,29,0,2,23,5,1,2,2
29,4,33,34,29,29,0,2,24,4,0,1,1
29,4,33,34,29,29,0,2,25,4,0,1,1
29,4,33,34,29,29,0,2,26,26,0,2,2
29,4,33,34,29,29,0,2,27,4,0,1,1
29,5,34,35,29,5,0,2,1,3,1,2,0
29,5,34,35,29,5,0,2,2,29,0,1,2
29,5,34,35,29,5,0,2,3,29,0,1,1
29,5,34,35,29,29,0,2,1,5,0,1,2
29,5,34,35,29,29,0,2,2,5,0,1,2
29,5,34,35,29,29,0,2,3,5,0,1,2
29,5,34,35,29,29,0,2,4,4,0,2,2
29,5,34,35,29,29,0,2,5,5,0,1,2
29,5,34,35,29,29,0,2,6,5,0,1,2
29,5,34,35,29,29,0,2,7,5,0,1,2
29,5,34,35,29,29,0,2,8,5,0,1,2
29,5,34,35,29,29,0,2,9,5,0,1,2
29,5,34,35,29,29,0,2,10,5,0,1,2
29,5,34,35,29,29,0,2,11,5,0,1,2
29,5,34,35,29,29,0,2,12,5,0,1,2
29,5,34,35,29,29,0,2,13,5,0,1,2
29,5,34,35,29,29,0,2,14,5,0,1,2
29,5,34,35,29,29,0,2,15,5,0,1,2
29,5,34,35,29,29,0,2,16,5,0,1,2
29,5,34,35,29,29,0,2,17,5,0,1,2
29,5,34,35,29,29,0,2,18,5,0,1,2
29,5,34,35,29,29,0,2,19,5,0,1,2
29,5,34,35,29,29,0,2,20,5,0,1,2
29,5,34,35,29,29,0,2,21,5,0,1,2
29,5,34,35,29,29,0,2,22,5,0,1,2
29,5,34,35,29,29,0,2,23,5,0,1,2
29,5,34,35,29,29,0,2,24,4,1,2,2
29,5,34,35,29,29,0,2,25,3,1,2,1
29,5,34,35,29,29,0,2,26,5,0,1,2
29,5,34,35,29,29,0,2,27,5,0,1,2
29,6,35,36,29,6,0,2,1,4,1,2,1
29,6,35,36,29,6,0,2,2,29,0,1,1
29,6,35,36,29,6,0,2,3,3,0,2,1
29,6,35,36,29,6,0,2,4,4,0,2,1
29,6,35,36,29,29,0,2,1,6,0,1,1
29,6,35,36,29,29,0,2,2,6,0,1,1
29,6,35,36,29,29,0,2,3,6,0,1,1
29,6,35,36,29,29,0,2,4,4,0,2,2
29,6,35,36,29,29,0,2,5,5,0,2,2
29,6,35,36,29,29,0,2,6,6,0,1,2
29,6,35,36,29,29,0,2,7,6,0,1,2
29,6,35,36,29,29,0,2,8,6,0,1,2
29,6,35,36,29,29,0,2,9,6,0,1,2
29,6,35,36,29,29,0,2,10,6,0,1,2
29,6,35,36,29,29,0,2,11,6,0,1,2
29,6,35,36,29,29,0,2,12,6,0,1,2
29,6,35,36,29,29,0,2,13,6,0,1,2
29,6,35,36,29,29,0,2,14,6,0,1,2
29,6,35,36,29,29,0,2,15,6,0,1,2
29,6,35,36,29,29,0,2,16,6,0,1,2
29,6,35,36,29,29,0,2,17,6,0,1,2
29,6,35,36,29,29,0,2,18,6,0,1,2
29,6,35,36,29,29,0,2,19,6,0,1,2
29,6,35,36,29,29,0,2,20,6,0,1,2
29,6,35,36,29,29,0,2,21,6,0,1,2
29,6,35,36,29,29,0,2,22,6,0,1,2
29,6,35,36,29,29,0,2,23,5,1,2,1
29,6,35,36,29,29,0,2,24,4,1,2,2
29,6,35,36,29,29,0,2,25,6,0,1,2
29,6,35,36,29,29,0,2,26,6,0,1,2
29,6,35,36,29,29,0,2,27,6,0,1,2
29,7,36,37,29,7,0,2,1,5,1,2,1
29,7,36,37,29,7,0,2,2,4,1,2,1
29,7,36,37,29,7,0,2,3,3,1,2,1
29,7,36,37,29,7,0,2,4,4,0,2,2
29,7,36,37,29,7,0,2,5,5,0,2,2
29,7,36,37,29,29,0,2,1,7,0,1,1
29,7,36,37,29,29,0,2,2,7,0,1,2
29,7,36,37,29,29,0,2,3,7,0,1,1
29,7,36,37,29,29,0,2,4,4,0,2,2
29,7,36,37,29,29,0,2,5,5,0,2,2
29,7,36,37,29,29,0,2,6,6,0,2,2
29,7,36,37,29,29,0,2,7,7,0,1,1
29,7,36,37,29,29,0,2,8,7,0,1,2
29,7,36,37,29,29,0,2,9,7,0,1,2
29,7,36,37,29,29,0,2,10,7,0,1,2
29,7,36,37,29,29,0,2,11,7,0,1,2
29,7,36,37,29,29,0,2,12,7,0,1,2
29,7,36,37,29,29,0,2,13,7,0,1,2
29,7,36,37,29,29,0,2,14,7,0,1,2
29,7,36,37,29,29,0,2,15,7,0,1,2
29,7,36,37,29,29,0,2,16,7,0,1,2
29,7,36,37,29,29,0,2,17,7,0,1,2
29,7,36,37,29,29,0,2,18,7,0,1,1
29,7,36,37,29,29,0,2,19,7,0,1,2
29,7,36,37,29,29,0,2,20,7,0,1,2
29,7,36,37,29,29,0,2,21,7,0,1,1
29,7,36,37,29,29,0,2,22,6,1,2,2
29,7,36,37,29,29,0,2,23,5,1,2,2
29,7,36,37,29,29,0,2,24,4,1,2,2
29,7,36,37,29,29,0,2,25,7,0,1,2
29,7,36,37,29,29,0,2,26,7,0,1,2
29,7,36,37,29,29,0,2,27,7,0,1,2
29,8,37,38,29,8,0,2,1,6,1,2,1
29,8,37,38,29,8,0,2,2,5,1,2,2
29,8,37,38,29,8,0,2,3,4,1,2,1
29,8,37,38,29,8,0,2,4,3,1,2,1
29,8,37,38,29,8,0,2,5,5,0,2,2
29,8,37,38,29,8,0,2,6,6,0,2,2
29,8,37,38,29,29,0,2,1,8,0,1,1
29,8,37,38,29,29,0,2,2,8,0,1,2
29,8,37,38,29,29,0,2,3,8,0,1,2
29,8,37,38,29,29,0,2,4,4,0,2,2
29,8,37,38,29,29,0,2,5,5,0,2,2
29,8,37,38,29,29,0,2,6,6,0,2,2
29,8,37,38,29,29,0,2,7,7,0,2,1
29,8,37,38,29,29,0,2,8,8,0,1,2
29,8,37,38,29,29,0,2,9,8,0,1,2
29,8,37,38,29,29,0,2,10,8,0,1,2
29,8,37,38,29,29,0,2,11,8,0,1,2
29,8,37,38,29,29,0,2,12,8,0,1,2
29,8,37,38,29,29,0,2,13,8,0,1,2
29,8,37,38,29,29,0,2,14,8,0,1,2
29,8,37,38,29,29,0,2,15,8,0,1,2
29,8,37,38,29,29,0,2,16,8,0,1,2
29,8,37,38,29,29,0,2,17,8,0,1,2
29,8,37,38,29,29,0,2,18,8,0,1,2
29,8,37,38,29,29,0,2,19,8,0,1,2
29,8,37,38,29,29,0,2,20,8,0,1,2
29,8,37,38,29,29,0,2,21,7,1,2,1
29,8,37,38,29,29,0,2,22,6,1,2,1
29,8,37,38,29,29,0,2,23,5,1,2,1
29,8,37,38,29,29,0,2,24,4,1,2,1
29,8,37,38,29,29,0,2,25,3,1,2,1
29,8,37,38,29,29,0,2,26,8,0,1,2
29,8,37,38,29,29,0,2,27,8,0,1,2
29,9,38,39,29,9,0,2,1,7,1,2,0
29,9,38,39,29,9,0,2,2,6,1,2,2
29,9,38,39,29,9,0,2,3,5,1,2,1
29,9,38,39,29,9,0,2,4,4,0,2,2
29,9,38,39,29,9,0,2,5,5,0,2,2
29,9,38,39,29,9,0,2,6,6,0,2,2
29,9,38,39,29,9,0,2,7,7,0,2,2
29,9,38,39,29,29,0,2,1,9,0,1,1
29,9,38,39,29,29,0,2,2,9,0,1,3
29,9,38,39,29,29,0,2,3,9,0,1,1
29,9,38,39,29,29,0,2,4,4,0,2,2
29,9,38,39,29,29,0,2,5,5,0,2,2
29,9,38,39,29,29,0,2,6,6,0,2,2
29,9,38,39,29,29,0,2,7,7,0,2,2
29,9,38,39,29,29,0,2,8,8,0,2,2
29,9,38,39,29,29,0,2,9,9,0,1,2
29,9,38,39,29,29,0,2,10,9,0,1,2
29,9,38,39,29,29,0,2,11,9,0,1,2
29,9,38,39,29,29,0,2,12,9,0,1,2
29,9,38,39,29,29,0,2,13,9,0,1,2
29,9,38,39,29,29,0,2,14,9,0,1,2
29,9,38,39,29,29,0,2,15,9,0,1,2
29,9,38,39,29,29,0,2,16,9,0,1,2
29,9,38,39,29,29,0,2,17,9,0,1,2
29,9,38,39,29,29,0,2,18,9,0,1,3
29,9,38,39,29,29,0,2,19,9,0,1,2
29,9,38,39,29,29,0,2,20,8,1,2,2
29,9,38,39,29,29,0,2,21,7,1,2,2
29,9,38,39,29,29,0,2,22,6,1,2,2
29,9,38,39,29,29,0,2,23,5,1,2,2
29,9,38,39,29,29,0,2,24,4,1,2,2
29,9,38,39,29,29,0,2,25,9,0,1,2
29,9,38,39,29,29,0,2,26,9,0,1,2
29,9,38,39,29,29,0,2,27,9,0,1,2
29,10,39,40,29,10,0,2,1,8,1,2,1
29,10,39,40,29,10,0,2,2,7,1,2,2
29,10,39,40,29,10,0,2,3,3,0,2,1
29,10,39,40,29,10,0,2,4,4,0,2,2
29,10,39,40,29,10,0,2,5,4,1,2,1
29,10,39,40,29,10,0,2,6,3,1,2,1
29,10,39,40,29,10,0,2,7,7,0,2,2
29,10,39,40,29,10,0,2,8,8,0,2,1
29,10,39,40,29,29,0,2,1,10,0,1,1
29,10,39,40,29,29,0,2,2,10,0,1,1
29,10,39,40,29,29,0,2,3,3,0,2,1
29,10,39,40,29,29,0,2,4,4,0,2,2
29,10,39,40,29,29,0,2,5,5,0,2,1
29,10,39,40,29,29,0,2,6,6,0,2,1
29,10,39,40,29,29,0,2,7,7,0,2,2
29,10,39,40,29,29,0,2,8,8,0,2,1
29,10,39,40,29,29,0,2,9,9,0,2,1
29,10,39,40,29,29,0,2,10,10,0,1,2
29,10,39,40,29,29,0,2,11,10,0,1,2
29,10,39,40,29,29,0,2,12,10,0,1,1
29,10,39,40,29,29,0,2,13,10,0,1,2
29,10,39,40,29,29,0,2,14,10,0,1,1
29,10,39,40,29,29,0,2,15,10,0,1,2
29,10,39,40,29,29,0,2,16,10,0,1,2
29,10,39,40,29,29,0,2,17,10,0,1,1
29,10,39,40,29,29,0,2,18,10,0,1,2
29,10,39,40,29,29,0,2,19,9,1,2,1
29,10,39,40,29,29,0,2,20,8,1,2,1
29,10,39,40,29,29,0,2,21,7,1,2,1
29,10,39,40,29,29,0,2,22,6,1,2,1
29,10,39,40,29,29,0,2,23,5,1,2,1
29,10,39,40,29,29,0,2,24,4,1,2,1
29,10,39,40,29,29,0,2,25,3,1,2,1
29,10,39,40,29,29,0,2,26,10,0,1,2
29,10,39,40,29,29,0,2,27,10,0,1,1
29,11,40,41,29,11,0,2,1,9,1,2,0
29,11,40,41,29,11,0,2,2,8,1,2,1
29,11,40,41,29,11,0,2,3,7,1,2,1
29,11,40,41,29,11,0,2,4,4,0,2,2
29,11,40,41,29,11,0,2,5,5,0,2,2
29,11,40,41,29,11,0,2,6,4,1,2,1
29,11,40,41,29,11,0,2,7,3,1,2,1
29,11,40,41,29,11,0,2,8,8,0,2,2
29,11,40,41,29,11,0,2,9,9,0,2,2
29,11,40,41,29,29,0,2,1,11,0,1,1
29,11,40,41,29,29,0,2,2,11,0,1,2
29,11,40,41,29,29,0,2,3,11,0,1,2
29,11,40,41,29,29,0,2,4,4,0,2,2
29,11,40,41,29,29,0,2,5,5,0,2,2
29,11,40,41,29,29,0,2,6,6,0,2,2
29,11,40,41,29,29,0,2,7,7,0,2,2
29,11,40,41,29,29,0,2,8,8,0,2,2
29,11,40,41,29,29,0,2,9,9,0,2,2
29,11,40,41,29,29,0,2,10,10,0,2,2
29,11,40,41,29,29,0,2,11,11,0,1,2
29,11,40,41,29,29,0,2,12,11,0,1,2
29,11,40,41,29,29,0,2,13,11,0,1,2
29,11,40,41,29,29,0,2,14,11,0,1,2
29,11,40,41,29,29,0,2,15,11,0,1,2
29,11,40,41,29,29,0,2,16,11,0,1,2
29,11,40,41,29,29,0,2,17,11,0,1,2
29,11,40,41,29,29,0,2,18,10,1,2,2
29,11,40,41,29,29,0,2,19,9,1,2,2
29,11,40,41,29,29,0,2,20,8,1,2,2
29,11,40,41,29,29,0,2,21,7,1,2,2
29,11,40,41,29,29,0,2,22,6,1,2,1
29,11,40,41,29,29,0,2,23,5,1,2,2
29,11,40,41,29,29,0,2,24,4,1,2,2
29,11,40,41,29,29,0,2,25,3,1,2,1
29,11,40,41,29,29,0,2,26,11,0,1,2
29,11,40,41,29,29,0,2,27,11,0,1,2
29,12,41,42,29,12,0,2,1,10,1,2,1
29,12,41,42,29,12,0,2,2,9,1,2,2
29,12,41,42,29,12,0,2,3,3,0,2,1
29,12,41,42,29,12,0,2,4,4,0,2,1
29,12,41,42,29,12,0,2,5,5,0,2,2
29,12,41,42,29,12,0,2,6,5,1,2,1
29,12,41,42,29,12,0,2,7,4,1,2,1
29,12,41,42,29,12,0,2,8,8,0,2,2
29,12,41,42,29,12,0,2,9,9,0,2,1
29,12,41,42,29,12,0,2,10,10,0,2,1
29,12,41,42,29,29,0,2,1,12,0,1,1
29,12,41,42,29,29,0,2,2,12,0,1,1
29,12,41,42,29,29,0,2,3,12,0,1,1
29,12,41,42,29,29,0,2,4,4,0,2,2
29,12,41,42,29,29,0,2,5,5,0,2,2
29,12,41,42,29,29,0,2,6,6,0,2,2
29,12,41,42,29,29,0,2,7,7,0,2,2
29,12,41,42,29,29,0,2,8,8,0,2,2
29,12,41,42,29,29,0,2,9,9,0,2,2
29,12,41,42,29,29,0,2,10,10,0,2,2
29,12,41,42,29,29,0,2,11,11,0,2,2
29,12,41,42,29,29,0,2,12,12,0,1,2
29,12,41,42,29,29,0,2,13,12,0,1,2
29,12,41,42,29,29,0,2,14,12,0,1,2
29,12,41,42,29,29,0,2,15,12,0,1,2
29,12,41,42,29,29,0,2,16,12,0,1,2
29,12,41,42,29,29,0,2,17,11,1,2,1
29,12,41,42,29,29,0,2,18,10,1,2,1
29,12,41,42,29,29,0,2,19,9,1,2,1
29,12,41,42,29,29,0,2,20,8,1,2,1
29,12,41,42,29,29,0,2,21,7,1,2,1
29,12,41,42,29,29,0,2,22,6,1,2,1
29,12,41,42,29,29,0,2,23,5,1,2,1
29,12,41,42,29,29,0,2,24,4,1,2,1
29,12,41,42,29,29,0,2,25,3,1,2,1
29,12,41,42,29,29,0,2,26,12,0,1,2
29,12,41,42,29,29,0,2,27,12,0,1,2
29,13,42,43,29,13,0,2,1,11,1,2,1
29,13,42,43,29,13,0,2,2,10,1,2,1
29,13,42,43,29,13,0,2,3,9,1,2,1
29,13,42,43,29,13,0,2,4,4,0,2,2
29,13,42,43,29,13,0,2,5,5,0,2,2
29,13,42,43,29,13,0,2,6,6,0,2,2
29,13,42,43,29,13,0,2,7,5,1,2,2
29,13,42,43,29,13,0,2,8,4,1,2,2
29,13,42,43,29,13,0,2,9,9,0,2,2
29,13,42,43,29,13,0,2,10,10,0,2,2
29,13,42,43,29,13,0,2,11,11,0,2,2
29,13,42,43,29,29,0,2,1,13,0,1,1
29,13,42,43,29,29,0,2,2,13,0,1,2
29,13,42,43,29,29,0,2,3,13,0,1,1
29,13,42,43,29,29,0,2,4,4,0,2,2
29,13,42,43,29,29,0,2,5,5,0,2,2
29,13,42,43,29,29,0,2,6,6,0,2,2
29,13,42,43,29,29,0,2,7,7,0,2,2
29,13,42,43,29,29,0,2,8,8,0,2,2
29,13,42,43,29,29,0,2,9,9,0,2,2
29,13,42,43,29,29,0,2,10,10,0,2,2
29,13,42,43,29,29,0,2,11,11,0,2,2
29,13,42,43,29,29,0,2,12,12,0,2,2
29,13,42,43,29,29,0,2,13,13,0,1,2
29,13,42,43,29,29,0,2,14,13,0,1,2
29,13,42,43,29,29,0,2,15,13,0,1,2
29,13,42,43,29,29,0,2,16,12,1,2,2
29,13,42,43,29,29,0,2,17,11,1,2,2
29,13,42,43,29,29,0,2,18,10,1,2,2
29,13,42,43,29,29,0,2,19,9,1,2,2
29,13,42,43,29,29,0,2,20,8,1,2,2
29,13,42,43,29,29,0,2,21,7,1,2,2
29,13,42,43,29,29,0,2,22,6,1,2,2
29,13,42,43,29,29,0,2,23,5,1,2,2
29,13,42,43,29,29,0,2,24,4,1,2,2
29,13,42,43,29,29,0,2,25,13,0,1,2
29,13,42,43,29,29,0,2,26,13,0,1,2
29,13,42,43,29,29,0,2,27,13,0,1,2
29,14,43,44,29,14,0,2,1,12,1,2,1
29,14,43,44,29,14,0,2,2,11,1,2,2
29,14,43,44,29,14,0,2,3,10,1,2,1
29,14,43,44,29,14,0,2,4,4,0,2,2
29,14,43,44,29,14,0,2,5,5,0,2,2
29,14,43,44,29,14,0,2,6,6,0,2,2
29,14,43,44,29,14,0,2,7,6,1,2,1
29,14,43,44,29,14,0,2,8,5,1,2,1
29,14,43,44,29,14,0,2,9,4,1,2,1
29,14,43,44,29,14,0,2,10,3,1,2,1
29,14,43,44,29,14,0,2,11,11,0,2,2
29,14,43,44,29,14,0,2,12,12,0,2,2
29,14,43,44,29,29,0,2,1,14,0,1,1
29,14,43,44,29,29,0,2,2,14,0,1,1
29,14,43,44,29,29,0,2,3,14,0,1,1
29,14,43,44,29,29,0,2,4,4,0,2,2
29,14,43,44,29,29,0,2,5,5,0,2,2
29,14,43,44,29,29,0,2,6,6,0,2,2
29,14,43,44,29,29,0,2,7,7,0,2,2
29,14,43,44,29,29,0,2,8,8,0,2,2
29,14,43,44,29,29,0,2,9,9,0,2,2
29,14,43,44,29,29,0,2,10,10,0,2,2
29,14,43,44,29,29,0,2,11,11,0,2,2
29,14,43,44,29,29,0,2,12,12,0,2,2
29,14,43,44,29,29,0,2,13,13,0,2,2
29,14,43,44,29,29,0,2,14,14,0,1,1
29,14,43,44,29,29,0,2,15,13,1,2,1
29,14,43,44,29,29,0,2,16,12,1,2,1
29,14,43,44,29,29,0,2,17,11,1,2,1
29,14,43,44,29,29,0,2,18,10,1,2,1
29,14,43,44,29,29,0,2,19,9,1,2,1
29,14,43,44,29,29,0,2,20,8,1,2,1
29,14,43,44,29,29,0,2,21,7,1,2,1
29,14,43,44,29,29,0,2,22,6,1,2,1
29,14,43,44,29,29,0,2,23,5,1,2,1
29,14,43,44,29,29,0,2,24,4,1,2,1
29,14,43,44,29,29,0,2,25,3,1,2,1
29,14,43,44,29,29,0,2,26,14,0,1,2
29,14,43,44,29,29,0,2,27,14,0,1,2
29,15,44,45,29,15,0,2,1,13,1,2,0
29,15,44,45,29,15,0,2,2,12,1,2,2
29,15,44,45,29,15,0,2,3,11,1,2,1
29,15,44,45,29,15,0,2,4,4,0,2,2
29,15,44,45,29,15,0,2,5,5,0,2,2
29,15,44,45,29,15,0,2,6,6,0,2,2
29,15,44,45,29,15,0,2,7,7,0,2,2
29,15,44,45,29,15,0,2,8,6,1,2,2
29,15,44,45,29,15,0,2,9,5,1,2,2
29,15,44,45,29,15,0,2,10,4,1,2,2
29,15,44,45,29,15,0,2,11,11,0,2,2
29,15,44,45,29,15,0,2,12,12,0,2,2
29,15,44,45,29,15,0,2,13,13,0,2,2
29,15,44,45,29,29,0,2,1,15,0,1,1
29,15,44,45,29,29,0,2,2,15,0,1,2
29,15,44,45,29,29,0,2,3,15,0,1,1
29,15,44,45,29,29,0,2,4,4,0,2,2
29,15,44,45,29,29,0,2,5,5,0,2,2
29,15,44,45,29,29,0,2,6,6,0,2,2
29,15,44,45,29,29,0,2,7,7,0,2,2
29,15,44,45,29,29,0,2,8,8,0,2,2
29,15,44,45,29,29,0,2,9,9,0,2,2
29,15,44,45,29,29,0,2,10,10,0,2,2
29,15,44,45,29,29,0,2,11,11,0,2,2
29,15,44,45,29,29,0,2,12,12,0,2,2
29,15,44,45,29,29,0,2,13,13,0,2,2
29,15,44,45,29,29,0,2,14,14,0,2,2
29,15,44,45,29,29,0,2,15,13,1,2,2
29,15,44,45,29,29,0,2,16,12,1,2,2
29,15,44,45,29,29,0,2,17,11,1,2,2
29,15,44,45,29,29,0,2,18,10,1,2,2
29,15,44,45,29,29,0,2,19,9,1,2,2
29,15,44,45,29,29,0,2,20,8,1,2,2
29,15,44,45,29,29,0,2,21,7,1,2,2
29,15,44,45,29,29,0,2,22,6,1,2,2
29,15,44,45,29,29,0,2,23,5,1,2,2
29,15,44,45,29,29,0,2,24,4,1,2,2
29,15,44,45,29,29,0,2,25,15,0,1,2
29,15,44,45,29,29,0,2,26,15,0,1,2
29,15,44,45,29,29,0,2,27,15,0,1,2
30,2,32,33,30,30,0,2,1,28,1,2,1
30,2,32,33,30,30,0,2,2,27,1,2,2
30,2,32,33,30,30,0,2,3,3,0,2,1
30,2,32,33,30,30,0,2,4,4,0,2,1
30,2,32,33,30,30,0,2,5,5,0,2,1
30,2,32,33,30,30,0,2,6,6,0,2,1
30,2,32,33,30,30,0,2,7,7,0,2,1
30,2,32,33,30,30,0,2,8,8,0,2,1
30,2,32,33,30,30,0,2,9,9,0,2,1
30,2,32,33,30,30,0,2,10,10,0,2,1
30,2,32,33,30,30,0,2,11,11,0,2,1
30,2,32,33,30,30,0,2,12,12,0,2,1
30,2,32,33,30,30,0,2,13,13,0,2,1
30,2,32,33,30,30,0,2,14,14,0,2,2
30,2,32,33,30,30,0,2,15,14,1,2,2
30,2,32,33,30,30,0,2,16,13,1,2,1
30,2,32,33,30,30,0,2,17,12,1,2,2
30,2,32,33,30,30,0,2,18,11,1,2,2
30,2,32,33,30,30,0,2,19,10,1,2,2
30,2,32,33,30,30,0,2,20,9,1,2,2
30,2,32,33,30,30,0,2,21,8,1,2,2
30,2,32,33,30,30,0,2,22,7,1,2,2
30,2,32,33,30,30,0,2,23,6,1,2,1
30,2,32,33,30,30,0,2,24,5,1,2,2
30,2,32,33,30,30,0,2,25,4,1,2,2
30,2,32,33,30,30,0,2,26,3,1,2,1
30,2,32,33,30,30,0,2,27,27,0,2,1
30,2,32,33,30,30,0,2,28,28,0,2,1
30,3,33,34,30,3,0,2,1,30,0,1,1
30,3,33,34,30,30,0,2,1,3,0,1,1
30,3,33,34,30,30,0,2,2,27,1,2,2
30,3,33,34,30,30,0,2,3,26,1,2,1
30,3,33,34,30,30,0,2,4,4,0,2,2
30,3,33,34,30,30,0,2,5,5,0,2,2
30,3,33,34,30,30,0,2,6,6,0,2,2
30,3,33,34,30,30,0,2,7,7,0,2,2
30,3,33,34,30,30,0,2,8,8,0,2,2
30,3,33,34,30,30,0,2,9,9,0,2,2
30,3,33,34,30,30,0,2,10,10,0,2,2
30,3,33,34,30,30,0,2,11,11,0,2,2
30,3,33,34,30,30,0,2,12,12,0,2,2
30,3,33,34,30,30,0,2,13,13,0,2,2
30,3,33,34,30,30,0,2,14,14,0,2,2
30,3,33,34,30,30,0,2,15,14,1,2,2
30,3,33,34,30,30,0,2,16,13,1,2,2
30,3,33,34,30,30,0,2,17,12,1,2,2
30,3,33,34,30,30,0,2,18,11,1,2,2
30,3,33,34,30,30,0,2,19,10,1,2,2
30,3,33,34,30,30,0,2,20,9,1,2,2
30,3,33,34,30,30,0,2,21,8,1,2,2
30,3,33,34,30,30,0,2,22,7,1,2,2
30,3,33,34,30,30,0,2,23,6,1,2,2
30,3,33,34,30,30,0,2,24,5,1,2,2
30,3,33,34,30,30,0,2,25,4,1,2,2
30,3,33,34,30,30,0,2,26,26,0,2,2
30,3,33,34,30,30,0,2,27,27,0,2,2
30,3,33,34,30,30,0,2,28,28,0,2,2
30,4,34,35,30,4,0,2,1,30,0,1,1
30,4,34,35,30,4,0,2,2,30,0,1,3
30,4,34,35,30,30,0,2,1,4,0,1,1
30,4,34,35,30,30,0,2,2,27,1,2,2
30,4,34,35,30,30,0,2,3,4,0,1,1
30,4,34,35,30,30,0,2,4,4,0,1,1
30,4,34,35,30,30,0,2,5,5,0,2,2
30,4,34,35,30,30,0,2,6,4,0,1,1
30,4,34,35,30,30,0,2,7,4,0,1,1
30,4,34,35,30,30,0,2,8,8,0,2,2
30,4,34,35,30,30,0,2,9,4,0,1,1
30,4,34,35,30,30,0,2,10,10,0,2,2
30,4,34,35,30,30,0,2,11,11,0,2,2
30,4,34,35,30,30,0,2,12,4,0,1,1
30,4,34,35,30,30,0,2,13,13,0,2,2
30,4,34,35,30,30,0,2,14,14,0,2,2
30,4,34,35,30,30,0,2,15,4,0,1,1
30,4,34,35,30,30,0,2,16,13,1,2,2
30,4,34,35,30,30,0,2,17,4,0,1,1
30,4,34,35,30,30,0,2,18,11,1,2,2
30,4,34,35,30,30,0,2,19,4,0,1,1
30,4,34,35,30,30,0,2,20,9,1,2,2
30,4,34,35,30,30,0,2,21,8,1,2,2
30,4,34,35,30,30,0,2,22,4,0,1,1
30,4,34,35,30,30,0,2,23,6,1,2,2
30,4,34,35,30,30,0,2,24,5,1,2,2
30,4,34,35,30,30,0,2,25,4,1,2,2
30,4,34,35,30,30,0,2,26,26,0,2,2
30,4,34,35,30,30,0,2,27,27,0,2,2
30,4,34,35,30,30,0,2,28,4,0,1,1
30,5,35,36,30,5,0,2,1,3,1,2,1
30,5,35,36,30,5,0,2,2,30,0,1,1
30,5,35,36,30,5,0,2,3,30,0,1,1
30,5,35,36,30,30,0,2,1,5,0,1,1
30,5,35,36,30,30,0,2,2,5,0,1,2
30,5,35,36,30,30,0,2,3,3,0,2,1
30,5,35,36,30,30,0,2,4,4,0,2,1
30,5,35,36,30,30,0,2,5,5,0,1,2
30,5,35,36,30,30,0,2,6,5,0,1,2
30,5,35,36,30,30,0,2,7,5,0,1,2
30,5,35,36,30,30,0,2,8,5,0,1,2
30,5,35,36,30,30,0,2,9,5,0,1,2
30,5,35,36,30,30,0,2,10,5,0,1,2
30,5,35,36,30,30,0,2,11,5,0,1,2
30,5,35,36,30,30,0,2,12,5,0,1,2
30,5,35,36,30,30,0,2,13,5,0,1,2
30,5,35,36,30,30,0,2,14,5,0,1,2
30,5,35,36,30,30,0,2,15,5,0,1,2
30,5,35,36,30,30,0,2,16,5,0,1,2
30,5,35,36,30,30,0,2,17,5,0,1,2
30,5,35,36,30,30,0,2,18,5,0,1,2
30,5,35,36,30,30,0,2,19,5,0,1,2
30,5,35,36,30,30,0,2,20,5,0,1,2
30,5,35,36,30,30,0,2,21,5,0,1,2
30,5,35,36,30,30,0,2,22,5,0,1,2
30,5,35,36,30,30,0,2,23,5,0,1,2
30,5,35,36,30,30,0,2,24,5,0,1,2
30,5,35,36,30,30,0,2,25,4,1,2,1
30,5,35,36,30,30,0,2,26,3,1,2,1
30,5,35,36,30,30,0,2,27,5,0,1,2
30,5,35,36,30,30,0,2,28,5,0,1,2
30,6,36,37,30,6,0,2,1,4,1,2,1
30,6,36,37,30,6,0,2,2,30,0,1,2
30,6,36,37,30,6,0,2,3,30,0,1,1
30,6,36,37,30,6,0,2,4,4,0,2,2
30,6,36,37,30,30,0,2,1,6,0,1,2
30,6,36,37,30,30,0,2,2,6,0,1,3
30,6,36,37,30,30,0,2,3,6,0,1,2
30,6,36,37,30,30,0,2,4,4,0,2,2
30,6,36,37,30,30,0,2,5,5,0,2,2
30,6,36,37,30,30,0,2,6,6,0,1,2
30,6,36,37,30,30,0,2,7,6,0,1,3
30,6,36,37,30,30,0,2,8,6,0,1,3
30,6,36,37,30,30,0,2,9,6,0,1,3
30,6,36,37,30,30,0,2,10,6,0,1,3
30,6,36,37,30,30,0,2,11,6,0,1,3
30,6,36,37,30,30,0,2,12,6,0,1,3
30,6,36,37,30,30,0,2,13,6,0,1,3
30,6,36,37,30,30,0,2,14,6,0,1,2
30,6,36,37,30,30,0,2,15,6,0,1,3
30,6,36,37,30,30,0,2,16,6,0,1,3
30,6,36,37,30,30,0,2,17,6,0,1,3
30,6,36,37,30,30,0,2,18,6,0,1,2
30,6,36,37,30,30,0,2,19,6,0,1,3
30,6,36,37,30,30,0,2,20,6,0,1,3
30,6,36,37,30,30,0,2,21,6,0,1,3
30,6,36,37,30,30,0,2,22,6,0,1,3
30,6,36,37,30,30,0,2,23,6,0,1,2
30,6,36,37,30,30,0,2,24,5,1,2,2
30,6,36,37,30,30,0,2,25,4,1,2,2
30,6,36,37,30,30,0,2,26,6,0,1,2
30,6,36,37,30,30,0,2,27,6,0,1,3
30,6,36,37,30,30,0,2,28,6,0,1,3
30,7,37,38,30,7,0,2,1,5,1,2,1
30,7,37,38,30,7,0,2,2,4,1,2,2
30,7,37,38,30,7,0,2,3,3,1,2,1
30,7,37,38,30,7,0,2,4,4,0,2,2
30,7,37,38,30,7,0,2,5,5,0,2,2
30,7,37,38,30,30,0,2,1,7,0,1,1
30,7,37,38,30,30,0,2,2,7,0,1,1
30,7,37,38,30,30,0,2,3,7,0,1,1
30,7,37,38,30,30,0,2,4,4,0,2,2
30,7,37,38,30,30,0,2,5,5,0,2,2
30,7,37,38,30,30,0,2,6,6,0,2,2
30,7,37,38,30,30,0,2,7,7,0,1,2
30,7,37,38,30,30,0,2,8,7,0,1,2
30,7,37,38,30,30,0,2,9,7,0,1,2
30,7,37,38,30,30,0,2,10,7,0,1,2
30,7,37,38,30,30,0,2,11,7,0,1,2
30,7,37,38,30,30,0,2,12,7,0,1,2
30,7,37,38,30,30,0,2,13,7,0,1,2
30,7,37,38,30,30,0,2,14,7,0,1,1
30,7,37,38,30,30,0,2,15,7,0,1,2
30,7,37,38,30,30,0,2,16,7,0,1,1
30,7,37,38,30,30,0,2,17,7,0,1,2
30,7,37,38,30,30,0,2,18,7,0,1,2
30,7,37,38,30,30,0,2,19,7,0,1,1
30,7,37,38,30,30,0,2,20,7,0,1,2
30,7,37,38,30,30,0,2,21,7,0,1,2
30,7,37,38,30,30,0,2,22,7,0,1,1
30,7,37,38,30,30,0,2,23,6,1,2,2
30,7,37,38,30,30,0,2,24,5,1,2,2
30,7,37,38,30,30,0,2,25,4,1,2,2
30,7,37,38,30,30,0,2,26,7,0,1,2
30,7,37,38,30,30,0,2,27,7,0,1,1
30,7,37,38,30,30,0,2,28,7,0,1,2
30,8,38,39,30,8,0,2,1,6,1,2,1
30,8,38,39,30,8,0,2,2,5,1,2,2
30,8,38,39,30,8,0,2,3,4,1,2,1
30,8,38,39,30,8,0,2,4,3,1,2,1
30,8,38,39,30,8,0,2,5,5,0,2,2
30,8,38,39,30,8,0,2,6,6,0,2,2
30,8,38,39,30,30,0,2,1,8,0,1,1
30,8,38,39,30,30,0,2,2,8,0,1,2
30,8,38,39,30,30,0,2,3,8,0,1,1
30,8,38,39,30,30,0,2,4,4,0,2,2
30,8,38,39,30,30,0,2,5,5,0,2,2
30,8,38,39,30,30,0,2,6,6,0,2,2
30,8,38,39,30,30,0,2,7,7,0,2,2
30,8,38,39,30,30,0,2,8,8,0,1,2
30,8,38,39,30,30,0,2,9,8,0,1,2
30,8,38,39,30,30,0,2,10,8,0,1,2
30,8,38,39,30,30,0,2,11,8,0,1,2
30,8,38,39,30,30,0,2,12,8,0,1,2
30,8,38,39,30,30,0,2,13,8,0,1,2
30,8,38,39,30,30,0,2,14,8,0,1,2
30,8,38,39,30,30,0,2,15,8,0,1,2
30,8,38,39,30,30,0,2,16,8,0,1,2
30,8,38,39,30,30,0,2,17,8,0,1,2
30,8,38,39,30,30,0,2,18,8,0,1,2
30,8,38,39,30,30,0,2,19,8,0,1,2
30,8,38,39,30,30,0,2,20,8,0,1,2
30,8,38,39,30,30,0,2,21,8,0,1,2
30,8,38,39,30,30,0,2,22,7,1,2,2
30,8,38,39,30,30,0,2,23,6,1,2,2
30,8,38,39,30,30,0,2,24,5,1,2,2
30,8,38,39,30,30,0,2,25,4,1,2,2
30,8,38,39,30,30,0,2,26,8,0,1,2
30,8,38,39,30,30,0,2,27,8,0,1,2
30,8,38,39,30,30,0,2,28,8,0,1,2
30,9,39,40,30,9,0,2,1,7,1,2,1
30,9,39,40,30,9,0,2,2,6,1,2,2
30,9,39,40,30,9,0,2,3,5,1,2,1
30,9,39,40,30,9,0,2,4,4,0,2,2
30,9,39,40,30,9,0,2,5,5,0,2,2
30,9,39,40,30,9,0,2,6,6,0,2,2
30,9,39,40,30,9,0,2,7,7,0,2,2
30,9,39,40,30,30,0,2,1,9,0,1,1
30,9,39,40,30,30,0,2,2,9,0,1,1
30,9,39,40,30,30,0,2,3,3,0,2,1
30,9,39,40,30,30,0,2,4,4,0,2,2
30,9,39,40,30,30,0,2,5,5,0,2,2
30,9,39,40,30,30,0,2,6,6,0,2,1
30,9,39,40,30,30,0,2,7,7,0,2,2
30,9,39,40,30,30,0,2,8,8,0,2,2
30,9,39,40,30,30,0,2,9,9,0,1,2
30,9,39,40,30,30,0,2,10,9,0,1,2
30,9,39,40,30,30,0,2,11,9,0,1,2
30,9,39,40,30,30,0,2,12,9,0,1,2
30,9,39,40,30,30,0,2,13,9,0,1,2
30,9,39,40,30,30,0,2,14,9,0,1,2
30,9,39,40,30,30,0,2,15,9,0,1,2
30,9,39,40,30,30,0,2,16,9,0,1,2
30,9,39,40,30,30,0,2,17,9,0,1,2
30,9,39,40,30,30,0,2,18,9,0,1,2
30,9,39,40,30,30,0,2,19,9,0,1,2
30,9,39,40,30,30,0,2,20,9,0,1,2
30,9,39,40,30,30,0,2,21,8,1,2,1
30,9,39,40,30,30,0,2,22,7,1,2,1
30,9,39,40,30,30,0,2,23,6,1,2,1
30,9,39,40,30,30,0,2,24,5,1,2,1
30,9,39,40,30,30,0,2,25,4,1,2,1
30,9,39,40,30,30,0,2,26,3,1,2,1
30,9,39,40,30,30,0,2,27,9,0,1,2
30,9,39,40,30,30,0,2,28,9,0,1,2
30,10,40,41,30,10,0,2,1,8,1,2,1
30,10,40,41,30,10,0,2,2,7,1,2,2
30,10,40,41,30,10,0,2,3,6,1,2,1
30,10,40,41,30,10,0,2,4,4,0,2,2
30,10,40,41,30,10,0,2,5,4,1,2,2
30,10,40,41,30,10,0,2,6,3,1,2,1
30,10,40,41,30,10,0,2,7,7,0,2,2
30,10,40,41,30,10,0,2,8,8,0,2,2
30,10,40,41,30,30,0,2,1,10,0,1,1
30,10,40,41,30,30,0,2,2,10,0,1,2
30,10,40,41,30,30,0,2,3,10,0,1,1
30,10,40,41,30,30,0,2,4,4,0,2,2
30,10,40,41,30,30,0,2,5,5,0,2,2
30,10,40,41,30,30,0,2,6,6,0,2,2
30,10,40,41,30,30,0,2,7,7,0,2,2
30,10,40,41,30,30,0,2,8,8,0,2,2
30,10,40,41,30,30,0,2,9,9,0,2,2
30,10,40,41,30,30,0,2,10,10,0,1,2
30,10,40,41,30,30,0,2,11,10,0,1,2
30,10,40,41,30,30,0,2,12,10,0,1,2
30,10,40,41,30,30,0,2,13,10,0,1,2
30,10,40,41,30,30,0,2,14,10,0,1,2
30,10,40,41,30,30,0,2,15,10,0,1,2
30,10,40,41,30,30,0,2,16,10,0,1,2
30,10,40,41,30,30,0,2,17,10,0,1,2
30,10,40,41,30,30,0,2,18,10,0,1,2
30,10,40,41,30,30,0,2,19,10,0,1,2
30,10,40,41,30,30,0,2,20,9,1,2,2
30,10,40,41,30,30,0,2,21,8,1,2,2
30,10,40,41,30,30,0,2,22,7,1,2,2
30,10,40,41,30,30,0,2,23,6,1,2,2
30,10,40,41,30,30,0,2,24,5,1,2,2
30,10,40,41,30,30,0,2,25,4,1,2,2
30,10,40,41,30,30,0,2,26,10,0,1,2
30,10,40,41,30,30,0,2,27,10,0,1,2
30,10,40,41,30,30,0,2,28,10,0,1,2
30,11,41,42,30,11,0,2,1,9,1,2,1
30,11,41,42,30,11,0,2,2,8,1,2,2
30,11,41,42,30,11,0,2,3,7,1,2,1
30,11,41,42,30,11,0,2,4,4,0,2,2
30,11,41,42,30,11,0,2,5,5,0,2,2
30,11,41,42,30,11,0,2,6,4,1,2,1
30,11,41,42,30,11,0,2,7,3,1,2,1
30,11,41,42,30,11,0,2,8,8,0,2,2
30,11,41,42,30,11,0,2,9,9,0,2,2
30,11,41,42,30,30,0,2,1,11,0,1,1
30,11,41,42,30,30,0,2,2,11,0,1,1
30,11,41,42,30,30,0,2,3,11,0,1,1
30,11,41,42,30,30,0,2,4,4,0,2,2
30,11,41,42,30,30,0,2,5,5,0,2,2
30,11,41,42,30,30,0,2,6,6,0,2,2
30,11,41,42,30,30,0,2,7,7,0,2,1
30,11,41,42,30,30,0,2,8,8,0,2,1
30,11,41,42,30,30,0,2,9,9,0,2,2
30,11,41,42,30,30,0,2,10,10,0,2,2
30,11,41,42,30,30,0,2,11,11,0,1,1
30,11,41,42,30,30,0,2,12,11,0,1,2
30,11,41,42,30,30,0,2,13,11,0,1,2
30,11,41,42,30,30,0,2,14,11,0,1,2
30,11,41,42,30,30,0,2,15,11,0,1,2
30,11,41,42,30,30,0,2,16,11,0,1,2
30,11,41,42,30,30,0,2,17,11,0,1,2
30,11,41,42,30,30,0,2,18,11,0,1,2
30,11,41,42,30,30,0,2,19,10,1,2,1
30,11,41,42,30,30,0,2,20,9,1,2,1
30,11,41,42,30,30,0,2,21,8,1,2,1
30,11,41,42,30,30,0,2,22,7,1,2,1
30,11,41,42,30,30,0,2,23,6,1,2,1
30,11,41,42,30,30,0,2,24,5,1,2,1
30,11,41,42,30,30,0,2,25,4,1,2,1
30,11,41,42,30,30,0,2,26,3,1,2,1
30,11,41,42,30,30,0,2,27,11,0,1,2
30,11,41,42,30,30,0,2,28,11,0,1,2
30,12,42,43,30,12,0,2,1,10,1,2,1
30,12,42,43,30,12,0,2,2,9,1,2,2
30,12,42,43,30,12,0,2,3,8,1,2,1
30,12,42,43,30,12,0,2,4,4,0,2,2
30,12,42,43,30,12,0,2,5,5,0,2,2
30,12,42,43,30,12,0,2,6,5,1,2,1
30,12,42,43,30,12,0,2,7,4,1,2,2
30,12,42,43,30,12,0,2,8,8,0,2,2
30,12,42,43,30,12,0,2,9,9,0,2,2
30,12,42,43,30,12,0,2,10,10,0,2,2
30,12,42,43,30,30,0,2,1,12,0,1,1
30,12,42,43,30,30,0,2,2,12,0,1,2
30,12,42,43,30,30,0,2,3,12,0,1,1
30,12,42,43,30,30,0,2,4,4,0,2,2
30,12,42,43,30,30,0,2,5,5,0,2,2
30,12,42,43,30,30,0,2,6,6,0,2,2
30,12,42,43,30,30,0,2,7,7,0,2,2
30,12,42,43,30,30,0,2,8,8,0,2,2
30,12,42,43,30,30,0,2,9,9,0,2,2
30,12,42,43,30,30,0,2,10,10,0,2,2
30,12,42,43,30,30,0,2,11,11,0,2,2
30,12,42,43,30,30,0,2,12,12,0,1,2
30,12,42,43,30,30,0,2,13,12,0,1,2
30,12,42,43,30,30,0,2,14,12,0,1,2
30,12,42,43,30,30,0,2,15,12,0,1,2
30,12,42,43,30,30,0,2,16,12,0,1,2
30,12,42,43,30,30,0,2,17,12,0,1,2
30,12,42,43,30,30,0,2,18,11,1,2,2
30,12,42,43,30,30,0,2,19,10,1,2,2
30,12,42,43,30,30,0,2,20,9,1,2,2
30,12,42,43,30,30,0,2,21,8,1,2,2
30,12,42,43,30,30,0,2,22,7,1,2,2
30,12,42,43,30,30,0,2,23,6,1,2,2
30,12,42,43,30,30,0,2,24,5,1,2,2
30,12,42,43,30,30,0,2,25,4,1,2,2
30,12,42,43,30,30,0,2,26,12,0,1,2
30,12,42,43,30,30,0,2,27,12,0,1,2
30,12,42,43,30,30,0,2,28,12,0,1,2
30,13,43,44,30,13,0,2,1,11,1,2,1
30,13,43,44,30,13,0,2,2,10,1,2,2
30,13,43,44,30,13,0,2,3,9,1,2,1
30,13,43,44,30,13,0,2,4,4,0,2,2
30,13,43,44,30,13,0,2,5,5,0,2,2
30,13,43,44,30,13,0,2,6,6,0,2,2
30,13,43,44,30,13,0,2,7,5,1,2,1
30,13,43,44,30,13,0,2,8,4,1,2,1
30,13,43,44,30,13,0,2,9,3,1,2,1
30,13,43,44,30,13,0,2,10,10,0,2,2
30,13,43,44,30,13,0,2,11,11,0,2,2
30,13,43,44,30,30,0,2,1,13,0,1,1
30,13,43,44,30,30,0,2,2,13,0,1,1
30,13,43,44,30,30,0,2,3,13,0,1,1
30,13,43,44,30,30,0,2,4,4,0,2,2
30,13,43,44,30,30,0,2,5,5,0,2,2
30,13,43,44,30,30,0,2,6,6,0,2,2
30,13,43,44,30,30,0,2,7,7,0,2,2
30,13,43,44,30,30,0,2,8,8,0,2,2
30,13,43,44,30,30,0,2,9,9,0,2,2
30,13,43,44,30,30,0,2,10,10,0,2,2
30,13,43,44,30,30,0,2,11,11,0,2,2
30,13,43,44,30,30,0,2,12,12,0,2,2
30,13,43,44,30,30,0,2,13,13,0,1,2
30,13,43,44,30,30,0,2,14,13,0,1,2
30,13,43,44,30,30,0,2,15,13,0,1,2
30,13,43,44,30,30,0,2,16,13,0,1,2
30,13,43,44,30,30,0,2,17,12,1,2,1
30,13,43,44,30,30,0,2,18,11,1,2,1
30,13,43,44,30,30,0,2,19,10,1,2,1
30,13,43,44,30,30,0,2,20,9,1,2,1
30,13,43,44,30,30,0,2,21,8,1,2,1
30,13,43,44,30,30,0,2,22,7,1,2,1
30,13,43,44,30,30,0,2,23,6,1,2,1
30,13,43,44,30,30,0,2,24,5,1,2,1
30,13,43,44,30,30,0,2,25,4,1,2,1
30,13,43,44,30,30,0,2,26,3,1,2,1
30,13,43,44,30,30,0,2,27,13,0,1,2
30,13,43,44,30,30,0,2,28,13,0,1,2
30,14,44,45,30,14,0,2,1,12,1,2,1
30,14,44,45,30,14,0,2,2,11,1,2,2
30,14,44,45,30,14,0,2,3,10,1,2,1
30,14,44,45,30,14,0,2,4,4,0,2,2
30,14,44,45,30,14,0,2,5,5,0,2,2
30,14,44,45,30,14,0,2,6,6,0,2,2
30,14,44,45,30,14,0,2,7,6,1,2,2
30,14,44,45,30,14,0,2,8,5,1,2,2
30,14,44,45,30,14,0,2,9,4,1,2,2
30,14,44,45,30,14,0,2,10,10,0,2,2
30,14,44,45,30,14,0,2,11,11,0,2,2
30,14,44,45,30,14,0,2,12,12,0,2,2
30,14,44,45,30,30,0,2,1,14,0,1,1
30,14,44,45,30,30,0,2,2,14,0,1,2
30,14,44,45,30,30,0,2,3,14,0,1,1
30,14,44,45,30,30,0,2,4,4,0,2,2
30,14,44,45,30,30,0,2,5,5,0,2,2
30,14,44,45,30,30,0,2,6,6,0,2,2
30,14,44,45,30,30,0,2,7,7,0,2,2
30,14,44,45,30,30,0,2,8,8,0,2,2
30,14,44,45,30,30,0,2,9,9,0,2,2
30,14,44,45,30,30,0,2,10,10,0,2,2
30,14,44,45,30,30,0,2,11,11,0,2,2
30,14,44,45,30,30,0,2,12,12,0,2,2
30,14,44,45,30,30,0,2,13,13,0,2,2
30,14,44,45,30,30,0,2,14,14,0,1,2
30,14,44,45,30,30,0,2,15,14,0,1,2
30,14,44,45,30,30,0,2,16,13,1,2,2
30,14,44,45,30,30,0,2,17,12,1,2,2
30,14,44,45,30,30,0,2,18,11,1,2,2
30,14,44,45,30,30,0,2,19,10,1,2,2
30,14,44,45,30,30,0,2,20,9,1,2,2
30,14,44,45,30,30,0,2,21,8,1,2,2
30,14,44,45,30,30,0,2,22,7,1,2,2
30,14,44,45,30,30,0,2,23,6,1,2,2
30,14,44,45,30,30,0,2,24,5,1,2,2
30,14,44,45,30,30,0,2,25,4,1,2,2
30,14,44,45,30,30,0,2,26,14,0,1,2
30,14,44,45,30,30,0,2,27,14,0,1,2
30,14,44,45,30,30,0,2,28,14,0,1,2
31,2,33,34,31,31,0,2,1,29,1,2,0
31,2,33,34,31,31,0,2,2,28,1,2,1
31,2,33,34,31,31,0,2,3,27,1,2,1
31,2,33,34,31,31,0,2,4,4,0,2,2
31,2,33,34,31,31,0,2,5,5,0,2,2
31,2,33,34,31,31,0,2,6,6,0,2,2
31,2,33,34,31,31,0,2,7,7,0,2,2
31,2,33,34,31,31,0,2,8,8,0,2,2
31,2,33,34,31,31,0,2,9,9,0,2,2
31,2,33,34,31,31,0,2,10,10,0,2,2
31,2,33,34,31,31,0,2,11,11,0,2,2
31,2,33,34,31,31,0,2,12,12,0,2,2
31,2,33,34,31,31,0,2,13,13,0,2,2
31,2,33,34,31,31,0,2,14,14,0,2,2
31,2,33,34,31,31,0,2,15,15,0,2,3
31,2,33,34,31,31,0,2,16,14,1,2,2
31,2,33,34,31,31,0,2,17,13,1,2,1
31,2,33,34,31,31,0,2,18,12,1,2,2
31,2,33,34,31,31,0,2,19,11,1,2,2
31,2,33,34,31,31,0,2,20,10,1,2,2
31,2,33,34,31,31,0,2,21,9,1,2,2
31,2,33,34,31,31,0,2,22,8,1,2,1
31,2,33,34,31,31,0,2,23,7,1,2,2
31,2,33,34,31,31,0,2,24,6,1,2,1
31,2,33,34,31,31,0,2,25,5,1,2,1
31,2,33,34,31,31,0,2,26,4,1,2,2
31,2,33,34,31,31,0,2,27,3,1,2,1
31,2,33,34,31,31,0,2,28,28,0,2,2
31,2,33,34,31,31,0,2,29,29,0,2,2
31,3,34,35,31,3,0,2,1,31,0,1,2
31,3,34,35,31,31,0,2,1,29,1,2,1
31,3,34,35,31,31,0,2,2,28,1,2,2
31,3,34,35,31,31,0,2,3,27,1,2,2
31,3,34,35,31,31,0,2,4,4,0,2,2
31,3,34,35,31,31,0,2,5,5,0,2,2
31,3,34,35,31,31,0,2,6,6,0,2,2
31,3,34,35,31,31,0,2,7,7,0,2,2
31,3,34,35,31,31,0,2,8,8,0,2,2
31,3,34,35,31,31,0,2,9,9,0,2,2
31,3,34,35,31,31,0,2,10,10,0,2,2
31,3,34,35,31,31,0,2,11,11,0,2,2
31,3,34,35,31,31,0,2,12,12,0,2,2
31,3,34,35,31,31,0,2,13,13,0,2,2
31,3,34,35,31,31,0,2,14,14,0,2,2
31,3,34,35,31,31,0,2,15,15,0,2,2
31,3,34,35,31,31,0,2,16,14,1,2,2
31,3,34,35,31,31,0,2,17,13,1,2,2
31,3,34,35,31,31,0,2,18,12,1,2,2
31,3,34,35,31,31,0,2,19,11,1,2,2
31,3,34,35,31,31,0,2,20,10,1,2,2
31,3,34,35,31,31,0,2,21,9,1,2,2
31,3,34,35,31,31,0,2,22,8,1,2,2
31,3,34,35,31,31,0,2,23,7,1,2,2
31,3,34,35,31,31,0,2,24,6,1,2,2
31,3,34,35,31,31,0,2,25,5,1,2,2
31,3,34,35,31,31,0,2,26,4,1,2,2
31,3,34,35,31,31,0,2,27,27,0,2,2
31,3,34,35,31,31,0,2,28,28,0,2,2
31,3,34,35,31,31,0,2,29,29,0,2,2
31,4,35,36,31,4,0,2,1,31,0,1,1
31,4,35,36,31,4,0,2,2,31,0,1,2
31,4,35,36,31,31,0,2,1,4,0,1,1
31,4,35,36,31,31,0,2,2,4,0,1,1
31,4,35,36,31,31,0,2,3,4,0,1,1
31,4,35,36,31,31,0,2,4,4,0,1,1
31,4,35,36,31,31,0,2,5,4,0,1,1
31,4,35,36,31,31,0,2,6,4,0,1,1
31,4,35,36,31,31,0,2,7,4,0,1,1
31,4,35,36,31,31,0,2,8,4,0,1,1
31,4,35,36,31,31,0,2,9,4,0,1,1
31,4,35,36,31,31,0,2,10,4,0,1,1
31,4,35,36,31,31,0,2,11,4,0,1,1
31,4,35,36,31,31,0,2,12,4,0,1,1
31,4,35,36,31,31,0,2,13,4,0,1,1
31,4,35,36,31,31,0,2,14,14,0,2,2
31,4,35,36,31,31,0,2,15,4,0,1,1
31,4,35,36,31,31,0,2,16,4,0,1,1
31,4,35,36,31,31,0,2,17,13,1,2,2
31,4,35,36,31,31,0,2,18,4,0,1,1
31,4,35,36,31,31,0,2,19,4,0,1,1
31,4,35,36,31,31,0,2,20,4,0,1,1
31,4,35,36,31,31,0,2,21,4,0,1,1
31,4,35,36,31,31,0,2,22,4,0,1,1
31,4,35,36,31,31,0,2,23,4,0,1,1
31,4,35,36,31,31,0,2,24,4,0,1,1
31,4,35,36,31,31,0,2,25,4,0,1,1
31,4,35,36,31,31,0,2,26,4,0,1,1
31,4,35,36,31,31,0,2,27,4,0,1,1
31,4,35,36,31,31,0,2,28,4,0,1,1
31,4,35,36,31,31,0,2,29,4,0,1,1
31,5,36,37,31,5,0,2,1,3,1,2,1
31,5,36,37,31,5,0,2,2,31,0,1,2
31,5,36,37,31,5,0,2,3,31,0,1,1
31,5,36,37,31,31,0,2,1,5,0,1,2
31,5,36,37,31,31,0,2,2,5,0,1,2
31,5,36,37,31,31,0,2,3,5,0,1,2
31,5,36,37,31,31,0,2,4,4,0,2,2
31,5,36,37,31,31,0,2,5,5,0,1,2
31,5,36,37,31,31,0,2,6,5,0,1,2
31,5,36,37,31,31,0,2,7,5,0,1,2
31,5,36,37,31,31,0,2,8,5,0,1,2
31,5,36,37,31,31,0,2,9,5,0,1,2
31,5,36,37,31,31,0,2,10,5,0,1,2
31,5,36,37,31,31,0,2,11,5,0,1,2
31,5,36,37,31,31,0,2,12,5,0,1,2
31,5,36,37,31,31,0,2,13,5,0,1,2
31,5,36,37,31,31,0,2,14,5,0,1,2
31,5,36,37,31,31,0,2,15,5,0,1,2
31,5,36,37,31,31,0,2,16,5,0,1,2
31,5,36,37,31,31,0,2,17,5,0,1,2
31,5,36,37,31,31,0,2,18,5,0,1,2
31,5,36,37,31,31,0,2,19,5,0,1,2
31,5,36,37,31,31,0,2,20,5,0,1,2
31,5,36,37,31,31,0,2,21,5,0,1,2
31,5,36,37,31,31,0,2,22,5,0,1,2
31,5,36,37,31,31,0,2,23,5,0,1,2
31,5,36,37,31,31,0,2,24,5,0,1,2
31,5,36,37,31,31,0,2,25,5,0,1,2
31,5,36,37,31,31,0,2,26,4,1,2,2
31,5,36,37,31,31,0,2,27,5,0,1,2
31,5,36,37,31,31,0,2,28,5,0,1,2
31,5,36,37,31,31,0,2,29,5,0,1,2
31,6,37,38,31,6,0,2,1,4,1,2,1
31,6,37,38,31,6,0,2,2,31,0,1,1
31,6,37,38,31,6,0,2,3,31,0,1,2
31,6,37,38,31,6,0,2,4,4,0,2,2
31,6,37,38,31,31,0,2,1,6,0,1,1
31,6,37,38,31,31,0,2,2,6,0,1,2
31,6,37,38,31,31,0,2,3,6,0,1,1
31,6,37,38,31,31,0,2,4,4,0,2,2
31,6,37,38,31,31,0,2,5,5,0,2,2
31,6,37,38,31,31,0,2,6,6,0,1,2
31,6,37,38,31,31,0,2,7,6,0,1,2
31,6,37,38,31,31,0,2,8,6,0,1,3
31,6,37,38,31,31,0,2,9,6,0,1,2
31,6,37,38,31,31,0,2,10,6,0,1,3
31,6,37,38,31,31,0,2,11,6,0,1,2
31,6,37,38,31,31,0,2,12,6,0,1,2
31,6,37,38,31,31,0,2,13,6,0,1,3
31,6,37,38,31,31,0,2,14,6,0,1,2
31,6,37,38,31,31,0,2,15,6,0,1,3
31,6,37,38,31,31,0,2,16,6,0,1,2
31,6,37,38,31,31,0,2,17,6,0,1,2
31,6,37,38,31,31,0,2,18,6,0,1,3
31,6,37,38,31,31,0,2,19,6,0,1,2
31,6,37,38,31,31,0,2,20,6,0,1,3
31,6,37,38,31,31,0,2,21,6,0,1,3
31,6,37,38,31,31,0,2,22,6,0,1,2
31,6,37,38,31,31,0,2,23,6,0,1,3
31,6,37,38,31,31,0,2,24,6,0,1,2
31,6,37,38,31,31,0,2,25,5,1,2,2
31,6,37,38,31,31,0,2,26,4,1,2,2
31,6,37,38,31,31,0,2,27,6,0,1,2
31,6,37,38,31,31,0,2,28,6,0,1,2
31,6,37,38,31,31,0,2,29,6,0,1,3
31,7,38,39,31,7,0,2,1,5,1,2,1
31,7,38,39,31,7,0,2,2,4,1,2,2
31,7,38,39,31,7,0,2,3,3,1,2,1
31,7,38,39,31,7,0,2,4,4,0,2,2
31,7,38,39,31,7,0,2,5,5,0,2,2
31,7,38,39,31,31,0,2,1,7,0,1,1
31,7,38,39,31,31,0,2,2,7,0,1,4
31,7,38,39,31,31,0,2,3,7,0,1,1
31,7,38,39,31,31,0,2,4,4,0,2,2
31,7,38,39,31,31,0,2,5,5,0,2,2
31,7,38,39,31,31,0,2,6,6,0,2,2
31,7,38,39,31,31,0,2,7,7,0,1,2
31,7,38,39,31,31,0,2,8,7,0,1,2
31,7,38,39,31,31,0,2,9,7,0,1,2
31,7,38,39,31,31,0,2,10,7,0,1,2
31,7,38,39,31,31,0,2,11,7,0,1,2
31,7,38,39,31,31,0,2,12,7,0,1,2
31,7,38,39,31,31,0,2,13,7,0,1,2
31,7,38,39,31,31,0,2,14,7,0,1,2
31,7,38,39,31,31,0,2,15,7,0,1,4
31,7,38,39,31,31,0,2,16,7,0,1,2
31,7,38,39,31,31,0,2,17,7,0,1,2
31,7,38,39,31,31,0,2,18,7,0,1,4
31,7,38,39,31,31,0,2,19,7,0,1,2
31,7,38,39,31,31,0,2,20,7,0,1,2
31,7,38,39,31,31,0,2,21,7,0,1,2
31,7,38,39,31,31,0,2,22,7,0,1,2
31,7,38,39,31,31,0,2,23,7,0,1,2
31,7,38,39,31,31,0,2,24,6,1,2,2
31,7,38,39,31,31,0,2,25,5,1,2,2
31,7,38,39,31,31,0,2,26,4,1,2,2
31,7,38,39,31,31,0,2,27,7,0,1,2
31,7,38,39,31,31,0,2,28,7,0,1,2
31,7,38,39,31,31,0,2,29,7,0,1,1
31,8,39,40,31,8,0,2,1,6,1,2,1
31,8,39,40,31,8,0,2,2,5,1,2,2
31,8,39,40,31,8,0,2,3,4,1,2,1
31,8,39,40,31,8,0,2,4,3,1,2,1
31,8,39,40,31,8,0,2,5,5,0,2,2
31,8,39,40,31,8,0,2,6,6,0,2,2
31,8,39,40,31,31,0,2,1,8,0,1,1
31,8,39,40,31,31,0,2,2,8,0,1,1
31,8,39,40,31,31,0,2,3,8,0,1,2
31,8,39,40,31,31,0,2,4,4,0,2,2
31,8,39,40,31,31,0,2,5,5,0,2,1
31,8,39,40,31,31,0,2,6,6,0,2,2
31,8,39,40,31,31,0,2,7,7,0,2,2
31,8,39,40,31,31,0,2,8,8,0,1,2
31,8,39,40,31,31,0,2,9,8,0,1,2
31,8,39,40,31,31,0,2,10,8,0,1,2
31,8,39,40,31,31,0,2,11,8,0,1,2
31,8,39,40,31,31,0,2,12,8,0,1,2
31,8,39,40,31,31,0,2,13,8,0,1,2
31,8,39,40,31,31,0,2,14,8,0,1,2
31,8,39,40,31,31,0,2,15,8,0,1,2
31,8,39,40,31,31,0,2,16,8,0,1,2
31,8,39,40,31,31,0,2,17,8,0,1,2
31,8,39,40,31,31,0,2,18,8,0,1,2
31,8,39,40,31,31,0,2,19,8,0,1,2
31,8,39,40,31,31,0,2,20,8,0,1,2
31,8,39,40,31,31,0,2,21,8,0,1,2
31,8,39,40,31,31,0,2,22,8,0,1,2
31,8,39,40,31,31,0,2,23,7,1,2,1
31,8,39,40,31,31,0,2,24,6,1,2,1
31,8,39,40,31,31,0,2,25,5,1,2,1
31,8,39,40,31,31,0,2,26,4,1,2,1
31,8,39,40,31,31,0,2,27,3,1,2,1
31,8,39,40,31,31,0,2,28,8,0,1,2
31,8,39,40,31,31,0,2,29,8,0,1,2
31,9,40,41,31,9,0,2,1,7,1,2,1
31,9,40,41,31,9,0,2,2,6,1,2,2
31,9,40,41,31,9,0,2,3,5,1,2,1
31,9,40,41,31,9,0,2,4,4,0,2,2
31,9,40,41,31,9,0,2,5,5,0,2,2
31,9,40,41,31,9,0,2,6,6,0,2,2
31,9,40,41,31,9,0,2,7,7,0,2,2
31,9,40,41,31,31,0,2,1,9,0,1,1
31,9,40,41,31,31,0,2,2,9,0,1,2
31,9,40,41,31,31,0,2,3,9,0,1,1
31,9,40,41,31,31,0,2,4,4,0,2,2
31,9,40,41,31,31,0,2,5,5,0,2,2
31,9,40,41,31,31,0,2,6,6,0,2,2
31,9,40,41,31,31,0,2,7,7,0,2,2
31,9,40,41,31,31,0,2,8,8,0,2,2
31,9,40,41,31,31,0,2,9,9,0,1,2
31,9,40,41,31,31,0,2,10,9,0,1,2
31,9,40,41,31,31,0,2,11,9,0,1,2
31,9,40,41,31,31,0,2,12,9,0,1,2
31,9,40,41,31,31,0,2,13,9,0,1,2
31,9,40,41,31,31,0,2,14,9,0,1,2
31,9,40,41,31,31,0,2,15,9,0,1,2
31,9,40,41,31,31,0,2,16,9,0,1,2
31,9,40,41,31,31,0,2,17,9,0,1,2
31,9,40,41,31,31,0,2,18,9,0,1,2
31,9,40,41,31,31,0,2,19,9,0,1,2
31,9,40,41,31,31,0,2,20,9,0,1,2
31,9,40,41,31,31,0,2,21,9,0,1,2
31,9,40,41,31,31,0,2,22,8,1,2,2
31,9,40,41,31,31,0,2,23,7,1,2,2
31,9,40,41,31,31,0,2,24,6,1,2,2
31,9,40,41,31,31,0,2,25,5,1,2,2
31,9,40,41,31,31,0,2,26,4,1,2,2
31,9,40,41,31,31,0,2,27,9,0,1,2
31,9,40,41,31,31,0,2,28,9,0,1,2
31,9,40,41,31,31,0,2,29,9,0,1,2
31,10,41,42,31,10,0,2,1,8,1,2,1
31,10,41,42,31,10,0,2,2,7,1,2,2
31,10,41,42,31,10,0,2,3,6,1,2,1
31,10,41,42,31,10,0,2,4,4,0,2,2
31,10,41,42,31,10,0,2,5,4,1,2,1
31,10,41,42,31,10,0,2,6,3,1,2,1
31,10,41,42,31,10,0,2,7,7,0,2,2
31,10,41,42,31,10,0,2,8,8,0,2,2
31,10,41,42,31,31,0,2,1,10,0,1,1
31,10,41,42,31,31,0,2,2,10,0,1,1
31,10,41,42,31,31,0,2,3,3,0,2,1
31,10,41,42,31,31,0,2,4,4,0,2,1
31,10,41,42,31,31,0,2,5,5,0,2,2
31,10,41,42,31,31,0,2,6,6,0,2,1
31,10,41,42,31,31,0,2,7,7,0,2,1
31,10,41,42,31,31,0,2,8,8,0,2,2
31,10,41,42,31,31,0,2,9,9,0,2,1
31,10,41,42,31,31,0,2,10,10,0,1,2
31,10,41,42,31,31,0,2,11,10,0,1,2
31,10,41,42,31,31,0,2,12,10,0,1,1
31,10,41,42,31,31,0,2,13,10,0,1,2
31,10,41,42,31,31,0,2,14,10,0,1,2
31,10,41,42,31,31,0,2,15,10,0,1,2
31,10,41,42,31,31,0,2,16,10,0,1,1
31,10,41,42,31,31,0,2,17,10,0,1,2
31,10,41,42,31,31,0,2,18,10,0,1,2
31,10,41,42,31,31,0,2,19,10,0,1,1
31,10,41,42,31,31,0,2,20,10,0,1,2
31,10,41,42,31,31,0,2,21,9,1,2,1
31,10,41,42,31,31,0,2,22,8,1,2,1
31,10,41,42,31,31,0,2,23,7,1,2,1
31,10,41,42,31,31,0,2,24,6,1,2,1
31,10,41,42,31,31,0,2,25,5,1,2,1
31,10,41,42,31,31,0,2,26,4,1,2,1
31,10,41,42,31,31,0,2,27,3,1,2,1
31,10,41,42,31,31,0,2,28,10,0,1,1
31,10,41,42,31,31,0,2,29,10,0,1,2
31,11,42,43,31,11,0,2,1,9,1,2,1
31,11,42,43,31,11,0,2,2,8,1,2,2
31,11,42,43,31,11,0,2,3,7,1,2,1
31,11,42,43,31,11,0,2,4,4,0,2,2
31,11,42,43,31,11,0,2,5,5,0,2,2
31,11,42,43,31,11,0,2,6,4,1,2,1
31,11,42,43,31,11,0,2,7,7,0,2,2
31,11,42,43,31,11,0,2,8,8,0,2,2
31,11,42,43,31,11,0,2,9,9,0,2,2
31,11,42,43,31,31,0,2,1,11,0,1,1
31,11,42,43,31,31,0,2,2,11,0,1,2
31,11,42,43,31,31,0,2,3,11,0,1,1
31,11,42,43,31,31,0,2,4,4,0,2,2
31,11,42,43,31,31,0,2,5,5,0,2,2
31,11,42,43,31,31,0,2,6,6,0,2,2
31,11,42,43,31,31,0,2,7,7,0,2,2
31,11,42,43,31,31,0,2,8,8,0,2,2
31,11,42,43,31,31,0,2,9,9,0,2,2
31,11,42,43,31,31,0,2,10,10,0,2,2
31,11,42,43,31,31,0,2,11,11,0,1,2
31,11,42,43,31,31,0,2,12,11,0,1,2
31,11,42,43,31,31,0,2,13,11,0,1,2
31,11,42,43,31,31,0,2,14,11,0,1,2
31,11,42,43,31,31,0,2,15,11,0,1,2
31,11,42,43,31,31,0,2,16,11,0,1,2
31,11,42,43,31,31,0,2,17,11,0,1,2
31,11,42,43,31,31,0,2,18,11,0,1,2
31,11,42,43,31,31,0,2,19,11,0,1,2
31,11,42,43,31,31,0,2,20,10,1,2,2
31,11,42,43,31,31,0,2,21,9,1,2,2
31,11,42,43,31,31,0,2,22,8,1,2,2
31,11,42,43,31,31,0,2,23,7,1,2,2
31,11,42,43,31,31,0,2,24,6,1,2,2
31,11,42,43,31,31,0,2,25,5,1,2,2
31,11,42,43,31,31,0,2,26,4,1,2,2
31,11,42,43,31,31,0,2,27,11,0,1,2
31,11,42,43,31,31,0,2,28,11,0,1,2
31,11,42,43,31,31,0,2,29,11,0,1,2
31,12,43,44,31,12,0,2,1,10,1,2,1
31,12,43,44,31,12,0,2,2,9,1,2,2
31,12,43,44,31,12,0,2,3,8,1,2,1
31,12,43,44,31,12,0,2,4,4,0,2,2
31,12,43,44,31,12,0,2,5,5,0,2,2
31,12,43,44,31,12,0,2,6,5,1,2,1
31,12,43,44,31,12,0,2,7,4,1,2,1
31,12,43,44,31,12,0,2,8,3,1,2,1
31,12,43,44,31,12,0,2,9,9,0,2,2
31,12,43,44,31,12,0,2,10,10,0,2,2
31,12,43,44,31,31,0,2,1,12,0,1,1
31,12,43,44,31,31,0,2,2,12,0,1,1
31,12,43,44,31,31,0,2,3,12,0,1,1
31,12,43,44,31,31,0,2,4,4,0,2,2
31,12,43,44,31,31,0,2,5,5,0,2,2
31,12,43,44,31,31,0,2,6,6,0,2,2
31,12,43,44,31,31,0,2,7,7,0,2,2
31,12,43,44,31,31,0,2,8,8,0,2,2
31,12,43,44,31,31,0,2,9,9,0,2,2
31,12,43,44,31,31,0,2,10,10,0,2,2
31,12,43,44,31,31,0,2,11,11,0,2,2
31,12,43,44,31,31,0,2,12,12,0,1,2
31,12,43,44,31,31,0,2,13,12,0,1,2
31,12,43,44,31,31,0,2,14,12,0,1,2
31,12,43,44,31,31,0,2,15,12,0,1,2
31,12,43,44,31,31,0,2,16,12,0,1,2
31,12,43,44,31,31,0,2,17,12,0,1,2
31,12,43,44,31,31,0,2,18,12,0,1,2
31,12,43,44,31,31,0,2,19,11,1,2,1
31,12,43,44,31,31,0,2,20,10,1,2,1
31,12,43,44,31,31,0,2,21,9,1,2,2
31,12,43,44,31,31,0,2,22,8,1,2,1
31,12,43,44,31,31,0,2,23,7,1,2,1
31,12,43,44,31,31,0,2,24,6,1,2,2
31,12,43,44,31,31,0,2,25,5,1,2,1
31,12,43,44,31,31,0,2,26,4,1,2,1
31,12,43,44,31,31,0,2,27,12,0,1,2
31,12,43,44,31,31,0,2,28,12,0,1,2
31,12,43,44,31,31,0,2,29,12,0,1,2
31,13,44,45,31,13,0,2,1,11,1,2,1
31,13,44,45,31,13,0,2,2,10,1,2,2
31,13,44,45,31,13,0,2,3,9,1,2,1
31,13,44,45,31,13,0,2,4,4,0,2,2
31,13,44,45,31,13,0,2,5,5,0,2,2
31,13,44,45,31,13,0,2,6,6,0,2,2
31,13,44,45,31,13,0,2,7,5,1,2,1
31,13,44,45,31,13,0,2,8,4,1,2,2
31,13,44,45,31,13,0,2,9,9,0,2,2
31,13,44,45,31,13,0,2,10,10,0,2,2
31,13,44,45,31,13,0,2,11,11,0,2,2
31,13,44,45,31,31,0,2,1,13,0,1,1
31,13,44,45,31,31,0,2,2,13,0,1,2
31,13,44,45,31,31,0,2,3,13,0,1,1
31,13,44,45,31,31,0,2,4,4,0,2,2
31,13,44,45,31,31,0,2,5,5,0,2,2
31,13,44,45,31,31,0,2,6,6,0,2,2
31,13,44,45,31,31,0,2,7,7,0,2,2
31,13,44,45,31,31,0,2,8,8,0,2,2
31,13,44,45,31,31,0,2,9,9,0,2,2
31,13,44,45,31,31,0,2,10,10,0,2,2
31,13,44,45,31,31,0,2,11,11,0,2,2
31,13,44,45,31,31,0,2,12,12,0,2,2
31,13,44,45,31,31,0,2,13,13,0,1,2
31,13,44,45,31,31,0,2,14,13,0,1,2
31,13,44,45,31,31,0,2,15,13,0,1,2
31,13,44,45,31,31,0,2,16,13,0,1,2
31,13,44,45,31,31,0,2,17,13,0,1,2
31,13,44,45,31,31,0,2,18,12,1,2,2
31,13,44,45,31,31,0,2,19,11,1,2,2
31,13,44,45,31,31,0,2,20,10,1,2,2
31,13,44,45,31,31,0,2,21,9,1,2,2
31,13,44,45,31,31,0,2,22,8,1,2,2
31,13,44,45,31,31,0,2,23,7,1,2,2
31,13,44,45,31,31,0,2,24,6,1,2,2
31,13,44,45,31,31,0,2,25,5,1,2,2
31,13,44,45,31,31,0,2,26,4,1,2,2
31,13,44,45,31,31,0,2,27,13,0,1,2
31,13,44,45,31,31,0,2,28,13,0,1,2
31,13,44,45,31,31,0,2,29,13,0,1,2
32,2,34,35,32,32,0,2,1,30,1,2,1
32,2,34,35,32,32,0,2,2,29,1,2,2
32,2,34,35,32,32,0,2,3,3,0,2,1
32,2,34,35,32,32,0,2,4,4,0,2,1
32,2,34,35,32,32,0,2,5,5,0,2,1
32,2,34,35,32,32,0,2,6,6,0,2,1
32,2,34,35,32,32,0,2,7,7,0,2,1
32,2,34,35,32,32,0,2,8,8,0,2,1
32,2,34,35,32,32,0,2,9,9,0,2,1
32,2,34,35,32,32,0,2,10,10,0,2,1
32,2,34,35,32,32,0,2,11,11,0,2,1
32,2,34,35,32,32,0,2,12,12,0,2,1
32,2,34,35,32,32,0,2,13,13,0,2,1
32,2,34,35,32,32,0,2,14,14,0,2,1
32,2,34,35,32,32,0,2,15,15,0,2,2
32,2,34,35,32,32,0,2,16,15,1,2,2
32,2,34,35,32,32,0,2,17,14,1,2,1
32,2,34,35,32,32,0,2,18,13,1,2,2
32,2,34,35,32,32,0,2,19,12,1,2,1
32,2,34,35,32,32,0,2,20,11,1,2,2
32,2,34,35,32,32,0,2,21,10,1,2,2
32,2,34,35,32,32,0,2,22,9,1,2,1
32,2,34,35,32,32,0,2,23,8,1,2,2
32,2,34,35,32,32,0,2,24,7,1,2,2
32,2,34,35,32,32,0,2,25,6,1,2,2
32,2,34,35,32,32,0,2,26,5,1,2,2
32,2,34,35,32,32,0,2,27,4,1,2,2
32,2,34,35,32,32,0,2,28,3,1,2,1
32,2,34,35,32,32,0,2,29,29,0,2,1
32,2,34,35,32,32,0,2,30,30,0,2,1
32,3,35,36,32,3,0,2,1,32,0,1,1
32,3,35,36,32,32,0,2,1,3,0,1,1
32,3,35,36,32,32,0,2,2,29,1,2,2
32,3,35,36,32,32,0,2,3,28,1,2,1
32,3,35,36,32,32,0,2,4,4,0,2,2
32,3,35,36,32,32,0,2,5,5,0,2,2
32,3,35,36,32,32,0,2,6,6,0,2,2
32,3,35,36,32,32,0,2,7,7,0,2,2
32,3,35,36,32,32,0,2,8,8,0,2,2
32,3,35,36,32,32,0,2,9,9,0,2,2
32,3,35,36,32,32,0,2,10,10,0,2,2
32,3,35,36,32,32,0,2,11,11,0,2,2
32,3,35,36,32,32,0,2,12,12,0,2,2
32,3,35,36,32,32,0,2,13,13,0,2,2
32,3,35,36,32,32,0,2,14,14,0,2,2
32,3,35,36,32,32,0,2,15,15,0,2,2
32,3,35,36,32,32,0,2,16,15,1,2,2
32,3,35,36,32,32,0,2,17,14,1,2,2
32,3,35,36,32,32,0,2,18,13,1,2,2
32,3,35,36,32,32,0,2,19,12,1,2,2
32,3,35,36,32,32,0,2,20,11,1,2,2
32,3,35,36,32,32,0,2,21,10,1,2,2
32,3,35,36,32,32,0,2,22,9,1,2,2
32,3,35,36,32,32,0,2,23,8,1,2,2
32,3,35,36,32,32,0,2,24,7,1,2,2
32,3,35,36,32,32,0,2,25,6,1,2,2
32,3,35,36,32,32,0,2,26,5,1,2,2
32,3,35,36,32,32,0,2,27,4,1,2,2
32,3,35,36,32,32,0,2,28,28,0,2,2
32,3,35,36,32,32,0,2,29,29,0,2,2
32,3,35,36,32,32,0,2,30,30,0,2,2
32,4,36,37,32,4,0,2,1,32,0,1,1
32,4,36,37,32,4,0,2,2,32,0,1,3
32,4,36,37,32,32,0,2,1,4,0,1,1
32,4,36,37,32,32,0,2,2,29,1,2,2
32,4,36,37,32,32,0,2,3,4,0,1,1
32,4,36,37,32,32,0,2,4,4,0,1,1
32,4,36,37,32,32,0,2,5,5,0,2,2
32,4,36,37,32,32,0,2,6,4,0,1,1
32,4,36,37,32,32,0,2,7,4,0,1,1
32,4,36,37,32,32,0,2,8,8,0,2,2
32,4,36,37,32,32,0,2,9,9,0,2,2
32,4,36,37,32,32,0,2,10,10,0,2,2
32,4,36,37,32,32,0,2,11,11,0,2,2
32,4,36,37,32,32,0,2,12,12,0,2,2
32,4,36,37,32,32,0,2,13,13,0,2,2
32,4,36,37,32,32,0,2,14,14,0,2,2
32,4,36,37,32,32,0,2,15,15,0,2,2
32,4,36,37,32,32,0,2,16,4,0,1,1
32,4,36,37,32,32,0,2,17,14,1,2,2
32,4,36,37,32,32,0,2,18,4,0,1,1
32,4,36,37,32,32,0,2,19,12,1,2,2
32,4,36,37,32,32,0,2,20,11,1,2,2
32,4,36,37,32,32,0,2,21,4,0,1,1
32,4,36,37,32,32,0,2,22,9,1,2,2
32,4,36,37,32,32,0,2,23,8,1,2,2
32,4,36,37,32,32,0,2,24,4,0,1,1
32,4,36,37,32,32,0,2,25,6,1,2,2
32,4,36,37,32,32,0,2,26,5,1,2,2
32,4,36,37,32,32,0,2,27,4,1,2,2
32,4,36,37,32,32,0,2,28,28,0,2,2
32,4,36,37,32,32,0,2,29,29,0,2,2
32,4,36,37,32,32,0,2,30,4,0,1,1
32,5,37,38,32,5,0,2,1,3,1,2,1
32,5,37,38,32,5,0,2,2,32,0,1,1
32,5,37,38,32,5,0,2,3,32,0,1,1
32,5,37,38,32,32,0,2,1,5,0,1,1
32,5,37,38,32,32,0,2,2,5,0,1,2
32,5,37,38,32,32,0,2,3,5,0,1,2
32,5,37,38,32,32,0,2,4,4,0,2,1
32,5,37,38,32,32,0,2,5,5,0,1,2
32,5,37,38,32,32,0,2,6,5,0,1,2
32,5,37,38,32,32,0,2,7,5,0,1,2
32,5,37,38,32,32,0,2,8,5,0,1,2
32,5,37,38,32,32,0,2,9,5,0,1,2
32,5,37,38,32,32,0,2,10,5,0,1,2
32,5,37,38,32,32,0,2,11,5,0,1,2
32,5,37,38,32,32,0,2,12,5,0,1,2
32,5,37,38,32,32,0,2,13,5,0,1,2
32,5,37,38,32,32,0,2,14,5,0,1,2
32,5,37,38,32,32,0,2,15,5,0,1,2
32,5,37,38,32,32,0,2,16,5,0,1,2
32,5,37,38,32,32,0,2,17,5,0,1,2
32,5,37,38,32,32,0,2,18,5,0,1,2
32,5,37,38,32,32,0,2,19,5,0,1,2
32,5,37,38,32,32,0,2,20,5,0,1,2
32,5,37,38,32,32,0,2,21,5,0,1,2
32,5,37,38,32,32,0,2,22,5,0,1,2
32,5,37,38,32,32,0,2,23,5,0,1,2
32,5,37,38,32,32,0,2,24,5,0,1,2
32,5,37,38,32,32,0,2,25,5,0,1,2
32,5,37,38,32,32,0,2,26,5,0,1,2
32,5,37,38,32,32,0,2,27,4,1,2,1
32,5,37,38,32,32,0,2,28,3,1,2,1
32,5,37,38,32,32,0,2,29,5,0,1,2
32,5,37,38,32,32,0,2,30,5,0,1,2
32,6,38,39,32,6,0,2,1,4,1,2,0
32,6,38,39,32,6,0,2,2,32,0,1,2
32,6,38,39,32,6,0,2,3,32,0,1,1
32,6,38,39,32,6,0,2,4,4,0,2,2
32,6,38,39,32,32,0,2,1,6,0,1,2
32,6,38,39,32,32,0,2,2,6,0,1,3
32,6,38,39,32,32,0,2,3,6,0,1,1
32,6,38,39,32,32,0,2,4,4,0,2,2
32,6,38,39,32,32,0,2,5,5,0,2,2
32,6,38,39,32,32,0,2,6,6,0,1,1
32,6,38,39,32,32,0,2,7,6,0,1,3
32,6,38,39,32,32,0,2,8,6,0,1,3
32,6,38,39,32,32,0,2,9,6,0,1,2
32,6,38,39,32,32,0,2,10,6,0,1,3
32,6,38,39,32,32,0,2,11,6,0,1,3
32,6,38,39,32,32,0,2,12,6,0,1,2
32,6,38,39,32,32,0,2,13,6,0,1,3
32,6,38,39,32,32,0,2,14,6,0,1,3
32,6,38,39,32,32,0,2,15,6,0,1,2
32,6,38,39,32,32,0,2,16,6,0,1,3
32,6,38,39,32,32,0,2,17,6,0,1,3
32,6,38,39,32,32,0,2,18,6,0,1,3
32,6,38,39,32,32,0,2,19,6,0,1,2
32,6,38,39,32,32,0,2,20,6,0,1,3
32,6,38,39,32,32,0,2,21,6,0,1,3
32,6,38,39,32,32,0,2,22,6,0,1,2
32,6,38,39,32,32,0,2,23,6,0,1,3
32,6,38,39,32,32,0,2,24,6,0,1,3
32,6,38,39,32,32,0,2,25,6,0,1,3
32,6,38,39,32,32,0,2,26,5,1,2,2
32,6,38,39,32,32,0,2,27,4,1,2,2
32,6,38,39,32,32,0,2,28,6,0,1,2
32,6,38,39,32,32,0,2,29,6,0,1,3
32,6,38,39,32,32,0,2,30,6,0,1,3
32,7,39,40,32,7,0,2,1,5,1,2,1
32,7,39,40,32,7,0,2,2,4,1,2,2
32,7,39,40,32,7,0,2,3,3,0,2,1
32,7,39,40,32,7,0,2,4,4,0,2,2
32,7,39,40,32,7,0,2,5,5,0,2,1
32,7,39,40,32,32,0,2,1,7,0,1,1
32,7,39,40,32,32,0,2,2,7,0,1,1
32,7,39,40,32,32,0,2,3,7,0,1,1
32,7,39,40,32,32,0,2,4,4,0,2,2
32,7,39,40,32,32,0,2,5,5,0,2,2
32,7,39,40,32,32,0,2,6,6,0,2,1
32,7,39,40,32,32,0,2,7,7,0,1,1
32,7,39,40,32,32,0,2,8,7,0,1,2
32,7,39,40,32,32,0,2,9,7,0,1,1
32,7,39,40,32,32,0,2,10,7,0,1,2
32,7,39,40,32,32,0,2,11,7,0,1,2
32,7,39,40,32,32,0,2,12,7,0,1,1
32,7,39,40,32,32,0,2,13,7,0,1,2
32,7,39,40,32,32,0,2,14,7,0,1,1
32,7,39,40,32,32,0,2,15,7,0,1,2
32,7,39,40,32,32,0,2,16,7,0,1,2
32,7,39,40,32,32,0,2,17,7,0,1,1
32,7,39,40,32,32,0,2,18,7,0,1,2
32,7,39,40,32,32,0,2,19,7,0,1,2
32,7,39,40,32,32,0,2,20,7,0,1,2
32,7,39,40,32,32,0,2,21,7,0,1,2
32,7,39,40,32,32,0,2,22,7,0,1,2
32,7,39,40,32,32,0,2,23,7,0,1,2
32,7,39,40,32,32,0,2,24,7,0,1,2
32,7,39,40,32,32,0,2,25,6,1,2,1
32,7,39,40,32,32,0,2,26,5,1,2,1
32,7,39,40,32,32,0,2,27,4,1,2,1
32,7,39,40,32,32,0,2,28,3,1,2,1
32,7,39,40,32,32,0,2,29,7,0,1,2
32,7,39,40,32,32,0,2,30,7,0,1,1
32,8,40,41,32,8,0,2,1,6,1,2,0
32,8,40,41,32,8,0,2,2,5,1,2,1
32,8,40,41,32,8,0,2,3,4,1,2,1
32,8,40,41,32,8,0,2,4,3,1,2,1
32,8,40,41,32,8,0,2,5,5,0,2,2
32,8,40,41,32,8,0,2,6,6,0,2,2
32,8,40,41,32,32,0,2,1,8,0,1,2
32,8,40,41,32,32,0,2,2,8,0,1,2
32,8,40,41,32,32,0,2,3,8,0,1,2
32,8,40,41,32,32,0,2,4,4,0,2,2
32,8,40,41,32,32,0,2,5,5,0,2,2
32,8,40,41,32,32,0,2,6,6,0,2,2
32,8,40,41,32,32,0,2,7,7,0,2,2
32,8,40,41,32,32,0,2,8,8,0,1,2
32,8,40,41,32,32,0,2,9,8,0,1,2
32,8,40,41,32,32,0,2,10,8,0,1,2
32,8,40,41,32,32,0,2,11,8,0,1,2
32,8,40,41,32,32,0,2,12,8,0,1,2
32,8,40,41,32,32,0,2,13,8,0,1,2
32,8,40,41,32,32,0,2,14,8,0,1,2
32,8,40,41,32,32,0,2,15,8,0,1,2
32,8,40,41,32,32,0,2,16,8,0,1,2
32,8,40,41,32,32,0,2,17,8,0,1,2
32,8,40,41,32,32,0,2,18,8,0,1,2
32,8,40,41,32,32,0,2,19,8,0,1,2
32,8,40,41,32,32,0,2,20,8,0,1,2
32,8,40,41,32,32,0,2,21,8,0,1,2
32,8,40,41,32,32,0,2,22,8,0,1,2
32,8,40,41,32,32,0,2,23,8,0,1,2
32,8,40,41,32,32,0,2,24,7,1,2,2
32,8,40,41,32,32,0,2,25,6,1,2,1
32,8,40,41,32,32,0,2,26,5,1,2,2
32,8,40,41,32,32,0,2,27,4,1,2,2
32,8,40,41,32,32,0,2,28,8,0,1,2
32,8,40,41,32,32,0,2,29,8,0,1,2
32,8,40,41,32,32,0,2,30,8,0,1,2
32,9,41,42,32,9,0,2,1,7,1,2,1
32,9,41,42,32,9,0,2,2,6,1,2,2
32,9,41,42,32,9,0,2,3,3,0,2,1
32,9,41,42,32,9,0,2,4,4,0,2,1
32,9,41,42,32,9,0,2,5,5,0,2,2
32,9,41,42,32,9,0,2,6,6,0,2,1
32,9,41,42,32,9,0,2,7,7,0,2,1
32,9,41,42,32,32,0,2,1,9,0,1,1
32,9,41,42,32,32,0,2,2,9,0,1,1
32,9,41,42,32,32,0,2,3,9,0,1,1
32,9,41,42,32,32,0,2,4,4,0,2,2
32,9,41,42,32,32,0,2,5,5,0,2,2
32,9,41,42,32,32,0,2,6,6,0,2,2
32,9,41,42,32,32,0,2,7,7,0,2,2
32,9,41,42,32,32,0,2,8,8,0,2,2
32,9,41,42,32,32,0,2,9,9,0,1,2
32,9,41,42,32,32,0,2,10,9,0,1,2
32,9,41,42,32,32,0,2,11,9,0,1,2
32,9,41,42,32,32,0,2,12,9,0,1,2
32,9,41,42,32,32,0,2,13,9,0,1,2
32,9,41,42,32,32,0,2,14,9,0,1,2
32,9,41,42,32,32,0,2,15,9,0,1,2
32,9,41,42,32,32,0,2,16,9,0,1,2
32,9,41,42,32,32,0,2,17,9,0,1,2
32,9,41,42,32,32,0,2,18,9,0,1,2
32,9,41,42,32,32,0,2,19,9,0,1,2
32,9,41,42,32,32,0,2,20,9,0,1,2
32,9,41,42,32,32,0,2,21,9,0,1,2
32,9,41,42,32,32,0,2,22,9,0,1,2
32,9,41,42,32,32,0,2,23,8,1,2,1
32,9,41,42,32,32,0,2,24,7,1,2,1
32,9,41,42,32,32,0,2,25,6,1,2,2
32,9,41,42,32,32,0,2,26,5,1,2,1
32,9,41,42,32,32,0,2,27,4,1,2,1
32,9,41,42,32,32,0,2,28,9,0,1,2
32,9,41,42,32,32,0,2,29,9,0,1,2
32,9,41,42,32,32,0,2,30,9,0,1,2
32,10,42,43,32,10,0,2,1,8,1,2,1
32,10,42,43,32,10,0,2,2,7,1,2,1
32,10,42,43,32,10,0,2,3,6,1,2,1
32,10,42,43,32,10,0,2,4,4,0,2,2
32,10,42,43,32,10,0,2,5,4,1,2,2
32,10,42,43,32,10,0,2,6,3,1,2,1
32,10,42,43,32,10,0,2,7,7,0,2,2
32,10,42,43,32,10,0,2,8,8,0,2,2
32,10,42,43,32,32,0,2,1,10,0,1,1
32,10,42,43,32,32,0,2,2,10,0,1,2
32,10,42,43,32,32,0,2,3,10,0,1,1
32,10,42,43,32,32,0,2,4,4,0,2,2
32,10,42,43,32,32,0,2,5,5,0,2,2
32,10,42,43,32,32,0,2,6,6,0,2,2
32,10,42,43,32,32,0,2,7,7,0,2,2
32,10,42,43,32,32,0,2,8,8,0,2,2
32,10,42,43,32,32,0,2,9,9,0,2,2
32,10,42,43,32,32,0,2,10,10,0,1,2
32,10,42,43,32,32,0,2,11,10,0,1,2
32,10,42,43,32,32,0,2,12,10,0,1,2
32,10,42,43,32,32,0,2,13,10,0,1,2
32,10,42,43,32,32,0,2,14,10,0,1,2
32,10,42,43,32,32,0,2,15,10,0,1,2
32,10,42,43,32,32,0,2,16,10,0,1,2
32,10,42,43,32,32,0,2,17,10,0,1,2
32,10,42,43,32,32,0,2,18,10,0,1,2
32,10,42,43,32,32,0,2,19,10,0,1,2
32,10,42,43,32,32,0,2,20,10,0,1,2
32,10,42,43,32,32,0,2,21,10,0,1,2
32,10,42,43,32,32,0,2,22,9,1,2,2
32,10,42,43,32,32,0,2,23,8,1,2,2
32,10,42,43,32,32,0,2,24,7,1,2,2
32,10,42,43,32,32,0,2,25,6,1,2,2
32,10,42,43,32,32,0,2,26,5,1,2,2
32,10,42,43,32,32,0,2,27,4,1,2,2
32,10,42,43,32,32,0,2,28,10,0,1,2
32,10,42,43,32,32,0,2,29,10,0,1,2
32,10,42,43,32,32,0,2,30,10,0,1,2
32,11,43,44,32,11,0,2,1,9,1,2,1
32,11,43,44,32,11,0,2,2,8,1,2,2
32,11,43,44,32,11,0,2,3,7,1,2,1
32,11,43,44,32,11,0,2,4,4,0,2,2
32,11,43,44,32,11,0,2,5,5,0,2,2
32,11,43,44,32,11,0,2,6,4,1,2,1
32,11,43,44,32,11,0,2,7,3,1,2,1
32,11,43,44,32,11,0,2,8,8,0,2,2
32,11,43,44,32,11,0,2,9,9,0,2,2
32,11,43,44,32,32,0,2,1,11,0,1,1
32,11,43,44,32,32,0,2,2,11,0,1,1
32,11,43,44,32,32,0,2,3,11,0,1,2
32,11,43,44,32,32,0,2,4,4,0,2,2
32,11,43,44,32,32,0,2,5,5,0,2,2
32,11,43,44,32,32,0,2,6,6,0,2,2
32,11,43,44,32,32,0,2,7,7,0,2,2
32,11,43,44,32,32,0,2,8,8,0,2,2
32,11,43,44,32,32,0,2,9,9,0,2,2
32,11,43,44,32,32,0,2,10,10,0,2,1
32,11,43,44,32,32,0,2,11,11,0,1,2
32,11,43,44,32,32,0,2,12,11,0,1,2
32,11,43,44,32,32,0,2,13,11,0,1,2
32,11,43,44,32,32,0,2,14,11,0,1,2
32,11,43,44,32,32,0,2,15,11,0,1,2
32,11,43,44,32,32,0,2,16,11,0,1,2
32,11,43,44,32,32,0,2,17,11,0,1,1
32,11,43,44,32,32,0,2,18,11,0,1,2
32,11,43,44,32,32,0,2,19,11,0,1,2
32,11,43,44,32,32,0,2,20,11,0,1,2
32,11,43,44,32,32,0,2,21,10,1,2,1
32,11,43,44,32,32,0,2,22,9,1,2,1
32,11,43,44,32,32,0,2,23,8,1,2,1
32,11,43,44,32,32,0,2,24,7,1,2,1
32,11,43,44,32,32,0,2,25,6,1,2,1
32,11,43,44,32,32,0,2,26,5,1,2,1
32,11,43,44,32,32,0,2,27,4,1,2,1
32,11,43,44,32,32,0,2,28,3,1,2,1
32,11,43,44,32,32,0,2,29,11,0,1,2
32,11,43,44,32,32,0,2,30,11,0,1,2
32,12,44,45,32,12,0,2,1,10,1,2,0
32,12,44,45,32,12,0,2,2,9,1,2,2
32,12,44,45,32,12,0,2,3,8,1,2,1
32,12,44,45,32,12,0,2,4,4,0,2,2
32,12,44,45,32,12,0,2,5,5,0,2,2
32,12,44,45,32,12,0,2,6,5,1,2,1
32,12,44,45,32,12,0,2,7,4,1,2,2
32,12,44,45,32,12,0,2,8,8,0,2,2
32,12,44,45,32,12,0,2,9,9,0,2,2
32,12,44,45,32,12,0,2,10,10,0,2,2
32,12,44,45,32,32,0,2,1,12,0,1,1
32,12,44,45,32,32,0,2,2,12,0,1,2
32,12,44,45,32,32,0,2,3,12,0,1,1
32,12,44,45,32,32,0,2,4,4,0,2,2
32,12,44,45,32,32,0,2,5,5,0,2,2
32,12,44,45,32,32,0,2,6,6,0,2,2
32,12,44,45,32,32,0,2,7,7,0,2,2
32,12,44,45,32,32,0,2,8,8,0,2,2
32,12,44,45,32,32,0,2,9,9,0,2,2
32,12,44,45,32,32,0,2,10,10,0,2,2
32,12,44,45,32,32,0,2,11,11,0,2,2
32,12,44,45,32,32,0,2,12,12,0,1,2
32,12,44,45,32,32,0,2,13,12,0,1,2
32,12,44,45,32,32,0,2,14,12,0,1,2
32,12,44,45,32,32,0,2,15,12,0,1,2
32,12,44,45,32,32,0,2,16,12,0,1,2
32,12,44,45,32,32,0,2,17,12,0,1,2
32,12,44,45,32,32,0,2,18,12,0,1,2
32,12,44,45,32,32,0,2,19,12,0,1,2
32,12,44,45,32,32,0,2,20,11,1,2,2
32,12,44,45,32,32,0,2,21,10,1,2,2
32,12,44,45,32,32,0,2,22,9,1,2,2
32,12,44,45,32,32,0,2,23,8,1,2,2
32,12,44,45,32,32,0,2,24,7,1,2,2
32,12,44,45,32,32,0,2,25,6,1,2,2
32,12,44,45,32,32,0,2,26,5,1,2,2
32,12,44,45,32,32,0,2,27,4,1,2,2
32,12,44,45,32,32,0,2,28,12,0,1,2
32,12,44,45,32,32,0,2,29,12,0,1,2
32,12,44,45,32,32,0,2,30,12,0,1,2
33,2,35,36,33,33,0,2,1,31,1,2,0
33,2,35,36,33,33,0,2,2,30,1,2,1
33,2,35,36,33,33,0,2,3,29,1,2,1
33,2,35,36,33,33,0,2,4,4,0,2,2
33,2,35,36,33,33,0,2,5,5,0,2,2
33,2,35,36,33,33,0,2,6,6,0,2,2
33,2,35,36,33,33,0,2,7,7,0,2,2
33,2,35,36,33,33,0,2,8,8,0,2,2
33,2,35,36,33,33,0,2,9,9,0,2,2
33,2,35,36,33,33,0,2,10,10,0,2,2
33,2,35,36,33,33,0,2,11,11,0,2,2
33,2,35,36,33,33,0,2,12,12,0,2,2
33,2,35,36,33,33,0,2,13,13,0,2,2
33,2,35,36,33,33,0,2,14,14,0,2,2
33,2,35,36,33,33,0,2,15,15,0,2,2
33,2,35,36,33,33,0,2,16,16,0,2,3
33,2,35,36,33,33,0,2,17,15,1,2,2
33,2,35,36,33,33,0,2,18,14,1,2,1
33,2,35,36,33,33,0,2,19,13,1,2,1
33,2,35,36,33,33,0,2,20,12,1,2,1
33,2,35,36,33,33,0,2,21,11,1,2,1
33,2,35,36,33,33,0,2,22,10,1,2,1
33,2,35,36,33,33,0,2,23,9,1,2,1
33,2,35,36,33,33,0,2,24,8,1,2,1
33,2,35,36,33,33,0,2,25,7,1,2,1
33,2,35,36,33,33,0,2,26,6,1,2,1
33,2,35,36,33,33,0,2,27,5,1,2,1
33,2,35,36,33,33,0,2,28,4,1,2,1
33,2,35,36,33,33,0,2,29,3,1,2,1
33,2,35,36,33,33,0,2,30,30,0,2,2
33,2,35,36,33,33,0,2,31,31,0,2,2
33,3,36,37,33,3,0,2,1,33,0,1,2
33,3,36,37,33,33,0,2,1,31,1,2,1
33,3,36,37,33,33,0,2,2,30,1,2,2
33,3,36,37,33,33,0,2,3,29,1,2,2
33,3,36,37,33,33,0,2,4,4,0,2,2
33,3,36,37,33,33,0,2,5,5,0,2,2
33,3,36,37,33,33,0,2,6,6,0,2,2
33,3,36,37,33,33,0,2,7,7,0,2,2
33,3,36,37,33,33,0,2,8,8,0,2,2
33,3,36,37,33,33,0,2,9,9,0,2,2
33,3,36,37,33,33,0,2,10,10,0,2,2
33,3,36,37,33,33,0,2,11,11,0,2,2
33,3,36,37,33,33,0,2,12,12,0,2,2
33,3,36,37,33,33,0,2,13,13,0,2,2
33,3,36,37,33,33,0,2,14,14,0,2,2
33,3,36,37,33,33,0,2,15,15,0,2,2
33,3,36,37,33,33,0,2,16,16,0,2,2
33,3,36,37,33,33,0,2,17,15,1,2,2
33,3,36,37,33,33,0,2,18,14,1,2,2
33,3,36,37,33,33,0,2,19,13,1,2,2
33,3,36,37,33,33,0,2,20,12,1,2,2
33,3,36,37,33,33,0,2,21,11,1,2,2
33,3,36,37,33,33,0,2,22,10,1,2,2
33,3,36,37,33,33,0,2,23,9,1,2,2
33,3,36,37,33,33,0,2,24,8,1,2,2
33,3,36,37,33,33,0,2,25,7,1,2,2
33,3,36,37,33,33,0,2,26,6,1,2,2
33,3,36,37,33,33,0,2,27,5,1,2,2
33,3,36,37,33,33,0,2,28,4,1,2,2
33,3,36,37,33,33,0,2,29,29,0,2,2
33,3,36,37,33,33,0,2,30,30,0,2,2
33,3,36,37,33,33,0,2,31,31,0,2,2
33,4,37,38,33,4,0,2,1,33,0,1,1
33,4,37,38,33,4,0,2,2,33,0,1,2
33,4,37,38,33,33,0,2,1,4,0,1,1
33,4,37,38,33,33,0,2,2,4,0,1,1
33,4,37,38,33,33,0,2,3,4,0,1,1
33,4,37,38,33,33,0,2,4,4,0,1,1
33,4,37,38,33,33,0,2,5,4,0,1,1
33,4,37,38,33,33,0,2,6,4,0,1,1
33,4,37,38,33,33,0,2,7,7,0,2,2
33,4,37,38,33,33,0,2,8,4,0,1,1
33,4,37,38,33,33,0,2,9,9,0,2,2
33,4,37,38,33,33,0,2,10,10,0,2,2
33,4,37,38,33,33,0,2,11,4,0,1,1
33,4,37,38,33,33,0,2,12,12,0,2,2
33,4,37,38,33,33,0,2,13,13,0,2,2
33,4,37,38,33,33,0,2,14,4,0,1,1
33,4,37,38,33,33,0,2,15,15,0,2,2
33,4,37,38,33,33,0,2,16,4,0,1,1
33,4,37,38,33,33,0,2,17,4,0,1,1
33,4,37,38,33,33,0,2,18,14,1,2,2
33,4,37,38,33,33,0,2,19,4,0,1,1
33,4,37,38,33,33,0,2,20,12,1,2,2
33,4,37,38,33,33,0,2,21,4,0,1,1
33,4,37,38,33,33,0,2,22,4,0,1,1
33,4,37,38,33,33,0,2,23,9,1,2,2
33,4,37,38,33,33,0,2,24,4,0,1,1
33,4,37,38,33,33,0,2,25,4,0,1,1
33,4,37,38,33,33,0,2,26,6,1,2,2
33,4,37,38,33,33,0,2,27,4,0,1,1
33,4,37,38,33,33,0,2,28,4,0,1,1
33,4,37,38,33,33,0,2,29,29,0,2,2
33,4,37,38,33,33,0,2,30,4,0,1,1
33,4,37,38,33,33,0,2,31,4,0,1,1
33,5,38,39,33,5,0,2,1,3,1,2,1
33,5,38,39,33,5,0,2,2,33,0,1,2
33,5,38,39,33,5,0,2,3,33,0,1,1
33,5,38,39,33,33,0,2,1,5,0,1,2
33,5,38,39,33,33,0,2,2,5,0,1,2
33,5,38,39,33,33,0,2,3,5,0,1,2
33,5,38,39,33,33,0,2,4,4,0,2,2
33,5,38,39,33,33,0,2,5,5,0,1,2
33,5,38,39,33,33,0,2,6,5,0,1,2
33,5,38,39,33,33,0,2,7,5,0,1,2
33,5,38,39,33,33,0,2,8,5,0,1,2
33,5,38,39,33,33,0,2,9,5,0,1,2
33,5,38,39,33,33,0,2,10,5,0,1,2
33,5,38,39,33,33,0,2,11,5,0,1,2
33,5,38,39,33,33,0,2,12,5,0,1,2
33,5,38,39,33,33,0,2,13,5,0,1,2
33,5,38,39,33,33,0,2,14,5,0,1,2
33,5,38,39,33,33,0,2,15,5,0,1,2
33,5,38,39,33,33,0,2,16,5,0,1,2
33,5,38,39,33,33,0,2,17,5,0,1,2
33,5,38,39,33,33,0,2,18,5,0,1,2
33,5,38,39,33,33,0,2,19,5,0,1,2
33,5,38,39,33,33,0,2,20,5,0,1,2
33,5,38,39,33,33,0,2,21,5,0,1,2
33,5,38,39,33,33,0,2,22,5,0,1,2
33,5,38,39,33,33,0,2,23,5,0,1,2
33,5,38,39,33,33,0,2,24,5,0,1,2
33,5,38,39,33,33,0,2,25,5,0,1,2
33,5,38,39,33,33,0,2,26,5,0,1,2
33,5,38,39,33,33,0,2,27,5,0,1,2
33,5,38,39,33,33,0,2,28,4,1,2,2
33,5,38,39,33,33,0,2,29,5,0,1,2
33,5,38,39,33,33,0,2,30,5,0,1,2
33,5,38,39,33,33,0,2,31,5,0,1,2
33,6,39,40,33,6,0,2,1,4,1,2,1
33,6,39,40,33,6,0,2,2,33,0,1,1
33,6,39,40,33,6,0,2,3,33,0,1,2
33,6,39,40,33,6,0,2,4,4,0,2,2
33,6,39,40,33,33,0,2,1,6,0,1,1
33,6,39,40,33,33,0,2,2,6,0,1,2
33,6,39,40,33,33,0,2,3,6,0,1,2
33,6,39,40,33,33,0,2,4,4,0,2,2
33,6,39,40,33,33,0,2,5,5,0,2,2
33,6,39,40,33,33,0,2,6,6,0,1,2
33,6,39,40,33,33,0,2,7,6,0,1,1
33,6,39,40,33,33,0,2,8,6,0,1,3
33,6,39,40,33,33,0,2,9,6,0,1,2
33,6,39,40,33,33,0,2,10,6,0,1,2
33,6,39,40,33,33,0,2,11,6,0,1,3
33,6,39,40,33,33,0,2,12,6,0,1,2
33,6,39,40,33,33,0,2,13,6,0,1,2
33,6,39,40,33,33,0,2,14,6,0,1,3
33,6,39,40,33,33,0,2,15,6,0,1,2
33,6,39,40,33,33,0,2,16,6,0,1,2
33,6,39,40,33,33,0,2,17,6,0,1,2
33,6,39,40,33,33,0,2,18,6,0,1,2
33,6,39,40,33,33,0,2,19,6,0,1,2
33,6,39,40,33,33,0,2,20,6,0,1,2
33,6,39,40,33,33,0,2,21,6,0,1,3
33,6,39,40,33,33,0,2,22,6,0,1,2
33,6,39,40,33,33,0,2,23,6,0,1,2
33,6,39,40,33,33,0,2,24,6,0,1,3
33,6,39,40,33,33,0,2,25,6,0,1,2
33,6,39,40,33,33,0,2,26,6,0,1,2
33,6,39,40,33,33,0,2,27,5,1,2,2
33,6,39,40,33,33,0,2,28,4,1,2,2
33,6,39,40,33,33,0,2,29,6,0,1,2
33,6,39,40,33,33,0,2,30,6,0,1,2
33,6,39,40,33,33,0,2,31,6,0,1,2
33,7,40,41,33,7,0,2,1,5,1,2,1
33,7,40,41,33,7,0,2,2,4,1,2,2
33,7,40,41,33,7,0,2,3,3,1,2,1
33,7,40,41,33,7,0,2,4,4,0,2,2
33,7,40,41,33,7,0,2,5,5,0,2,2
33,7,40,41,33,33,0,2,1,7,0,1,1
33,7,40,41,33,33,0,2,2,7,0,1,4
33,7,40,41,33,33,0,2,3,7,0,1,1
33,7,40,41,33,33,0,2,4,4,0,2,2
33,7,40,41,33,33,0,2,5,5,0,2,2
33,7,40,41,33,33,0,2,6,6,0,2,2
33,7,40,41,33,33,0,2,7,7,0,1,1
33,7,40,41,33,33,0,2,8,7,0,1,2
33,7,40,41,33,33,0,2,9,7,0,1,1
33,7,40,41,33,33,0,2,10,7,0,1,2
33,7,40,41,33,33,0,2,11,7,0,1,2
33,7,40,41,33,33,0,2,12,7,0,1,2
33,7,40,41,33,33,0,2,13,7,0,1,2
33,7,40,41,33,33,0,2,14,7,0,1,2
33,7,40,41,33,33,0,2,15,7,0,1,2
33,7,40,41,33,33,0,2,16,7,0,1,2
33,7,40,41,33,33,0,2,17,7,0,1,2
33,7,40,41,33,33,0,2,18,7,0,1,2
33,7,40,41,33,33,0,2,19,7,0,1,2
33,7,40,41,33,33,0,2,20,7,0,1,2
33,7,40,41,33,33,0,2,21,7,0,1,2
33,7,40,41,33,33,0,2,22,7,0,1,1
33,7,40,41,33,33,0,2,23,7,0,1,2
33,7,40,41,33,33,0,2,24,7,0,1,2
33,7,40,41,33,33,0,2,25,7,0,1,2
33,7,40,41,33,33,0,2,26,6,1,2,2
33,7,40,41,33,33,0,2,27,5,1,2,2
33,7,40,41,33,33,0,2,28,4,1,2,2
33,7,40,41,33,33,0,2,29,7,0,1,2
33,7,40,41,33,33,0,2,30,7,0,1,2
33,7,40,41,33,33,0,2,31,7,0,1,2
33,8,41,42,33,8,0,2,1,6,1,2,1
33,8,41,42,33,8,0,2,2,5,1,2,2
33,8,41,42,33,8,0,2,3,4,1,2,1
33,8,41,42,33,8,0,2,4,3,1,2,1
33,8,41,42,33,8,0,2,5,5,0,2,2
33,8,41,42,33,8,0,2,6,6,0,2,2
33,8,41,42,33,33,0,2,1,8,0,1,1
33,8,41,42,33,33,0,2,2,8,0,1,2
33,8,41,42,33,33,0,2,3,8,0,1,1
33,8,41,42,33,33,0,2,4,4,0,2,1
33,8,41,42,33,33,0,2,5,5,0,2,2
33,8,41,42,33,33,0,2,6,6,0,2,2
33,8,41,42,33,33,0,2,7,7,0,2,1
33,8,41,42,33,33,0,2,8,8,0,1,2
33,8,41,42,33,33,0,2,9,8,0,1,2
33,8,41,42,33,33,0,2,10,8,0,1,2
33,8,41,42,33,33,0,2,11,8,0,1,2
33,8,41,42,33,33,0,2,12,8,0,1,2
33,8,41,42,33,33,0,2,13,8,0,1,2
33,8,41,42,33,33,0,2,14,8,0,1,2
33,8,41,42,33,33,0,2,15,8,0,1,2
33,8,41,42,33,33,0,2,16,8,0,1,2
33,8,41,42,33,33,0,2,17,8,0,1,2
33,8,41,42,33,33,0,2,18,8,0,1,2
33,8,41,42,33,33,0,2,19,8,0,1,2
33,8,41,42,33,33,0,2,20,8,0,1,2
33,8,41,42,33,33,0,2,21,8,0,1,2
33,8,41,42,33,33,0,2,22,8,0,1,2
33,8,41,42,33,33,0,2,23,8,0,1,2
33,8,41,42,33,33,0,2,24,8,0,1,2
33,8,41,42,33,33,0,2,25,7,1,2,1
33,8,41,42,33,33,0,2,26,6,1,2,1
33,8,41,42,33,33,0,2,27,5,1,2,1
33,8,41,42,33,33,0,2,28,4,1,2,1
33,8,41,42,33,33,0,2,29,3,1,2,1
33,8,41,42,33,33,0,2,30,8,0,1,2
33,8,41,42,33,33,0,2,31,8,0,1,2
33,9,42,43,33,9,0,2,1,7,1,2,1
33,9,42,43,33,9,0,2,2,6,1,2,2
33,9,42,43,33,9,0,2,3,5,1,2,1
33,9,42,43,33,9,0,2,4,4,0,2,2
33,9,42,43,33,9,0,2,5,5,0,2,2
33,9,42,43,33,9,0,2,6,6,0,2,2
33,9,42,43,33,9,0,2,7,7,0,2,2
33,9,42,43,33,33,0,2,1,9,0,1,1
33,9,42,43,33,33,0,2,2,9,0,1,3
33,9,42,43,33,33,0,2,3,9,0,1,1
33,9,42,43,33,33,0,2,4,4,0,2,2
33,9,42,43,33,33,0,2,5,5,0,2,2
33,9,42,43,33,33,0,2,6,6,0,2,2
33,9,42,43,33,33,0,2,7,7,0,2,2
33,9,42,43,33,33,0,2,8,8,0,2,2
33,9,42,43,33,33,0,2,9,9,0,1,2
33,9,42,43,33,33,0,2,10,9,0,1,2
33,9,42,43,33,33,0,2,11,9,0,1,2
33,9,42,43,33,33,0,2,12,9,0,1,2
33,9,42,43,33,33,0,2,13,9,0,1,2
33,9,42,43,33,33,0,2,14,9,0,1,2
33,9,42,43,33,33,0,2,15,9,0,1,3
33,9,42,43,33,33,0,2,16,9,0,1,2
33,9,42,43,33,33,0,2,17,9,0,1,2
33,9,42,43,33,33,0,2,18,9,0,1,2
33,9,42,43,33,33,0,2,19,9,0,1,2
33,9,42,43,33,33,0,2,20,9,0,1,2
33,9,42,43,33,33,0,2,21,9,0,1,2
33,9,42,43,33,33,0,2,22,9,0,1,2
33,9,42,43,33,33,0,2,23,9,0,1,2
33,9,42,43,33,33,0,2,24,8,1,2,2
33,9,42,43,33,33,0,2,25,7,1,2,2
33,9,42,43,33,33,0,2,26,6,1,2,2
33,9,42,43,33,33,0,2,27,5,1,2,2
33,9,42,43,33,33,0,2,28,4,1,2,2
33,9,42,43,33,33,0,2,29,9,0,1,2
33,9,42,43,33,33,0,2,30,9,0,1,2
33,9,42,43,33,33,0,2,31,9,0,1,2
33,10,43,44,33,10,0,2,1,8,1,2,1
33,10,43,44,33,10,0,2,2,7,1,2,2
33,10,43,44,33,10,0,2,3,6,1,2,1
33,10,43,44,33,10,0,2,4,4,0,2,2
33,10,43,44,33,10,0,2,5,4,1,2,1
33,10,43,44,33,10,0,2,6,3,1,2,1
33,10,43,44,33,10,0,2,7,7,0,2,2
33,10,43,44,33,10,0,2,8,8,0,2,2
33,10,43,44,33,33,0,2,1,10,0,1,1
33,10,43,44,33,33,0,2,2,10,0,1,1
33,10,43,44,33,33,0,2,3,10,0,1,1
33,10,43,44,33,33,0,2,4,4,0,2,2
33,10,43,44,33,33,0,2,5,5,0,2,2
33,10,43,44,33,33,0,2,6,6,0,2,2
33,10,43,44,33,33,0,2,7,7,0,2,2
33,10,43,44,33,33,0,2,8,8,0,2,2
33,10,43,44,33,33,0,2,9,9,0,2,2
33,10,43,44,33,33,0,2,10,10,0,1,2
33,10,43,44,33,33,0,2,11,10,0,1,2
33,10,43,44,33,33,0,2,12,10,0,1,2
33,10,43,44,33,33,0,2,13,10,0,1,2
33,10,43,44,33,33,0,2,14,10,0,1,2
33,10,43,44,33,33,0,2,15,10,0,1,2
33,10,43,44,33,33,0,2,16,10,0,1,2
33,10,43,44,33,33,0,2,17,10,0,1,2
33,10,43,44,33,33,0,2,18,10,0,1,2
33,10,43,44,33,33,0,2,19,10,0,1,1
33,10,43,44,33,33,0,2,20,10,0,1,2
33,10,43,44,33,33,0,2,21,10,0,1,2
33,10,43,44,33,33,0,2,22,10,0,1,1
33,10,43,44,33,33,0,2,23,9,1,2,1
33,10,43,44,33,33,0,2,24,8,1,2,1
33,10,43,44,33,33,0,2,25,7,1,2,1
33,10,43,44,33,33,0,2,26,6,1,2,1
33,10,43,44,33,33,0,2,27,5,1,2,1
33,10,43,44,33,33,0,2,28,4,1,2,1
33,10,43,44,33,33,0,2,29,3,1,2,1
33,10,43,44,33,33,0,2,30,10,0,1,1
33,10,43,44,33,33,0,2,31,10,0,1,2
33,11,44,45,33,11,0,2,1,9,1,2,1
33,11,44,45,33,11,0,2,2,8,1,2,2
33,11,44,45,33,11,0,2,3,7,1,2,1
33,11,44,45,33,11,0,2,4,4,0,2,2
33,11,44,45,33,11,0,2,5,5,0,2,2
33,11,44,45,33,11,0,2,6,4,1,2,1
33,11,44,45,33,11,0,2,7,7,0,2,2
33,11,44,45,33,11,0,2,8,8,0,2,2
33,11,44,45,33,11,0,2,9,9,0,2,2
33,11,44,45,33,33,0,2,1,11,0,1,1
33,11,44,45,33,33,0,2,2,11,0,1,2
33,11,44,45,33,33,0,2,3,11,0,1,1
33,11,44,45,33,33,0,2,4,4,0,2,2
33,11,44,45,33,33,0,2,5,5,0,2,2
33,11,44,45,33,33,0,2,6,6,0,2,2
33,11,44,45,33,33,0,2,7,7,0,2,2
33,11,44,45,33,33,0,2,8,8,0,2,2
33,11,44,45,33,33,0,2,9,9,0,2,2
33,11,44,45,33,33,0,2,10,10,0,2,2
33,11,44,45,33,33,0,2,11,11,0,1,2
33,11,44,45,33,33,0,2,12,11,0,1,2
33,11,44,45,33,33,0,2,13,11,0,1,2
33,11,44,45,33,33,0,2,14,11,0,1,2
33,11,44,45,33,33,0,2,15,11,0,1,2
33,11,44,45,33,33,0,2,16,11,0,1,2
33,11,44,45,33,33,0,2,17,11,0,1,2
33,11,44,45,33,33,0,2,18,11,0,1,2
33,11,44,45,33,33,0,2,19,11,0,1,2
33,11,44,45,33,33,0,2,20,11,0,1,2
33,11,44,45,33,33,0,2,21,11,0,1,2
33,11,44,45,33,33,0,2,22,10,1,2,2
33,11,44,45,33,33,0,2,23,9,1,2,2
33,11,44,45,33,33,0,2,24,8,1,2,2
33,11,44,45,33,33,0,2,25,7,1,2,2
33,11,44,45,33,33,0,2,26,6,1,2,2
33,11,44,45,33,33,0,2,27,5,1,2,2
33,11,44,45,33,33,0,2,28,4,1,2,2
33,11,44,45,33,33,0,2,29,11,0,1,2
33,11,44,45,33,33,0,2,30,11,0,1,2
33,11,44,45,33,33,0,2,31,11,0,1,2
34,2,36,37,34,34,0,2,1,32,1,2,1
34,2,36,37,34,34,0,2,2,31,1,2,2
34,2,36,37,34,34,0,2,3,3,0,2,1
34,2,36,37,34,34,0,2,4,4,0,2,1
34,2,36,37,34,34,0,2,5,5,0,2,1
34,2,36,37,34,34,0,2,6,6,0,2,1
34,2,36,37,34,34,0,2,7,7,0,2,1
34,2,36,37,34,34,0,2,8,8,0,2,1
34,2,36,37,34,34,0,2,9,9,0,2,1
34,2,36,37,34,34,0,2,10,10,0,2,1
34,2,36,37,34,34,0,2,11,11,0,2,1
34,2,36,37,34,34,0,2,12,12,0,2,1
34,2,36,37,34,34,0,2,13,13,0,2,1
34,2,36,37,34,34,0,2,14,14,0,2,1
34,2,36,37,34,34,0,2,15,15,0,2,1
34,2,36,37,34,34,0,2,16,16,0,2,2
34,2,36,37,34,34,0,2,17,16,1,2,2
34,2,36,37,34,34,0,2,18,15,1,2,1
34,2,36,37,34,34,0,2,19,14,1,2,2
34,2,36,37,34,34,0,2,20,13,1,2,2
34,2,36,37,34,34,0,2,21,12,1,2,1
34,2,36,37,34,34,0,2,22,11,1,2,2
34,2,36,37,34,34,0,2,23,10,1,2,2
34,2,36,37,34,34,0,2,24,9,1,2,1
34,2,36,37,34,34,0,2,25,8,1,2,2
34,2,36,37,34,34,0,2,26,7,1,2,2
34,2,36,37,34,34,0,2,27,6,1,2,2
34,2,36,37,34,34,0,2,28,5,1,2,2
34,2,36,37,34,34,0,2,29,4,1,2,2
34,2,36,37,34,34,0,2,30,3,1,2,1
34,2,36,37,34,34,0,2,31,31,0,2,1
34,2,36,37,34,34,0,2,32,32,0,2,1
34,3,37,38,34,3,0,2,1,34,0,1,1
34,3,37,38,34,34,0,2,1,3,0,1,1
34,3,37,38,34,34,0,2,2,31,1,2,2
34,3,37,38,34,34,0,2,3,30,1,2,1
34,3,37,38,34,34,0,2,4,4,0,2,2
34,3,37,38,34,34,0,2,5,5,0,2,2
34,3,37,38,34,34,0,2,6,6,0,2,2
34,3,37,38,34,34,0,2,7,7,0,2,2
34,3,37,38,34,34,0,2,8,8,0,2,2
34,3,37,38,34,34,0,2,9,9,0,2,2
34,3,37,38,34,34,0,2,10,10,0,2,2
34,3,37,38,34,34,0,2,11,11,0,2,2
34,3,37,38,34,34,0,2,12,12,0,2,2
34,3,37,38,34,34,0,2,13,13,0,2,2
34,3,37,38,34,34,0,2,14,14,0,2,2
34,3,37,38,34,34,0,2,15,15,0,2,2
34,3,37,38,34,34,0,2,16,16,0,2,2
34,3,37,38,34,34,0,2,17,16,1,2,2
34,3,37,38,34,34,0,2,18,15,1,2,2
34,3,37,38,34,34,0,2,19,14,1,2,2
34,3,37,38,34,34,0,2,20,13,1,2,2
34,3,37,38,34,34,0,2,21,12,1,2,2
34,3,37,38,34,34,0,2,22,11,1,2,2
34,3,37,38,34,34,0,2,23,10,1,2,2
34,3,37,38,34,34,0,2,24,9,1,2,2
34,3,37,38,34,34,0,2,25,8,1,2,2
34,3,37,38,34,34,0,2,26,7,1,2,2
34,3,37,38,34,34,0,2,27,6,1,2,2
34,3,37,38,34,34,0,2,28,5,1,2,2
34,3,37,38,34,34,0,2,29,4,1,2,2
34,3,37,38,34,34,0,2,30,30,0,2,2
34,3,37,38,34,34,0,2,31,31,0,2,2
34,3,37,38,34,34,0,2,32,32,0,2,2
34,4,38,39,34,4,0,2,1,34,0,1,1
34,4,38,39,34,4,0,2,2,34,0,1,3
34,4,38,39,34,34,0,2,1,4,0,1,1
34,4,38,39,34,34,0,2,2,31,1,2,2
34,4,38,39,34,34,0,2,3,4,0,1,1
34,4,38,39,34,34,0,2,4,4,0,1,1
34,4,38,39,34,34,0,2,5,5,0,2,2
34,4,38,39,34,34,0,2,6,4,0,1,1
34,4,38,39,34,34,0,2,7,7,0,2,2
34,4,38,39,34,34,0,2,8,8,0,2,2
34,4,38,39,34,34,0,2,9,9,0,2,2
34,4,38,39,34,34,0,2,10,10,0,2,2
34,4,38,39,34,34,0,2,11,11,0,2,2
34,4,38,39,34,34,0,2,12,12,0,2,2
34,4,38,39,34,34,0,2,13,13,0,2,2
34,4,38,39,34,34,0,2,14,14,0,2,2
34,4,38,39,34,34,0,2,15,15,0,2,2
34,4,38,39,34,34,0,2,16,16,0,2,2
34,4,38,39,34,34,0,2,17,4,0,1,1
34,4,38,39,34,34,0,2,18,15,1,2,2
34,4,38,39,34,34,0,2,19,4,0,1,1
34,4,38,39,34,34,0,2,20,13,1,2,2
34,4,38,39,34,34,0,2,21,12,1,2,2
34,4,38,39,34,34,0,2,22,11,1,2,2
34,4,38,39,34,34,0,2,23,10,1,2,2
34,4,38,39,34,34,0,2,24,9,1,2,2
34,4,38,39,34,34,0,2,25,8,1,2,2
34,4,38,39,34,34,0,2,26,4,0,1,1
34,4,38,39,34,34,0,2,27,6,1,2,2
34,4,38,39,34,34,0,2,28,5,1,2,2
34,4,38,39,34,34,0,2,29,4,0,1,1
34,4,38,39,34,34,0,2,30,30,0,2,2
34,4,38,39,34,34,0,2,31,31,0,2,2
34,4,38,39,34,34,0,2,32,4,0,1,1
34,5,39,40,34,5,0,2,1,3,1,2,1
34,5,39,40,34,5,0,2,2,34,0,1,1
34,5,39,40,34,5,0,2,3,34,0,1,1
34,5,39,40,34,34,0,2,1,5,0,1,1
34,5,39,40,34,34,0,2,2,5,0,1,2
34,5,39,40,34,34,0,2,3,5,0,1,2
34,5,39,40,34,34,0,2,4,4,0,2,2
34,5,39,40,34,34,0,2,5,5,0,1,2
34,5,39,40,34,34,0,2,6,5,0,1,2
34,5,39,40,34,34,0,2,7,5,0,1,2
34,5,39,40,34,34,0,2,8,5,0,1,2
34,5,39,40,34,34,0,2,9,5,0,1,2
34,5,39,40,34,34,0,2,10,5,0,1,2
34,5,39,40,34,34,0,2,11,5,0,1,2
34,5,39,40,34,34,0,2,12,5,0,1,2
34,5,39,40,34,34,0,2,13,5,0,1,2
34,5,39,40,34,34,0,2,14,5,0,1,2
34,5,39,40,34,34,0,2,15,5,0,1,2
34,5,39,40,34,34,0,2,16,5,0,1,2
34,5,39,40,34,34,0,2,17,5,0,1,2
34,5,39,40,34,34,0,2,18,5,0,1,2
34,5,39,40,34,34,0,2,19,5,0,1,2
34,5,39,40,34,34,0,2,20,5,0,1,2
34,5,39,40,34,34,0,2,21,5,0,1,2
34,5,39,40,34,34,0,2,22,5,0,1,2
34,5,39,40,34,34,0,2,23,5,0,1,2
34,5,39,40,34,34,0,2,24,5,0,1,2
34,5,39,40,34,34,0,2,25,5,0,1,2
34,5,39,40,34,34,0,2,26,5,0,1,2
34,5,39,40,34,34,0,2,27,5,0,1,2
34,5,39,40,34,34,0,2,28,5,0,1,2
34,5,39,40,34,34,0,2,29,4,1,2,1
34,5,39,40,34,34,0,2,30,3,1,2,1
34,5,39,40,34,34,0,2,31,5,0,1,2
34,5,39,40,34,34,0,2,32,5,0,1,2
34,6,40,41,34,6,0,2,1,4,1,2,1
34,6,40,41,34,6,0,2,2,34,0,1,2
34,6,40,41,34,6,0,2,3,34,0,1,1
34,6,40,41,34,6,0,2,4,4,0,2,2
34,6,40,41,34,34,0,2,1,6,0,1,2
34,6,40,41,34,34,0,2,2,6,0,1,3
34,6,40,41,34,34,0,2,3,6,0,1,2
34,6,40,41,34,34,0,2,4,4,0,2,2
34,6,40,41,34,34,0,2,5,5,0,2,2
34,6,40,41,34,34,0,2,6,6,0,1,2
34,6,40,41,34,34,0,2,7,6,0,1,2
34,6,40,41,34,34,0,2,8,6,0,1,3
34,6,40,41,34,34,0,2,9,6,0,1,2
34,6,40,41,34,34,0,2,10,6,0,1,2
34,6,40,41,34,34,0,2,11,6,0,1,3
34,6,40,41,34,34,0,2,12,6,0,1,3
34,6,40,41,34,34,0,2,13,6,0,1,3
34,6,40,41,34,34,0,2,14,6,0,1,3
34,6,40,41,34,34,0,2,15,6,0,1,2
34,6,40,41,34,34,0,2,16,6,0,1,2
34,6,40,41,34,34,0,2,17,6,0,1,3
34,6,40,41,34,34,0,2,18,6,0,1,2
34,6,40,41,34,34,0,2,19,6,0,1,3
34,6,40,41,34,34,0,2,20,6,0,1,2
34,6,40,41,34,34,0,2,21,6,0,1,2
34,6,40,41,34,34,0,2,22,6,0,1,3
34,6,40,41,34,34,0,2,23,6,0,1,3
34,6,40,41,34,34,0,2,24,6,0,1,2
34,6,40,41,34,34,0,2,25,6,0,1,3
34,6,40,41,34,34,0,2,26,6,0,1,3
34,6,40,41,34,34,0,2,27,6,0,1,3
34,6,40,41,34,34,0,2,28,5,1,2,2
34,6,40,41,34,34,0,2,29,4,1,2,2
34,6,40,41,34,34,0,2,30,6,0,1,2
34,6,40,41,34,34,0,2,31,6,0,1,3
34,6,40,41,34,34,0,2,32,6,0,1,3
34,7,41,42,34,7,0,2,1,5,1,2,1
34,7,41,42,34,7,0,2,2,4,1,2,2
34,7,41,42,34,7,0,2,3,3,1,2,1
34,7,41,42,34,7,0,2,4,4,0,2,2
34,7,41,42,34,7,0,2,5,5,0,2,2
34,7,41,42,34,34,0,2,1,7,0,1,1
34,7,41,42,34,34,0,2,2,7,0,1,1
34,7,41,42,34,34,0,2,3,7,0,1,1
34,7,41,42,34,34,0,2,4,4,0,2,2
34,7,41,42,34,34,0,2,5,5,0,2,2
34,7,41,42,34,34,0,2,6,6,0,2,2
34,7,41,42,34,34,0,2,7,7,0,1,1
34,7,41,42,34,34,0,2,8,7,0,1,2
34,7,41,42,34,34,0,2,9,7,0,1,1
34,7,41,42,34,34,0,2,10,7,0,1,2
34,7,41,42,34,34,0,2,11,7,0,1,1
34,7,41,42,34,34,0,2,12,7,0,1,1
34,7,41,42,34,34,0,2,13,7,0,1,1
34,7,41,42,34,34,0,2,14,7,0,1,2
34,7,41,42,34,34,0,2,15,7,0,1,1
34,7,41,42,34,34,0,2,16,7,0,1,1
34,7,41,42,34,34,0,2,17,7,0,1,2
34,7,41,42,34,34,0,2,18,7,0,1,2
34,7,41,42,34,34,0,2,19,7,0,1,1
34,7,41,42,34,34,0,2,20,7,0,1,2
34,7,41,42,34,34,0,2,21,7,0,1,2
34,7,41,42,34,34,0,2,22,7,0,1,1
34,7,41,42,34,34,0,2,23,7,0,1,2
34,7,41,42,34,34,0,2,24,7,0,1,1
34,7,41,42,34,34,0,2,25,7,0,1,1
34,7,41,42,34,34,0,2,26,7,0,1,2
34,7,41,42,34,34,0,2,27,6,1,2,1
34,7,41,42,34,34,0,2,28,5,1,2,2
34,7,41,42,34,34,0,2,29,4,1,2,1
34,7,41,42,34,34,0,2,30,3,1,2,1
34,7,41,42,34,34,0,2,31,7,0,1,1
34,7,41,42,34,34,0,2,32,7,0,1,2
34,8,42,43,34,8,0,2,1,6,1,2,1
34,8,42,43,34,8,0,2,2,5,1,2,2
34,8,42,43,34,8,0,2,3,4,1,2,1
34,8,42,43,34,8,0,2,4,3,1,2,1
34,8,42,43,34,8,0,2,5,5,0,2,2
34,8,42,43,34,8,0,2,6,6,0,2,2
34,8,42,43,34,34,0,2,1,8,0,1,2
34,8,42,43,34,34,0,2,2,8,0,1,2
34,8,42,43,34,34,0,2,3,8,0,1,2
34,8,42,43,34,34,0,2,4,4,0,2,2
34,8,42,43,34,34,0,2,5,5,0,2,2
34,8,42,43,34,34,0,2,6,6,0,2,2
34,8,42,43,34,34,0,2,7,7,0,2,2
34,8,42,43,34,34,0,2,8,8,0,1,2
34,8,42,43,34,34,0,2,9,8,0,1,2
34,8,42,43,34,34,0,2,10,8,0,1,2
34,8,42,43,34,34,0,2,11,8,0,1,2
34,8,42,43,34,34,0,2,12,8,0,1,2
34,8,42,43,34,34,0,2,13,8,0,1,2
34,8,42,43,34,34,0,2,14,8,0,1,2
34,8,42,43,34,34,0,2,15,8,0,1,2
34,8,42,43,34,34,0,2,16,8,0,1,2
34,8,42,43,34,34,0,2,17,8,0,1,2
34,8,42,43,34,34,0,2,18,8,0,1,2
34,8,42,43,34,34,0,2,19,8,0,1,2
34,8,42,43,34,34,0,2,20,8,0,1,2
34,8,42,43,34,34,0,2,21,8,0,1,2
34,8,42,43,34,34,0,2,22,8,0,1,2
34,8,42,43,34,34,0,2,23,8,0,1,2
34,8,42,43,34,34,0,2,24,8,0,1,2
34,8,42,43,34,34,0,2,25,8,0,1,2
34,8,42,43,34,34,0,2,26,7,1,2,2
34,8,42,43,34,34,0,2,27,6,1,2,2
34,8,42,43,34,34,0,2,28,5,1,2,2
34,8,42,43,34,34,0,2,29,4,1,2,2
34,8,42,43,34,34,0,2,30,8,0,1,2
34,8,42,43,34,34,0,2,31,8,0,1,2
34,8,42,43,34,34,0,2,32,8,0,1,2
34,9,43,44,34,9,0,2,1,7,1,2,1
34,9,43,44,34,9,0,2,2,6,1,2,2
34,9,43,44,34,9,0,2,3,5,1,2,1
34,9,43,44,34,9,0,2,4,4,0,2,2
34,9,43,44,34,9,0,2,5,5,0,2,2
34,9,43,44,34,9,0,2,6,6,0,2,2
34,9,43,44,34,9,0,2,7,7,0,2,2
34,9,43,44,34,34,0,2,1,9,0,1,1
34,9,43,44,34,34,0,2,2,9,0,1,1
34,9,43,44,34,34,0,2,3,9,0,1,1
34,9,43,44,34,34,0,2,4,4,0,2,2
34,9,43,44,34,34,0,2,5,5,0,2,2
34,9,43,44,34,34,0,2,6,6,0,2,2
34,9,43,44,34,34,0,2,7,7,0,2,2
34,9,43,44,34,34,0,2,8,8,0,2,2
34,9,43,44,34,34,0,2,9,9,0,1,2
34,9,43,44,34,34,0,2,10,9,0,1,2
34,9,43,44,34,34,0,2,11,9,0,1,2
34,9,43,44,34,34,0,2,12,9,0,1,2
34,9,43,44,34,34,0,2,13,9,0,1,2
34,9,43,44,34,34,0,2,14,9,0,1,2
34,9,43,44,34,34,0,2,15,9,0,1,2
34,9,43,44,34,34,0,2,16,9,0,1,2
34,9,43,44,34,34,0,2,17,9,0,1,2
34,9,43,44,34,34,0,2,18,9,0,1,2
34,9,43,44,34,34,0,2,19,9,0,1,2
34,9,43,44,34,34,0,2,20,9,0,1,2
34,9,43,44,34,34,0,2,21,9,0,1,2
34,9,43,44,34,34,0,2,22,9,0,1,2
34,9,43,44,34,34,0,2,23,9,0,1,2
34,9,43,44,34,34,0,2,24,9,0,1,2
34,9,43,44,34,34,0,2,25,8,1,2,1
34,9,43,44,34,34,0,2,26,7,1,2,2
34,9,43,44,34,34,0,2,27,6,1,2,2
34,9,43,44,34,34,0,2,28,5,1,2,1
34,9,43,44,34,34,0,2,29,4,1,2,1
34,9,43,44,34,34,0,2,30,9,0,1,2
34,9,43,44,34,34,0,2,31,9,0,1,2
34,9,43,44,34,34,0,2,32,9,0,1,2
34,10,44,45,34,10,0,2,1,8,1,2,1
34,10,44,45,34,10,0,2,2,7,1,2,2
34,10,44,45,34,10,0,2,3,6,1,2,1
34,10,44,45,34,10,0,2,4,4,0,2,2
34,10,44,45,34,10,0,2,5,4,1,2,2
34,10,44,45,34,10,0,2,6,3,1,2,1
34,10,44,45,34,10,0,2,7,7,0,2,2
34,10,44,45,34,10,0,2,8,8,0,2,2
34,10,44,45,34,34,0,2,1,10,0,1,1
34,10,44,45,34,34,0,2,2,10,0,1,2
34,10,44,45,34,34,0,2,3,10,0,1,1
34,10,44,45,34,34,0,2,4,4,0,2,2
34,10,44,45,34,34,0,2,5,5,0,2,2
34,10,44,45,34,34,0,2,6,6,0,2,2
34,10,44,45,34,34,0,2,7,7,0,2,2
34,10,44,45,34,34,0,2,8,8,0,2,2
34,10,44,45,34,34,0,2,9,9,0,2,2
34,10,44,45,34,34,0,2,10,10,0,1,2
34,10,44,45,34,34,0,2,11,10,0,1,2
34,10,44,45,34,34,0,2,12,10,0,1,2
34,10,44,45,34,34,0,2,13,10,0,1,2
34,10,44,45,34,34,0,2,14,10,0,1,2
34,10,44,45,34,34,0,2,15,10,0,1,2
34,10,44,45,34,34,0,2,16,10,0,1,2
34,10,44,45,34,34,0,2,17,10,0,1,2
34,10,44,45,34,34,0,2,18,10,0,1,2
34,10,44,45,34,34,0,2,19,10,0,1,2
34,10,44,45,34,34,0,2,20,10,0,1,2
34,10,44,45,34,34,0,2,21,10,0,1,2
34,10,44,45,34,34,0,2,22,10,0,1,2
34,10,44,45,34,34,0,2,23,10,0,1,2
34,10,44,45,34,34,0,2,24,9,1,2,2
34,10,44,45,34,34,0,2,25,8,1,2,2
34,10,44,45,34,34,0,2,26,7,1,2,2
34,10,44,45,34,34,0,2,27,6,1,2,2
34,10,44,45,34,34,0,2,28,5,1,2,2
34,10,44,45,34,34,0,2,29,4,1,2,2
34,10,44,45,34,34,0,2,30,10,0,1,2
34,10,44,45,34,34,0,2,31,10,0,1,2
34,10,44,45,34,34,0,2,32,10,0,1,2
35,2,37,38,35,35,0,2,1,33,1,2,0
35,2,37,38,35,35,0,2,2,32,1,2,1
35,2,37,38,35,35,0,2,3,31,1,2,1
35,2,37,38,35,35,0,2,4,4,0,2,2
35,2,37,38,35,35,0,2,5,5,0,2,2
35,2,37,38,35,35,0,2,6,6,0,2,2
35,2,37,38,35,35,0,2,7,7,0,2,2
35,2,37,38,35,35,0,2,8,8,0,2,2
35,2,37,38,35,35,0,2,9,9,0,2,2
35,2,37,38,35,35,0,2,10,10,0,2,2
35,2,37,38,35,35,0,2,11,11,0,2,2
35,2,37,38,35,35,0,2,12,12,0,2,2
35,2,37,38,35,35,0,2,13,13,0,2,2
35,2,37,38,35,35,0,2,14,14,0,2,2
35,2,37,38,35,35,0,2,15,15,0,2,2
35,2,37,38,35,35,0,2,16,16,0,2,2
35,2,37,38,35,35,0,2,17,17,0,2,3
35,2,37,38,35,35,0,2,18,16,1,2,2
35,2,37,38,35,35,0,2,19,15,1,2,1
35,2,37,38,35,35,0,2,20,14,1,2,2
35,2,37,38,35,35,0,2,21,13,1,2,1
35,2,37,38,35,35,0,2,22,12,1,2,1
35,2,37,38,35,35,0,2,23,11,1,2,2
35,2,37,38,35,35,0,2,24,10,1,2,1
35,2,37,38,35,35,0,2,25,9,1,2,1
35,2,37,38,35,35,0,2,26,8,1,2,2
35,2,37,38,35,35,0,2,27,7,1,2,1
35,2,37,38,35,35,0,2,28,6,1,2,1
35,2,37,38,35,35,0,2,29,5,1,2,2
35,2,37,38,35,35,0,2,30,4,1,2,1
35,2,37,38,35,35,0,2,31,3,1,2,1
35,2,37,38,35,35,0,2,32,32,0,2,2
35,2,37,38,35,35,0,2,33,33,0,2,2
35,3,38,39,35,3,0,2,1,35,0,1,2
35,3,38,39,35,35,0,2,1,33,1,2,1
35,3,38,39,35,35,0,2,2,32,1,2,2
35,3,38,39,35,35,0,2,3,31,1,2,2
35,3,38,39,35,35,0,2,4,4,0,2,2
35,3,38,39,35,35,0,2,5,5,0,2,2
35,3,38,39,35,35,0,2,6,6,0,2,2
35,3,38,39,35,35,0,2,7,7,0,2,2
35,3,38,39,35,35,0,2,8,8,0,2,2
35,3,38,39,35,35,0,2,9,9,0,2,2
35,3,38,39,35,35,0,2,10,10,0,2,2
35,3,38,39,35,35,0,2,11,11,0,2,2
35,3,38,39,35,35,0,2,12,12,0,2,2
35,3,38,39,35,35,0,2,13,13,0,2,2
35,3,38,39,35,35,0,2,14,14,0,2,2
35,3,38,39,35,35,0,2,15,15,0,2,2
35,3,38,39,35,35,0,2,16,16,0,2,2
35,3,38,39,35,35,0,2,17,17,0,2,2
35,3,38,39,35,35,0,2,18,16,1,2,2
35,3,38,39,35,35,0,2,19,15,1,2,2
35,3,38,39,35,35,0,2,20,14,1,2,2
35,3,38,39,35,35,0,2,21,13,1,2,2
35,3,38,39,35,35,0,2,22,12,1,2,2
35,3,38,39,35,35,0,2,23,11,1,2,2
35,3,38,39,35,35,0,2,24,10,1,2,2
35,3,38,39,35,35,0,2,25,9,1,2,2
35,3,38,39,35,35,0,2,26,8,1,2,2
35,3,38,39,35,35,0,2,27,7,1,2,2
35,3,38,39,35,35,0,2,28,6,1,2,2
35,3,38,39,35,35,0,2,29,5,1,2,2
35,3,38,39,35,35,0,2,30,4,1,2,2
35,3,38,39,35,35,0,2,31,31,0,2,2
35,3,38,39,35,35,0,2,32,32,0,2,2
35,3,38,39,35,35,0,2,33,33,0,2,2
35,4,39,40,35,4,0,2,1,35,0,1,1
35,4,39,40,35,4,0,2,2,35,0,1,2
35,4,39,40,35,35,0,2,1,4,0,1,1
35,4,39,40,35,35,0,2,2,4,0,1,1
35,4,39,40,35,35,0,2,3,4,0,1,1
35,4,39,40,35,35,0,2,4,4,0,1,1
35,4,39,40,35,35,0,2,5,5,0,2,2
35,4,39,40,35,35,0,2,6,4,0,1,1
35,4,39,40,35,35,0,2,7,4,0,1,1
35,4,39,40,35,35,0,2,8,8,0,2,2
35,4,39,40,35,35,0,2,9,4,0,1,1
35,4,39,40,35,35,0,2,10,10,0,2,2
35,4,39,40,35,35,0,2,11,11,0,2,2
35,4,39,40,35,35,0,2,12,4,0,1,1
35,4,39,40,35,35,0,2,13,13,0,2,2
35,4,39,40,35,35,0,2,14,4,0,1,1
35,4,39,40,35,35,0,2,15,4,0,1,1
35,4,39,40,35,35,0,2,16,16,0,2,2
35,4,39,40,35,35,0,2,17,4,0,1,1
35,4,39,40,35,35,0,2,18,4,0,1,1
35,4,39,40,35,35,0,2,19,15,1,2,2
35,4,39,40,35,35,0,2,20,4,0,1,1
35,4,39,40,35,35,0,2,21,13,1,2,2
35,4,39,40,35,35,0,2,22,4,0,1,1
35,4,39,40,35,35,0,2,23,11,1,2,2
35,4,39,40,35,35,0,2,24,10,1,2,2
35,4,39,40,35,35,0,2,25,4,0,1,1
35,4,39,40,35,35,0,2,26,8,1,2,2
35,4,39,40,35,35,0,2,27,4,0,1,1
35,4,39,40,35,35,0,2,28,4,0,1,1
35,4,39,40,35,35,0,2,29,5,1,2,2
35,4,39,40,35,35,0,2,30,4,0,1,1
35,4,39,40,35,35,0,2,31,4,0,1,1
35,4,39,40,35,35,0,2,32,32,0,2,2
35,4,39,40,35,35,0,2,33,4,0,1,1
35,5,40,41,35,5,0,2,1,3,1,2,0
35,5,40,41,35,5,0,2,2,35,0,1,2
35,5,40,41,35,5,0,2,3,35,0,1,1
35,5,40,41,35,35,0,2,1,5,0,1,2
35,5,40,41,35,35,0,2,2,5,0,1,2
35,5,40,41,35,35,0,2,3,5,0,1,2
35,5,40,41,35,35,0,2,4,4,0,2,2
35,5,40,41,35,35,0,2,5,5,0,1,2
35,5,40,41,35,35,0,2,6,5,0,1,2
35,5,40,41,35,35,0,2,7,5,0,1,2
35,5,40,41,35,35,0,2,8,5,0,1,2
35,5,40,41,35,35,0,2,9,5,0,1,2
35,5,40,41,35,35,0,2,10,5,0,1,2
35,5,40,41,35,35,0,2,11,5,0,1,2
35,5,40,41,35,35,0,2,12,5,0,1,2
35,5,40,41,35,35,0,2,13,5,0,1,2
35,5,40,41,35,35,0,2,14,5,0,1,2
35,5,40,41,35,35,0,2,15,5,0,1,2
35,5,40,41,35,35,0,2,16,5,0,1,2
35,5,40,41,35,35,0,2,17,5,0,1,2
35,5,40,41,35,35,0,2,18,5,0,1,2
35,5,40,41,35,35,0,2,19,5,0,1,2
35,5,40,41,35,35,0,2,20,5,0,1,2
35,5,40,41,35,35,0,2,21,5,0,1,2
35,5,40,41,35,35,0,2,22,5,0,1,2
35,5,40,41,35,35,0,2,23,5,0,1,2
35,5,40,41,35,35,0,2,24,5,0,1,2
35,5,40,41,35,35,0,2,25,5,0,1,2
35,5,40,41,35,35,0,2,26,5,0,1,2
35,5,40,41,35,35,0,2,27,5,0,1,2
35,5,40,41,35,35,0,2,28,5,0,1,2
35,5,40,41,35,35,0,2,29,5,0,1,2
35,5,40,41,35,35,0,2,30,4,1,2,2
35,5,40,41,35,35,0,2,31,5,0,1,2
35,5,40,41,35,35,0,2,32,5,0,1,2
35,5,40,41,35,35,0,2,33,5,0,1,2
35,6,41,42,35,6,0,2,1,4,1,2,1
35,6,41,42,35,6,0,2,2,35,0,1,1
35,6,41,42,35,6,0,2,3,3,0,2,1
35,6,41,42,35,6,0,2,4,4,0,2,1
35,6,41,42,35,35,0,2,1,6,0,1,1
35,6,41,42,35,35,0,2,2,6,0,1,2
35,6,41,42,35,35,0,2,3,6,0,1,1
35,6,41,42,35,35,0,2,4,4,0,2,2
35,6,41,42,35,35,0,2,5,5,0,2,2
35,6,41,42,35,35,0,2,6,6,0,1,2
35,6,41,42,35,35,0,2,7,6,0,1,2
35,6,41,42,35,35,0,2,8,6,0,1,2
35,6,41,42,35,35,0,2,9,6,0,1,2
35,6,41,42,35,35,0,2,10,6,0,1,2
35,6,41,42,35,35,0,2,11,6,0,1,2
35,6,41,42,35,35,0,2,12,6,0,1,2
35,6,41,42,35,35,0,2,13,6,0,1,2
35,6,41,42,35,35,0,2,14,6,0,1,2
35,6,41,42,35,35,0,2,15,6,0,1,2
35,6,41,42,35,35,0,2,16,6,0,1,2
35,6,41,42,35,35,0,2,17,6,0,1,2
35,6,41,42,35,35,0,2,18,6,0,1,2
35,6,41,42,35,35,0,2,19,6,0,1,2
35,6,41,42,35,35,0,2,20,6,0,1,2
35,6,41,42,35,35,0,2,21,6,0,1,2
35,6,41,42,35,35,0,2,22,6,0,1,2
35,6,41,42,35,35,0,2,23,6,0,1,2
35,6,41,42,35,35,0,2,24,6,0,1,2
35,6,41,42,35,35,0,2,25,6,0,1,2
35,6,41,42,35,35,0,2,26,6,0,1,2
35,6,41,42,35,35,0,2,27,6,0,1,2
35,6,41,42,35,35,0,2,28,6,0,1,2
35,6,41,42,35,35,0,2,29,5,1,2,2
35,6,41,42,35,35,0,2,30,4,1,2,2
35,6,41,42,35,35,0,2,31,6,0,1,2
35,6,41,42,35,35,0,2,32,6,0,1,2
35,6,41,42,35,35,0,2,33,6,0,1,2
35,7,42,43,35,7,0,2,1,5,1,2,1
35,7,42,43,35,7,0,2,2,4,1,2,1
35,7,42,43,35,7,0,2,3,3,1,2,1
35,7,42,43,35,7,0,2,4,4,0,2,2
35,7,42,43,35,7,0,2,5,5,0,2,2
35,7,42,43,35,35,0,2,1,7,0,1,1
35,7,42,43,35,35,0,2,2,7,0,1,4
35,7,42,43,35,35,0,2,3,7,0,1,1
35,7,42,43,35,35,0,2,4,4,0,2,2
35,7,42,43,35,35,0,2,5,5,0,2,2
35,7,42,43,35,35,0,2,6,6,0,2,2
35,7,42,43,35,35,0,2,7,7,0,1,1
35,7,42,43,35,35,0,2,8,7,0,1,2
35,7,42,43,35,35,0,2,9,7,0,1,2
35,7,42,43,35,35,0,2,10,7,0,1,2
35,7,42,43,35,35,0,2,11,7,0,1,2
35,7,42,43,35,35,0,2,12,7,0,1,2
35,7,42,43,35,35,0,2,13,7,0,1,2
35,7,42,43,35,35,0,2,14,7,0,1,2
35,7,42,43,35,35,0,2,15,7,0,1,4
35,7,42,43,35,35,0,2,16,7,0,1,2
35,7,42,43,35,35,0,2,17,7,0,1,2
35,7,42,43,35,35,0,2,18,7,0,1,2
35,7,42,43,35,35,0,2,19,7,0,1,2
35,7,42,43,35,35,0,2,20,7,0,1,2
35,7,42,43,35,35,0,2,21,7,0,1,2
35,7,42,43,35,35,0,2,22,7,0,1,2
35,7,42,43,35,35,0,2,23,7,0,1,2
35,7,42,43,35,35,0,2,24,7,0,1,1
35,7,42,43,35,35,0,2,25,7,0,1,2
35,7,42,43,35,35,0,2,26,7,0,1,2
35,7,42,43,35,35,0,2,27,7,0,1,2
35,7,42,43,35,35,0,2,28,6,1,2,2
35,7,42,43,35,35,0,2,29,5,1,2,2
35,7,42,43,35,35,0,2,30,4,1,2,2
35,7,42,43,35,35,0,2,31,7,0,1,2
35,7,42,43,35,35,0,2,32,7,0,1,2
35,7,42,43,35,35,0,2,33,7,0,1,2
35,8,43,44,35,8,0,2,1,6,1,2,1
35,8,43,44,35,8,0,2,2,5,1,2,2
35,8,43,44,35,8,0,2,3,4,1,2,1
35,8,43,44,35,8,0,2,4,3,1,2,1
35,8,43,44,35,8,0,2,5,5,0,2,2
35,8,43,44,35,8,0,2,6,6,0,2,2
35,8,43,44,35,35,0,2,1,8,0,1,1
35,8,43,44,35,35,0,2,2,8,0,1,2
35,8,43,44,35,35,0,2,3,8,0,1,2
35,8,43,44,35,35,0,2,4,4,0,2,2
35,8,43,44,35,35,0,2,5,5,0,2,2
35,8,43,44,35,35,0,2,6,6,0,2,2
35,8,43,44,35,35,0,2,7,7,0,2,2
35,8,43,44,35,35,0,2,8,8,0,1,2
35,8,43,44,35,35,0,2,9,8,0,1,2
35,8,43,44,35,35,0,2,10,8,0,1,2
35,8,43,44,35,35,0,2,11,8,0,1,2
35,8,43,44,35,35,0,2,12,8,0,1,2
35,8,43,44,35,35,0,2,13,8,0,1,2
35,8,43,44,35,35,0,2,14,8,0,1,2
35,8,43,44,35,35,0,2,15,8,0,1,2
35,8,43,44,35,35,0,2,16,8,0,1,2
35,8,43,44,35,35,0,2,17,8,0,1,2
35,8,43,44,35,35,0,2,18,8,0,1,2
35,8,43,44,35,35,0,2,19,8,0,1,2
35,8,43,44,35,35,0,2,20,8,0,1,2
35,8,43,44,35,35,0,2,21,8,0,1,2
35,8,43,44,35,35,0,2,22,8,0,1,2
35,8,43,44,35,35,0,2,23,8,0,1,2
35,8,43,44,35,35,0,2,24,8,0,1,2
35,8,43,44,35,35,0,2,25,8,0,1,2
35,8,43,44,35,35,0,2,26,8,0,1,2
35,8,43,44,35,35,0,2,27,7,1,2,1
35,8,43,44,35,35,0,2,28,6,1,2,1
35,8,43,44,35,35,0,2,29,5,1,2,1
35,8,43,44,35,35,0,2,30,4,1,2,1
35,8,43,44,35,35,0,2,31,3,1,2,1
35,8,43,44,35,35,0,2,32,8,0,1,2
35,8,43,44,35,35,0,2,33,8,0,1,2
35,9,44,45,35,9,0,2,1,7,1,2,0
35,9,44,45,35,9,0,2,2,6,1,2,2
35,9,44,45,35,9,0,2,3,5,1,2,1
35,9,44,45,35,9,0,2,4,4,0,2,2
35,9,44,45,35,9,0,2,5,5,0,2,2
35,9,44,45,35,9,0,2,6,6,0,2,2
35,9,44,45,35,9,0,2,7,7,0,2,2
35,9,44,45,35,35,0,2,1,9,0,1,1
35,9,44,45,35,35,0,2,2,9,0,1,3
35,9,44,45,35,35,0,2,3,9,0,1,1
35,9,44,45,35,35,0,2,4,4,0,2,2
35,9,44,45,35,35,0,2,5,5,0,2,2
35,9,44,45,35,35,0,2,6,6,0,2,2
35,9,44,45,35,35,0,2,7,7,0,2,2
35,9,44,45,35,35,0,2,8,8,0,2,2
35,9,44,45,35,35,0,2,9,9,0,1,2
35,9,44,45,35,35,0,2,10,9,0,1,2
35,9,44,45,35,35,0,2,11,9,0,1,2
35,9,44,45,35,35,0,2,12,9,0,1,2
35,9,44,45,35,35,0,2,13,9,0,1,2
35,9,44,45,35,35,0,2,14,9,0,1,2
35,9,44,45,35,35,0,2,15,9,0,1,2
35,9,44,45,35,35,0,2,16,9,0,1,2
35,9,44,45,35,35,0,2,17,9,0,1,2
35,9,44,45,35,35,0,2,18,9,0,1,2
35,9,44,45,35,35,0,2,19,9,0,1,2
35,9,44,45,35,35,0,2,20,9,0,1,2
35,9,44,45,35,35,0,2,21,9,0,1,2
35,9,44,45,35,35,0,2,22,9,0,1,2
35,9,44,45,35,35,0,2,23,9,0,1,2
35,9,44,45,35,35,0,2,24,9,0,1,2
35,9,44,45,35,35,0,2,25,9,0,1,2
35,9,44,45,35,35,0,2,26,8,1,2,2
35,9,44,45,35,35,0,2,27,7,1,2,2
35,9,44,45,35,35,0,2,28,6,1,2,2
35,9,44,45,35,35,0,2,29,5,1,2,2
35,9,44,45,35,35,0,2,30,4,1,2,2
35,9,44,45,35,35,0,2,31,9,0,1,2
35,9,44,45,35,35,0,2,32,9,0,1,2
35,9,44,45,35,35,0,2,33,9,0,1,2
36,2,38,39,36,36,0,2,1,34,1,2,1
36,2,38,39,36,36,0,2,2,33,1,2,2
36,2,38,39,36,36,0,2,3,3,0,2,1
36,2,38,39,36,36,0,2,4,4,0,2,1
36,2,38,39,36,36,0,2,5,5,0,2,1
36,2,38,39,36,36,0,2,6,6,0,2,1
36,2,38,39,36,36,0,2,7,7,0,2,1
36,2,38,39,36,36,0,2,8,8,0,2,1
36,2,38,39,36,36,0,2,9,9,0,2,1
36,2,38,39,36,36,0,2,10,10,0,2,1
36,2,38,39,36,36,0,2,11,11,0,2,1
36,2,38,39,36,36,0,2,12,12,0,2,1
36,2,38,39,36,36,0,2,13,13,0,2,1
36,2,38,39,36,36,0,2,14,14,0,2,1
36,2,38,39,36,36,0,2,15,15,0,2,1
36,2,38,39,36,36,0,2,16,16,0,2,1
36,2,38,39,36,36,0,2,17,17,0,2,2
36,2,38,39,36,36,0,2,18,17,1,2,2
36,2,38,39,36,36,0,2,19,16,1,2,1
36,2,38,39,36,36,0,2,20,15,1,2,2
36,2,38,39,36,36,0,2,21,14,1,2,2
36,2,38,39,36,36,0,2,22,13,1,2,2
36,2,38,39,36,36,0,2,23,12,1,2,2
36,2,38,39,36,36,0,2,24,11,1,2,2
36,2,38,39,36,36,0,2,25,10,1,2,2
36,2,38,39,36,36,0,2,26,9,1,2,1
36,2,38,39,36,36,0,2,27,8,1,2,2
36,2,38,39,36,36,0,2,28,7,1,2,2
36,2,38,39,36,36,0,2,29,6,1,2,1
36,2,38,39,36,36,0,2,30,5,1,2,2
36,2,38,39,36,36,0,2,31,4,1,2,2
36,2,38,39,36,36,0,2,32,3,1,2,1
36,2,38,39,36,36,0,2,33,33,0,2,1
36,2,38,39,36,36,0,2,34,34,0,2,1
36,3,39,40,36,3,0,2,1,36,0,1,1
36,3,39,40,36,36,0,2,1,3,0,1,1
36,3,39,40,36,36,0,2,2,33,1,2,2
36,3,39,40,36,36,0,2,3,32,1,2,1
36,3,39,40,36,36,0,2,4,4,0,2,2
36,3,39,40,36,36,0,2,5,5,0,2,2
36,3,39,40,36,36,0,2,6,6,0,2,2
36,3,39,40,36,36,0,2,7,7,0,2,2
36,3,39,40,36,36,0,2,8,8,0,2,2
36,3,39,40,36,36,0,2,9,9,0,2,2
36,3,39,40,36,36,0,2,10,10,0,2,2
36,3,39,40,36,36,0,2,11,11,0,2,2
36,3,39,40,36,36,0,2,12,12,0,2,2
36,3,39,40,36,36,0,2,13,13,0,2,2
36,3,39,40,36,36,0,2,14,14,0,2,2
36,3,39,40,36,36,0,2,15,15,0,2,2
36,3,39,40,36,36,0,2,16,16,0,2,2
36,3,39,40,36,36,0,2,17,17,0,2,2
36,3,39,40,36,36,0,2,18,17,1,2,2
36,3,39,40,36,36,0,2,19,16,1,2,2
36,3,39,40,36,36,0,2,20,15,1,2,2
36,3,39,40,36,36,0,2,21,14,1,2,2
36,3,39,40,36,36,0,2,22,13,1,2,2
36,3,39,40,36,36,0,2,23,12,1,2,2
36,3,39,40,36,36,0,2,24,11,1,2,2
36,3,39,40,36,36,0,2,25,10,1,2,2
36,3,39,40,36,36,0,2,26,9,1,2,2
36,3,39,40,36,36,0,2,27,8,1,2,2
36,3,39,40,36,36,0,2,28,7,1,2,2
36,3,39,40,36,36,0,2,29,6,1,2,2
36,3,39,40,36,36,0,2,30,5,1,2,2
36,3,39,40,36,36,0,2,31,4,1,2,2
36,3,39,40,36,36,0,2,32,32,0,2,2
36,3,39,40,36,36,0,2,33,33,0,2,2
36,3,39,40,36,36,0,2,34,34,0,2,2
36,4,40,41,36,4,0,2,1,36,0,1,1
36,4,40,41,36,4,0,2,2,36,0,1,3
36,4,40,41,36,36,0,2,1,4,0,1,1
36,4,40,41,36,36,0,2,2,33,1,2,2
36,4,40,41,36,36,0,2,3,4,0,1,1
36,4,40,41,36,36,0,2,4,4,0,1,1
36,4,40,41,36,36,0,2,5,5,0,2,2
36,4,40,41,36,36,0,2,6,4,0,1,1
36,4,40,41,36,36,0,2,7,4,0,1,1
36,4,40,41,36,36,0,2,8,8,0,2,2
36,4,40,41,36,36,0,2,9,4,0,1,1
36,4,40,41,36,36,0,2,10,10,0,2,2
36,4,40,41,36,36,0,2,11,11,0,2,2
36,4,40,41,36,36,0,2,12,12,0,2,2
36,4,40,41,36,36,0,2,13,13,0,2,2
36,4,40,41,36,36,0,2,14,14,0,2,2
36,4,40,41,36,36,0,2,15,15,0,2,2
36,4,40,41,36,36,0,2,16,16,0,2,2
36,4,40,41,36,36,0,2,17,17,0,2,2
36,4,40,41,36,36,0,2,18,4,0,1,1
36,4,40,41,36,36,0,2,19,16,1,2,2
36,4,40,41,36,36,0,2,20,4,0,1,1
36,4,40,41,36,36,0,2,21,14,1,2,2
36,4,40,41,36,36,0,2,22,4,0,1,1
36,4,40,41,36,36,0,2,23,12,1,2,2
36,4,40,41,36,36,0,2,24,11,1,2,2
36,4,40,41,36,36,0,2,25,10,1,2,2
36,4,40,41,36,36,0,2,26,9,1,2,2
36,4,40,41,36,36,0,2,27,8,1,2,2
36,4,40,41,36,36,0,2,28,7,1,2,2
36,4,40,41,36,36,0,2,29,6,1,2,2
36,4,40,41,36,36,0,2,30,5,1,2,2
36,4,40,41,36,36,0,2,31,4,1,2,2
36,4,40,41,36,36,0,2,32,32,0,2,2
36,4,40,41,36,36,0,2,33,33,0,2,2
36,4,40,41,36,36,0,2,34,4,0,1,1
36,5,41,42,36,5,0,2,1,3,1,2,1
36,5,41,42,36,5,0,2,2,36,0,1,1
36,5,41,42,36,5,0,2,3,36,0,1,1
36,5,41,42,36,36,0,2,1,5,0,1,1
36,5,41,42,36,36,0,2,2,5,0,1,2
36,5,41,42,36,36,0,2,3,5,0,1,2
36,5,41,42,36,36,0,2,4,4,0,2,1
36,5,41,42,36,36,0,2,5,5,0,1,2
36,5,41,42,36,36,0,2,6,5,0,1,2
36,5,41,42,36,36,0,2,7,5,0,1,2
36,5,41,42,36,36,0,2,8,5,0,1,2
36,5,41,42,36,36,0,2,9,5,0,1,2
36,5,41,42,36,36,0,2,10,5,0,1,2
36,5,41,42,36,36,0,2,11,5,0,1,2
36,5,41,42,36,36,0,2,12,5,0,1,2
36,5,41,42,36,36,0,2,13,5,0,1,2
36,5,41,42,36,36,0,2,14,5,0,1,2
36,5,41,42,36,36,0,2,15,5,0,1,2
36,5,41,42,36,36,0,2,16,5,0,1,2
36,5,41,42,36,36,0,2,17,5,0,1,2
36,5,41,42,36,36,0,2,18,5,0,1,2
36,5,41,42,36,36,0,2,19,5,0,1,2
36,5,41,42,36,36,0,2,20,5,0,1,2
36,5,41,42,36,36,0,2,21,5,0,1,2
36,5,41,42,36,36,0,2,22,5,0,1,2
36,5,41,42,36,36,0,2,23,5,0,1,2
36,5,41,42,36,36,0,2,24,5,0,1,2
36,5,41,42,36,36,0,2,25,5,0,1,2
36,5,41,42,36,36,0,2,26,5,0,1,2
36,5,41,42,36,36,0,2,27,5,0,1,2
36,5,41,42,36,36,0,2,28,5,0,1,2
36,5,41,42,36,36,0,2,29,5,0,1,2
36,5,41,42,36,36,0,2,30,5,0,1,2
36,5,41,42,36,36,0,2,31,4,1,2,1
36,5,41,42,36,36,0,2,32,3,1,2,1
36,5,41,42,36,36,0,2,33,5,0,1,2
36,5,41,42,36,36,0,2,34,5,0,1,2
36,6,42,43,36,6,0,2,1,4,1,2,1
36,6,42,43,36,6,0,2,2,36,0,1,2
36,6,42,43,36,6,0,2,3,36,0,1,1
36,6,42,43,36,6,0,2,4,4,0,2,2
36,6,42,43,36,36,0,2,1,6,0,1,2
36,6,42,43,36,36,0,2,2,6,0,1,3
36,6,42,43,36,36,0,2,3,6,0,1,2
36,6,42,43,36,36,0,2,4,4,0,2,2
36,6,42,43,36,36,0,2,5,5,0,2,2
36,6,42,43,36,36,0,2,6,6,0,1,2
36,6,42,43,36,36,0,2,7,6,0,1,3
36,6,42,43,36,36,0,2,8,6,0,1,3
36,6,42,43,36,36,0,2,9,6,0,1,3
36,6,42,43,36,36,0,2,10,6,0,1,3
36,6,42,43,36,36,0,2,11,6,0,1,3
36,6,42,43,36,36,0,2,12,6,0,1,3
36,6,42,43,36,36,0,2,13,6,0,1,3
36,6,42,43,36,36,0,2,14,6,0,1,3
36,6,42,43,36,36,0,2,15,6,0,1,3
36,6,42,43,36,36,0,2,16,6,0,1,3
36,6,42,43,36,36,0,2,17,6,0,1,2
36,6,42,43,36,36,0,2,18,6,0,1,3
36,6,42,43,36,36,0,2,19,6,0,1,3
36,6,42,43,36,36,0,2,20,6,0,1,3
36,6,42,43,36,36,0,2,21,6,0,1,2
36,6,42,43,36,36,0,2,22,6,0,1,3
36,6,42,43,36,36,0,2,23,6,0,1,3
36,6,42,43,36,36,0,2,24,6,0,1,3
36,6,42,43,36,36,0,2,25,6,0,1,3
36,6,42,43,36,36,0,2,26,6,0,1,2
36,6,42,43,36,36,0,2,27,6,0,1,3
36,6,42,43,36,36,0,2,28,6,0,1,3
36,6,42,43,36,36,0,2,29,6,0,1,2
36,6,42,43,36,36,0,2,30,5,1,2,2
36,6,42,43,36,36,0,2,31,4,1,2,2
36,6,42,43,36,36,0,2,32,6,0,1,2
36,6,42,43,36,36,0,2,33,6,0,1,3
36,6,42,43,36,36,0,2,34,6,0,1,3
36,7,43,44,36,7,0,2,1,5,1,2,1
36,7,43,44,36,7,0,2,2,4,1,2,2
36,7,43,44,36,7,0,2,3,3,1,2,1
36,7,43,44,36,7,0,2,4,4,0,2,2
36,7,43,44,36,7,0,2,5,5,0,2,2
36,7,43,44,36,36,0,2,1,7,0,1,1
36,7,43,44,36,36,0,2,2,7,0,1,1
36,7,43,44,36,36,0,2,3,7,0,1,1
36,7,43,44,36,36,0,2,4,4,0,2,2
36,7,43,44,36,36,0,2,5,5,0,2,2
36,7,43,44,36,36,0,2,6,6,0,2,2
36,7,43,44,36,36,0,2,7,7,0,1,2
36,7,43,44,36,36,0,2,8,7,0,1,1
36,7,43,44,36,36,0,2,9,7,0,1,2
36,7,43,44,36,36,0,2,10,7,0,1,2
36,7,43,44,36,36,0,2,11,7,0,1,1
36,7,43,44,36,36,0,2,12,7,0,1,2
36,7,43,44,36,36,0,2,13,7,0,1,2
36,7,43,44,36,36,0,2,14,7,0,1,1
36,7,43,44,36,36,0,2,15,7,0,1,2
36,7,43,44,36,36,0,2,16,7,0,1,2
36,7,43,44,36,36,0,2,17,7,0,1,1
36,7,43,44,36,36,0,2,18,7,0,1,2
36,7,43,44,36,36,0,2,19,7,0,1,1
36,7,43,44,36,36,0,2,20,7,0,1,2
36,7,43,44,36,36,0,2,21,7,0,1,2
36,7,43,44,36,36,0,2,22,7,0,1,1
36,7,43,44,36,36,0,2,23,7,0,1,2
36,7,43,44,36,36,0,2,24,7,0,1,2
36,7,43,44,36,36,0,2,25,7,0,1,1
36,7,43,44,36,36,0,2,26,7,0,1,2
36,7,43,44,36,36,0,2,27,7,0,1,1
36,7,43,44,36,36,0,2,28,7,0,1,2
36,7,43,44,36,36,0,2,29,6,1,2,2
36,7,43,44,36,36,0,2,30,5,1,2,2
36,7,43,44,36,36,0,2,31,4,1,2,2
36,7,43,44,36,36,0,2,32,7,0,1,2
36,7,43,44,36,36,0,2,33,7,0,1,2
36,7,43,44,36,36,0,2,34,7,0,1,1
36,8,44,45,36,8,0,2,1,6,1,2,1
36,8,44,45,36,8,0,2,2,5,1,2,2
36,8,44,45,36,8,0,2,3,4,1,2,1
36,8,44,45,36,8,0,2,4,3,1,2,1
36,8,44,45,36,8,0,2,5,5,0,2,2
36,8,44,45,36,8,0,2,6,6,0,2,2
36,8,44,45,36,36,0,2,1,8,0,1,1
36,8,44,45,36,36,0,2,2,8,0,1,2
36,8,44,45,36,36,0,2,3,8,0,1,2
36,8,44,45,36,36,0,2,4,4,0,2,2
36,8,44,45,36,36,0,2,5,5,0,2,2
36,8,44,45,36,36,0,2,6,6,0,2,2
36,8,44,45,36,36,0,2,7,7,0,2,2
36,8,44,45,36,36,0,2,8,8,0,1,2
36,8,44,45,36,36,0,2,9,8,0,1,2
36,8,44,45,36,36,0,2,10,8,0,1,2
36,8,44,45,36,36,0,2,11,8,0,1,2
36,8,44,45,36,36,0,2,12,8,0,1,2
36,8,44,45,36,36,0,2,13,8,0,1,2
36,8,44,45,36,36,0,2,14,8,0,1,2
36,8,44,45,36,36,0,2,15,8,0,1,2
36,8,44,45,36,36,0,2,16,8,0,1,2
36,8,44,45,36,36,0,2,17,8,0,1,2
36,8,44,45,36,36,0,2,18,8,0,1,2
36,8,44,45,36,36,0,2,19,8,0,1,2
36,8,44,45,36,36,0,2,20,8,0,1,2
36,8,44,45,36,36,0,2,21,8,0,1,2
36,8,44,45,36,36,0,2,22,8,0,1,2
36,8,44,45,36,36,0,2,23,8,0,1,2
36,8,44,45,36,36,0,2,24,8,0,1,2
36,8,44,45,36,36,0,2,25,8,0,1,2
36,8,44,45,36,36,0,2,26,8,0,1,2
36,8,44,45,36,36,0,2,27,8,0,1,2
36,8,44,45,36,36,0,2,28,7,1,2,2
36,8,44,45,36,36,0,2,29,6,1,2,2
36,8,44,45,36,36,0,2,30,5,1,2,2
36,8,44,45,36,36,0,2,31,4,1,2,2
36,8,44,45,36,36,0,2,32,8,0,1,2
36,8,44,45,36,36,0,2,33,8,0,1,2
36,8,44,45,36,36,0,2,34,8,0,1,2
37,2,39,40,37,37,0,2,1,35,1,2,0
37,2,39,40,37,37,0,2,2,34,1,2,1
37,2,39,40,37,37,0,2,3,33,1,2,1
37,2,39,40,37,37,0,2,4,4,0,2,2
37,2,39,40,37,37,0,2,5,5,0,2,2
37,2,39,40,37,37,0,2,6,6,0,2,2
37,2,39,40,37,37,0,2,7,7,0,2,2
37,2,39,40,37,37,0,2,8,8,0,2,2
37,2,39,40,37,37,0,2,9,9,0,2,2
37,2,39,40,37,37,0,2,10,10,0,2,2
37,2,39,40,37,37,0,2,11,11,0,2,2
37,2,39,40,37,37,0,2,12,12,0,2,2
37,2,39,40,37,37,0,2,13,13,0,2,2
37,2,39,40,37,37,0,2,14,14,0,2,2
37,2,39,40,37,37,0,2,15,15,0,2,2
37,2,39,40,37,37,0,2,16,16,0,2,2
37,2,39,40,37,37,0,2,17,17,0,2,2
37,2,39,40,37,37,0,2,18,18,0,2,3
37,2,39,40,37,37,0,2,19,17,1,2,2
37,2,39,40,37,37,0,2,20,16,1,2,1
37,2,39,40,37,37,0,2,21,15,1,2,2
37,2,39,40,37,37,0,2,22,14,1,2,1
37,2,39,40,37,37,0,2,23,13,1,2,2
37,2,39,40,37,37,0,2,24,12,1,2,2
37,2,39,40,37,37,0,2,25,11,1,2,1
37,2,39,40,37,37,0,2,26,10,1,2,2
37,2,39,40,37,37,0,2,27,9,1,2,1
37,2,39,40,37,37,0,2,28,8,1,2,1
37,2,39,40,37,37,0,2,29,7,1,2,2
37,2,39,40,37,37,0,2,30,6,1,2,1
37,2,39,40,37,37,0,2,31,5,1,2,1
37,2,39,40,37,37,0,2,32,4,1,2,2
37,2,39,40,37,37,0,2,33,3,1,2,1
37,2,39,40,37,37,0,2,34,34,0,2,2
37,2,39,40,37,37,0,2,35,35,0,2,2
37,3,40,41,37,3,0,2,1,37,0,1,2
37,3,40,41,37,37,0,2,1,35,1,2,1
37,3,40,41,37,37,0,2,2,34,1,2,2
37,3,40,41,37,37,0,2,3,33,1,2,2
37,3,40,41,37,37,0,2,4,4,0,2,2
37,3,40,41,37,37,0,2,5,5,0,2,2
37,3,40,41,37,37,0,2,6,6,0,2,2
37,3,40,41,37,37,0,2,7,7,0,2,2
37,3,40,41,37,37,0,2,8,8,0,2,2
37,3,40,41,37,37,0,2,9,9,0,2,2
37,3,40,41,37,37,0,2,10,10,0,2,2
37,3,40,41,37,37,0,2,11,11,0,2,2
37,3,40,41,37,37,0,2,12,12,0,2,2
37,3,40,41,37,37,0,2,13,13,0,2,2
37,3,40,41,37,37,0,2,14,14,0,2,2
37,3,40,41,37,37,0,2,15,15,0,2,2
37,3,40,41,37,37,0,2,16,16,0,2,2
37,3,40,41,37,37,0,2,17,17,0,2,2
37,3,40,41,37,37,0,2,18,18,0,2,2
37,3,40,41,37,37,0,2,19,17,1,2,2
37,3,40,41,37,37,0,2,20,16,1,2,2
37,3,40,41,37,37,0,2,21,15,1,2,2
37,3,40,41,37,37,0,2,22,14,1,2,2
37,3,40,41,37,37,0,2,23,13,1,2,2
37,3,40,41,37,37,0,2,24,12,1,2,2
37,3,40,41,37,37,0,2,25,11,1,2,2
37,3,40,41,37,37,0,2,26,10,1,2,2
37,3,40,41,37,37,0,2,27,9,1,2,2
37,3,40,41,37,37,0,2,28,8,1,2,2
37,3,40,41,37,37,0,2,29,7,1,2,2
37,3,40,41,37,37,0,2,30,6,1,2,2
37,3,40,41,37,37,0,2,31,5,1,2,2
37,3,40,41,37,37,0,2,32,4,1,2,2
37,3,40,41,37,37,0,2,33,33,0,2,2
37,3,40,41,37,37,0,2,34,34,0,2,2
37,3,40,41,37,37,0,2,35,35,0,2,2
37,4,41,42,37,4,0,2,1,37,0,1,1
37,4,41,42,37,4,0,2,2,37,0,1,2
37,4,41,42,37,37,0,2,1,4,0,1,1
37,4,41,42,37,37,0,2,2,4,0,1,1
37,4,41,42,37,37,0,2,3,4,0,1,1
37,4,41,42,37,37,0,2,4,4,0,1,1
37,4,41,42,37,37,0,2,5,4,0,1,1
37,4,41,42,37,37,0,2,6,4,0,1,1
37,4,41,42,37,37,0,2,7,4,0,1,1
37,4,41,42,37,37,0,2,8,4,0,1,1
37,4,41,42,37,37,0,2,9,4,0,1,1
37,4,41,42,37,37,0,2,10,4,0,1,1
37,4,41,42,37,37,0,2,11,4,0,1,1
37,4,41,42,37,37,0,2,12,4,0,1,1
37,4,41,42,37,37,0,2,13,4,0,1,1
37,4,41,42,37,37,0,2,14,4,0,1,1
37,4,41,42,37,37,0,2,15,4,0,1,1
37,4,41,42,37,37,0,2,16,4,0,1,1
37,4,41,42,37,37,0,2,17,17,0,2,2
37,4,41,42,37,37,0,2,18,4,0,1,1
37,4,41,42,37,37,0,2,19,4,0,1,1
37,4,41,42,37,37,0,2,20,16,1,2,2
37,4,41,42,37,37,0,2,21,4,0,1,1
37,4,41,42,37,37,0,2,22,4,0,1,1
37,4,41,42,37,37,0,2,23,4,0,1,1
37,4,41,42,37,37,0,2,24,4,0,1,1
37,4,41,42,37,37,0,2,25,4,0,1,1
37,4,41,42,37,37,0,2,26,4,0,1,1
37,4,41,42,37,37,0,2,27,4,0,1,1
37,4,41,42,37,37,0,2,28,4,0,1,1
37,4,41,42,37,37,0,2,29,4,0,1,1
37,4,41,42,37,37,0,2,30,4,0,1,1
37,4,41,42,37,37,0,2,31,4,0,1,1
37,4,41,42,37,37,0,2,32,4,0,1,1
37,4,41,42,37,37,0,2,33,4,0,1,1
37,4,41,42,37,37,0,2,34,4,0,1,1
37,4,41,42,37,37,0,2,35,4,0,1,1
37,5,42,43,37,5,0,2,1,3,1,2,1
37,5,42,43,37,5,0,2,2,37,0,1,2
37,5,42,43,37,5,0,2,3,37,0,1,1
37,5,42,43,37,37,0,2,1,5,0,1,2
37,5,42,43,37,37,0,2,2,5,0,1,2
37,5,42,43,37,37,0,2,3,5,0,1,2
37,5,42,43,37,37,0,2,4,4,0,2,2
37,5,42,43,37,37,0,2,5,5,0,1,2
37,5,42,43,37,37,0,2,6,5,0,1,2
37,5,42,43,37,37,0,2,7,5,0,1,2
37,5,42,43,37,37,0,2,8,5,0,1,2
37,5,42,43,37,37,0,2,9,5,0,1,2
37,5,42,43,37,37,0,2,10,5,0,1,2
37,5,42,43,37,37,0,2,11,5,0,1,2
37,5,42,43,37,37,0,2,12,5,0,1,2
37,5,42,43,37,37,0,2,13,5,0,1,2
37,5,42,43,37,37,0,2,14,5,0,1,2
37,5,42,43,37,37,0,2,15,5,0,1,2
37,5,42,43,37,37,0,2,16,5,0,1,2
37,5,42,43,37,37,0,2,17,5,0,1,2
37,5,42,43,37,37,0,2,18,5,0,1,2
37,5,42,43,37,37,0,2,19,5,0,1,2
37,5,42,43,37,37,0,2,20,5,0,1,2
37,5,42,43,37,37,0,2,21,5,0,1,2
37,5,42,43,37,37,0,2,22,5,0,1,2
37,5,42,43,37,37,0,2,23,5,0,1,2
37,5,42,43,37,37,0,2,24,5,0,1,2
37,5,42,43,37,37,0,2,25,5,0,1,2
37,5,42,43,37,37,0,2,26,5,0,1,2
37,5,42,43,37,37,0,2,27,5,0,1,2
37,5,42,43,37,37,0,2,28,5,0,1,2
37,5,42,43,37,37,0,2,29,5,0,1,2
37,5,42,43,37,37,0,2,30,5,0,1,2
37,5,42,43,37,37,0,2,31,5,0,1,2
37,5,42,43,37,37,0,2,32,4,1,2,2
37,5,42,43,37,37,0,2,33,5,0,1,2
37,5,42,43,37,37,0,2,34,5,0,1,2
37,5,42,43,37,37,0,2,35,5,0,1,2
37,6,43,44,37,6,0,2,1,4,1,2,1
37,6,43,44,37,6,0,2,2,37,0,1,1
37,6,43,44,37,6,0,2,3,37,0,1,2
37,6,43,44,37,6,0,2,4,4,0,2,2
37,6,43,44,37,37,0,2,1,6,0,1,1
37,6,43,44,37,37,0,2,2,6,0,1,2
37,6,43,44,37,37,0,2,3,6,0,1,1
37,6,43,44,37,37,0,2,4,4,0,2,2
37,6,43,44,37,37,0,2,5,5,0,2,2
37,6,43,44,37,37,0,2,6,6,0,1,2
37,6,43,44,37,37,0,2,7,6,0,1,2
37,6,43,44,37,37,0,2,8,6,0,1,3
37,6,43,44,37,37,0,2,9,6,0,1,2
37,6,43,44,37,37,0,2,10,6,0,1,3
37,6,43,44,37,37,0,2,11,6,0,1,3
37,6,43,44,37,37,0,2,12,6,0,1,2
37,6,43,44,37,37,0,2,13,6,0,1,3
37,6,43,44,37,37,0,2,14,6,0,1,2
37,6,43,44,37,37,0,2,15,6,0,1,2
37,6,43,44,37,37,0,2,16,6,0,1,2
37,6,43,44,37,37,0,2,17,6,0,1,2
37,6,43,44,37,37,0,2,18,6,0,1,3
37,6,43,44,37,37,0,2,19,6,0,1,2
37,6,43,44,37,37,0,2,20,6,0,1,2
37,6,43,44,37,37,0,2,21,6,0,1,3
37,6,43,44,37,37,0,2,22,6,0,1,2
37,6,43,44,37,37,0,2,23,6,0,1,3
37,6,43,44,37,37,0,2,24,6,0,1,3
37,6,43,44,37,37,0,2,25,6,0,1,2
37,6,43,44,37,37,0,2,26,6,0,1,3
37,6,43,44,37,37,0,2,27,6,0,1,2
37,6,43,44,37,37,0,2,28,6,0,1,2
37,6,43,44,37,37,0,2,29,6,0,1,3
37,6,43,44,37,37,0,2,30,6,0,1,2
37,6,43,44,37,37,0,2,31,5,1,2,2
37,6,43,44,37,37,0,2,32,4,1,2,2
37,6,43,44,37,37,0,2,33,6,0,1,2
37,6,43,44,37,37,0,2,34,6,0,1,3
37,6,43,44,37,37,0,2,35,6,0,1,3
37,7,44,45,37,7,0,2,1,5,1,2,1
37,7,44,45,37,7,0,2,2,4,1,2,2
37,7,44,45,37,7,0,2,3,3,1,2,1
37,7,44,45,37,7,0,2,4,4,0,2,2
37,7,44,45,37,7,0,2,5,5,0,2,2
37,7,44,45,37,37,0,2,1,7,0,1,1
37,7,44,45,37,37,0,2,2,7,0,1,4
37,7,44,45,37,37,0,2,3,7,0,1,1
37,7,44,45,37,37,0,2,4,4,0,2,2
37,7,44,45,37,37,0,2,5,5,0,2,2
37,7,44,45,37,37,0,2,6,6,0,2,2
37,7,44,45,37,37,0,2,7,7,0,1,2
37,7,44,45,37,37,0,2,8,7,0,1,2
37,7,44,45,37,37,0,2,9,7,0,1,2
37,7,44,45,37,37,0,2,10,7,0,1,2
37,7,44,45,37,37,0,2,11,7,0,1,2
37,7,44,45,37,37,0,2,12,7,0,1,2
37,7,44,45,37,37,0,2,13,7,0,1,2
37,7,44,45,37,37,0,2,14,7,0,1,2
37,7,44,45,37,37,0,2,15,7,0,1,4
37,7,44,45,37,37,0,2,16,7,0,1,2
37,7,44,45,37,37,0,2,17,7,0,1,2
37,7,44,45,37,37,0,2,18,7,0,1,4
37,7,44,45,37,37,0,2,19,7,0,1,2
37,7,44,45,37,37,0,2,20,7,0,1,2
37,7,44,45,37,37,0,2,21,7,0,1,2
37,7,44,45,37,37,0,2,22,7,0,1,2
37,7,44,45,37,37,0,2,23,7,0,1,2
37,7,44,45,37,37,0,2,24,7,0,1,2
37,7,44,45,37,37,0,2,25,7,0,1,2
37,7,44,45,37,37,0,2,26,7,0,1,2
37,7,44,45,37,37,0,2,27,7,0,1,2
37,7,44,45,37,37,0,2,28,7,0,1,4
37,7,44,45,37,37,0,2,29,7,0,1,1
37,7,44,45,37,37,0,2,30,6,1,2,2
37,7,44,45,37,37,0,2,31,5,1,2,2
37,7,44,45,37,37,0,2,32,4,1,2,2
37,7,44,45,37,37,0,2,33,7,0,1,2
37,7,44,45,37,37,0,2,34,7,0,1,2
37,7,44,45,37,37,0,2,35,7,0,1,1
38,2,40,41,38,38,0,2,1,36,1,2,1
38,2,40,41,38,38,0,2,2,35,1,2,2
38,2,40,41,38,38,0,2,3,3,0,2,1
38,2,40,41,38,38,0,2,4,4,0,2,1
38,2,40,41,38,38,0,2,5,5,0,2,1
38,2,40,41,38,38,0,2,6,6,0,2,1
38,2,40,41,38,38,0,2,7,7,0,2,1
38,2,40,41,38,38,0,2,8,8,0,2,1
38,2,40,41,38,38,0,2,9,9,0,2,1
38,2,40,41,38,38,0,2,10,10,0,2,1
38,2,40,41,38,38,0,2,11,11,0,2,1
38,2,40,41,38,38,0,2,12,12,0,2,1
38,2,40,41,38,38,0,2,13,13,0,2,1
38,2,40,41,38,38,0,2,14,14,0,2,1
38,2,40,41,38,38,0,2,15,15,0,2,1
38,2,40,41,38,38,0,2,16,16,0,2,1
38,2,40,41,38,38,0,2,17,17,0,2,1
38,2,40,41,38,38,0,2,18,18,0,2,2
38,2,40,41,38,38,0,2,19,18,1,2,2
38,2,40,41,38,38,0,2,20,17,1,2,1
38,2,40,41,38,38,0,2,21,16,1,2,2
38,2,40,41,38,38,0,2,22,15,1,2,1
38,2,40,41,38,38,0,2,23,14,1,2,2
38,2,40,41,38,38,0,2,24,13,1,2,2
38,2,40,41,38,38,0,2,25,12,1,2,2
38,2,40,41,38,38,0,2,26,11,1,2,2
38,2,40,41,38,38,0,2,27,10,1,2,2
38,2,40,41,38,38,0,2,28,9,1,2,2
38,2,40,41,38,38,0,2,29,8,1,2,2
38,2,40,41,38,38,0,2,30,7,1,2,2
38,2,40,41,38,38,0,2,31,6,1,2,2
38,2,40,41,38,38,0,2,32,5,1,2,2
38,2,40,41,38,38,0,2,33,4,1,2,2
38,2,40,41,38,38,0,2,34,3,1,2,1
38,2,40,41,38,38,0,2,35,35,0,2,1
38,2,40,41,38,38,0,2,36,36,0,2,1
38,3,41,42,38,3,0,2,1,38,0,1,1
38,3,41,42,38,38,0,2,1,3,0,1,1
38,3,41,42,38,38,0,2,2,35,1,2,2
38,3,41,42,38,38,0,2,3,34,1,2,1
38,3,41,42,38,38,0,2,4,4,0,2,2
38,3,41,42,38,38,0,2,5,5,0,2,2
38,3,41,42,38,38,0,2,6,6,0,2,2
38,3,41,42,38,38,0,2,7,7,0,2,2
38,3,41,42,38,38,0,2,8,8,0,2,2
38,3,41,42,38,38,0,2,9,9,0,2,2
38,3,41,42,38,38,0,2,10,10,0,2,2
38,3,41,42,38,38,0,2,11,11,0,2,2
38,3,41,42,38,38,0,2,12,12,0,2,2
38,3,41,42,38,38,0,2,13,13,0,2,2
38,3,41,42,38,38,0,2,14,14,0,2,2
38,3,41,42,38,38,0,2,15,15,0,2,2
38,3,41,42,38,38,0,2,16,16,0,2,2
38,3,41,42,38,38,0,2,17,17,0,2,2
38,3,41,42,38,38,0,2,18,18,0,2,2
38,3,41,42,38,38,0,2,19,18,1,2,2
38,3,41,42,38,38,0,2,20,17,1,2,2
38,3,41,42,38,38,0,2,21,16,1,2,2
38,3,41,42,38,38,0,2,22,15,1,2,2
38,3,41,42,38,38,0,2,23,14,1,2,2
38,3,41,42,38,38,0,2,24,13,1,2,2
38,3,41,42,38,38,0,2,25,12,1,2,2
38,3,41,42,38,38,0,2,26,11,1,2,2
38,3,41,42,38,38,0,2,27,10,1,2,2
38,3,41,42,38,38,0,2,28,9,1,2,2
38,3,41,42,38,38,0,2,29,8,1,2,2
38,3,41,42,38,38,0,2,30,7,1,2,2
38,3,41,42,38,38,0,2,31,6,1,2,2
38,3,41,42,38,38,0,2,32,5,1,2,2
38,3,41,42,38,38,0,2,33,4,1,2,2
38,3,41,42,38,38,0,2,34,34,0,2,2
38,3,41,42,38,38,0,2,35,35,0,2,2
38,3,41,42,38,38,0,2,36,36,0,2,2
38,4,42,43,38,4,0,2,1,38,0,1,1
38,4,42,43,38,4,0,2,2,38,0,1,3
38,4,42,43,38,38,0,2,1,4,0,1,1
38,4,42,43,38,38,0,2,2,35,1,2,2
38,4,42,43,38,38,0,2,3,4,0,1,1
38,4,42,43,38,38,0,2,4,4,0,1,1
38,4,42,43,38,38,0,2,5,5,0,2,2
38,4,42,43,38,38,0,2,6,4,0,1,1
38,4,42,43,38,38,0,2,7,4,0,1,1
38,4,42,43,38,38,0,2,8,8,0,2,2
38,4,42,43,38,38,0,2,9,9,0,2,2
38,4,42,43,38,38,0,2,10,10,0,2,2
38,4,42,43,38,38,0,2,11,11,0,2,2
38,4,42,43,38,38,0,2,12,12,0,2,2
38,4,42,43,38,38,0,2,13,13,0,2,2
38,4,42,43,38,38,0,2,14,14,0,2,2
38,4,42,43,38,38,0,2,15,15,0,2,2
38,4,42,43,38,38,0,2,16,16,0,2,2
38,4,42,43,38,38,0,2,17,17,0,2,2
38,4,42,43,38,38,0,2,18,18,0,2,2
38,4,42,43,38,38,0,2,19,4,0,1,1
38,4,42,43,38,38,0,2,20,17,1,2,2
38,4,42,43,38,38,0,2,21,4,0,1,1
38,4,42,43,38,38,0,2,22,15,1,2,2
38,4,42,43,38,38,0,2,23,14,1,2,2
38,4,42,43,38,38,0,2,24,4,0,1,1
38,4,42,43,38,38,0,2,25,12,1,2,2
38,4,42,43,38,38,0,2,26,11,1,2,2
38,4,42,43,38,38,0,2,27,10,1,2,2
38,4,42,43,38,38,0,2,28,9,1,2,2
38,4,42,43,38,38,0,2,29,8,1,2,2
38,4,42,43,38,38,0,2,30,7,1,2,2
38,4,42,43,38,38,0,2,31,6,1,2,2
38,4,42,43,38,38,0,2,32,5,1,2,2
38,4,42,43,38,38,0,2,33,4,1,2,2
38,4,42,43,38,38,0,2,34,34,0,2,2
38,4,42,43,38,38,0,2,35,35,0,2,2
38,4,42,43,38,38,0,2,36,4,0,1,1
38,5,43,44,38,5,0,2,1,3,1,2,1
38,5,43,44,38,5,0,2,2,38,0,1,1
38,5,43,44,38,5,0,2,3,38,0,1,1
38,5,43,44,38,38,0,2,1,5,0,1,1
38,5,43,44,38,38,0,2,2,5,0,1,2
38,5,43,44,38,38,0,2,3,5,0,1,2
38,5,43,44,38,38,0,2,4,4,0,2,1
38,5,43,44,38,38,0,2,5,5,0,1,2
38,5,43,44,38,38,0,2,6,5,0,1,2
38,5,43,44,38,38,0,2,7,5,0,1,2
38,5,43,44,38,38,0,2,8,5,0,1,2
38,5,43,44,38,38,0,2,9,5,0,1,2
38,5,43,44,38,38,0,2,10,5,0,1,2
38,5,43,44,38,38,0,2,11,5,0,1,2
38,5,43,44,38,38,0,2,12,5,0,1,2
38,5,43,44,38,38,0,2,13,5,0,1,2
38,5,43,44,38,38,0,2,14,5,0,1,2
38,5,43,44,38,38,0,2,15,5,0,1,2
38,5,43,44,38,38,0,2,16,5,0,1,2
38,5,43,44,38,38,0,2,17,5,0,1,2
38,5,43,44,38,38,0,2,18,5,0,1,2
38,5,43,44,38,38,0,2,19,5,0,1,2
38,5,43,44,38,38,0,2,20,5,0,1,2
38,5,43,44,38,38,0,2,21,5,0,1,2
38,5,43,44,38,38,0,2,22,5,0,1,2
38,5,43,44,38,38,0,2,23,5,0,1,2
38,5,43,44,38,38,0,2,24,5,0,1,2
38,5,43,44,38,38,0,2,25,5,0,1,2
38,5,43,44,38,38,0,2,26,5,0,1,2
38,5,43,44,38,38,0,2,27,5,0,1,2
38,5,43,44,38,38,0,2,28,5,0,1,2
38,5,43,44,38,38,0,2,29,5,0,1,2
38,5,43,44,38,38,0,2,30,5,0,1,2
38,5,43,44,38,38,0,2,31,5,0,1,2
38,5,43,44,38,38,0,2,32,5,0,1,2
38,5,43,44,38,38,0,2,33,4,1,2,1
38,5,43,44,38,38,0,2,34,3,1,2,1
38,5,43,44,38,38,0,2,35,5,0,1,2
38,5,43,44,38,38,0,2,36,5,0,1,2
38,6,44,45,38,6,0,2,1,4,1,2,0
38,6,44,45,38,6,0,2,2,38,0,1,2
38,6,44,45,38,6,0,2,3,38,0,1,1
38,6,44,45,38,6,0,2,4,4,0,2,2
38,6,44,45,38,38,0,2,1,6,0,1,2
38,6,44,45,38,38,0,2,2,6,0,1,3
38,6,44,45,38,38,0,2,3,6,0,1,1
38,6,44,45,38,38,0,2,4,4,0,2,2
38,6,44,45,38,38,0,2,5,5,0,2,2
38,6,44,45,38,38,0,2,6,6,0,1,1
38,6,44,45,38,38,0,2,7,6,0,1,2
38,6,44,45,38,38,0,2,8,6,0,1,3
38,6,44,45,38,38,0,2,9,6,0,1,2
38,6,44,45,38,38,0,2,10,6,0,1,3
38,6,44,45,38,38,0,2,11,6,0,1,3
38,6,44,45,38,38,0,2,12,6,0,1,2
38,6,44,45,38,38,0,2,13,6,0,1,3
38,6,44,45,38,38,0,2,14,6,0,1,3
38,6,44,45,38,38,0,2,15,6,0,1,3
38,6,44,45,38,38,0,2,16,6,0,1,3
38,6,44,45,38,38,0,2,17,6,0,1,3
38,6,44,45,38,38,0,2,18,6,0,1,2
38,6,44,45,38,38,0,2,19,6,0,1,3
38,6,44,45,38,38,0,2,20,6,0,1,3
38,6,44,45,38,38,0,2,21,6,0,1,3
38,6,44,45,38,38,0,2,22,6,0,1,2
38,6,44,45,38,38,0,2,23,6,0,1,3
38,6,44,45,38,38,0,2,24,6,0,1,3
38,6,44,45,38,38,0,2,25,6,0,1,3
38,6,44,45,38,38,0,2,26,6,0,1,3
38,6,44,45,38,38,0,2,27,6,0,1,3
38,6,44,45,38,38,0,2,28,6,0,1,3
38,6,44,45,38,38,0,2,29,6,0,1,3
38,6,44,45,38,38,0,2,30,6,0,1,3
38,6,44,45,38,38,0,2,31,6,0,1,3
38,6,44,45,38,38,0,2,32,5,1,2,2
38,6,44,45,38,38,0,2,33,4,1,2,2
38,6,44,45,38,38,0,2,34,6,0,1,2
38,6,44,45,38,38,0,2,35,6,0,1,3
38,6,44,45,38,38,0,2,36,6,0,1,3
39,2,41,42,39,39,0,2,1,37,1,2,0
39,2,41,42,39,39,0,2,2,36,1,2,1
39,2,41,42,39,39,0,2,3,35,1,2,1
39,2,41,42,39,39,0,2,4,4,0,2,2
39,2,41,42,39,39,0,2,5,5,0,2,2
39,2,41,42,39,39,0,2,6,6,0,2,2
39,2,41,42,39,39,0,2,7,7,0,2,2
39,2,41,42,39,39,0,2,8,8,0,2,2
39,2,41,42,39,39,0,2,9,9,0,2,2
39,2,41,42,39,39,0,2,10,10,0,2,2
39,2,41,42,39,39,0,2,11,11,0,2,2
39,2,41,42,39,39,0,2,12,12,0,2,2
39,2,41,42,39,39,0,2,13,13,0,2,2
39,2,41,42,39,39,0,2,14,14,0,2,2
39,2,41,42,39,39,0,2,15,15,0,2,2
39,2,41,42,39,39,0,2,16,16,0,2,2
39,2,41,42,39,39,0,2,17,17,0,2,2
39,2,41,42,39,39,0,2,18,18,0,2,2
39,2,41,42,39,39,0,2,19,19,0,2,3
39,2,41,42,39,39,0,2,20,18,1,2,2
39,2,41,42,39,39,0,2,21,17,1,2,1
39,2,41,42,39,39,0,2,22,16,1,2,1
39,2,41,42,39,39,0,2,23,15,1,2,1
39,2,41,42,39,39,0,2,24,14,1,2,1
39,2,41,42,39,39,0,2,25,13,1,2,1
39,2,41,42,39,39,0,2,26,12,1,2,1
39,2,41,42,39,39,0,2,27,11,1,2,1
39,2,41,42,39,39,0,2,28,10,1,2,1
39,2,41,42,39,39,0,2,29,9,1,2,1
39,2,41,42,39,39,0,2,30,8,1,2,1
39,2,41,42,39,39,0,2,31,7,1,2,1
39,2,41,42,39,39,0,2,32,6,1,2,1
39,2,41,42,39,39,0,2,33,5,1,2,1
39,2,41,42,39,39,0,2,34,4,1,2,1
39,2,41,42,39,39,0,2,35,3,1,2,1
39,2,41,42,39,39,0,2,36,36,0,2,2
39,2,41,42,39,39,0,2,37,37,0,2,2
39,3,42,43,39,3,0,2,1,39,0,1,2
39,3,42,43,39,39,0,2,1,37,1,2,1
39,3,42,43,39,39,0,2,2,36,1,2,2
39,3,42,43,39,39,0,2,3,35,1,2,2
39,3,42,43,39,39,0,2,4,4,0,2,2
39,3,42,43,39,39,0,2,5,5,0,2,2
39,3,42,43,39,39,0,2,6,6,0,2,2
39,3,42,43,39,39,0,2,7,7,0,2,2
39,3,42,43,39,39,0,2,8,8,0,2,2
39,3,42,43,39,39,0,2,9,9,0,2,2
39,3,42,43,39,39,0,2,10,10,0,2,2
39,3,42,43,39,39,0,2,11,11,0,2,2
39,3,42,43,39,39,0,2,12,12,0,2,2
39,3,42,43,39,39,0,2,13,13,0,2,2
39,3,42,43,39,39,0,2,14,14,0,2,2
39,3,42,43,39,39,0,2,15,15,0,2,2
39,3,42,43,39,39,0,2,16,16,0,2,2
39,3,42,43,39,39,0,2,17,17,0,2,2
39,3,42,43,39,39,0,2,18,18,0,2,2
39,3,42,43,39,39,0,2,19,19,0,2,2
39,3,42,43,39,39,0,2,20,18,1,2,2
39,3,42,43,39,39,0,2,21,17,1,2,2
39,3,42,43,39,39,0,2,22,16,1,2,2
39,3,42,43,39,39,0,2,23,15,1,2,2
39,3,42,43,39,39,0,2,24,14,1,2,2
39,3,42,43,39,39,0,2,25,13,1,2,2
39,3,42,43,39,39,0,2,26,12,1,2,2
39,3,42,43,39,39,0,2,27,11,1,2,2
39,3,42,43,39,39,0,2,28,10,1,2,2
39,3,42,43,39,39,0,2,29,9,1,2,2
39,3,42,43,39,39,0,2,30,8,1,2,2
39,3,42,43,39,39,0,2,31,7,1,2,2
39,3,42,43,39,39,0,2,32,6,1,2,2
39,3,42,43,39,39,0,2,33,5,1,2,2
39,3,42,43,39,39,0,2,34,4,1,2,2
39,3,42,43,39,39,0,2,35,35,0,2,2
39,3,42,43,39,39,0,2,36,36,0,2,2
39,3,42,43,39,39,0,2,37,37,0,2,2
39,4,43,44,39,4,0,2,1,39,0,1,1
39,4,43,44,39,4,0,2,2,39,0,1,2
39,4,43,44,39,39,0,2,1,4,0,1,1
39,4,43,44,39,39,0,2,2,4,0,1,1
39,4,43,44,39,39,0,2,3,4,0,1,1
39,4,43,44,39,39,0,2,4,4,0,1,1
39,4,43,44,39,39,0,2,5,4,0,1,1
39,4,43,44,39,39,0,2,6,4,0,1,1
39,4,43,44,39,39,0,2,7,4,0,1,1
39,4,43,44,39,39,0,2,8,4,0,1,1
39,4,43,44,39,39,0,2,9,9,0,2,2
39,4,43,44,39,39,0,2,10,10,0,2,2
39,4,43,44,39,39,0,2,11,4,0,1,1
39,4,43,44,39,39,0,2,12,12,0,2,2
39,4,43,44,39,39,0,2,13,13,0,2,2
39,4,43,44,39,39,0,2,14,4,0,1,1
39,4,43,44,39,39,0,2,15,15,0,2,2
39,4,43,44,39,39,0,2,16,16,0,2,2
39,4,43,44,39,39,0,2,17,4,0,1,1
39,4,43,44,39,39,0,2,18,18,0,2,2
39,4,43,44,39,39,0,2,19,4,0,1,1
39,4,43,44,39,39,0,2,20,4,0,1,1
39,4,43,44,39,39,0,2,21,17,1,2,2
39,4,43,44,39,39,0,2,22,4,0,1,1
39,4,43,44,39,39,0,2,23,15,1,2,2
39,4,43,44,39,39,0,2,24,4,0,1,1
39,4,43,44,39,39,0,2,25,4,0,1,1
39,4,43,44,39,39,0,2,26,12,1,2,2
39,4,43,44,39,39,0,2,27,4,0,1,1
39,4,43,44,39,39,0,2,28,4,0,1,1
39,4,43,44,39,39,0,2,29,9,1,2,2
39,4,43,44,39,39,0,2,30,4,0,1,1
39,4,43,44,39,39,0,2,31,4,0,1,1
39,4,43,44,39,39,0,2,32,6,1,2,2
39,4,43,44,39,39,0,2,33,4,0,1,1
39,4,43,44,39,39,0,2,34,4,0,1,1
39,4,43,44,39,39,0,2,35,35,0,2,2
39,4,43,44,39,39,0,2,36,4,0,1,1
39,4,43,44,39,39,0,2,37,4,0,1,1
39,5,44,45,39,5,0,2,1,3,1,2,1
39,5,44,45,39,5,0,2,2,39,0,1,2
39,5,44,45,39,5,0,2,3,39,0,1,1
39,5,44,45,39,39,0,2,1,5,0,1,2
39,5,44,45,39,39,0,2,2,5,0,1,2
39,5,44,45,39,39,0,2,3,5,0,1,2
39,5,44,45,39,39,0,2,4,4,0,2,2
39,5,44,45,39,39,0,2,5,5,0,1,2
39,5,44,45,39,39,0,2,6,5,0,1,2
39,5,44,45,39,39,0,2,7,5,0,1,2
39,5,44,45,39,39,0,2,8,5,0,1,2
39,5,44,45,39,39,0,2,9,5,0,1,2
39,5,44,45,39,39,0,2,10,5,0,1,2
39,5,44,45,39,39,0,2,11,5,0,1,2
39,5,44,45,39,39,0,2,12,5,0,1,2
39,5,44,45,39,39,0,2,13,5,0,1,2
39,5,44,45,39,39,0,2,14,5,0,1,2
39,5,44,45,39,39,0,2,15,5,0,1,2
39,5,44,45,39,39,0,2,16,5,0,1,2
39,5,44,45,39,39,0,2,17,5,0,1,2
39,5,44,45,39,39,0,2,18,5,0,1,2
39,5,44,45,39,39,0,2,19,5,0,1,2
39,5,44,45,39,39,0,2,20,5,0,1,2
39,5,44,45,39,39,0,2,21,5,0,1,2
39,5,44,45,39,39,0,2,22,5,0,1,2
39,5,44,45,39,39,0,2,23,5,0,1,2
39,5,44,45,39,39,0,2,24,5,0,1,2
39,5,44,45,39,39,0,2,25,5,0,1,2
39,5,44,45,39,39,0,2,26,5,0,1,2
39,5,44,45,39,39,0,2,27,5,0,1,2
39,5,44,45,39,39,0,2,28,5,0,1,2
39,5,44,45,39,39,0,2,29,5,0,1,2
39,5,44,45,39,39,0,2,30,5,0,1,2
39,5,44,45,39,39,0,2,31,5,0,1,2
39,5,44,45,39,39,0,2,32,5,0,1,2
39,5,44,45,39,39,0,2,33,5,0,1,2
39,5,44,45,39,39,0,2,34,4,1,2,2
39,5,44,45,39,39,0,2,35,5,0,1,2
39,5,44,45,39,39,0,2,36,5,0,1,2
39,5,44,45,39,39,0,2,37,5,0,1,2
40,2,42,43,40,40,0,2,1,38,1,2,1
40,2,42,43,40,40,0,2,2,37,1,2,2
40,2,42,43,40,40,0,2,3,3,0,2,1
40,2,42,43,40,40,0,2,4,4,0,2,1
40,2,42,43,40,40,0,2,5,5,0,2,1
40,2,42,43,40,40,0,2,6,6,0,2,1
40,2,42,43,40,40,0,2,7,7,0,2,1
40,2,42,43,40,40,0,2,8,8,0,2,1
40,2,42,43,40,40,0,2,9,9,0,2,1
40,2,42,43,40,40,0,2,10,10,0,2,1
40,2,42,43,40,40,0,2,11,11,0,2,1
40,2,42,43,40,40,0,2,12,12,0,2,1
40,2,42,43,40,40,0,2,13,13,0,2,1
40,2,42,43,40,40,0,2,14,14,0,2,1
40,2,42,43,40,40,0,2,15,15,0,2,1
40,2,42,43,40,40,0,2,16,16,0,2,1
40,2,42,43,40,40,0,2,17,17,0,2,1
40,2,42,43,40,40,0,2,18,18,0,2,1
40,2,42,43,40,40,0,2,19,19,0,2,2
40,2,42,43,40,40,0,2,20,19,1,2,2
40,2,42,43,40,40,0,2,21,18,1,2,1
40,2,42,43,40,40,0,2,22,17,1,2,2
40,2,42,43,40,40,0,2,23,16,1,2,2
40,2,42,43,40,40,0,2,24,15,1,2,1
40,2,42,43,40,40,0,2,25,14,1,2,2
40,2,42,43,40,40,0,2,26,13,1,2,2
40,2,42,43,40,40,0,2,27,12,1,2,2
40,2,42,43,40,40,0,2,28,11,1,2,2
40,2,42,43,40,40,0,2,29,10,1,2,2
40,2,42,43,40,40,0,2,30,9,1,2,2
40,2,42,43,40,40,0,2,31,8,1,2,2
40,2,42,43,40,40,0,2,32,7,1,2,2
40,2,42,43,40,40,0,2,33,6,1,2,2
40,2,42,43,40,40,0,2,34,5,1,2,2
40,2,42,43,40,40,0,2,35,4,1,2,2
40,2,42,43,40,40,0,2,36,3,1,2,1
40,2,42,43,40,40,0,2,37,37,0,2,1
40,2,42,43,40,40,0,2,38,38,0,2,1
40,3,43,44,40,3,0,2,1,40,0,1,1
40,3,43,44,40,40,0,2,1,3,0,1,1
40,3,43,44,40,40,0,2,2,37,1,2,2
40,3,43,44,40,40,0,2,3,36,1,2,1
40,3,43,44,40,40,0,2,4,4,0,2,2
40,3,43,44,40,40,0,2,5,5,0,2,2
40,3,43,44,40,40,0,2,6,6,0,2,2
40,3,43,44,40,40,0,2,7,7,0,2,2
40,3,43,44,40,40,0,2,8,8,0,2,2
40,3,43,44,40,40,0,2,9,9,0,2,2
40,3,43,44,40,40,0,2,10,10,0,2,2
40,3,43,44,40,40,0,2,11,11,0,2,2
40,3,43,44,40,40,0,2,12,12,0,2,2
40,3,43,44,40,40,0,2,13,13,0,2,2
40,3,43,44,40,40,0,2,14,14,0,2,2
40,3,43,44,40,40,0,2,15,15,0,2,2
40,3,43,44,40,40,0,2,16,16,0,2,2
40,3,43,44,40,40,0,2,17,17,0,2,2
40,3,43,44,40,40,0,2,18,18,0,2,2
40,3,43,44,40,40,0,2,19,19,0,2,2
40,3,43,44,40,40,0,2,20,19,1,2,2
40,3,43,44,40,40,0,2,21,18,1,2,2
40,3,43,44,40,40,0,2,22,17,1,2,2
40,3,43,44,40,40,0,2,23,16,1,2,2
40,3,43,44,40,40,0,2,24,15,1,2,2
40,3,43,44,40,40,0,2,25,14,1,2,2
40,3,43,44,40,40,0,2,26,13,1,2,2
40,3,43,44,40,40,0,2,27,12,1,2,2
40,3,43,44,40,40,0,2,28,11,1,2,2
40,3,43,44,40,40,0,2,29,10,1,2,2
40,3,43,44,40,40,0,2,30,9,1,2,2
40,3,43,44,40,40,0,2,31,8,1,2,2
40,3,43,44,40,40,0,2,32,7,1,2,2
40,3,43,44,40,40,0,2,33,6,1,2,2
40,3,43,44,40,40,0,2,34,5,1,2,2
40,3,43,44,40,40,0,2,35,4,1,2,2
40,3,43,44,40,40,0,2,36,36,0,2,2
40,3,43,44,40,40,0,2,37,37,0,2,2
40,3,43,44,40,40,0,2,38,38,0,2,2
40,4,44,45,40,4,0,2,1,40,0,1,1
40,4,44,45,40,4,0,2,2,40,0,1,3
40,4,44,45,40,40,0,2,1,4,0,1,1
40,4,44,45,40,40,0,2,2,37,1,2,2
40,4,44,45,40,40,0,2,3,4,0,1,1
40,4,44,45,40,40,0,2,4,4,0,1,1
40,4,44,45,40,40,0,2,5,5,0,2,2
40,4,44,45,40,40,0,2,6,4,0,1,1
40,4,44,45,40,40,0,2,7,4,0,1,1
40,4,44,45,40,40,0,2,8,8,0,2,2
40,4,44,45,40,40,0,2,9,4,0,1,1
40,4,44,45,40,40,0,2,10,10,0,2,2
40,4,44,45,40,40,0,2,11,11,0,2,2
40,4,44,45,40,40,0,2,12,12,0,2,2
40,4,44,45,40,40,0,2,13,13,0,2,2
40,4,44,45,40,40,0,2,14,14,0,2,2
40,4,44,45,40,40,0,2,15,15,0,2,2
40,4,44,45,40,40,0,2,16,16,0,2,2
40,4,44,45,40,40,0,2,17,17,0,2,2
40,4,44,45,40,40,0,2,18,18,0,2,2
40,4,44,45,40,40,0,2,19,19,0,2,2
40,4,44,45,40,40,0,2,20,4,0,1,1
40,4,44,45,40,40,0,2,21,18,1,2,2
40,4,44,45,40,40,0,2,22,4,0,1,1
40,4,44,45,40,40,0,2,23,16,1,2,2
40,4,44,45,40,40,0,2,24,15,1,2,2
40,4,44,45,40,40,0,2,25,14,1,2,2
40,4,44,45,40,40,0,2,26,13,1,2,2
40,4,44,45,40,40,0,2,27,12,1,2,2
40,4,44,45,40,40,0,2,28,11,1,2,2
40,4,44,45,40,40,0,2,29,4,0,1,1
40,4,44,45,40,40,0,2,30,9,1,2,2
40,4,44,45,40,40,0,2,31,8,1,2,2
40,4,44,45,40,40,0,2,32,4,0,1,1
40,4,44,45,40,40,0,2,33,6,1,2,2
40,4,44,45,40,40,0,2,34,5,1,2,2
40,4,44,45,40,40,0,2,35,4,0,1,1
40,4,44,45,40,40,0,2,36,36,0,2,2
40,4,44,45,40,40,0,2,37,37,0,2,2
40,4,44,45,40,40,0,2,38,4,0,1,1
41,2,43,44,41,41,0,2,1,39,1,2,0
41,2,43,44,41,41,0,2,2,38,1,2,1
41,2,43,44,41,41,0,2,3,37,1,2,1
41,2,43,44,41,41,0,2,4,4,0,2,2
41,2,43,44,41,41,0,2,5,5,0,2,2
41,2,43,44,41,41,0,2,6,6,0,2,2
41,2,43,44,41,41,0,2,7,7,0,2,2
41,2,43,44,41,41,0,2,8,8,0,2,2
41,2,43,44,41,41,0,2,9,9,0,2,2
41,2,43,44,41,41,0,2,10,10,0,2,2
41,2,43,44,41,41,0,2,11,11,0,2,2
41,2,43,44,41,41,0,2,12,12,0,2,2
41,2,43,44,41,41,0,2,13,13,0,2,2
41,2,43,44,41,41,0,2,14,14,0,2,2
41,2,43,44,41,41,0,2,15,15,0,2,2
41,2,43,44,41,41,0,2,16,16,0,2,2
41,2,43,44,41,41,0,2,17,17,0,2,2
41,2,43,44,41,41,0,2,18,18,0,2,2
41,2,43,44,41,41,0,2,19,19,0,2,2
41,2,43,44,41,41,0,2,20,20,0,2,3
41,2,43,44,41,41,0,2,21,19,1,2,2
41,2,43,44,41,41,0,2,22,18,1,2,1
41,2,43,44,41,41,0,2,23,17,1,2,2
41,2,43,44,41,41,0,2,24,16,1,2,1
41,2,43,44,41,41,0,2,25,15,1,2,1
41,2,43,44,41,41,0,2,26,14,1,2,2
41,2,43,44,41,41,0,2,27,13,1,2,1
41,2,43,44,41,41,0,2,28,12,1,2,1
41,2,43,44,41,41,0,2,29,11,1,2,2
41,2,43,44,41,41,0,2,30,10,1,2,1
41,2,43,44,41,41,0,2,31,9,1,2,1
41,2,43,44,41,41,0,2,32,8,1,2,2
41,2,43,44,41,41,0,2,33,7,1,2,1
41,2,43,44,41,41,0,2,34,6,1,2,1
41,2,43,44,41,41,0,2,35,5,1,2,2
41,2,43,44,41,41,0,2,36,4,1,2,1
41,2,43,44,41,41,0,2,37,3,1,2,1
41,2,43,44,41,41,0,2,38,38,0,2,2
41,2,43,44,41,41,0,2,39,39,0,2,2
41,3,44,45,41,3,0,2,1,41,0,1,2
41,3,44,45,41,41,0,2,1,39,1,2,1
41,3,44,45,41,41,0,2,2,38,1,2,2
41,3,44,45,41,41,0,2,3,37,1,2,2
41,3,44,45,41,41,0,2,4,4,0,2,2
41,3,44,45,41,41,0,2,5,5,0,2,2
41,3,44,45,41,41,0,2,6,6,0,2,2
41,3,44,45,41,41,0,2,7,7,0,2,2
41,3,44,45,41,41,0,2,8,8,0,2,2
41,3,44,45,41,41,0,2,9,9,0,2,2
41,3,44,45,41,41,0,2,10,10,0,2,2
41,3,44,45,41,41,0,2,11,11,0,2,2
41,3,44,45,41,41,0,2,12,12,0,2,2
41,3,44,45,41,41,0,2,13,13,0,2,2
41,3,44,45,41,41,0,2,14,14,0,2,2
41,3,44,45,41,41,0,2,15,15,0,2,2
41,3,44,45,41,41,0,2,16,16,0,2,2
41,3,44,45,41,41,0,2,17,17,0,2,2
41,3,44,45,41,41,0,2,18,18,0,2,2
41,3,44,45,41,41,0,2,19,19,0,2,2
41,3,44,45,41,41,0,2,20,20,0,2,2
41,3,44,45,41,41,0,2,21,19,1,2,2
41,3,44,45,41,41,0,2,22,18,1,2,2
41,3,44,45,41,41,0,2,23,17,1,2,2
41,3,44,45,41,41,0,2,24,16,1,2,2
41,3,44,45,41,41,0,2,25,15,1,2,2
41,3,44,45,41,41,0,2,26,14,1,2,2
41,3,44,45,41,41,0,2,27,13,1,2,2
41,3,44,45,41,41,0,2,28,12,1,2,2
41,3,44,45,41,41,0,2,29,11,1,2,2
41,3,44,45,41,41,0,2,30,10,1,2,2
41,3,44,45,41,41,0,2,31,9,1,2,2
41,3,44,45,41,41,0,2,32,8,1,2,2
41,3,44,45,41,41,0,2,33,7,1,2,2
41,3,44,45,41,41,0,2,34,6,1,2,2
41,3,44,45,41,41,0,2,35,5,1,2,2
41,3,44,45,41,41,0,2,36,4,1,2,2
41,3,44,45,41,41,0,2,37,37,0,2,2
41,3,44,45,41,41,0,2,38,38,0,2,2
41,3,44,45,41,41,0,2,39,39,0,2,2
42,2,44,45,42,42,0,2,1,40,1,2,1
42,2,44,45,42,42,0,2,2,39,1,2,2
42,2,44,45,42,42,0,2,3,3,0,2,1
42,2,44,45,42,42,0,2,4,4,0,2,1
42,2,44,45,42,42,0,2,5,5,0,2,1
42,2,44,45,42,42,0,2,6,6,0,2,1
42,2,44,45,42,42,0,2,7,7,0,2,1
42,2,44,45,42,42,0,2,8,8,0,2,1
42,2,44,45,42,42,0,2,9,9,0,2,1
42,2,44,45,42,42,0,2,10,10,0,2,1
42,2,44,45,42,42,0,2,11,11,0,2,1
42,2,44,45,42,42,0,2,12,12,0,2,1
42,2,44,45,42,42,0,2,13,13,0,2,1
42,2,44,45,42,42,0,2,14,14,0,2,1
42,2,44,45,42,42,0,2,15,15,0,2,1
42,2,44,45,42,42,0,2,16,16,0,2,1
42,2,44,45,42,42,0,2,17,17,0,2,1
42,2,44,45,42,42,0,2,18,18,0,2,1
42,2,44,45,42,42,0,2,19,19,0,2,1
42,2,44,45,42,42,0,2,20,20,0,2,2
42,2,44,45,42,42,0,2,21,20,1,2,2
42,2,44,45,42,42,0,2,22,19,1,2,1
42,2,44,45,42,42,0,2,23,18,1,2,2
42,2,44,45,42,42,0,2,24,17,1,2,2
42,2,44,45,42,42,0,2,25,16,1,2,2
42,2,44,45,42,42,0,2,26,15,1,2,2
42,2,44,45,42,42,0,2,27,14,1,2,2
42,2,44,45,42,42,0,2,28,13,1,2,2
42,2,44,45,42,42,0,2,29,12,1,2,1
42,2,44,45,42,42,0,2,30,11,1,2,2
42,2,44,45,42,42,0,2,31,10,1,2,2
42,2,44,45,42,42,0,2,32,9,1,2,1
42,2,44,45,42,42,0,2,33,8,1,2,2
42,2,44,45,42,42,0,2,34,7,1,2,2
42,2,44,45,42,42,0,2,35,6,1,2,1
42,2,44,45,42,42,0,2,36,5,1,2,2
42,2,44,45,42,42,0,2,37,4,1,2,2
42,2,44,45,42,42,0,2,38,3,1,2,1
42,2,44,45,42,42,0,2,39,39,0,2,1
42,2,44,45,42,42,0,2,40,40,0,2,1
