family,n,total_empty,state,current_gap_m,current_gap_left,current_gap_right,current_pos,response_gap_m,response_gap_left,response_gap_right,response_pos,response_child_gap_count,response_child_gaps
OO_MM,1,2,"1:1:1 1:2:2",1,1,1,0,1,1,1,0,0,""
OO_WM_PLUS,1,3,"1:2:2 2:0:1",2,0,1,1,1,1,1,0,1,"1:0:1"
MO_MO,2,4,"2:1:2 2:1:2",2,1,2,0,2,1,2,0,2,"1:1:2 1:1:2"
OO_MM,2,4,"2:1:1 2:2:2",2,1,1,0,2,1,1,0,2,"1:1:1 1:2:2"
OO_WM,2,4,"2:0:1 2:2:2",2,0,1,1,2,1,1,0,2,"1:0:1 1:2:2"
OO_WM_PLUS,2,5,"2:2:2 3:0:1",3,0,1,1,2,1,1,0,3,"1:0:1 1:1:1 1:2:2"
OO_WM_PLUS,2,5,"2:2:2 3:0:1",3,0,1,2,2,1,1,0,2,"1:2:2 2:0:1"
WO_MO,2,4,"2:0:2 2:1:2",2,1,2,0,2,0,1,1,2,"1:0:2 1:1:2"
WO_PLUS_MO,2,5,"2:1:2 3:0:2",2,1,2,0,3,0,1,1,3,"1:0:2 1:1:2 1:2:2"
WO_PLUS_MO,2,5,"2:1:2 3:0:2",2,1,2,0,3,0,1,2,2,"1:1:2 2:0:2"
WO_PLUS_MO,2,5,"2:1:2 3:0:2",3,0,2,1,2,1,2,0,3,"1:0:1 1:1:2 1:1:2"
MO_MO,3,6,"3:1:2 3:1:2",3,1,2,0,3,1,2,0,2,"2:1:2 2:1:2"
MO_MO,3,6,"3:1:2 3:1:2",3,1,2,0,3,1,2,1,3,"1:1:2 1:2:2 2:1:2"
MO_MO,3,6,"3:1:2 3:1:2",3,1,2,1,3,1,2,1,4,"1:1:1 1:1:2 1:1:2 1:2:2"
OO_MM,3,6,"3:1:1 3:2:2",3,1,1,0,3,1,1,0,2,"2:1:1 2:2:2"
OO_MM,3,6,"3:1:1 3:2:2",3,1,1,0,3,1,1,1,3,"1:2:2 1:2:2 2:1:1"
OO_MM,3,6,"3:1:1 3:2:2",3,1,1,1,3,1,1,0,3,"1:1:1 1:1:1 2:2:2"
OO_MM,3,6,"3:1:1 3:2:2",3,1,1,1,3,1,1,1,4,"1:1:1 1:1:1 1:2:2 1:2:2"
OO_MM,3,6,"3:1:1 3:2:2",3,2,2,1,3,2,2,1,4,"1:1:2 1:1:2 1:1:2 1:1:2"
OO_WM,3,6,"3:0:1 3:2:2",3,0,1,1,3,1,1,0,3,"1:0:1 1:1:1 2:2:2"
OO_WM,3,6,"3:0:1 3:2:2",3,0,1,1,3,1,1,1,4,"1:0:1 1:1:1 1:2:2 1:2:2"
OO_WM,3,6,"3:0:1 3:2:2",3,0,1,2,3,1,1,0,2,"2:0:1 2:2:2"
OO_WM,3,6,"3:0:1 3:2:2",3,0,1,2,3,1,1,1,3,"1:2:2 1:2:2 2:0:1"
OO_WM,3,6,"3:0:1 3:2:2",3,2,2,1,3,0,2,1,4,"1:0:2 1:1:2 1:1:2 1:1:2"
OO_WM_PLUS,3,7,"3:2:2 4:0:1",3,2,2,1,4,0,2,2,4,"1:1:2 1:1:2 1:1:2 2:0:2"
OO_WM_PLUS,3,7,"3:2:2 4:0:1",4,0,1,1,3,1,1,0,3,"1:0:1 2:1:1 2:2:2"
OO_WM_PLUS,3,7,"3:2:2 4:0:1",4,0,1,1,3,1,1,1,4,"1:0:1 1:2:2 1:2:2 2:1:1"
OO_WM_PLUS,3,7,"3:2:2 4:0:1",4,0,1,2,3,1,1,0,3,"1:1:1 2:0:1 2:2:2"
OO_WM_PLUS,3,7,"3:2:2 4:0:1",4,0,1,2,3,1,1,1,4,"1:1:1 1:2:2 1:2:2 2:0:1"
OO_WM_PLUS,3,7,"3:2:2 4:0:1",4,0,1,3,3,1,1,0,2,"2:2:2 3:0:1"
OO_WM_PLUS,3,7,"3:2:2 4:0:1",4,0,1,3,3,1,1,1,3,"1:2:2 1:2:2 3:0:1"
WO_MO,3,6,"3:0:2 3:1:2",3,0,2,1,3,1,2,1,4,"1:0:1 1:1:2 1:1:2 1:2:2"
WO_MO,3,6,"3:0:2 3:1:2",3,1,2,0,3,0,1,1,3,"1:0:2 1:2:2 2:1:2"
WO_MO,3,6,"3:0:2 3:1:2",3,1,2,0,3,0,1,2,2,"2:0:2 2:1:2"
WO_MO,3,6,"3:0:2 3:1:2",3,1,2,1,3,0,1,1,4,"1:0:2 1:1:1 1:1:2 1:2:2"
WO_MO,3,6,"3:0:2 3:1:2",3,1,2,1,3,0,1,2,3,"1:1:1 1:1:2 2:0:2"
WO_PLUS_MO,3,7,"3:1:2 4:0:2",3,1,2,0,4,0,1,1,3,"1:0:2 2:1:2 2:2:2"
WO_PLUS_MO,3,7,"3:1:2 4:0:2",3,1,2,0,4,0,1,2,3,"1:2:2 2:0:2 2:1:2"
WO_PLUS_MO,3,7,"3:1:2 4:0:2",3,1,2,0,4,0,1,3,2,"2:1:2 3:0:2"
WO_PLUS_MO,3,7,"3:1:2 4:0:2",3,1,2,1,4,0,1,1,4,"1:0:2 1:1:1 1:1:2 2:2:2"
WO_PLUS_MO,3,7,"3:1:2 4:0:2",3,1,2,1,4,0,1,2,4,"1:1:1 1:1:2 1:2:2 2:0:2"
WO_PLUS_MO,3,7,"3:1:2 4:0:2",4,0,2,1,3,1,2,0,3,"1:0:1 2:1:2 2:1:2"
WO_PLUS_MO,3,7,"3:1:2 4:0:2",4,0,2,1,3,1,2,1,4,"1:0:1 1:1:2 1:2:2 2:1:2"
WO_PLUS_MO,3,7,"3:1:2 4:0:2",4,0,2,2,3,1,2,1,4,"1:1:2 1:1:2 1:2:2 2:0:1"
MO_MO,4,8,"4:1:2 4:1:2",4,1,2,0,4,1,2,0,2,"3:1:2 3:1:2"
MO_MO,4,8,"4:1:2 4:1:2",4,1,2,0,4,1,2,1,3,"1:2:2 2:1:2 3:1:2"
MO_MO,4,8,"4:1:2 4:1:2",4,1,2,0,4,1,2,2,3,"1:1:2 2:2:2 3:1:2"
MO_MO,4,8,"4:1:2 4:1:2",4,1,2,1,4,1,2,1,4,"1:1:1 1:2:2 2:1:2 2:1:2"
MO_MO,4,8,"4:1:2 4:1:2",4,1,2,1,4,1,2,2,4,"1:1:1 1:1:2 2:1:2 2:2:2"
MO_MO,4,8,"4:1:2 4:1:2",4,1,2,2,4,1,2,2,4,"1:1:2 1:1:2 2:1:1 2:2:2"
OO_MM,4,8,"4:1:1 4:2:2",4,1,1,0,3,2,2,1,3,"1:1:2 1:1:2 4:2:2"
OO_MM,4,8,"4:1:1 4:2:2",4,1,1,0,4,1,1,0,2,"3:1:1 3:2:2"
OO_MM,4,8,"4:1:1 4:2:2",4,1,1,0,4,1,1,1,3,"1:2:2 2:2:2 3:1:1"
OO_MM,4,8,"4:1:1 4:2:2",4,1,1,1,4,1,1,1,4,"1:1:1 1:2:2 2:1:1 2:2:2"
OO_MM,4,8,"4:1:1 4:2:2",4,2,2,1,4,2,2,1,4,"1:1:2 1:1:2 2:1:2 2:1:2"
OO_WM,4,8,"4:0:1 4:2:2",4,0,1,1,4,1,1,1,4,"1:0:1 1:2:2 2:1:1 2:2:2"
OO_WM,4,8,"4:0:1 4:2:2",4,0,1,2,4,1,1,1,4,"1:1:1 1:2:2 2:0:1 2:2:2"
OO_WM,4,8,"4:0:1 4:2:2",4,0,1,3,3,0,2,1,3,"1:0:2 1:1:2 4:2:2"
OO_WM,4,8,"4:0:1 4:2:2",4,0,1,3,4,1,1,0,2,"3:0:1 3:2:2"
OO_WM,4,8,"4:0:1 4:2:2",4,0,1,3,4,1,1,1,3,"1:2:2 2:2:2 3:0:1"
OO_WM,4,8,"4:0:1 4:2:2",4,2,2,1,4,0,2,1,4,"1:0:2 1:1:2 2:1:2 2:1:2"
OO_WM,4,8,"4:0:1 4:2:2",4,2,2,1,4,0,2,2,4,"1:1:2 1:1:2 2:0:2 2:1:2"
OO_WM_PLUS,4,9,"4:2:2 5:0:1",4,2,2,1,5,0,2,2,4,"1:1:2 2:0:2 2:1:2 2:1:2"
OO_WM_PLUS,4,9,"4:2:2 5:0:1",4,2,2,1,5,0,2,3,4,"1:1:2 1:1:2 2:1:2 3:0:2"
OO_WM_PLUS,4,9,"4:2:2 5:0:1",5,0,1,1,3,2,2,1,4,"1:0:1 1:1:2 1:1:2 4:2:2"
OO_WM_PLUS,4,9,"4:2:2 5:0:1",5,0,1,1,4,1,1,0,3,"1:0:1 3:1:1 3:2:2"
OO_WM_PLUS,4,9,"4:2:2 5:0:1",5,0,1,1,4,1,1,1,4,"1:0:1 1:2:2 2:2:2 3:1:1"
OO_WM_PLUS,4,9,"4:2:2 5:0:1",5,0,1,2,4,1,1,1,4,"1:2:2 2:0:1 2:1:1 2:2:2"
OO_WM_PLUS,4,9,"4:2:2 5:0:1",5,0,1,3,4,1,1,1,4,"1:1:1 1:2:2 2:2:2 3:0:1"
OO_WM_PLUS,4,9,"4:2:2 5:0:1",5,0,1,4,4,0,2,2,3,"1:1:2 2:0:2 4:2:2"
OO_WM_PLUS,4,9,"4:2:2 5:0:1",5,0,1,4,4,1,1,0,2,"3:2:2 4:0:1"
OO_WM_PLUS,4,9,"4:2:2 5:0:1",5,0,1,4,4,1,1,1,3,"1:2:2 2:2:2 4:0:1"
WO_MO,4,8,"4:0:2 4:1:2",4,0,2,1,4,1,2,1,4,"1:0:1 1:2:2 2:1:2 2:1:2"
WO_MO,4,8,"4:0:2 4:1:2",4,0,2,1,4,1,2,2,4,"1:0:1 1:1:2 2:1:2 2:2:2"
WO_MO,4,8,"4:0:2 4:1:2",4,0,2,2,4,1,2,2,4,"1:1:2 1:1:2 2:0:1 2:2:2"
WO_MO,4,8,"4:0:2 4:1:2",4,1,2,0,4,0,1,1,3,"1:0:2 2:2:2 3:1:2"
WO_MO,4,8,"4:0:2 4:1:2",4,1,2,0,4,0,1,2,3,"1:2:2 2:0:2 3:1:2"
WO_MO,4,8,"4:0:2 4:1:2",4,1,2,0,4,0,1,3,2,"3:0:2 3:1:2"
WO_MO,4,8,"4:0:2 4:1:2",4,1,2,1,4,0,1,1,4,"1:0:2 1:1:1 2:1:2 2:2:2"
WO_MO,4,8,"4:0:2 4:1:2",4,1,2,1,4,0,1,2,4,"1:1:1 1:2:2 2:0:2 2:1:2"
WO_MO,4,8,"4:0:2 4:1:2",4,1,2,2,4,0,1,1,4,"1:0:2 1:1:2 2:1:1 2:2:2"
WO_MO,4,8,"4:0:2 4:1:2",4,1,2,2,4,0,1,2,4,"1:1:2 1:2:2 2:0:2 2:1:1"
WO_PLUS_MO,4,9,"4:1:2 5:0:2",4,1,2,0,3,1,2,1,3,"1:1:2 1:2:2 5:0:2"
WO_PLUS_MO,4,9,"4:1:2 5:0:2",4,1,2,0,5,0,1,1,3,"1:0:2 3:1:2 3:2:2"
WO_PLUS_MO,4,9,"4:1:2 5:0:2",4,1,2,0,5,0,1,2,3,"2:0:2 2:2:2 3:1:2"
WO_PLUS_MO,4,9,"4:1:2 5:0:2",4,1,2,0,5,0,1,3,3,"1:2:2 3:0:2 3:1:2"
WO_PLUS_MO,4,9,"4:1:2 5:0:2",4,1,2,0,5,0,1,4,2,"3:1:2 4:0:2"
WO_PLUS_MO,4,9,"4:1:2 5:0:2",4,1,2,1,5,0,1,2,4,"1:1:1 2:0:2 2:1:2 2:2:2"
WO_PLUS_MO,4,9,"4:1:2 5:0:2",4,1,2,1,5,0,1,3,4,"1:1:1 1:2:2 2:1:2 3:0:2"
WO_PLUS_MO,4,9,"4:1:2 5:0:2",4,1,2,2,5,0,1,2,4,"1:1:2 2:0:2 2:1:1 2:2:2"
WO_PLUS_MO,4,9,"4:1:2 5:0:2",5,0,2,1,4,1,2,0,3,"1:0:1 3:1:2 3:1:2"
WO_PLUS_MO,4,9,"4:1:2 5:0:2",5,0,2,1,4,1,2,1,4,"1:0:1 1:2:2 2:1:2 3:1:2"
WO_PLUS_MO,4,9,"4:1:2 5:0:2",5,0,2,1,4,1,2,2,4,"1:0:1 1:1:2 2:2:2 3:1:2"
WO_PLUS_MO,4,9,"4:1:2 5:0:2",5,0,2,2,4,1,2,1,4,"1:2:2 2:0:1 2:1:2 2:1:2"
WO_PLUS_MO,4,9,"4:1:2 5:0:2",5,0,2,2,4,1,2,2,4,"1:1:2 2:0:1 2:1:2 2:2:2"
WO_PLUS_MO,4,9,"4:1:2 5:0:2",5,0,2,3,4,1,2,1,4,"1:1:2 1:2:2 2:1:2 3:0:1"
WO_PLUS_MO,4,9,"4:1:2 5:0:2",5,0,2,3,4,1,2,2,4,"1:1:2 1:1:2 2:2:2 3:0:1"
MO_MO,5,10,"5:1:2 5:1:2",5,1,2,0,4,1,2,2,3,"1:1:2 2:2:2 5:1:2"
MO_MO,5,10,"5:1:2 5:1:2",5,1,2,0,5,1,2,0,2,"4:1:2 4:1:2"
MO_MO,5,10,"5:1:2 5:1:2",5,1,2,0,5,1,2,1,3,"1:2:2 3:1:2 4:1:2"
MO_MO,5,10,"5:1:2 5:1:2",5,1,2,0,5,1,2,2,3,"2:1:2 2:2:2 4:1:2"
MO_MO,5,10,"5:1:2 5:1:2",5,1,2,0,5,1,2,3,3,"1:1:2 3:2:2 4:1:2"
MO_MO,5,10,"5:1:2 5:1:2",5,1,2,1,5,1,2,1,4,"1:1:1 1:2:2 3:1:2 3:1:2"
MO_MO,5,10,"5:1:2 5:1:2",5,1,2,1,5,1,2,2,4,"1:1:1 2:1:2 2:2:2 3:1:2"
MO_MO,5,10,"5:1:2 5:1:2",5,1,2,1,5,1,2,3,4,"1:1:1 1:1:2 3:1:2 3:2:2"
MO_MO,5,10,"5:1:2 5:1:2",5,1,2,2,5,1,2,2,4,"2:1:1 2:1:2 2:1:2 2:2:2"
MO_MO,5,10,"5:1:2 5:1:2",5,1,2,3,5,1,2,1,4,"1:1:2 1:2:2 3:1:1 3:1:2"
MO_MO,5,10,"5:1:2 5:1:2",5,1,2,3,5,1,2,2,4,"1:1:2 2:1:2 2:2:2 3:1:1"
MO_MO,5,10,"5:1:2 5:1:2",5,1,2,3,5,1,2,3,4,"1:1:2 1:1:2 3:1:1 3:2:2"
OO_MM,5,10,"5:1:1 5:2:2",5,1,1,0,4,2,2,1,3,"1:1:2 2:1:2 5:2:2"
OO_MM,5,10,"5:1:1 5:2:2",5,1,1,0,5,1,1,0,2,"4:1:1 4:2:2"
OO_MM,5,10,"5:1:1 5:2:2",5,1,1,0,5,1,1,1,3,"1:2:2 3:2:2 4:1:1"
OO_MM,5,10,"5:1:1 5:2:2",5,1,1,0,5,1,1,2,3,"2:2:2 2:2:2 4:1:1"
OO_MM,5,10,"5:1:1 5:2:2",5,1,1,1,5,1,1,1,4,"1:1:1 1:2:2 3:1:1 3:2:2"
OO_MM,5,10,"5:1:1 5:2:2",5,1,1,1,5,1,1,2,4,"1:1:1 2:2:2 2:2:2 3:1:1"
OO_MM,5,10,"5:1:1 5:2:2",5,1,1,2,5,1,1,2,4,"2:1:1 2:1:1 2:2:2 2:2:2"
OO_MM,5,10,"5:1:1 5:2:2",5,2,2,1,5,2,2,1,4,"1:1:2 1:1:2 3:1:2 3:1:2"
OO_MM,5,10,"5:1:1 5:2:2",5,2,2,2,5,2,2,2,4,"2:1:2 2:1:2 2:1:2 2:1:2"
OO_WM,5,10,"5:0:1 5:2:2",5,0,1,1,5,1,1,1,4,"1:0:1 1:2:2 3:1:1 3:2:2"
OO_WM,5,10,"5:0:1 5:2:2",5,0,1,1,5,1,1,2,4,"1:0:1 2:2:2 2:2:2 3:1:1"
OO_WM,5,10,"5:0:1 5:2:2",5,0,1,2,5,1,1,2,4,"2:0:1 2:1:1 2:2:2 2:2:2"
OO_WM,5,10,"5:0:1 5:2:2",5,0,1,3,5,1,1,1,4,"1:1:1 1:2:2 3:0:1 3:2:2"
OO_WM,5,10,"5:0:1 5:2:2",5,0,1,3,5,1,1,2,4,"1:1:1 2:2:2 2:2:2 3:0:1"
OO_WM,5,10,"5:0:1 5:2:2",5,0,1,4,4,0,2,1,3,"1:0:2 2:1:2 5:2:2"
OO_WM,5,10,"5:0:1 5:2:2",5,0,1,4,4,0,2,2,3,"1:1:2 2:0:2 5:2:2"
OO_WM,5,10,"5:0:1 5:2:2",5,0,1,4,5,1,1,0,2,"4:0:1 4:2:2"
OO_WM,5,10,"5:0:1 5:2:2",5,0,1,4,5,1,1,1,3,"1:2:2 3:2:2 4:0:1"
OO_WM,5,10,"5:0:1 5:2:2",5,0,1,4,5,1,1,2,3,"2:2:2 2:2:2 4:0:1"
OO_WM,5,10,"5:0:1 5:2:2",5,2,2,1,5,0,2,1,4,"1:0:2 1:1:2 3:1:2 3:1:2"
OO_WM,5,10,"5:0:1 5:2:2",5,2,2,1,5,0,2,2,4,"1:1:2 2:0:2 2:1:2 3:1:2"
OO_WM,5,10,"5:0:1 5:2:2",5,2,2,1,5,0,2,3,4,"1:1:2 1:1:2 3:0:2 3:1:2"
OO_WM,5,10,"5:0:1 5:2:2",5,2,2,2,5,0,2,2,4,"2:0:2 2:1:2 2:1:2 2:1:2"
OO_WM_PLUS,5,11,"5:2:2 6:0:1",5,2,2,1,6,0,2,2,4,"1:1:2 2:0:2 3:1:2 3:1:2"
OO_WM_PLUS,5,11,"5:2:2 6:0:1",5,2,2,1,6,0,2,4,4,"1:1:2 1:1:2 3:1:2 4:0:2"
OO_WM_PLUS,5,11,"5:2:2 6:0:1",5,2,2,2,6,0,2,3,4,"2:1:2 2:1:2 2:1:2 3:0:2"
OO_WM_PLUS,5,11,"5:2:2 6:0:1",6,0,1,1,4,2,2,1,4,"1:0:1 1:1:2 2:1:2 5:2:2"
OO_WM_PLUS,5,11,"5:2:2 6:0:1",6,0,1,1,5,1,1,0,3,"1:0:1 4:1:1 4:2:2"
OO_WM_PLUS,5,11,"5:2:2 6:0:1",6,0,1,1,5,1,1,1,4,"1:0:1 1:2:2 3:2:2 4:1:1"
OO_WM_PLUS,5,11,"5:2:2 6:0:1",6,0,1,1,5,1,1,2,4,"1:0:1 2:2:2 2:2:2 4:1:1"
OO_WM_PLUS,5,11,"5:2:2 6:0:1",6,0,1,2,5,1,1,1,4,"1:2:2 2:0:1 3:1:1 3:2:2"
OO_WM_PLUS,5,11,"5:2:2 6:0:1",6,0,1,2,5,1,1,2,4,"2:0:1 2:2:2 2:2:2 3:1:1"
OO_WM_PLUS,5,11,"5:2:2 6:0:1",6,0,1,3,5,1,1,2,4,"2:1:1 2:2:2 2:2:2 3:0:1"
OO_WM_PLUS,5,11,"5:2:2 6:0:1",6,0,1,4,5,1,1,1,4,"1:1:1 1:2:2 3:2:2 4:0:1"
OO_WM_PLUS,5,11,"5:2:2 6:0:1",6,0,1,4,5,1,1,2,4,"1:1:1 2:2:2 2:2:2 4:0:1"
OO_WM_PLUS,5,11,"5:2:2 6:0:1",6,0,1,5,5,0,2,2,3,"2:0:2 2:1:2 5:2:2"
OO_WM_PLUS,5,11,"5:2:2 6:0:1",6,0,1,5,5,0,2,3,3,"1:1:2 3:0:2 5:2:2"
OO_WM_PLUS,5,11,"5:2:2 6:0:1",6,0,1,5,5,1,1,0,2,"4:2:2 5:0:1"
OO_WM_PLUS,5,11,"5:2:2 6:0:1",6,0,1,5,5,1,1,1,3,"1:2:2 3:2:2 5:0:1"
OO_WM_PLUS,5,11,"5:2:2 6:0:1",6,0,1,5,5,1,1,2,3,"2:2:2 2:2:2 5:0:1"
WO_MO,5,10,"5:0:2 5:1:2",5,0,2,1,5,1,2,1,4,"1:0:1 1:2:2 3:1:2 3:1:2"
WO_MO,5,10,"5:0:2 5:1:2",5,0,2,1,5,1,2,2,4,"1:0:1 2:1:2 2:2:2 3:1:2"
WO_MO,5,10,"5:0:2 5:1:2",5,0,2,1,5,1,2,3,4,"1:0:1 1:1:2 3:1:2 3:2:2"
WO_MO,5,10,"5:0:2 5:1:2",5,0,2,2,5,1,2,2,4,"2:0:1 2:1:2 2:1:2 2:2:2"
WO_MO,5,10,"5:0:2 5:1:2",5,0,2,3,5,1,2,1,4,"1:1:2 1:2:2 3:0:1 3:1:2"
WO_MO,5,10,"5:0:2 5:1:2",5,0,2,3,5,1,2,2,4,"1:1:2 2:1:2 2:2:2 3:0:1"
WO_MO,5,10,"5:0:2 5:1:2",5,0,2,3,5,1,2,3,4,"1:1:2 1:1:2 3:0:1 3:2:2"
WO_MO,5,10,"5:0:2 5:1:2",5,1,2,0,4,1,2,2,3,"1:1:2 2:2:2 5:0:2"
WO_MO,5,10,"5:0:2 5:1:2",5,1,2,0,5,0,1,1,3,"1:0:2 3:2:2 4:1:2"
WO_MO,5,10,"5:0:2 5:1:2",5,1,2,0,5,0,1,2,3,"2:0:2 2:2:2 4:1:2"
WO_MO,5,10,"5:0:2 5:1:2",5,1,2,0,5,0,1,3,3,"1:2:2 3:0:2 4:1:2"
WO_MO,5,10,"5:0:2 5:1:2",5,1,2,0,5,0,1,4,2,"4:0:2 4:1:2"
WO_MO,5,10,"5:0:2 5:1:2",5,1,2,1,5,0,1,1,4,"1:0:2 1:1:1 3:1:2 3:2:2"
WO_MO,5,10,"5:0:2 5:1:2",5,1,2,1,5,0,1,2,4,"1:1:1 2:0:2 2:2:2 3:1:2"
WO_MO,5,10,"5:0:2 5:1:2",5,1,2,1,5,0,1,3,4,"1:1:1 1:2:2 3:0:2 3:1:2"
WO_MO,5,10,"5:0:2 5:1:2",5,1,2,2,5,0,1,2,4,"2:0:2 2:1:1 2:1:2 2:2:2"
WO_MO,5,10,"5:0:2 5:1:2",5,1,2,3,5,0,1,1,4,"1:0:2 1:1:2 3:1:1 3:2:2"
WO_MO,5,10,"5:0:2 5:1:2",5,1,2,3,5,0,1,2,4,"1:1:2 2:0:2 2:2:2 3:1:1"
WO_MO,5,10,"5:0:2 5:1:2",5,1,2,3,5,0,1,3,4,"1:1:2 1:2:2 3:0:2 3:1:1"
WO_PLUS_MO,5,11,"5:1:2 6:0:2",5,1,2,0,4,1,2,1,3,"1:2:2 2:1:2 6:0:2"
WO_PLUS_MO,5,11,"5:1:2 6:0:2",5,1,2,0,4,1,2,2,3,"1:1:2 2:2:2 6:0:2"
WO_PLUS_MO,5,11,"5:1:2 6:0:2",5,1,2,0,6,0,1,1,3,"1:0:2 4:1:2 4:2:2"
WO_PLUS_MO,5,11,"5:1:2 6:0:2",5,1,2,0,6,0,1,2,3,"2:0:2 3:2:2 4:1:2"
WO_PLUS_MO,5,11,"5:1:2 6:0:2",5,1,2,0,6,0,1,3,3,"2:2:2 3:0:2 4:1:2"
WO_PLUS_MO,5,11,"5:1:2 6:0:2",5,1,2,0,6,0,1,4,3,"1:2:2 4:0:2 4:1:2"
WO_PLUS_MO,5,11,"5:1:2 6:0:2",5,1,2,0,6,0,1,5,2,"4:1:2 5:0:2"
WO_PLUS_MO,5,11,"5:1:2 6:0:2",5,1,2,1,6,0,1,2,4,"1:1:1 2:0:2 3:1:2 3:2:2"
WO_PLUS_MO,5,11,"5:1:2 6:0:2",5,1,2,1,6,0,1,3,4,"1:1:1 2:2:2 3:0:2 3:1:2"
WO_PLUS_MO,5,11,"5:1:2 6:0:2",5,1,2,1,6,0,1,4,4,"1:1:1 1:2:2 3:1:2 4:0:2"
WO_PLUS_MO,5,11,"5:1:2 6:0:2",5,1,2,2,6,0,1,3,4,"2:1:1 2:1:2 2:2:2 3:0:2"
WO_PLUS_MO,5,11,"5:1:2 6:0:2",5,1,2,3,6,0,1,2,4,"1:1:2 2:0:2 3:1:1 3:2:2"
WO_PLUS_MO,5,11,"5:1:2 6:0:2",5,1,2,3,6,0,1,3,4,"1:1:2 2:2:2 3:0:2 3:1:1"
WO_PLUS_MO,5,11,"5:1:2 6:0:2",5,1,2,3,6,0,1,4,4,"1:1:2 1:2:2 3:1:1 4:0:2"
WO_PLUS_MO,5,11,"5:1:2 6:0:2",6,0,2,1,4,1,2,2,4,"1:0:1 1:1:2 2:2:2 5:1:2"
WO_PLUS_MO,5,11,"5:1:2 6:0:2",6,0,2,1,5,1,2,0,3,"1:0:1 4:1:2 4:1:2"
WO_PLUS_MO,5,11,"5:1:2 6:0:2",6,0,2,1,5,1,2,1,4,"1:0:1 1:2:2 3:1:2 4:1:2"
WO_PLUS_MO,5,11,"5:1:2 6:0:2",6,0,2,1,5,1,2,2,4,"1:0:1 2:1:2 2:2:2 4:1:2"
WO_PLUS_MO,5,11,"5:1:2 6:0:2",6,0,2,1,5,1,2,3,4,"1:0:1 1:1:2 3:2:2 4:1:2"
WO_PLUS_MO,5,11,"5:1:2 6:0:2",6,0,2,2,5,1,2,1,4,"1:2:2 2:0:1 3:1:2 3:1:2"
WO_PLUS_MO,5,11,"5:1:2 6:0:2",6,0,2,2,5,1,2,2,4,"2:0:1 2:1:2 2:2:2 3:1:2"
WO_PLUS_MO,5,11,"5:1:2 6:0:2",6,0,2,2,5,1,2,3,4,"1:1:2 2:0:1 3:1:2 3:2:2"
WO_PLUS_MO,5,11,"5:1:2 6:0:2",6,0,2,3,5,1,2,2,4,"2:1:2 2:1:2 2:2:2 3:0:1"
WO_PLUS_MO,5,11,"5:1:2 6:0:2",6,0,2,4,5,1,2,1,4,"1:1:2 1:2:2 3:1:2 4:0:1"
WO_PLUS_MO,5,11,"5:1:2 6:0:2",6,0,2,4,5,1,2,2,4,"1:1:2 2:1:2 2:2:2 4:0:1"
WO_PLUS_MO,5,11,"5:1:2 6:0:2",6,0,2,4,5,1,2,3,4,"1:1:2 1:1:2 3:2:2 4:0:1"
MO_MO,6,12,"6:1:2 6:1:2",6,1,2,0,5,1,2,2,3,"2:1:2 2:2:2 6:1:2"
MO_MO,6,12,"6:1:2 6:1:2",6,1,2,0,6,1,2,0,2,"5:1:2 5:1:2"
MO_MO,6,12,"6:1:2 6:1:2",6,1,2,0,6,1,2,1,3,"1:2:2 4:1:2 5:1:2"
MO_MO,6,12,"6:1:2 6:1:2",6,1,2,0,6,1,2,2,3,"2:2:2 3:1:2 5:1:2"
MO_MO,6,12,"6:1:2 6:1:2",6,1,2,0,6,1,2,3,3,"2:1:2 3:2:2 5:1:2"
MO_MO,6,12,"6:1:2 6:1:2",6,1,2,0,6,1,2,4,3,"1:1:2 4:2:2 5:1:2"
MO_MO,6,12,"6:1:2 6:1:2",6,1,2,1,4,1,2,2,4,"1:1:1 1:1:2 2:2:2 6:1:2"
MO_MO,6,12,"6:1:2 6:1:2",6,1,2,1,6,1,2,1,4,"1:1:1 1:2:2 4:1:2 4:1:2"
MO_MO,6,12,"6:1:2 6:1:2",6,1,2,1,6,1,2,2,4,"1:1:1 2:2:2 3:1:2 4:1:2"
MO_MO,6,12,"6:1:2 6:1:2",6,1,2,1,6,1,2,4,4,"1:1:1 1:1:2 4:1:2 4:2:2"
MO_MO,6,12,"6:1:2 6:1:2",6,1,2,2,6,1,2,2,4,"2:1:1 2:2:2 3:1:2 3:1:2"
MO_MO,6,12,"6:1:2 6:1:2",6,1,2,3,6,1,2,2,4,"2:1:2 2:2:2 3:1:1 3:1:2"
MO_MO,6,12,"6:1:2 6:1:2",6,1,2,3,6,1,2,3,4,"2:1:2 2:1:2 3:1:1 3:2:2"
MO_MO,6,12,"6:1:2 6:1:2",6,1,2,3,6,1,2,4,4,"1:1:2 2:1:2 3:1:1 4:2:2"
MO_MO,6,12,"6:1:2 6:1:2",6,1,2,4,6,1,2,2,4,"1:1:2 2:2:2 3:1:2 4:1:1"
MO_MO,6,12,"6:1:2 6:1:2",6,1,2,4,6,1,2,4,4,"1:1:2 1:1:2 4:1:1 4:2:2"
OO_MM,6,12,"6:1:1 6:2:2",6,1,1,0,5,2,2,1,3,"1:1:2 3:1:2 6:2:2"
OO_MM,6,12,"6:1:1 6:2:2",6,1,1,0,5,2,2,2,3,"2:1:2 2:1:2 6:2:2"
OO_MM,6,12,"6:1:1 6:2:2",6,1,1,0,6,1,1,0,2,"5:1:1 5:2:2"
OO_MM,6,12,"6:1:1 6:2:2",6,1,1,0,6,1,1,1,3,"1:2:2 4:2:2 5:1:1"
OO_MM,6,12,"6:1:1 6:2:2",6,1,1,0,6,1,1,2,3,"2:2:2 3:2:2 5:1:1"
OO_MM,6,12,"6:1:1 6:2:2",6,1,1,1,4,2,2,1,4,"1:1:1 1:1:2 2:1:2 6:2:2"
OO_MM,6,12,"6:1:1 6:2:2",6,1,1,1,6,1,1,1,4,"1:1:1 1:2:2 4:1:1 4:2:2"
OO_MM,6,12,"6:1:1 6:2:2",6,1,1,1,6,1,1,2,4,"1:1:1 2:2:2 3:2:2 4:1:1"
OO_MM,6,12,"6:1:1 6:2:2",6,1,1,2,6,1,1,2,4,"2:1:1 2:2:2 3:1:1 3:2:2"
OO_MM,6,12,"6:1:1 6:2:2",6,2,2,1,4,1,2,2,4,"1:1:2 1:1:2 2:2:2 6:1:1"
OO_MM,6,12,"6:1:1 6:2:2",6,2,2,1,6,2,2,1,4,"1:1:2 1:1:2 4:1:2 4:1:2"
OO_MM,6,12,"6:1:1 6:2:2",6,2,2,2,6,2,2,2,4,"2:1:2 2:1:2 3:1:2 3:1:2"
OO_WM,6,12,"6:0:1 6:2:2",6,0,1,1,4,2,2,1,4,"1:0:1 1:1:2 2:1:2 6:2:2"
OO_WM,6,12,"6:0:1 6:2:2",6,0,1,1,6,1,1,1,4,"1:0:1 1:2:2 4:1:1 4:2:2"
OO_WM,6,12,"6:0:1 6:2:2",6,0,1,1,6,1,1,2,4,"1:0:1 2:2:2 3:2:2 4:1:1"
OO_WM,6,12,"6:0:1 6:2:2",6,0,1,2,6,1,1,2,4,"2:0:1 2:2:2 3:1:1 3:2:2"
OO_WM,6,12,"6:0:1 6:2:2",6,0,1,3,6,1,1,2,4,"2:1:1 2:2:2 3:0:1 3:2:2"
OO_WM,6,12,"6:0:1 6:2:2",6,0,1,4,4,0,2,1,4,"1:0:2 1:1:1 2:1:2 6:2:2"
OO_WM,6,12,"6:0:1 6:2:2",6,0,1,4,4,0,2,2,4,"1:1:1 1:1:2 2:0:2 6:2:2"
OO_WM,6,12,"6:0:1 6:2:2",6,0,1,4,6,1,1,1,4,"1:1:1 1:2:2 4:0:1 4:2:2"
OO_WM,6,12,"6:0:1 6:2:2",6,0,1,4,6,1,1,2,4,"1:1:1 2:2:2 3:2:2 4:0:1"
OO_WM,6,12,"6:0:1 6:2:2",6,0,1,5,5,0,2,1,3,"1:0:2 3:1:2 6:2:2"
OO_WM,6,12,"6:0:1 6:2:2",6,0,1,5,5,0,2,2,3,"2:0:2 2:1:2 6:2:2"
OO_WM,6,12,"6:0:1 6:2:2",6,0,1,5,5,0,2,3,3,"1:1:2 3:0:2 6:2:2"
OO_WM,6,12,"6:0:1 6:2:2",6,0,1,5,6,1,1,0,2,"5:0:1 5:2:2"
OO_WM,6,12,"6:0:1 6:2:2",6,0,1,5,6,1,1,1,3,"1:2:2 4:2:2 5:0:1"
OO_WM,6,12,"6:0:1 6:2:2",6,0,1,5,6,1,1,2,3,"2:2:2 3:2:2 5:0:1"
OO_WM,6,12,"6:0:1 6:2:2",6,2,2,1,4,1,2,2,4,"1:1:2 1:1:2 2:2:2 6:0:1"
OO_WM,6,12,"6:0:1 6:2:2",6,2,2,1,6,0,2,1,4,"1:0:2 1:1:2 4:1:2 4:1:2"
OO_WM,6,12,"6:0:1 6:2:2",6,2,2,1,6,0,2,2,4,"1:1:2 2:0:2 3:1:2 4:1:2"
OO_WM,6,12,"6:0:1 6:2:2",6,2,2,1,6,0,2,4,4,"1:1:2 1:1:2 4:0:2 4:1:2"
OO_WM,6,12,"6:0:1 6:2:2",6,2,2,2,6,0,2,2,4,"2:0:2 2:1:2 3:1:2 3:1:2"
OO_WM,6,12,"6:0:1 6:2:2",6,2,2,2,6,0,2,3,4,"2:1:2 2:1:2 3:0:2 3:1:2"
OO_WM_PLUS,6,13,"6:2:2 7:0:1",6,2,2,1,4,1,2,2,4,"1:1:2 1:1:2 2:2:2 7:0:1"
OO_WM_PLUS,6,13,"6:2:2 7:0:1",6,2,2,1,7,0,2,2,4,"1:1:2 2:0:2 4:1:2 4:1:2"
OO_WM_PLUS,6,13,"6:2:2 7:0:1",6,2,2,1,7,0,2,5,4,"1:1:2 1:1:2 4:1:2 5:0:2"
OO_WM_PLUS,6,13,"6:2:2 7:0:1",6,2,2,2,7,0,2,3,4,"2:1:2 3:0:2 3:1:2 3:1:2"
OO_WM_PLUS,6,13,"6:2:2 7:0:1",6,2,2,2,7,0,2,4,4,"2:1:2 2:1:2 3:1:2 4:0:2"
OO_WM_PLUS,6,13,"6:2:2 7:0:1",6,2,2,2,7,0,2,5,4,"1:1:2 2:1:2 3:1:2 5:0:2"
OO_WM_PLUS,6,13,"6:2:2 7:0:1",7,0,1,1,5,2,2,1,4,"1:0:1 1:1:2 3:1:2 6:2:2"
OO_WM_PLUS,6,13,"6:2:2 7:0:1",7,0,1,1,5,2,2,2,4,"1:0:1 2:1:2 2:1:2 6:2:2"
OO_WM_PLUS,6,13,"6:2:2 7:0:1",7,0,1,1,6,1,1,0,3,"1:0:1 5:1:1 5:2:2"
OO_WM_PLUS,6,13,"6:2:2 7:0:1",7,0,1,1,6,1,1,1,4,"1:0:1 1:2:2 4:2:2 5:1:1"
OO_WM_PLUS,6,13,"6:2:2 7:0:1",7,0,1,1,6,1,1,2,4,"1:0:1 2:2:2 3:2:2 5:1:1"
OO_WM_PLUS,6,13,"6:2:2 7:0:1",7,0,1,2,4,2,2,1,4,"1:1:2 2:0:1 2:1:2 6:2:2"
OO_WM_PLUS,6,13,"6:2:2 7:0:1",7,0,1,2,6,1,1,1,4,"1:2:2 2:0:1 4:1:1 4:2:2"
OO_WM_PLUS,6,13,"6:2:2 7:0:1",7,0,1,2,6,1,1,2,4,"2:0:1 2:2:2 3:2:2 4:1:1"
OO_WM_PLUS,6,13,"6:2:2 7:0:1",7,0,1,3,3,2,2,1,4,"1:1:2 1:1:2 3:0:1 6:2:2"
OO_WM_PLUS,6,13,"6:2:2 7:0:1",7,0,1,3,6,1,1,1,4,"1:2:2 3:0:1 3:1:1 4:2:2"
OO_WM_PLUS,6,13,"6:2:2 7:0:1",7,0,1,3,6,1,1,2,4,"2:2:2 3:0:1 3:1:1 3:2:2"
OO_WM_PLUS,6,13,"6:2:2 7:0:1",7,0,1,4,6,1,1,2,4,"2:1:1 2:2:2 3:2:2 4:0:1"
OO_WM_PLUS,6,13,"6:2:2 7:0:1",7,0,1,5,5,0,2,2,4,"1:1:1 2:0:2 2:1:2 6:2:2"
OO_WM_PLUS,6,13,"6:2:2 7:0:1",7,0,1,5,5,0,2,3,4,"1:1:1 1:1:2 3:0:2 6:2:2"
OO_WM_PLUS,6,13,"6:2:2 7:0:1",7,0,1,5,6,1,1,1,4,"1:1:1 1:2:2 4:2:2 5:0:1"
OO_WM_PLUS,6,13,"6:2:2 7:0:1",7,0,1,5,6,1,1,2,4,"1:1:1 2:2:2 3:2:2 5:0:1"
OO_WM_PLUS,6,13,"6:2:2 7:0:1",7,0,1,6,6,0,2,2,3,"2:0:2 3:1:2 6:2:2"
OO_WM_PLUS,6,13,"6:2:2 7:0:1",7,0,1,6,6,0,2,3,3,"2:1:2 3:0:2 6:2:2"
OO_WM_PLUS,6,13,"6:2:2 7:0:1",7,0,1,6,6,0,2,4,3,"1:1:2 4:0:2 6:2:2"
OO_WM_PLUS,6,13,"6:2:2 7:0:1",7,0,1,6,6,1,1,0,2,"5:2:2 6:0:1"
OO_WM_PLUS,6,13,"6:2:2 7:0:1",7,0,1,6,6,1,1,1,3,"1:2:2 4:2:2 6:0:1"
OO_WM_PLUS,6,13,"6:2:2 7:0:1",7,0,1,6,6,1,1,2,3,"2:2:2 3:2:2 6:0:1"
WO_MO,6,12,"6:0:2 6:1:2",6,0,2,1,4,1,2,2,4,"1:0:1 1:1:2 2:2:2 6:1:2"
WO_MO,6,12,"6:0:2 6:1:2",6,0,2,1,6,1,2,1,4,"1:0:1 1:2:2 4:1:2 4:1:2"
WO_MO,6,12,"6:0:2 6:1:2",6,0,2,1,6,1,2,2,4,"1:0:1 2:2:2 3:1:2 4:1:2"
WO_MO,6,12,"6:0:2 6:1:2",6,0,2,1,6,1,2,4,4,"1:0:1 1:1:2 4:1:2 4:2:2"
WO_MO,6,12,"6:0:2 6:1:2",6,0,2,2,6,1,2,2,4,"2:0:1 2:2:2 3:1:2 3:1:2"
WO_MO,6,12,"6:0:2 6:1:2",6,0,2,3,6,1,2,2,4,"2:1:2 2:2:2 3:0:1 3:1:2"
WO_MO,6,12,"6:0:2 6:1:2",6,0,2,3,6,1,2,3,4,"2:1:2 2:1:2 3:0:1 3:2:2"
WO_MO,6,12,"6:0:2 6:1:2",6,0,2,3,6,1,2,4,4,"1:1:2 2:1:2 3:0:1 4:2:2"
WO_MO,6,12,"6:0:2 6:1:2",6,0,2,4,4,0,2,2,4,"1:1:2 1:1:2 2:0:2 6:1:2"
WO_MO,6,12,"6:0:2 6:1:2",6,0,2,4,6,1,2,1,4,"1:1:2 1:2:2 4:0:1 4:1:2"
WO_MO,6,12,"6:0:2 6:1:2",6,0,2,4,6,1,2,2,4,"1:1:2 2:2:2 3:1:2 4:0:1"
WO_MO,6,12,"6:0:2 6:1:2",6,0,2,4,6,1,2,4,4,"1:1:2 1:1:2 4:0:1 4:2:2"
WO_MO,6,12,"6:0:2 6:1:2",6,1,2,0,5,1,2,2,3,"2:1:2 2:2:2 6:0:2"
WO_MO,6,12,"6:0:2 6:1:2",6,1,2,0,6,0,1,1,3,"1:0:2 4:2:2 5:1:2"
WO_MO,6,12,"6:0:2 6:1:2",6,1,2,0,6,0,1,2,3,"2:0:2 3:2:2 5:1:2"
WO_MO,6,12,"6:0:2 6:1:2",6,1,2,0,6,0,1,3,3,"2:2:2 3:0:2 5:1:2"
WO_MO,6,12,"6:0:2 6:1:2",6,1,2,0,6,0,1,4,3,"1:2:2 4:0:2 5:1:2"
WO_MO,6,12,"6:0:2 6:1:2",6,1,2,0,6,0,1,5,2,"5:0:2 5:1:2"
WO_MO,6,12,"6:0:2 6:1:2",6,1,2,1,4,1,2,2,4,"1:1:1 1:1:2 2:2:2 6:0:2"
WO_MO,6,12,"6:0:2 6:1:2",6,1,2,1,6,0,1,1,4,"1:0:2 1:1:1 4:1:2 4:2:2"
WO_MO,6,12,"6:0:2 6:1:2",6,1,2,1,6,0,1,2,4,"1:1:1 2:0:2 3:2:2 4:1:2"
WO_MO,6,12,"6:0:2 6:1:2",6,1,2,1,6,0,1,3,4,"1:1:1 2:2:2 3:0:2 4:1:2"
WO_MO,6,12,"6:0:2 6:1:2",6,1,2,1,6,0,1,4,4,"1:1:1 1:2:2 4:0:2 4:1:2"
WO_MO,6,12,"6:0:2 6:1:2",6,1,2,2,6,0,1,2,4,"2:0:2 2:1:1 3:1:2 3:2:2"
WO_MO,6,12,"6:0:2 6:1:2",6,1,2,2,6,0,1,3,4,"2:1:1 2:2:2 3:0:2 3:1:2"
WO_MO,6,12,"6:0:2 6:1:2",6,1,2,3,6,0,1,1,4,"1:0:2 2:1:2 3:1:1 4:2:2"
WO_MO,6,12,"6:0:2 6:1:2",6,1,2,3,6,0,1,2,4,"2:0:2 2:1:2 3:1:1 3:2:2"
WO_MO,6,12,"6:0:2 6:1:2",6,1,2,3,6,0,1,3,4,"2:1:2 2:2:2 3:0:2 3:1:1"
WO_MO,6,12,"6:0:2 6:1:2",6,1,2,4,6,0,1,1,4,"1:0:2 1:1:2 4:1:1 4:2:2"
WO_MO,6,12,"6:0:2 6:1:2",6,1,2,4,6,0,1,2,4,"1:1:2 2:0:2 3:2:2 4:1:1"
WO_MO,6,12,"6:0:2 6:1:2",6,1,2,4,6,0,1,3,4,"1:1:2 2:2:2 3:0:2 4:1:1"
WO_PLUS_MO,6,13,"6:1:2 7:0:2",6,1,2,0,5,1,2,1,3,"1:2:2 3:1:2 7:0:2"
WO_PLUS_MO,6,13,"6:1:2 7:0:2",6,1,2,0,5,1,2,2,3,"2:1:2 2:2:2 7:0:2"
WO_PLUS_MO,6,13,"6:1:2 7:0:2",6,1,2,0,5,1,2,3,3,"1:1:2 3:2:2 7:0:2"
WO_PLUS_MO,6,13,"6:1:2 7:0:2",6,1,2,0,7,0,1,1,3,"1:0:2 5:1:2 5:2:2"
WO_PLUS_MO,6,13,"6:1:2 7:0:2",6,1,2,0,7,0,1,2,3,"2:0:2 4:2:2 5:1:2"
WO_PLUS_MO,6,13,"6:1:2 7:0:2",6,1,2,0,7,0,1,3,3,"3:0:2 3:2:2 5:1:2"
WO_PLUS_MO,6,13,"6:1:2 7:0:2",6,1,2,0,7,0,1,4,3,"2:2:2 4:0:2 5:1:2"
WO_PLUS_MO,6,13,"6:1:2 7:0:2",6,1,2,0,7,0,1,5,3,"1:2:2 5:0:2 5:1:2"
WO_PLUS_MO,6,13,"6:1:2 7:0:2",6,1,2,0,7,0,1,6,2,"5:1:2 6:0:2"
WO_PLUS_MO,6,13,"6:1:2 7:0:2",6,1,2,1,4,1,2,1,4,"1:1:1 1:2:2 2:1:2 7:0:2"
WO_PLUS_MO,6,13,"6:1:2 7:0:2",6,1,2,1,4,1,2,2,4,"1:1:1 1:1:2 2:2:2 7:0:2"
WO_PLUS_MO,6,13,"6:1:2 7:0:2",6,1,2,1,7,0,1,2,4,"1:1:1 2:0:2 4:1:2 4:2:2"
WO_PLUS_MO,6,13,"6:1:2 7:0:2",6,1,2,1,7,0,1,4,4,"1:1:1 2:2:2 4:0:2 4:1:2"
WO_PLUS_MO,6,13,"6:1:2 7:0:2",6,1,2,1,7,0,1,5,4,"1:1:1 1:2:2 4:1:2 5:0:2"
WO_PLUS_MO,6,13,"6:1:2 7:0:2",6,1,2,2,7,0,1,4,4,"2:1:1 2:2:2 3:1:2 4:0:2"
WO_PLUS_MO,6,13,"6:1:2 7:0:2",6,1,2,3,3,2,2,1,4,"1:1:2 1:1:2 2:1:2 7:0:2"
WO_PLUS_MO,6,13,"6:1:2 7:0:2",6,1,2,3,7,0,1,2,4,"2:0:2 2:1:2 3:1:1 4:2:2"
WO_PLUS_MO,6,13,"6:1:2 7:0:2",6,1,2,3,7,0,1,3,4,"2:1:2 3:0:2 3:1:1 3:2:2"
WO_PLUS_MO,6,13,"6:1:2 7:0:2",6,1,2,3,7,0,1,4,4,"2:1:2 2:2:2 3:1:1 4:0:2"
WO_PLUS_MO,6,13,"6:1:2 7:0:2",6,1,2,3,7,0,1,5,4,"1:2:2 2:1:2 3:1:1 5:0:2"
WO_PLUS_MO,6,13,"6:1:2 7:0:2",6,1,2,4,4,2,2,1,4,"1:1:2 1:1:2 2:1:2 7:0:2"
WO_PLUS_MO,6,13,"6:1:2 7:0:2",6,1,2,4,7,0,1,2,4,"1:1:2 2:0:2 4:1:1 4:2:2"
WO_PLUS_MO,6,13,"6:1:2 7:0:2",6,1,2,4,7,0,1,4,4,"1:1:2 2:2:2 4:0:2 4:1:1"
WO_PLUS_MO,6,13,"6:1:2 7:0:2",6,1,2,4,7,0,1,5,4,"1:1:2 1:2:2 4:1:1 5:0:2"
WO_PLUS_MO,6,13,"6:1:2 7:0:2",7,0,2,1,5,1,2,2,4,"1:0:1 2:1:2 2:2:2 6:1:2"
WO_PLUS_MO,6,13,"6:1:2 7:0:2",7,0,2,1,6,1,2,0,3,"1:0:1 5:1:2 5:1:2"
WO_PLUS_MO,6,13,"6:1:2 7:0:2",7,0,2,1,6,1,2,1,4,"1:0:1 1:2:2 4:1:2 5:1:2"
WO_PLUS_MO,6,13,"6:1:2 7:0:2",7,0,2,1,6,1,2,2,4,"1:0:1 2:2:2 3:1:2 5:1:2"
WO_PLUS_MO,6,13,"6:1:2 7:0:2",7,0,2,1,6,1,2,3,4,"1:0:1 2:1:2 3:2:2 5:1:2"
WO_PLUS_MO,6,13,"6:1:2 7:0:2",7,0,2,1,6,1,2,4,4,"1:0:1 1:1:2 4:2:2 5:1:2"
WO_PLUS_MO,6,13,"6:1:2 7:0:2",7,0,2,2,4,1,2,2,4,"1:1:2 2:0:1 2:2:2 6:1:2"
WO_PLUS_MO,6,13,"6:1:2 7:0:2",7,0,2,2,6,1,2,1,4,"1:2:2 2:0:1 4:1:2 4:1:2"
WO_PLUS_MO,6,13,"6:1:2 7:0:2",7,0,2,2,6,1,2,2,4,"2:0:1 2:2:2 3:1:2 4:1:2"
WO_PLUS_MO,6,13,"6:1:2 7:0:2",7,0,2,2,6,1,2,4,4,"1:1:2 2:0:1 4:1:2 4:2:2"
WO_PLUS_MO,6,13,"6:1:2 7:0:2",7,0,2,3,6,1,2,2,4,"2:2:2 3:0:1 3:1:2 3:1:2"
WO_PLUS_MO,6,13,"6:1:2 7:0:2",7,0,2,3,6,1,2,3,4,"2:1:2 3:0:1 3:1:2 3:2:2"
WO_PLUS_MO,6,13,"6:1:2 7:0:2",7,0,2,3,6,1,2,4,4,"1:1:2 3:0:1 3:1:2 4:2:2"
WO_PLUS_MO,6,13,"6:1:2 7:0:2",7,0,2,4,6,1,2,2,4,"2:1:2 2:2:2 3:1:2 4:0:1"
WO_PLUS_MO,6,13,"6:1:2 7:0:2",7,0,2,4,6,1,2,3,4,"2:1:2 2:1:2 3:2:2 4:0:1"
WO_PLUS_MO,6,13,"6:1:2 7:0:2",7,0,2,4,6,1,2,4,4,"1:1:2 2:1:2 4:0:1 4:2:2"
WO_PLUS_MO,6,13,"6:1:2 7:0:2",7,0,2,5,6,1,2,2,4,"1:1:2 2:2:2 3:1:2 5:0:1"
WO_PLUS_MO,6,13,"6:1:2 7:0:2",7,0,2,5,6,1,2,4,4,"1:1:2 1:1:2 4:2:2 5:0:1"
MO_MO,7,14,"7:1:2 7:1:2",7,1,2,0,6,1,2,2,3,"2:2:2 3:1:2 7:1:2"
MO_MO,7,14,"7:1:2 7:1:2",7,1,2,0,6,1,2,3,3,"2:1:2 3:2:2 7:1:2"
MO_MO,7,14,"7:1:2 7:1:2",7,1,2,0,6,1,2,4,3,"1:1:2 4:2:2 7:1:2"
MO_MO,7,14,"7:1:2 7:1:2",7,1,2,0,7,1,2,0,2,"6:1:2 6:1:2"
MO_MO,7,14,"7:1:2 7:1:2",7,1,2,0,7,1,2,1,3,"1:2:2 5:1:2 6:1:2"
MO_MO,7,14,"7:1:2 7:1:2",7,1,2,0,7,1,2,2,3,"2:2:2 4:1:2 6:1:2"
MO_MO,7,14,"7:1:2 7:1:2",7,1,2,0,7,1,2,3,3,"3:1:2 3:2:2 6:1:2"
MO_MO,7,14,"7:1:2 7:1:2",7,1,2,0,7,1,2,4,3,"2:1:2 4:2:2 6:1:2"
MO_MO,7,14,"7:1:2 7:1:2",7,1,2,0,7,1,2,5,3,"1:1:2 5:2:2 6:1:2"
MO_MO,7,14,"7:1:2 7:1:2",7,1,2,1,5,1,2,2,4,"1:1:1 2:1:2 2:2:2 7:1:2"
MO_MO,7,14,"7:1:2 7:1:2",7,1,2,1,7,1,2,1,4,"1:1:1 1:2:2 5:1:2 5:1:2"
MO_MO,7,14,"7:1:2 7:1:2",7,1,2,1,7,1,2,2,4,"1:1:1 2:2:2 4:1:2 5:1:2"
MO_MO,7,14,"7:1:2 7:1:2",7,1,2,1,7,1,2,4,4,"1:1:1 2:1:2 4:2:2 5:1:2"
MO_MO,7,14,"7:1:2 7:1:2",7,1,2,1,7,1,2,5,4,"1:1:1 1:1:2 5:1:2 5:2:2"
MO_MO,7,14,"7:1:2 7:1:2",7,1,2,2,7,1,2,2,4,"2:1:1 2:2:2 4:1:2 4:1:2"
MO_MO,7,14,"7:1:2 7:1:2",7,1,2,3,7,1,2,3,4,"3:1:1 3:1:2 3:1:2 3:2:2"
MO_MO,7,14,"7:1:2 7:1:2",7,1,2,4,7,1,2,2,4,"2:1:2 2:2:2 4:1:1 4:1:2"
MO_MO,7,14,"7:1:2 7:1:2",7,1,2,4,7,1,2,4,4,"2:1:2 2:1:2 4:1:1 4:2:2"
MO_MO,7,14,"7:1:2 7:1:2",7,1,2,5,7,1,2,2,4,"1:1:2 2:2:2 4:1:2 5:1:1"
MO_MO,7,14,"7:1:2 7:1:2",7,1,2,5,7,1,2,5,4,"1:1:2 1:1:2 5:1:1 5:2:2"
OO_MM,7,14,"7:1:1 7:2:2",7,1,1,0,6,2,2,1,3,"1:1:2 4:1:2 7:2:2"
OO_MM,7,14,"7:1:1 7:2:2",7,1,1,0,6,2,2,2,3,"2:1:2 3:1:2 7:2:2"
OO_MM,7,14,"7:1:1 7:2:2",7,1,1,0,7,1,1,0,2,"6:1:1 6:2:2"
OO_MM,7,14,"7:1:1 7:2:2",7,1,1,0,7,1,1,1,3,"1:2:2 5:2:2 6:1:1"
OO_MM,7,14,"7:1:1 7:2:2",7,1,1,0,7,1,1,2,3,"2:2:2 4:2:2 6:1:1"
OO_MM,7,14,"7:1:1 7:2:2",7,1,1,0,7,1,1,3,3,"3:2:2 3:2:2 6:1:1"
OO_MM,7,14,"7:1:1 7:2:2",7,1,1,1,5,2,2,1,4,"1:1:1 1:1:2 3:1:2 7:2:2"
OO_MM,7,14,"7:1:1 7:2:2",7,1,1,1,7,1,1,1,4,"1:1:1 1:2:2 5:1:1 5:2:2"
OO_MM,7,14,"7:1:1 7:2:2",7,1,1,1,7,1,1,2,4,"1:1:1 2:2:2 4:2:2 5:1:1"
OO_MM,7,14,"7:1:1 7:2:2",7,1,1,2,7,1,1,2,4,"2:1:1 2:2:2 4:1:1 4:2:2"
OO_MM,7,14,"7:1:1 7:2:2",7,1,1,3,3,2,2,1,4,"1:1:2 1:1:2 3:1:1 7:2:2"
OO_MM,7,14,"7:1:1 7:2:2",7,1,1,3,7,1,1,2,4,"2:2:2 3:1:1 3:1:1 4:2:2"
OO_MM,7,14,"7:1:1 7:2:2",7,1,1,3,7,1,1,3,4,"3:1:1 3:1:1 3:2:2 3:2:2"
OO_MM,7,14,"7:1:1 7:2:2",7,2,2,1,5,1,2,2,4,"1:1:2 2:1:2 2:2:2 7:1:1"
OO_MM,7,14,"7:1:1 7:2:2",7,2,2,1,7,2,2,1,4,"1:1:2 1:1:2 5:1:2 5:1:2"
OO_MM,7,14,"7:1:1 7:2:2",7,2,2,1,7,2,2,2,4,"1:1:2 2:1:2 4:1:2 5:1:2"
OO_MM,7,14,"7:1:1 7:2:2",7,2,2,2,4,1,2,2,4,"1:1:2 2:1:2 2:2:2 7:1:1"
OO_MM,7,14,"7:1:1 7:2:2",7,2,2,2,7,2,2,1,4,"1:1:2 2:1:2 4:1:2 5:1:2"
OO_MM,7,14,"7:1:1 7:2:2",7,2,2,2,7,2,2,2,4,"2:1:2 2:1:2 4:1:2 4:1:2"
OO_MM,7,14,"7:1:1 7:2:2",7,2,2,3,7,2,2,3,4,"3:1:2 3:1:2 3:1:2 3:1:2"
OO_WM,7,14,"7:0:1 7:2:2",7,0,1,1,5,2,2,1,4,"1:0:1 1:1:2 3:1:2 7:2:2"
OO_WM,7,14,"7:0:1 7:2:2",7,0,1,1,7,1,1,1,4,"1:0:1 1:2:2 5:1:1 5:2:2"
OO_WM,7,14,"7:0:1 7:2:2",7,0,1,1,7,1,1,2,4,"1:0:1 2:2:2 4:2:2 5:1:1"
OO_WM,7,14,"7:0:1 7:2:2",7,0,1,2,7,1,1,2,4,"2:0:1 2:2:2 4:1:1 4:2:2"
OO_WM,7,14,"7:0:1 7:2:2",7,0,1,3,3,0,2,1,4,"1:0:2 1:1:2 3:1:1 7:2:2"
OO_WM,7,14,"7:0:1 7:2:2",7,0,1,3,3,2,2,1,4,"1:1:2 1:1:2 3:0:1 7:2:2"
OO_WM,7,14,"7:0:1 7:2:2",7,0,1,3,7,1,1,2,4,"2:2:2 3:0:1 3:1:1 4:2:2"
OO_WM,7,14,"7:0:1 7:2:2",7,0,1,3,7,1,1,3,4,"3:0:1 3:1:1 3:2:2 3:2:2"
OO_WM,7,14,"7:0:1 7:2:2",7,0,1,4,7,1,1,2,4,"2:1:1 2:2:2 4:0:1 4:2:2"
OO_WM,7,14,"7:0:1 7:2:2",7,0,1,5,5,0,2,1,4,"1:0:2 1:1:1 3:1:2 7:2:2"
OO_WM,7,14,"7:0:1 7:2:2",7,0,1,5,5,0,2,2,4,"1:1:1 2:0:2 2:1:2 7:2:2"
OO_WM,7,14,"7:0:1 7:2:2",7,0,1,5,5,0,2,3,4,"1:1:1 1:1:2 3:0:2 7:2:2"
OO_WM,7,14,"7:0:1 7:2:2",7,0,1,5,7,1,1,1,4,"1:1:1 1:2:2 5:0:1 5:2:2"
OO_WM,7,14,"7:0:1 7:2:2",7,0,1,5,7,1,1,2,4,"1:1:1 2:2:2 4:2:2 5:0:1"
OO_WM,7,14,"7:0:1 7:2:2",7,0,1,6,6,0,2,1,3,"1:0:2 4:1:2 7:2:2"
OO_WM,7,14,"7:0:1 7:2:2",7,0,1,6,6,0,2,2,3,"2:0:2 3:1:2 7:2:2"
OO_WM,7,14,"7:0:1 7:2:2",7,0,1,6,6,0,2,3,3,"2:1:2 3:0:2 7:2:2"
OO_WM,7,14,"7:0:1 7:2:2",7,0,1,6,6,0,2,4,3,"1:1:2 4:0:2 7:2:2"
OO_WM,7,14,"7:0:1 7:2:2",7,0,1,6,7,1,1,0,2,"6:0:1 6:2:2"
OO_WM,7,14,"7:0:1 7:2:2",7,0,1,6,7,1,1,1,3,"1:2:2 5:2:2 6:0:1"
OO_WM,7,14,"7:0:1 7:2:2",7,0,1,6,7,1,1,2,3,"2:2:2 4:2:2 6:0:1"
OO_WM,7,14,"7:0:1 7:2:2",7,0,1,6,7,1,1,3,3,"3:2:2 3:2:2 6:0:1"
OO_WM,7,14,"7:0:1 7:2:2",7,2,2,1,5,1,2,2,4,"1:1:2 2:1:2 2:2:2 7:0:1"
OO_WM,7,14,"7:0:1 7:2:2",7,2,2,1,7,0,2,1,4,"1:0:2 1:1:2 5:1:2 5:1:2"
OO_WM,7,14,"7:0:1 7:2:2",7,2,2,1,7,0,2,2,4,"1:1:2 2:0:2 4:1:2 5:1:2"
OO_WM,7,14,"7:0:1 7:2:2",7,2,2,1,7,0,2,4,4,"1:1:2 2:1:2 4:0:2 5:1:2"
OO_WM,7,14,"7:0:1 7:2:2",7,2,2,1,7,0,2,5,4,"1:1:2 1:1:2 5:0:2 5:1:2"
OO_WM,7,14,"7:0:1 7:2:2",7,2,2,2,4,1,2,2,4,"1:1:2 2:1:2 2:2:2 7:0:1"
OO_WM,7,14,"7:0:1 7:2:2",7,2,2,2,7,0,2,1,4,"1:0:2 2:1:2 4:1:2 5:1:2"
OO_WM,7,14,"7:0:1 7:2:2",7,2,2,2,7,0,2,2,4,"2:0:2 2:1:2 4:1:2 4:1:2"
OO_WM,7,14,"7:0:1 7:2:2",7,2,2,2,7,0,2,4,4,"2:1:2 2:1:2 4:0:2 4:1:2"
OO_WM,7,14,"7:0:1 7:2:2",7,2,2,2,7,0,2,5,4,"1:1:2 2:1:2 4:1:2 5:0:2"
OO_WM,7,14,"7:0:1 7:2:2",7,2,2,3,7,0,2,3,4,"3:0:2 3:1:2 3:1:2 3:1:2"
OO_WM_PLUS,7,15,"7:2:2 8:0:1",7,2,2,1,5,1,2,2,4,"1:1:2 2:1:2 2:2:2 8:0:1"
OO_WM_PLUS,7,15,"7:2:2 8:0:1",7,2,2,1,8,0,2,2,4,"1:1:2 2:0:2 5:1:2 5:1:2"
OO_WM_PLUS,7,15,"7:2:2 8:0:1",7,2,2,1,8,0,2,3,4,"1:1:2 3:0:2 4:1:2 5:1:2"
OO_WM_PLUS,7,15,"7:2:2 8:0:1",7,2,2,1,8,0,2,5,4,"1:1:2 2:1:2 5:0:2 5:1:2"
OO_WM_PLUS,7,15,"7:2:2 8:0:1",7,2,2,1,8,0,2,6,4,"1:1:2 1:1:2 5:1:2 6:0:2"
OO_WM_PLUS,7,15,"7:2:2 8:0:1",7,2,2,2,4,1,2,2,4,"1:1:2 2:1:2 2:2:2 8:0:1"
OO_WM_PLUS,7,15,"7:2:2 8:0:1",7,2,2,2,8,0,2,2,4,"2:0:2 2:1:2 4:1:2 5:1:2"
OO_WM_PLUS,7,15,"7:2:2 8:0:1",7,2,2,2,8,0,2,3,4,"2:1:2 3:0:2 4:1:2 4:1:2"
OO_WM_PLUS,7,15,"7:2:2 8:0:1",7,2,2,2,8,0,2,5,4,"2:1:2 2:1:2 4:1:2 5:0:2"
OO_WM_PLUS,7,15,"7:2:2 8:0:1",7,2,2,2,8,0,2,6,4,"1:1:2 2:1:2 4:1:2 6:0:2"
OO_WM_PLUS,7,15,"7:2:2 8:0:1",7,2,2,3,8,0,2,4,4,"3:1:2 3:1:2 3:1:2 4:0:2"
OO_WM_PLUS,7,15,"7:2:2 8:0:1",8,0,1,1,6,2,2,1,4,"1:0:1 1:1:2 4:1:2 7:2:2"
OO_WM_PLUS,7,15,"7:2:2 8:0:1",8,0,1,1,6,2,2,2,4,"1:0:1 2:1:2 3:1:2 7:2:2"
OO_WM_PLUS,7,15,"7:2:2 8:0:1",8,0,1,1,7,1,1,0,3,"1:0:1 6:1:1 6:2:2"
OO_WM_PLUS,7,15,"7:2:2 8:0:1",8,0,1,1,7,1,1,1,4,"1:0:1 1:2:2 5:2:2 6:1:1"
OO_WM_PLUS,7,15,"7:2:2 8:0:1",8,0,1,1,7,1,1,2,4,"1:0:1 2:2:2 4:2:2 6:1:1"
OO_WM_PLUS,7,15,"7:2:2 8:0:1",8,0,1,1,7,1,1,3,4,"1:0:1 3:2:2 3:2:2 6:1:1"
OO_WM_PLUS,7,15,"7:2:2 8:0:1",8,0,1,2,5,2,2,1,4,"1:1:2 2:0:1 3:1:2 7:2:2"
OO_WM_PLUS,7,15,"7:2:2 8:0:1",8,0,1,2,7,1,1,1,4,"1:2:2 2:0:1 5:1:1 5:2:2"
OO_WM_PLUS,7,15,"7:2:2 8:0:1",8,0,1,2,7,1,1,2,4,"2:0:1 2:2:2 4:2:2 5:1:1"
OO_WM_PLUS,7,15,"7:2:2 8:0:1",8,0,1,3,7,1,1,2,4,"2:2:2 3:0:1 4:1:1 4:2:2"
OO_WM_PLUS,7,15,"7:2:2 8:0:1",8,0,1,4,3,2,2,1,4,"1:1:2 1:1:2 4:0:1 7:2:2"
OO_WM_PLUS,7,15,"7:2:2 8:0:1",8,0,1,4,4,0,2,2,4,"1:1:2 2:0:2 3:1:1 7:2:2"
OO_WM_PLUS,7,15,"7:2:2 8:0:1",8,0,1,4,7,1,1,2,4,"2:2:2 3:1:1 4:0:1 4:2:2"
OO_WM_PLUS,7,15,"7:2:2 8:0:1",8,0,1,4,7,1,1,3,4,"3:1:1 3:2:2 3:2:2 4:0:1"
OO_WM_PLUS,7,15,"7:2:2 8:0:1",8,0,1,5,7,1,1,2,4,"2:1:1 2:2:2 4:2:2 5:0:1"
OO_WM_PLUS,7,15,"7:2:2 8:0:1",8,0,1,6,6,0,2,2,4,"1:1:1 2:0:2 3:1:2 7:2:2"
OO_WM_PLUS,7,15,"7:2:2 8:0:1",8,0,1,6,6,0,2,4,4,"1:1:1 1:1:2 4:0:2 7:2:2"
OO_WM_PLUS,7,15,"7:2:2 8:0:1",8,0,1,6,7,1,1,1,4,"1:1:1 1:2:2 5:2:2 6:0:1"
OO_WM_PLUS,7,15,"7:2:2 8:0:1",8,0,1,6,7,1,1,2,4,"1:1:1 2:2:2 4:2:2 6:0:1"
OO_WM_PLUS,7,15,"7:2:2 8:0:1",8,0,1,7,7,0,2,2,3,"2:0:2 4:1:2 7:2:2"
OO_WM_PLUS,7,15,"7:2:2 8:0:1",8,0,1,7,7,0,2,3,3,"3:0:2 3:1:2 7:2:2"
OO_WM_PLUS,7,15,"7:2:2 8:0:1",8,0,1,7,7,0,2,4,3,"2:1:2 4:0:2 7:2:2"
OO_WM_PLUS,7,15,"7:2:2 8:0:1",8,0,1,7,7,0,2,5,3,"1:1:2 5:0:2 7:2:2"
OO_WM_PLUS,7,15,"7:2:2 8:0:1",8,0,1,7,7,1,1,0,2,"6:2:2 7:0:1"
OO_WM_PLUS,7,15,"7:2:2 8:0:1",8,0,1,7,7,1,1,1,3,"1:2:2 5:2:2 7:0:1"
OO_WM_PLUS,7,15,"7:2:2 8:0:1",8,0,1,7,7,1,1,2,3,"2:2:2 4:2:2 7:0:1"
OO_WM_PLUS,7,15,"7:2:2 8:0:1",8,0,1,7,7,1,1,3,3,"3:2:2 3:2:2 7:0:1"
WO_MO,7,14,"7:0:2 7:1:2",7,0,2,1,5,1,2,2,4,"1:0:1 2:1:2 2:2:2 7:1:2"
WO_MO,7,14,"7:0:2 7:1:2",7,0,2,1,7,1,2,1,4,"1:0:1 1:2:2 5:1:2 5:1:2"
WO_MO,7,14,"7:0:2 7:1:2",7,0,2,1,7,1,2,2,4,"1:0:1 2:2:2 4:1:2 5:1:2"
WO_MO,7,14,"7:0:2 7:1:2",7,0,2,1,7,1,2,4,4,"1:0:1 2:1:2 4:2:2 5:1:2"
WO_MO,7,14,"7:0:2 7:1:2",7,0,2,1,7,1,2,5,4,"1:0:1 1:1:2 5:1:2 5:2:2"
WO_MO,7,14,"7:0:2 7:1:2",7,0,2,2,7,1,2,2,4,"2:0:1 2:2:2 4:1:2 4:1:2"
WO_MO,7,14,"7:0:2 7:1:2",7,0,2,3,7,1,2,3,4,"3:0:1 3:1:2 3:1:2 3:2:2"
WO_MO,7,14,"7:0:2 7:1:2",7,0,2,4,4,0,2,2,4,"1:1:2 2:0:2 2:1:2 7:1:2"
WO_MO,7,14,"7:0:2 7:1:2",7,0,2,4,7,1,2,1,4,"1:2:2 2:1:2 4:0:1 5:1:2"
WO_MO,7,14,"7:0:2 7:1:2",7,0,2,4,7,1,2,2,4,"2:1:2 2:2:2 4:0:1 4:1:2"
WO_MO,7,14,"7:0:2 7:1:2",7,0,2,4,7,1,2,4,4,"2:1:2 2:1:2 4:0:1 4:2:2"
WO_MO,7,14,"7:0:2 7:1:2",7,0,2,4,7,1,2,5,4,"1:1:2 2:1:2 4:0:1 5:2:2"
WO_MO,7,14,"7:0:2 7:1:2",7,0,2,5,5,0,2,2,4,"1:1:2 2:0:2 2:1:2 7:1:2"
WO_MO,7,14,"7:0:2 7:1:2",7,0,2,5,7,1,2,2,4,"1:1:2 2:2:2 4:1:2 5:0:1"
WO_MO,7,14,"7:0:2 7:1:2",7,0,2,5,7,1,2,5,4,"1:1:2 1:1:2 5:0:1 5:2:2"
WO_MO,7,14,"7:0:2 7:1:2",7,1,2,0,6,1,2,2,3,"2:2:2 3:1:2 7:0:2"
WO_MO,7,14,"7:0:2 7:1:2",7,1,2,0,6,1,2,3,3,"2:1:2 3:2:2 7:0:2"
WO_MO,7,14,"7:0:2 7:1:2",7,1,2,0,6,1,2,4,3,"1:1:2 4:2:2 7:0:2"
WO_MO,7,14,"7:0:2 7:1:2",7,1,2,0,7,0,1,1,3,"1:0:2 5:2:2 6:1:2"
WO_MO,7,14,"7:0:2 7:1:2",7,1,2,0,7,0,1,2,3,"2:0:2 4:2:2 6:1:2"
WO_MO,7,14,"7:0:2 7:1:2",7,1,2,0,7,0,1,3,3,"3:0:2 3:2:2 6:1:2"
WO_MO,7,14,"7:0:2 7:1:2",7,1,2,0,7,0,1,4,3,"2:2:2 4:0:2 6:1:2"
WO_MO,7,14,"7:0:2 7:1:2",7,1,2,0,7,0,1,5,3,"1:2:2 5:0:2 6:1:2"
WO_MO,7,14,"7:0:2 7:1:2",7,1,2,0,7,0,1,6,2,"6:0:2 6:1:2"
WO_MO,7,14,"7:0:2 7:1:2",7,1,2,1,5,1,2,2,4,"1:1:1 2:1:2 2:2:2 7:0:2"
WO_MO,7,14,"7:0:2 7:1:2",7,1,2,1,7,0,1,1,4,"1:0:2 1:1:1 5:1:2 5:2:2"
WO_MO,7,14,"7:0:2 7:1:2",7,1,2,1,7,0,1,2,4,"1:1:1 2:0:2 4:2:2 5:1:2"
WO_MO,7,14,"7:0:2 7:1:2",7,1,2,1,7,0,1,4,4,"1:1:1 2:2:2 4:0:2 5:1:2"
WO_MO,7,14,"7:0:2 7:1:2",7,1,2,1,7,0,1,5,4,"1:1:1 1:2:2 5:0:2 5:1:2"
WO_MO,7,14,"7:0:2 7:1:2",7,1,2,2,7,0,1,2,4,"2:0:2 2:1:1 4:1:2 4:2:2"
WO_MO,7,14,"7:0:2 7:1:2",7,1,2,2,7,0,1,4,4,"2:1:1 2:2:2 4:0:2 4:1:2"
WO_MO,7,14,"7:0:2 7:1:2",7,1,2,3,7,0,1,2,4,"2:0:2 3:1:1 3:1:2 4:2:2"
WO_MO,7,14,"7:0:2 7:1:2",7,1,2,3,7,0,1,3,4,"3:0:2 3:1:1 3:1:2 3:2:2"
WO_MO,7,14,"7:0:2 7:1:2",7,1,2,4,7,0,1,2,4,"2:0:2 2:1:2 4:1:1 4:2:2"
WO_MO,7,14,"7:0:2 7:1:2",7,1,2,4,7,0,1,4,4,"2:1:2 2:2:2 4:0:2 4:1:1"
WO_MO,7,14,"7:0:2 7:1:2",7,1,2,5,7,0,1,1,4,"1:0:2 1:1:2 5:1:1 5:2:2"
WO_MO,7,14,"7:0:2 7:1:2",7,1,2,5,7,0,1,2,4,"1:1:2 2:0:2 4:2:2 5:1:1"
WO_MO,7,14,"7:0:2 7:1:2",7,1,2,5,7,0,1,4,4,"1:1:2 2:2:2 4:0:2 5:1:1"
WO_PLUS_MO,7,15,"7:1:2 8:0:2",7,1,2,0,6,1,2,1,3,"1:2:2 4:1:2 8:0:2"
WO_PLUS_MO,7,15,"7:1:2 8:0:2",7,1,2,0,6,1,2,2,3,"2:2:2 3:1:2 8:0:2"
WO_PLUS_MO,7,15,"7:1:2 8:0:2",7,1,2,0,6,1,2,3,3,"2:1:2 3:2:2 8:0:2"
WO_PLUS_MO,7,15,"7:1:2 8:0:2",7,1,2,0,6,1,2,4,3,"1:1:2 4:2:2 8:0:2"
WO_PLUS_MO,7,15,"7:1:2 8:0:2",7,1,2,0,8,0,1,1,3,"1:0:2 6:1:2 6:2:2"
WO_PLUS_MO,7,15,"7:1:2 8:0:2",7,1,2,0,8,0,1,2,3,"2:0:2 5:2:2 6:1:2"
WO_PLUS_MO,7,15,"7:1:2 8:0:2",7,1,2,0,8,0,1,3,3,"3:0:2 4:2:2 6:1:2"
WO_PLUS_MO,7,15,"7:1:2 8:0:2",7,1,2,0,8,0,1,4,3,"3:2:2 4:0:2 6:1:2"
WO_PLUS_MO,7,15,"7:1:2 8:0:2",7,1,2,0,8,0,1,5,3,"2:2:2 5:0:2 6:1:2"
WO_PLUS_MO,7,15,"7:1:2 8:0:2",7,1,2,0,8,0,1,6,3,"1:2:2 6:0:2 6:1:2"
WO_PLUS_MO,7,15,"7:1:2 8:0:2",7,1,2,0,8,0,1,7,2,"6:1:2 7:0:2"
WO_PLUS_MO,7,15,"7:1:2 8:0:2",7,1,2,1,5,1,2,2,4,"1:1:1 2:1:2 2:2:2 8:0:2"
WO_PLUS_MO,7,15,"7:1:2 8:0:2",7,1,2,1,8,0,1,2,4,"1:1:1 2:0:2 5:1:2 5:2:2"
WO_PLUS_MO,7,15,"7:1:2 8:0:2",7,1,2,1,8,0,1,3,4,"1:1:1 3:0:2 4:2:2 5:1:2"
WO_PLUS_MO,7,15,"7:1:2 8:0:2",7,1,2,1,8,0,1,5,4,"1:1:1 2:2:2 5:0:2 5:1:2"
WO_PLUS_MO,7,15,"7:1:2 8:0:2",7,1,2,1,8,0,1,6,4,"1:1:1 1:2:2 5:1:2 6:0:2"
WO_PLUS_MO,7,15,"7:1:2 8:0:2",7,1,2,2,8,0,1,5,4,"2:1:1 2:2:2 4:1:2 5:0:2"
WO_PLUS_MO,7,15,"7:1:2 8:0:2",7,1,2,3,8,0,1,4,4,"3:1:1 3:1:2 3:2:2 4:0:2"
WO_PLUS_MO,7,15,"7:1:2 8:0:2",7,1,2,3,8,0,1,5,4,"2:2:2 3:1:1 3:1:2 5:0:2"
WO_PLUS_MO,7,15,"7:1:2 8:0:2",7,1,2,4,8,0,1,3,4,"2:1:2 3:0:2 4:1:1 4:2:2"
WO_PLUS_MO,7,15,"7:1:2 8:0:2",7,1,2,4,8,0,1,5,4,"2:1:2 2:2:2 4:1:1 5:0:2"
WO_PLUS_MO,7,15,"7:1:2 8:0:2",7,1,2,5,8,0,1,2,4,"1:1:2 2:0:2 5:1:1 5:2:2"
WO_PLUS_MO,7,15,"7:1:2 8:0:2",7,1,2,5,8,0,1,5,4,"1:1:2 2:2:2 5:0:2 5:1:1"
WO_PLUS_MO,7,15,"7:1:2 8:0:2",8,0,2,1,6,1,2,2,4,"1:0:1 2:2:2 3:1:2 7:1:2"
WO_PLUS_MO,7,15,"7:1:2 8:0:2",8,0,2,1,6,1,2,3,4,"1:0:1 2:1:2 3:2:2 7:1:2"
WO_PLUS_MO,7,15,"7:1:2 8:0:2",8,0,2,1,6,1,2,4,4,"1:0:1 1:1:2 4:2:2 7:1:2"
WO_PLUS_MO,7,15,"7:1:2 8:0:2",8,0,2,1,7,1,2,0,3,"1:0:1 6:1:2 6:1:2"
WO_PLUS_MO,7,15,"7:1:2 8:0:2",8,0,2,1,7,1,2,1,4,"1:0:1 1:2:2 5:1:2 6:1:2"
WO_PLUS_MO,7,15,"7:1:2 8:0:2",8,0,2,1,7,1,2,2,4,"1:0:1 2:2:2 4:1:2 6:1:2"
WO_PLUS_MO,7,15,"7:1:2 8:0:2",8,0,2,1,7,1,2,3,4,"1:0:1 3:1:2 3:2:2 6:1:2"
WO_PLUS_MO,7,15,"7:1:2 8:0:2",8,0,2,1,7,1,2,4,4,"1:0:1 2:1:2 4:2:2 6:1:2"
WO_PLUS_MO,7,15,"7:1:2 8:0:2",8,0,2,1,7,1,2,5,4,"1:0:1 1:1:2 5:2:2 6:1:2"
WO_PLUS_MO,7,15,"7:1:2 8:0:2",8,0,2,2,5,1,2,2,4,"2:0:1 2:1:2 2:2:2 7:1:2"
WO_PLUS_MO,7,15,"7:1:2 8:0:2",8,0,2,2,7,1,2,1,4,"1:2:2 2:0:1 5:1:2 5:1:2"
WO_PLUS_MO,7,15,"7:1:2 8:0:2",8,0,2,2,7,1,2,2,4,"2:0:1 2:2:2 4:1:2 5:1:2"
WO_PLUS_MO,7,15,"7:1:2 8:0:2",8,0,2,2,7,1,2,4,4,"2:0:1 2:1:2 4:2:2 5:1:2"
WO_PLUS_MO,7,15,"7:1:2 8:0:2",8,0,2,2,7,1,2,5,4,"1:1:2 2:0:1 5:1:2 5:2:2"
WO_PLUS_MO,7,15,"7:1:2 8:0:2",8,0,2,3,4,1,2,2,4,"1:1:2 2:2:2 3:0:1 7:1:2"
WO_PLUS_MO,7,15,"7:1:2 8:0:2",8,0,2,3,7,1,2,1,4,"1:2:2 3:0:1 4:1:2 5:1:2"
WO_PLUS_MO,7,15,"7:1:2 8:0:2",8,0,2,3,7,1,2,2,4,"2:2:2 3:0:1 4:1:2 4:1:2"
WO_PLUS_MO,7,15,"7:1:2 8:0:2",8,0,2,3,7,1,2,4,4,"2:1:2 3:0:1 4:1:2 4:2:2"
WO_PLUS_MO,7,15,"7:1:2 8:0:2",8,0,2,3,7,1,2,5,4,"1:1:2 3:0:1 4:1:2 5:2:2"
WO_PLUS_MO,7,15,"7:1:2 8:0:2",8,0,2,4,7,1,2,3,4,"3:1:2 3:1:2 3:2:2 4:0:1"
WO_PLUS_MO,7,15,"7:1:2 8:0:2",8,0,2,5,7,1,2,2,4,"2:1:2 2:2:2 4:1:2 5:0:1"
WO_PLUS_MO,7,15,"7:1:2 8:0:2",8,0,2,5,7,1,2,4,4,"2:1:2 2:1:2 4:2:2 5:0:1"
WO_PLUS_MO,7,15,"7:1:2 8:0:2",8,0,2,6,7,1,2,2,4,"1:1:2 2:2:2 4:1:2 6:0:1"
WO_PLUS_MO,7,15,"7:1:2 8:0:2",8,0,2,6,7,1,2,4,4,"1:1:2 2:1:2 4:2:2 6:0:1"
WO_PLUS_MO,7,15,"7:1:2 8:0:2",8,0,2,6,7,1,2,5,4,"1:1:2 1:1:2 5:2:2 6:0:1"
MO_MO,8,16,"8:1:2 8:1:2",8,1,2,0,7,1,2,2,3,"2:2:2 4:1:2 8:1:2"
MO_MO,8,16,"8:1:2 8:1:2",8,1,2,0,7,1,2,3,3,"3:1:2 3:2:2 8:1:2"
MO_MO,8,16,"8:1:2 8:1:2",8,1,2,0,7,1,2,4,3,"2:1:2 4:2:2 8:1:2"
MO_MO,8,16,"8:1:2 8:1:2",8,1,2,0,7,1,2,5,3,"1:1:2 5:2:2 8:1:2"
MO_MO,8,16,"8:1:2 8:1:2",8,1,2,0,8,1,2,0,2,"7:1:2 7:1:2"
MO_MO,8,16,"8:1:2 8:1:2",8,1,2,0,8,1,2,1,3,"1:2:2 6:1:2 7:1:2"
MO_MO,8,16,"8:1:2 8:1:2",8,1,2,0,8,1,2,2,3,"2:2:2 5:1:2 7:1:2"
MO_MO,8,16,"8:1:2 8:1:2",8,1,2,0,8,1,2,3,3,"3:2:2 4:1:2 7:1:2"
MO_MO,8,16,"8:1:2 8:1:2",8,1,2,0,8,1,2,4,3,"3:1:2 4:2:2 7:1:2"
MO_MO,8,16,"8:1:2 8:1:2",8,1,2,0,8,1,2,5,3,"2:1:2 5:2:2 7:1:2"
MO_MO,8,16,"8:1:2 8:1:2",8,1,2,0,8,1,2,6,3,"1:1:2 6:2:2 7:1:2"
MO_MO,8,16,"8:1:2 8:1:2",8,1,2,1,6,1,2,2,4,"1:1:1 2:2:2 3:1:2 8:1:2"
MO_MO,8,16,"8:1:2 8:1:2",8,1,2,1,8,1,2,1,4,"1:1:1 1:2:2 6:1:2 6:1:2"
MO_MO,8,16,"8:1:2 8:1:2",8,1,2,1,8,1,2,2,4,"1:1:1 2:2:2 5:1:2 6:1:2"
MO_MO,8,16,"8:1:2 8:1:2",8,1,2,1,8,1,2,3,4,"1:1:1 3:2:2 4:1:2 6:1:2"
MO_MO,8,16,"8:1:2 8:1:2",8,1,2,1,8,1,2,4,4,"1:1:1 3:1:2 4:2:2 6:1:2"
MO_MO,8,16,"8:1:2 8:1:2",8,1,2,1,8,1,2,5,4,"1:1:1 2:1:2 5:2:2 6:1:2"
MO_MO,8,16,"8:1:2 8:1:2",8,1,2,1,8,1,2,6,4,"1:1:1 1:1:2 6:1:2 6:2:2"
MO_MO,8,16,"8:1:2 8:1:2",8,1,2,2,8,1,2,2,4,"2:1:1 2:2:2 5:1:2 5:1:2"
MO_MO,8,16,"8:1:2 8:1:2",8,1,2,3,4,1,2,2,4,"1:1:2 2:2:2 3:1:1 8:1:2"
MO_MO,8,16,"8:1:2 8:1:2",8,1,2,3,8,1,2,1,4,"1:2:2 3:1:1 4:1:2 6:1:2"
MO_MO,8,16,"8:1:2 8:1:2",8,1,2,3,8,1,2,2,4,"2:2:2 3:1:1 4:1:2 5:1:2"
MO_MO,8,16,"8:1:2 8:1:2",8,1,2,3,8,1,2,3,4,"3:1:1 3:2:2 4:1:2 4:1:2"
MO_MO,8,16,"8:1:2 8:1:2",8,1,2,3,8,1,2,4,4,"3:1:1 3:1:2 4:1:2 4:2:2"
MO_MO,8,16,"8:1:2 8:1:2",8,1,2,3,8,1,2,5,4,"2:1:2 3:1:1 4:1:2 5:2:2"
MO_MO,8,16,"8:1:2 8:1:2",8,1,2,3,8,1,2,6,4,"1:1:2 3:1:1 4:1:2 6:2:2"
MO_MO,8,16,"8:1:2 8:1:2",8,1,2,4,8,1,2,4,4,"3:1:2 3:1:2 4:1:1 4:2:2"
MO_MO,8,16,"8:1:2 8:1:2",8,1,2,4,8,1,2,6,4,"1:1:2 3:1:2 4:1:1 6:2:2"
MO_MO,8,16,"8:1:2 8:1:2",8,1,2,5,8,1,2,2,4,"2:1:2 2:2:2 5:1:1 5:1:2"
MO_MO,8,16,"8:1:2 8:1:2",8,1,2,5,8,1,2,5,4,"2:1:2 2:1:2 5:1:1 5:2:2"
MO_MO,8,16,"8:1:2 8:1:2",8,1,2,6,8,1,2,4,4,"1:1:2 3:1:2 4:2:2 6:1:1"
MO_MO,8,16,"8:1:2 8:1:2",8,1,2,6,8,1,2,6,4,"1:1:2 1:1:2 6:1:1 6:2:2"
OO_MM,8,16,"8:1:1 8:2:2",8,1,1,0,7,2,2,1,3,"1:1:2 5:1:2 8:2:2"
OO_MM,8,16,"8:1:1 8:2:2",8,1,1,0,7,2,2,2,3,"2:1:2 4:1:2 8:2:2"
OO_MM,8,16,"8:1:1 8:2:2",8,1,1,0,7,2,2,3,3,"3:1:2 3:1:2 8:2:2"
OO_MM,8,16,"8:1:1 8:2:2",8,1,1,0,8,1,1,0,2,"7:1:1 7:2:2"
OO_MM,8,16,"8:1:1 8:2:2",8,1,1,0,8,1,1,1,3,"1:2:2 6:2:2 7:1:1"
OO_MM,8,16,"8:1:1 8:2:2",8,1,1,0,8,1,1,2,3,"2:2:2 5:2:2 7:1:1"
OO_MM,8,16,"8:1:1 8:2:2",8,1,1,0,8,1,1,3,3,"3:2:2 4:2:2 7:1:1"
OO_MM,8,16,"8:1:1 8:2:2",8,1,1,1,6,2,2,2,4,"1:1:1 2:1:2 3:1:2 8:2:2"
OO_MM,8,16,"8:1:1 8:2:2",8,1,1,1,8,1,1,1,4,"1:1:1 1:2:2 6:1:1 6:2:2"
OO_MM,8,16,"8:1:1 8:2:2",8,1,1,1,8,1,1,2,4,"1:1:1 2:2:2 5:2:2 6:1:1"
OO_MM,8,16,"8:1:1 8:2:2",8,1,1,1,8,1,1,3,4,"1:1:1 3:2:2 4:2:2 6:1:1"
OO_MM,8,16,"8:1:1 8:2:2",8,1,1,2,8,1,1,2,4,"2:1:1 2:2:2 5:1:1 5:2:2"
OO_MM,8,16,"8:1:1 8:2:2",8,1,1,3,4,2,2,1,4,"1:1:2 2:1:2 3:1:1 8:2:2"
OO_MM,8,16,"8:1:1 8:2:2",8,1,1,3,8,1,1,1,4,"1:2:2 3:1:1 4:1:1 6:2:2"
OO_MM,8,16,"8:1:1 8:2:2",8,1,1,3,8,1,1,2,4,"2:2:2 3:1:1 4:1:1 5:2:2"
OO_MM,8,16,"8:1:1 8:2:2",8,1,1,3,8,1,1,3,4,"3:1:1 3:2:2 4:1:1 4:2:2"
OO_MM,8,16,"8:1:1 8:2:2",8,2,2,1,6,1,2,2,4,"1:1:2 2:2:2 3:1:2 8:1:1"
OO_MM,8,16,"8:1:1 8:2:2",8,2,2,1,8,2,2,1,4,"1:1:2 1:1:2 6:1:2 6:1:2"
OO_MM,8,16,"8:1:1 8:2:2",8,2,2,1,8,2,2,3,4,"1:1:2 3:1:2 4:1:2 6:1:2"
OO_MM,8,16,"8:1:1 8:2:2",8,2,2,2,5,1,2,2,4,"2:1:2 2:1:2 2:2:2 8:1:1"
OO_MM,8,16,"8:1:1 8:2:2",8,2,2,2,8,2,2,2,4,"2:1:2 2:1:2 5:1:2 5:1:2"
OO_MM,8,16,"8:1:1 8:2:2",8,2,2,3,4,1,2,2,4,"1:1:2 2:2:2 3:1:2 8:1:1"
OO_MM,8,16,"8:1:1 8:2:2",8,2,2,3,8,2,2,1,4,"1:1:2 3:1:2 4:1:2 6:1:2"
OO_MM,8,16,"8:1:1 8:2:2",8,2,2,3,8,2,2,3,4,"3:1:2 3:1:2 4:1:2 4:1:2"
OO_WM,8,16,"8:0:1 8:2:2",8,0,1,1,6,2,2,2,4,"1:0:1 2:1:2 3:1:2 8:2:2"
OO_WM,8,16,"8:0:1 8:2:2",8,0,1,1,8,1,1,1,4,"1:0:1 1:2:2 6:1:1 6:2:2"
OO_WM,8,16,"8:0:1 8:2:2",8,0,1,1,8,1,1,2,4,"1:0:1 2:2:2 5:2:2 6:1:1"
OO_WM,8,16,"8:0:1 8:2:2",8,0,1,1,8,1,1,3,4,"1:0:1 3:2:2 4:2:2 6:1:1"
OO_WM,8,16,"8:0:1 8:2:2",8,0,1,2,8,1,1,2,4,"2:0:1 2:2:2 5:1:1 5:2:2"
OO_WM,8,16,"8:0:1 8:2:2",8,0,1,3,4,2,2,1,4,"1:1:2 2:1:2 3:0:1 8:2:2"
OO_WM,8,16,"8:0:1 8:2:2",8,0,1,3,8,1,1,1,4,"1:2:2 3:0:1 4:1:1 6:2:2"
OO_WM,8,16,"8:0:1 8:2:2",8,0,1,3,8,1,1,2,4,"2:2:2 3:0:1 4:1:1 5:2:2"
OO_WM,8,16,"8:0:1 8:2:2",8,0,1,3,8,1,1,3,4,"3:0:1 3:2:2 4:1:1 4:2:2"
OO_WM,8,16,"8:0:1 8:2:2",8,0,1,4,4,0,2,1,4,"1:0:2 2:1:2 3:1:1 8:2:2"
OO_WM,8,16,"8:0:1 8:2:2",8,0,1,4,4,0,2,2,4,"1:1:2 2:0:2 3:1:1 8:2:2"
OO_WM,8,16,"8:0:1 8:2:2",8,0,1,4,8,1,1,1,4,"1:2:2 3:1:1 4:0:1 6:2:2"
OO_WM,8,16,"8:0:1 8:2:2",8,0,1,4,8,1,1,2,4,"2:2:2 3:1:1 4:0:1 5:2:2"
OO_WM,8,16,"8:0:1 8:2:2",8,0,1,4,8,1,1,3,4,"3:1:1 3:2:2 4:0:1 4:2:2"
OO_WM,8,16,"8:0:1 8:2:2",8,0,1,5,5,0,2,2,4,"2:0:2 2:1:1 2:1:2 8:2:2"
OO_WM,8,16,"8:0:1 8:2:2",8,0,1,5,8,1,1,2,4,"2:1:1 2:2:2 5:0:1 5:2:2"
OO_WM,8,16,"8:0:1 8:2:2",8,0,1,6,6,0,2,2,4,"1:1:1 2:0:2 3:1:2 8:2:2"
OO_WM,8,16,"8:0:1 8:2:2",8,0,1,6,6,0,2,3,4,"1:1:1 2:1:2 3:0:2 8:2:2"
OO_WM,8,16,"8:0:1 8:2:2",8,0,1,6,8,1,1,1,4,"1:1:1 1:2:2 6:0:1 6:2:2"
OO_WM,8,16,"8:0:1 8:2:2",8,0,1,6,8,1,1,2,4,"1:1:1 2:2:2 5:2:2 6:0:1"
OO_WM,8,16,"8:0:1 8:2:2",8,0,1,6,8,1,1,3,4,"1:1:1 3:2:2 4:2:2 6:0:1"
OO_WM,8,16,"8:0:1 8:2:2",8,0,1,7,7,0,2,1,3,"1:0:2 5:1:2 8:2:2"
OO_WM,8,16,"8:0:1 8:2:2",8,0,1,7,7,0,2,2,3,"2:0:2 4:1:2 8:2:2"
OO_WM,8,16,"8:0:1 8:2:2",8,0,1,7,7,0,2,3,3,"3:0:2 3:1:2 8:2:2"
OO_WM,8,16,"8:0:1 8:2:2",8,0,1,7,7,0,2,4,3,"2:1:2 4:0:2 8:2:2"
OO_WM,8,16,"8:0:1 8:2:2",8,0,1,7,7,0,2,5,3,"1:1:2 5:0:2 8:2:2"
OO_WM,8,16,"8:0:1 8:2:2",8,0,1,7,8,1,1,0,2,"7:0:1 7:2:2"
OO_WM,8,16,"8:0:1 8:2:2",8,0,1,7,8,1,1,1,3,"1:2:2 6:2:2 7:0:1"
OO_WM,8,16,"8:0:1 8:2:2",8,0,1,7,8,1,1,2,3,"2:2:2 5:2:2 7:0:1"
OO_WM,8,16,"8:0:1 8:2:2",8,0,1,7,8,1,1,3,3,"3:2:2 4:2:2 7:0:1"
OO_WM,8,16,"8:0:1 8:2:2",8,2,2,1,6,1,2,2,4,"1:1:2 2:2:2 3:1:2 8:0:1"
OO_WM,8,16,"8:0:1 8:2:2",8,2,2,1,8,0,2,1,4,"1:0:2 1:1:2 6:1:2 6:1:2"
OO_WM,8,16,"8:0:1 8:2:2",8,2,2,1,8,0,2,2,4,"1:1:2 2:0:2 5:1:2 6:1:2"
OO_WM,8,16,"8:0:1 8:2:2",8,2,2,1,8,0,2,3,4,"1:1:2 3:0:2 4:1:2 6:1:2"
OO_WM,8,16,"8:0:1 8:2:2",8,2,2,1,8,0,2,4,4,"1:1:2 3:1:2 4:0:2 6:1:2"
OO_WM,8,16,"8:0:1 8:2:2",8,2,2,1,8,0,2,6,4,"1:1:2 1:1:2 6:0:2 6:1:2"
OO_WM,8,16,"8:0:1 8:2:2",8,2,2,2,5,1,2,2,4,"2:1:2 2:1:2 2:2:2 8:0:1"
OO_WM,8,16,"8:0:1 8:2:2",8,2,2,2,8,0,2,2,4,"2:0:2 2:1:2 5:1:2 5:1:2"
OO_WM,8,16,"8:0:1 8:2:2",8,2,2,2,8,0,2,5,4,"2:1:2 2:1:2 5:0:2 5:1:2"
OO_WM,8,16,"8:0:1 8:2:2",8,2,2,3,4,1,2,2,4,"1:1:2 2:2:2 3:1:2 8:0:1"
OO_WM,8,16,"8:0:1 8:2:2",8,2,2,3,8,0,2,1,4,"1:0:2 3:1:2 4:1:2 6:1:2"
OO_WM,8,16,"8:0:1 8:2:2",8,2,2,3,8,0,2,2,4,"2:0:2 3:1:2 4:1:2 5:1:2"
OO_WM,8,16,"8:0:1 8:2:2",8,2,2,3,8,0,2,3,4,"3:0:2 3:1:2 4:1:2 4:1:2"
OO_WM,8,16,"8:0:1 8:2:2",8,2,2,3,8,0,2,4,4,"3:1:2 3:1:2 4:0:2 4:1:2"
OO_WM,8,16,"8:0:1 8:2:2",8,2,2,3,8,0,2,6,4,"1:1:2 3:1:2 4:1:2 6:0:2"
OO_WM_PLUS,8,17,"8:2:2 9:0:1",8,2,2,1,6,1,2,2,4,"1:1:2 2:2:2 3:1:2 9:0:1"
OO_WM_PLUS,8,17,"8:2:2 9:0:1",8,2,2,1,9,0,2,2,4,"1:1:2 2:0:2 6:1:2 6:1:2"
OO_WM_PLUS,8,17,"8:2:2 9:0:1",8,2,2,1,9,0,2,4,4,"1:1:2 4:0:2 4:1:2 6:1:2"
OO_WM_PLUS,8,17,"8:2:2 9:0:1",8,2,2,1,9,0,2,5,4,"1:1:2 3:1:2 5:0:2 6:1:2"
OO_WM_PLUS,8,17,"8:2:2 9:0:1",8,2,2,1,9,0,2,7,4,"1:1:2 1:1:2 6:1:2 7:0:2"
OO_WM_PLUS,8,17,"8:2:2 9:0:1",8,2,2,2,5,1,2,2,4,"2:1:2 2:1:2 2:2:2 9:0:1"
OO_WM_PLUS,8,17,"8:2:2 9:0:1",8,2,2,2,9,0,2,3,4,"2:1:2 3:0:2 5:1:2 5:1:2"
OO_WM_PLUS,8,17,"8:2:2 9:0:1",8,2,2,2,9,0,2,6,4,"2:1:2 2:1:2 5:1:2 6:0:2"
OO_WM_PLUS,8,17,"8:2:2 9:0:1",8,2,2,3,4,1,2,2,4,"1:1:2 2:2:2 3:1:2 9:0:1"
OO_WM_PLUS,8,17,"8:2:2 9:0:1",8,2,2,3,9,0,2,2,4,"2:0:2 3:1:2 4:1:2 6:1:2"
OO_WM_PLUS,8,17,"8:2:2 9:0:1",8,2,2,3,9,0,2,4,4,"3:1:2 4:0:2 4:1:2 4:1:2"
OO_WM_PLUS,8,17,"8:2:2 9:0:1",8,2,2,3,9,0,2,5,4,"3:1:2 3:1:2 4:1:2 5:0:2"
OO_WM_PLUS,8,17,"8:2:2 9:0:1",8,2,2,3,9,0,2,7,4,"1:1:2 3:1:2 4:1:2 7:0:2"
OO_WM_PLUS,8,17,"8:2:2 9:0:1",9,0,1,1,7,2,2,1,4,"1:0:1 1:1:2 5:1:2 8:2:2"
OO_WM_PLUS,8,17,"8:2:2 9:0:1",9,0,1,1,7,2,2,2,4,"1:0:1 2:1:2 4:1:2 8:2:2"
OO_WM_PLUS,8,17,"8:2:2 9:0:1",9,0,1,1,7,2,2,3,4,"1:0:1 3:1:2 3:1:2 8:2:2"
OO_WM_PLUS,8,17,"8:2:2 9:0:1",9,0,1,1,8,1,1,0,3,"1:0:1 7:1:1 7:2:2"
OO_WM_PLUS,8,17,"8:2:2 9:0:1",9,0,1,1,8,1,1,1,4,"1:0:1 1:2:2 6:2:2 7:1:1"
OO_WM_PLUS,8,17,"8:2:2 9:0:1",9,0,1,1,8,1,1,2,4,"1:0:1 2:2:2 5:2:2 7:1:1"
OO_WM_PLUS,8,17,"8:2:2 9:0:1",9,0,1,1,8,1,1,3,4,"1:0:1 3:2:2 4:2:2 7:1:1"
OO_WM_PLUS,8,17,"8:2:2 9:0:1",9,0,1,2,6,2,2,2,4,"2:0:1 2:1:2 3:1:2 8:2:2"
OO_WM_PLUS,8,17,"8:2:2 9:0:1",9,0,1,2,8,1,1,1,4,"1:2:2 2:0:1 6:1:1 6:2:2"
OO_WM_PLUS,8,17,"8:2:2 9:0:1",9,0,1,2,8,1,1,2,4,"2:0:1 2:2:2 5:2:2 6:1:1"
OO_WM_PLUS,8,17,"8:2:2 9:0:1",9,0,1,2,8,1,1,3,4,"2:0:1 3:2:2 4:2:2 6:1:1"
OO_WM_PLUS,8,17,"8:2:2 9:0:1",9,0,1,3,5,2,2,1,4,"1:1:2 3:0:1 3:1:2 8:2:2"
OO_WM_PLUS,8,17,"8:2:2 9:0:1",9,0,1,3,5,2,2,2,4,"2:1:2 2:1:2 3:0:1 8:2:2"
OO_WM_PLUS,8,17,"8:2:2 9:0:1",9,0,1,3,8,1,1,2,4,"2:2:2 3:0:1 5:1:1 5:2:2"
OO_WM_PLUS,8,17,"8:2:2 9:0:1",9,0,1,4,4,2,2,1,4,"1:1:2 2:1:2 4:0:1 8:2:2"
OO_WM_PLUS,8,17,"8:2:2 9:0:1",9,0,1,4,8,1,1,1,4,"1:2:2 4:0:1 4:1:1 6:2:2"
OO_WM_PLUS,8,17,"8:2:2 9:0:1",9,0,1,4,8,1,1,2,4,"2:2:2 4:0:1 4:1:1 5:2:2"
OO_WM_PLUS,8,17,"8:2:2 9:0:1",9,0,1,4,8,1,1,3,4,"3:2:2 4:0:1 4:1:1 4:2:2"
OO_WM_PLUS,8,17,"8:2:2 9:0:1",9,0,1,5,5,0,2,2,4,"2:0:2 2:1:2 3:1:1 8:2:2"
OO_WM_PLUS,8,17,"8:2:2 9:0:1",9,0,1,5,5,0,2,3,4,"1:1:2 3:0:2 3:1:1 8:2:2"
OO_WM_PLUS,8,17,"8:2:2 9:0:1",9,0,1,5,8,1,1,1,4,"1:2:2 3:1:1 5:0:1 6:2:2"
OO_WM_PLUS,8,17,"8:2:2 9:0:1",9,0,1,5,8,1,1,2,4,"2:2:2 3:1:1 5:0:1 5:2:2"
OO_WM_PLUS,8,17,"8:2:2 9:0:1",9,0,1,5,8,1,1,3,4,"3:1:1 3:2:2 4:2:2 5:0:1"
OO_WM_PLUS,8,17,"8:2:2 9:0:1",9,0,1,6,8,1,1,2,4,"2:1:1 2:2:2 5:2:2 6:0:1"
OO_WM_PLUS,8,17,"8:2:2 9:0:1",9,0,1,7,7,0,2,3,4,"1:1:1 3:0:2 3:1:2 8:2:2"
OO_WM_PLUS,8,17,"8:2:2 9:0:1",9,0,1,7,7,0,2,4,4,"1:1:1 2:1:2 4:0:2 8:2:2"
OO_WM_PLUS,8,17,"8:2:2 9:0:1",9,0,1,7,7,0,2,5,4,"1:1:1 1:1:2 5:0:2 8:2:2"
OO_WM_PLUS,8,17,"8:2:2 9:0:1",9,0,1,7,8,1,1,1,4,"1:1:1 1:2:2 6:2:2 7:0:1"
OO_WM_PLUS,8,17,"8:2:2 9:0:1",9,0,1,7,8,1,1,2,4,"1:1:1 2:2:2 5:2:2 7:0:1"
OO_WM_PLUS,8,17,"8:2:2 9:0:1",9,0,1,7,8,1,1,3,4,"1:1:1 3:2:2 4:2:2 7:0:1"
OO_WM_PLUS,8,17,"8:2:2 9:0:1",9,0,1,8,8,0,2,2,3,"2:0:2 5:1:2 8:2:2"
OO_WM_PLUS,8,17,"8:2:2 9:0:1",9,0,1,8,8,0,2,3,3,"3:0:2 4:1:2 8:2:2"
OO_WM_PLUS,8,17,"8:2:2 9:0:1",9,0,1,8,8,0,2,4,3,"3:1:2 4:0:2 8:2:2"
OO_WM_PLUS,8,17,"8:2:2 9:0:1",9,0,1,8,8,0,2,5,3,"2:1:2 5:0:2 8:2:2"
OO_WM_PLUS,8,17,"8:2:2 9:0:1",9,0,1,8,8,0,2,6,3,"1:1:2 6:0:2 8:2:2"
OO_WM_PLUS,8,17,"8:2:2 9:0:1",9,0,1,8,8,1,1,0,2,"7:2:2 8:0:1"
OO_WM_PLUS,8,17,"8:2:2 9:0:1",9,0,1,8,8,1,1,1,3,"1:2:2 6:2:2 8:0:1"
OO_WM_PLUS,8,17,"8:2:2 9:0:1",9,0,1,8,8,1,1,2,3,"2:2:2 5:2:2 8:0:1"
OO_WM_PLUS,8,17,"8:2:2 9:0:1",9,0,1,8,8,1,1,3,3,"3:2:2 4:2:2 8:0:1"
WO_MO,8,16,"8:0:2 8:1:2",8,0,2,1,6,1,2,2,4,"1:0:1 2:2:2 3:1:2 8:1:2"
WO_MO,8,16,"8:0:2 8:1:2",8,0,2,1,8,1,2,1,4,"1:0:1 1:2:2 6:1:2 6:1:2"
WO_MO,8,16,"8:0:2 8:1:2",8,0,2,1,8,1,2,2,4,"1:0:1 2:2:2 5:1:2 6:1:2"
WO_MO,8,16,"8:0:2 8:1:2",8,0,2,1,8,1,2,3,4,"1:0:1 3:2:2 4:1:2 6:1:2"
WO_MO,8,16,"8:0:2 8:1:2",8,0,2,1,8,1,2,4,4,"1:0:1 3:1:2 4:2:2 6:1:2"
WO_MO,8,16,"8:0:2 8:1:2",8,0,2,1,8,1,2,5,4,"1:0:1 2:1:2 5:2:2 6:1:2"
WO_MO,8,16,"8:0:2 8:1:2",8,0,2,1,8,1,2,6,4,"1:0:1 1:1:2 6:1:2 6:2:2"
WO_MO,8,16,"8:0:2 8:1:2",8,0,2,2,8,1,2,2,4,"2:0:1 2:2:2 5:1:2 5:1:2"
WO_MO,8,16,"8:0:2 8:1:2",8,0,2,3,4,1,2,2,4,"1:1:2 2:2:2 3:0:1 8:1:2"
WO_MO,8,16,"8:0:2 8:1:2",8,0,2,3,8,1,2,1,4,"1:2:2 3:0:1 4:1:2 6:1:2"
WO_MO,8,16,"8:0:2 8:1:2",8,0,2,3,8,1,2,2,4,"2:2:2 3:0:1 4:1:2 5:1:2"
WO_MO,8,16,"8:0:2 8:1:2",8,0,2,3,8,1,2,3,4,"3:0:1 3:2:2 4:1:2 4:1:2"
WO_MO,8,16,"8:0:2 8:1:2",8,0,2,3,8,1,2,4,4,"3:0:1 3:1:2 4:1:2 4:2:2"
WO_MO,8,16,"8:0:2 8:1:2",8,0,2,3,8,1,2,5,4,"2:1:2 3:0:1 4:1:2 5:2:2"
WO_MO,8,16,"8:0:2 8:1:2",8,0,2,3,8,1,2,6,4,"1:1:2 3:0:1 4:1:2 6:2:2"
WO_MO,8,16,"8:0:2 8:1:2",8,0,2,4,4,0,2,2,4,"1:1:2 2:0:2 3:1:2 8:1:2"
WO_MO,8,16,"8:0:2 8:1:2",8,0,2,4,8,1,2,1,4,"1:2:2 3:1:2 4:0:1 6:1:2"
WO_MO,8,16,"8:0:2 8:1:2",8,0,2,4,8,1,2,2,4,"2:2:2 3:1:2 4:0:1 5:1:2"
WO_MO,8,16,"8:0:2 8:1:2",8,0,2,4,8,1,2,3,4,"3:1:2 3:2:2 4:0:1 4:1:2"
WO_MO,8,16,"8:0:2 8:1:2",8,0,2,4,8,1,2,4,4,"3:1:2 3:1:2 4:0:1 4:2:2"
WO_MO,8,16,"8:0:2 8:1:2",8,0,2,4,8,1,2,5,4,"2:1:2 3:1:2 4:0:1 5:2:2"
WO_MO,8,16,"8:0:2 8:1:2",8,0,2,4,8,1,2,6,4,"1:1:2 3:1:2 4:0:1 6:2:2"
WO_MO,8,16,"8:0:2 8:1:2",8,0,2,5,5,0,2,2,4,"2:0:2 2:1:2 2:1:2 8:1:2"
WO_MO,8,16,"8:0:2 8:1:2",8,0,2,5,8,1,2,2,4,"2:1:2 2:2:2 5:0:1 5:1:2"
WO_MO,8,16,"8:0:2 8:1:2",8,0,2,5,8,1,2,5,4,"2:1:2 2:1:2 5:0:1 5:2:2"
WO_MO,8,16,"8:0:2 8:1:2",8,0,2,6,6,0,2,2,4,"1:1:2 2:0:2 3:1:2 8:1:2"
WO_MO,8,16,"8:0:2 8:1:2",8,0,2,6,8,1,2,1,4,"1:1:2 1:2:2 6:0:1 6:1:2"
WO_MO,8,16,"8:0:2 8:1:2",8,0,2,6,8,1,2,2,4,"1:1:2 2:2:2 5:1:2 6:0:1"
WO_MO,8,16,"8:0:2 8:1:2",8,0,2,6,8,1,2,3,4,"1:1:2 3:2:2 4:1:2 6:0:1"
WO_MO,8,16,"8:0:2 8:1:2",8,0,2,6,8,1,2,4,4,"1:1:2 3:1:2 4:2:2 6:0:1"
WO_MO,8,16,"8:0:2 8:1:2",8,0,2,6,8,1,2,5,4,"1:1:2 2:1:2 5:2:2 6:0:1"
WO_MO,8,16,"8:0:2 8:1:2",8,0,2,6,8,1,2,6,4,"1:1:2 1:1:2 6:0:1 6:2:2"
WO_MO,8,16,"8:0:2 8:1:2",8,1,2,0,7,1,2,2,3,"2:2:2 4:1:2 8:0:2"
WO_MO,8,16,"8:0:2 8:1:2",8,1,2,0,7,1,2,3,3,"3:1:2 3:2:2 8:0:2"
WO_MO,8,16,"8:0:2 8:1:2",8,1,2,0,7,1,2,4,3,"2:1:2 4:2:2 8:0:2"
WO_MO,8,16,"8:0:2 8:1:2",8,1,2,0,7,1,2,5,3,"1:1:2 5:2:2 8:0:2"
WO_MO,8,16,"8:0:2 8:1:2",8,1,2,0,8,0,1,1,3,"1:0:2 6:2:2 7:1:2"
WO_MO,8,16,"8:0:2 8:1:2",8,1,2,0,8,0,1,2,3,"2:0:2 5:2:2 7:1:2"
WO_MO,8,16,"8:0:2 8:1:2",8,1,2,0,8,0,1,3,3,"3:0:2 4:2:2 7:1:2"
WO_MO,8,16,"8:0:2 8:1:2",8,1,2,0,8,0,1,4,3,"3:2:2 4:0:2 7:1:2"
WO_MO,8,16,"8:0:2 8:1:2",8,1,2,0,8,0,1,5,3,"2:2:2 5:0:2 7:1:2"
WO_MO,8,16,"8:0:2 8:1:2",8,1,2,0,8,0,1,6,3,"1:2:2 6:0:2 7:1:2"
WO_MO,8,16,"8:0:2 8:1:2",8,1,2,0,8,0,1,7,2,"7:0:2 7:1:2"
WO_MO,8,16,"8:0:2 8:1:2",8,1,2,1,6,1,2,2,4,"1:1:1 2:2:2 3:1:2 8:0:2"
WO_MO,8,16,"8:0:2 8:1:2",8,1,2,1,8,0,1,1,4,"1:0:2 1:1:1 6:1:2 6:2:2"
WO_MO,8,16,"8:0:2 8:1:2",8,1,2,1,8,0,1,2,4,"1:1:1 2:0:2 5:2:2 6:1:2"
WO_MO,8,16,"8:0:2 8:1:2",8,1,2,1,8,0,1,3,4,"1:1:1 3:0:2 4:2:2 6:1:2"
WO_MO,8,16,"8:0:2 8:1:2",8,1,2,1,8,0,1,4,4,"1:1:1 3:2:2 4:0:2 6:1:2"
WO_MO,8,16,"8:0:2 8:1:2",8,1,2,1,8,0,1,5,4,"1:1:1 2:2:2 5:0:2 6:1:2"
WO_MO,8,16,"8:0:2 8:1:2",8,1,2,1,8,0,1,6,4,"1:1:1 1:2:2 6:0:2 6:1:2"
WO_MO,8,16,"8:0:2 8:1:2",8,1,2,2,5,1,2,2,4,"2:1:1 2:1:2 2:2:2 8:0:2"
WO_MO,8,16,"8:0:2 8:1:2",8,1,2,2,8,0,1,2,4,"2:0:2 2:1:1 5:1:2 5:2:2"
WO_MO,8,16,"8:0:2 8:1:2",8,1,2,2,8,0,1,5,4,"2:1:1 2:2:2 5:0:2 5:1:2"
WO_MO,8,16,"8:0:2 8:1:2",8,1,2,3,4,1,2,2,4,"1:1:2 2:2:2 3:1:1 8:0:2"
WO_MO,8,16,"8:0:2 8:1:2",8,1,2,3,8,0,1,1,4,"1:0:2 3:1:1 4:1:2 6:2:2"
WO_MO,8,16,"8:0:2 8:1:2",8,1,2,3,8,0,1,2,4,"2:0:2 3:1:1 4:1:2 5:2:2"
WO_MO,8,16,"8:0:2 8:1:2",8,1,2,3,8,0,1,3,4,"3:0:2 3:1:1 4:1:2 4:2:2"
WO_MO,8,16,"8:0:2 8:1:2",8,1,2,3,8,0,1,4,4,"3:1:1 3:2:2 4:0:2 4:1:2"
WO_MO,8,16,"8:0:2 8:1:2",8,1,2,3,8,0,1,5,4,"2:2:2 3:1:1 4:1:2 5:0:2"
WO_MO,8,16,"8:0:2 8:1:2",8,1,2,3,8,0,1,6,4,"1:2:2 3:1:1 4:1:2 6:0:2"
WO_MO,8,16,"8:0:2 8:1:2",8,1,2,4,8,0,1,1,4,"1:0:2 3:1:2 4:1:1 6:2:2"
WO_MO,8,16,"8:0:2 8:1:2",8,1,2,4,8,0,1,2,4,"2:0:2 3:1:2 4:1:1 5:2:2"
WO_MO,8,16,"8:0:2 8:1:2",8,1,2,4,8,0,1,3,4,"3:0:2 3:1:2 4:1:1 4:2:2"
WO_MO,8,16,"8:0:2 8:1:2",8,1,2,5,5,2,2,2,4,"2:1:2 2:1:2 2:1:2 8:0:2"
WO_MO,8,16,"8:0:2 8:1:2",8,1,2,5,8,0,1,2,4,"2:0:2 2:1:2 5:1:1 5:2:2"
WO_MO,8,16,"8:0:2 8:1:2",8,1,2,5,8,0,1,5,4,"2:1:2 2:2:2 5:0:2 5:1:1"
WO_MO,8,16,"8:0:2 8:1:2",8,1,2,6,8,0,1,1,4,"1:0:2 1:1:2 6:1:1 6:2:2"
WO_MO,8,16,"8:0:2 8:1:2",8,1,2,6,8,0,1,2,4,"1:1:2 2:0:2 5:2:2 6:1:1"
WO_MO,8,16,"8:0:2 8:1:2",8,1,2,6,8,0,1,3,4,"1:1:2 3:0:2 4:2:2 6:1:1"
WO_PLUS_MO,8,17,"8:1:2 9:0:2",8,1,2,0,7,1,2,1,3,"1:2:2 5:1:2 9:0:2"
WO_PLUS_MO,8,17,"8:1:2 9:0:2",8,1,2,0,7,1,2,2,3,"2:2:2 4:1:2 9:0:2"
WO_PLUS_MO,8,17,"8:1:2 9:0:2",8,1,2,0,7,1,2,3,3,"3:1:2 3:2:2 9:0:2"
WO_PLUS_MO,8,17,"8:1:2 9:0:2",8,1,2,0,7,1,2,4,3,"2:1:2 4:2:2 9:0:2"
WO_PLUS_MO,8,17,"8:1:2 9:0:2",8,1,2,0,7,1,2,5,3,"1:1:2 5:2:2 9:0:2"
WO_PLUS_MO,8,17,"8:1:2 9:0:2",8,1,2,0,9,0,1,1,3,"1:0:2 7:1:2 7:2:2"
WO_PLUS_MO,8,17,"8:1:2 9:0:2",8,1,2,0,9,0,1,2,3,"2:0:2 6:2:2 7:1:2"
WO_PLUS_MO,8,17,"8:1:2 9:0:2",8,1,2,0,9,0,1,3,3,"3:0:2 5:2:2 7:1:2"
WO_PLUS_MO,8,17,"8:1:2 9:0:2",8,1,2,0,9,0,1,4,3,"4:0:2 4:2:2 7:1:2"
WO_PLUS_MO,8,17,"8:1:2 9:0:2",8,1,2,0,9,0,1,5,3,"3:2:2 5:0:2 7:1:2"
WO_PLUS_MO,8,17,"8:1:2 9:0:2",8,1,2,0,9,0,1,6,3,"2:2:2 6:0:2 7:1:2"
WO_PLUS_MO,8,17,"8:1:2 9:0:2",8,1,2,0,9,0,1,7,3,"1:2:2 7:0:2 7:1:2"
WO_PLUS_MO,8,17,"8:1:2 9:0:2",8,1,2,0,9,0,1,8,2,"7:1:2 8:0:2"
WO_PLUS_MO,8,17,"8:1:2 9:0:2",8,1,2,1,6,1,2,2,4,"1:1:1 2:2:2 3:1:2 9:0:2"
WO_PLUS_MO,8,17,"8:1:2 9:0:2",8,1,2,1,6,1,2,3,4,"1:1:1 2:1:2 3:2:2 9:0:2"
WO_PLUS_MO,8,17,"8:1:2 9:0:2",8,1,2,1,6,1,2,4,4,"1:1:1 1:1:2 4:2:2 9:0:2"
WO_PLUS_MO,8,17,"8:1:2 9:0:2",8,1,2,1,9,0,1,2,4,"1:1:1 2:0:2 6:1:2 6:2:2"
WO_PLUS_MO,8,17,"8:1:2 9:0:2",8,1,2,1,9,0,1,3,4,"1:1:1 3:0:2 5:2:2 6:1:2"
WO_PLUS_MO,8,17,"8:1:2 9:0:2",8,1,2,1,9,0,1,4,4,"1:1:1 4:0:2 4:2:2 6:1:2"
WO_PLUS_MO,8,17,"8:1:2 9:0:2",8,1,2,1,9,0,1,5,4,"1:1:1 3:2:2 5:0:2 6:1:2"
WO_PLUS_MO,8,17,"8:1:2 9:0:2",8,1,2,1,9,0,1,6,4,"1:1:1 2:2:2 6:0:2 6:1:2"
WO_PLUS_MO,8,17,"8:1:2 9:0:2",8,1,2,1,9,0,1,7,4,"1:1:1 1:2:2 6:1:2 7:0:2"
WO_PLUS_MO,8,17,"8:1:2 9:0:2",8,1,2,2,9,0,1,6,4,"2:1:1 2:2:2 5:1:2 6:0:2"
WO_PLUS_MO,8,17,"8:1:2 9:0:2",8,1,2,3,4,1,2,1,4,"1:2:2 2:1:2 3:1:1 9:0:2"
WO_PLUS_MO,8,17,"8:1:2 9:0:2",8,1,2,3,4,1,2,2,4,"1:1:2 2:2:2 3:1:1 9:0:2"
WO_PLUS_MO,8,17,"8:1:2 9:0:2",8,1,2,3,9,0,1,2,4,"2:0:2 3:1:1 4:1:2 6:2:2"
WO_PLUS_MO,8,17,"8:1:2 9:0:2",8,1,2,3,9,0,1,3,4,"3:0:2 3:1:1 4:1:2 5:2:2"
WO_PLUS_MO,8,17,"8:1:2 9:0:2",8,1,2,3,9,0,1,4,4,"3:1:1 4:0:2 4:1:2 4:2:2"
WO_PLUS_MO,8,17,"8:1:2 9:0:2",8,1,2,3,9,0,1,5,4,"3:1:1 3:2:2 4:1:2 5:0:2"
WO_PLUS_MO,8,17,"8:1:2 9:0:2",8,1,2,3,9,0,1,6,4,"2:2:2 3:1:1 4:1:2 6:0:2"
WO_PLUS_MO,8,17,"8:1:2 9:0:2",8,1,2,3,9,0,1,7,4,"1:2:2 3:1:1 4:1:2 7:0:2"
WO_PLUS_MO,8,17,"8:1:2 9:0:2",8,1,2,4,4,2,2,1,4,"1:1:2 2:1:2 3:1:2 9:0:2"
WO_PLUS_MO,8,17,"8:1:2 9:0:2",8,1,2,4,9,0,1,2,4,"2:0:2 3:1:2 4:1:1 6:2:2"
WO_PLUS_MO,8,17,"8:1:2 9:0:2",8,1,2,4,9,0,1,4,4,"3:1:2 4:0:2 4:1:1 4:2:2"
WO_PLUS_MO,8,17,"8:1:2 9:0:2",8,1,2,4,9,0,1,5,4,"3:1:2 3:2:2 4:1:1 5:0:2"
WO_PLUS_MO,8,17,"8:1:2 9:0:2",8,1,2,4,9,0,1,6,4,"2:2:2 3:1:2 4:1:1 6:0:2"
WO_PLUS_MO,8,17,"8:1:2 9:0:2",8,1,2,5,5,2,2,1,4,"1:1:2 2:1:2 3:1:2 9:0:2"
WO_PLUS_MO,8,17,"8:1:2 9:0:2",8,1,2,5,9,0,1,3,4,"2:1:2 3:0:2 5:1:1 5:2:2"
WO_PLUS_MO,8,17,"8:1:2 9:0:2",8,1,2,5,9,0,1,6,4,"2:1:2 2:2:2 5:1:1 6:0:2"
WO_PLUS_MO,8,17,"8:1:2 9:0:2",8,1,2,6,6,2,2,2,4,"1:1:2 2:1:2 3:1:2 9:0:2"
WO_PLUS_MO,8,17,"8:1:2 9:0:2",8,1,2,6,9,0,1,2,4,"1:1:2 2:0:2 6:1:1 6:2:2"
WO_PLUS_MO,8,17,"8:1:2 9:0:2",8,1,2,6,9,0,1,4,4,"1:1:2 4:0:2 4:2:2 6:1:1"
WO_PLUS_MO,8,17,"8:1:2 9:0:2",8,1,2,6,9,0,1,5,4,"1:1:2 3:2:2 5:0:2 6:1:1"
WO_PLUS_MO,8,17,"8:1:2 9:0:2",8,1,2,6,9,0,1,6,4,"1:1:2 2:2:2 6:0:2 6:1:1"
WO_PLUS_MO,8,17,"8:1:2 9:0:2",9,0,2,1,7,1,2,2,4,"1:0:1 2:2:2 4:1:2 8:1:2"
WO_PLUS_MO,8,17,"8:1:2 9:0:2",9,0,2,1,7,1,2,3,4,"1:0:1 3:1:2 3:2:2 8:1:2"
WO_PLUS_MO,8,17,"8:1:2 9:0:2",9,0,2,1,7,1,2,4,4,"1:0:1 2:1:2 4:2:2 8:1:2"
WO_PLUS_MO,8,17,"8:1:2 9:0:2",9,0,2,1,7,1,2,5,4,"1:0:1 1:1:2 5:2:2 8:1:2"
WO_PLUS_MO,8,17,"8:1:2 9:0:2",9,0,2,1,8,1,2,0,3,"1:0:1 7:1:2 7:1:2"
WO_PLUS_MO,8,17,"8:1:2 9:0:2",9,0,2,1,8,1,2,1,4,"1:0:1 1:2:2 6:1:2 7:1:2"
WO_PLUS_MO,8,17,"8:1:2 9:0:2",9,0,2,1,8,1,2,2,4,"1:0:1 2:2:2 5:1:2 7:1:2"
WO_PLUS_MO,8,17,"8:1:2 9:0:2",9,0,2,1,8,1,2,3,4,"1:0:1 3:2:2 4:1:2 7:1:2"
WO_PLUS_MO,8,17,"8:1:2 9:0:2",9,0,2,1,8,1,2,4,4,"1:0:1 3:1:2 4:2:2 7:1:2"
WO_PLUS_MO,8,17,"8:1:2 9:0:2",9,0,2,1,8,1,2,5,4,"1:0:1 2:1:2 5:2:2 7:1:2"
WO_PLUS_MO,8,17,"8:1:2 9:0:2",9,0,2,1,8,1,2,6,4,"1:0:1 1:1:2 6:2:2 7:1:2"
WO_PLUS_MO,8,17,"8:1:2 9:0:2",9,0,2,2,6,1,2,2,4,"2:0:1 2:2:2 3:1:2 8:1:2"
WO_PLUS_MO,8,17,"8:1:2 9:0:2",9,0,2,2,8,1,2,1,4,"1:2:2 2:0:1 6:1:2 6:1:2"
WO_PLUS_MO,8,17,"8:1:2 9:0:2",9,0,2,2,8,1,2,2,4,"2:0:1 2:2:2 5:1:2 6:1:2"
WO_PLUS_MO,8,17,"8:1:2 9:0:2",9,0,2,2,8,1,2,3,4,"2:0:1 3:2:2 4:1:2 6:1:2"
WO_PLUS_MO,8,17,"8:1:2 9:0:2",9,0,2,2,8,1,2,4,4,"2:0:1 3:1:2 4:2:2 6:1:2"
WO_PLUS_MO,8,17,"8:1:2 9:0:2",9,0,2,2,8,1,2,5,4,"2:0:1 2:1:2 5:2:2 6:1:2"
WO_PLUS_MO,8,17,"8:1:2 9:0:2",9,0,2,2,8,1,2,6,4,"1:1:2 2:0:1 6:1:2 6:2:2"
WO_PLUS_MO,8,17,"8:1:2 9:0:2",9,0,2,3,5,1,2,2,4,"2:1:2 2:2:2 3:0:1 8:1:2"
WO_PLUS_MO,8,17,"8:1:2 9:0:2",9,0,2,3,8,1,2,2,4,"2:2:2 3:0:1 5:1:2 5:1:2"
WO_PLUS_MO,8,17,"8:1:2 9:0:2",9,0,2,3,8,1,2,5,4,"2:1:2 3:0:1 5:1:2 5:2:2"
WO_PLUS_MO,8,17,"8:1:2 9:0:2",9,0,2,4,4,1,2,2,4,"1:1:2 2:2:2 4:0:1 8:1:2"
WO_PLUS_MO,8,17,"8:1:2 9:0:2",9,0,2,4,8,1,2,1,4,"1:2:2 4:0:1 4:1:2 6:1:2"
WO_PLUS_MO,8,17,"8:1:2 9:0:2",9,0,2,4,8,1,2,2,4,"2:2:2 4:0:1 4:1:2 5:1:2"
WO_PLUS_MO,8,17,"8:1:2 9:0:2",9,0,2,4,8,1,2,3,4,"3:2:2 4:0:1 4:1:2 4:1:2"
WO_PLUS_MO,8,17,"8:1:2 9:0:2",9,0,2,4,8,1,2,4,4,"3:1:2 4:0:1 4:1:2 4:2:2"
WO_PLUS_MO,8,17,"8:1:2 9:0:2",9,0,2,4,8,1,2,5,4,"2:1:2 4:0:1 4:1:2 5:2:2"
WO_PLUS_MO,8,17,"8:1:2 9:0:2",9,0,2,4,8,1,2,6,4,"1:1:2 4:0:1 4:1:2 6:2:2"
WO_PLUS_MO,8,17,"8:1:2 9:0:2",9,0,2,5,8,1,2,4,4,"3:1:2 3:1:2 4:2:2 5:0:1"
WO_PLUS_MO,8,17,"8:1:2 9:0:2",9,0,2,5,8,1,2,6,4,"1:1:2 3:1:2 5:0:1 6:2:2"
WO_PLUS_MO,8,17,"8:1:2 9:0:2",9,0,2,6,8,1,2,2,4,"2:1:2 2:2:2 5:1:2 6:0:1"
WO_PLUS_MO,8,17,"8:1:2 9:0:2",9,0,2,6,8,1,2,5,4,"2:1:2 2:1:2 5:2:2 6:0:1"
WO_PLUS_MO,8,17,"8:1:2 9:0:2",9,0,2,7,8,1,2,4,4,"1:1:2 3:1:2 4:2:2 7:0:1"
WO_PLUS_MO,8,17,"8:1:2 9:0:2",9,0,2,7,8,1,2,6,4,"1:1:2 1:1:2 6:2:2 7:0:1"
MO_MO,9,18,"9:1:2 9:1:2",9,1,2,0,8,1,2,2,3,"2:2:2 5:1:2 9:1:2"
MO_MO,9,18,"9:1:2 9:1:2",9,1,2,0,8,1,2,4,3,"3:1:2 4:2:2 9:1:2"
MO_MO,9,18,"9:1:2 9:1:2",9,1,2,0,8,1,2,5,3,"2:1:2 5:2:2 9:1:2"
MO_MO,9,18,"9:1:2 9:1:2",9,1,2,0,8,1,2,6,3,"1:1:2 6:2:2 9:1:2"
MO_MO,9,18,"9:1:2 9:1:2",9,1,2,0,9,1,2,0,2,"8:1:2 8:1:2"
MO_MO,9,18,"9:1:2 9:1:2",9,1,2,0,9,1,2,1,3,"1:2:2 7:1:2 8:1:2"
MO_MO,9,18,"9:1:2 9:1:2",9,1,2,0,9,1,2,2,3,"2:2:2 6:1:2 8:1:2"
MO_MO,9,18,"9:1:2 9:1:2",9,1,2,0,9,1,2,3,3,"3:2:2 5:1:2 8:1:2"
MO_MO,9,18,"9:1:2 9:1:2",9,1,2,0,9,1,2,4,3,"4:1:2 4:2:2 8:1:2"
MO_MO,9,18,"9:1:2 9:1:2",9,1,2,0,9,1,2,5,3,"3:1:2 5:2:2 8:1:2"
MO_MO,9,18,"9:1:2 9:1:2",9,1,2,0,9,1,2,6,3,"2:1:2 6:2:2 8:1:2"
MO_MO,9,18,"9:1:2 9:1:2",9,1,2,0,9,1,2,7,3,"1:1:2 7:2:2 8:1:2"
MO_MO,9,18,"9:1:2 9:1:2",9,1,2,1,7,1,2,2,4,"1:1:1 2:2:2 4:1:2 9:1:2"
MO_MO,9,18,"9:1:2 9:1:2",9,1,2,1,7,1,2,4,4,"1:1:1 2:1:2 4:2:2 9:1:2"
MO_MO,9,18,"9:1:2 9:1:2",9,1,2,1,7,1,2,5,4,"1:1:1 1:1:2 5:2:2 9:1:2"
MO_MO,9,18,"9:1:2 9:1:2",9,1,2,1,9,1,2,1,4,"1:1:1 1:2:2 7:1:2 7:1:2"
MO_MO,9,18,"9:1:2 9:1:2",9,1,2,1,9,1,2,2,4,"1:1:1 2:2:2 6:1:2 7:1:2"
MO_MO,9,18,"9:1:2 9:1:2",9,1,2,1,9,1,2,4,4,"1:1:1 4:1:2 4:2:2 7:1:2"
MO_MO,9,18,"9:1:2 9:1:2",9,1,2,1,9,1,2,5,4,"1:1:1 3:1:2 5:2:2 7:1:2"
MO_MO,9,18,"9:1:2 9:1:2",9,1,2,1,9,1,2,6,4,"1:1:1 2:1:2 6:2:2 7:1:2"
MO_MO,9,18,"9:1:2 9:1:2",9,1,2,1,9,1,2,7,4,"1:1:1 1:1:2 7:1:2 7:2:2"
MO_MO,9,18,"9:1:2 9:1:2",9,1,2,2,9,1,2,2,4,"2:1:1 2:2:2 6:1:2 6:1:2"
MO_MO,9,18,"9:1:2 9:1:2",9,1,2,3,5,1,2,2,4,"2:1:2 2:2:2 3:1:1 9:1:2"
MO_MO,9,18,"9:1:2 9:1:2",9,1,2,3,9,1,2,2,4,"2:2:2 3:1:1 5:1:2 6:1:2"
MO_MO,9,18,"9:1:2 9:1:2",9,1,2,3,9,1,2,3,4,"3:1:1 3:2:2 5:1:2 5:1:2"
MO_MO,9,18,"9:1:2 9:1:2",9,1,2,3,9,1,2,4,4,"3:1:1 4:1:2 4:2:2 5:1:2"
MO_MO,9,18,"9:1:2 9:1:2",9,1,2,3,9,1,2,5,4,"3:1:1 3:1:2 5:1:2 5:2:2"
MO_MO,9,18,"9:1:2 9:1:2",9,1,2,3,9,1,2,6,4,"2:1:2 3:1:1 5:1:2 6:2:2"
MO_MO,9,18,"9:1:2 9:1:2",9,1,2,3,9,1,2,7,4,"1:1:2 3:1:1 5:1:2 7:2:2"
MO_MO,9,18,"9:1:2 9:1:2",9,1,2,4,4,1,2,2,4,"1:1:2 2:2:2 4:1:1 9:1:2"
MO_MO,9,18,"9:1:2 9:1:2",9,1,2,4,9,1,2,2,4,"2:2:2 4:1:1 4:1:2 6:1:2"
MO_MO,9,18,"9:1:2 9:1:2",9,1,2,4,9,1,2,4,4,"4:1:1 4:1:2 4:1:2 4:2:2"
MO_MO,9,18,"9:1:2 9:1:2",9,1,2,5,9,1,2,2,4,"2:2:2 3:1:2 5:1:1 6:1:2"
MO_MO,9,18,"9:1:2 9:1:2",9,1,2,5,9,1,2,5,4,"3:1:2 3:1:2 5:1:1 5:2:2"
MO_MO,9,18,"9:1:2 9:1:2",9,1,2,6,9,1,2,2,4,"2:1:2 2:2:2 6:1:1 6:1:2"
MO_MO,9,18,"9:1:2 9:1:2",9,1,2,6,9,1,2,6,4,"2:1:2 2:1:2 6:1:1 6:2:2"
MO_MO,9,18,"9:1:2 9:1:2",9,1,2,7,9,1,2,7,4,"1:1:2 1:1:2 7:1:1 7:2:2"
OO_MM,9,18,"9:1:1 9:2:2",9,1,1,0,8,2,2,1,3,"1:1:2 6:1:2 9:2:2"
OO_MM,9,18,"9:1:1 9:2:2",9,1,1,0,8,2,2,2,3,"2:1:2 5:1:2 9:2:2"
OO_MM,9,18,"9:1:1 9:2:2",9,1,1,0,8,2,2,3,3,"3:1:2 4:1:2 9:2:2"
OO_MM,9,18,"9:1:1 9:2:2",9,1,1,0,9,1,1,0,2,"8:1:1 8:2:2"
OO_MM,9,18,"9:1:1 9:2:2",9,1,1,0,9,1,1,1,3,"1:2:2 7:2:2 8:1:1"
OO_MM,9,18,"9:1:1 9:2:2",9,1,1,0,9,1,1,2,3,"2:2:2 6:2:2 8:1:1"
OO_MM,9,18,"9:1:1 9:2:2",9,1,1,0,9,1,1,3,3,"3:2:2 5:2:2 8:1:1"
OO_MM,9,18,"9:1:1 9:2:2",9,1,1,0,9,1,1,4,3,"4:2:2 4:2:2 8:1:1"
OO_MM,9,18,"9:1:1 9:2:2",9,1,1,1,7,2,2,1,4,"1:1:1 1:1:2 5:1:2 9:2:2"
OO_MM,9,18,"9:1:1 9:2:2",9,1,1,1,7,2,2,2,4,"1:1:1 2:1:2 4:1:2 9:2:2"
OO_MM,9,18,"9:1:1 9:2:2",9,1,1,1,9,1,1,1,4,"1:1:1 1:2:2 7:1:1 7:2:2"
OO_MM,9,18,"9:1:1 9:2:2",9,1,1,1,9,1,1,2,4,"1:1:1 2:2:2 6:2:2 7:1:1"
OO_MM,9,18,"9:1:1 9:2:2",9,1,1,1,9,1,1,4,4,"1:1:1 4:2:2 4:2:2 7:1:1"
OO_MM,9,18,"9:1:1 9:2:2",9,1,1,2,9,1,1,2,4,"2:1:1 2:2:2 6:1:1 6:2:2"
OO_MM,9,18,"9:1:1 9:2:2",9,1,1,3,5,2,2,2,4,"2:1:2 2:1:2 3:1:1 9:2:2"
OO_MM,9,18,"9:1:1 9:2:2",9,1,1,3,9,1,1,2,4,"2:2:2 3:1:1 5:1:1 6:2:2"
OO_MM,9,18,"9:1:1 9:2:2",9,1,1,3,9,1,1,3,4,"3:1:1 3:2:2 5:1:1 5:2:2"
OO_MM,9,18,"9:1:1 9:2:2",9,1,1,4,4,2,2,1,4,"1:1:2 2:1:2 4:1:1 9:2:2"
OO_MM,9,18,"9:1:1 9:2:2",9,1,1,4,9,1,1,2,4,"2:2:2 4:1:1 4:1:1 6:2:2"
OO_MM,9,18,"9:1:1 9:2:2",9,1,1,4,9,1,1,4,4,"4:1:1 4:1:1 4:2:2 4:2:2"
OO_MM,9,18,"9:1:1 9:2:2",9,2,2,1,7,1,2,2,4,"1:1:2 2:2:2 4:1:2 9:1:1"
OO_MM,9,18,"9:1:1 9:2:2",9,2,2,1,9,2,2,1,4,"1:1:2 1:1:2 7:1:2 7:1:2"
OO_MM,9,18,"9:1:1 9:2:2",9,2,2,2,6,1,2,2,4,"2:1:2 2:2:2 3:1:2 9:1:1"
OO_MM,9,18,"9:1:1 9:2:2",9,2,2,2,9,2,2,2,4,"2:1:2 2:1:2 6:1:2 6:1:2"
OO_MM,9,18,"9:1:1 9:2:2",9,2,2,2,9,2,2,3,4,"2:1:2 3:1:2 5:1:2 6:1:2"
OO_MM,9,18,"9:1:1 9:2:2",9,2,2,3,5,1,2,2,4,"2:1:2 2:2:2 3:1:2 9:1:1"
OO_MM,9,18,"9:1:1 9:2:2",9,2,2,3,9,2,2,2,4,"2:1:2 3:1:2 5:1:2 6:1:2"
OO_MM,9,18,"9:1:1 9:2:2",9,2,2,3,9,2,2,3,4,"3:1:2 3:1:2 5:1:2 5:1:2"
OO_MM,9,18,"9:1:1 9:2:2",9,2,2,4,4,1,2,2,4,"1:1:2 2:2:2 4:1:2 9:1:1"
OO_MM,9,18,"9:1:1 9:2:2",9,2,2,4,9,2,2,4,4,"4:1:2 4:1:2 4:1:2 4:1:2"
OO_WM,9,18,"9:0:1 9:2:2",9,0,1,1,7,2,2,1,4,"1:0:1 1:1:2 5:1:2 9:2:2"
OO_WM,9,18,"9:0:1 9:2:2",9,0,1,1,7,2,2,2,4,"1:0:1 2:1:2 4:1:2 9:2:2"
OO_WM,9,18,"9:0:1 9:2:2",9,0,1,1,9,1,1,1,4,"1:0:1 1:2:2 7:1:1 7:2:2"
OO_WM,9,18,"9:0:1 9:2:2",9,0,1,1,9,1,1,2,4,"1:0:1 2:2:2 6:2:2 7:1:1"
OO_WM,9,18,"9:0:1 9:2:2",9,0,1,1,9,1,1,4,4,"1:0:1 4:2:2 4:2:2 7:1:1"
OO_WM,9,18,"9:0:1 9:2:2",9,0,1,2,9,1,1,2,4,"2:0:1 2:2:2 6:1:1 6:2:2"
OO_WM,9,18,"9:0:1 9:2:2",9,0,1,3,5,2,2,2,4,"2:1:2 2:1:2 3:0:1 9:2:2"
OO_WM,9,18,"9:0:1 9:2:2",9,0,1,3,9,1,1,2,4,"2:2:2 3:0:1 5:1:1 6:2:2"
OO_WM,9,18,"9:0:1 9:2:2",9,0,1,3,9,1,1,3,4,"3:0:1 3:2:2 5:1:1 5:2:2"
OO_WM,9,18,"9:0:1 9:2:2",9,0,1,4,4,0,2,1,4,"1:0:2 2:1:2 4:1:1 9:2:2"
OO_WM,9,18,"9:0:1 9:2:2",9,0,1,4,4,0,2,2,4,"1:1:2 2:0:2 4:1:1 9:2:2"
OO_WM,9,18,"9:0:1 9:2:2",9,0,1,4,4,2,2,1,4,"1:1:2 2:1:2 4:0:1 9:2:2"
OO_WM,9,18,"9:0:1 9:2:2",9,0,1,4,9,1,1,2,4,"2:2:2 4:0:1 4:1:1 6:2:2"
OO_WM,9,18,"9:0:1 9:2:2",9,0,1,4,9,1,1,4,4,"4:0:1 4:1:1 4:2:2 4:2:2"
OO_WM,9,18,"9:0:1 9:2:2",9,0,1,5,5,0,2,2,4,"2:0:2 2:1:2 3:1:1 9:2:2"
OO_WM,9,18,"9:0:1 9:2:2",9,0,1,5,9,1,1,2,4,"2:2:2 3:1:1 5:0:1 6:2:2"
OO_WM,9,18,"9:0:1 9:2:2",9,0,1,5,9,1,1,3,4,"3:1:1 3:2:2 5:0:1 5:2:2"
OO_WM,9,18,"9:0:1 9:2:2",9,0,1,6,6,0,2,2,4,"2:0:2 2:1:1 3:1:2 9:2:2"
OO_WM,9,18,"9:0:1 9:2:2",9,0,1,6,9,1,1,2,4,"2:1:1 2:2:2 6:0:1 6:2:2"
OO_WM,9,18,"9:0:1 9:2:2",9,0,1,7,7,0,2,1,4,"1:0:2 1:1:1 5:1:2 9:2:2"
OO_WM,9,18,"9:0:1 9:2:2",9,0,1,7,7,0,2,2,4,"1:1:1 2:0:2 4:1:2 9:2:2"
OO_WM,9,18,"9:0:1 9:2:2",9,0,1,7,7,0,2,4,4,"1:1:1 2:1:2 4:0:2 9:2:2"
OO_WM,9,18,"9:0:1 9:2:2",9,0,1,7,7,0,2,5,4,"1:1:1 1:1:2 5:0:2 9:2:2"
OO_WM,9,18,"9:0:1 9:2:2",9,0,1,7,9,1,1,1,4,"1:1:1 1:2:2 7:0:1 7:2:2"
OO_WM,9,18,"9:0:1 9:2:2",9,0,1,7,9,1,1,2,4,"1:1:1 2:2:2 6:2:2 7:0:1"
OO_WM,9,18,"9:0:1 9:2:2",9,0,1,7,9,1,1,3,4,"1:1:1 3:2:2 5:2:2 7:0:1"
OO_WM,9,18,"9:0:1 9:2:2",9,0,1,7,9,1,1,4,4,"1:1:1 4:2:2 4:2:2 7:0:1"
OO_WM,9,18,"9:0:1 9:2:2",9,0,1,8,8,0,2,1,3,"1:0:2 6:1:2 9:2:2"
OO_WM,9,18,"9:0:1 9:2:2",9,0,1,8,8,0,2,2,3,"2:0:2 5:1:2 9:2:2"
OO_WM,9,18,"9:0:1 9:2:2",9,0,1,8,8,0,2,3,3,"3:0:2 4:1:2 9:2:2"
OO_WM,9,18,"9:0:1 9:2:2",9,0,1,8,8,0,2,4,3,"3:1:2 4:0:2 9:2:2"
OO_WM,9,18,"9:0:1 9:2:2",9,0,1,8,8,0,2,5,3,"2:1:2 5:0:2 9:2:2"
OO_WM,9,18,"9:0:1 9:2:2",9,0,1,8,8,0,2,6,3,"1:1:2 6:0:2 9:2:2"
OO_WM,9,18,"9:0:1 9:2:2",9,0,1,8,9,1,1,0,2,"8:0:1 8:2:2"
OO_WM,9,18,"9:0:1 9:2:2",9,0,1,8,9,1,1,1,3,"1:2:2 7:2:2 8:0:1"
OO_WM,9,18,"9:0:1 9:2:2",9,0,1,8,9,1,1,2,3,"2:2:2 6:2:2 8:0:1"
OO_WM,9,18,"9:0:1 9:2:2",9,0,1,8,9,1,1,3,3,"3:2:2 5:2:2 8:0:1"
OO_WM,9,18,"9:0:1 9:2:2",9,0,1,8,9,1,1,4,3,"4:2:2 4:2:2 8:0:1"
OO_WM,9,18,"9:0:1 9:2:2",9,2,2,1,7,1,2,2,4,"1:1:2 2:2:2 4:1:2 9:0:1"
OO_WM,9,18,"9:0:1 9:2:2",9,2,2,1,9,0,2,1,4,"1:0:2 1:1:2 7:1:2 7:1:2"
OO_WM,9,18,"9:0:1 9:2:2",9,2,2,1,9,0,2,2,4,"1:1:2 2:0:2 6:1:2 7:1:2"
OO_WM,9,18,"9:0:1 9:2:2",9,2,2,1,9,0,2,7,4,"1:1:2 1:1:2 7:0:2 7:1:2"
OO_WM,9,18,"9:0:1 9:2:2",9,2,2,2,6,1,2,2,4,"2:1:2 2:2:2 3:1:2 9:0:1"
OO_WM,9,18,"9:0:1 9:2:2",9,2,2,2,9,0,2,2,4,"2:0:2 2:1:2 6:1:2 6:1:2"
OO_WM,9,18,"9:0:1 9:2:2",9,2,2,2,9,0,2,3,4,"2:1:2 3:0:2 5:1:2 6:1:2"
OO_WM,9,18,"9:0:1 9:2:2",9,2,2,2,9,0,2,5,4,"2:1:2 3:1:2 5:0:2 6:1:2"
OO_WM,9,18,"9:0:1 9:2:2",9,2,2,2,9,0,2,6,4,"2:1:2 2:1:2 6:0:2 6:1:2"
OO_WM,9,18,"9:0:1 9:2:2",9,2,2,3,5,1,2,2,4,"2:1:2 2:2:2 3:1:2 9:0:1"
OO_WM,9,18,"9:0:1 9:2:2",9,2,2,3,9,0,2,2,4,"2:0:2 3:1:2 5:1:2 6:1:2"
OO_WM,9,18,"9:0:1 9:2:2",9,2,2,3,9,0,2,3,4,"3:0:2 3:1:2 5:1:2 5:1:2"
OO_WM,9,18,"9:0:1 9:2:2",9,2,2,3,9,0,2,5,4,"3:1:2 3:1:2 5:0:2 5:1:2"
OO_WM,9,18,"9:0:1 9:2:2",9,2,2,3,9,0,2,6,4,"2:1:2 3:1:2 5:1:2 6:0:2"
OO_WM,9,18,"9:0:1 9:2:2",9,2,2,4,4,1,2,2,4,"1:1:2 2:2:2 4:1:2 9:0:1"
OO_WM,9,18,"9:0:1 9:2:2",9,2,2,4,9,0,2,2,4,"2:0:2 4:1:2 4:1:2 6:1:2"
OO_WM,9,18,"9:0:1 9:2:2",9,2,2,4,9,0,2,4,4,"4:0:2 4:1:2 4:1:2 4:1:2"
OO_WM_PLUS,9,19,"9:2:2 10:0:1",9,2,2,1,7,1,2,2,4,"1:1:2 2:2:2 4:1:2 10:0:1"
OO_WM_PLUS,9,19,"9:2:2 10:0:1",9,2,2,1,7,1,2,4,4,"1:1:2 2:1:2 4:2:2 10:0:1"
OO_WM_PLUS,9,19,"9:2:2 10:0:1",9,2,2,1,10,0,2,2,4,"1:1:2 2:0:2 7:1:2 7:1:2"
OO_WM_PLUS,9,19,"9:2:2 10:0:1",9,2,2,1,10,0,2,5,4,"1:1:2 4:1:2 5:0:2 7:1:2"
OO_WM_PLUS,9,19,"9:2:2 10:0:1",9,2,2,1,10,0,2,7,4,"1:1:2 2:1:2 7:0:2 7:1:2"
OO_WM_PLUS,9,19,"9:2:2 10:0:1",9,2,2,1,10,0,2,8,4,"1:1:2 1:1:2 7:1:2 8:0:2"
OO_WM_PLUS,9,19,"9:2:2 10:0:1",9,2,2,2,6,1,2,2,4,"2:1:2 2:2:2 3:1:2 10:0:1"
OO_WM_PLUS,9,19,"9:2:2 10:0:1",9,2,2,2,6,1,2,4,4,"1:1:2 2:1:2 4:2:2 10:0:1"
OO_WM_PLUS,9,19,"9:2:2 10:0:1",9,2,2,2,10,0,2,3,4,"2:1:2 3:0:2 6:1:2 6:1:2"
OO_WM_PLUS,9,19,"9:2:2 10:0:1",9,2,2,2,10,0,2,4,4,"2:1:2 4:0:2 5:1:2 6:1:2"
OO_WM_PLUS,9,19,"9:2:2 10:0:1",9,2,2,2,10,0,2,5,4,"2:1:2 4:1:2 5:0:2 6:1:2"
OO_WM_PLUS,9,19,"9:2:2 10:0:1",9,2,2,2,10,0,2,6,4,"2:1:2 3:1:2 6:0:2 6:1:2"
OO_WM_PLUS,9,19,"9:2:2 10:0:1",9,2,2,2,10,0,2,7,4,"2:1:2 2:1:2 6:1:2 7:0:2"
OO_WM_PLUS,9,19,"9:2:2 10:0:1",9,2,2,2,10,0,2,8,4,"1:1:2 2:1:2 6:1:2 8:0:2"
OO_WM_PLUS,9,19,"9:2:2 10:0:1",9,2,2,3,5,1,2,2,4,"2:1:2 2:2:2 3:1:2 10:0:1"
OO_WM_PLUS,9,19,"9:2:2 10:0:1",9,2,2,3,10,0,2,3,4,"3:0:2 3:1:2 5:1:2 6:1:2"
OO_WM_PLUS,9,19,"9:2:2 10:0:1",9,2,2,3,10,0,2,4,4,"3:1:2 4:0:2 5:1:2 5:1:2"
OO_WM_PLUS,9,19,"9:2:2 10:0:1",9,2,2,3,10,0,2,5,4,"3:1:2 4:1:2 5:0:2 5:1:2"
OO_WM_PLUS,9,19,"9:2:2 10:0:1",9,2,2,3,10,0,2,6,4,"3:1:2 3:1:2 5:1:2 6:0:2"
OO_WM_PLUS,9,19,"9:2:2 10:0:1",9,2,2,3,10,0,2,7,4,"2:1:2 3:1:2 5:1:2 7:0:2"
OO_WM_PLUS,9,19,"9:2:2 10:0:1",9,2,2,3,10,0,2,8,4,"1:1:2 3:1:2 5:1:2 8:0:2"
OO_WM_PLUS,9,19,"9:2:2 10:0:1",9,2,2,4,4,1,2,2,4,"1:1:2 2:2:2 4:1:2 10:0:1"
OO_WM_PLUS,9,19,"9:2:2 10:0:1",9,2,2,4,10,0,2,5,4,"4:1:2 4:1:2 4:1:2 5:0:2"
OO_WM_PLUS,9,19,"9:2:2 10:0:1",9,2,2,4,10,0,2,7,4,"2:1:2 4:1:2 4:1:2 7:0:2"
OO_WM_PLUS,9,19,"9:2:2 10:0:1",10,0,1,1,8,2,2,1,4,"1:0:1 1:1:2 6:1:2 9:2:2"
OO_WM_PLUS,9,19,"9:2:2 10:0:1",10,0,1,1,8,2,2,2,4,"1:0:1 2:1:2 5:1:2 9:2:2"
OO_WM_PLUS,9,19,"9:2:2 10:0:1",10,0,1,1,8,2,2,3,4,"1:0:1 3:1:2 4:1:2 9:2:2"
OO_WM_PLUS,9,19,"9:2:2 10:0:1",10,0,1,1,9,1,1,0,3,"1:0:1 8:1:1 8:2:2"
OO_WM_PLUS,9,19,"9:2:2 10:0:1",10,0,1,1,9,1,1,1,4,"1:0:1 1:2:2 7:2:2 8:1:1"
OO_WM_PLUS,9,19,"9:2:2 10:0:1",10,0,1,1,9,1,1,2,4,"1:0:1 2:2:2 6:2:2 8:1:1"
OO_WM_PLUS,9,19,"9:2:2 10:0:1",10,0,1,1,9,1,1,3,4,"1:0:1 3:2:2 5:2:2 8:1:1"
OO_WM_PLUS,9,19,"9:2:2 10:0:1",10,0,1,1,9,1,1,4,4,"1:0:1 4:2:2 4:2:2 8:1:1"
OO_WM_PLUS,9,19,"9:2:2 10:0:1",10,0,1,2,7,2,2,1,4,"1:1:2 2:0:1 5:1:2 9:2:2"
OO_WM_PLUS,9,19,"9:2:2 10:0:1",10,0,1,2,7,2,2,2,4,"2:0:1 2:1:2 4:1:2 9:2:2"
OO_WM_PLUS,9,19,"9:2:2 10:0:1",10,0,1,2,9,1,1,1,4,"1:2:2 2:0:1 7:1:1 7:2:2"
OO_WM_PLUS,9,19,"9:2:2 10:0:1",10,0,1,2,9,1,1,2,4,"2:0:1 2:2:2 6:2:2 7:1:1"
OO_WM_PLUS,9,19,"9:2:2 10:0:1",10,0,1,2,9,1,1,4,4,"2:0:1 4:2:2 4:2:2 7:1:1"
OO_WM_PLUS,9,19,"9:2:2 10:0:1",10,0,1,3,6,2,2,1,4,"1:1:2 3:0:1 4:1:2 9:2:2"
OO_WM_PLUS,9,19,"9:2:2 10:0:1",10,0,1,3,6,2,2,2,4,"2:1:2 3:0:1 3:1:2 9:2:2"
OO_WM_PLUS,9,19,"9:2:2 10:0:1",10,0,1,3,9,1,1,2,4,"2:2:2 3:0:1 6:1:1 6:2:2"
OO_WM_PLUS,9,19,"9:2:2 10:0:1",10,0,1,3,9,1,1,4,4,"3:0:1 4:2:2 4:2:2 6:1:1"
OO_WM_PLUS,9,19,"9:2:2 10:0:1",10,0,1,4,5,2,2,2,4,"2:1:2 2:1:2 4:0:1 9:2:2"
OO_WM_PLUS,9,19,"9:2:2 10:0:1",10,0,1,4,9,1,1,2,4,"2:2:2 4:0:1 5:1:1 6:2:2"
OO_WM_PLUS,9,19,"9:2:2 10:0:1",10,0,1,4,9,1,1,3,4,"3:2:2 4:0:1 5:1:1 5:2:2"
OO_WM_PLUS,9,19,"9:2:2 10:0:1",10,0,1,5,4,2,2,1,4,"1:1:2 2:1:2 5:0:1 9:2:2"
OO_WM_PLUS,9,19,"9:2:2 10:0:1",10,0,1,5,5,0,2,2,4,"2:0:2 2:1:2 4:1:1 9:2:2"
OO_WM_PLUS,9,19,"9:2:2 10:0:1",10,0,1,5,5,0,2,3,4,"1:1:2 3:0:2 4:1:1 9:2:2"
OO_WM_PLUS,9,19,"9:2:2 10:0:1",10,0,1,5,9,1,1,2,4,"2:2:2 4:1:1 5:0:1 6:2:2"
OO_WM_PLUS,9,19,"9:2:2 10:0:1",10,0,1,5,9,1,1,4,4,"4:1:1 4:2:2 4:2:2 5:0:1"
OO_WM_PLUS,9,19,"9:2:2 10:0:1",10,0,1,6,3,2,2,1,4,"1:1:2 1:1:2 6:0:1 9:2:2"
OO_WM_PLUS,9,19,"9:2:2 10:0:1",10,0,1,6,6,0,2,3,4,"2:1:2 3:0:2 3:1:1 9:2:2"
OO_WM_PLUS,9,19,"9:2:2 10:0:1",10,0,1,6,9,1,1,1,4,"1:2:2 3:1:1 6:0:1 7:2:2"
OO_WM_PLUS,9,19,"9:2:2 10:0:1",10,0,1,6,9,1,1,2,4,"2:2:2 3:1:1 6:0:1 6:2:2"
OO_WM_PLUS,9,19,"9:2:2 10:0:1",10,0,1,6,9,1,1,3,4,"3:1:1 3:2:2 5:2:2 6:0:1"
OO_WM_PLUS,9,19,"9:2:2 10:0:1",10,0,1,6,9,1,1,4,4,"3:1:1 4:2:2 4:2:2 6:0:1"
OO_WM_PLUS,9,19,"9:2:2 10:0:1",10,0,1,7,7,0,2,5,4,"1:1:2 2:1:1 5:0:2 9:2:2"
OO_WM_PLUS,9,19,"9:2:2 10:0:1",10,0,1,7,9,1,1,2,4,"2:1:1 2:2:2 6:2:2 7:0:1"
OO_WM_PLUS,9,19,"9:2:2 10:0:1",10,0,1,8,8,0,2,2,4,"1:1:1 2:0:2 5:1:2 9:2:2"
OO_WM_PLUS,9,19,"9:2:2 10:0:1",10,0,1,8,8,0,2,3,4,"1:1:1 3:0:2 4:1:2 9:2:2"
OO_WM_PLUS,9,19,"9:2:2 10:0:1",10,0,1,8,8,0,2,5,4,"1:1:1 2:1:2 5:0:2 9:2:2"
OO_WM_PLUS,9,19,"9:2:2 10:0:1",10,0,1,8,8,0,2,6,4,"1:1:1 1:1:2 6:0:2 9:2:2"
OO_WM_PLUS,9,19,"9:2:2 10:0:1",10,0,1,8,9,1,1,1,4,"1:1:1 1:2:2 7:2:2 8:0:1"
OO_WM_PLUS,9,19,"9:2:2 10:0:1",10,0,1,8,9,1,1,2,4,"1:1:1 2:2:2 6:2:2 8:0:1"
OO_WM_PLUS,9,19,"9:2:2 10:0:1",10,0,1,8,9,1,1,3,4,"1:1:1 3:2:2 5:2:2 8:0:1"
OO_WM_PLUS,9,19,"9:2:2 10:0:1",10,0,1,8,9,1,1,4,4,"1:1:1 4:2:2 4:2:2 8:0:1"
OO_WM_PLUS,9,19,"9:2:2 10:0:1",10,0,1,9,9,0,2,2,3,"2:0:2 6:1:2 9:2:2"
OO_WM_PLUS,9,19,"9:2:2 10:0:1",10,0,1,9,9,0,2,3,3,"3:0:2 5:1:2 9:2:2"
OO_WM_PLUS,9,19,"9:2:2 10:0:1",10,0,1,9,9,0,2,4,3,"4:0:2 4:1:2 9:2:2"
OO_WM_PLUS,9,19,"9:2:2 10:0:1",10,0,1,9,9,0,2,5,3,"3:1:2 5:0:2 9:2:2"
OO_WM_PLUS,9,19,"9:2:2 10:0:1",10,0,1,9,9,0,2,6,3,"2:1:2 6:0:2 9:2:2"
OO_WM_PLUS,9,19,"9:2:2 10:0:1",10,0,1,9,9,0,2,7,3,"1:1:2 7:0:2 9:2:2"
OO_WM_PLUS,9,19,"9:2:2 10:0:1",10,0,1,9,9,1,1,0,2,"8:2:2 9:0:1"
OO_WM_PLUS,9,19,"9:2:2 10:0:1",10,0,1,9,9,1,1,1,3,"1:2:2 7:2:2 9:0:1"
OO_WM_PLUS,9,19,"9:2:2 10:0:1",10,0,1,9,9,1,1,2,3,"2:2:2 6:2:2 9:0:1"
OO_WM_PLUS,9,19,"9:2:2 10:0:1",10,0,1,9,9,1,1,3,3,"3:2:2 5:2:2 9:0:1"
OO_WM_PLUS,9,19,"9:2:2 10:0:1",10,0,1,9,9,1,1,4,3,"4:2:2 4:2:2 9:0:1"
WO_MO,9,18,"9:0:2 9:1:2",9,0,2,1,7,1,2,2,4,"1:0:1 2:2:2 4:1:2 9:1:2"
WO_MO,9,18,"9:0:2 9:1:2",9,0,2,1,7,1,2,4,4,"1:0:1 2:1:2 4:2:2 9:1:2"
WO_MO,9,18,"9:0:2 9:1:2",9,0,2,1,7,1,2,5,4,"1:0:1 1:1:2 5:2:2 9:1:2"
WO_MO,9,18,"9:0:2 9:1:2",9,0,2,1,9,1,2,1,4,"1:0:1 1:2:2 7:1:2 7:1:2"
WO_MO,9,18,"9:0:2 9:1:2",9,0,2,1,9,1,2,2,4,"1:0:1 2:2:2 6:1:2 7:1:2"
WO_MO,9,18,"9:0:2 9:1:2",9,0,2,1,9,1,2,4,4,"1:0:1 4:1:2 4:2:2 7:1:2"
WO_MO,9,18,"9:0:2 9:1:2",9,0,2,1,9,1,2,5,4,"1:0:1 3:1:2 5:2:2 7:1:2"
WO_MO,9,18,"9:0:2 9:1:2",9,0,2,1,9,1,2,6,4,"1:0:1 2:1:2 6:2:2 7:1:2"
WO_MO,9,18,"9:0:2 9:1:2",9,0,2,1,9,1,2,7,4,"1:0:1 1:1:2 7:1:2 7:2:2"
WO_MO,9,18,"9:0:2 9:1:2",9,0,2,2,9,1,2,2,4,"2:0:1 2:2:2 6:1:2 6:1:2"
WO_MO,9,18,"9:0:2 9:1:2",9,0,2,3,5,1,2,2,4,"2:1:2 2:2:2 3:0:1 9:1:2"
WO_MO,9,18,"9:0:2 9:1:2",9,0,2,3,9,1,2,2,4,"2:2:2 3:0:1 5:1:2 6:1:2"
WO_MO,9,18,"9:0:2 9:1:2",9,0,2,3,9,1,2,3,4,"3:0:1 3:2:2 5:1:2 5:1:2"
WO_MO,9,18,"9:0:2 9:1:2",9,0,2,3,9,1,2,4,4,"3:0:1 4:1:2 4:2:2 5:1:2"
WO_MO,9,18,"9:0:2 9:1:2",9,0,2,3,9,1,2,5,4,"3:0:1 3:1:2 5:1:2 5:2:2"
WO_MO,9,18,"9:0:2 9:1:2",9,0,2,3,9,1,2,6,4,"2:1:2 3:0:1 5:1:2 6:2:2"
WO_MO,9,18,"9:0:2 9:1:2",9,0,2,3,9,1,2,7,4,"1:1:2 3:0:1 5:1:2 7:2:2"
WO_MO,9,18,"9:0:2 9:1:2",9,0,2,4,4,0,2,2,4,"1:1:2 2:0:2 4:1:2 9:1:2"
WO_MO,9,18,"9:0:2 9:1:2",9,0,2,4,4,1,2,2,4,"1:1:2 2:2:2 4:0:1 9:1:2"
WO_MO,9,18,"9:0:2 9:1:2",9,0,2,4,9,1,2,2,4,"2:2:2 4:0:1 4:1:2 6:1:2"
WO_MO,9,18,"9:0:2 9:1:2",9,0,2,4,9,1,2,4,4,"4:0:1 4:1:2 4:1:2 4:2:2"
WO_MO,9,18,"9:0:2 9:1:2",9,0,2,4,9,1,2,6,4,"2:1:2 4:0:1 4:1:2 6:2:2"
WO_MO,9,18,"9:0:2 9:1:2",9,0,2,5,5,0,2,2,4,"2:0:2 2:1:2 3:1:2 9:1:2"
WO_MO,9,18,"9:0:2 9:1:2",9,0,2,5,9,1,2,2,4,"2:2:2 3:1:2 5:0:1 6:1:2"
WO_MO,9,18,"9:0:2 9:1:2",9,0,2,5,9,1,2,5,4,"3:1:2 3:1:2 5:0:1 5:2:2"
WO_MO,9,18,"9:0:2 9:1:2",9,0,2,6,6,0,2,2,4,"2:0:2 2:1:2 3:1:2 9:1:2"
WO_MO,9,18,"9:0:2 9:1:2",9,0,2,6,9,1,2,2,4,"2:1:2 2:2:2 6:0:1 6:1:2"
WO_MO,9,18,"9:0:2 9:1:2",9,0,2,6,9,1,2,3,4,"2:1:2 3:2:2 5:1:2 6:0:1"
WO_MO,9,18,"9:0:2 9:1:2",9,0,2,6,9,1,2,4,4,"2:1:2 4:1:2 4:2:2 6:0:1"
WO_MO,9,18,"9:0:2 9:1:2",9,0,2,6,9,1,2,5,4,"2:1:2 3:1:2 5:2:2 6:0:1"
WO_MO,9,18,"9:0:2 9:1:2",9,0,2,6,9,1,2,6,4,"2:1:2 2:1:2 6:0:1 6:2:2"
WO_MO,9,18,"9:0:2 9:1:2",9,0,2,6,9,1,2,7,4,"1:1:2 2:1:2 6:0:1 7:2:2"
WO_MO,9,18,"9:0:2 9:1:2",9,0,2,7,7,0,2,2,4,"1:1:2 2:0:2 4:1:2 9:1:2"
WO_MO,9,18,"9:0:2 9:1:2",9,0,2,7,9,1,2,2,4,"1:1:2 2:2:2 6:1:2 7:0:1"
WO_MO,9,18,"9:0:2 9:1:2",9,0,2,7,9,1,2,4,4,"1:1:2 4:1:2 4:2:2 7:0:1"
WO_MO,9,18,"9:0:2 9:1:2",9,0,2,7,9,1,2,5,4,"1:1:2 3:1:2 5:2:2 7:0:1"
WO_MO,9,18,"9:0:2 9:1:2",9,0,2,7,9,1,2,7,4,"1:1:2 1:1:2 7:0:1 7:2:2"
WO_MO,9,18,"9:0:2 9:1:2",9,1,2,0,8,1,2,2,3,"2:2:2 5:1:2 9:0:2"
WO_MO,9,18,"9:0:2 9:1:2",9,1,2,0,8,1,2,4,3,"3:1:2 4:2:2 9:0:2"
WO_MO,9,18,"9:0:2 9:1:2",9,1,2,0,8,1,2,5,3,"2:1:2 5:2:2 9:0:2"
WO_MO,9,18,"9:0:2 9:1:2",9,1,2,0,8,1,2,6,3,"1:1:2 6:2:2 9:0:2"
WO_MO,9,18,"9:0:2 9:1:2",9,1,2,0,9,0,1,1,3,"1:0:2 7:2:2 8:1:2"
WO_MO,9,18,"9:0:2 9:1:2",9,1,2,0,9,0,1,2,3,"2:0:2 6:2:2 8:1:2"
WO_MO,9,18,"9:0:2 9:1:2",9,1,2,0,9,0,1,3,3,"3:0:2 5:2:2 8:1:2"
WO_MO,9,18,"9:0:2 9:1:2",9,1,2,0,9,0,1,4,3,"4:0:2 4:2:2 8:1:2"
WO_MO,9,18,"9:0:2 9:1:2",9,1,2,0,9,0,1,5,3,"3:2:2 5:0:2 8:1:2"
WO_MO,9,18,"9:0:2 9:1:2",9,1,2,0,9,0,1,6,3,"2:2:2 6:0:2 8:1:2"
WO_MO,9,18,"9:0:2 9:1:2",9,1,2,0,9,0,1,7,3,"1:2:2 7:0:2 8:1:2"
WO_MO,9,18,"9:0:2 9:1:2",9,1,2,0,9,0,1,8,2,"8:0:2 8:1:2"
WO_MO,9,18,"9:0:2 9:1:2",9,1,2,1,7,1,2,2,4,"1:1:1 2:2:2 4:1:2 9:0:2"
WO_MO,9,18,"9:0:2 9:1:2",9,1,2,1,7,1,2,4,4,"1:1:1 2:1:2 4:2:2 9:0:2"
WO_MO,9,18,"9:0:2 9:1:2",9,1,2,1,7,1,2,5,4,"1:1:1 1:1:2 5:2:2 9:0:2"
WO_MO,9,18,"9:0:2 9:1:2",9,1,2,1,9,0,1,1,4,"1:0:2 1:1:1 7:1:2 7:2:2"
WO_MO,9,18,"9:0:2 9:1:2",9,1,2,1,9,0,1,2,4,"1:1:1 2:0:2 6:2:2 7:1:2"
WO_MO,9,18,"9:0:2 9:1:2",9,1,2,1,9,0,1,3,4,"1:1:1 3:0:2 5:2:2 7:1:2"
WO_MO,9,18,"9:0:2 9:1:2",9,1,2,1,9,0,1,4,4,"1:1:1 4:0:2 4:2:2 7:1:2"
WO_MO,9,18,"9:0:2 9:1:2",9,1,2,1,9,0,1,6,4,"1:1:1 2:2:2 6:0:2 7:1:2"
WO_MO,9,18,"9:0:2 9:1:2",9,1,2,1,9,0,1,7,4,"1:1:1 1:2:2 7:0:2 7:1:2"
WO_MO,9,18,"9:0:2 9:1:2",9,1,2,2,6,1,2,2,4,"2:1:1 2:2:2 3:1:2 9:0:2"
WO_MO,9,18,"9:0:2 9:1:2",9,1,2,2,9,0,1,2,4,"2:0:2 2:1:1 6:1:2 6:2:2"
WO_MO,9,18,"9:0:2 9:1:2",9,1,2,2,9,0,1,6,4,"2:1:1 2:2:2 6:0:2 6:1:2"
WO_MO,9,18,"9:0:2 9:1:2",9,1,2,3,5,1,2,2,4,"2:1:2 2:2:2 3:1:1 9:0:2"
WO_MO,9,18,"9:0:2 9:1:2",9,1,2,3,9,0,1,1,4,"1:0:2 3:1:1 5:1:2 7:2:2"
WO_MO,9,18,"9:0:2 9:1:2",9,1,2,3,9,0,1,2,4,"2:0:2 3:1:1 5:1:2 6:2:2"
WO_MO,9,18,"9:0:2 9:1:2",9,1,2,3,9,0,1,3,4,"3:0:2 3:1:1 5:1:2 5:2:2"
WO_MO,9,18,"9:0:2 9:1:2",9,1,2,3,9,0,1,4,4,"3:1:1 4:0:2 4:2:2 5:1:2"
WO_MO,9,18,"9:0:2 9:1:2",9,1,2,3,9,0,1,5,4,"3:1:1 3:2:2 5:0:2 5:1:2"
WO_MO,9,18,"9:0:2 9:1:2",9,1,2,3,9,0,1,6,4,"2:2:2 3:1:1 5:1:2 6:0:2"
WO_MO,9,18,"9:0:2 9:1:2",9,1,2,4,4,1,2,2,4,"1:1:2 2:2:2 4:1:1 9:0:2"
WO_MO,9,18,"9:0:2 9:1:2",9,1,2,4,9,0,1,2,4,"2:0:2 4:1:1 4:1:2 6:2:2"
WO_MO,9,18,"9:0:2 9:1:2",9,1,2,4,9,0,1,4,4,"4:0:2 4:1:1 4:1:2 4:2:2"
WO_MO,9,18,"9:0:2 9:1:2",9,1,2,4,9,0,1,6,4,"2:2:2 4:1:1 4:1:2 6:0:2"
WO_MO,9,18,"9:0:2 9:1:2",9,1,2,5,5,2,2,2,4,"2:1:2 2:1:2 3:1:2 9:0:2"
WO_MO,9,18,"9:0:2 9:1:2",9,1,2,5,9,0,1,2,4,"2:0:2 3:1:2 5:1:1 6:2:2"
WO_MO,9,18,"9:0:2 9:1:2",9,1,2,5,9,0,1,3,4,"3:0:2 3:1:2 5:1:1 5:2:2"
WO_MO,9,18,"9:0:2 9:1:2",9,1,2,5,9,0,1,6,4,"2:2:2 3:1:2 5:1:1 6:0:2"
WO_MO,9,18,"9:0:2 9:1:2",9,1,2,6,6,2,2,2,4,"2:1:2 2:1:2 3:1:2 9:0:2"
WO_MO,9,18,"9:0:2 9:1:2",9,1,2,6,9,0,1,2,4,"2:0:2 2:1:2 6:1:1 6:2:2"
WO_MO,9,18,"9:0:2 9:1:2",9,1,2,6,9,0,1,6,4,"2:1:2 2:2:2 6:0:2 6:1:1"
WO_MO,9,18,"9:0:2 9:1:2",9,1,2,7,9,0,1,1,4,"1:0:2 1:1:2 7:1:1 7:2:2"
WO_MO,9,18,"9:0:2 9:1:2",9,1,2,7,9,0,1,2,4,"1:1:2 2:0:2 6:2:2 7:1:1"
WO_PLUS_MO,9,19,"9:1:2 10:0:2",9,1,2,0,8,1,2,1,3,"1:2:2 6:1:2 10:0:2"
WO_PLUS_MO,9,19,"9:1:2 10:0:2",9,1,2,0,8,1,2,2,3,"2:2:2 5:1:2 10:0:2"
WO_PLUS_MO,9,19,"9:1:2 10:0:2",9,1,2,0,8,1,2,3,3,"3:2:2 4:1:2 10:0:2"
WO_PLUS_MO,9,19,"9:1:2 10:0:2",9,1,2,0,8,1,2,4,3,"3:1:2 4:2:2 10:0:2"
WO_PLUS_MO,9,19,"9:1:2 10:0:2",9,1,2,0,8,1,2,5,3,"2:1:2 5:2:2 10:0:2"
WO_PLUS_MO,9,19,"9:1:2 10:0:2",9,1,2,0,8,1,2,6,3,"1:1:2 6:2:2 10:0:2"
WO_PLUS_MO,9,19,"9:1:2 10:0:2",9,1,2,0,10,0,1,1,3,"1:0:2 8:1:2 8:2:2"
WO_PLUS_MO,9,19,"9:1:2 10:0:2",9,1,2,0,10,0,1,2,3,"2:0:2 7:2:2 8:1:2"
WO_PLUS_MO,9,19,"9:1:2 10:0:2",9,1,2,0,10,0,1,3,3,"3:0:2 6:2:2 8:1:2"
WO_PLUS_MO,9,19,"9:1:2 10:0:2",9,1,2,0,10,0,1,4,3,"4:0:2 5:2:2 8:1:2"
WO_PLUS_MO,9,19,"9:1:2 10:0:2",9,1,2,0,10,0,1,5,3,"4:2:2 5:0:2 8:1:2"
WO_PLUS_MO,9,19,"9:1:2 10:0:2",9,1,2,0,10,0,1,6,3,"3:2:2 6:0:2 8:1:2"
WO_PLUS_MO,9,19,"9:1:2 10:0:2",9,1,2,0,10,0,1,7,3,"2:2:2 7:0:2 8:1:2"
WO_PLUS_MO,9,19,"9:1:2 10:0:2",9,1,2,0,10,0,1,8,3,"1:2:2 8:0:2 8:1:2"
WO_PLUS_MO,9,19,"9:1:2 10:0:2",9,1,2,0,10,0,1,9,2,"8:1:2 9:0:2"
WO_PLUS_MO,9,19,"9:1:2 10:0:2",9,1,2,1,7,1,2,1,4,"1:1:1 1:2:2 5:1:2 10:0:2"
WO_PLUS_MO,9,19,"9:1:2 10:0:2",9,1,2,1,7,1,2,2,4,"1:1:1 2:2:2 4:1:2 10:0:2"
WO_PLUS_MO,9,19,"9:1:2 10:0:2",9,1,2,1,7,1,2,4,4,"1:1:1 2:1:2 4:2:2 10:0:2"
WO_PLUS_MO,9,19,"9:1:2 10:0:2",9,1,2,1,7,1,2,5,4,"1:1:1 1:1:2 5:2:2 10:0:2"
WO_PLUS_MO,9,19,"9:1:2 10:0:2",9,1,2,1,10,0,1,2,4,"1:1:1 2:0:2 7:1:2 7:2:2"
WO_PLUS_MO,9,19,"9:1:2 10:0:2",9,1,2,1,10,0,1,3,4,"1:1:1 3:0:2 6:2:2 7:1:2"
WO_PLUS_MO,9,19,"9:1:2 10:0:2",9,1,2,1,10,0,1,4,4,"1:1:1 4:0:2 5:2:2 7:1:2"
WO_PLUS_MO,9,19,"9:1:2 10:0:2",9,1,2,1,10,0,1,5,4,"1:1:1 4:2:2 5:0:2 7:1:2"
WO_PLUS_MO,9,19,"9:1:2 10:0:2",9,1,2,1,10,0,1,7,4,"1:1:1 2:2:2 7:0:2 7:1:2"
WO_PLUS_MO,9,19,"9:1:2 10:0:2",9,1,2,1,10,0,1,8,4,"1:1:1 1:2:2 7:1:2 8:0:2"
WO_PLUS_MO,9,19,"9:1:2 10:0:2",9,1,2,2,6,1,2,2,4,"2:1:1 2:2:2 3:1:2 10:0:2"
WO_PLUS_MO,9,19,"9:1:2 10:0:2",9,1,2,2,10,0,1,7,4,"2:1:1 2:2:2 6:1:2 7:0:2"
WO_PLUS_MO,9,19,"9:1:2 10:0:2",9,1,2,3,3,2,2,1,4,"1:1:2 1:1:2 5:1:2 10:0:2"
WO_PLUS_MO,9,19,"9:1:2 10:0:2",9,1,2,3,5,1,2,2,4,"2:1:2 2:2:2 3:1:1 10:0:2"
WO_PLUS_MO,9,19,"9:1:2 10:0:2",9,1,2,3,10,0,1,2,4,"2:0:2 3:1:1 5:1:2 7:2:2"
WO_PLUS_MO,9,19,"9:1:2 10:0:2",9,1,2,3,10,0,1,3,4,"3:0:2 3:1:1 5:1:2 6:2:2"
WO_PLUS_MO,9,19,"9:1:2 10:0:2",9,1,2,3,10,0,1,4,4,"3:1:1 4:0:2 5:1:2 5:2:2"
WO_PLUS_MO,9,19,"9:1:2 10:0:2",9,1,2,3,10,0,1,5,4,"3:1:1 4:2:2 5:0:2 5:1:2"
WO_PLUS_MO,9,19,"9:1:2 10:0:2",9,1,2,3,10,0,1,6,4,"3:1:1 3:2:2 5:1:2 6:0:2"
WO_PLUS_MO,9,19,"9:1:2 10:0:2",9,1,2,3,10,0,1,7,4,"2:2:2 3:1:1 5:1:2 7:0:2"
WO_PLUS_MO,9,19,"9:1:2 10:0:2",9,1,2,3,10,0,1,8,4,"1:2:2 3:1:1 5:1:2 8:0:2"
WO_PLUS_MO,9,19,"9:1:2 10:0:2",9,1,2,4,4,1,2,2,4,"1:1:2 2:2:2 4:1:1 10:0:2"
WO_PLUS_MO,9,19,"9:1:2 10:0:2",9,1,2,4,4,2,2,1,4,"1:1:2 2:1:2 4:1:2 10:0:2"
WO_PLUS_MO,9,19,"9:1:2 10:0:2",9,1,2,4,10,0,1,5,4,"4:1:1 4:1:2 4:2:2 5:0:2"
WO_PLUS_MO,9,19,"9:1:2 10:0:2",9,1,2,4,10,0,1,7,4,"2:2:2 4:1:1 4:1:2 7:0:2"
WO_PLUS_MO,9,19,"9:1:2 10:0:2",9,1,2,5,5,2,2,2,4,"2:1:2 2:1:2 3:1:2 10:0:2"
WO_PLUS_MO,9,19,"9:1:2 10:0:2",9,1,2,5,10,0,1,4,4,"3:1:2 4:0:2 5:1:1 5:2:2"
WO_PLUS_MO,9,19,"9:1:2 10:0:2",9,1,2,5,10,0,1,7,4,"2:2:2 3:1:2 5:1:1 7:0:2"
WO_PLUS_MO,9,19,"9:1:2 10:0:2",9,1,2,6,6,2,2,1,4,"1:1:2 2:1:2 4:1:2 10:0:2"
WO_PLUS_MO,9,19,"9:1:2 10:0:2",9,1,2,6,6,2,2,2,4,"2:1:2 2:1:2 3:1:2 10:0:2"
WO_PLUS_MO,9,19,"9:1:2 10:0:2",9,1,2,6,10,0,1,3,4,"2:1:2 3:0:2 6:1:1 6:2:2"
WO_PLUS_MO,9,19,"9:1:2 10:0:2",9,1,2,6,10,0,1,5,4,"2:1:2 4:2:2 5:0:2 6:1:1"
WO_PLUS_MO,9,19,"9:1:2 10:0:2",9,1,2,6,10,0,1,7,4,"2:1:2 2:2:2 6:1:1 7:0:2"
WO_PLUS_MO,9,19,"9:1:2 10:0:2",9,1,2,7,7,2,2,1,4,"1:1:2 1:1:2 5:1:2 10:0:2"
WO_PLUS_MO,9,19,"9:1:2 10:0:2",9,1,2,7,7,2,2,2,4,"1:1:2 2:1:2 4:1:2 10:0:2"
WO_PLUS_MO,9,19,"9:1:2 10:0:2",9,1,2,7,10,0,1,2,4,"1:1:2 2:0:2 7:1:1 7:2:2"
WO_PLUS_MO,9,19,"9:1:2 10:0:2",9,1,2,7,10,0,1,5,4,"1:1:2 4:2:2 5:0:2 7:1:1"
WO_PLUS_MO,9,19,"9:1:2 10:0:2",9,1,2,7,10,0,1,7,4,"1:1:2 2:2:2 7:0:2 7:1:1"
WO_PLUS_MO,9,19,"9:1:2 10:0:2",10,0,2,1,8,1,2,2,4,"1:0:1 2:2:2 5:1:2 9:1:2"
WO_PLUS_MO,9,19,"9:1:2 10:0:2",10,0,2,1,8,1,2,4,4,"1:0:1 3:1:2 4:2:2 9:1:2"
WO_PLUS_MO,9,19,"9:1:2 10:0:2",10,0,2,1,8,1,2,5,4,"1:0:1 2:1:2 5:2:2 9:1:2"
WO_PLUS_MO,9,19,"9:1:2 10:0:2",10,0,2,1,8,1,2,6,4,"1:0:1 1:1:2 6:2:2 9:1:2"
WO_PLUS_MO,9,19,"9:1:2 10:0:2",10,0,2,1,9,1,2,0,3,"1:0:1 8:1:2 8:1:2"
WO_PLUS_MO,9,19,"9:1:2 10:0:2",10,0,2,1,9,1,2,1,4,"1:0:1 1:2:2 7:1:2 8:1:2"
WO_PLUS_MO,9,19,"9:1:2 10:0:2",10,0,2,1,9,1,2,2,4,"1:0:1 2:2:2 6:1:2 8:1:2"
WO_PLUS_MO,9,19,"9:1:2 10:0:2",10,0,2,1,9,1,2,3,4,"1:0:1 3:2:2 5:1:2 8:1:2"
WO_PLUS_MO,9,19,"9:1:2 10:0:2",10,0,2,1,9,1,2,4,4,"1:0:1 4:1:2 4:2:2 8:1:2"
WO_PLUS_MO,9,19,"9:1:2 10:0:2",10,0,2,1,9,1,2,5,4,"1:0:1 3:1:2 5:2:2 8:1:2"
WO_PLUS_MO,9,19,"9:1:2 10:0:2",10,0,2,1,9,1,2,6,4,"1:0:1 2:1:2 6:2:2 8:1:2"
WO_PLUS_MO,9,19,"9:1:2 10:0:2",10,0,2,1,9,1,2,7,4,"1:0:1 1:1:2 7:2:2 8:1:2"
WO_PLUS_MO,9,19,"9:1:2 10:0:2",10,0,2,2,7,1,2,2,4,"2:0:1 2:2:2 4:1:2 9:1:2"
WO_PLUS_MO,9,19,"9:1:2 10:0:2",10,0,2,2,7,1,2,4,4,"2:0:1 2:1:2 4:2:2 9:1:2"
WO_PLUS_MO,9,19,"9:1:2 10:0:2",10,0,2,2,7,1,2,5,4,"1:1:2 2:0:1 5:2:2 9:1:2"
WO_PLUS_MO,9,19,"9:1:2 10:0:2",10,0,2,2,9,1,2,1,4,"1:2:2 2:0:1 7:1:2 7:1:2"
WO_PLUS_MO,9,19,"9:1:2 10:0:2",10,0,2,2,9,1,2,2,4,"2:0:1 2:2:2 6:1:2 7:1:2"
WO_PLUS_MO,9,19,"9:1:2 10:0:2",10,0,2,2,9,1,2,4,4,"2:0:1 4:1:2 4:2:2 7:1:2"
WO_PLUS_MO,9,19,"9:1:2 10:0:2",10,0,2,2,9,1,2,5,4,"2:0:1 3:1:2 5:2:2 7:1:2"
WO_PLUS_MO,9,19,"9:1:2 10:0:2",10,0,2,2,9,1,2,6,4,"2:0:1 2:1:2 6:2:2 7:1:2"
WO_PLUS_MO,9,19,"9:1:2 10:0:2",10,0,2,2,9,1,2,7,4,"1:1:2 2:0:1 7:1:2 7:2:2"
WO_PLUS_MO,9,19,"9:1:2 10:0:2",10,0,2,3,6,1,2,2,4,"2:2:2 3:0:1 3:1:2 9:1:2"
WO_PLUS_MO,9,19,"9:1:2 10:0:2",10,0,2,3,6,1,2,4,4,"1:1:2 3:0:1 4:2:2 9:1:2"
WO_PLUS_MO,9,19,"9:1:2 10:0:2",10,0,2,3,9,1,2,2,4,"2:2:2 3:0:1 6:1:2 6:1:2"
WO_PLUS_MO,9,19,"9:1:2 10:0:2",10,0,2,3,9,1,2,3,4,"3:0:1 3:2:2 5:1:2 6:1:2"
WO_PLUS_MO,9,19,"9:1:2 10:0:2",10,0,2,3,9,1,2,4,4,"3:0:1 4:1:2 4:2:2 6:1:2"
WO_PLUS_MO,9,19,"9:1:2 10:0:2",10,0,2,3,9,1,2,5,4,"3:0:1 3:1:2 5:2:2 6:1:2"
WO_PLUS_MO,9,19,"9:1:2 10:0:2",10,0,2,3,9,1,2,6,4,"2:1:2 3:0:1 6:1:2 6:2:2"
WO_PLUS_MO,9,19,"9:1:2 10:0:2",10,0,2,3,9,1,2,7,4,"1:1:2 3:0:1 6:1:2 7:2:2"
WO_PLUS_MO,9,19,"9:1:2 10:0:2",10,0,2,4,5,1,2,2,4,"2:1:2 2:2:2 4:0:1 9:1:2"
WO_PLUS_MO,9,19,"9:1:2 10:0:2",10,0,2,4,9,1,2,2,4,"2:2:2 4:0:1 5:1:2 6:1:2"
WO_PLUS_MO,9,19,"9:1:2 10:0:2",10,0,2,4,9,1,2,3,4,"3:2:2 4:0:1 5:1:2 5:1:2"
WO_PLUS_MO,9,19,"9:1:2 10:0:2",10,0,2,4,9,1,2,4,4,"4:0:1 4:1:2 4:2:2 5:1:2"
WO_PLUS_MO,9,19,"9:1:2 10:0:2",10,0,2,4,9,1,2,5,4,"3:1:2 4:0:1 5:1:2 5:2:2"
WO_PLUS_MO,9,19,"9:1:2 10:0:2",10,0,2,4,9,1,2,6,4,"2:1:2 4:0:1 5:1:2 6:2:2"
WO_PLUS_MO,9,19,"9:1:2 10:0:2",10,0,2,4,9,1,2,7,4,"1:1:2 4:0:1 5:1:2 7:2:2"
WO_PLUS_MO,9,19,"9:1:2 10:0:2",10,0,2,5,4,1,2,2,4,"1:1:2 2:2:2 5:0:1 9:1:2"
WO_PLUS_MO,9,19,"9:1:2 10:0:2",10,0,2,5,9,1,2,2,4,"2:2:2 4:1:2 5:0:1 6:1:2"
WO_PLUS_MO,9,19,"9:1:2 10:0:2",10,0,2,5,9,1,2,4,4,"4:1:2 4:1:2 4:2:2 5:0:1"
WO_PLUS_MO,9,19,"9:1:2 10:0:2",10,0,2,6,9,1,2,2,4,"2:2:2 3:1:2 6:0:1 6:1:2"
WO_PLUS_MO,9,19,"9:1:2 10:0:2",10,0,2,6,9,1,2,5,4,"3:1:2 3:1:2 5:2:2 6:0:1"
WO_PLUS_MO,9,19,"9:1:2 10:0:2",10,0,2,6,9,1,2,6,4,"2:1:2 3:1:2 6:0:1 6:2:2"
WO_PLUS_MO,9,19,"9:1:2 10:0:2",10,0,2,6,9,1,2,7,4,"1:1:2 3:1:2 6:0:1 7:2:2"
WO_PLUS_MO,9,19,"9:1:2 10:0:2",10,0,2,7,7,0,2,5,4,"1:1:2 2:1:2 5:0:2 9:1:2"
WO_PLUS_MO,9,19,"9:1:2 10:0:2",10,0,2,7,9,1,2,2,4,"2:1:2 2:2:2 6:1:2 7:0:1"
WO_PLUS_MO,9,19,"9:1:2 10:0:2",10,0,2,7,9,1,2,4,4,"2:1:2 4:1:2 4:2:2 7:0:1"
WO_PLUS_MO,9,19,"9:1:2 10:0:2",10,0,2,7,9,1,2,6,4,"2:1:2 2:1:2 6:2:2 7:0:1"
WO_PLUS_MO,9,19,"9:1:2 10:0:2",10,0,2,8,8,0,2,5,4,"1:1:2 2:1:2 5:0:2 9:1:2"
WO_PLUS_MO,9,19,"9:1:2 10:0:2",10,0,2,8,9,1,2,2,4,"1:1:2 2:2:2 6:1:2 8:0:1"
WO_PLUS_MO,9,19,"9:1:2 10:0:2",10,0,2,8,9,1,2,4,4,"1:1:2 4:1:2 4:2:2 8:0:1"
WO_PLUS_MO,9,19,"9:1:2 10:0:2",10,0,2,8,9,1,2,5,4,"1:1:2 3:1:2 5:2:2 8:0:1"
WO_PLUS_MO,9,19,"9:1:2 10:0:2",10,0,2,8,9,1,2,7,4,"1:1:2 1:1:2 7:2:2 8:0:1"
MO_MO,10,20,"10:1:2 10:1:2",10,1,2,0,9,1,2,2,3,"2:2:2 6:1:2 10:1:2"
MO_MO,10,20,"10:1:2 10:1:2",10,1,2,0,9,1,2,3,3,"3:2:2 5:1:2 10:1:2"
MO_MO,10,20,"10:1:2 10:1:2",10,1,2,0,9,1,2,4,3,"4:1:2 4:2:2 10:1:2"
MO_MO,10,20,"10:1:2 10:1:2",10,1,2,0,9,1,2,5,3,"3:1:2 5:2:2 10:1:2"
MO_MO,10,20,"10:1:2 10:1:2",10,1,2,0,9,1,2,6,3,"2:1:2 6:2:2 10:1:2"
MO_MO,10,20,"10:1:2 10:1:2",10,1,2,0,9,1,2,7,3,"1:1:2 7:2:2 10:1:2"
MO_MO,10,20,"10:1:2 10:1:2",10,1,2,0,10,1,2,0,2,"9:1:2 9:1:2"
MO_MO,10,20,"10:1:2 10:1:2",10,1,2,0,10,1,2,1,3,"1:2:2 8:1:2 9:1:2"
MO_MO,10,20,"10:1:2 10:1:2",10,1,2,0,10,1,2,2,3,"2:2:2 7:1:2 9:1:2"
MO_MO,10,20,"10:1:2 10:1:2",10,1,2,0,10,1,2,3,3,"3:2:2 6:1:2 9:1:2"
MO_MO,10,20,"10:1:2 10:1:2",10,1,2,0,10,1,2,4,3,"4:2:2 5:1:2 9:1:2"
MO_MO,10,20,"10:1:2 10:1:2",10,1,2,0,10,1,2,5,3,"4:1:2 5:2:2 9:1:2"
MO_MO,10,20,"10:1:2 10:1:2",10,1,2,0,10,1,2,6,3,"3:1:2 6:2:2 9:1:2"
MO_MO,10,20,"10:1:2 10:1:2",10,1,2,0,10,1,2,7,3,"2:1:2 7:2:2 9:1:2"
MO_MO,10,20,"10:1:2 10:1:2",10,1,2,0,10,1,2,8,3,"1:1:2 8:2:2 9:1:2"
MO_MO,10,20,"10:1:2 10:1:2",10,1,2,1,8,1,2,2,4,"1:1:1 2:2:2 5:1:2 10:1:2"
MO_MO,10,20,"10:1:2 10:1:2",10,1,2,1,8,1,2,5,4,"1:1:1 2:1:2 5:2:2 10:1:2"
MO_MO,10,20,"10:1:2 10:1:2",10,1,2,1,10,1,2,1,4,"1:1:1 1:2:2 8:1:2 8:1:2"
MO_MO,10,20,"10:1:2 10:1:2",10,1,2,1,10,1,2,2,4,"1:1:1 2:2:2 7:1:2 8:1:2"
MO_MO,10,20,"10:1:2 10:1:2",10,1,2,1,10,1,2,4,4,"1:1:1 4:2:2 5:1:2 8:1:2"
MO_MO,10,20,"10:1:2 10:1:2",10,1,2,1,10,1,2,5,4,"1:1:1 4:1:2 5:2:2 8:1:2"
MO_MO,10,20,"10:1:2 10:1:2",10,1,2,1,10,1,2,7,4,"1:1:1 2:1:2 7:2:2 8:1:2"
MO_MO,10,20,"10:1:2 10:1:2",10,1,2,1,10,1,2,8,4,"1:1:1 1:1:2 8:1:2 8:2:2"
MO_MO,10,20,"10:1:2 10:1:2",10,1,2,2,10,1,2,2,4,"2:1:1 2:2:2 7:1:2 7:1:2"
MO_MO,10,20,"10:1:2 10:1:2",10,1,2,3,6,1,2,2,4,"2:2:2 3:1:1 3:1:2 10:1:2"
MO_MO,10,20,"10:1:2 10:1:2",10,1,2,3,10,1,2,3,4,"3:1:1 3:2:2 6:1:2 6:1:2"
MO_MO,10,20,"10:1:2 10:1:2",10,1,2,3,10,1,2,6,4,"3:1:1 3:1:2 6:1:2 6:2:2"
MO_MO,10,20,"10:1:2 10:1:2",10,1,2,4,10,1,2,2,4,"2:2:2 4:1:1 5:1:2 7:1:2"
MO_MO,10,20,"10:1:2 10:1:2",10,1,2,4,10,1,2,4,4,"4:1:1 4:2:2 5:1:2 5:1:2"
MO_MO,10,20,"10:1:2 10:1:2",10,1,2,5,10,1,2,2,4,"2:2:2 4:1:2 5:1:1 7:1:2"
MO_MO,10,20,"10:1:2 10:1:2",10,1,2,5,10,1,2,5,4,"4:1:2 4:1:2 5:1:1 5:2:2"
MO_MO,10,20,"10:1:2 10:1:2",10,1,2,6,10,1,2,6,4,"3:1:2 3:1:2 6:1:1 6:2:2"
MO_MO,10,20,"10:1:2 10:1:2",10,1,2,7,10,1,2,2,4,"2:1:2 2:2:2 7:1:1 7:1:2"
MO_MO,10,20,"10:1:2 10:1:2",10,1,2,7,10,1,2,7,4,"2:1:2 2:1:2 7:1:1 7:2:2"
MO_MO,10,20,"10:1:2 10:1:2",10,1,2,8,10,1,2,2,4,"1:1:2 2:2:2 7:1:2 8:1:1"
MO_MO,10,20,"10:1:2 10:1:2",10,1,2,8,10,1,2,5,4,"1:1:2 4:1:2 5:2:2 8:1:1"
MO_MO,10,20,"10:1:2 10:1:2",10,1,2,8,10,1,2,8,4,"1:1:2 1:1:2 8:1:1 8:2:2"
OO_MM,10,20,"10:1:1 10:2:2",10,1,1,0,9,2,2,1,3,"1:1:2 7:1:2 10:2:2"
OO_MM,10,20,"10:1:1 10:2:2",10,1,1,0,9,2,2,2,3,"2:1:2 6:1:2 10:2:2"
OO_MM,10,20,"10:1:1 10:2:2",10,1,1,0,9,2,2,3,3,"3:1:2 5:1:2 10:2:2"
OO_MM,10,20,"10:1:1 10:2:2",10,1,1,0,9,2,2,4,3,"4:1:2 4:1:2 10:2:2"
OO_MM,10,20,"10:1:1 10:2:2",10,1,1,0,10,1,1,0,2,"9:1:1 9:2:2"
OO_MM,10,20,"10:1:1 10:2:2",10,1,1,0,10,1,1,1,3,"1:2:2 8:2:2 9:1:1"
OO_MM,10,20,"10:1:1 10:2:2",10,1,1,0,10,1,1,2,3,"2:2:2 7:2:2 9:1:1"
OO_MM,10,20,"10:1:1 10:2:2",10,1,1,0,10,1,1,3,3,"3:2:2 6:2:2 9:1:1"
OO_MM,10,20,"10:1:1 10:2:2",10,1,1,0,10,1,1,4,3,"4:2:2 5:2:2 9:1:1"
OO_MM,10,20,"10:1:1 10:2:2",10,1,1,1,8,2,2,1,4,"1:1:1 1:1:2 6:1:2 10:2:2"
OO_MM,10,20,"10:1:1 10:2:2",10,1,1,1,8,2,2,3,4,"1:1:1 3:1:2 4:1:2 10:2:2"
OO_MM,10,20,"10:1:1 10:2:2",10,1,1,1,10,1,1,1,4,"1:1:1 1:2:2 8:1:1 8:2:2"
OO_MM,10,20,"10:1:1 10:2:2",10,1,1,1,10,1,1,2,4,"1:1:1 2:2:2 7:2:2 8:1:1"
OO_MM,10,20,"10:1:1 10:2:2",10,1,1,1,10,1,1,4,4,"1:1:1 4:2:2 5:2:2 8:1:1"
OO_MM,10,20,"10:1:1 10:2:2",10,1,1,2,10,1,1,2,4,"2:1:1 2:2:2 7:1:1 7:2:2"
OO_MM,10,20,"10:1:1 10:2:2",10,1,1,3,6,2,2,1,4,"1:1:2 3:1:1 4:1:2 10:2:2"
OO_MM,10,20,"10:1:1 10:2:2",10,1,1,3,10,1,1,2,4,"2:2:2 3:1:1 6:1:1 7:2:2"
OO_MM,10,20,"10:1:1 10:2:2",10,1,1,3,10,1,1,3,4,"3:1:1 3:2:2 6:1:1 6:2:2"
OO_MM,10,20,"10:1:1 10:2:2",10,1,1,4,10,1,1,2,4,"2:2:2 4:1:1 5:1:1 7:2:2"
OO_MM,10,20,"10:1:1 10:2:2",10,1,1,4,10,1,1,4,4,"4:1:1 4:2:2 5:1:1 5:2:2"
OO_MM,10,20,"10:1:1 10:2:2",10,2,2,1,8,1,2,2,4,"1:1:2 2:2:2 5:1:2 10:1:1"
OO_MM,10,20,"10:1:1 10:2:2",10,2,2,1,10,2,2,1,4,"1:1:2 1:1:2 8:1:2 8:1:2"
OO_MM,10,20,"10:1:1 10:2:2",10,2,2,2,7,1,2,2,4,"2:1:2 2:2:2 4:1:2 10:1:1"
OO_MM,10,20,"10:1:1 10:2:2",10,2,2,2,10,2,2,2,4,"2:1:2 2:1:2 7:1:2 7:1:2"
OO_MM,10,20,"10:1:1 10:2:2",10,2,2,3,6,1,2,2,4,"2:2:2 3:1:2 3:1:2 10:1:1"
OO_MM,10,20,"10:1:1 10:2:2",10,2,2,3,10,2,2,3,4,"3:1:2 3:1:2 6:1:2 6:1:2"
OO_MM,10,20,"10:1:1 10:2:2",10,2,2,4,4,1,2,2,4,"1:1:2 2:2:2 5:1:2 10:1:1"
OO_MM,10,20,"10:1:1 10:2:2",10,2,2,4,5,1,2,2,4,"2:1:2 2:2:2 4:1:2 10:1:1"
OO_MM,10,20,"10:1:1 10:2:2",10,2,2,4,10,2,2,4,4,"4:1:2 4:1:2 5:1:2 5:1:2"
OO_WM,10,20,"10:0:1 10:2:2",10,0,1,1,8,2,2,1,4,"1:0:1 1:1:2 6:1:2 10:2:2"
OO_WM,10,20,"10:0:1 10:2:2",10,0,1,1,8,2,2,3,4,"1:0:1 3:1:2 4:1:2 10:2:2"
OO_WM,10,20,"10:0:1 10:2:2",10,0,1,1,10,1,1,1,4,"1:0:1 1:2:2 8:1:1 8:2:2"
OO_WM,10,20,"10:0:1 10:2:2",10,0,1,1,10,1,1,2,4,"1:0:1 2:2:2 7:2:2 8:1:1"
OO_WM,10,20,"10:0:1 10:2:2",10,0,1,1,10,1,1,4,4,"1:0:1 4:2:2 5:2:2 8:1:1"
OO_WM,10,20,"10:0:1 10:2:2",10,0,1,2,10,1,1,2,4,"2:0:1 2:2:2 7:1:1 7:2:2"
OO_WM,10,20,"10:0:1 10:2:2",10,0,1,3,6,2,2,1,4,"1:1:2 3:0:1 4:1:2 10:2:2"
OO_WM,10,20,"10:0:1 10:2:2",10,0,1,3,10,1,1,2,4,"2:2:2 3:0:1 6:1:1 7:2:2"
OO_WM,10,20,"10:0:1 10:2:2",10,0,1,3,10,1,1,3,4,"3:0:1 3:2:2 6:1:1 6:2:2"
OO_WM,10,20,"10:0:1 10:2:2",10,0,1,4,5,2,2,1,4,"1:1:2 3:1:2 4:0:1 10:2:2"
OO_WM,10,20,"10:0:1 10:2:2",10,0,1,4,10,1,1,2,4,"2:2:2 4:0:1 5:1:1 7:2:2"
OO_WM,10,20,"10:0:1 10:2:2",10,0,1,4,10,1,1,4,4,"4:0:1 4:2:2 5:1:1 5:2:2"
OO_WM,10,20,"10:0:1 10:2:2",10,0,1,5,5,0,2,2,4,"2:0:2 2:1:2 4:1:1 10:2:2"
OO_WM,10,20,"10:0:1 10:2:2",10,0,1,5,10,1,1,2,4,"2:2:2 4:1:1 5:0:1 7:2:2"
OO_WM,10,20,"10:0:1 10:2:2",10,0,1,5,10,1,1,4,4,"4:1:1 4:2:2 5:0:1 5:2:2"
OO_WM,10,20,"10:0:1 10:2:2",10,0,1,6,3,2,2,1,4,"1:1:2 1:1:2 6:0:1 10:2:2"
OO_WM,10,20,"10:0:1 10:2:2",10,0,1,6,6,0,2,1,4,"1:0:2 3:1:1 4:1:2 10:2:2"
OO_WM,10,20,"10:0:1 10:2:2",10,0,1,6,6,0,2,2,4,"2:0:2 3:1:1 3:1:2 10:2:2"
OO_WM,10,20,"10:0:1 10:2:2",10,0,1,6,6,0,2,4,4,"1:1:2 3:1:1 4:0:2 10:2:2"
OO_WM,10,20,"10:0:1 10:2:2",10,0,1,6,10,1,1,2,4,"2:2:2 3:1:1 6:0:1 7:2:2"
OO_WM,10,20,"10:0:1 10:2:2",10,0,1,6,10,1,1,3,4,"3:1:1 3:2:2 6:0:1 6:2:2"
OO_WM,10,20,"10:0:1 10:2:2",10,0,1,6,10,1,1,4,4,"3:1:1 4:2:2 5:2:2 6:0:1"
OO_WM,10,20,"10:0:1 10:2:2",10,0,1,7,10,1,1,2,4,"2:1:1 2:2:2 7:0:1 7:2:2"
OO_WM,10,20,"10:0:1 10:2:2",10,0,1,8,8,0,2,1,4,"1:0:2 1:1:1 6:1:2 10:2:2"
OO_WM,10,20,"10:0:1 10:2:2",10,0,1,8,8,0,2,2,4,"1:1:1 2:0:2 5:1:2 10:2:2"
OO_WM,10,20,"10:0:1 10:2:2",10,0,1,8,8,0,2,3,4,"1:1:1 3:0:2 4:1:2 10:2:2"
OO_WM,10,20,"10:0:1 10:2:2",10,0,1,8,8,0,2,4,4,"1:1:1 3:1:2 4:0:2 10:2:2"
OO_WM,10,20,"10:0:1 10:2:2",10,0,1,8,8,0,2,6,4,"1:1:1 1:1:2 6:0:2 10:2:2"
OO_WM,10,20,"10:0:1 10:2:2",10,0,1,8,10,1,1,1,4,"1:1:1 1:2:2 8:0:1 8:2:2"
OO_WM,10,20,"10:0:1 10:2:2",10,0,1,8,10,1,1,2,4,"1:1:1 2:2:2 7:2:2 8:0:1"
OO_WM,10,20,"10:0:1 10:2:2",10,0,1,8,10,1,1,4,4,"1:1:1 4:2:2 5:2:2 8:0:1"
OO_WM,10,20,"10:0:1 10:2:2",10,0,1,9,9,0,2,1,3,"1:0:2 7:1:2 10:2:2"
OO_WM,10,20,"10:0:1 10:2:2",10,0,1,9,9,0,2,2,3,"2:0:2 6:1:2 10:2:2"
OO_WM,10,20,"10:0:1 10:2:2",10,0,1,9,9,0,2,3,3,"3:0:2 5:1:2 10:2:2"
OO_WM,10,20,"10:0:1 10:2:2",10,0,1,9,9,0,2,4,3,"4:0:2 4:1:2 10:2:2"
OO_WM,10,20,"10:0:1 10:2:2",10,0,1,9,9,0,2,5,3,"3:1:2 5:0:2 10:2:2"
OO_WM,10,20,"10:0:1 10:2:2",10,0,1,9,9,0,2,6,3,"2:1:2 6:0:2 10:2:2"
OO_WM,10,20,"10:0:1 10:2:2",10,0,1,9,9,0,2,7,3,"1:1:2 7:0:2 10:2:2"
OO_WM,10,20,"10:0:1 10:2:2",10,0,1,9,10,1,1,0,2,"9:0:1 9:2:2"
OO_WM,10,20,"10:0:1 10:2:2",10,0,1,9,10,1,1,1,3,"1:2:2 8:2:2 9:0:1"
OO_WM,10,20,"10:0:1 10:2:2",10,0,1,9,10,1,1,2,3,"2:2:2 7:2:2 9:0:1"
OO_WM,10,20,"10:0:1 10:2:2",10,0,1,9,10,1,1,3,3,"3:2:2 6:2:2 9:0:1"
OO_WM,10,20,"10:0:1 10:2:2",10,0,1,9,10,1,1,4,3,"4:2:2 5:2:2 9:0:1"
OO_WM,10,20,"10:0:1 10:2:2",10,2,2,1,8,1,2,2,4,"1:1:2 2:2:2 5:1:2 10:0:1"
OO_WM,10,20,"10:0:1 10:2:2",10,2,2,1,8,1,2,5,4,"1:1:2 2:1:2 5:2:2 10:0:1"
OO_WM,10,20,"10:0:1 10:2:2",10,2,2,1,10,0,2,1,4,"1:0:2 1:1:2 8:1:2 8:1:2"
OO_WM,10,20,"10:0:1 10:2:2",10,2,2,1,10,0,2,2,4,"1:1:2 2:0:2 7:1:2 8:1:2"
OO_WM,10,20,"10:0:1 10:2:2",10,2,2,1,10,0,2,5,4,"1:1:2 4:1:2 5:0:2 8:1:2"
OO_WM,10,20,"10:0:1 10:2:2",10,2,2,1,10,0,2,7,4,"1:1:2 2:1:2 7:0:2 8:1:2"
OO_WM,10,20,"10:0:1 10:2:2",10,2,2,1,10,0,2,8,4,"1:1:2 1:1:2 8:0:2 8:1:2"
OO_WM,10,20,"10:0:1 10:2:2",10,2,2,2,7,1,2,2,4,"2:1:2 2:2:2 4:1:2 10:0:1"
OO_WM,10,20,"10:0:1 10:2:2",10,2,2,2,7,1,2,5,4,"1:1:2 2:1:2 5:2:2 10:0:1"
OO_WM,10,20,"10:0:1 10:2:2",10,2,2,2,10,0,2,2,4,"2:0:2 2:1:2 7:1:2 7:1:2"
OO_WM,10,20,"10:0:1 10:2:2",10,2,2,2,10,0,2,5,4,"2:1:2 4:1:2 5:0:2 7:1:2"
OO_WM,10,20,"10:0:1 10:2:2",10,2,2,2,10,0,2,7,4,"2:1:2 2:1:2 7:0:2 7:1:2"
OO_WM,10,20,"10:0:1 10:2:2",10,2,2,2,10,0,2,8,4,"1:1:2 2:1:2 7:1:2 8:0:2"
OO_WM,10,20,"10:0:1 10:2:2",10,2,2,3,6,1,2,2,4,"2:2:2 3:1:2 3:1:2 10:0:1"
OO_WM,10,20,"10:0:1 10:2:2",10,2,2,3,10,0,2,3,4,"3:0:2 3:1:2 6:1:2 6:1:2"
OO_WM,10,20,"10:0:1 10:2:2",10,2,2,3,10,0,2,6,4,"3:1:2 3:1:2 6:0:2 6:1:2"
OO_WM,10,20,"10:0:1 10:2:2",10,2,2,4,4,1,2,2,4,"1:1:2 2:2:2 5:1:2 10:0:1"
OO_WM,10,20,"10:0:1 10:2:2",10,2,2,4,5,1,2,2,4,"2:1:2 2:2:2 4:1:2 10:0:1"
OO_WM,10,20,"10:0:1 10:2:2",10,2,2,4,10,0,2,2,4,"2:0:2 4:1:2 5:1:2 7:1:2"
OO_WM,10,20,"10:0:1 10:2:2",10,2,2,4,10,0,2,4,4,"4:0:2 4:1:2 5:1:2 5:1:2"
OO_WM,10,20,"10:0:1 10:2:2",10,2,2,4,10,0,2,5,4,"4:1:2 4:1:2 5:0:2 5:1:2"
OO_WM,10,20,"10:0:1 10:2:2",10,2,2,4,10,0,2,8,4,"1:1:2 4:1:2 5:1:2 8:0:2"
OO_WM_PLUS,10,21,"10:2:2 11:0:1",10,2,2,1,8,1,2,2,4,"1:1:2 2:2:2 5:1:2 11:0:1"
OO_WM_PLUS,10,21,"10:2:2 11:0:1",10,2,2,1,8,1,2,5,4,"1:1:2 2:1:2 5:2:2 11:0:1"
OO_WM_PLUS,10,21,"10:2:2 11:0:1",10,2,2,1,11,0,2,2,4,"1:1:2 2:0:2 8:1:2 8:1:2"
OO_WM_PLUS,10,21,"10:2:2 11:0:1",10,2,2,1,11,0,2,5,4,"1:1:2 5:0:2 5:1:2 8:1:2"
OO_WM_PLUS,10,21,"10:2:2 11:0:1",10,2,2,1,11,0,2,6,4,"1:1:2 4:1:2 6:0:2 8:1:2"
OO_WM_PLUS,10,21,"10:2:2 11:0:1",10,2,2,1,11,0,2,8,4,"1:1:2 2:1:2 8:0:2 8:1:2"
OO_WM_PLUS,10,21,"10:2:2 11:0:1",10,2,2,1,11,0,2,9,4,"1:1:2 1:1:2 8:1:2 9:0:2"
OO_WM_PLUS,10,21,"10:2:2 11:0:1",10,2,2,2,7,1,2,2,4,"2:1:2 2:2:2 4:1:2 11:0:1"
OO_WM_PLUS,10,21,"10:2:2 11:0:1",10,2,2,2,7,1,2,5,4,"1:1:2 2:1:2 5:2:2 11:0:1"
OO_WM_PLUS,10,21,"10:2:2 11:0:1",10,2,2,2,11,0,2,3,4,"2:1:2 3:0:2 7:1:2 7:1:2"
OO_WM_PLUS,10,21,"10:2:2 11:0:1",10,2,2,2,11,0,2,5,4,"2:1:2 5:0:2 5:1:2 7:1:2"
OO_WM_PLUS,10,21,"10:2:2 11:0:1",10,2,2,2,11,0,2,6,4,"2:1:2 4:1:2 6:0:2 7:1:2"
OO_WM_PLUS,10,21,"10:2:2 11:0:1",10,2,2,2,11,0,2,8,4,"2:1:2 2:1:2 7:1:2 8:0:2"
OO_WM_PLUS,10,21,"10:2:2 11:0:1",10,2,2,3,6,1,2,2,4,"2:2:2 3:1:2 3:1:2 11:0:1"
OO_WM_PLUS,10,21,"10:2:2 11:0:1",10,2,2,3,11,0,2,4,4,"3:1:2 4:0:2 6:1:2 6:1:2"
OO_WM_PLUS,10,21,"10:2:2 11:0:1",10,2,2,3,11,0,2,7,4,"3:1:2 3:1:2 6:1:2 7:0:2"
OO_WM_PLUS,10,21,"10:2:2 11:0:1",10,2,2,4,4,1,2,2,4,"1:1:2 2:2:2 5:1:2 11:0:1"
OO_WM_PLUS,10,21,"10:2:2 11:0:1",10,2,2,4,5,1,2,2,4,"2:1:2 2:2:2 4:1:2 11:0:1"
OO_WM_PLUS,10,21,"10:2:2 11:0:1",10,2,2,4,11,0,2,5,4,"4:1:2 5:0:2 5:1:2 5:1:2"
OO_WM_PLUS,10,21,"10:2:2 11:0:1",10,2,2,4,11,0,2,6,4,"4:1:2 4:1:2 5:1:2 6:0:2"
OO_WM_PLUS,10,21,"10:2:2 11:0:1",11,0,1,1,9,2,2,1,4,"1:0:1 1:1:2 7:1:2 10:2:2"
OO_WM_PLUS,10,21,"10:2:2 11:0:1",11,0,1,1,9,2,2,2,4,"1:0:1 2:1:2 6:1:2 10:2:2"
OO_WM_PLUS,10,21,"10:2:2 11:0:1",11,0,1,1,9,2,2,3,4,"1:0:1 3:1:2 5:1:2 10:2:2"
OO_WM_PLUS,10,21,"10:2:2 11:0:1",11,0,1,1,9,2,2,4,4,"1:0:1 4:1:2 4:1:2 10:2:2"
OO_WM_PLUS,10,21,"10:2:2 11:0:1",11,0,1,1,10,1,1,0,3,"1:0:1 9:1:1 9:2:2"
OO_WM_PLUS,10,21,"10:2:2 11:0:1",11,0,1,1,10,1,1,1,4,"1:0:1 1:2:2 8:2:2 9:1:1"
OO_WM_PLUS,10,21,"10:2:2 11:0:1",11,0,1,1,10,1,1,2,4,"1:0:1 2:2:2 7:2:2 9:1:1"
OO_WM_PLUS,10,21,"10:2:2 11:0:1",11,0,1,1,10,1,1,3,4,"1:0:1 3:2:2 6:2:2 9:1:1"
OO_WM_PLUS,10,21,"10:2:2 11:0:1",11,0,1,1,10,1,1,4,4,"1:0:1 4:2:2 5:2:2 9:1:1"
OO_WM_PLUS,10,21,"10:2:2 11:0:1",11,0,1,2,8,2,2,1,4,"1:1:2 2:0:1 6:1:2 10:2:2"
OO_WM_PLUS,10,21,"10:2:2 11:0:1",11,0,1,2,8,2,2,3,4,"2:0:1 3:1:2 4:1:2 10:2:2"
OO_WM_PLUS,10,21,"10:2:2 11:0:1",11,0,1,2,10,1,1,1,4,"1:2:2 2:0:1 8:1:1 8:2:2"
OO_WM_PLUS,10,21,"10:2:2 11:0:1",11,0,1,2,10,1,1,2,4,"2:0:1 2:2:2 7:2:2 8:1:1"
OO_WM_PLUS,10,21,"10:2:2 11:0:1",11,0,1,2,10,1,1,4,4,"2:0:1 4:2:2 5:2:2 8:1:1"
OO_WM_PLUS,10,21,"10:2:2 11:0:1",11,0,1,3,10,1,1,2,4,"2:2:2 3:0:1 7:1:1 7:2:2"
OO_WM_PLUS,10,21,"10:2:2 11:0:1",11,0,1,3,10,1,1,4,4,"3:0:1 4:2:2 5:2:2 7:1:1"
OO_WM_PLUS,10,21,"10:2:2 11:0:1",11,0,1,4,6,2,2,1,4,"1:1:2 4:0:1 4:1:2 10:2:2"
OO_WM_PLUS,10,21,"10:2:2 11:0:1",11,0,1,4,10,1,1,2,4,"2:2:2 4:0:1 6:1:1 7:2:2"
OO_WM_PLUS,10,21,"10:2:2 11:0:1",11,0,1,4,10,1,1,3,4,"3:2:2 4:0:1 6:1:1 6:2:2"
OO_WM_PLUS,10,21,"10:2:2 11:0:1",11,0,1,5,10,1,1,2,4,"2:2:2 5:0:1 5:1:1 7:2:2"
OO_WM_PLUS,10,21,"10:2:2 11:0:1",11,0,1,5,10,1,1,4,4,"4:2:2 5:0:1 5:1:1 5:2:2"
OO_WM_PLUS,10,21,"10:2:2 11:0:1",11,0,1,6,10,1,1,2,4,"2:2:2 4:1:1 6:0:1 7:2:2"
OO_WM_PLUS,10,21,"10:2:2 11:0:1",11,0,1,6,10,1,1,4,4,"4:1:1 4:2:2 5:2:2 6:0:1"
OO_WM_PLUS,10,21,"10:2:2 11:0:1",11,0,1,7,7,0,2,2,4,"2:0:2 3:1:1 4:1:2 10:2:2"
OO_WM_PLUS,10,21,"10:2:2 11:0:1",11,0,1,7,7,0,2,5,4,"1:1:2 3:1:1 5:0:2 10:2:2"
OO_WM_PLUS,10,21,"10:2:2 11:0:1",11,0,1,7,10,1,1,2,4,"2:2:2 3:1:1 7:0:1 7:2:2"
OO_WM_PLUS,10,21,"10:2:2 11:0:1",11,0,1,7,10,1,1,3,4,"3:1:1 3:2:2 6:2:2 7:0:1"
OO_WM_PLUS,10,21,"10:2:2 11:0:1",11,0,1,7,10,1,1,4,4,"3:1:1 4:2:2 5:2:2 7:0:1"
OO_WM_PLUS,10,21,"10:2:2 11:0:1",11,0,1,8,10,1,1,2,4,"2:1:1 2:2:2 7:2:2 8:0:1"
OO_WM_PLUS,10,21,"10:2:2 11:0:1",11,0,1,9,9,0,2,2,4,"1:1:1 2:0:2 6:1:2 10:2:2"
OO_WM_PLUS,10,21,"10:2:2 11:0:1",11,0,1,9,9,0,2,4,4,"1:1:1 4:0:2 4:1:2 10:2:2"
OO_WM_PLUS,10,21,"10:2:2 11:0:1",11,0,1,9,9,0,2,5,4,"1:1:1 3:1:2 5:0:2 10:2:2"
OO_WM_PLUS,10,21,"10:2:2 11:0:1",11,0,1,9,9,0,2,6,4,"1:1:1 2:1:2 6:0:2 10:2:2"
OO_WM_PLUS,10,21,"10:2:2 11:0:1",11,0,1,9,9,0,2,7,4,"1:1:1 1:1:2 7:0:2 10:2:2"
OO_WM_PLUS,10,21,"10:2:2 11:0:1",11,0,1,9,10,1,1,1,4,"1:1:1 1:2:2 8:2:2 9:0:1"
OO_WM_PLUS,10,21,"10:2:2 11:0:1",11,0,1,9,10,1,1,2,4,"1:1:1 2:2:2 7:2:2 9:0:1"
OO_WM_PLUS,10,21,"10:2:2 11:0:1",11,0,1,9,10,1,1,4,4,"1:1:1 4:2:2 5:2:2 9:0:1"
OO_WM_PLUS,10,21,"10:2:2 11:0:1",11,0,1,10,10,0,2,2,3,"2:0:2 7:1:2 10:2:2"
OO_WM_PLUS,10,21,"10:2:2 11:0:1",11,0,1,10,10,0,2,3,3,"3:0:2 6:1:2 10:2:2"
OO_WM_PLUS,10,21,"10:2:2 11:0:1",11,0,1,10,10,0,2,4,3,"4:0:2 5:1:2 10:2:2"
OO_WM_PLUS,10,21,"10:2:2 11:0:1",11,0,1,10,10,0,2,5,3,"4:1:2 5:0:2 10:2:2"
OO_WM_PLUS,10,21,"10:2:2 11:0:1",11,0,1,10,10,0,2,6,3,"3:1:2 6:0:2 10:2:2"
OO_WM_PLUS,10,21,"10:2:2 11:0:1",11,0,1,10,10,0,2,7,3,"2:1:2 7:0:2 10:2:2"
OO_WM_PLUS,10,21,"10:2:2 11:0:1",11,0,1,10,10,0,2,8,3,"1:1:2 8:0:2 10:2:2"
OO_WM_PLUS,10,21,"10:2:2 11:0:1",11,0,1,10,10,1,1,0,2,"9:2:2 10:0:1"
OO_WM_PLUS,10,21,"10:2:2 11:0:1",11,0,1,10,10,1,1,1,3,"1:2:2 8:2:2 10:0:1"
OO_WM_PLUS,10,21,"10:2:2 11:0:1",11,0,1,10,10,1,1,2,3,"2:2:2 7:2:2 10:0:1"
OO_WM_PLUS,10,21,"10:2:2 11:0:1",11,0,1,10,10,1,1,3,3,"3:2:2 6:2:2 10:0:1"
OO_WM_PLUS,10,21,"10:2:2 11:0:1",11,0,1,10,10,1,1,4,3,"4:2:2 5:2:2 10:0:1"
WO_MO,10,20,"10:0:2 10:1:2",10,0,2,1,8,1,2,2,4,"1:0:1 2:2:2 5:1:2 10:1:2"
WO_MO,10,20,"10:0:2 10:1:2",10,0,2,1,8,1,2,5,4,"1:0:1 2:1:2 5:2:2 10:1:2"
WO_MO,10,20,"10:0:2 10:1:2",10,0,2,1,10,1,2,1,4,"1:0:1 1:2:2 8:1:2 8:1:2"
WO_MO,10,20,"10:0:2 10:1:2",10,0,2,1,10,1,2,2,4,"1:0:1 2:2:2 7:1:2 8:1:2"
WO_MO,10,20,"10:0:2 10:1:2",10,0,2,1,10,1,2,4,4,"1:0:1 4:2:2 5:1:2 8:1:2"
WO_MO,10,20,"10:0:2 10:1:2",10,0,2,1,10,1,2,5,4,"1:0:1 4:1:2 5:2:2 8:1:2"
WO_MO,10,20,"10:0:2 10:1:2",10,0,2,1,10,1,2,7,4,"1:0:1 2:1:2 7:2:2 8:1:2"
WO_MO,10,20,"10:0:2 10:1:2",10,0,2,1,10,1,2,8,4,"1:0:1 1:1:2 8:1:2 8:2:2"
WO_MO,10,20,"10:0:2 10:1:2",10,0,2,2,10,1,2,2,4,"2:0:1 2:2:2 7:1:2 7:1:2"
WO_MO,10,20,"10:0:2 10:1:2",10,0,2,3,6,1,2,2,4,"2:2:2 3:0:1 3:1:2 10:1:2"
WO_MO,10,20,"10:0:2 10:1:2",10,0,2,3,10,1,2,3,4,"3:0:1 3:2:2 6:1:2 6:1:2"
WO_MO,10,20,"10:0:2 10:1:2",10,0,2,3,10,1,2,6,4,"3:0:1 3:1:2 6:1:2 6:2:2"
WO_MO,10,20,"10:0:2 10:1:2",10,0,2,4,4,0,2,2,4,"1:1:2 2:0:2 5:1:2 10:1:2"
WO_MO,10,20,"10:0:2 10:1:2",10,0,2,4,5,1,2,2,4,"2:1:2 2:2:2 4:0:1 10:1:2"
WO_MO,10,20,"10:0:2 10:1:2",10,0,2,4,10,1,2,2,4,"2:2:2 4:0:1 5:1:2 7:1:2"
WO_MO,10,20,"10:0:2 10:1:2",10,0,2,4,10,1,2,4,4,"4:0:1 4:2:2 5:1:2 5:1:2"
WO_MO,10,20,"10:0:2 10:1:2",10,0,2,4,10,1,2,5,4,"4:0:1 4:1:2 5:1:2 5:2:2"
WO_MO,10,20,"10:0:2 10:1:2",10,0,2,4,10,1,2,8,4,"1:1:2 4:0:1 5:1:2 8:2:2"
WO_MO,10,20,"10:0:2 10:1:2",10,0,2,5,5,0,2,2,4,"2:0:2 2:1:2 4:1:2 10:1:2"
WO_MO,10,20,"10:0:2 10:1:2",10,0,2,5,10,1,2,2,4,"2:2:2 4:1:2 5:0:1 7:1:2"
WO_MO,10,20,"10:0:2 10:1:2",10,0,2,5,10,1,2,5,4,"4:1:2 4:1:2 5:0:1 5:2:2"
WO_MO,10,20,"10:0:2 10:1:2",10,0,2,6,6,0,2,2,4,"2:0:2 3:1:2 3:1:2 10:1:2"
WO_MO,10,20,"10:0:2 10:1:2",10,0,2,6,10,1,2,3,4,"3:1:2 3:2:2 6:0:1 6:1:2"
WO_MO,10,20,"10:0:2 10:1:2",10,0,2,6,10,1,2,6,4,"3:1:2 3:1:2 6:0:1 6:2:2"
WO_MO,10,20,"10:0:2 10:1:2",10,0,2,7,7,0,2,2,4,"2:0:2 2:1:2 4:1:2 10:1:2"
WO_MO,10,20,"10:0:2 10:1:2",10,0,2,7,10,1,2,2,4,"2:1:2 2:2:2 7:0:1 7:1:2"
WO_MO,10,20,"10:0:2 10:1:2",10,0,2,7,10,1,2,4,4,"2:1:2 4:2:2 5:1:2 7:0:1"
WO_MO,10,20,"10:0:2 10:1:2",10,0,2,7,10,1,2,5,4,"2:1:2 4:1:2 5:2:2 7:0:1"
WO_MO,10,20,"10:0:2 10:1:2",10,0,2,7,10,1,2,7,4,"2:1:2 2:1:2 7:0:1 7:2:2"
WO_MO,10,20,"10:0:2 10:1:2",10,0,2,8,8,0,2,2,4,"1:1:2 2:0:2 5:1:2 10:1:2"
WO_MO,10,20,"10:0:2 10:1:2",10,0,2,8,10,1,2,2,4,"1:1:2 2:2:2 7:1:2 8:0:1"
WO_MO,10,20,"10:0:2 10:1:2",10,0,2,8,10,1,2,5,4,"1:1:2 4:1:2 5:2:2 8:0:1"
WO_MO,10,20,"10:0:2 10:1:2",10,0,2,8,10,1,2,8,4,"1:1:2 1:1:2 8:0:1 8:2:2"
WO_MO,10,20,"10:0:2 10:1:2",10,1,2,0,9,1,2,2,3,"2:2:2 6:1:2 10:0:2"
WO_MO,10,20,"10:0:2 10:1:2",10,1,2,0,9,1,2,3,3,"3:2:2 5:1:2 10:0:2"
WO_MO,10,20,"10:0:2 10:1:2",10,1,2,0,9,1,2,4,3,"4:1:2 4:2:2 10:0:2"
WO_MO,10,20,"10:0:2 10:1:2",10,1,2,0,9,1,2,5,3,"3:1:2 5:2:2 10:0:2"
WO_MO,10,20,"10:0:2 10:1:2",10,1,2,0,9,1,2,6,3,"2:1:2 6:2:2 10:0:2"
WO_MO,10,20,"10:0:2 10:1:2",10,1,2,0,9,1,2,7,3,"1:1:2 7:2:2 10:0:2"
WO_MO,10,20,"10:0:2 10:1:2",10,1,2,0,10,0,1,1,3,"1:0:2 8:2:2 9:1:2"
WO_MO,10,20,"10:0:2 10:1:2",10,1,2,0,10,0,1,2,3,"2:0:2 7:2:2 9:1:2"
WO_MO,10,20,"10:0:2 10:1:2",10,1,2,0,10,0,1,3,3,"3:0:2 6:2:2 9:1:2"
WO_MO,10,20,"10:0:2 10:1:2",10,1,2,0,10,0,1,4,3,"4:0:2 5:2:2 9:1:2"
WO_MO,10,20,"10:0:2 10:1:2",10,1,2,0,10,0,1,5,3,"4:2:2 5:0:2 9:1:2"
WO_MO,10,20,"10:0:2 10:1:2",10,1,2,0,10,0,1,6,3,"3:2:2 6:0:2 9:1:2"
WO_MO,10,20,"10:0:2 10:1:2",10,1,2,0,10,0,1,7,3,"2:2:2 7:0:2 9:1:2"
WO_MO,10,20,"10:0:2 10:1:2",10,1,2,0,10,0,1,8,3,"1:2:2 8:0:2 9:1:2"
WO_MO,10,20,"10:0:2 10:1:2",10,1,2,0,10,0,1,9,2,"9:0:2 9:1:2"
WO_MO,10,20,"10:0:2 10:1:2",10,1,2,1,8,1,2,2,4,"1:1:1 2:2:2 5:1:2 10:0:2"
WO_MO,10,20,"10:0:2 10:1:2",10,1,2,1,8,1,2,5,4,"1:1:1 2:1:2 5:2:2 10:0:2"
WO_MO,10,20,"10:0:2 10:1:2",10,1,2,1,10,0,1,1,4,"1:0:2 1:1:1 8:1:2 8:2:2"
WO_MO,10,20,"10:0:2 10:1:2",10,1,2,1,10,0,1,2,4,"1:1:1 2:0:2 7:2:2 8:1:2"
WO_MO,10,20,"10:0:2 10:1:2",10,1,2,1,10,0,1,4,4,"1:1:1 4:0:2 5:2:2 8:1:2"
WO_MO,10,20,"10:0:2 10:1:2",10,1,2,1,10,0,1,5,4,"1:1:1 4:2:2 5:0:2 8:1:2"
WO_MO,10,20,"10:0:2 10:1:2",10,1,2,1,10,0,1,7,4,"1:1:1 2:2:2 7:0:2 8:1:2"
WO_MO,10,20,"10:0:2 10:1:2",10,1,2,1,10,0,1,8,4,"1:1:1 1:2:2 8:0:2 8:1:2"
WO_MO,10,20,"10:0:2 10:1:2",10,1,2,2,10,0,1,2,4,"2:0:2 2:1:1 7:1:2 7:2:2"
WO_MO,10,20,"10:0:2 10:1:2",10,1,2,2,10,0,1,7,4,"2:1:1 2:2:2 7:0:2 7:1:2"
WO_MO,10,20,"10:0:2 10:1:2",10,1,2,3,6,1,2,2,4,"2:2:2 3:1:1 3:1:2 10:0:2"
WO_MO,10,20,"10:0:2 10:1:2",10,1,2,3,10,0,1,2,4,"2:0:2 3:1:1 6:1:2 7:2:2"
WO_MO,10,20,"10:0:2 10:1:2",10,1,2,3,10,0,1,3,4,"3:0:2 3:1:1 6:1:2 6:2:2"
WO_MO,10,20,"10:0:2 10:1:2",10,1,2,3,10,0,1,6,4,"3:1:1 3:2:2 6:0:2 6:1:2"
WO_MO,10,20,"10:0:2 10:1:2",10,1,2,4,5,1,2,2,4,"2:1:2 2:2:2 4:1:1 10:0:2"
WO_MO,10,20,"10:0:2 10:1:2",10,1,2,4,10,0,1,2,4,"2:0:2 4:1:1 5:1:2 7:2:2"
WO_MO,10,20,"10:0:2 10:1:2",10,1,2,4,10,0,1,5,4,"4:1:1 4:2:2 5:0:2 5:1:2"
WO_MO,10,20,"10:0:2 10:1:2",10,1,2,4,10,0,1,7,4,"2:2:2 4:1:1 5:1:2 7:0:2"
WO_MO,10,20,"10:0:2 10:1:2",10,1,2,5,10,0,1,2,4,"2:0:2 4:1:2 5:1:1 7:2:2"
WO_MO,10,20,"10:0:2 10:1:2",10,1,2,5,10,0,1,4,4,"4:0:2 4:1:2 5:1:1 5:2:2"
WO_MO,10,20,"10:0:2 10:1:2",10,1,2,5,10,0,1,7,4,"2:2:2 4:1:2 5:1:1 7:0:2"
WO_MO,10,20,"10:0:2 10:1:2",10,1,2,6,10,0,1,2,4,"2:0:2 3:1:2 6:1:1 7:2:2"
WO_MO,10,20,"10:0:2 10:1:2",10,1,2,6,10,0,1,3,4,"3:0:2 3:1:2 6:1:1 6:2:2"
WO_MO,10,20,"10:0:2 10:1:2",10,1,2,7,10,0,1,2,4,"2:0:2 2:1:2 7:1:1 7:2:2"
WO_MO,10,20,"10:0:2 10:1:2",10,1,2,7,10,0,1,7,4,"2:1:2 2:2:2 7:0:2 7:1:1"
WO_MO,10,20,"10:0:2 10:1:2",10,1,2,8,10,0,1,1,4,"1:0:2 1:1:2 8:1:1 8:2:2"
WO_MO,10,20,"10:0:2 10:1:2",10,1,2,8,10,0,1,2,4,"1:1:2 2:0:2 7:2:2 8:1:1"
WO_MO,10,20,"10:0:2 10:1:2",10,1,2,8,10,0,1,4,4,"1:1:2 4:0:2 5:2:2 8:1:1"
WO_MO,10,20,"10:0:2 10:1:2",10,1,2,8,10,0,1,7,4,"1:1:2 2:2:2 7:0:2 8:1:1"
WO_PLUS_MO,10,21,"10:1:2 11:0:2",10,1,2,0,9,1,2,1,3,"1:2:2 7:1:2 11:0:2"
WO_PLUS_MO,10,21,"10:1:2 11:0:2",10,1,2,0,9,1,2,2,3,"2:2:2 6:1:2 11:0:2"
WO_PLUS_MO,10,21,"10:1:2 11:0:2",10,1,2,0,9,1,2,3,3,"3:2:2 5:1:2 11:0:2"
WO_PLUS_MO,10,21,"10:1:2 11:0:2",10,1,2,0,9,1,2,4,3,"4:1:2 4:2:2 11:0:2"
WO_PLUS_MO,10,21,"10:1:2 11:0:2",10,1,2,0,9,1,2,5,3,"3:1:2 5:2:2 11:0:2"
WO_PLUS_MO,10,21,"10:1:2 11:0:2",10,1,2,0,9,1,2,6,3,"2:1:2 6:2:2 11:0:2"
WO_PLUS_MO,10,21,"10:1:2 11:0:2",10,1,2,0,9,1,2,7,3,"1:1:2 7:2:2 11:0:2"
WO_PLUS_MO,10,21,"10:1:2 11:0:2",10,1,2,0,11,0,1,1,3,"1:0:2 9:1:2 9:2:2"
WO_PLUS_MO,10,21,"10:1:2 11:0:2",10,1,2,0,11,0,1,2,3,"2:0:2 8:2:2 9:1:2"
WO_PLUS_MO,10,21,"10:1:2 11:0:2",10,1,2,0,11,0,1,3,3,"3:0:2 7:2:2 9:1:2"
WO_PLUS_MO,10,21,"10:1:2 11:0:2",10,1,2,0,11,0,1,4,3,"4:0:2 6:2:2 9:1:2"
WO_PLUS_MO,10,21,"10:1:2 11:0:2",10,1,2,0,11,0,1,5,3,"5:0:2 5:2:2 9:1:2"
WO_PLUS_MO,10,21,"10:1:2 11:0:2",10,1,2,0,11,0,1,6,3,"4:2:2 6:0:2 9:1:2"
WO_PLUS_MO,10,21,"10:1:2 11:0:2",10,1,2,0,11,0,1,7,3,"3:2:2 7:0:2 9:1:2"
WO_PLUS_MO,10,21,"10:1:2 11:0:2",10,1,2,0,11,0,1,8,3,"2:2:2 8:0:2 9:1:2"
WO_PLUS_MO,10,21,"10:1:2 11:0:2",10,1,2,0,11,0,1,9,3,"1:2:2 9:0:2 9:1:2"
WO_PLUS_MO,10,21,"10:1:2 11:0:2",10,1,2,0,11,0,1,10,2,"9:1:2 10:0:2"
WO_PLUS_MO,10,21,"10:1:2 11:0:2",10,1,2,1,8,1,2,2,4,"1:1:1 2:2:2 5:1:2 11:0:2"
WO_PLUS_MO,10,21,"10:1:2 11:0:2",10,1,2,1,8,1,2,4,4,"1:1:1 3:1:2 4:2:2 11:0:2"
WO_PLUS_MO,10,21,"10:1:2 11:0:2",10,1,2,1,8,1,2,5,4,"1:1:1 2:1:2 5:2:2 11:0:2"
WO_PLUS_MO,10,21,"10:1:2 11:0:2",10,1,2,1,8,1,2,6,4,"1:1:1 1:1:2 6:2:2 11:0:2"
WO_PLUS_MO,10,21,"10:1:2 11:0:2",10,1,2,1,11,0,1,2,4,"1:1:1 2:0:2 8:1:2 8:2:2"
WO_PLUS_MO,10,21,"10:1:2 11:0:2",10,1,2,1,11,0,1,3,4,"1:1:1 3:0:2 7:2:2 8:1:2"
WO_PLUS_MO,10,21,"10:1:2 11:0:2",10,1,2,1,11,0,1,5,4,"1:1:1 5:0:2 5:2:2 8:1:2"
WO_PLUS_MO,10,21,"10:1:2 11:0:2",10,1,2,1,11,0,1,6,4,"1:1:1 4:2:2 6:0:2 8:1:2"
WO_PLUS_MO,10,21,"10:1:2 11:0:2",10,1,2,1,11,0,1,8,4,"1:1:1 2:2:2 8:0:2 8:1:2"
WO_PLUS_MO,10,21,"10:1:2 11:0:2",10,1,2,1,11,0,1,9,4,"1:1:1 1:2:2 8:1:2 9:0:2"
WO_PLUS_MO,10,21,"10:1:2 11:0:2",10,1,2,2,11,0,1,8,4,"2:1:1 2:2:2 7:1:2 8:0:2"
WO_PLUS_MO,10,21,"10:1:2 11:0:2",10,1,2,3,6,1,2,2,4,"2:2:2 3:1:1 3:1:2 11:0:2"
WO_PLUS_MO,10,21,"10:1:2 11:0:2",10,1,2,3,6,1,2,4,4,"1:1:2 3:1:1 4:2:2 11:0:2"
WO_PLUS_MO,10,21,"10:1:2 11:0:2",10,1,2,3,11,0,1,4,4,"3:1:1 4:0:2 6:1:2 6:2:2"
WO_PLUS_MO,10,21,"10:1:2 11:0:2",10,1,2,3,11,0,1,5,4,"3:1:1 5:0:2 5:2:2 6:1:2"
WO_PLUS_MO,10,21,"10:1:2 11:0:2",10,1,2,3,11,0,1,7,4,"3:1:1 3:2:2 6:1:2 7:0:2"
WO_PLUS_MO,10,21,"10:1:2 11:0:2",10,1,2,3,11,0,1,8,4,"2:2:2 3:1:1 6:1:2 8:0:2"
WO_PLUS_MO,10,21,"10:1:2 11:0:2",10,1,2,4,5,1,2,2,4,"2:1:2 2:2:2 4:1:1 11:0:2"
WO_PLUS_MO,10,21,"10:1:2 11:0:2",10,1,2,4,11,0,1,5,4,"4:1:1 5:0:2 5:1:2 5:2:2"
WO_PLUS_MO,10,21,"10:1:2 11:0:2",10,1,2,4,11,0,1,6,4,"4:1:1 4:2:2 5:1:2 6:0:2"
WO_PLUS_MO,10,21,"10:1:2 11:0:2",10,1,2,4,11,0,1,8,4,"2:2:2 4:1:1 5:1:2 8:0:2"
WO_PLUS_MO,10,21,"10:1:2 11:0:2",10,1,2,5,11,0,1,5,4,"4:1:2 5:0:2 5:1:1 5:2:2"
WO_PLUS_MO,10,21,"10:1:2 11:0:2",10,1,2,5,11,0,1,8,4,"2:2:2 4:1:2 5:1:1 8:0:2"
WO_PLUS_MO,10,21,"10:1:2 11:0:2",10,1,2,6,11,0,1,4,4,"3:1:2 4:0:2 6:1:1 6:2:2"
WO_PLUS_MO,10,21,"10:1:2 11:0:2",10,1,2,7,11,0,1,3,4,"2:1:2 3:0:2 7:1:1 7:2:2"
WO_PLUS_MO,10,21,"10:1:2 11:0:2",10,1,2,7,11,0,1,5,4,"2:1:2 5:0:2 5:2:2 7:1:1"
WO_PLUS_MO,10,21,"10:1:2 11:0:2",10,1,2,7,11,0,1,6,4,"2:1:2 4:2:2 6:0:2 7:1:1"
WO_PLUS_MO,10,21,"10:1:2 11:0:2",10,1,2,7,11,0,1,8,4,"2:1:2 2:2:2 7:1:1 8:0:2"
WO_PLUS_MO,10,21,"10:1:2 11:0:2",10,1,2,8,11,0,1,2,4,"1:1:2 2:0:2 8:1:1 8:2:2"
WO_PLUS_MO,10,21,"10:1:2 11:0:2",10,1,2,8,11,0,1,5,4,"1:1:2 5:0:2 5:2:2 8:1:1"
WO_PLUS_MO,10,21,"10:1:2 11:0:2",10,1,2,8,11,0,1,8,4,"1:1:2 2:2:2 8:0:2 8:1:1"
WO_PLUS_MO,10,21,"10:1:2 11:0:2",11,0,2,1,9,1,2,2,4,"1:0:1 2:2:2 6:1:2 10:1:2"
WO_PLUS_MO,10,21,"10:1:2 11:0:2",11,0,2,1,9,1,2,3,4,"1:0:1 3:2:2 5:1:2 10:1:2"
WO_PLUS_MO,10,21,"10:1:2 11:0:2",11,0,2,1,9,1,2,4,4,"1:0:1 4:1:2 4:2:2 10:1:2"
WO_PLUS_MO,10,21,"10:1:2 11:0:2",11,0,2,1,9,1,2,5,4,"1:0:1 3:1:2 5:2:2 10:1:2"
WO_PLUS_MO,10,21,"10:1:2 11:0:2",11,0,2,1,9,1,2,6,4,"1:0:1 2:1:2 6:2:2 10:1:2"
WO_PLUS_MO,10,21,"10:1:2 11:0:2",11,0,2,1,9,1,2,7,4,"1:0:1 1:1:2 7:2:2 10:1:2"
WO_PLUS_MO,10,21,"10:1:2 11:0:2",11,0,2,1,10,1,2,0,3,"1:0:1 9:1:2 9:1:2"
WO_PLUS_MO,10,21,"10:1:2 11:0:2",11,0,2,1,10,1,2,1,4,"1:0:1 1:2:2 8:1:2 9:1:2"
WO_PLUS_MO,10,21,"10:1:2 11:0:2",11,0,2,1,10,1,2,2,4,"1:0:1 2:2:2 7:1:2 9:1:2"
WO_PLUS_MO,10,21,"10:1:2 11:0:2",11,0,2,1,10,1,2,3,4,"1:0:1 3:2:2 6:1:2 9:1:2"
WO_PLUS_MO,10,21,"10:1:2 11:0:2",11,0,2,1,10,1,2,4,4,"1:0:1 4:2:2 5:1:2 9:1:2"
WO_PLUS_MO,10,21,"10:1:2 11:0:2",11,0,2,1,10,1,2,5,4,"1:0:1 4:1:2 5:2:2 9:1:2"
WO_PLUS_MO,10,21,"10:1:2 11:0:2",11,0,2,1,10,1,2,6,4,"1:0:1 3:1:2 6:2:2 9:1:2"
WO_PLUS_MO,10,21,"10:1:2 11:0:2",11,0,2,1,10,1,2,7,4,"1:0:1 2:1:2 7:2:2 9:1:2"
WO_PLUS_MO,10,21,"10:1:2 11:0:2",11,0,2,1,10,1,2,8,4,"1:0:1 1:1:2 8:2:2 9:1:2"
WO_PLUS_MO,10,21,"10:1:2 11:0:2",11,0,2,2,8,1,2,2,4,"2:0:1 2:2:2 5:1:2 10:1:2"
WO_PLUS_MO,10,21,"10:1:2 11:0:2",11,0,2,2,8,1,2,5,4,"2:0:1 2:1:2 5:2:2 10:1:2"
WO_PLUS_MO,10,21,"10:1:2 11:0:2",11,0,2,2,10,1,2,1,4,"1:2:2 2:0:1 8:1:2 8:1:2"
WO_PLUS_MO,10,21,"10:1:2 11:0:2",11,0,2,2,10,1,2,2,4,"2:0:1 2:2:2 7:1:2 8:1:2"
WO_PLUS_MO,10,21,"10:1:2 11:0:2",11,0,2,2,10,1,2,4,4,"2:0:1 4:2:2 5:1:2 8:1:2"
WO_PLUS_MO,10,21,"10:1:2 11:0:2",11,0,2,2,10,1,2,5,4,"2:0:1 4:1:2 5:2:2 8:1:2"
WO_PLUS_MO,10,21,"10:1:2 11:0:2",11,0,2,2,10,1,2,7,4,"2:0:1 2:1:2 7:2:2 8:1:2"
WO_PLUS_MO,10,21,"10:1:2 11:0:2",11,0,2,2,10,1,2,8,4,"1:1:2 2:0:1 8:1:2 8:2:2"
WO_PLUS_MO,10,21,"10:1:2 11:0:2",11,0,2,3,7,1,2,2,4,"2:2:2 3:0:1 4:1:2 10:1:2"
WO_PLUS_MO,10,21,"10:1:2 11:0:2",11,0,2,3,7,1,2,5,4,"1:1:2 3:0:1 5:2:2 10:1:2"
WO_PLUS_MO,10,21,"10:1:2 11:0:2",11,0,2,3,10,1,2,2,4,"2:2:2 3:0:1 7:1:2 7:1:2"
WO_PLUS_MO,10,21,"10:1:2 11:0:2",11,0,2,3,10,1,2,4,4,"3:0:1 4:2:2 5:1:2 7:1:2"
WO_PLUS_MO,10,21,"10:1:2 11:0:2",11,0,2,3,10,1,2,5,4,"3:0:1 4:1:2 5:2:2 7:1:2"
WO_PLUS_MO,10,21,"10:1:2 11:0:2",11,0,2,3,10,1,2,7,4,"2:1:2 3:0:1 7:1:2 7:2:2"
WO_PLUS_MO,10,21,"10:1:2 11:0:2",11,0,2,3,10,1,2,8,4,"1:1:2 3:0:1 7:1:2 8:2:2"
WO_PLUS_MO,10,21,"10:1:2 11:0:2",11,0,2,4,6,1,2,2,4,"2:2:2 3:1:2 4:0:1 10:1:2"
WO_PLUS_MO,10,21,"10:1:2 11:0:2",11,0,2,4,10,1,2,3,4,"3:2:2 4:0:1 6:1:2 6:1:2"
WO_PLUS_MO,10,21,"10:1:2 11:0:2",11,0,2,4,10,1,2,6,4,"3:1:2 4:0:1 6:1:2 6:2:2"
WO_PLUS_MO,10,21,"10:1:2 11:0:2",11,0,2,5,10,1,2,2,4,"2:2:2 5:0:1 5:1:2 7:1:2"
WO_PLUS_MO,10,21,"10:1:2 11:0:2",11,0,2,5,10,1,2,4,4,"4:2:2 5:0:1 5:1:2 5:1:2"
WO_PLUS_MO,10,21,"10:1:2 11:0:2",11,0,2,6,4,1,2,2,4,"1:1:2 2:2:2 6:0:1 10:1:2"
WO_PLUS_MO,10,21,"10:1:2 11:0:2",11,0,2,6,10,1,2,2,4,"2:2:2 4:1:2 6:0:1 7:1:2"
WO_PLUS_MO,10,21,"10:1:2 11:0:2",11,0,2,6,10,1,2,4,4,"4:1:2 4:2:2 5:1:2 6:0:1"
WO_PLUS_MO,10,21,"10:1:2 11:0:2",11,0,2,6,10,1,2,5,4,"4:1:2 4:1:2 5:2:2 6:0:1"
WO_PLUS_MO,10,21,"10:1:2 11:0:2",11,0,2,6,10,1,2,8,4,"1:1:2 4:1:2 6:0:1 8:2:2"
WO_PLUS_MO,10,21,"10:1:2 11:0:2",11,0,2,7,10,1,2,6,4,"3:1:2 3:1:2 6:2:2 7:0:1"
WO_PLUS_MO,10,21,"10:1:2 11:0:2",11,0,2,8,10,1,2,2,4,"2:1:2 2:2:2 7:1:2 8:0:1"
WO_PLUS_MO,10,21,"10:1:2 11:0:2",11,0,2,8,10,1,2,4,4,"2:1:2 4:2:2 5:1:2 8:0:1"
WO_PLUS_MO,10,21,"10:1:2 11:0:2",11,0,2,8,10,1,2,7,4,"2:1:2 2:1:2 7:2:2 8:0:1"
WO_PLUS_MO,10,21,"10:1:2 11:0:2",11,0,2,9,10,1,2,2,4,"1:1:2 2:2:2 7:1:2 9:0:1"
WO_PLUS_MO,10,21,"10:1:2 11:0:2",11,0,2,9,10,1,2,5,4,"1:1:2 4:1:2 5:2:2 9:0:1"
WO_PLUS_MO,10,21,"10:1:2 11:0:2",11,0,2,9,10,1,2,7,4,"1:1:2 2:1:2 7:2:2 9:0:1"
WO_PLUS_MO,10,21,"10:1:2 11:0:2",11,0,2,9,10,1,2,8,4,"1:1:2 1:1:2 8:2:2 9:0:1"
MO_MO,11,22,"11:1:2 11:1:2",11,1,2,0,10,1,2,2,3,"2:2:2 7:1:2 11:1:2"
MO_MO,11,22,"11:1:2 11:1:2",11,1,2,0,10,1,2,3,3,"3:2:2 6:1:2 11:1:2"
MO_MO,11,22,"11:1:2 11:1:2",11,1,2,0,10,1,2,4,3,"4:2:2 5:1:2 11:1:2"
MO_MO,11,22,"11:1:2 11:1:2",11,1,2,0,10,1,2,5,3,"4:1:2 5:2:2 11:1:2"
MO_MO,11,22,"11:1:2 11:1:2",11,1,2,0,10,1,2,6,3,"3:1:2 6:2:2 11:1:2"
MO_MO,11,22,"11:1:2 11:1:2",11,1,2,0,10,1,2,7,3,"2:1:2 7:2:2 11:1:2"
MO_MO,11,22,"11:1:2 11:1:2",11,1,2,0,10,1,2,8,3,"1:1:2 8:2:2 11:1:2"
MO_MO,11,22,"11:1:2 11:1:2",11,1,2,0,11,1,2,0,2,"10:1:2 10:1:2"
MO_MO,11,22,"11:1:2 11:1:2",11,1,2,0,11,1,2,1,3,"1:2:2 9:1:2 10:1:2"
MO_MO,11,22,"11:1:2 11:1:2",11,1,2,0,11,1,2,2,3,"2:2:2 8:1:2 10:1:2"
MO_MO,11,22,"11:1:2 11:1:2",11,1,2,0,11,1,2,3,3,"3:2:2 7:1:2 10:1:2"
MO_MO,11,22,"11:1:2 11:1:2",11,1,2,0,11,1,2,4,3,"4:2:2 6:1:2 10:1:2"
MO_MO,11,22,"11:1:2 11:1:2",11,1,2,0,11,1,2,5,3,"5:1:2 5:2:2 10:1:2"
MO_MO,11,22,"11:1:2 11:1:2",11,1,2,0,11,1,2,6,3,"4:1:2 6:2:2 10:1:2"
MO_MO,11,22,"11:1:2 11:1:2",11,1,2,0,11,1,2,7,3,"3:1:2 7:2:2 10:1:2"
MO_MO,11,22,"11:1:2 11:1:2",11,1,2,0,11,1,2,8,3,"2:1:2 8:2:2 10:1:2"
MO_MO,11,22,"11:1:2 11:1:2",11,1,2,0,11,1,2,9,3,"1:1:2 9:2:2 10:1:2"
MO_MO,11,22,"11:1:2 11:1:2",11,1,2,1,9,1,2,2,4,"1:1:1 2:2:2 6:1:2 11:1:2"
MO_MO,11,22,"11:1:2 11:1:2",11,1,2,1,9,1,2,5,4,"1:1:1 3:1:2 5:2:2 11:1:2"
MO_MO,11,22,"11:1:2 11:1:2",11,1,2,1,9,1,2,6,4,"1:1:1 2:1:2 6:2:2 11:1:2"
MO_MO,11,22,"11:1:2 11:1:2",11,1,2,1,11,1,2,1,4,"1:1:1 1:2:2 9:1:2 9:1:2"
MO_MO,11,22,"11:1:2 11:1:2",11,1,2,1,11,1,2,2,4,"1:1:1 2:2:2 8:1:2 9:1:2"
MO_MO,11,22,"11:1:2 11:1:2",11,1,2,1,11,1,2,4,4,"1:1:1 4:2:2 6:1:2 9:1:2"
MO_MO,11,22,"11:1:2 11:1:2",11,1,2,1,11,1,2,5,4,"1:1:1 5:1:2 5:2:2 9:1:2"
MO_MO,11,22,"11:1:2 11:1:2",11,1,2,1,11,1,2,6,4,"1:1:1 4:1:2 6:2:2 9:1:2"
MO_MO,11,22,"11:1:2 11:1:2",11,1,2,1,11,1,2,7,4,"1:1:1 3:1:2 7:2:2 9:1:2"
MO_MO,11,22,"11:1:2 11:1:2",11,1,2,1,11,1,2,8,4,"1:1:1 2:1:2 8:2:2 9:1:2"
MO_MO,11,22,"11:1:2 11:1:2",11,1,2,1,11,1,2,9,4,"1:1:1 1:1:2 9:1:2 9:2:2"
MO_MO,11,22,"11:1:2 11:1:2",11,1,2,2,11,1,2,2,4,"2:1:1 2:2:2 8:1:2 8:1:2"
MO_MO,11,22,"11:1:2 11:1:2",11,1,2,3,7,1,2,2,4,"2:2:2 3:1:1 4:1:2 11:1:2"
MO_MO,11,22,"11:1:2 11:1:2",11,1,2,3,7,1,2,4,4,"2:1:2 3:1:1 4:2:2 11:1:2"
MO_MO,11,22,"11:1:2 11:1:2",11,1,2,3,7,1,2,5,4,"1:1:2 3:1:1 5:2:2 11:1:2"
MO_MO,11,22,"11:1:2 11:1:2",11,1,2,3,11,1,2,2,4,"2:2:2 3:1:1 7:1:2 8:1:2"
MO_MO,11,22,"11:1:2 11:1:2",11,1,2,3,11,1,2,3,4,"3:1:1 3:2:2 7:1:2 7:1:2"
MO_MO,11,22,"11:1:2 11:1:2",11,1,2,3,11,1,2,4,4,"3:1:1 4:2:2 6:1:2 7:1:2"
MO_MO,11,22,"11:1:2 11:1:2",11,1,2,3,11,1,2,5,4,"3:1:1 5:1:2 5:2:2 7:1:2"
MO_MO,11,22,"11:1:2 11:1:2",11,1,2,3,11,1,2,6,4,"3:1:1 4:1:2 6:2:2 7:1:2"
MO_MO,11,22,"11:1:2 11:1:2",11,1,2,3,11,1,2,7,4,"3:1:1 3:1:2 7:1:2 7:2:2"
MO_MO,11,22,"11:1:2 11:1:2",11,1,2,3,11,1,2,8,4,"2:1:2 3:1:1 7:1:2 8:2:2"
MO_MO,11,22,"11:1:2 11:1:2",11,1,2,3,11,1,2,9,4,"1:1:2 3:1:1 7:1:2 9:2:2"
MO_MO,11,22,"11:1:2 11:1:2",11,1,2,4,6,1,2,2,4,"2:2:2 3:1:2 4:1:1 11:1:2"
MO_MO,11,22,"11:1:2 11:1:2",11,1,2,4,11,1,2,4,4,"4:1:1 4:2:2 6:1:2 6:1:2"
MO_MO,11,22,"11:1:2 11:1:2",11,1,2,4,11,1,2,6,4,"4:1:1 4:1:2 6:1:2 6:2:2"
MO_MO,11,22,"11:1:2 11:1:2",11,1,2,4,11,1,2,9,4,"1:1:2 4:1:1 6:1:2 9:2:2"
MO_MO,11,22,"11:1:2 11:1:2",11,1,2,5,11,1,2,2,4,"2:2:2 5:1:1 5:1:2 8:1:2"
MO_MO,11,22,"11:1:2 11:1:2",11,1,2,5,11,1,2,5,4,"5:1:1 5:1:2 5:1:2 5:2:2"
MO_MO,11,22,"11:1:2 11:1:2",11,1,2,6,4,1,2,2,4,"1:1:2 2:2:2 6:1:1 11:1:2"
MO_MO,11,22,"11:1:2 11:1:2",11,1,2,6,11,1,2,4,4,"4:1:2 4:2:2 6:1:1 6:1:2"
MO_MO,11,22,"11:1:2 11:1:2",11,1,2,6,11,1,2,6,4,"4:1:2 4:1:2 6:1:1 6:2:2"
MO_MO,11,22,"11:1:2 11:1:2",11,1,2,6,11,1,2,9,4,"1:1:2 4:1:2 6:1:1 9:2:2"
MO_MO,11,22,"11:1:2 11:1:2",11,1,2,7,11,1,2,7,4,"3:1:2 3:1:2 7:1:1 7:2:2"
MO_MO,11,22,"11:1:2 11:1:2",11,1,2,8,11,1,2,2,4,"2:1:2 2:2:2 8:1:1 8:1:2"
MO_MO,11,22,"11:1:2 11:1:2",11,1,2,8,11,1,2,5,4,"2:1:2 5:1:2 5:2:2 8:1:1"
MO_MO,11,22,"11:1:2 11:1:2",11,1,2,8,11,1,2,8,4,"2:1:2 2:1:2 8:1:1 8:2:2"
MO_MO,11,22,"11:1:2 11:1:2",11,1,2,9,11,1,2,9,4,"1:1:2 1:1:2 9:1:1 9:2:2"
OO_MM,11,22,"11:1:1 11:2:2",11,1,1,0,10,2,2,1,3,"1:1:2 8:1:2 11:2:2"
OO_MM,11,22,"11:1:1 11:2:2",11,1,1,0,10,2,2,2,3,"2:1:2 7:1:2 11:2:2"
OO_MM,11,22,"11:1:1 11:2:2",11,1,1,0,10,2,2,3,3,"3:1:2 6:1:2 11:2:2"
OO_MM,11,22,"11:1:1 11:2:2",11,1,1,0,10,2,2,4,3,"4:1:2 5:1:2 11:2:2"
OO_MM,11,22,"11:1:1 11:2:2",11,1,1,0,11,1,1,0,2,"10:1:1 10:2:2"
OO_MM,11,22,"11:1:1 11:2:2",11,1,1,0,11,1,1,1,3,"1:2:2 9:2:2 10:1:1"
OO_MM,11,22,"11:1:1 11:2:2",11,1,1,0,11,1,1,2,3,"2:2:2 8:2:2 10:1:1"
OO_MM,11,22,"11:1:1 11:2:2",11,1,1,0,11,1,1,3,3,"3:2:2 7:2:2 10:1:1"
OO_MM,11,22,"11:1:1 11:2:2",11,1,1,0,11,1,1,4,3,"4:2:2 6:2:2 10:1:1"
OO_MM,11,22,"11:1:1 11:2:2",11,1,1,0,11,1,1,5,3,"5:2:2 5:2:2 10:1:1"
OO_MM,11,22,"11:1:1 11:2:2",11,1,1,1,9,2,2,2,4,"1:1:1 2:1:2 6:1:2 11:2:2"
OO_MM,11,22,"11:1:1 11:2:2",11,1,1,1,9,2,2,3,4,"1:1:1 3:1:2 5:1:2 11:2:2"
OO_MM,11,22,"11:1:1 11:2:2",11,1,1,1,11,1,1,1,4,"1:1:1 1:2:2 9:1:1 9:2:2"
OO_MM,11,22,"11:1:1 11:2:2",11,1,1,1,11,1,1,2,4,"1:1:1 2:2:2 8:2:2 9:1:1"
OO_MM,11,22,"11:1:1 11:2:2",11,1,1,1,11,1,1,4,4,"1:1:1 4:2:2 6:2:2 9:1:1"
OO_MM,11,22,"11:1:1 11:2:2",11,1,1,1,11,1,1,5,4,"1:1:1 5:2:2 5:2:2 9:1:1"
OO_MM,11,22,"11:1:1 11:2:2",11,1,1,2,11,1,1,2,4,"2:1:1 2:2:2 8:1:1 8:2:2"
OO_MM,11,22,"11:1:1 11:2:2",11,1,1,2,11,1,1,5,4,"2:1:1 5:2:2 5:2:2 8:1:1"
OO_MM,11,22,"11:1:1 11:2:2",11,1,1,3,7,2,2,1,4,"1:1:2 3:1:1 5:1:2 11:2:2"
OO_MM,11,22,"11:1:1 11:2:2",11,1,1,3,7,2,2,2,4,"2:1:2 3:1:1 4:1:2 11:2:2"
OO_MM,11,22,"11:1:1 11:2:2",11,1,1,3,11,1,1,2,4,"2:2:2 3:1:1 7:1:1 8:2:2"
OO_MM,11,22,"11:1:1 11:2:2",11,1,1,3,11,1,1,3,4,"3:1:1 3:2:2 7:1:1 7:2:2"
OO_MM,11,22,"11:1:1 11:2:2",11,1,1,3,11,1,1,4,4,"3:1:1 4:2:2 6:2:2 7:1:1"
OO_MM,11,22,"11:1:1 11:2:2",11,1,1,3,11,1,1,5,4,"3:1:1 5:2:2 5:2:2 7:1:1"
OO_MM,11,22,"11:1:1 11:2:2",11,1,1,4,11,1,1,2,4,"2:2:2 4:1:1 6:1:1 8:2:2"
OO_MM,11,22,"11:1:1 11:2:2",11,1,1,4,11,1,1,4,4,"4:1:1 4:2:2 6:1:1 6:2:2"
OO_MM,11,22,"11:1:1 11:2:2",11,1,1,4,11,1,1,5,4,"4:1:1 5:2:2 5:2:2 6:1:1"
OO_MM,11,22,"11:1:1 11:2:2",11,1,1,5,11,1,1,2,4,"2:2:2 5:1:1 5:1:1 8:2:2"
OO_MM,11,22,"11:1:1 11:2:2",11,1,1,5,11,1,1,5,4,"5:1:1 5:1:1 5:2:2 5:2:2"
OO_MM,11,22,"11:1:1 11:2:2",11,2,2,1,9,1,2,2,4,"1:1:2 2:2:2 6:1:2 11:1:1"
OO_MM,11,22,"11:1:1 11:2:2",11,2,2,1,9,1,2,5,4,"1:1:2 3:1:2 5:2:2 11:1:1"
OO_MM,11,22,"11:1:1 11:2:2",11,2,2,1,11,2,2,1,4,"1:1:2 1:1:2 9:1:2 9:1:2"
OO_MM,11,22,"11:1:1 11:2:2",11,2,2,2,8,1,2,2,4,"2:1:2 2:2:2 5:1:2 11:1:1"
OO_MM,11,22,"11:1:1 11:2:2",11,2,2,2,8,1,2,5,4,"2:1:2 2:1:2 5:2:2 11:1:1"
OO_MM,11,22,"11:1:1 11:2:2",11,2,2,2,11,2,2,2,4,"2:1:2 2:1:2 8:1:2 8:1:2"
OO_MM,11,22,"11:1:1 11:2:2",11,2,2,3,7,1,2,2,4,"2:2:2 3:1:2 4:1:2 11:1:1"
OO_MM,11,22,"11:1:1 11:2:2",11,2,2,3,7,1,2,5,4,"1:1:2 3:1:2 5:2:2 11:1:1"
OO_MM,11,22,"11:1:1 11:2:2",11,2,2,3,11,2,2,3,4,"3:1:2 3:1:2 7:1:2 7:1:2"
OO_MM,11,22,"11:1:1 11:2:2",11,2,2,4,4,1,2,2,4,"1:1:2 2:2:2 6:1:2 11:1:1"
OO_MM,11,22,"11:1:1 11:2:2",11,2,2,4,6,1,2,2,4,"2:2:2 3:1:2 4:1:2 11:1:1"
OO_MM,11,22,"11:1:1 11:2:2",11,2,2,4,11,2,2,4,4,"4:1:2 4:1:2 6:1:2 6:1:2"
OO_MM,11,22,"11:1:1 11:2:2",11,2,2,5,5,1,2,2,4,"2:1:2 2:2:2 5:1:2 11:1:1"
OO_MM,11,22,"11:1:1 11:2:2",11,2,2,5,11,2,2,5,4,"5:1:2 5:1:2 5:1:2 5:1:2"
OO_WM,11,22,"11:0:1 11:2:2",11,0,1,1,9,2,2,2,4,"1:0:1 2:1:2 6:1:2 11:2:2"
OO_WM,11,22,"11:0:1 11:2:2",11,0,1,1,9,2,2,3,4,"1:0:1 3:1:2 5:1:2 11:2:2"
OO_WM,11,22,"11:0:1 11:2:2",11,0,1,1,11,1,1,1,4,"1:0:1 1:2:2 9:1:1 9:2:2"
OO_WM,11,22,"11:0:1 11:2:2",11,0,1,1,11,1,1,2,4,"1:0:1 2:2:2 8:2:2 9:1:1"
OO_WM,11,22,"11:0:1 11:2:2",11,0,1,1,11,1,1,4,4,"1:0:1 4:2:2 6:2:2 9:1:1"
OO_WM,11,22,"11:0:1 11:2:2",11,0,1,1,11,1,1,5,4,"1:0:1 5:2:2 5:2:2 9:1:1"
OO_WM,11,22,"11:0:1 11:2:2",11,0,1,2,11,1,1,2,4,"2:0:1 2:2:2 8:1:1 8:2:2"
OO_WM,11,22,"11:0:1 11:2:2",11,0,1,2,11,1,1,5,4,"2:0:1 5:2:2 5:2:2 8:1:1"
OO_WM,11,22,"11:0:1 11:2:2",11,0,1,3,7,2,2,1,4,"1:1:2 3:0:1 5:1:2 11:2:2"
OO_WM,11,22,"11:0:1 11:2:2",11,0,1,3,7,2,2,2,4,"2:1:2 3:0:1 4:1:2 11:2:2"
OO_WM,11,22,"11:0:1 11:2:2",11,0,1,3,11,1,1,2,4,"2:2:2 3:0:1 7:1:1 8:2:2"
OO_WM,11,22,"11:0:1 11:2:2",11,0,1,3,11,1,1,3,4,"3:0:1 3:2:2 7:1:1 7:2:2"
OO_WM,11,22,"11:0:1 11:2:2",11,0,1,3,11,1,1,4,4,"3:0:1 4:2:2 6:2:2 7:1:1"
OO_WM,11,22,"11:0:1 11:2:2",11,0,1,3,11,1,1,5,4,"3:0:1 5:2:2 5:2:2 7:1:1"
OO_WM,11,22,"11:0:1 11:2:2",11,0,1,4,4,0,2,2,4,"1:1:2 2:0:2 6:1:1 11:2:2"
OO_WM,11,22,"11:0:1 11:2:2",11,0,1,4,6,2,2,2,4,"2:1:2 3:1:2 4:0:1 11:2:2"
OO_WM,11,22,"11:0:1 11:2:2",11,0,1,4,11,1,1,1,4,"1:2:2 4:0:1 6:1:1 9:2:2"
OO_WM,11,22,"11:0:1 11:2:2",11,0,1,4,11,1,1,2,4,"2:2:2 4:0:1 6:1:1 8:2:2"
OO_WM,11,22,"11:0:1 11:2:2",11,0,1,4,11,1,1,4,4,"4:0:1 4:2:2 6:1:1 6:2:2"
OO_WM,11,22,"11:0:1 11:2:2",11,0,1,4,11,1,1,5,4,"4:0:1 5:2:2 5:2:2 6:1:1"
OO_WM,11,22,"11:0:1 11:2:2",11,0,1,5,5,0,2,2,4,"2:0:2 2:1:2 5:1:1 11:2:2"
OO_WM,11,22,"11:0:1 11:2:2",11,0,1,5,11,1,1,2,4,"2:2:2 5:0:1 5:1:1 8:2:2"
OO_WM,11,22,"11:0:1 11:2:2",11,0,1,5,11,1,1,5,4,"5:0:1 5:1:1 5:2:2 5:2:2"
OO_WM,11,22,"11:0:1 11:2:2",11,0,1,6,4,2,2,1,4,"1:1:2 2:1:2 6:0:1 11:2:2"
OO_WM,11,22,"11:0:1 11:2:2",11,0,1,6,6,0,2,2,4,"2:0:2 3:1:2 4:1:1 11:2:2"
OO_WM,11,22,"11:0:1 11:2:2",11,0,1,6,11,1,1,1,4,"1:2:2 4:1:1 6:0:1 9:2:2"
OO_WM,11,22,"11:0:1 11:2:2",11,0,1,6,11,1,1,2,4,"2:2:2 4:1:1 6:0:1 8:2:2"
OO_WM,11,22,"11:0:1 11:2:2",11,0,1,6,11,1,1,4,4,"4:1:1 4:2:2 6:0:1 6:2:2"
OO_WM,11,22,"11:0:1 11:2:2",11,0,1,6,11,1,1,5,4,"4:1:1 5:2:2 5:2:2 6:0:1"
OO_WM,11,22,"11:0:1 11:2:2",11,0,1,7,7,0,2,1,4,"1:0:2 3:1:1 5:1:2 11:2:2"
OO_WM,11,22,"11:0:1 11:2:2",11,0,1,7,7,0,2,2,4,"2:0:2 3:1:1 4:1:2 11:2:2"
OO_WM,11,22,"11:0:1 11:2:2",11,0,1,7,7,0,2,4,4,"2:1:2 3:1:1 4:0:2 11:2:2"
OO_WM,11,22,"11:0:1 11:2:2",11,0,1,7,7,0,2,5,4,"1:1:2 3:1:1 5:0:2 11:2:2"
OO_WM,11,22,"11:0:1 11:2:2",11,0,1,7,11,1,1,1,4,"1:2:2 3:1:1 7:0:1 9:2:2"
OO_WM,11,22,"11:0:1 11:2:2",11,0,1,7,11,1,1,2,4,"2:2:2 3:1:1 7:0:1 8:2:2"
OO_WM,11,22,"11:0:1 11:2:2",11,0,1,7,11,1,1,3,4,"3:1:1 3:2:2 7:0:1 7:2:2"
OO_WM,11,22,"11:0:1 11:2:2",11,0,1,7,11,1,1,4,4,"3:1:1 4:2:2 6:2:2 7:0:1"
OO_WM,11,22,"11:0:1 11:2:2",11,0,1,7,11,1,1,5,4,"3:1:1 5:2:2 5:2:2 7:0:1"
OO_WM,11,22,"11:0:1 11:2:2",11,0,1,8,8,0,2,2,4,"2:0:2 2:1:1 5:1:2 11:2:2"
OO_WM,11,22,"11:0:1 11:2:2",11,0,1,8,11,1,1,2,4,"2:1:1 2:2:2 8:0:1 8:2:2"
OO_WM,11,22,"11:0:1 11:2:2",11,0,1,8,11,1,1,5,4,"2:1:1 5:2:2 5:2:2 8:0:1"
OO_WM,11,22,"11:0:1 11:2:2",11,0,1,9,9,0,2,2,4,"1:1:1 2:0:2 6:1:2 11:2:2"
OO_WM,11,22,"11:0:1 11:2:2",11,0,1,9,9,0,2,3,4,"1:1:1 3:0:2 5:1:2 11:2:2"
OO_WM,11,22,"11:0:1 11:2:2",11,0,1,9,9,0,2,5,4,"1:1:1 3:1:2 5:0:2 11:2:2"
OO_WM,11,22,"11:0:1 11:2:2",11,0,1,9,9,0,2,6,4,"1:1:1 2:1:2 6:0:2 11:2:2"
OO_WM,11,22,"11:0:1 11:2:2",11,0,1,9,11,1,1,1,4,"1:1:1 1:2:2 9:0:1 9:2:2"
OO_WM,11,22,"11:0:1 11:2:2",11,0,1,9,11,1,1,2,4,"1:1:1 2:2:2 8:2:2 9:0:1"
OO_WM,11,22,"11:0:1 11:2:2",11,0,1,9,11,1,1,4,4,"1:1:1 4:2:2 6:2:2 9:0:1"
OO_WM,11,22,"11:0:1 11:2:2",11,0,1,9,11,1,1,5,4,"1:1:1 5:2:2 5:2:2 9:0:1"
OO_WM,11,22,"11:0:1 11:2:2",11,0,1,10,10,0,2,1,3,"1:0:2 8:1:2 11:2:2"
OO_WM,11,22,"11:0:1 11:2:2",11,0,1,10,10,0,2,2,3,"2:0:2 7:1:2 11:2:2"
OO_WM,11,22,"11:0:1 11:2:2",11,0,1,10,10,0,2,3,3,"3:0:2 6:1:2 11:2:2"
OO_WM,11,22,"11:0:1 11:2:2",11,0,1,10,10,0,2,4,3,"4:0:2 5:1:2 11:2:2"
OO_WM,11,22,"11:0:1 11:2:2",11,0,1,10,10,0,2,5,3,"4:1:2 5:0:2 11:2:2"
OO_WM,11,22,"11:0:1 11:2:2",11,0,1,10,10,0,2,6,3,"3:1:2 6:0:2 11:2:2"
OO_WM,11,22,"11:0:1 11:2:2",11,0,1,10,10,0,2,7,3,"2:1:2 7:0:2 11:2:2"
OO_WM,11,22,"11:0:1 11:2:2",11,0,1,10,10,0,2,8,3,"1:1:2 8:0:2 11:2:2"
OO_WM,11,22,"11:0:1 11:2:2",11,0,1,10,11,1,1,0,2,"10:0:1 10:2:2"
OO_WM,11,22,"11:0:1 11:2:2",11,0,1,10,11,1,1,1,3,"1:2:2 9:2:2 10:0:1"
OO_WM,11,22,"11:0:1 11:2:2",11,0,1,10,11,1,1,2,3,"2:2:2 8:2:2 10:0:1"
OO_WM,11,22,"11:0:1 11:2:2",11,0,1,10,11,1,1,3,3,"3:2:2 7:2:2 10:0:1"
OO_WM,11,22,"11:0:1 11:2:2",11,0,1,10,11,1,1,4,3,"4:2:2 6:2:2 10:0:1"
OO_WM,11,22,"11:0:1 11:2:2",11,0,1,10,11,1,1,5,3,"5:2:2 5:2:2 10:0:1"
OO_WM,11,22,"11:0:1 11:2:2",11,2,2,1,9,1,2,2,4,"1:1:2 2:2:2 6:1:2 11:0:1"
OO_WM,11,22,"11:0:1 11:2:2",11,2,2,1,9,1,2,5,4,"1:1:2 3:1:2 5:2:2 11:0:1"
OO_WM,11,22,"11:0:1 11:2:2",11,2,2,1,11,0,2,1,4,"1:0:2 1:1:2 9:1:2 9:1:2"
OO_WM,11,22,"11:0:1 11:2:2",11,2,2,1,11,0,2,2,4,"1:1:2 2:0:2 8:1:2 9:1:2"
OO_WM,11,22,"11:0:1 11:2:2",11,2,2,1,11,0,2,7,4,"1:1:2 3:1:2 7:0:2 9:1:2"
OO_WM,11,22,"11:0:1 11:2:2",11,2,2,1,11,0,2,9,4,"1:1:2 1:1:2 9:0:2 9:1:2"
OO_WM,11,22,"11:0:1 11:2:2",11,2,2,2,8,1,2,2,4,"2:1:2 2:2:2 5:1:2 11:0:1"
OO_WM,11,22,"11:0:1 11:2:2",11,2,2,2,8,1,2,5,4,"2:1:2 2:1:2 5:2:2 11:0:1"
OO_WM,11,22,"11:0:1 11:2:2",11,2,2,2,11,0,2,2,4,"2:0:2 2:1:2 8:1:2 8:1:2"
OO_WM,11,22,"11:0:1 11:2:2",11,2,2,2,11,0,2,5,4,"2:1:2 5:0:2 5:1:2 8:1:2"
OO_WM,11,22,"11:0:1 11:2:2",11,2,2,2,11,0,2,8,4,"2:1:2 2:1:2 8:0:2 8:1:2"
OO_WM,11,22,"11:0:1 11:2:2",11,2,2,3,7,1,2,2,4,"2:2:2 3:1:2 4:1:2 11:0:1"
OO_WM,11,22,"11:0:1 11:2:2",11,2,2,3,7,1,2,5,4,"1:1:2 3:1:2 5:2:2 11:0:1"
OO_WM,11,22,"11:0:1 11:2:2",11,2,2,3,11,0,2,2,4,"2:0:2 3:1:2 7:1:2 8:1:2"
OO_WM,11,22,"11:0:1 11:2:2",11,2,2,3,11,0,2,3,4,"3:0:2 3:1:2 7:1:2 7:1:2"
OO_WM,11,22,"11:0:1 11:2:2",11,2,2,3,11,0,2,7,4,"3:1:2 3:1:2 7:0:2 7:1:2"
OO_WM,11,22,"11:0:1 11:2:2",11,2,2,3,11,0,2,9,4,"1:1:2 3:1:2 7:1:2 9:0:2"
OO_WM,11,22,"11:0:1 11:2:2",11,2,2,4,4,1,2,2,4,"1:1:2 2:2:2 6:1:2 11:0:1"
OO_WM,11,22,"11:0:1 11:2:2",11,2,2,4,6,1,2,2,4,"2:2:2 3:1:2 4:1:2 11:0:1"
OO_WM,11,22,"11:0:1 11:2:2",11,2,2,4,11,0,2,2,4,"2:0:2 4:1:2 6:1:2 8:1:2"
OO_WM,11,22,"11:0:1 11:2:2",11,2,2,4,11,0,2,4,4,"4:0:2 4:1:2 6:1:2 6:1:2"
OO_WM,11,22,"11:0:1 11:2:2",11,2,2,4,11,0,2,6,4,"4:1:2 4:1:2 6:0:2 6:1:2"
OO_WM,11,22,"11:0:1 11:2:2",11,2,2,4,11,0,2,9,4,"1:1:2 4:1:2 6:1:2 9:0:2"
OO_WM,11,22,"11:0:1 11:2:2",11,2,2,5,5,1,2,2,4,"2:1:2 2:2:2 5:1:2 11:0:1"
OO_WM,11,22,"11:0:1 11:2:2",11,2,2,5,11,0,2,2,4,"2:0:2 5:1:2 5:1:2 8:1:2"
OO_WM,11,22,"11:0:1 11:2:2",11,2,2,5,11,0,2,5,4,"5:0:2 5:1:2 5:1:2 5:1:2"
OO_WM,11,22,"11:0:1 11:2:2",11,2,2,5,11,0,2,8,4,"2:1:2 5:1:2 5:1:2 8:0:2"
OO_WM_PLUS,11,23,"11:2:2 12:0:1",11,2,2,1,9,1,2,2,4,"1:1:2 2:2:2 6:1:2 12:0:1"
OO_WM_PLUS,11,23,"11:2:2 12:0:1",11,2,2,1,9,1,2,5,4,"1:1:2 3:1:2 5:2:2 12:0:1"
OO_WM_PLUS,11,23,"11:2:2 12:0:1",11,2,2,1,9,1,2,6,4,"1:1:2 2:1:2 6:2:2 12:0:1"
OO_WM_PLUS,11,23,"11:2:2 12:0:1",11,2,2,1,12,0,2,2,4,"1:1:2 2:0:2 9:1:2 9:1:2"
OO_WM_PLUS,11,23,"11:2:2 12:0:1",11,2,2,1,12,0,2,5,4,"1:1:2 5:0:2 6:1:2 9:1:2"
OO_WM_PLUS,11,23,"11:2:2 12:0:1",11,2,2,1,12,0,2,7,4,"1:1:2 4:1:2 7:0:2 9:1:2"
OO_WM_PLUS,11,23,"11:2:2 12:0:1",11,2,2,1,12,0,2,8,4,"1:1:2 3:1:2 8:0:2 9:1:2"
OO_WM_PLUS,11,23,"11:2:2 12:0:1",11,2,2,1,12,0,2,10,4,"1:1:2 1:1:2 9:1:2 10:0:2"
OO_WM_PLUS,11,23,"11:2:2 12:0:1",11,2,2,2,8,1,2,2,4,"2:1:2 2:2:2 5:1:2 12:0:1"
OO_WM_PLUS,11,23,"11:2:2 12:0:1",11,2,2,2,8,1,2,4,4,"2:1:2 3:1:2 4:2:2 12:0:1"
OO_WM_PLUS,11,23,"11:2:2 12:0:1",11,2,2,2,8,1,2,5,4,"2:1:2 2:1:2 5:2:2 12:0:1"
OO_WM_PLUS,11,23,"11:2:2 12:0:1",11,2,2,2,8,1,2,6,4,"1:1:2 2:1:2 6:2:2 12:0:1"
OO_WM_PLUS,11,23,"11:2:2 12:0:1",11,2,2,2,12,0,2,3,4,"2:1:2 3:0:2 8:1:2 8:1:2"
OO_WM_PLUS,11,23,"11:2:2 12:0:1",11,2,2,2,12,0,2,6,4,"2:1:2 5:1:2 6:0:2 8:1:2"
OO_WM_PLUS,11,23,"11:2:2 12:0:1",11,2,2,2,12,0,2,9,4,"2:1:2 2:1:2 8:1:2 9:0:2"
OO_WM_PLUS,11,23,"11:2:2 12:0:1",11,2,2,3,7,1,2,2,4,"2:2:2 3:1:2 4:1:2 12:0:1"
OO_WM_PLUS,11,23,"11:2:2 12:0:1",11,2,2,3,7,1,2,4,4,"2:1:2 3:1:2 4:2:2 12:0:1"
OO_WM_PLUS,11,23,"11:2:2 12:0:1",11,2,2,3,7,1,2,5,4,"1:1:2 3:1:2 5:2:2 12:0:1"
OO_WM_PLUS,11,23,"11:2:2 12:0:1",11,2,2,3,12,0,2,4,4,"3:1:2 4:0:2 7:1:2 7:1:2"
OO_WM_PLUS,11,23,"11:2:2 12:0:1",11,2,2,3,12,0,2,5,4,"3:1:2 5:0:2 6:1:2 7:1:2"
OO_WM_PLUS,11,23,"11:2:2 12:0:1",11,2,2,3,12,0,2,7,4,"3:1:2 4:1:2 7:0:2 7:1:2"
OO_WM_PLUS,11,23,"11:2:2 12:0:1",11,2,2,3,12,0,2,8,4,"3:1:2 3:1:2 7:1:2 8:0:2"
OO_WM_PLUS,11,23,"11:2:2 12:0:1",11,2,2,3,12,0,2,9,4,"2:1:2 3:1:2 7:1:2 9:0:2"
OO_WM_PLUS,11,23,"11:2:2 12:0:1",11,2,2,3,12,0,2,10,4,"1:1:2 3:1:2 7:1:2 10:0:2"
OO_WM_PLUS,11,23,"11:2:2 12:0:1",11,2,2,4,4,1,2,2,4,"1:1:2 2:2:2 6:1:2 12:0:1"
OO_WM_PLUS,11,23,"11:2:2 12:0:1",11,2,2,4,6,1,2,2,4,"2:2:2 3:1:2 4:1:2 12:0:1"
OO_WM_PLUS,11,23,"11:2:2 12:0:1",11,2,2,4,12,0,2,5,4,"4:1:2 5:0:2 6:1:2 6:1:2"
OO_WM_PLUS,11,23,"11:2:2 12:0:1",11,2,2,4,12,0,2,7,4,"4:1:2 4:1:2 6:1:2 7:0:2"
OO_WM_PLUS,11,23,"11:2:2 12:0:1",11,2,2,4,12,0,2,9,4,"2:1:2 4:1:2 6:1:2 9:0:2"
OO_WM_PLUS,11,23,"11:2:2 12:0:1",11,2,2,4,12,0,2,10,4,"1:1:2 4:1:2 6:1:2 10:0:2"
OO_WM_PLUS,11,23,"11:2:2 12:0:1",11,2,2,5,5,1,2,2,4,"2:1:2 2:2:2 5:1:2 12:0:1"
OO_WM_PLUS,11,23,"11:2:2 12:0:1",11,2,2,5,12,0,2,6,4,"5:1:2 5:1:2 5:1:2 6:0:2"
OO_WM_PLUS,11,23,"11:2:2 12:0:1",12,0,1,1,10,2,2,1,4,"1:0:1 1:1:2 8:1:2 11:2:2"
OO_WM_PLUS,11,23,"11:2:2 12:0:1",12,0,1,1,10,2,2,2,4,"1:0:1 2:1:2 7:1:2 11:2:2"
OO_WM_PLUS,11,23,"11:2:2 12:0:1",12,0,1,1,10,2,2,3,4,"1:0:1 3:1:2 6:1:2 11:2:2"
OO_WM_PLUS,11,23,"11:2:2 12:0:1",12,0,1,1,10,2,2,4,4,"1:0:1 4:1:2 5:1:2 11:2:2"
OO_WM_PLUS,11,23,"11:2:2 12:0:1",12,0,1,1,11,1,1,0,3,"1:0:1 10:1:1 10:2:2"
OO_WM_PLUS,11,23,"11:2:2 12:0:1",12,0,1,1,11,1,1,1,4,"1:0:1 1:2:2 9:2:2 10:1:1"
OO_WM_PLUS,11,23,"11:2:2 12:0:1",12,0,1,1,11,1,1,2,4,"1:0:1 2:2:2 8:2:2 10:1:1"
OO_WM_PLUS,11,23,"11:2:2 12:0:1",12,0,1,1,11,1,1,3,4,"1:0:1 3:2:2 7:2:2 10:1:1"
OO_WM_PLUS,11,23,"11:2:2 12:0:1",12,0,1,1,11,1,1,4,4,"1:0:1 4:2:2 6:2:2 10:1:1"
OO_WM_PLUS,11,23,"11:2:2 12:0:1",12,0,1,1,11,1,1,5,4,"1:0:1 5:2:2 5:2:2 10:1:1"
OO_WM_PLUS,11,23,"11:2:2 12:0:1",12,0,1,2,9,2,2,2,4,"2:0:1 2:1:2 6:1:2 11:2:2"
OO_WM_PLUS,11,23,"11:2:2 12:0:1",12,0,1,2,9,2,2,3,4,"2:0:1 3:1:2 5:1:2 11:2:2"
OO_WM_PLUS,11,23,"11:2:2 12:0:1",12,0,1,2,11,1,1,1,4,"1:2:2 2:0:1 9:1:1 9:2:2"
OO_WM_PLUS,11,23,"11:2:2 12:0:1",12,0,1,2,11,1,1,2,4,"2:0:1 2:2:2 8:2:2 9:1:1"
OO_WM_PLUS,11,23,"11:2:2 12:0:1",12,0,1,2,11,1,1,4,4,"2:0:1 4:2:2 6:2:2 9:1:1"
OO_WM_PLUS,11,23,"11:2:2 12:0:1",12,0,1,2,11,1,1,5,4,"2:0:1 5:2:2 5:2:2 9:1:1"
OO_WM_PLUS,11,23,"11:2:2 12:0:1",12,0,1,3,8,2,2,1,4,"1:1:2 3:0:1 6:1:2 11:2:2"
OO_WM_PLUS,11,23,"11:2:2 12:0:1",12,0,1,3,8,2,2,2,4,"2:1:2 3:0:1 5:1:2 11:2:2"
OO_WM_PLUS,11,23,"11:2:2 12:0:1",12,0,1,3,8,2,2,3,4,"3:0:1 3:1:2 4:1:2 11:2:2"
OO_WM_PLUS,11,23,"11:2:2 12:0:1",12,0,1,3,11,1,1,2,4,"2:2:2 3:0:1 8:1:1 8:2:2"
OO_WM_PLUS,11,23,"11:2:2 12:0:1",12,0,1,3,11,1,1,4,4,"3:0:1 4:2:2 6:2:2 8:1:1"
OO_WM_PLUS,11,23,"11:2:2 12:0:1",12,0,1,3,11,1,1,5,4,"3:0:1 5:2:2 5:2:2 8:1:1"
OO_WM_PLUS,11,23,"11:2:2 12:0:1",12,0,1,4,7,2,2,1,4,"1:1:2 4:0:1 5:1:2 11:2:2"
OO_WM_PLUS,11,23,"11:2:2 12:0:1",12,0,1,4,7,2,2,2,4,"2:1:2 4:0:1 4:1:2 11:2:2"
OO_WM_PLUS,11,23,"11:2:2 12:0:1",12,0,1,4,11,1,1,2,4,"2:2:2 4:0:1 7:1:1 8:2:2"
OO_WM_PLUS,11,23,"11:2:2 12:0:1",12,0,1,4,11,1,1,3,4,"3:2:2 4:0:1 7:1:1 7:2:2"
OO_WM_PLUS,11,23,"11:2:2 12:0:1",12,0,1,4,11,1,1,4,4,"4:0:1 4:2:2 6:2:2 7:1:1"
OO_WM_PLUS,11,23,"11:2:2 12:0:1",12,0,1,4,11,1,1,5,4,"4:0:1 5:2:2 5:2:2 7:1:1"
OO_WM_PLUS,11,23,"11:2:2 12:0:1",12,0,1,5,11,1,1,2,4,"2:2:2 5:0:1 6:1:1 8:2:2"
OO_WM_PLUS,11,23,"11:2:2 12:0:1",12,0,1,5,11,1,1,4,4,"4:2:2 5:0:1 6:1:1 6:2:2"
OO_WM_PLUS,11,23,"11:2:2 12:0:1",12,0,1,5,11,1,1,5,4,"5:0:1 5:2:2 5:2:2 6:1:1"
OO_WM_PLUS,11,23,"11:2:2 12:0:1",12,0,1,6,5,2,2,1,4,"1:1:2 3:1:2 6:0:1 11:2:2"
OO_WM_PLUS,11,23,"11:2:2 12:0:1",12,0,1,6,5,2,2,2,4,"2:1:2 2:1:2 6:0:1 11:2:2"
OO_WM_PLUS,11,23,"11:2:2 12:0:1",12,0,1,6,11,1,1,2,4,"2:2:2 5:1:1 6:0:1 8:2:2"
OO_WM_PLUS,11,23,"11:2:2 12:0:1",12,0,1,6,11,1,1,5,4,"5:1:1 5:2:2 5:2:2 6:0:1"
OO_WM_PLUS,11,23,"11:2:2 12:0:1",12,0,1,7,11,1,1,1,4,"1:2:2 4:1:1 7:0:1 9:2:2"
OO_WM_PLUS,11,23,"11:2:2 12:0:1",12,0,1,7,11,1,1,2,4,"2:2:2 4:1:1 7:0:1 8:2:2"
OO_WM_PLUS,11,23,"11:2:2 12:0:1",12,0,1,7,11,1,1,4,4,"4:1:1 4:2:2 6:2:2 7:0:1"
OO_WM_PLUS,11,23,"11:2:2 12:0:1",12,0,1,7,11,1,1,5,4,"4:1:1 5:2:2 5:2:2 7:0:1"
OO_WM_PLUS,11,23,"11:2:2 12:0:1",12,0,1,8,8,0,2,2,4,"2:0:2 3:1:1 5:1:2 11:2:2"
OO_WM_PLUS,11,23,"11:2:2 12:0:1",12,0,1,8,8,0,2,3,4,"3:0:2 3:1:1 4:1:2 11:2:2"
OO_WM_PLUS,11,23,"11:2:2 12:0:1",12,0,1,8,8,0,2,5,4,"2:1:2 3:1:1 5:0:2 11:2:2"
OO_WM_PLUS,11,23,"11:2:2 12:0:1",12,0,1,8,8,0,2,6,4,"1:1:2 3:1:1 6:0:2 11:2:2"
OO_WM_PLUS,11,23,"11:2:2 12:0:1",12,0,1,8,11,1,1,1,4,"1:2:2 3:1:1 8:0:1 9:2:2"
OO_WM_PLUS,11,23,"11:2:2 12:0:1",12,0,1,8,11,1,1,2,4,"2:2:2 3:1:1 8:0:1 8:2:2"
OO_WM_PLUS,11,23,"11:2:2 12:0:1",12,0,1,8,11,1,1,3,4,"3:1:1 3:2:2 7:2:2 8:0:1"
OO_WM_PLUS,11,23,"11:2:2 12:0:1",12,0,1,8,11,1,1,4,4,"3:1:1 4:2:2 6:2:2 8:0:1"
OO_WM_PLUS,11,23,"11:2:2 12:0:1",12,0,1,8,11,1,1,5,4,"3:1:1 5:2:2 5:2:2 8:0:1"
OO_WM_PLUS,11,23,"11:2:2 12:0:1",12,0,1,9,11,1,1,2,4,"2:1:1 2:2:2 8:2:2 9:0:1"
OO_WM_PLUS,11,23,"11:2:2 12:0:1",12,0,1,9,11,1,1,5,4,"2:1:1 5:2:2 5:2:2 9:0:1"
OO_WM_PLUS,11,23,"11:2:2 12:0:1",12,0,1,10,10,0,2,3,4,"1:1:1 3:0:2 6:1:2 11:2:2"
OO_WM_PLUS,11,23,"11:2:2 12:0:1",12,0,1,10,10,0,2,4,4,"1:1:1 4:0:2 5:1:2 11:2:2"
OO_WM_PLUS,11,23,"11:2:2 12:0:1",12,0,1,10,10,0,2,5,4,"1:1:1 4:1:2 5:0:2 11:2:2"
OO_WM_PLUS,11,23,"11:2:2 12:0:1",12,0,1,10,10,0,2,6,4,"1:1:1 3:1:2 6:0:2 11:2:2"
OO_WM_PLUS,11,23,"11:2:2 12:0:1",12,0,1,10,10,0,2,7,4,"1:1:1 2:1:2 7:0:2 11:2:2"
OO_WM_PLUS,11,23,"11:2:2 12:0:1",12,0,1,10,10,0,2,8,4,"1:1:1 1:1:2 8:0:2 11:2:2"
OO_WM_PLUS,11,23,"11:2:2 12:0:1",12,0,1,10,11,1,1,1,4,"1:1:1 1:2:2 9:2:2 10:0:1"
OO_WM_PLUS,11,23,"11:2:2 12:0:1",12,0,1,10,11,1,1,2,4,"1:1:1 2:2:2 8:2:2 10:0:1"
OO_WM_PLUS,11,23,"11:2:2 12:0:1",12,0,1,10,11,1,1,4,4,"1:1:1 4:2:2 6:2:2 10:0:1"
OO_WM_PLUS,11,23,"11:2:2 12:0:1",12,0,1,10,11,1,1,5,4,"1:1:1 5:2:2 5:2:2 10:0:1"
OO_WM_PLUS,11,23,"11:2:2 12:0:1",12,0,1,11,11,0,2,2,3,"2:0:2 8:1:2 11:2:2"
OO_WM_PLUS,11,23,"11:2:2 12:0:1",12,0,1,11,11,0,2,3,3,"3:0:2 7:1:2 11:2:2"
OO_WM_PLUS,11,23,"11:2:2 12:0:1",12,0,1,11,11,0,2,4,3,"4:0:2 6:1:2 11:2:2"
OO_WM_PLUS,11,23,"11:2:2 12:0:1",12,0,1,11,11,0,2,5,3,"5:0:2 5:1:2 11:2:2"
OO_WM_PLUS,11,23,"11:2:2 12:0:1",12,0,1,11,11,0,2,6,3,"4:1:2 6:0:2 11:2:2"
OO_WM_PLUS,11,23,"11:2:2 12:0:1",12,0,1,11,11,0,2,7,3,"3:1:2 7:0:2 11:2:2"
OO_WM_PLUS,11,23,"11:2:2 12:0:1",12,0,1,11,11,0,2,8,3,"2:1:2 8:0:2 11:2:2"
OO_WM_PLUS,11,23,"11:2:2 12:0:1",12,0,1,11,11,0,2,9,3,"1:1:2 9:0:2 11:2:2"
OO_WM_PLUS,11,23,"11:2:2 12:0:1",12,0,1,11,11,1,1,0,2,"10:2:2 11:0:1"
OO_WM_PLUS,11,23,"11:2:2 12:0:1",12,0,1,11,11,1,1,1,3,"1:2:2 9:2:2 11:0:1"
OO_WM_PLUS,11,23,"11:2:2 12:0:1",12,0,1,11,11,1,1,2,3,"2:2:2 8:2:2 11:0:1"
OO_WM_PLUS,11,23,"11:2:2 12:0:1",12,0,1,11,11,1,1,3,3,"3:2:2 7:2:2 11:0:1"
OO_WM_PLUS,11,23,"11:2:2 12:0:1",12,0,1,11,11,1,1,4,3,"4:2:2 6:2:2 11:0:1"
OO_WM_PLUS,11,23,"11:2:2 12:0:1",12,0,1,11,11,1,1,5,3,"5:2:2 5:2:2 11:0:1"
WO_MO,11,22,"11:0:2 11:1:2",11,0,2,1,9,1,2,2,4,"1:0:1 2:2:2 6:1:2 11:1:2"
WO_MO,11,22,"11:0:2 11:1:2",11,0,2,1,9,1,2,5,4,"1:0:1 3:1:2 5:2:2 11:1:2"
WO_MO,11,22,"11:0:2 11:1:2",11,0,2,1,9,1,2,6,4,"1:0:1 2:1:2 6:2:2 11:1:2"
WO_MO,11,22,"11:0:2 11:1:2",11,0,2,1,11,1,2,1,4,"1:0:1 1:2:2 9:1:2 9:1:2"
WO_MO,11,22,"11:0:2 11:1:2",11,0,2,1,11,1,2,2,4,"1:0:1 2:2:2 8:1:2 9:1:2"
WO_MO,11,22,"11:0:2 11:1:2",11,0,2,1,11,1,2,4,4,"1:0:1 4:2:2 6:1:2 9:1:2"
WO_MO,11,22,"11:0:2 11:1:2",11,0,2,1,11,1,2,5,4,"1:0:1 5:1:2 5:2:2 9:1:2"
WO_MO,11,22,"11:0:2 11:1:2",11,0,2,1,11,1,2,6,4,"1:0:1 4:1:2 6:2:2 9:1:2"
WO_MO,11,22,"11:0:2 11:1:2",11,0,2,1,11,1,2,7,4,"1:0:1 3:1:2 7:2:2 9:1:2"
WO_MO,11,22,"11:0:2 11:1:2",11,0,2,1,11,1,2,8,4,"1:0:1 2:1:2 8:2:2 9:1:2"
WO_MO,11,22,"11:0:2 11:1:2",11,0,2,1,11,1,2,9,4,"1:0:1 1:1:2 9:1:2 9:2:2"
WO_MO,11,22,"11:0:2 11:1:2",11,0,2,2,11,1,2,2,4,"2:0:1 2:2:2 8:1:2 8:1:2"
WO_MO,11,22,"11:0:2 11:1:2",11,0,2,3,7,1,2,2,4,"2:2:2 3:0:1 4:1:2 11:1:2"
WO_MO,11,22,"11:0:2 11:1:2",11,0,2,3,7,1,2,4,4,"2:1:2 3:0:1 4:2:2 11:1:2"
WO_MO,11,22,"11:0:2 11:1:2",11,0,2,3,7,1,2,5,4,"1:1:2 3:0:1 5:2:2 11:1:2"
WO_MO,11,22,"11:0:2 11:1:2",11,0,2,3,11,1,2,2,4,"2:2:2 3:0:1 7:1:2 8:1:2"
WO_MO,11,22,"11:0:2 11:1:2",11,0,2,3,11,1,2,3,4,"3:0:1 3:2:2 7:1:2 7:1:2"
WO_MO,11,22,"11:0:2 11:1:2",11,0,2,3,11,1,2,4,4,"3:0:1 4:2:2 6:1:2 7:1:2"
WO_MO,11,22,"11:0:2 11:1:2",11,0,2,3,11,1,2,5,4,"3:0:1 5:1:2 5:2:2 7:1:2"
WO_MO,11,22,"11:0:2 11:1:2",11,0,2,3,11,1,2,6,4,"3:0:1 4:1:2 6:2:2 7:1:2"
WO_MO,11,22,"11:0:2 11:1:2",11,0,2,3,11,1,2,7,4,"3:0:1 3:1:2 7:1:2 7:2:2"
WO_MO,11,22,"11:0:2 11:1:2",11,0,2,3,11,1,2,8,4,"2:1:2 3:0:1 7:1:2 8:2:2"
WO_MO,11,22,"11:0:2 11:1:2",11,0,2,3,11,1,2,9,4,"1:1:2 3:0:1 7:1:2 9:2:2"
WO_MO,11,22,"11:0:2 11:1:2",11,0,2,4,4,0,2,2,4,"1:1:2 2:0:2 6:1:2 11:1:2"
WO_MO,11,22,"11:0:2 11:1:2",11,0,2,4,6,1,2,2,4,"2:2:2 3:1:2 4:0:1 11:1:2"
WO_MO,11,22,"11:0:2 11:1:2",11,0,2,4,11,1,2,2,4,"2:2:2 4:0:1 6:1:2 8:1:2"
WO_MO,11,22,"11:0:2 11:1:2",11,0,2,4,11,1,2,4,4,"4:0:1 4:2:2 6:1:2 6:1:2"
WO_MO,11,22,"11:0:2 11:1:2",11,0,2,4,11,1,2,5,4,"4:0:1 5:1:2 5:2:2 6:1:2"
WO_MO,11,22,"11:0:2 11:1:2",11,0,2,4,11,1,2,6,4,"4:0:1 4:1:2 6:1:2 6:2:2"
WO_MO,11,22,"11:0:2 11:1:2",11,0,2,4,11,1,2,8,4,"2:1:2 4:0:1 6:1:2 8:2:2"
WO_MO,11,22,"11:0:2 11:1:2",11,0,2,4,11,1,2,9,4,"1:1:2 4:0:1 6:1:2 9:2:2"
WO_MO,11,22,"11:0:2 11:1:2",11,0,2,5,5,0,2,2,4,"2:0:2 2:1:2 5:1:2 11:1:2"
WO_MO,11,22,"11:0:2 11:1:2",11,0,2,5,11,1,2,2,4,"2:2:2 5:0:1 5:1:2 8:1:2"
WO_MO,11,22,"11:0:2 11:1:2",11,0,2,5,11,1,2,5,4,"5:0:1 5:1:2 5:1:2 5:2:2"
WO_MO,11,22,"11:0:2 11:1:2",11,0,2,6,4,1,2,2,4,"1:1:2 2:2:2 6:0:1 11:1:2"
WO_MO,11,22,"11:0:2 11:1:2",11,0,2,6,6,0,2,2,4,"2:0:2 3:1:2 4:1:2 11:1:2"
WO_MO,11,22,"11:0:2 11:1:2",11,0,2,6,11,1,2,2,4,"2:2:2 4:1:2 6:0:1 8:1:2"
WO_MO,11,22,"11:0:2 11:1:2",11,0,2,6,11,1,2,4,4,"4:1:2 4:2:2 6:0:1 6:1:2"
WO_MO,11,22,"11:0:2 11:1:2",11,0,2,6,11,1,2,5,4,"4:1:2 5:1:2 5:2:2 6:0:1"
WO_MO,11,22,"11:0:2 11:1:2",11,0,2,6,11,1,2,6,4,"4:1:2 4:1:2 6:0:1 6:2:2"
WO_MO,11,22,"11:0:2 11:1:2",11,0,2,6,11,1,2,8,4,"2:1:2 4:1:2 6:0:1 8:2:2"
WO_MO,11,22,"11:0:2 11:1:2",11,0,2,6,11,1,2,9,4,"1:1:2 4:1:2 6:0:1 9:2:2"
WO_MO,11,22,"11:0:2 11:1:2",11,0,2,7,7,0,2,2,4,"2:0:2 3:1:2 4:1:2 11:1:2"
WO_MO,11,22,"11:0:2 11:1:2",11,0,2,7,11,1,2,2,4,"2:2:2 3:1:2 7:0:1 8:1:2"
WO_MO,11,22,"11:0:2 11:1:2",11,0,2,7,11,1,2,4,4,"3:1:2 4:2:2 6:1:2 7:0:1"
WO_MO,11,22,"11:0:2 11:1:2",11,0,2,7,11,1,2,6,4,"3:1:2 4:1:2 6:2:2 7:0:1"
WO_MO,11,22,"11:0:2 11:1:2",11,0,2,7,11,1,2,7,4,"3:1:2 3:1:2 7:0:1 7:2:2"
WO_MO,11,22,"11:0:2 11:1:2",11,0,2,7,11,1,2,9,4,"1:1:2 3:1:2 7:0:1 9:2:2"
WO_MO,11,22,"11:0:2 11:1:2",11,0,2,8,8,0,2,2,4,"2:0:2 2:1:2 5:1:2 11:1:2"
WO_MO,11,22,"11:0:2 11:1:2",11,0,2,8,11,1,2,2,4,"2:1:2 2:2:2 8:0:1 8:1:2"
WO_MO,11,22,"11:0:2 11:1:2",11,0,2,8,11,1,2,5,4,"2:1:2 5:1:2 5:2:2 8:0:1"
WO_MO,11,22,"11:0:2 11:1:2",11,0,2,8,11,1,2,8,4,"2:1:2 2:1:2 8:0:1 8:2:2"
WO_MO,11,22,"11:0:2 11:1:2",11,0,2,9,9,0,2,2,4,"1:1:2 2:0:2 6:1:2 11:1:2"
WO_MO,11,22,"11:0:2 11:1:2",11,0,2,9,11,1,2,2,4,"1:1:2 2:2:2 8:1:2 9:0:1"
WO_MO,11,22,"11:0:2 11:1:2",11,0,2,9,11,1,2,4,4,"1:1:2 4:2:2 6:1:2 9:0:1"
WO_MO,11,22,"11:0:2 11:1:2",11,0,2,9,11,1,2,6,4,"1:1:2 4:1:2 6:2:2 9:0:1"
WO_MO,11,22,"11:0:2 11:1:2",11,0,2,9,11,1,2,9,4,"1:1:2 1:1:2 9:0:1 9:2:2"
WO_MO,11,22,"11:0:2 11:1:2",11,1,2,0,10,1,2,2,3,"2:2:2 7:1:2 11:0:2"
WO_MO,11,22,"11:0:2 11:1:2",11,1,2,0,10,1,2,3,3,"3:2:2 6:1:2 11:0:2"
WO_MO,11,22,"11:0:2 11:1:2",11,1,2,0,10,1,2,4,3,"4:2:2 5:1:2 11:0:2"
WO_MO,11,22,"11:0:2 11:1:2",11,1,2,0,10,1,2,5,3,"4:1:2 5:2:2 11:0:2"
WO_MO,11,22,"11:0:2 11:1:2",11,1,2,0,10,1,2,6,3,"3:1:2 6:2:2 11:0:2"
WO_MO,11,22,"11:0:2 11:1:2",11,1,2,0,10,1,2,7,3,"2:1:2 7:2:2 11:0:2"
WO_MO,11,22,"11:0:2 11:1:2",11,1,2,0,10,1,2,8,3,"1:1:2 8:2:2 11:0:2"
WO_MO,11,22,"11:0:2 11:1:2",11,1,2,0,11,0,1,1,3,"1:0:2 9:2:2 10:1:2"
WO_MO,11,22,"11:0:2 11:1:2",11,1,2,0,11,0,1,2,3,"2:0:2 8:2:2 10:1:2"
WO_MO,11,22,"11:0:2 11:1:2",11,1,2,0,11,0,1,3,3,"3:0:2 7:2:2 10:1:2"
WO_MO,11,22,"11:0:2 11:1:2",11,1,2,0,11,0,1,4,3,"4:0:2 6:2:2 10:1:2"
WO_MO,11,22,"11:0:2 11:1:2",11,1,2,0,11,0,1,5,3,"5:0:2 5:2:2 10:1:2"
WO_MO,11,22,"11:0:2 11:1:2",11,1,2,0,11,0,1,6,3,"4:2:2 6:0:2 10:1:2"
WO_MO,11,22,"11:0:2 11:1:2",11,1,2,0,11,0,1,7,3,"3:2:2 7:0:2 10:1:2"
WO_MO,11,22,"11:0:2 11:1:2",11,1,2,0,11,0,1,8,3,"2:2:2 8:0:2 10:1:2"
WO_MO,11,22,"11:0:2 11:1:2",11,1,2,0,11,0,1,9,3,"1:2:2 9:0:2 10:1:2"
WO_MO,11,22,"11:0:2 11:1:2",11,1,2,0,11,0,1,10,2,"10:0:2 10:1:2"
WO_MO,11,22,"11:0:2 11:1:2",11,1,2,1,9,1,2,2,4,"1:1:1 2:2:2 6:1:2 11:0:2"
WO_MO,11,22,"11:0:2 11:1:2",11,1,2,1,9,1,2,5,4,"1:1:1 3:1:2 5:2:2 11:0:2"
WO_MO,11,22,"11:0:2 11:1:2",11,1,2,1,9,1,2,6,4,"1:1:1 2:1:2 6:2:2 11:0:2"
WO_MO,11,22,"11:0:2 11:1:2",11,1,2,1,11,0,1,1,4,"1:0:2 1:1:1 9:1:2 9:2:2"
WO_MO,11,22,"11:0:2 11:1:2",11,1,2,1,11,0,1,2,4,"1:1:1 2:0:2 8:2:2 9:1:2"
WO_MO,11,22,"11:0:2 11:1:2",11,1,2,1,11,0,1,3,4,"1:1:1 3:0:2 7:2:2 9:1:2"
WO_MO,11,22,"11:0:2 11:1:2",11,1,2,1,11,0,1,4,4,"1:1:1 4:0:2 6:2:2 9:1:2"
WO_MO,11,22,"11:0:2 11:1:2",11,1,2,1,11,0,1,5,4,"1:1:1 5:0:2 5:2:2 9:1:2"
WO_MO,11,22,"11:0:2 11:1:2",11,1,2,1,11,0,1,6,4,"1:1:1 4:2:2 6:0:2 9:1:2"
WO_MO,11,22,"11:0:2 11:1:2",11,1,2,1,11,0,1,7,4,"1:1:1 3:2:2 7:0:2 9:1:2"
WO_MO,11,22,"11:0:2 11:1:2",11,1,2,1,11,0,1,8,4,"1:1:1 2:2:2 8:0:2 9:1:2"
WO_MO,11,22,"11:0:2 11:1:2",11,1,2,1,11,0,1,9,4,"1:1:1 1:2:2 9:0:2 9:1:2"
WO_MO,11,22,"11:0:2 11:1:2",11,1,2,2,8,1,2,2,4,"2:1:1 2:2:2 5:1:2 11:0:2"
WO_MO,11,22,"11:0:2 11:1:2",11,1,2,2,11,0,1,2,4,"2:0:2 2:1:1 8:1:2 8:2:2"
WO_MO,11,22,"11:0:2 11:1:2",11,1,2,2,11,0,1,8,4,"2:1:1 2:2:2 8:0:2 8:1:2"
WO_MO,11,22,"11:0:2 11:1:2",11,1,2,3,7,1,2,2,4,"2:2:2 3:1:1 4:1:2 11:0:2"
WO_MO,11,22,"11:0:2 11:1:2",11,1,2,3,7,1,2,4,4,"2:1:2 3:1:1 4:2:2 11:0:2"
WO_MO,11,22,"11:0:2 11:1:2",11,1,2,3,7,1,2,5,4,"1:1:2 3:1:1 5:2:2 11:0:2"
WO_MO,11,22,"11:0:2 11:1:2",11,1,2,3,11,0,1,1,4,"1:0:2 3:1:1 7:1:2 9:2:2"
WO_MO,11,22,"11:0:2 11:1:2",11,1,2,3,11,0,1,2,4,"2:0:2 3:1:1 7:1:2 8:2:2"
WO_MO,11,22,"11:0:2 11:1:2",11,1,2,3,11,0,1,3,4,"3:0:2 3:1:1 7:1:2 7:2:2"
WO_MO,11,22,"11:0:2 11:1:2",11,1,2,3,11,0,1,4,4,"3:1:1 4:0:2 6:2:2 7:1:2"
WO_MO,11,22,"11:0:2 11:1:2",11,1,2,3,11,0,1,5,4,"3:1:1 5:0:2 5:2:2 7:1:2"
WO_MO,11,22,"11:0:2 11:1:2",11,1,2,3,11,0,1,6,4,"3:1:1 4:2:2 6:0:2 7:1:2"
WO_MO,11,22,"11:0:2 11:1:2",11,1,2,3,11,0,1,7,4,"3:1:1 3:2:2 7:0:2 7:1:2"
WO_MO,11,22,"11:0:2 11:1:2",11,1,2,3,11,0,1,8,4,"2:2:2 3:1:1 7:1:2 8:0:2"
WO_MO,11,22,"11:0:2 11:1:2",11,1,2,3,11,0,1,9,4,"1:2:2 3:1:1 7:1:2 9:0:2"
WO_MO,11,22,"11:0:2 11:1:2",11,1,2,4,6,1,2,2,4,"2:2:2 3:1:2 4:1:1 11:0:2"
WO_MO,11,22,"11:0:2 11:1:2",11,1,2,4,11,0,1,1,4,"1:0:2 4:1:1 6:1:2 9:2:2"
WO_MO,11,22,"11:0:2 11:1:2",11,1,2,4,11,0,1,2,4,"2:0:2 4:1:1 6:1:2 8:2:2"
WO_MO,11,22,"11:0:2 11:1:2",11,1,2,4,11,0,1,4,4,"4:0:2 4:1:1 6:1:2 6:2:2"
WO_MO,11,22,"11:0:2 11:1:2",11,1,2,4,11,0,1,6,4,"4:1:1 4:2:2 6:0:2 6:1:2"
WO_MO,11,22,"11:0:2 11:1:2",11,1,2,5,5,1,2,2,4,"2:1:2 2:2:2 5:1:1 11:0:2"
WO_MO,11,22,"11:0:2 11:1:2",11,1,2,5,5,2,2,2,4,"2:1:2 2:1:2 5:1:2 11:0:2"
WO_MO,11,22,"11:0:2 11:1:2",11,1,2,5,11,0,1,2,4,"2:0:2 5:1:1 5:1:2 8:2:2"
WO_MO,11,22,"11:0:2 11:1:2",11,1,2,5,11,0,1,5,4,"5:0:2 5:1:1 5:1:2 5:2:2"
WO_MO,11,22,"11:0:2 11:1:2",11,1,2,5,11,0,1,8,4,"2:2:2 5:1:1 5:1:2 8:0:2"
WO_MO,11,22,"11:0:2 11:1:2",11,1,2,6,4,1,2,2,4,"1:1:2 2:2:2 6:1:1 11:0:2"
WO_MO,11,22,"11:0:2 11:1:2",11,1,2,6,11,0,1,1,4,"1:0:2 4:1:2 6:1:1 9:2:2"
WO_MO,11,22,"11:0:2 11:1:2",11,1,2,6,11,0,1,2,4,"2:0:2 4:1:2 6:1:1 8:2:2"
WO_MO,11,22,"11:0:2 11:1:2",11,1,2,6,11,0,1,4,4,"4:0:2 4:1:2 6:1:1 6:2:2"
WO_MO,11,22,"11:0:2 11:1:2",11,1,2,6,11,0,1,6,4,"4:1:2 4:2:2 6:0:2 6:1:1"
WO_MO,11,22,"11:0:2 11:1:2",11,1,2,7,11,0,1,2,4,"2:0:2 3:1:2 7:1:1 8:2:2"
WO_MO,11,22,"11:0:2 11:1:2",11,1,2,7,11,0,1,3,4,"3:0:2 3:1:2 7:1:1 7:2:2"
WO_MO,11,22,"11:0:2 11:1:2",11,1,2,8,8,2,2,2,4,"2:1:2 2:1:2 5:1:2 11:0:2"
WO_MO,11,22,"11:0:2 11:1:2",11,1,2,8,11,0,1,2,4,"2:0:2 2:1:2 8:1:1 8:2:2"
WO_MO,11,22,"11:0:2 11:1:2",11,1,2,8,11,0,1,5,4,"2:1:2 5:0:2 5:2:2 8:1:1"
WO_MO,11,22,"11:0:2 11:1:2",11,1,2,8,11,0,1,8,4,"2:1:2 2:2:2 8:0:2 8:1:1"
WO_MO,11,22,"11:0:2 11:1:2",11,1,2,9,11,0,1,1,4,"1:0:2 1:1:2 9:1:1 9:2:2"
WO_MO,11,22,"11:0:2 11:1:2",11,1,2,9,11,0,1,2,4,"1:1:2 2:0:2 8:2:2 9:1:1"
WO_PLUS_MO,11,23,"11:1:2 12:0:2",11,1,2,0,10,1,2,1,3,"1:2:2 8:1:2 12:0:2"
WO_PLUS_MO,11,23,"11:1:2 12:0:2",11,1,2,0,10,1,2,2,3,"2:2:2 7:1:2 12:0:2"
WO_PLUS_MO,11,23,"11:1:2 12:0:2",11,1,2,0,10,1,2,3,3,"3:2:2 6:1:2 12:0:2"
WO_PLUS_MO,11,23,"11:1:2 12:0:2",11,1,2,0,10,1,2,4,3,"4:2:2 5:1:2 12:0:2"
WO_PLUS_MO,11,23,"11:1:2 12:0:2",11,1,2,0,10,1,2,5,3,"4:1:2 5:2:2 12:0:2"
WO_PLUS_MO,11,23,"11:1:2 12:0:2",11,1,2,0,10,1,2,6,3,"3:1:2 6:2:2 12:0:2"
WO_PLUS_MO,11,23,"11:1:2 12:0:2",11,1,2,0,10,1,2,7,3,"2:1:2 7:2:2 12:0:2"
WO_PLUS_MO,11,23,"11:1:2 12:0:2",11,1,2,0,10,1,2,8,3,"1:1:2 8:2:2 12:0:2"
WO_PLUS_MO,11,23,"11:1:2 12:0:2",11,1,2,0,12,0,1,1,3,"1:0:2 10:1:2 10:2:2"
WO_PLUS_MO,11,23,"11:1:2 12:0:2",11,1,2,0,12,0,1,2,3,"2:0:2 9:2:2 10:1:2"
WO_PLUS_MO,11,23,"11:1:2 12:0:2",11,1,2,0,12,0,1,3,3,"3:0:2 8:2:2 10:1:2"
WO_PLUS_MO,11,23,"11:1:2 12:0:2",11,1,2,0,12,0,1,4,3,"4:0:2 7:2:2 10:1:2"
WO_PLUS_MO,11,23,"11:1:2 12:0:2",11,1,2,0,12,0,1,5,3,"5:0:2 6:2:2 10:1:2"
WO_PLUS_MO,11,23,"11:1:2 12:0:2",11,1,2,0,12,0,1,6,3,"5:2:2 6:0:2 10:1:2"
WO_PLUS_MO,11,23,"11:1:2 12:0:2",11,1,2,0,12,0,1,7,3,"4:2:2 7:0:2 10:1:2"
WO_PLUS_MO,11,23,"11:1:2 12:0:2",11,1,2,0,12,0,1,8,3,"3:2:2 8:0:2 10:1:2"
WO_PLUS_MO,11,23,"11:1:2 12:0:2",11,1,2,0,12,0,1,9,3,"2:2:2 9:0:2 10:1:2"
WO_PLUS_MO,11,23,"11:1:2 12:0:2",11,1,2,0,12,0,1,10,3,"1:2:2 10:0:2 10:1:2"
WO_PLUS_MO,11,23,"11:1:2 12:0:2",11,1,2,0,12,0,1,11,2,"10:1:2 11:0:2"
WO_PLUS_MO,11,23,"11:1:2 12:0:2",11,1,2,1,9,1,2,2,4,"1:1:1 2:2:2 6:1:2 12:0:2"
WO_PLUS_MO,11,23,"11:1:2 12:0:2",11,1,2,1,9,1,2,3,4,"1:1:1 3:2:2 5:1:2 12:0:2"
WO_PLUS_MO,11,23,"11:1:2 12:0:2",11,1,2,1,9,1,2,4,4,"1:1:1 4:1:2 4:2:2 12:0:2"
WO_PLUS_MO,11,23,"11:1:2 12:0:2",11,1,2,1,9,1,2,5,4,"1:1:1 3:1:2 5:2:2 12:0:2"
WO_PLUS_MO,11,23,"11:1:2 12:0:2",11,1,2,1,9,1,2,6,4,"1:1:1 2:1:2 6:2:2 12:0:2"
WO_PLUS_MO,11,23,"11:1:2 12:0:2",11,1,2,1,9,1,2,7,4,"1:1:1 1:1:2 7:2:2 12:0:2"
WO_PLUS_MO,11,23,"11:1:2 12:0:2",11,1,2,1,12,0,1,2,4,"1:1:1 2:0:2 9:1:2 9:2:2"
WO_PLUS_MO,11,23,"11:1:2 12:0:2",11,1,2,1,12,0,1,3,4,"1:1:1 3:0:2 8:2:2 9:1:2"
WO_PLUS_MO,11,23,"11:1:2 12:0:2",11,1,2,1,12,0,1,4,4,"1:1:1 4:0:2 7:2:2 9:1:2"
WO_PLUS_MO,11,23,"11:1:2 12:0:2",11,1,2,1,12,0,1,5,4,"1:1:1 5:0:2 6:2:2 9:1:2"
WO_PLUS_MO,11,23,"11:1:2 12:0:2",11,1,2,1,12,0,1,6,4,"1:1:1 5:2:2 6:0:2 9:1:2"
WO_PLUS_MO,11,23,"11:1:2 12:0:2",11,1,2,1,12,0,1,7,4,"1:1:1 4:2:2 7:0:2 9:1:2"
WO_PLUS_MO,11,23,"11:1:2 12:0:2",11,1,2,1,12,0,1,8,4,"1:1:1 3:2:2 8:0:2 9:1:2"
WO_PLUS_MO,11,23,"11:1:2 12:0:2",11,1,2,1,12,0,1,9,4,"1:1:1 2:2:2 9:0:2 9:1:2"
WO_PLUS_MO,11,23,"11:1:2 12:0:2",11,1,2,1,12,0,1,10,4,"1:1:1 1:2:2 9:1:2 10:0:2"
WO_PLUS_MO,11,23,"11:1:2 12:0:2",11,1,2,2,12,0,1,9,4,"2:1:1 2:2:2 8:1:2 9:0:2"
WO_PLUS_MO,11,23,"11:1:2 12:0:2",11,1,2,3,7,1,2,1,4,"1:2:2 3:1:1 5:1:2 12:0:2"
WO_PLUS_MO,11,23,"11:1:2 12:0:2",11,1,2,3,7,1,2,2,4,"2:2:2 3:1:1 4:1:2 12:0:2"
WO_PLUS_MO,11,23,"11:1:2 12:0:2",11,1,2,3,7,1,2,4,4,"2:1:2 3:1:1 4:2:2 12:0:2"
WO_PLUS_MO,11,23,"11:1:2 12:0:2",11,1,2,3,7,1,2,5,4,"1:1:2 3:1:1 5:2:2 12:0:2"
WO_PLUS_MO,11,23,"11:1:2 12:0:2",11,1,2,3,12,0,1,2,4,"2:0:2 3:1:1 7:1:2 9:2:2"
WO_PLUS_MO,11,23,"11:1:2 12:0:2",11,1,2,3,12,0,1,3,4,"3:0:2 3:1:1 7:1:2 8:2:2"
WO_PLUS_MO,11,23,"11:1:2 12:0:2",11,1,2,3,12,0,1,4,4,"3:1:1 4:0:2 7:1:2 7:2:2"
WO_PLUS_MO,11,23,"11:1:2 12:0:2",11,1,2,3,12,0,1,5,4,"3:1:1 5:0:2 6:2:2 7:1:2"
WO_PLUS_MO,11,23,"11:1:2 12:0:2",11,1,2,3,12,0,1,6,4,"3:1:1 5:2:2 6:0:2 7:1:2"
WO_PLUS_MO,11,23,"11:1:2 12:0:2",11,1,2,3,12,0,1,7,4,"3:1:1 4:2:2 7:0:2 7:1:2"
WO_PLUS_MO,11,23,"11:1:2 12:0:2",11,1,2,3,12,0,1,8,4,"3:1:1 3:2:2 7:1:2 8:0:2"
WO_PLUS_MO,11,23,"11:1:2 12:0:2",11,1,2,3,12,0,1,9,4,"2:2:2 3:1:1 7:1:2 9:0:2"
WO_PLUS_MO,11,23,"11:1:2 12:0:2",11,1,2,3,12,0,1,10,4,"1:2:2 3:1:1 7:1:2 10:0:2"
WO_PLUS_MO,11,23,"11:1:2 12:0:2",11,1,2,4,4,2,2,1,4,"1:1:2 2:1:2 6:1:2 12:0:2"
WO_PLUS_MO,11,23,"11:1:2 12:0:2",11,1,2,4,6,1,2,2,4,"2:2:2 3:1:2 4:1:1 12:0:2"
WO_PLUS_MO,11,23,"11:1:2 12:0:2",11,1,2,4,12,0,1,2,4,"2:0:2 4:1:1 6:1:2 9:2:2"
WO_PLUS_MO,11,23,"11:1:2 12:0:2",11,1,2,4,12,0,1,5,4,"4:1:1 5:0:2 6:1:2 6:2:2"
WO_PLUS_MO,11,23,"11:1:2 12:0:2",11,1,2,4,12,0,1,6,4,"4:1:1 5:2:2 6:0:2 6:1:2"
WO_PLUS_MO,11,23,"11:1:2 12:0:2",11,1,2,4,12,0,1,7,4,"4:1:1 4:2:2 6:1:2 7:0:2"
WO_PLUS_MO,11,23,"11:1:2 12:0:2",11,1,2,4,12,0,1,9,4,"2:2:2 4:1:1 6:1:2 9:0:2"
WO_PLUS_MO,11,23,"11:1:2 12:0:2",11,1,2,5,5,2,2,1,4,"1:1:2 3:1:2 5:1:2 12:0:2"
WO_PLUS_MO,11,23,"11:1:2 12:0:2",11,1,2,5,12,0,1,6,4,"5:1:1 5:1:2 5:2:2 6:0:2"
WO_PLUS_MO,11,23,"11:1:2 12:0:2",11,1,2,5,12,0,1,9,4,"2:2:2 5:1:1 5:1:2 9:0:2"
WO_PLUS_MO,11,23,"11:1:2 12:0:2",11,1,2,6,4,1,2,2,4,"1:1:2 2:2:2 6:1:1 12:0:2"
WO_PLUS_MO,11,23,"11:1:2 12:0:2",11,1,2,6,6,2,2,2,4,"2:1:2 3:1:2 4:1:2 12:0:2"
WO_PLUS_MO,11,23,"11:1:2 12:0:2",11,1,2,6,12,0,1,2,4,"2:0:2 4:1:2 6:1:1 9:2:2"
WO_PLUS_MO,11,23,"11:1:2 12:0:2",11,1,2,6,12,0,1,5,4,"4:1:2 5:0:2 6:1:1 6:2:2"
WO_PLUS_MO,11,23,"11:1:2 12:0:2",11,1,2,6,12,0,1,6,4,"4:1:2 5:2:2 6:0:2 6:1:1"
WO_PLUS_MO,11,23,"11:1:2 12:0:2",11,1,2,6,12,0,1,7,4,"4:1:2 4:2:2 6:1:1 7:0:2"
WO_PLUS_MO,11,23,"11:1:2 12:0:2",11,1,2,6,12,0,1,9,4,"2:2:2 4:1:2 6:1:1 9:0:2"
WO_PLUS_MO,11,23,"11:1:2 12:0:2",11,1,2,7,7,2,2,1,4,"1:1:2 3:1:2 5:1:2 12:0:2"
WO_PLUS_MO,11,23,"11:1:2 12:0:2",11,1,2,7,7,2,2,2,4,"2:1:2 3:1:2 4:1:2 12:0:2"
WO_PLUS_MO,11,23,"11:1:2 12:0:2",11,1,2,7,12,0,1,4,4,"3:1:2 4:0:2 7:1:1 7:2:2"
WO_PLUS_MO,11,23,"11:1:2 12:0:2",11,1,2,7,12,0,1,5,4,"3:1:2 5:0:2 6:2:2 7:1:1"
WO_PLUS_MO,11,23,"11:1:2 12:0:2",11,1,2,7,12,0,1,9,4,"2:2:2 3:1:2 7:1:1 9:0:2"
WO_PLUS_MO,11,23,"11:1:2 12:0:2",11,1,2,8,8,2,2,1,4,"1:1:2 2:1:2 6:1:2 12:0:2"
WO_PLUS_MO,11,23,"11:1:2 12:0:2",11,1,2,8,8,2,2,3,4,"2:1:2 3:1:2 4:1:2 12:0:2"
WO_PLUS_MO,11,23,"11:1:2 12:0:2",11,1,2,8,12,0,1,3,4,"2:1:2 3:0:2 8:1:1 8:2:2"
WO_PLUS_MO,11,23,"11:1:2 12:0:2",11,1,2,8,12,0,1,5,4,"2:1:2 5:0:2 6:2:2 8:1:1"
WO_PLUS_MO,11,23,"11:1:2 12:0:2",11,1,2,8,12,0,1,6,4,"2:1:2 5:2:2 6:0:2 8:1:1"
WO_PLUS_MO,11,23,"11:1:2 12:0:2",11,1,2,8,12,0,1,9,4,"2:1:2 2:2:2 8:1:1 9:0:2"
WO_PLUS_MO,11,23,"11:1:2 12:0:2",11,1,2,9,9,2,2,2,4,"1:1:2 2:1:2 6:1:2 12:0:2"
WO_PLUS_MO,11,23,"11:1:2 12:0:2",11,1,2,9,9,2,2,3,4,"1:1:2 3:1:2 5:1:2 12:0:2"
WO_PLUS_MO,11,23,"11:1:2 12:0:2",11,1,2,9,12,0,1,2,4,"1:1:2 2:0:2 9:1:1 9:2:2"
WO_PLUS_MO,11,23,"11:1:2 12:0:2",11,1,2,9,12,0,1,5,4,"1:1:2 5:0:2 6:2:2 9:1:1"
WO_PLUS_MO,11,23,"11:1:2 12:0:2",11,1,2,9,12,0,1,7,4,"1:1:2 4:2:2 7:0:2 9:1:1"
WO_PLUS_MO,11,23,"11:1:2 12:0:2",11,1,2,9,12,0,1,9,4,"1:1:2 2:2:2 9:0:2 9:1:1"
WO_PLUS_MO,11,23,"11:1:2 12:0:2",12,0,2,1,10,1,2,2,4,"1:0:1 2:2:2 7:1:2 11:1:2"
WO_PLUS_MO,11,23,"11:1:2 12:0:2",12,0,2,1,10,1,2,3,4,"1:0:1 3:2:2 6:1:2 11:1:2"
WO_PLUS_MO,11,23,"11:1:2 12:0:2",12,0,2,1,10,1,2,4,4,"1:0:1 4:2:2 5:1:2 11:1:2"
WO_PLUS_MO,11,23,"11:1:2 12:0:2",12,0,2,1,10,1,2,5,4,"1:0:1 4:1:2 5:2:2 11:1:2"
WO_PLUS_MO,11,23,"11:1:2 12:0:2",12,0,2,1,10,1,2,6,4,"1:0:1 3:1:2 6:2:2 11:1:2"
WO_PLUS_MO,11,23,"11:1:2 12:0:2",12,0,2,1,10,1,2,7,4,"1:0:1 2:1:2 7:2:2 11:1:2"
WO_PLUS_MO,11,23,"11:1:2 12:0:2",12,0,2,1,10,1,2,8,4,"1:0:1 1:1:2 8:2:2 11:1:2"
WO_PLUS_MO,11,23,"11:1:2 12:0:2",12,0,2,1,11,1,2,0,3,"1:0:1 10:1:2 10:1:2"
WO_PLUS_MO,11,23,"11:1:2 12:0:2",12,0,2,1,11,1,2,1,4,"1:0:1 1:2:2 9:1:2 10:1:2"
WO_PLUS_MO,11,23,"11:1:2 12:0:2",12,0,2,1,11,1,2,2,4,"1:0:1 2:2:2 8:1:2 10:1:2"
WO_PLUS_MO,11,23,"11:1:2 12:0:2",12,0,2,1,11,1,2,3,4,"1:0:1 3:2:2 7:1:2 10:1:2"
WO_PLUS_MO,11,23,"11:1:2 12:0:2",12,0,2,1,11,1,2,4,4,"1:0:1 4:2:2 6:1:2 10:1:2"
WO_PLUS_MO,11,23,"11:1:2 12:0:2",12,0,2,1,11,1,2,5,4,"1:0:1 5:1:2 5:2:2 10:1:2"
WO_PLUS_MO,11,23,"11:1:2 12:0:2",12,0,2,1,11,1,2,6,4,"1:0:1 4:1:2 6:2:2 10:1:2"
WO_PLUS_MO,11,23,"11:1:2 12:0:2",12,0,2,1,11,1,2,7,4,"1:0:1 3:1:2 7:2:2 10:1:2"
WO_PLUS_MO,11,23,"11:1:2 12:0:2",12,0,2,1,11,1,2,8,4,"1:0:1 2:1:2 8:2:2 10:1:2"
WO_PLUS_MO,11,23,"11:1:2 12:0:2",12,0,2,1,11,1,2,9,4,"1:0:1 1:1:2 9:2:2 10:1:2"
WO_PLUS_MO,11,23,"11:1:2 12:0:2",12,0,2,2,9,1,2,2,4,"2:0:1 2:2:2 6:1:2 11:1:2"
WO_PLUS_MO,11,23,"11:1:2 12:0:2",12,0,2,2,9,1,2,5,4,"2:0:1 3:1:2 5:2:2 11:1:2"
WO_PLUS_MO,11,23,"11:1:2 12:0:2",12,0,2,2,9,1,2,6,4,"2:0:1 2:1:2 6:2:2 11:1:2"
WO_PLUS_MO,11,23,"11:1:2 12:0:2",12,0,2,2,11,1,2,1,4,"1:2:2 2:0:1 9:1:2 9:1:2"
WO_PLUS_MO,11,23,"11:1:2 12:0:2",12,0,2,2,11,1,2,2,4,"2:0:1 2:2:2 8:1:2 9:1:2"
WO_PLUS_MO,11,23,"11:1:2 12:0:2",12,0,2,2,11,1,2,4,4,"2:0:1 4:2:2 6:1:2 9:1:2"
WO_PLUS_MO,11,23,"11:1:2 12:0:2",12,0,2,2,11,1,2,5,4,"2:0:1 5:1:2 5:2:2 9:1:2"
WO_PLUS_MO,11,23,"11:1:2 12:0:2",12,0,2,2,11,1,2,6,4,"2:0:1 4:1:2 6:2:2 9:1:2"
WO_PLUS_MO,11,23,"11:1:2 12:0:2",12,0,2,2,11,1,2,7,4,"2:0:1 3:1:2 7:2:2 9:1:2"
WO_PLUS_MO,11,23,"11:1:2 12:0:2",12,0,2,2,11,1,2,8,4,"2:0:1 2:1:2 8:2:2 9:1:2"
WO_PLUS_MO,11,23,"11:1:2 12:0:2",12,0,2,2,11,1,2,9,4,"1:1:2 2:0:1 9:1:2 9:2:2"
WO_PLUS_MO,11,23,"11:1:2 12:0:2",12,0,2,3,8,1,2,2,4,"2:2:2 3:0:1 5:1:2 11:1:2"
WO_PLUS_MO,11,23,"11:1:2 12:0:2",12,0,2,3,8,1,2,4,4,"3:0:1 3:1:2 4:2:2 11:1:2"
WO_PLUS_MO,11,23,"11:1:2 12:0:2",12,0,2,3,8,1,2,5,4,"2:1:2 3:0:1 5:2:2 11:1:2"
WO_PLUS_MO,11,23,"11:1:2 12:0:2",12,0,2,3,8,1,2,6,4,"1:1:2 3:0:1 6:2:2 11:1:2"
WO_PLUS_MO,11,23,"11:1:2 12:0:2",12,0,2,3,11,1,2,2,4,"2:2:2 3:0:1 8:1:2 8:1:2"
WO_PLUS_MO,11,23,"11:1:2 12:0:2",12,0,2,3,11,1,2,5,4,"3:0:1 5:1:2 5:2:2 8:1:2"
WO_PLUS_MO,11,23,"11:1:2 12:0:2",12,0,2,3,11,1,2,7,4,"3:0:1 3:1:2 7:2:2 8:1:2"
WO_PLUS_MO,11,23,"11:1:2 12:0:2",12,0,2,3,11,1,2,8,4,"2:1:2 3:0:1 8:1:2 8:2:2"
WO_PLUS_MO,11,23,"11:1:2 12:0:2",12,0,2,4,7,1,2,2,4,"2:2:2 4:0:1 4:1:2 11:1:2"
WO_PLUS_MO,11,23,"11:1:2 12:0:2",12,0,2,4,7,1,2,4,4,"2:1:2 4:0:1 4:2:2 11:1:2"
WO_PLUS_MO,11,23,"11:1:2 12:0:2",12,0,2,4,7,1,2,5,4,"1:1:2 4:0:1 5:2:2 11:1:2"
WO_PLUS_MO,11,23,"11:1:2 12:0:2",12,0,2,4,11,1,2,2,4,"2:2:2 4:0:1 7:1:2 8:1:2"
WO_PLUS_MO,11,23,"11:1:2 12:0:2",12,0,2,4,11,1,2,3,4,"3:2:2 4:0:1 7:1:2 7:1:2"
WO_PLUS_MO,11,23,"11:1:2 12:0:2",12,0,2,4,11,1,2,4,4,"4:0:1 4:2:2 6:1:2 7:1:2"
WO_PLUS_MO,11,23,"11:1:2 12:0:2",12,0,2,4,11,1,2,5,4,"4:0:1 5:1:2 5:2:2 7:1:2"
WO_PLUS_MO,11,23,"11:1:2 12:0:2",12,0,2,4,11,1,2,6,4,"4:0:1 4:1:2 6:2:2 7:1:2"
WO_PLUS_MO,11,23,"11:1:2 12:0:2",12,0,2,4,11,1,2,7,4,"3:1:2 4:0:1 7:1:2 7:2:2"
WO_PLUS_MO,11,23,"11:1:2 12:0:2",12,0,2,4,11,1,2,8,4,"2:1:2 4:0:1 7:1:2 8:2:2"
WO_PLUS_MO,11,23,"11:1:2 12:0:2",12,0,2,4,11,1,2,9,4,"1:1:2 4:0:1 7:1:2 9:2:2"
WO_PLUS_MO,11,23,"11:1:2 12:0:2",12,0,2,5,6,1,2,2,4,"2:2:2 3:1:2 5:0:1 11:1:2"
WO_PLUS_MO,11,23,"11:1:2 12:0:2",12,0,2,5,11,1,2,4,4,"4:2:2 5:0:1 6:1:2 6:1:2"
WO_PLUS_MO,11,23,"11:1:2 12:0:2",12,0,2,5,11,1,2,6,4,"4:1:2 5:0:1 6:1:2 6:2:2"
WO_PLUS_MO,11,23,"11:1:2 12:0:2",12,0,2,5,11,1,2,9,4,"1:1:2 5:0:1 6:1:2 9:2:2"
WO_PLUS_MO,11,23,"11:1:2 12:0:2",12,0,2,6,5,1,2,2,4,"2:1:2 2:2:2 6:0:1 11:1:2"
WO_PLUS_MO,11,23,"11:1:2 12:0:2",12,0,2,6,11,1,2,2,4,"2:2:2 5:1:2 6:0:1 8:1:2"
WO_PLUS_MO,11,23,"11:1:2 12:0:2",12,0,2,6,11,1,2,5,4,"5:1:2 5:1:2 5:2:2 6:0:1"
WO_PLUS_MO,11,23,"11:1:2 12:0:2",12,0,2,6,11,1,2,8,4,"2:1:2 5:1:2 6:0:1 8:2:2"
WO_PLUS_MO,11,23,"11:1:2 12:0:2",12,0,2,7,4,1,2,2,4,"1:1:2 2:2:2 7:0:1 11:1:2"
WO_PLUS_MO,11,23,"11:1:2 12:0:2",12,0,2,7,11,1,2,4,4,"4:1:2 4:2:2 6:1:2 7:0:1"
WO_PLUS_MO,11,23,"11:1:2 12:0:2",12,0,2,7,11,1,2,6,4,"4:1:2 4:1:2 6:2:2 7:0:1"
WO_PLUS_MO,11,23,"11:1:2 12:0:2",12,0,2,7,11,1,2,9,4,"1:1:2 4:1:2 7:0:1 9:2:2"
WO_PLUS_MO,11,23,"11:1:2 12:0:2",12,0,2,8,8,0,2,5,4,"2:1:2 3:1:2 5:0:2 11:1:2"
WO_PLUS_MO,11,23,"11:1:2 12:0:2",12,0,2,8,11,1,2,4,4,"3:1:2 4:2:2 6:1:2 8:0:1"
WO_PLUS_MO,11,23,"11:1:2 12:0:2",12,0,2,8,11,1,2,6,4,"3:1:2 4:1:2 6:2:2 8:0:1"
WO_PLUS_MO,11,23,"11:1:2 12:0:2",12,0,2,8,11,1,2,7,4,"3:1:2 3:1:2 7:2:2 8:0:1"
WO_PLUS_MO,11,23,"11:1:2 12:0:2",12,0,2,8,11,1,2,9,4,"1:1:2 3:1:2 8:0:1 9:2:2"
WO_PLUS_MO,11,23,"11:1:2 12:0:2",12,0,2,9,9,0,2,5,4,"2:1:2 3:1:2 5:0:2 11:1:2"
WO_PLUS_MO,11,23,"11:1:2 12:0:2",12,0,2,9,11,1,2,2,4,"2:1:2 2:2:2 8:1:2 9:0:1"
WO_PLUS_MO,11,23,"11:1:2 12:0:2",12,0,2,9,11,1,2,5,4,"2:1:2 5:1:2 5:2:2 9:0:1"
WO_PLUS_MO,11,23,"11:1:2 12:0:2",12,0,2,9,11,1,2,8,4,"2:1:2 2:1:2 8:2:2 9:0:1"
WO_PLUS_MO,11,23,"11:1:2 12:0:2",12,0,2,10,11,1,2,9,4,"1:1:2 1:1:2 9:2:2 10:0:1"
MO_MO,12,24,"12:1:2 12:1:2",12,1,2,0,11,1,2,2,3,"2:2:2 8:1:2 12:1:2"
MO_MO,12,24,"12:1:2 12:1:2",12,1,2,0,11,1,2,3,3,"3:2:2 7:1:2 12:1:2"
MO_MO,12,24,"12:1:2 12:1:2",12,1,2,0,11,1,2,4,3,"4:2:2 6:1:2 12:1:2"
MO_MO,12,24,"12:1:2 12:1:2",12,1,2,0,11,1,2,5,3,"5:1:2 5:2:2 12:1:2"
MO_MO,12,24,"12:1:2 12:1:2",12,1,2,0,11,1,2,6,3,"4:1:2 6:2:2 12:1:2"
MO_MO,12,24,"12:1:2 12:1:2",12,1,2,0,11,1,2,7,3,"3:1:2 7:2:2 12:1:2"
MO_MO,12,24,"12:1:2 12:1:2",12,1,2,0,11,1,2,8,3,"2:1:2 8:2:2 12:1:2"
MO_MO,12,24,"12:1:2 12:1:2",12,1,2,0,11,1,2,9,3,"1:1:2 9:2:2 12:1:2"
MO_MO,12,24,"12:1:2 12:1:2",12,1,2,0,12,1,2,0,2,"11:1:2 11:1:2"
MO_MO,12,24,"12:1:2 12:1:2",12,1,2,0,12,1,2,1,3,"1:2:2 10:1:2 11:1:2"
MO_MO,12,24,"12:1:2 12:1:2",12,1,2,0,12,1,2,2,3,"2:2:2 9:1:2 11:1:2"
MO_MO,12,24,"12:1:2 12:1:2",12,1,2,0,12,1,2,3,3,"3:2:2 8:1:2 11:1:2"
MO_MO,12,24,"12:1:2 12:1:2",12,1,2,0,12,1,2,4,3,"4:2:2 7:1:2 11:1:2"
MO_MO,12,24,"12:1:2 12:1:2",12,1,2,0,12,1,2,5,3,"5:2:2 6:1:2 11:1:2"
MO_MO,12,24,"12:1:2 12:1:2",12,1,2,0,12,1,2,6,3,"5:1:2 6:2:2 11:1:2"
MO_MO,12,24,"12:1:2 12:1:2",12,1,2,0,12,1,2,7,3,"4:1:2 7:2:2 11:1:2"
MO_MO,12,24,"12:1:2 12:1:2",12,1,2,0,12,1,2,8,3,"3:1:2 8:2:2 11:1:2"
MO_MO,12,24,"12:1:2 12:1:2",12,1,2,0,12,1,2,9,3,"2:1:2 9:2:2 11:1:2"
MO_MO,12,24,"12:1:2 12:1:2",12,1,2,0,12,1,2,10,3,"1:1:2 10:2:2 11:1:2"
MO_MO,12,24,"12:1:2 12:1:2",12,1,2,1,10,1,2,2,4,"1:1:1 2:2:2 7:1:2 12:1:2"
MO_MO,12,24,"12:1:2 12:1:2",12,1,2,1,10,1,2,4,4,"1:1:1 4:2:2 5:1:2 12:1:2"
MO_MO,12,24,"12:1:2 12:1:2",12,1,2,1,10,1,2,5,4,"1:1:1 4:1:2 5:2:2 12:1:2"
MO_MO,12,24,"12:1:2 12:1:2",12,1,2,1,10,1,2,7,4,"1:1:1 2:1:2 7:2:2 12:1:2"
MO_MO,12,24,"12:1:2 12:1:2",12,1,2,1,10,1,2,8,4,"1:1:1 1:1:2 8:2:2 12:1:2"
MO_MO,12,24,"12:1:2 12:1:2",12,1,2,1,12,1,2,1,4,"1:1:1 1:2:2 10:1:2 10:1:2"
MO_MO,12,24,"12:1:2 12:1:2",12,1,2,1,12,1,2,2,4,"1:1:1 2:2:2 9:1:2 10:1:2"
MO_MO,12,24,"12:1:2 12:1:2",12,1,2,1,12,1,2,4,4,"1:1:1 4:2:2 7:1:2 10:1:2"
MO_MO,12,24,"12:1:2 12:1:2",12,1,2,1,12,1,2,5,4,"1:1:1 5:2:2 6:1:2 10:1:2"
MO_MO,12,24,"12:1:2 12:1:2",12,1,2,1,12,1,2,6,4,"1:1:1 5:1:2 6:2:2 10:1:2"
MO_MO,12,24,"12:1:2 12:1:2",12,1,2,1,12,1,2,7,4,"1:1:1 4:1:2 7:2:2 10:1:2"
MO_MO,12,24,"12:1:2 12:1:2",12,1,2,1,12,1,2,8,4,"1:1:1 3:1:2 8:2:2 10:1:2"
MO_MO,12,24,"12:1:2 12:1:2",12,1,2,1,12,1,2,9,4,"1:1:1 2:1:2 9:2:2 10:1:2"
MO_MO,12,24,"12:1:2 12:1:2",12,1,2,1,12,1,2,10,4,"1:1:1 1:1:2 10:1:2 10:2:2"
MO_MO,12,24,"12:1:2 12:1:2",12,1,2,2,12,1,2,2,4,"2:1:1 2:2:2 9:1:2 9:1:2"
MO_MO,12,24,"12:1:2 12:1:2",12,1,2,3,8,1,2,2,4,"2:2:2 3:1:1 5:1:2 12:1:2"
MO_MO,12,24,"12:1:2 12:1:2",12,1,2,3,8,1,2,5,4,"2:1:2 3:1:1 5:2:2 12:1:2"
MO_MO,12,24,"12:1:2 12:1:2",12,1,2,3,12,1,2,2,4,"2:2:2 3:1:1 8:1:2 9:1:2"
MO_MO,12,24,"12:1:2 12:1:2",12,1,2,3,12,1,2,3,4,"3:1:1 3:2:2 8:1:2 8:1:2"
MO_MO,12,24,"12:1:2 12:1:2",12,1,2,3,12,1,2,4,4,"3:1:1 4:2:2 7:1:2 8:1:2"
MO_MO,12,24,"12:1:2 12:1:2",12,1,2,3,12,1,2,5,4,"3:1:1 5:2:2 6:1:2 8:1:2"
MO_MO,12,24,"12:1:2 12:1:2",12,1,2,3,12,1,2,6,4,"3:1:1 5:1:2 6:2:2 8:1:2"
MO_MO,12,24,"12:1:2 12:1:2",12,1,2,3,12,1,2,7,4,"3:1:1 4:1:2 7:2:2 8:1:2"
MO_MO,12,24,"12:1:2 12:1:2",12,1,2,3,12,1,2,8,4,"3:1:1 3:1:2 8:1:2 8:2:2"
MO_MO,12,24,"12:1:2 12:1:2",12,1,2,3,12,1,2,9,4,"2:1:2 3:1:1 8:1:2 9:2:2"
MO_MO,12,24,"12:1:2 12:1:2",12,1,2,3,12,1,2,10,4,"1:1:2 3:1:1 8:1:2 10:2:2"
MO_MO,12,24,"12:1:2 12:1:2",12,1,2,4,7,1,2,2,4,"2:2:2 4:1:1 4:1:2 12:1:2"
MO_MO,12,24,"12:1:2 12:1:2",12,1,2,4,12,1,2,2,4,"2:2:2 4:1:1 7:1:2 9:1:2"
MO_MO,12,24,"12:1:2 12:1:2",12,1,2,4,12,1,2,4,4,"4:1:1 4:2:2 7:1:2 7:1:2"
MO_MO,12,24,"12:1:2 12:1:2",12,1,2,4,12,1,2,9,4,"2:1:2 4:1:1 7:1:2 9:2:2"
MO_MO,12,24,"12:1:2 12:1:2",12,1,2,5,12,1,2,5,4,"5:1:1 5:2:2 6:1:2 6:1:2"
MO_MO,12,24,"12:1:2 12:1:2",12,1,2,6,5,1,2,2,4,"2:1:2 2:2:2 6:1:1 12:1:2"
MO_MO,12,24,"12:1:2 12:1:2",12,1,2,6,12,1,2,2,4,"2:2:2 5:1:2 6:1:1 9:1:2"
MO_MO,12,24,"12:1:2 12:1:2",12,1,2,6,12,1,2,6,4,"5:1:2 5:1:2 6:1:1 6:2:2"
MO_MO,12,24,"12:1:2 12:1:2",12,1,2,6,12,1,2,9,4,"2:1:2 5:1:2 6:1:1 9:2:2"
MO_MO,12,24,"12:1:2 12:1:2",12,1,2,7,12,1,2,7,4,"4:1:2 4:1:2 7:1:1 7:2:2"
MO_MO,12,24,"12:1:2 12:1:2",12,1,2,8,12,1,2,2,4,"2:2:2 3:1:2 8:1:1 9:1:2"
MO_MO,12,24,"12:1:2 12:1:2",12,1,2,8,12,1,2,5,4,"3:1:2 5:2:2 6:1:2 8:1:1"
MO_MO,12,24,"12:1:2 12:1:2",12,1,2,8,12,1,2,8,4,"3:1:2 3:1:2 8:1:1 8:2:2"
MO_MO,12,24,"12:1:2 12:1:2",12,1,2,9,12,1,2,2,4,"2:1:2 2:2:2 9:1:1 9:1:2"
MO_MO,12,24,"12:1:2 12:1:2",12,1,2,9,12,1,2,9,4,"2:1:2 2:1:2 9:1:1 9:2:2"
MO_MO,12,24,"12:1:2 12:1:2",12,1,2,10,12,1,2,10,4,"1:1:2 1:1:2 10:1:1 10:2:2"
OO_MM,12,24,"12:1:1 12:2:2",12,1,1,0,11,2,2,1,3,"1:1:2 9:1:2 12:2:2"
OO_MM,12,24,"12:1:1 12:2:2",12,1,1,0,11,2,2,2,3,"2:1:2 8:1:2 12:2:2"
OO_MM,12,24,"12:1:1 12:2:2",12,1,1,0,11,2,2,3,3,"3:1:2 7:1:2 12:2:2"
OO_MM,12,24,"12:1:1 12:2:2",12,1,1,0,11,2,2,4,3,"4:1:2 6:1:2 12:2:2"
OO_MM,12,24,"12:1:1 12:2:2",12,1,1,0,11,2,2,5,3,"5:1:2 5:1:2 12:2:2"
OO_MM,12,24,"12:1:1 12:2:2",12,1,1,0,12,1,1,0,2,"11:1:1 11:2:2"
OO_MM,12,24,"12:1:1 12:2:2",12,1,1,0,12,1,1,1,3,"1:2:2 10:2:2 11:1:1"
OO_MM,12,24,"12:1:1 12:2:2",12,1,1,0,12,1,1,2,3,"2:2:2 9:2:2 11:1:1"
OO_MM,12,24,"12:1:1 12:2:2",12,1,1,0,12,1,1,3,3,"3:2:2 8:2:2 11:1:1"
OO_MM,12,24,"12:1:1 12:2:2",12,1,1,0,12,1,1,4,3,"4:2:2 7:2:2 11:1:1"
OO_MM,12,24,"12:1:1 12:2:2",12,1,1,0,12,1,1,5,3,"5:2:2 6:2:2 11:1:1"
OO_MM,12,24,"12:1:1 12:2:2",12,1,1,1,10,2,2,1,4,"1:1:1 1:1:2 8:1:2 12:2:2"
OO_MM,12,24,"12:1:1 12:2:2",12,1,1,1,10,2,2,2,4,"1:1:1 2:1:2 7:1:2 12:2:2"
OO_MM,12,24,"12:1:1 12:2:2",12,1,1,1,10,2,2,4,4,"1:1:1 4:1:2 5:1:2 12:2:2"
OO_MM,12,24,"12:1:1 12:2:2",12,1,1,1,12,1,1,1,4,"1:1:1 1:2:2 10:1:1 10:2:2"
OO_MM,12,24,"12:1:1 12:2:2",12,1,1,1,12,1,1,2,4,"1:1:1 2:2:2 9:2:2 10:1:1"
OO_MM,12,24,"12:1:1 12:2:2",12,1,1,1,12,1,1,4,4,"1:1:1 4:2:2 7:2:2 10:1:1"
OO_MM,12,24,"12:1:1 12:2:2",12,1,1,1,12,1,1,5,4,"1:1:1 5:2:2 6:2:2 10:1:1"
OO_MM,12,24,"12:1:1 12:2:2",12,1,1,2,12,1,1,2,4,"2:1:1 2:2:2 9:1:1 9:2:2"
OO_MM,12,24,"12:1:1 12:2:2",12,1,1,3,8,2,2,2,4,"2:1:2 3:1:1 5:1:2 12:2:2"
OO_MM,12,24,"12:1:1 12:2:2",12,1,1,3,12,1,1,2,4,"2:2:2 3:1:1 8:1:1 9:2:2"
OO_MM,12,24,"12:1:1 12:2:2",12,1,1,3,12,1,1,3,4,"3:1:1 3:2:2 8:1:1 8:2:2"
OO_MM,12,24,"12:1:1 12:2:2",12,1,1,3,12,1,1,5,4,"3:1:1 5:2:2 6:2:2 8:1:1"
OO_MM,12,24,"12:1:1 12:2:2",12,1,1,4,7,2,2,1,4,"1:1:2 4:1:1 5:1:2 12:2:2"
OO_MM,12,24,"12:1:1 12:2:2",12,1,1,4,7,2,2,2,4,"2:1:2 4:1:1 4:1:2 12:2:2"
OO_MM,12,24,"12:1:1 12:2:2",12,1,1,4,12,1,1,2,4,"2:2:2 4:1:1 7:1:1 9:2:2"
OO_MM,12,24,"12:1:1 12:2:2",12,1,1,4,12,1,1,4,4,"4:1:1 4:2:2 7:1:1 7:2:2"
OO_MM,12,24,"12:1:1 12:2:2",12,1,1,5,5,2,2,2,4,"2:1:2 2:1:2 6:1:1 12:2:2"
OO_MM,12,24,"12:1:1 12:2:2",12,1,1,5,12,1,1,2,4,"2:2:2 5:1:1 6:1:1 9:2:2"
OO_MM,12,24,"12:1:1 12:2:2",12,1,1,5,12,1,1,5,4,"5:1:1 5:2:2 6:1:1 6:2:2"
OO_MM,12,24,"12:1:1 12:2:2",12,2,2,1,10,1,2,2,4,"1:1:2 2:2:2 7:1:2 12:1:1"
OO_MM,12,24,"12:1:1 12:2:2",12,2,2,1,12,2,2,1,4,"1:1:2 1:1:2 10:1:2 10:1:2"
OO_MM,12,24,"12:1:1 12:2:2",12,2,2,2,9,1,2,2,4,"2:1:2 2:2:2 6:1:2 12:1:1"
OO_MM,12,24,"12:1:1 12:2:2",12,2,2,2,12,2,2,2,4,"2:1:2 2:1:2 9:1:2 9:1:2"
OO_MM,12,24,"12:1:1 12:2:2",12,2,2,3,8,1,2,2,4,"2:2:2 3:1:2 5:1:2 12:1:1"
OO_MM,12,24,"12:1:1 12:2:2",12,2,2,3,12,2,2,3,4,"3:1:2 3:1:2 8:1:2 8:1:2"
OO_MM,12,24,"12:1:1 12:2:2",12,2,2,4,4,1,2,2,4,"1:1:2 2:2:2 7:1:2 12:1:1"
OO_MM,12,24,"12:1:1 12:2:2",12,2,2,4,7,1,2,2,4,"2:2:2 4:1:2 4:1:2 12:1:1"
OO_MM,12,24,"12:1:1 12:2:2",12,2,2,4,12,2,2,4,4,"4:1:2 4:1:2 7:1:2 7:1:2"
OO_MM,12,24,"12:1:1 12:2:2",12,2,2,5,5,1,2,2,4,"2:1:2 2:2:2 6:1:2 12:1:1"
OO_MM,12,24,"12:1:1 12:2:2",12,2,2,5,6,1,2,2,4,"2:2:2 3:1:2 5:1:2 12:1:1"
OO_MM,12,24,"12:1:1 12:2:2",12,2,2,5,12,2,2,5,4,"5:1:2 5:1:2 6:1:2 6:1:2"
OO_WM,12,24,"12:0:1 12:2:2",12,0,1,1,10,2,2,1,4,"1:0:1 1:1:2 8:1:2 12:2:2"
OO_WM,12,24,"12:0:1 12:2:2",12,0,1,1,10,2,2,2,4,"1:0:1 2:1:2 7:1:2 12:2:2"
OO_WM,12,24,"12:0:1 12:2:2",12,0,1,1,10,2,2,4,4,"1:0:1 4:1:2 5:1:2 12:2:2"
OO_WM,12,24,"12:0:1 12:2:2",12,0,1,1,12,1,1,1,4,"1:0:1 1:2:2 10:1:1 10:2:2"
OO_WM,12,24,"12:0:1 12:2:2",12,0,1,1,12,1,1,2,4,"1:0:1 2:2:2 9:2:2 10:1:1"
OO_WM,12,24,"12:0:1 12:2:2",12,0,1,1,12,1,1,4,4,"1:0:1 4:2:2 7:2:2 10:1:1"
OO_WM,12,24,"12:0:1 12:2:2",12,0,1,1,12,1,1,5,4,"1:0:1 5:2:2 6:2:2 10:1:1"
OO_WM,12,24,"12:0:1 12:2:2",12,0,1,2,12,1,1,2,4,"2:0:1 2:2:2 9:1:1 9:2:2"
OO_WM,12,24,"12:0:1 12:2:2",12,0,1,3,8,2,2,2,4,"2:1:2 3:0:1 5:1:2 12:2:2"
OO_WM,12,24,"12:0:1 12:2:2",12,0,1,3,12,1,1,2,4,"2:2:2 3:0:1 8:1:1 9:2:2"
OO_WM,12,24,"12:0:1 12:2:2",12,0,1,3,12,1,1,3,4,"3:0:1 3:2:2 8:1:1 8:2:2"
OO_WM,12,24,"12:0:1 12:2:2",12,0,1,3,12,1,1,5,4,"3:0:1 5:2:2 6:2:2 8:1:1"
OO_WM,12,24,"12:0:1 12:2:2",12,0,1,4,4,0,2,2,4,"1:1:2 2:0:2 7:1:1 12:2:2"
OO_WM,12,24,"12:0:1 12:2:2",12,0,1,4,7,2,2,1,4,"1:1:2 4:0:1 5:1:2 12:2:2"
OO_WM,12,24,"12:0:1 12:2:2",12,0,1,4,7,2,2,2,4,"2:1:2 4:0:1 4:1:2 12:2:2"
OO_WM,12,24,"12:0:1 12:2:2",12,0,1,4,12,1,1,2,4,"2:2:2 4:0:1 7:1:1 9:2:2"
OO_WM,12,24,"12:0:1 12:2:2",12,0,1,4,12,1,1,4,4,"4:0:1 4:2:2 7:1:1 7:2:2"
OO_WM,12,24,"12:0:1 12:2:2",12,0,1,4,12,1,1,5,4,"4:0:1 5:2:2 6:2:2 7:1:1"
OO_WM,12,24,"12:0:1 12:2:2",12,0,1,5,5,0,2,2,4,"2:0:2 2:1:2 6:1:1 12:2:2"
OO_WM,12,24,"12:0:1 12:2:2",12,0,1,5,12,1,1,2,4,"2:2:2 5:0:1 6:1:1 9:2:2"
OO_WM,12,24,"12:0:1 12:2:2",12,0,1,5,12,1,1,5,4,"5:0:1 5:2:2 6:1:1 6:2:2"
OO_WM,12,24,"12:0:1 12:2:2",12,0,1,6,5,2,2,2,4,"2:1:2 2:1:2 6:0:1 12:2:2"
OO_WM,12,24,"12:0:1 12:2:2",12,0,1,6,6,0,2,2,4,"2:0:2 3:1:2 5:1:1 12:2:2"
OO_WM,12,24,"12:0:1 12:2:2",12,0,1,6,12,1,1,2,4,"2:2:2 5:1:1 6:0:1 9:2:2"
OO_WM,12,24,"12:0:1 12:2:2",12,0,1,6,12,1,1,5,4,"5:1:1 5:2:2 6:0:1 6:2:2"
OO_WM,12,24,"12:0:1 12:2:2",12,0,1,7,4,2,2,1,4,"1:1:2 2:1:2 7:0:1 12:2:2"
OO_WM,12,24,"12:0:1 12:2:2",12,0,1,7,7,0,2,1,4,"1:0:2 4:1:1 5:1:2 12:2:2"
OO_WM,12,24,"12:0:1 12:2:2",12,0,1,7,7,0,2,2,4,"2:0:2 4:1:1 4:1:2 12:2:2"
OO_WM,12,24,"12:0:1 12:2:2",12,0,1,7,7,0,2,4,4,"2:1:2 4:0:2 4:1:1 12:2:2"
OO_WM,12,24,"12:0:1 12:2:2",12,0,1,7,7,0,2,5,4,"1:1:2 4:1:1 5:0:2 12:2:2"
OO_WM,12,24,"12:0:1 12:2:2",12,0,1,7,12,1,1,2,4,"2:2:2 4:1:1 7:0:1 9:2:2"
OO_WM,12,24,"12:0:1 12:2:2",12,0,1,7,12,1,1,4,4,"4:1:1 4:2:2 7:0:1 7:2:2"
OO_WM,12,24,"12:0:1 12:2:2",12,0,1,7,12,1,1,5,4,"4:1:1 5:2:2 6:2:2 7:0:1"
OO_WM,12,24,"12:0:1 12:2:2",12,0,1,8,8,0,2,2,4,"2:0:2 3:1:1 5:1:2 12:2:2"
OO_WM,12,24,"12:0:1 12:2:2",12,0,1,8,8,0,2,5,4,"2:1:2 3:1:1 5:0:2 12:2:2"
OO_WM,12,24,"12:0:1 12:2:2",12,0,1,8,12,1,1,2,4,"2:2:2 3:1:1 8:0:1 9:2:2"
OO_WM,12,24,"12:0:1 12:2:2",12,0,1,8,12,1,1,3,4,"3:1:1 3:2:2 8:0:1 8:2:2"
OO_WM,12,24,"12:0:1 12:2:2",12,0,1,8,12,1,1,5,4,"3:1:1 5:2:2 6:2:2 8:0:1"
OO_WM,12,24,"12:0:1 12:2:2",12,0,1,9,9,0,2,2,4,"2:0:2 2:1:1 6:1:2 12:2:2"
OO_WM,12,24,"12:0:1 12:2:2",12,0,1,9,12,1,1,2,4,"2:1:1 2:2:2 9:0:1 9:2:2"
OO_WM,12,24,"12:0:1 12:2:2",12,0,1,10,10,0,2,1,4,"1:0:2 1:1:1 8:1:2 12:2:2"
OO_WM,12,24,"12:0:1 12:2:2",12,0,1,10,10,0,2,2,4,"1:1:1 2:0:2 7:1:2 12:2:2"
OO_WM,12,24,"12:0:1 12:2:2",12,0,1,10,10,0,2,4,4,"1:1:1 4:0:2 5:1:2 12:2:2"
OO_WM,12,24,"12:0:1 12:2:2",12,0,1,10,10,0,2,5,4,"1:1:1 4:1:2 5:0:2 12:2:2"
OO_WM,12,24,"12:0:1 12:2:2",12,0,1,10,10,0,2,7,4,"1:1:1 2:1:2 7:0:2 12:2:2"
OO_WM,12,24,"12:0:1 12:2:2",12,0,1,10,10,0,2,8,4,"1:1:1 1:1:2 8:0:2 12:2:2"
OO_WM,12,24,"12:0:1 12:2:2",12,0,1,10,12,1,1,1,4,"1:1:1 1:2:2 10:0:1 10:2:2"
OO_WM,12,24,"12:0:1 12:2:2",12,0,1,10,12,1,1,2,4,"1:1:1 2:2:2 9:2:2 10:0:1"
OO_WM,12,24,"12:0:1 12:2:2",12,0,1,10,12,1,1,4,4,"1:1:1 4:2:2 7:2:2 10:0:1"
OO_WM,12,24,"12:0:1 12:2:2",12,0,1,10,12,1,1,5,4,"1:1:1 5:2:2 6:2:2 10:0:1"
OO_WM,12,24,"12:0:1 12:2:2",12,0,1,11,11,0,2,1,3,"1:0:2 9:1:2 12:2:2"
OO_WM,12,24,"12:0:1 12:2:2",12,0,1,11,11,0,2,2,3,"2:0:2 8:1:2 12:2:2"
OO_WM,12,24,"12:0:1 12:2:2",12,0,1,11,11,0,2,3,3,"3:0:2 7:1:2 12:2:2"
OO_WM,12,24,"12:0:1 12:2:2",12,0,1,11,11,0,2,4,3,"4:0:2 6:1:2 12:2:2"
OO_WM,12,24,"12:0:1 12:2:2",12,0,1,11,11,0,2,5,3,"5:0:2 5:1:2 12:2:2"
OO_WM,12,24,"12:0:1 12:2:2",12,0,1,11,11,0,2,6,3,"4:1:2 6:0:2 12:2:2"
OO_WM,12,24,"12:0:1 12:2:2",12,0,1,11,11,0,2,7,3,"3:1:2 7:0:2 12:2:2"
OO_WM,12,24,"12:0:1 12:2:2",12,0,1,11,11,0,2,8,3,"2:1:2 8:0:2 12:2:2"
OO_WM,12,24,"12:0:1 12:2:2",12,0,1,11,11,0,2,9,3,"1:1:2 9:0:2 12:2:2"
OO_WM,12,24,"12:0:1 12:2:2",12,0,1,11,12,1,1,0,2,"11:0:1 11:2:2"
OO_WM,12,24,"12:0:1 12:2:2",12,0,1,11,12,1,1,1,3,"1:2:2 10:2:2 11:0:1"
OO_WM,12,24,"12:0:1 12:2:2",12,0,1,11,12,1,1,2,3,"2:2:2 9:2:2 11:0:1"
OO_WM,12,24,"12:0:1 12:2:2",12,0,1,11,12,1,1,3,3,"3:2:2 8:2:2 11:0:1"
OO_WM,12,24,"12:0:1 12:2:2",12,0,1,11,12,1,1,4,3,"4:2:2 7:2:2 11:0:1"
OO_WM,12,24,"12:0:1 12:2:2",12,0,1,11,12,1,1,5,3,"5:2:2 6:2:2 11:0:1"
OO_WM,12,24,"12:0:1 12:2:2",12,2,2,1,10,1,2,2,4,"1:1:2 2:2:2 7:1:2 12:0:1"
OO_WM,12,24,"12:0:1 12:2:2",12,2,2,1,12,0,2,1,4,"1:0:2 1:1:2 10:1:2 10:1:2"
OO_WM,12,24,"12:0:1 12:2:2",12,2,2,1,12,0,2,2,4,"1:1:2 2:0:2 9:1:2 10:1:2"
OO_WM,12,24,"12:0:1 12:2:2",12,2,2,1,12,0,2,10,4,"1:1:2 1:1:2 10:0:2 10:1:2"
OO_WM,12,24,"12:0:1 12:2:2",12,2,2,2,9,1,2,2,4,"2:1:2 2:2:2 6:1:2 12:0:1"
OO_WM,12,24,"12:0:1 12:2:2",12,2,2,2,9,1,2,5,4,"2:1:2 3:1:2 5:2:2 12:0:1"
OO_WM,12,24,"12:0:1 12:2:2",12,2,2,2,12,0,2,2,4,"2:0:2 2:1:2 9:1:2 9:1:2"
OO_WM,12,24,"12:0:1 12:2:2",12,2,2,2,12,0,2,5,4,"2:1:2 5:0:2 6:1:2 9:1:2"
OO_WM,12,24,"12:0:1 12:2:2",12,2,2,2,12,0,2,8,4,"2:1:2 3:1:2 8:0:2 9:1:2"
OO_WM,12,24,"12:0:1 12:2:2",12,2,2,2,12,0,2,9,4,"2:1:2 2:1:2 9:0:2 9:1:2"
OO_WM,12,24,"12:0:1 12:2:2",12,2,2,3,8,1,2,2,4,"2:2:2 3:1:2 5:1:2 12:0:1"
OO_WM,12,24,"12:0:1 12:2:2",12,2,2,3,8,1,2,5,4,"2:1:2 3:1:2 5:2:2 12:0:1"
OO_WM,12,24,"12:0:1 12:2:2",12,2,2,3,12,0,2,2,4,"2:0:2 3:1:2 8:1:2 9:1:2"
OO_WM,12,24,"12:0:1 12:2:2",12,2,2,3,12,0,2,3,4,"3:0:2 3:1:2 8:1:2 8:1:2"
OO_WM,12,24,"12:0:1 12:2:2",12,2,2,3,12,0,2,5,4,"3:1:2 5:0:2 6:1:2 8:1:2"
OO_WM,12,24,"12:0:1 12:2:2",12,2,2,3,12,0,2,8,4,"3:1:2 3:1:2 8:0:2 8:1:2"
OO_WM,12,24,"12:0:1 12:2:2",12,2,2,3,12,0,2,9,4,"2:1:2 3:1:2 8:1:2 9:0:2"
OO_WM,12,24,"12:0:1 12:2:2",12,2,2,4,4,1,2,2,4,"1:1:2 2:2:2 7:1:2 12:0:1"
OO_WM,12,24,"12:0:1 12:2:2",12,2,2,4,7,1,2,2,4,"2:2:2 4:1:2 4:1:2 12:0:1"
OO_WM,12,24,"12:0:1 12:2:2",12,2,2,4,12,0,2,2,4,"2:0:2 4:1:2 7:1:2 9:1:2"
OO_WM,12,24,"12:0:1 12:2:2",12,2,2,4,12,0,2,4,4,"4:0:2 4:1:2 7:1:2 7:1:2"
OO_WM,12,24,"12:0:1 12:2:2",12,2,2,4,12,0,2,7,4,"4:1:2 4:1:2 7:0:2 7:1:2"
OO_WM,12,24,"12:0:1 12:2:2",12,2,2,5,5,1,2,2,4,"2:1:2 2:2:2 6:1:2 12:0:1"
OO_WM,12,24,"12:0:1 12:2:2",12,2,2,5,6,1,2,2,4,"2:2:2 3:1:2 5:1:2 12:0:1"
OO_WM,12,24,"12:0:1 12:2:2",12,2,2,5,12,0,2,2,4,"2:0:2 5:1:2 6:1:2 9:1:2"
OO_WM,12,24,"12:0:1 12:2:2",12,2,2,5,12,0,2,5,4,"5:0:2 5:1:2 6:1:2 6:1:2"
OO_WM,12,24,"12:0:1 12:2:2",12,2,2,5,12,0,2,6,4,"5:1:2 5:1:2 6:0:2 6:1:2"
OO_WM,12,24,"12:0:1 12:2:2",12,2,2,5,12,0,2,8,4,"3:1:2 5:1:2 6:1:2 8:0:2"
OO_WM,12,24,"12:0:1 12:2:2",12,2,2,5,12,0,2,9,4,"2:1:2 5:1:2 6:1:2 9:0:2"
OO_WM_PLUS,12,25,"12:2:2 13:0:1",12,2,2,1,10,1,2,2,4,"1:1:2 2:2:2 7:1:2 13:0:1"
OO_WM_PLUS,12,25,"12:2:2 13:0:1",12,2,2,1,10,1,2,7,4,"1:1:2 2:1:2 7:2:2 13:0:1"
OO_WM_PLUS,12,25,"12:2:2 13:0:1",12,2,2,1,13,0,2,2,4,"1:1:2 2:0:2 10:1:2 10:1:2"
OO_WM_PLUS,12,25,"12:2:2 13:0:1",12,2,2,1,13,0,2,5,4,"1:1:2 5:0:2 7:1:2 10:1:2"
OO_WM_PLUS,12,25,"12:2:2 13:0:1",12,2,2,1,13,0,2,11,4,"1:1:2 1:1:2 10:1:2 11:0:2"
OO_WM_PLUS,12,25,"12:2:2 13:0:1",12,2,2,2,9,1,2,2,4,"2:1:2 2:2:2 6:1:2 13:0:1"
OO_WM_PLUS,12,25,"12:2:2 13:0:1",12,2,2,2,9,1,2,5,4,"2:1:2 3:1:2 5:2:2 13:0:1"
OO_WM_PLUS,12,25,"12:2:2 13:0:1",12,2,2,2,9,1,2,7,4,"1:1:2 2:1:2 7:2:2 13:0:1"
OO_WM_PLUS,12,25,"12:2:2 13:0:1",12,2,2,2,13,0,2,3,4,"2:1:2 3:0:2 9:1:2 9:1:2"
OO_WM_PLUS,12,25,"12:2:2 13:0:1",12,2,2,2,13,0,2,5,4,"2:1:2 5:0:2 7:1:2 9:1:2"
OO_WM_PLUS,12,25,"12:2:2 13:0:1",12,2,2,2,13,0,2,6,4,"2:1:2 6:0:2 6:1:2 9:1:2"
OO_WM_PLUS,12,25,"12:2:2 13:0:1",12,2,2,2,13,0,2,7,4,"2:1:2 5:1:2 7:0:2 9:1:2"
OO_WM_PLUS,12,25,"12:2:2 13:0:1",12,2,2,2,13,0,2,8,4,"2:1:2 4:1:2 8:0:2 9:1:2"
OO_WM_PLUS,12,25,"12:2:2 13:0:1",12,2,2,2,13,0,2,10,4,"2:1:2 2:1:2 9:1:2 10:0:2"
OO_WM_PLUS,12,25,"12:2:2 13:0:1",12,2,2,3,8,1,2,2,4,"2:2:2 3:1:2 5:1:2 13:0:1"
OO_WM_PLUS,12,25,"12:2:2 13:0:1",12,2,2,3,8,1,2,5,4,"2:1:2 3:1:2 5:2:2 13:0:1"
OO_WM_PLUS,12,25,"12:2:2 13:0:1",12,2,2,3,13,0,2,4,4,"3:1:2 4:0:2 8:1:2 8:1:2"
OO_WM_PLUS,12,25,"12:2:2 13:0:1",12,2,2,3,13,0,2,5,4,"3:1:2 5:0:2 7:1:2 8:1:2"
OO_WM_PLUS,12,25,"12:2:2 13:0:1",12,2,2,3,13,0,2,6,4,"3:1:2 6:0:2 6:1:2 8:1:2"
OO_WM_PLUS,12,25,"12:2:2 13:0:1",12,2,2,3,13,0,2,9,4,"3:1:2 3:1:2 8:1:2 9:0:2"
OO_WM_PLUS,12,25,"12:2:2 13:0:1",12,2,2,4,4,1,2,2,4,"1:1:2 2:2:2 7:1:2 13:0:1"
OO_WM_PLUS,12,25,"12:2:2 13:0:1",12,2,2,4,7,1,2,2,4,"2:2:2 4:1:2 4:1:2 13:0:1"
OO_WM_PLUS,12,25,"12:2:2 13:0:1",12,2,2,4,13,0,2,5,4,"4:1:2 5:0:2 7:1:2 7:1:2"
OO_WM_PLUS,12,25,"12:2:2 13:0:1",12,2,2,4,13,0,2,7,4,"4:1:2 5:1:2 7:0:2 7:1:2"
OO_WM_PLUS,12,25,"12:2:2 13:0:1",12,2,2,4,13,0,2,8,4,"4:1:2 4:1:2 7:1:2 8:0:2"
OO_WM_PLUS,12,25,"12:2:2 13:0:1",12,2,2,4,13,0,2,10,4,"2:1:2 4:1:2 7:1:2 10:0:2"
OO_WM_PLUS,12,25,"12:2:2 13:0:1",12,2,2,5,5,1,2,2,4,"2:1:2 2:2:2 6:1:2 13:0:1"
OO_WM_PLUS,12,25,"12:2:2 13:0:1",12,2,2,5,6,1,2,2,4,"2:2:2 3:1:2 5:1:2 13:0:1"
OO_WM_PLUS,12,25,"12:2:2 13:0:1",12,2,2,5,13,0,2,5,4,"5:0:2 5:1:2 6:1:2 7:1:2"
OO_WM_PLUS,12,25,"12:2:2 13:0:1",12,2,2,5,13,0,2,6,4,"5:1:2 6:0:2 6:1:2 6:1:2"
OO_WM_PLUS,12,25,"12:2:2 13:0:1",12,2,2,5,13,0,2,7,4,"5:1:2 5:1:2 6:1:2 7:0:2"
OO_WM_PLUS,12,25,"12:2:2 13:0:1",12,2,2,5,13,0,2,8,4,"4:1:2 5:1:2 6:1:2 8:0:2"
OO_WM_PLUS,12,25,"12:2:2 13:0:1",12,2,2,5,13,0,2,10,4,"2:1:2 5:1:2 6:1:2 10:0:2"
OO_WM_PLUS,12,25,"12:2:2 13:0:1",13,0,1,1,11,2,2,1,4,"1:0:1 1:1:2 9:1:2 12:2:2"
OO_WM_PLUS,12,25,"12:2:2 13:0:1",13,0,1,1,11,2,2,2,4,"1:0:1 2:1:2 8:1:2 12:2:2"
OO_WM_PLUS,12,25,"12:2:2 13:0:1",13,0,1,1,11,2,2,3,4,"1:0:1 3:1:2 7:1:2 12:2:2"
OO_WM_PLUS,12,25,"12:2:2 13:0:1",13,0,1,1,11,2,2,4,4,"1:0:1 4:1:2 6:1:2 12:2:2"
OO_WM_PLUS,12,25,"12:2:2 13:0:1",13,0,1,1,11,2,2,5,4,"1:0:1 5:1:2 5:1:2 12:2:2"
OO_WM_PLUS,12,25,"12:2:2 13:0:1",13,0,1,1,12,1,1,0,3,"1:0:1 11:1:1 11:2:2"
OO_WM_PLUS,12,25,"12:2:2 13:0:1",13,0,1,1,12,1,1,1,4,"1:0:1 1:2:2 10:2:2 11:1:1"
OO_WM_PLUS,12,25,"12:2:2 13:0:1",13,0,1,1,12,1,1,2,4,"1:0:1 2:2:2 9:2:2 11:1:1"
OO_WM_PLUS,12,25,"12:2:2 13:0:1",13,0,1,1,12,1,1,3,4,"1:0:1 3:2:2 8:2:2 11:1:1"
OO_WM_PLUS,12,25,"12:2:2 13:0:1",13,0,1,1,12,1,1,4,4,"1:0:1 4:2:2 7:2:2 11:1:1"
OO_WM_PLUS,12,25,"12:2:2 13:0:1",13,0,1,1,12,1,1,5,4,"1:0:1 5:2:2 6:2:2 11:1:1"
OO_WM_PLUS,12,25,"12:2:2 13:0:1",13,0,1,2,10,2,2,1,4,"1:1:2 2:0:1 8:1:2 12:2:2"
OO_WM_PLUS,12,25,"12:2:2 13:0:1",13,0,1,2,10,2,2,2,4,"2:0:1 2:1:2 7:1:2 12:2:2"
OO_WM_PLUS,12,25,"12:2:2 13:0:1",13,0,1,2,10,2,2,4,4,"2:0:1 4:1:2 5:1:2 12:2:2"
OO_WM_PLUS,12,25,"12:2:2 13:0:1",13,0,1,2,12,1,1,1,4,"1:2:2 2:0:1 10:1:1 10:2:2"
OO_WM_PLUS,12,25,"12:2:2 13:0:1",13,0,1,2,12,1,1,2,4,"2:0:1 2:2:2 9:2:2 10:1:1"
OO_WM_PLUS,12,25,"12:2:2 13:0:1",13,0,1,2,12,1,1,4,4,"2:0:1 4:2:2 7:2:2 10:1:1"
OO_WM_PLUS,12,25,"12:2:2 13:0:1",13,0,1,2,12,1,1,5,4,"2:0:1 5:2:2 6:2:2 10:1:1"
OO_WM_PLUS,12,25,"12:2:2 13:0:1",13,0,1,3,9,2,2,1,4,"1:1:2 3:0:1 7:1:2 12:2:2"
OO_WM_PLUS,12,25,"12:2:2 13:0:1",13,0,1,3,9,2,2,2,4,"2:1:2 3:0:1 6:1:2 12:2:2"
OO_WM_PLUS,12,25,"12:2:2 13:0:1",13,0,1,3,9,2,2,3,4,"3:0:1 3:1:2 5:1:2 12:2:2"
OO_WM_PLUS,12,25,"12:2:2 13:0:1",13,0,1,3,9,2,2,4,4,"3:0:1 4:1:2 4:1:2 12:2:2"
OO_WM_PLUS,12,25,"12:2:2 13:0:1",13,0,1,3,12,1,1,2,4,"2:2:2 3:0:1 9:1:1 9:2:2"
OO_WM_PLUS,12,25,"12:2:2 13:0:1",13,0,1,4,8,2,2,2,4,"2:1:2 4:0:1 5:1:2 12:2:2"
OO_WM_PLUS,12,25,"12:2:2 13:0:1",13,0,1,4,12,1,1,2,4,"2:2:2 4:0:1 8:1:1 9:2:2"
OO_WM_PLUS,12,25,"12:2:2 13:0:1",13,0,1,4,12,1,1,3,4,"3:2:2 4:0:1 8:1:1 8:2:2"
OO_WM_PLUS,12,25,"12:2:2 13:0:1",13,0,1,4,12,1,1,5,4,"4:0:1 5:2:2 6:2:2 8:1:1"
OO_WM_PLUS,12,25,"12:2:2 13:0:1",13,0,1,5,7,2,2,1,4,"1:1:2 5:0:1 5:1:2 12:2:2"
OO_WM_PLUS,12,25,"12:2:2 13:0:1",13,0,1,5,7,2,2,2,4,"2:1:2 4:1:2 5:0:1 12:2:2"
OO_WM_PLUS,12,25,"12:2:2 13:0:1",13,0,1,5,12,1,1,2,4,"2:2:2 5:0:1 7:1:1 9:2:2"
OO_WM_PLUS,12,25,"12:2:2 13:0:1",13,0,1,5,12,1,1,4,4,"4:2:2 5:0:1 7:1:1 7:2:2"
OO_WM_PLUS,12,25,"12:2:2 13:0:1",13,0,1,6,6,0,2,3,4,"2:1:2 3:0:2 6:1:1 12:2:2"
OO_WM_PLUS,12,25,"12:2:2 13:0:1",13,0,1,6,6,2,2,1,4,"1:1:2 4:1:2 6:0:1 12:2:2"
OO_WM_PLUS,12,25,"12:2:2 13:0:1",13,0,1,6,6,2,2,2,4,"2:1:2 3:1:2 6:0:1 12:2:2"
OO_WM_PLUS,12,25,"12:2:2 13:0:1",13,0,1,6,12,1,1,2,4,"2:2:2 6:0:1 6:1:1 9:2:2"
OO_WM_PLUS,12,25,"12:2:2 13:0:1",13,0,1,6,12,1,1,4,4,"4:2:2 6:0:1 6:1:1 7:2:2"
OO_WM_PLUS,12,25,"12:2:2 13:0:1",13,0,1,6,12,1,1,5,4,"5:2:2 6:0:1 6:1:1 6:2:2"
OO_WM_PLUS,12,25,"12:2:2 13:0:1",13,0,1,7,5,2,2,2,4,"2:1:2 2:1:2 7:0:1 12:2:2"
OO_WM_PLUS,12,25,"12:2:2 13:0:1",13,0,1,7,7,0,2,5,4,"1:1:2 5:0:2 5:1:1 12:2:2"
OO_WM_PLUS,12,25,"12:2:2 13:0:1",13,0,1,7,12,1,1,2,4,"2:2:2 5:1:1 7:0:1 9:2:2"
OO_WM_PLUS,12,25,"12:2:2 13:0:1",13,0,1,7,12,1,1,5,4,"5:1:1 5:2:2 6:2:2 7:0:1"
OO_WM_PLUS,12,25,"12:2:2 13:0:1",13,0,1,8,4,2,2,1,4,"1:1:2 2:1:2 8:0:1 12:2:2"
OO_WM_PLUS,12,25,"12:2:2 13:0:1",13,0,1,8,8,0,2,2,4,"2:0:2 4:1:1 5:1:2 12:2:2"
OO_WM_PLUS,12,25,"12:2:2 13:0:1",13,0,1,8,8,0,2,3,4,"3:0:2 4:1:1 4:1:2 12:2:2"
OO_WM_PLUS,12,25,"12:2:2 13:0:1",13,0,1,8,8,0,2,5,4,"2:1:2 4:1:1 5:0:2 12:2:2"
OO_WM_PLUS,12,25,"12:2:2 13:0:1",13,0,1,8,8,0,2,6,4,"1:1:2 4:1:1 6:0:2 12:2:2"
OO_WM_PLUS,12,25,"12:2:2 13:0:1",13,0,1,8,12,1,1,2,4,"2:2:2 4:1:1 8:0:1 9:2:2"
OO_WM_PLUS,12,25,"12:2:2 13:0:1",13,0,1,8,12,1,1,4,4,"4:1:1 4:2:2 7:2:2 8:0:1"
OO_WM_PLUS,12,25,"12:2:2 13:0:1",13,0,1,8,12,1,1,5,4,"4:1:1 5:2:2 6:2:2 8:0:1"
OO_WM_PLUS,12,25,"12:2:2 13:0:1",13,0,1,9,9,0,2,3,4,"3:0:2 3:1:1 5:1:2 12:2:2"
OO_WM_PLUS,12,25,"12:2:2 13:0:1",13,0,1,9,9,0,2,5,4,"3:1:1 3:1:2 5:0:2 12:2:2"
OO_WM_PLUS,12,25,"12:2:2 13:0:1",13,0,1,9,9,0,2,6,4,"2:1:2 3:1:1 6:0:2 12:2:2"
OO_WM_PLUS,12,25,"12:2:2 13:0:1",13,0,1,9,9,0,2,7,4,"1:1:2 3:1:1 7:0:2 12:2:2"
OO_WM_PLUS,12,25,"12:2:2 13:0:1",13,0,1,9,12,1,1,2,4,"2:2:2 3:1:1 9:0:1 9:2:2"
OO_WM_PLUS,12,25,"12:2:2 13:0:1",13,0,1,9,12,1,1,3,4,"3:1:1 3:2:2 8:2:2 9:0:1"
OO_WM_PLUS,12,25,"12:2:2 13:0:1",13,0,1,9,12,1,1,4,4,"3:1:1 4:2:2 7:2:2 9:0:1"
OO_WM_PLUS,12,25,"12:2:2 13:0:1",13,0,1,9,12,1,1,5,4,"3:1:1 5:2:2 6:2:2 9:0:1"
OO_WM_PLUS,12,25,"12:2:2 13:0:1",13,0,1,10,10,0,2,5,4,"2:1:1 4:1:2 5:0:2 12:2:2"
OO_WM_PLUS,12,25,"12:2:2 13:0:1",13,0,1,10,10,0,2,7,4,"2:1:1 2:1:2 7:0:2 12:2:2"
OO_WM_PLUS,12,25,"12:2:2 13:0:1",13,0,1,10,12,1,1,2,4,"2:1:1 2:2:2 9:2:2 10:0:1"
OO_WM_PLUS,12,25,"12:2:2 13:0:1",13,0,1,11,11,0,2,2,4,"1:1:1 2:0:2 8:1:2 12:2:2"
OO_WM_PLUS,12,25,"12:2:2 13:0:1",13,0,1,11,11,0,2,3,4,"1:1:1 3:0:2 7:1:2 12:2:2"
OO_WM_PLUS,12,25,"12:2:2 13:0:1",13,0,1,11,11,0,2,5,4,"1:1:1 5:0:2 5:1:2 12:2:2"
OO_WM_PLUS,12,25,"12:2:2 13:0:1",13,0,1,11,11,0,2,6,4,"1:1:1 4:1:2 6:0:2 12:2:2"
OO_WM_PLUS,12,25,"12:2:2 13:0:1",13,0,1,11,11,0,2,7,4,"1:1:1 3:1:2 7:0:2 12:2:2"
OO_WM_PLUS,12,25,"12:2:2 13:0:1",13,0,1,11,11,0,2,8,4,"1:1:1 2:1:2 8:0:2 12:2:2"
OO_WM_PLUS,12,25,"12:2:2 13:0:1",13,0,1,11,11,0,2,9,4,"1:1:1 1:1:2 9:0:2 12:2:2"
OO_WM_PLUS,12,25,"12:2:2 13:0:1",13,0,1,11,12,1,1,1,4,"1:1:1 1:2:2 10:2:2 11:0:1"
OO_WM_PLUS,12,25,"12:2:2 13:0:1",13,0,1,11,12,1,1,2,4,"1:1:1 2:2:2 9:2:2 11:0:1"
OO_WM_PLUS,12,25,"12:2:2 13:0:1",13,0,1,11,12,1,1,3,4,"1:1:1 3:2:2 8:2:2 11:0:1"
OO_WM_PLUS,12,25,"12:2:2 13:0:1",13,0,1,11,12,1,1,4,4,"1:1:1 4:2:2 7:2:2 11:0:1"
OO_WM_PLUS,12,25,"12:2:2 13:0:1",13,0,1,11,12,1,1,5,4,"1:1:1 5:2:2 6:2:2 11:0:1"
OO_WM_PLUS,12,25,"12:2:2 13:0:1",13,0,1,12,12,0,2,2,3,"2:0:2 9:1:2 12:2:2"
OO_WM_PLUS,12,25,"12:2:2 13:0:1",13,0,1,12,12,0,2,3,3,"3:0:2 8:1:2 12:2:2"
OO_WM_PLUS,12,25,"12:2:2 13:0:1",13,0,1,12,12,0,2,4,3,"4:0:2 7:1:2 12:2:2"
OO_WM_PLUS,12,25,"12:2:2 13:0:1",13,0,1,12,12,0,2,5,3,"5:0:2 6:1:2 12:2:2"
OO_WM_PLUS,12,25,"12:2:2 13:0:1",13,0,1,12,12,0,2,6,3,"5:1:2 6:0:2 12:2:2"
OO_WM_PLUS,12,25,"12:2:2 13:0:1",13,0,1,12,12,0,2,7,3,"4:1:2 7:0:2 12:2:2"
OO_WM_PLUS,12,25,"12:2:2 13:0:1",13,0,1,12,12,0,2,8,3,"3:1:2 8:0:2 12:2:2"
OO_WM_PLUS,12,25,"12:2:2 13:0:1",13,0,1,12,12,0,2,9,3,"2:1:2 9:0:2 12:2:2"
OO_WM_PLUS,12,25,"12:2:2 13:0:1",13,0,1,12,12,0,2,10,3,"1:1:2 10:0:2 12:2:2"
OO_WM_PLUS,12,25,"12:2:2 13:0:1",13,0,1,12,12,1,1,0,2,"11:2:2 12:0:1"
OO_WM_PLUS,12,25,"12:2:2 13:0:1",13,0,1,12,12,1,1,1,3,"1:2:2 10:2:2 12:0:1"
OO_WM_PLUS,12,25,"12:2:2 13:0:1",13,0,1,12,12,1,1,2,3,"2:2:2 9:2:2 12:0:1"
OO_WM_PLUS,12,25,"12:2:2 13:0:1",13,0,1,12,12,1,1,3,3,"3:2:2 8:2:2 12:0:1"
OO_WM_PLUS,12,25,"12:2:2 13:0:1",13,0,1,12,12,1,1,4,3,"4:2:2 7:2:2 12:0:1"
OO_WM_PLUS,12,25,"12:2:2 13:0:1",13,0,1,12,12,1,1,5,3,"5:2:2 6:2:2 12:0:1"
WO_MO,12,24,"12:0:2 12:1:2",12,0,2,1,10,1,2,2,4,"1:0:1 2:2:2 7:1:2 12:1:2"
WO_MO,12,24,"12:0:2 12:1:2",12,0,2,1,10,1,2,4,4,"1:0:1 4:2:2 5:1:2 12:1:2"
WO_MO,12,24,"12:0:2 12:1:2",12,0,2,1,10,1,2,5,4,"1:0:1 4:1:2 5:2:2 12:1:2"
WO_MO,12,24,"12:0:2 12:1:2",12,0,2,1,10,1,2,7,4,"1:0:1 2:1:2 7:2:2 12:1:2"
WO_MO,12,24,"12:0:2 12:1:2",12,0,2,1,10,1,2,8,4,"1:0:1 1:1:2 8:2:2 12:1:2"
WO_MO,12,24,"12:0:2 12:1:2",12,0,2,1,12,1,2,1,4,"1:0:1 1:2:2 10:1:2 10:1:2"
WO_MO,12,24,"12:0:2 12:1:2",12,0,2,1,12,1,2,2,4,"1:0:1 2:2:2 9:1:2 10:1:2"
WO_MO,12,24,"12:0:2 12:1:2",12,0,2,1,12,1,2,4,4,"1:0:1 4:2:2 7:1:2 10:1:2"
WO_MO,12,24,"12:0:2 12:1:2",12,0,2,1,12,1,2,5,4,"1:0:1 5:2:2 6:1:2 10:1:2"
WO_MO,12,24,"12:0:2 12:1:2",12,0,2,1,12,1,2,6,4,"1:0:1 5:1:2 6:2:2 10:1:2"
WO_MO,12,24,"12:0:2 12:1:2",12,0,2,1,12,1,2,7,4,"1:0:1 4:1:2 7:2:2 10:1:2"
WO_MO,12,24,"12:0:2 12:1:2",12,0,2,1,12,1,2,8,4,"1:0:1 3:1:2 8:2:2 10:1:2"
WO_MO,12,24,"12:0:2 12:1:2",12,0,2,1,12,1,2,9,4,"1:0:1 2:1:2 9:2:2 10:1:2"
WO_MO,12,24,"12:0:2 12:1:2",12,0,2,1,12,1,2,10,4,"1:0:1 1:1:2 10:1:2 10:2:2"
WO_MO,12,24,"12:0:2 12:1:2",12,0,2,2,12,1,2,2,4,"2:0:1 2:2:2 9:1:2 9:1:2"
WO_MO,12,24,"12:0:2 12:1:2",12,0,2,3,8,1,2,2,4,"2:2:2 3:0:1 5:1:2 12:1:2"
WO_MO,12,24,"12:0:2 12:1:2",12,0,2,3,8,1,2,5,4,"2:1:2 3:0:1 5:2:2 12:1:2"
WO_MO,12,24,"12:0:2 12:1:2",12,0,2,3,12,1,2,2,4,"2:2:2 3:0:1 8:1:2 9:1:2"
WO_MO,12,24,"12:0:2 12:1:2",12,0,2,3,12,1,2,3,4,"3:0:1 3:2:2 8:1:2 8:1:2"
WO_MO,12,24,"12:0:2 12:1:2",12,0,2,3,12,1,2,4,4,"3:0:1 4:2:2 7:1:2 8:1:2"
WO_MO,12,24,"12:0:2 12:1:2",12,0,2,3,12,1,2,5,4,"3:0:1 5:2:2 6:1:2 8:1:2"
WO_MO,12,24,"12:0:2 12:1:2",12,0,2,3,12,1,2,6,4,"3:0:1 5:1:2 6:2:2 8:1:2"
WO_MO,12,24,"12:0:2 12:1:2",12,0,2,3,12,1,2,7,4,"3:0:1 4:1:2 7:2:2 8:1:2"
WO_MO,12,24,"12:0:2 12:1:2",12,0,2,3,12,1,2,8,4,"3:0:1 3:1:2 8:1:2 8:2:2"
WO_MO,12,24,"12:0:2 12:1:2",12,0,2,3,12,1,2,9,4,"2:1:2 3:0:1 8:1:2 9:2:2"
WO_MO,12,24,"12:0:2 12:1:2",12,0,2,3,12,1,2,10,4,"1:1:2 3:0:1 8:1:2 10:2:2"
WO_MO,12,24,"12:0:2 12:1:2",12,0,2,4,4,0,2,2,4,"1:1:2 2:0:2 7:1:2 12:1:2"
WO_MO,12,24,"12:0:2 12:1:2",12,0,2,4,7,1,2,2,4,"2:2:2 4:0:1 4:1:2 12:1:2"
WO_MO,12,24,"12:0:2 12:1:2",12,0,2,4,7,1,2,4,4,"2:1:2 4:0:1 4:2:2 12:1:2"
WO_MO,12,24,"12:0:2 12:1:2",12,0,2,4,7,1,2,5,4,"1:1:2 4:0:1 5:2:2 12:1:2"
WO_MO,12,24,"12:0:2 12:1:2",12,0,2,4,12,1,2,2,4,"2:2:2 4:0:1 7:1:2 9:1:2"
WO_MO,12,24,"12:0:2 12:1:2",12,0,2,4,12,1,2,4,4,"4:0:1 4:2:2 7:1:2 7:1:2"
WO_MO,12,24,"12:0:2 12:1:2",12,0,2,4,12,1,2,5,4,"4:0:1 5:2:2 6:1:2 7:1:2"
WO_MO,12,24,"12:0:2 12:1:2",12,0,2,4,12,1,2,6,4,"4:0:1 5:1:2 6:2:2 7:1:2"
WO_MO,12,24,"12:0:2 12:1:2",12,0,2,4,12,1,2,7,4,"4:0:1 4:1:2 7:1:2 7:2:2"
WO_MO,12,24,"12:0:2 12:1:2",12,0,2,4,12,1,2,9,4,"2:1:2 4:0:1 7:1:2 9:2:2"
WO_MO,12,24,"12:0:2 12:1:2",12,0,2,5,5,0,2,2,4,"2:0:2 2:1:2 6:1:2 12:1:2"
WO_MO,12,24,"12:0:2 12:1:2",12,0,2,5,12,1,2,2,4,"2:2:2 5:0:1 6:1:2 9:1:2"
WO_MO,12,24,"12:0:2 12:1:2",12,0,2,5,12,1,2,5,4,"5:0:1 5:2:2 6:1:2 6:1:2"
WO_MO,12,24,"12:0:2 12:1:2",12,0,2,6,5,1,2,2,4,"2:1:2 2:2:2 6:0:1 12:1:2"
WO_MO,12,24,"12:0:2 12:1:2",12,0,2,6,6,0,2,2,4,"2:0:2 3:1:2 5:1:2 12:1:2"
WO_MO,12,24,"12:0:2 12:1:2",12,0,2,6,12,1,2,2,4,"2:2:2 5:1:2 6:0:1 9:1:2"
WO_MO,12,24,"12:0:2 12:1:2",12,0,2,6,12,1,2,4,4,"4:2:2 5:1:2 6:0:1 7:1:2"
WO_MO,12,24,"12:0:2 12:1:2",12,0,2,6,12,1,2,5,4,"5:1:2 5:2:2 6:0:1 6:1:2"
WO_MO,12,24,"12:0:2 12:1:2",12,0,2,6,12,1,2,6,4,"5:1:2 5:1:2 6:0:1 6:2:2"
WO_MO,12,24,"12:0:2 12:1:2",12,0,2,6,12,1,2,7,4,"4:1:2 5:1:2 6:0:1 7:2:2"
WO_MO,12,24,"12:0:2 12:1:2",12,0,2,6,12,1,2,8,4,"3:1:2 5:1:2 6:0:1 8:2:2"
WO_MO,12,24,"12:0:2 12:1:2",12,0,2,6,12,1,2,9,4,"2:1:2 5:1:2 6:0:1 9:2:2"
WO_MO,12,24,"12:0:2 12:1:2",12,0,2,6,12,1,2,10,4,"1:1:2 5:1:2 6:0:1 10:2:2"
WO_MO,12,24,"12:0:2 12:1:2",12,0,2,7,4,1,2,2,4,"1:1:2 2:2:2 7:0:1 12:1:2"
WO_MO,12,24,"12:0:2 12:1:2",12,0,2,7,7,0,2,2,4,"2:0:2 4:1:2 4:1:2 12:1:2"
WO_MO,12,24,"12:0:2 12:1:2",12,0,2,7,12,1,2,2,4,"2:2:2 4:1:2 7:0:1 9:1:2"
WO_MO,12,24,"12:0:2 12:1:2",12,0,2,7,12,1,2,4,4,"4:1:2 4:2:2 7:0:1 7:1:2"
WO_MO,12,24,"12:0:2 12:1:2",12,0,2,7,12,1,2,5,4,"4:1:2 5:2:2 6:1:2 7:0:1"
WO_MO,12,24,"12:0:2 12:1:2",12,0,2,7,12,1,2,7,4,"4:1:2 4:1:2 7:0:1 7:2:2"
WO_MO,12,24,"12:0:2 12:1:2",12,0,2,7,12,1,2,9,4,"2:1:2 4:1:2 7:0:1 9:2:2"
WO_MO,12,24,"12:0:2 12:1:2",12,0,2,8,8,0,2,2,4,"2:0:2 3:1:2 5:1:2 12:1:2"
WO_MO,12,24,"12:0:2 12:1:2",12,0,2,8,12,1,2,2,4,"2:2:2 3:1:2 8:0:1 9:1:2"
WO_MO,12,24,"12:0:2 12:1:2",12,0,2,8,12,1,2,5,4,"3:1:2 5:2:2 6:1:2 8:0:1"
WO_MO,12,24,"12:0:2 12:1:2",12,0,2,8,12,1,2,8,4,"3:1:2 3:1:2 8:0:1 8:2:2"
WO_MO,12,24,"12:0:2 12:1:2",12,0,2,9,9,0,2,2,4,"2:0:2 2:1:2 6:1:2 12:1:2"
WO_MO,12,24,"12:0:2 12:1:2",12,0,2,9,12,1,2,2,4,"2:1:2 2:2:2 9:0:1 9:1:2"
WO_MO,12,24,"12:0:2 12:1:2",12,0,2,9,12,1,2,5,4,"2:1:2 5:2:2 6:1:2 9:0:1"
WO_MO,12,24,"12:0:2 12:1:2",12,0,2,9,12,1,2,6,4,"2:1:2 5:1:2 6:2:2 9:0:1"
WO_MO,12,24,"12:0:2 12:1:2",12,0,2,9,12,1,2,9,4,"2:1:2 2:1:2 9:0:1 9:2:2"
WO_MO,12,24,"12:0:2 12:1:2",12,0,2,10,10,0,2,2,4,"1:1:2 2:0:2 7:1:2 12:1:2"
WO_MO,12,24,"12:0:2 12:1:2",12,0,2,10,12,1,2,2,4,"1:1:2 2:2:2 9:1:2 10:0:1"
WO_MO,12,24,"12:0:2 12:1:2",12,0,2,10,12,1,2,7,4,"1:1:2 4:1:2 7:2:2 10:0:1"
WO_MO,12,24,"12:0:2 12:1:2",12,0,2,10,12,1,2,10,4,"1:1:2 1:1:2 10:0:1 10:2:2"
WO_MO,12,24,"12:0:2 12:1:2",12,1,2,0,11,1,2,2,3,"2:2:2 8:1:2 12:0:2"
WO_MO,12,24,"12:0:2 12:1:2",12,1,2,0,11,1,2,3,3,"3:2:2 7:1:2 12:0:2"
WO_MO,12,24,"12:0:2 12:1:2",12,1,2,0,11,1,2,4,3,"4:2:2 6:1:2 12:0:2"
WO_MO,12,24,"12:0:2 12:1:2",12,1,2,0,11,1,2,5,3,"5:1:2 5:2:2 12:0:2"
WO_MO,12,24,"12:0:2 12:1:2",12,1,2,0,11,1,2,6,3,"4:1:2 6:2:2 12:0:2"
WO_MO,12,24,"12:0:2 12:1:2",12,1,2,0,11,1,2,7,3,"3:1:2 7:2:2 12:0:2"
WO_MO,12,24,"12:0:2 12:1:2",12,1,2,0,11,1,2,8,3,"2:1:2 8:2:2 12:0:2"
WO_MO,12,24,"12:0:2 12:1:2",12,1,2,0,11,1,2,9,3,"1:1:2 9:2:2 12:0:2"
WO_MO,12,24,"12:0:2 12:1:2",12,1,2,0,12,0,1,1,3,"1:0:2 10:2:2 11:1:2"
WO_MO,12,24,"12:0:2 12:1:2",12,1,2,0,12,0,1,2,3,"2:0:2 9:2:2 11:1:2"
WO_MO,12,24,"12:0:2 12:1:2",12,1,2,0,12,0,1,3,3,"3:0:2 8:2:2 11:1:2"
WO_MO,12,24,"12:0:2 12:1:2",12,1,2,0,12,0,1,4,3,"4:0:2 7:2:2 11:1:2"
WO_MO,12,24,"12:0:2 12:1:2",12,1,2,0,12,0,1,5,3,"5:0:2 6:2:2 11:1:2"
WO_MO,12,24,"12:0:2 12:1:2",12,1,2,0,12,0,1,6,3,"5:2:2 6:0:2 11:1:2"
WO_MO,12,24,"12:0:2 12:1:2",12,1,2,0,12,0,1,7,3,"4:2:2 7:0:2 11:1:2"
WO_MO,12,24,"12:0:2 12:1:2",12,1,2,0,12,0,1,8,3,"3:2:2 8:0:2 11:1:2"
WO_MO,12,24,"12:0:2 12:1:2",12,1,2,0,12,0,1,9,3,"2:2:2 9:0:2 11:1:2"
WO_MO,12,24,"12:0:2 12:1:2",12,1,2,0,12,0,1,10,3,"1:2:2 10:0:2 11:1:2"
WO_MO,12,24,"12:0:2 12:1:2",12,1,2,0,12,0,1,11,2,"11:0:2 11:1:2"
WO_MO,12,24,"12:0:2 12:1:2",12,1,2,1,10,1,2,2,4,"1:1:1 2:2:2 7:1:2 12:0:2"
WO_MO,12,24,"12:0:2 12:1:2",12,1,2,1,10,1,2,4,4,"1:1:1 4:2:2 5:1:2 12:0:2"
WO_MO,12,24,"12:0:2 12:1:2",12,1,2,1,10,1,2,5,4,"1:1:1 4:1:2 5:2:2 12:0:2"
WO_MO,12,24,"12:0:2 12:1:2",12,1,2,1,10,1,2,7,4,"1:1:1 2:1:2 7:2:2 12:0:2"
WO_MO,12,24,"12:0:2 12:1:2",12,1,2,1,10,1,2,8,4,"1:1:1 1:1:2 8:2:2 12:0:2"
WO_MO,12,24,"12:0:2 12:1:2",12,1,2,1,12,0,1,1,4,"1:0:2 1:1:1 10:1:2 10:2:2"
WO_MO,12,24,"12:0:2 12:1:2",12,1,2,1,12,0,1,2,4,"1:1:1 2:0:2 9:2:2 10:1:2"
WO_MO,12,24,"12:0:2 12:1:2",12,1,2,1,12,0,1,3,4,"1:1:1 3:0:2 8:2:2 10:1:2"
WO_MO,12,24,"12:0:2 12:1:2",12,1,2,1,12,0,1,4,4,"1:1:1 4:0:2 7:2:2 10:1:2"
WO_MO,12,24,"12:0:2 12:1:2",12,1,2,1,12,0,1,5,4,"1:1:1 5:0:2 6:2:2 10:1:2"
WO_MO,12,24,"12:0:2 12:1:2",12,1,2,1,12,0,1,6,4,"1:1:1 5:2:2 6:0:2 10:1:2"
WO_MO,12,24,"12:0:2 12:1:2",12,1,2,1,12,0,1,7,4,"1:1:1 4:2:2 7:0:2 10:1:2"
WO_MO,12,24,"12:0:2 12:1:2",12,1,2,1,12,0,1,9,4,"1:1:1 2:2:2 9:0:2 10:1:2"
WO_MO,12,24,"12:0:2 12:1:2",12,1,2,1,12,0,1,10,4,"1:1:1 1:2:2 10:0:2 10:1:2"
WO_MO,12,24,"12:0:2 12:1:2",12,1,2,2,9,1,2,2,4,"2:1:1 2:2:2 6:1:2 12:0:2"
WO_MO,12,24,"12:0:2 12:1:2",12,1,2,2,12,0,1,2,4,"2:0:2 2:1:1 9:1:2 9:2:2"
WO_MO,12,24,"12:0:2 12:1:2",12,1,2,2,12,0,1,9,4,"2:1:1 2:2:2 9:0:2 9:1:2"
WO_MO,12,24,"12:0:2 12:1:2",12,1,2,3,8,1,2,2,4,"2:2:2 3:1:1 5:1:2 12:0:2"
WO_MO,12,24,"12:0:2 12:1:2",12,1,2,3,8,1,2,5,4,"2:1:2 3:1:1 5:2:2 12:0:2"
WO_MO,12,24,"12:0:2 12:1:2",12,1,2,3,12,0,1,1,4,"1:0:2 3:1:1 8:1:2 10:2:2"
WO_MO,12,24,"12:0:2 12:1:2",12,1,2,3,12,0,1,2,4,"2:0:2 3:1:1 8:1:2 9:2:2"
WO_MO,12,24,"12:0:2 12:1:2",12,1,2,3,12,0,1,3,4,"3:0:2 3:1:1 8:1:2 8:2:2"
WO_MO,12,24,"12:0:2 12:1:2",12,1,2,3,12,0,1,4,4,"3:1:1 4:0:2 7:2:2 8:1:2"
WO_MO,12,24,"12:0:2 12:1:2",12,1,2,3,12,0,1,5,4,"3:1:1 5:0:2 6:2:2 8:1:2"
WO_MO,12,24,"12:0:2 12:1:2",12,1,2,3,12,0,1,6,4,"3:1:1 5:2:2 6:0:2 8:1:2"
WO_MO,12,24,"12:0:2 12:1:2",12,1,2,3,12,0,1,7,4,"3:1:1 4:2:2 7:0:2 8:1:2"
WO_MO,12,24,"12:0:2 12:1:2",12,1,2,3,12,0,1,8,4,"3:1:1 3:2:2 8:0:2 8:1:2"
WO_MO,12,24,"12:0:2 12:1:2",12,1,2,3,12,0,1,9,4,"2:2:2 3:1:1 8:1:2 9:0:2"
WO_MO,12,24,"12:0:2 12:1:2",12,1,2,4,7,1,2,2,4,"2:2:2 4:1:1 4:1:2 12:0:2"
WO_MO,12,24,"12:0:2 12:1:2",12,1,2,4,7,1,2,5,4,"1:1:2 4:1:1 5:2:2 12:0:2"
WO_MO,12,24,"12:0:2 12:1:2",12,1,2,4,12,0,1,2,4,"2:0:2 4:1:1 7:1:2 9:2:2"
WO_MO,12,24,"12:0:2 12:1:2",12,1,2,4,12,0,1,7,4,"4:1:1 4:2:2 7:0:2 7:1:2"
WO_MO,12,24,"12:0:2 12:1:2",12,1,2,4,12,0,1,9,4,"2:2:2 4:1:1 7:1:2 9:0:2"
WO_MO,12,24,"12:0:2 12:1:2",12,1,2,5,5,2,2,2,4,"2:1:2 2:1:2 6:1:2 12:0:2"
WO_MO,12,24,"12:0:2 12:1:2",12,1,2,5,6,1,2,2,4,"2:2:2 3:1:2 5:1:1 12:0:2"
WO_MO,12,24,"12:0:2 12:1:2",12,1,2,5,12,0,1,2,4,"2:0:2 5:1:1 6:1:2 9:2:2"
WO_MO,12,24,"12:0:2 12:1:2",12,1,2,5,12,0,1,6,4,"5:1:1 5:2:2 6:0:2 6:1:2"
WO_MO,12,24,"12:0:2 12:1:2",12,1,2,5,12,0,1,9,4,"2:2:2 5:1:1 6:1:2 9:0:2"
WO_MO,12,24,"12:0:2 12:1:2",12,1,2,6,5,1,2,2,4,"2:1:2 2:2:2 6:1:1 12:0:2"
WO_MO,12,24,"12:0:2 12:1:2",12,1,2,6,6,2,2,2,4,"2:1:2 3:1:2 5:1:2 12:0:2"
WO_MO,12,24,"12:0:2 12:1:2",12,1,2,6,12,0,1,2,4,"2:0:2 5:1:2 6:1:1 9:2:2"
WO_MO,12,24,"12:0:2 12:1:2",12,1,2,6,12,0,1,5,4,"5:0:2 5:1:2 6:1:1 6:2:2"
WO_MO,12,24,"12:0:2 12:1:2",12,1,2,6,12,0,1,9,4,"2:2:2 5:1:2 6:1:1 9:0:2"
WO_MO,12,24,"12:0:2 12:1:2",12,1,2,7,4,1,2,2,4,"1:1:2 2:2:2 7:1:1 12:0:2"
WO_MO,12,24,"12:0:2 12:1:2",12,1,2,7,12,0,1,2,4,"2:0:2 4:1:2 7:1:1 9:2:2"
WO_MO,12,24,"12:0:2 12:1:2",12,1,2,7,12,0,1,4,4,"4:0:2 4:1:2 7:1:1 7:2:2"
WO_MO,12,24,"12:0:2 12:1:2",12,1,2,8,8,2,2,2,4,"2:1:2 3:1:2 5:1:2 12:0:2"
WO_MO,12,24,"12:0:2 12:1:2",12,1,2,8,12,0,1,2,4,"2:0:2 3:1:2 8:1:1 9:2:2"
WO_MO,12,24,"12:0:2 12:1:2",12,1,2,8,12,0,1,3,4,"3:0:2 3:1:2 8:1:1 8:2:2"
WO_MO,12,24,"12:0:2 12:1:2",12,1,2,8,12,0,1,6,4,"3:1:2 5:2:2 6:0:2 8:1:1"
WO_MO,12,24,"12:0:2 12:1:2",12,1,2,8,12,0,1,9,4,"2:2:2 3:1:2 8:1:1 9:0:2"
WO_MO,12,24,"12:0:2 12:1:2",12,1,2,9,9,2,2,2,4,"2:1:2 2:1:2 6:1:2 12:0:2"
WO_MO,12,24,"12:0:2 12:1:2",12,1,2,9,9,2,2,3,4,"2:1:2 3:1:2 5:1:2 12:0:2"
WO_MO,12,24,"12:0:2 12:1:2",12,1,2,9,12,0,1,2,4,"2:0:2 2:1:2 9:1:1 9:2:2"
WO_MO,12,24,"12:0:2 12:1:2",12,1,2,9,12,0,1,9,4,"2:1:2 2:2:2 9:0:2 9:1:1"
WO_MO,12,24,"12:0:2 12:1:2",12,1,2,10,12,0,1,1,4,"1:0:2 1:1:2 10:1:1 10:2:2"
WO_MO,12,24,"12:0:2 12:1:2",12,1,2,10,12,0,1,2,4,"1:1:2 2:0:2 9:2:2 10:1:1"
WO_PLUS_MO,12,25,"12:1:2 13:0:2",12,1,2,0,11,1,2,1,3,"1:2:2 9:1:2 13:0:2"
WO_PLUS_MO,12,25,"12:1:2 13:0:2",12,1,2,0,11,1,2,2,3,"2:2:2 8:1:2 13:0:2"
WO_PLUS_MO,12,25,"12:1:2 13:0:2",12,1,2,0,11,1,2,3,3,"3:2:2 7:1:2 13:0:2"
WO_PLUS_MO,12,25,"12:1:2 13:0:2",12,1,2,0,11,1,2,4,3,"4:2:2 6:1:2 13:0:2"
WO_PLUS_MO,12,25,"12:1:2 13:0:2",12,1,2,0,11,1,2,5,3,"5:1:2 5:2:2 13:0:2"
WO_PLUS_MO,12,25,"12:1:2 13:0:2",12,1,2,0,11,1,2,6,3,"4:1:2 6:2:2 13:0:2"
WO_PLUS_MO,12,25,"12:1:2 13:0:2",12,1,2,0,11,1,2,7,3,"3:1:2 7:2:2 13:0:2"
WO_PLUS_MO,12,25,"12:1:2 13:0:2",12,1,2,0,11,1,2,8,3,"2:1:2 8:2:2 13:0:2"
WO_PLUS_MO,12,25,"12:1:2 13:0:2",12,1,2,0,11,1,2,9,3,"1:1:2 9:2:2 13:0:2"
WO_PLUS_MO,12,25,"12:1:2 13:0:2",12,1,2,0,13,0,1,1,3,"1:0:2 11:1:2 11:2:2"
WO_PLUS_MO,12,25,"12:1:2 13:0:2",12,1,2,0,13,0,1,2,3,"2:0:2 10:2:2 11:1:2"
WO_PLUS_MO,12,25,"12:1:2 13:0:2",12,1,2,0,13,0,1,3,3,"3:0:2 9:2:2 11:1:2"
WO_PLUS_MO,12,25,"12:1:2 13:0:2",12,1,2,0,13,0,1,4,3,"4:0:2 8:2:2 11:1:2"
WO_PLUS_MO,12,25,"12:1:2 13:0:2",12,1,2,0,13,0,1,5,3,"5:0:2 7:2:2 11:1:2"
WO_PLUS_MO,12,25,"12:1:2 13:0:2",12,1,2,0,13,0,1,6,3,"6:0:2 6:2:2 11:1:2"
WO_PLUS_MO,12,25,"12:1:2 13:0:2",12,1,2,0,13,0,1,7,3,"5:2:2 7:0:2 11:1:2"
WO_PLUS_MO,12,25,"12:1:2 13:0:2",12,1,2,0,13,0,1,8,3,"4:2:2 8:0:2 11:1:2"
WO_PLUS_MO,12,25,"12:1:2 13:0:2",12,1,2,0,13,0,1,9,3,"3:2:2 9:0:2 11:1:2"
WO_PLUS_MO,12,25,"12:1:2 13:0:2",12,1,2,0,13,0,1,10,3,"2:2:2 10:0:2 11:1:2"
WO_PLUS_MO,12,25,"12:1:2 13:0:2",12,1,2,0,13,0,1,11,3,"1:2:2 11:0:2 11:1:2"
WO_PLUS_MO,12,25,"12:1:2 13:0:2",12,1,2,0,13,0,1,12,2,"11:1:2 12:0:2"
WO_PLUS_MO,12,25,"12:1:2 13:0:2",12,1,2,1,10,1,2,2,4,"1:1:1 2:2:2 7:1:2 13:0:2"
WO_PLUS_MO,12,25,"12:1:2 13:0:2",12,1,2,1,10,1,2,4,4,"1:1:1 4:2:2 5:1:2 13:0:2"
WO_PLUS_MO,12,25,"12:1:2 13:0:2",12,1,2,1,10,1,2,5,4,"1:1:1 4:1:2 5:2:2 13:0:2"
WO_PLUS_MO,12,25,"12:1:2 13:0:2",12,1,2,1,10,1,2,6,4,"1:1:1 3:1:2 6:2:2 13:0:2"
WO_PLUS_MO,12,25,"12:1:2 13:0:2",12,1,2,1,10,1,2,7,4,"1:1:1 2:1:2 7:2:2 13:0:2"
WO_PLUS_MO,12,25,"12:1:2 13:0:2",12,1,2,1,10,1,2,8,4,"1:1:1 1:1:2 8:2:2 13:0:2"
WO_PLUS_MO,12,25,"12:1:2 13:0:2",12,1,2,1,13,0,1,2,4,"1:1:1 2:0:2 10:1:2 10:2:2"
WO_PLUS_MO,12,25,"12:1:2 13:0:2",12,1,2,1,13,0,1,3,4,"1:1:1 3:0:2 9:2:2 10:1:2"
WO_PLUS_MO,12,25,"12:1:2 13:0:2",12,1,2,1,13,0,1,4,4,"1:1:1 4:0:2 8:2:2 10:1:2"
WO_PLUS_MO,12,25,"12:1:2 13:0:2",12,1,2,1,13,0,1,5,4,"1:1:1 5:0:2 7:2:2 10:1:2"
WO_PLUS_MO,12,25,"12:1:2 13:0:2",12,1,2,1,13,0,1,6,4,"1:1:1 6:0:2 6:2:2 10:1:2"
WO_PLUS_MO,12,25,"12:1:2 13:0:2",12,1,2,1,13,0,1,7,4,"1:1:1 5:2:2 7:0:2 10:1:2"
WO_PLUS_MO,12,25,"12:1:2 13:0:2",12,1,2,1,13,0,1,8,4,"1:1:1 4:2:2 8:0:2 10:1:2"
WO_PLUS_MO,12,25,"12:1:2 13:0:2",12,1,2,1,13,0,1,10,4,"1:1:1 2:2:2 10:0:2 10:1:2"
WO_PLUS_MO,12,25,"12:1:2 13:0:2",12,1,2,1,13,0,1,11,4,"1:1:1 1:2:2 10:1:2 11:0:2"
WO_PLUS_MO,12,25,"12:1:2 13:0:2",12,1,2,2,9,1,2,2,4,"2:1:1 2:2:2 6:1:2 13:0:2"
WO_PLUS_MO,12,25,"12:1:2 13:0:2",12,1,2,2,13,0,1,10,4,"2:1:1 2:2:2 9:1:2 10:0:2"
WO_PLUS_MO,12,25,"12:1:2 13:0:2",12,1,2,3,8,1,2,2,4,"2:2:2 3:1:1 5:1:2 13:0:2"
WO_PLUS_MO,12,25,"12:1:2 13:0:2",12,1,2,3,8,1,2,4,4,"3:1:1 3:1:2 4:2:2 13:0:2"
WO_PLUS_MO,12,25,"12:1:2 13:0:2",12,1,2,3,8,1,2,5,4,"2:1:2 3:1:1 5:2:2 13:0:2"
WO_PLUS_MO,12,25,"12:1:2 13:0:2",12,1,2,3,8,1,2,6,4,"1:1:2 3:1:1 6:2:2 13:0:2"
WO_PLUS_MO,12,25,"12:1:2 13:0:2",12,1,2,3,13,0,1,2,4,"2:0:2 3:1:1 8:1:2 10:2:2"
WO_PLUS_MO,12,25,"12:1:2 13:0:2",12,1,2,3,13,0,1,3,4,"3:0:2 3:1:1 8:1:2 9:2:2"
WO_PLUS_MO,12,25,"12:1:2 13:0:2",12,1,2,3,13,0,1,4,4,"3:1:1 4:0:2 8:1:2 8:2:2"
WO_PLUS_MO,12,25,"12:1:2 13:0:2",12,1,2,3,13,0,1,5,4,"3:1:1 5:0:2 7:2:2 8:1:2"
WO_PLUS_MO,12,25,"12:1:2 13:0:2",12,1,2,3,13,0,1,6,4,"3:1:1 6:0:2 6:2:2 8:1:2"
WO_PLUS_MO,12,25,"12:1:2 13:0:2",12,1,2,3,13,0,1,7,4,"3:1:1 5:2:2 7:0:2 8:1:2"
WO_PLUS_MO,12,25,"12:1:2 13:0:2",12,1,2,3,13,0,1,8,4,"3:1:1 4:2:2 8:0:2 8:1:2"
WO_PLUS_MO,12,25,"12:1:2 13:0:2",12,1,2,3,13,0,1,9,4,"3:1:1 3:2:2 8:1:2 9:0:2"
WO_PLUS_MO,12,25,"12:1:2 13:0:2",12,1,2,3,13,0,1,10,4,"2:2:2 3:1:1 8:1:2 10:0:2"
WO_PLUS_MO,12,25,"12:1:2 13:0:2",12,1,2,4,7,1,2,2,4,"2:2:2 4:1:1 4:1:2 13:0:2"
WO_PLUS_MO,12,25,"12:1:2 13:0:2",12,1,2,4,7,1,2,5,4,"1:1:2 4:1:1 5:2:2 13:0:2"
WO_PLUS_MO,12,25,"12:1:2 13:0:2",12,1,2,4,13,0,1,3,4,"3:0:2 4:1:1 7:1:2 9:2:2"
WO_PLUS_MO,12,25,"12:1:2 13:0:2",12,1,2,4,13,0,1,5,4,"4:1:1 5:0:2 7:1:2 7:2:2"
WO_PLUS_MO,12,25,"12:1:2 13:0:2",12,1,2,4,13,0,1,8,4,"4:1:1 4:2:2 7:1:2 8:0:2"
WO_PLUS_MO,12,25,"12:1:2 13:0:2",12,1,2,4,13,0,1,10,4,"2:2:2 4:1:1 7:1:2 10:0:2"
WO_PLUS_MO,12,25,"12:1:2 13:0:2",12,1,2,5,5,2,2,2,4,"2:1:2 2:1:2 6:1:2 13:0:2"
WO_PLUS_MO,12,25,"12:1:2 13:0:2",12,1,2,5,6,1,2,2,4,"2:2:2 3:1:2 5:1:1 13:0:2"
WO_PLUS_MO,12,25,"12:1:2 13:0:2",12,1,2,5,13,0,1,7,4,"5:1:1 5:2:2 6:1:2 7:0:2"
WO_PLUS_MO,12,25,"12:1:2 13:0:2",12,1,2,5,13,0,1,10,4,"2:2:2 5:1:1 6:1:2 10:0:2"
WO_PLUS_MO,12,25,"12:1:2 13:0:2",12,1,2,6,5,1,2,2,4,"2:1:2 2:2:2 6:1:1 13:0:2"
WO_PLUS_MO,12,25,"12:1:2 13:0:2",12,1,2,6,6,2,2,2,4,"2:1:2 3:1:2 5:1:2 13:0:2"
WO_PLUS_MO,12,25,"12:1:2 13:0:2",12,1,2,6,13,0,1,3,4,"3:0:2 5:1:2 6:1:1 9:2:2"
WO_PLUS_MO,12,25,"12:1:2 13:0:2",12,1,2,6,13,0,1,5,4,"5:0:2 5:1:2 6:1:1 7:2:2"
WO_PLUS_MO,12,25,"12:1:2 13:0:2",12,1,2,6,13,0,1,6,4,"5:1:2 6:0:2 6:1:1 6:2:2"
WO_PLUS_MO,12,25,"12:1:2 13:0:2",12,1,2,6,13,0,1,8,4,"4:2:2 5:1:2 6:1:1 8:0:2"
WO_PLUS_MO,12,25,"12:1:2 13:0:2",12,1,2,6,13,0,1,10,4,"2:2:2 5:1:2 6:1:1 10:0:2"
WO_PLUS_MO,12,25,"12:1:2 13:0:2",12,1,2,7,4,1,2,2,4,"1:1:2 2:2:2 7:1:1 13:0:2"
WO_PLUS_MO,12,25,"12:1:2 13:0:2",12,1,2,7,13,0,1,5,4,"4:1:2 5:0:2 7:1:1 7:2:2"
WO_PLUS_MO,12,25,"12:1:2 13:0:2",12,1,2,7,13,0,1,7,4,"4:1:2 5:2:2 7:0:2 7:1:1"
WO_PLUS_MO,12,25,"12:1:2 13:0:2",12,1,2,7,13,0,1,8,4,"4:1:2 4:2:2 7:1:1 8:0:2"
WO_PLUS_MO,12,25,"12:1:2 13:0:2",12,1,2,7,13,0,1,10,4,"2:2:2 4:1:2 7:1:1 10:0:2"
WO_PLUS_MO,12,25,"12:1:2 13:0:2",12,1,2,8,8,2,2,2,4,"2:1:2 3:1:2 5:1:2 13:0:2"
WO_PLUS_MO,12,25,"12:1:2 13:0:2",12,1,2,8,13,0,1,4,4,"3:1:2 4:0:2 8:1:1 8:2:2"
WO_PLUS_MO,12,25,"12:1:2 13:0:2",12,1,2,8,13,0,1,7,4,"3:1:2 5:2:2 7:0:2 8:1:1"
WO_PLUS_MO,12,25,"12:1:2 13:0:2",12,1,2,8,13,0,1,10,4,"2:2:2 3:1:2 8:1:1 10:0:2"
WO_PLUS_MO,12,25,"12:1:2 13:0:2",12,1,2,9,9,2,2,2,4,"2:1:2 2:1:2 6:1:2 13:0:2"
WO_PLUS_MO,12,25,"12:1:2 13:0:2",12,1,2,9,9,2,2,3,4,"2:1:2 3:1:2 5:1:2 13:0:2"
WO_PLUS_MO,12,25,"12:1:2 13:0:2",12,1,2,9,13,0,1,3,4,"2:1:2 3:0:2 9:1:1 9:2:2"
WO_PLUS_MO,12,25,"12:1:2 13:0:2",12,1,2,9,13,0,1,10,4,"2:1:2 2:2:2 9:1:1 10:0:2"
WO_PLUS_MO,12,25,"12:1:2 13:0:2",12,1,2,10,13,0,1,2,4,"1:1:2 2:0:2 10:1:1 10:2:2"
WO_PLUS_MO,12,25,"12:1:2 13:0:2",12,1,2,10,13,0,1,5,4,"1:1:2 5:0:2 7:2:2 10:1:1"
WO_PLUS_MO,12,25,"12:1:2 13:0:2",12,1,2,10,13,0,1,7,4,"1:1:2 5:2:2 7:0:2 10:1:1"
WO_PLUS_MO,12,25,"12:1:2 13:0:2",12,1,2,10,13,0,1,8,4,"1:1:2 4:2:2 8:0:2 10:1:1"
WO_PLUS_MO,12,25,"12:1:2 13:0:2",12,1,2,10,13,0,1,10,4,"1:1:2 2:2:2 10:0:2 10:1:1"
WO_PLUS_MO,12,25,"12:1:2 13:0:2",13,0,2,1,11,1,2,2,4,"1:0:1 2:2:2 8:1:2 12:1:2"
WO_PLUS_MO,12,25,"12:1:2 13:0:2",13,0,2,1,11,1,2,3,4,"1:0:1 3:2:2 7:1:2 12:1:2"
WO_PLUS_MO,12,25,"12:1:2 13:0:2",13,0,2,1,11,1,2,4,4,"1:0:1 4:2:2 6:1:2 12:1:2"
WO_PLUS_MO,12,25,"12:1:2 13:0:2",13,0,2,1,11,1,2,5,4,"1:0:1 5:1:2 5:2:2 12:1:2"
WO_PLUS_MO,12,25,"12:1:2 13:0:2",13,0,2,1,11,1,2,6,4,"1:0:1 4:1:2 6:2:2 12:1:2"
WO_PLUS_MO,12,25,"12:1:2 13:0:2",13,0,2,1,11,1,2,7,4,"1:0:1 3:1:2 7:2:2 12:1:2"
WO_PLUS_MO,12,25,"12:1:2 13:0:2",13,0,2,1,11,1,2,8,4,"1:0:1 2:1:2 8:2:2 12:1:2"
WO_PLUS_MO,12,25,"12:1:2 13:0:2",13,0,2,1,11,1,2,9,4,"1:0:1 1:1:2 9:2:2 12:1:2"
WO_PLUS_MO,12,25,"12:1:2 13:0:2",13,0,2,1,12,1,2,0,3,"1:0:1 11:1:2 11:1:2"
WO_PLUS_MO,12,25,"12:1:2 13:0:2",13,0,2,1,12,1,2,1,4,"1:0:1 1:2:2 10:1:2 11:1:2"
WO_PLUS_MO,12,25,"12:1:2 13:0:2",13,0,2,1,12,1,2,2,4,"1:0:1 2:2:2 9:1:2 11:1:2"
WO_PLUS_MO,12,25,"12:1:2 13:0:2",13,0,2,1,12,1,2,3,4,"1:0:1 3:2:2 8:1:2 11:1:2"
WO_PLUS_MO,12,25,"12:1:2 13:0:2",13,0,2,1,12,1,2,4,4,"1:0:1 4:2:2 7:1:2 11:1:2"
WO_PLUS_MO,12,25,"12:1:2 13:0:2",13,0,2,1,12,1,2,5,4,"1:0:1 5:2:2 6:1:2 11:1:2"
WO_PLUS_MO,12,25,"12:1:2 13:0:2",13,0,2,1,12,1,2,6,4,"1:0:1 5:1:2 6:2:2 11:1:2"
WO_PLUS_MO,12,25,"12:1:2 13:0:2",13,0,2,1,12,1,2,7,4,"1:0:1 4:1:2 7:2:2 11:1:2"
WO_PLUS_MO,12,25,"12:1:2 13:0:2",13,0,2,1,12,1,2,8,4,"1:0:1 3:1:2 8:2:2 11:1:2"
WO_PLUS_MO,12,25,"12:1:2 13:0:2",13,0,2,1,12,1,2,9,4,"1:0:1 2:1:2 9:2:2 11:1:2"
WO_PLUS_MO,12,25,"12:1:2 13:0:2",13,0,2,1,12,1,2,10,4,"1:0:1 1:1:2 10:2:2 11:1:2"
WO_PLUS_MO,12,25,"12:1:2 13:0:2",13,0,2,2,10,1,2,2,4,"2:0:1 2:2:2 7:1:2 12:1:2"
WO_PLUS_MO,12,25,"12:1:2 13:0:2",13,0,2,2,10,1,2,4,4,"2:0:1 4:2:2 5:1:2 12:1:2"
WO_PLUS_MO,12,25,"12:1:2 13:0:2",13,0,2,2,10,1,2,5,4,"2:0:1 4:1:2 5:2:2 12:1:2"
WO_PLUS_MO,12,25,"12:1:2 13:0:2",13,0,2,2,10,1,2,7,4,"2:0:1 2:1:2 7:2:2 12:1:2"
WO_PLUS_MO,12,25,"12:1:2 13:0:2",13,0,2,2,10,1,2,8,4,"1:1:2 2:0:1 8:2:2 12:1:2"
WO_PLUS_MO,12,25,"12:1:2 13:0:2",13,0,2,2,12,1,2,1,4,"1:2:2 2:0:1 10:1:2 10:1:2"
WO_PLUS_MO,12,25,"12:1:2 13:0:2",13,0,2,2,12,1,2,2,4,"2:0:1 2:2:2 9:1:2 10:1:2"
WO_PLUS_MO,12,25,"12:1:2 13:0:2",13,0,2,2,12,1,2,4,4,"2:0:1 4:2:2 7:1:2 10:1:2"
WO_PLUS_MO,12,25,"12:1:2 13:0:2",13,0,2,2,12,1,2,5,4,"2:0:1 5:2:2 6:1:2 10:1:2"
WO_PLUS_MO,12,25,"12:1:2 13:0:2",13,0,2,2,12,1,2,6,4,"2:0:1 5:1:2 6:2:2 10:1:2"
WO_PLUS_MO,12,25,"12:1:2 13:0:2",13,0,2,2,12,1,2,7,4,"2:0:1 4:1:2 7:2:2 10:1:2"
WO_PLUS_MO,12,25,"12:1:2 13:0:2",13,0,2,2,12,1,2,8,4,"2:0:1 3:1:2 8:2:2 10:1:2"
WO_PLUS_MO,12,25,"12:1:2 13:0:2",13,0,2,2,12,1,2,9,4,"2:0:1 2:1:2 9:2:2 10:1:2"
WO_PLUS_MO,12,25,"12:1:2 13:0:2",13,0,2,2,12,1,2,10,4,"1:1:2 2:0:1 10:1:2 10:2:2"
WO_PLUS_MO,12,25,"12:1:2 13:0:2",13,0,2,3,9,1,2,2,4,"2:2:2 3:0:1 6:1:2 12:1:2"
WO_PLUS_MO,12,25,"12:1:2 13:0:2",13,0,2,3,9,1,2,4,4,"3:0:1 4:1:2 4:2:2 12:1:2"
WO_PLUS_MO,12,25,"12:1:2 13:0:2",13,0,2,3,9,1,2,5,4,"3:0:1 3:1:2 5:2:2 12:1:2"
WO_PLUS_MO,12,25,"12:1:2 13:0:2",13,0,2,3,9,1,2,6,4,"2:1:2 3:0:1 6:2:2 12:1:2"
WO_PLUS_MO,12,25,"12:1:2 13:0:2",13,0,2,3,9,1,2,7,4,"1:1:2 3:0:1 7:2:2 12:1:2"
WO_PLUS_MO,12,25,"12:1:2 13:0:2",13,0,2,3,12,1,2,2,4,"2:2:2 3:0:1 9:1:2 9:1:2"
WO_PLUS_MO,12,25,"12:1:2 13:0:2",13,0,2,3,12,1,2,4,4,"3:0:1 4:2:2 7:1:2 9:1:2"
WO_PLUS_MO,12,25,"12:1:2 13:0:2",13,0,2,3,12,1,2,5,4,"3:0:1 5:2:2 6:1:2 9:1:2"
WO_PLUS_MO,12,25,"12:1:2 13:0:2",13,0,2,3,12,1,2,6,4,"3:0:1 5:1:2 6:2:2 9:1:2"
WO_PLUS_MO,12,25,"12:1:2 13:0:2",13,0,2,3,12,1,2,7,4,"3:0:1 4:1:2 7:2:2 9:1:2"
WO_PLUS_MO,12,25,"12:1:2 13:0:2",13,0,2,3,12,1,2,8,4,"3:0:1 3:1:2 8:2:2 9:1:2"
WO_PLUS_MO,12,25,"12:1:2 13:0:2",13,0,2,3,12,1,2,9,4,"2:1:2 3:0:1 9:1:2 9:2:2"
WO_PLUS_MO,12,25,"12:1:2 13:0:2",13,0,2,3,12,1,2,10,4,"1:1:2 3:0:1 9:1:2 10:2:2"
WO_PLUS_MO,12,25,"12:1:2 13:0:2",13,0,2,4,8,1,2,2,4,"2:2:2 4:0:1 5:1:2 12:1:2"
WO_PLUS_MO,12,25,"12:1:2 13:0:2",13,0,2,4,8,1,2,5,4,"2:1:2 4:0:1 5:2:2 12:1:2"
WO_PLUS_MO,12,25,"12:1:2 13:0:2",13,0,2,4,12,1,2,2,4,"2:2:2 4:0:1 8:1:2 9:1:2"
WO_PLUS_MO,12,25,"12:1:2 13:0:2",13,0,2,4,12,1,2,3,4,"3:2:2 4:0:1 8:1:2 8:1:2"
WO_PLUS_MO,12,25,"12:1:2 13:0:2",13,0,2,4,12,1,2,4,4,"4:0:1 4:2:2 7:1:2 8:1:2"
WO_PLUS_MO,12,25,"12:1:2 13:0:2",13,0,2,4,12,1,2,5,4,"4:0:1 5:2:2 6:1:2 8:1:2"
WO_PLUS_MO,12,25,"12:1:2 13:0:2",13,0,2,4,12,1,2,6,4,"4:0:1 5:1:2 6:2:2 8:1:2"
WO_PLUS_MO,12,25,"12:1:2 13:0:2",13,0,2,4,12,1,2,7,4,"4:0:1 4:1:2 7:2:2 8:1:2"
WO_PLUS_MO,12,25,"12:1:2 13:0:2",13,0,2,4,12,1,2,8,4,"3:1:2 4:0:1 8:1:2 8:2:2"
WO_PLUS_MO,12,25,"12:1:2 13:0:2",13,0,2,4,12,1,2,9,4,"2:1:2 4:0:1 8:1:2 9:2:2"
WO_PLUS_MO,12,25,"12:1:2 13:0:2",13,0,2,4,12,1,2,10,4,"1:1:2 4:0:1 8:1:2 10:2:2"
WO_PLUS_MO,12,25,"12:1:2 13:0:2",13,0,2,5,7,1,2,2,4,"2:2:2 4:1:2 5:0:1 12:1:2"
WO_PLUS_MO,12,25,"12:1:2 13:0:2",13,0,2,5,12,1,2,2,4,"2:2:2 5:0:1 7:1:2 9:1:2"
WO_PLUS_MO,12,25,"12:1:2 13:0:2",13,0,2,5,12,1,2,4,4,"4:2:2 5:0:1 7:1:2 7:1:2"
WO_PLUS_MO,12,25,"12:1:2 13:0:2",13,0,2,5,12,1,2,9,4,"2:1:2 5:0:1 7:1:2 9:2:2"
WO_PLUS_MO,12,25,"12:1:2 13:0:2",13,0,2,6,6,1,2,2,4,"2:2:2 3:1:2 6:0:1 12:1:2"
WO_PLUS_MO,12,25,"12:1:2 13:0:2",13,0,2,6,12,1,2,2,4,"2:2:2 6:0:1 6:1:2 9:1:2"
WO_PLUS_MO,12,25,"12:1:2 13:0:2",13,0,2,6,12,1,2,5,4,"5:2:2 6:0:1 6:1:2 6:1:2"
WO_PLUS_MO,12,25,"12:1:2 13:0:2",13,0,2,6,12,1,2,6,4,"5:1:2 6:0:1 6:1:2 6:2:2"
WO_PLUS_MO,12,25,"12:1:2 13:0:2",13,0,2,6,12,1,2,7,4,"4:1:2 6:0:1 6:1:2 7:2:2"
WO_PLUS_MO,12,25,"12:1:2 13:0:2",13,0,2,6,12,1,2,8,4,"3:1:2 6:0:1 6:1:2 8:2:2"
WO_PLUS_MO,12,25,"12:1:2 13:0:2",13,0,2,6,12,1,2,9,4,"2:1:2 6:0:1 6:1:2 9:2:2"
WO_PLUS_MO,12,25,"12:1:2 13:0:2",13,0,2,6,12,1,2,10,4,"1:1:2 6:0:1 6:1:2 10:2:2"
WO_PLUS_MO,12,25,"12:1:2 13:0:2",13,0,2,7,5,1,2,2,4,"2:1:2 2:2:2 7:0:1 12:1:2"
WO_PLUS_MO,12,25,"12:1:2 13:0:2",13,0,2,7,7,0,2,5,4,"1:1:2 5:0:2 5:1:2 12:1:2"
WO_PLUS_MO,12,25,"12:1:2 13:0:2",13,0,2,7,12,1,2,2,4,"2:2:2 5:1:2 7:0:1 9:1:2"
WO_PLUS_MO,12,25,"12:1:2 13:0:2",13,0,2,7,12,1,2,4,4,"4:2:2 5:1:2 7:0:1 7:1:2"
WO_PLUS_MO,12,25,"12:1:2 13:0:2",13,0,2,7,12,1,2,6,4,"5:1:2 5:1:2 6:2:2 7:0:1"
WO_PLUS_MO,12,25,"12:1:2 13:0:2",13,0,2,7,12,1,2,9,4,"2:1:2 5:1:2 7:0:1 9:2:2"
WO_PLUS_MO,12,25,"12:1:2 13:0:2",13,0,2,8,4,1,2,2,4,"1:1:2 2:2:2 8:0:1 12:1:2"
WO_PLUS_MO,12,25,"12:1:2 13:0:2",13,0,2,8,8,0,2,5,4,"2:1:2 4:1:2 5:0:2 12:1:2"
WO_PLUS_MO,12,25,"12:1:2 13:0:2",13,0,2,8,12,1,2,2,4,"2:2:2 4:1:2 8:0:1 9:1:2"
WO_PLUS_MO,12,25,"12:1:2 13:0:2",13,0,2,8,12,1,2,4,4,"4:1:2 4:2:2 7:1:2 8:0:1"
WO_PLUS_MO,12,25,"12:1:2 13:0:2",13,0,2,8,12,1,2,5,4,"4:1:2 5:2:2 6:1:2 8:0:1"
WO_PLUS_MO,12,25,"12:1:2 13:0:2",13,0,2,8,12,1,2,7,4,"4:1:2 4:1:2 7:2:2 8:0:1"
WO_PLUS_MO,12,25,"12:1:2 13:0:2",13,0,2,8,12,1,2,9,4,"2:1:2 4:1:2 8:0:1 9:2:2"
WO_PLUS_MO,12,25,"12:1:2 13:0:2",13,0,2,9,12,1,2,2,4,"2:2:2 3:1:2 9:0:1 9:1:2"
WO_PLUS_MO,12,25,"12:1:2 13:0:2",13,0,2,9,12,1,2,5,4,"3:1:2 5:2:2 6:1:2 9:0:1"
WO_PLUS_MO,12,25,"12:1:2 13:0:2",13,0,2,9,12,1,2,8,4,"3:1:2 3:1:2 8:2:2 9:0:1"
WO_PLUS_MO,12,25,"12:1:2 13:0:2",13,0,2,10,10,0,2,5,4,"2:1:2 4:1:2 5:0:2 12:1:2"
WO_PLUS_MO,12,25,"12:1:2 13:0:2",13,0,2,10,10,0,2,7,4,"2:1:2 2:1:2 7:0:2 12:1:2"
WO_PLUS_MO,12,25,"12:1:2 13:0:2",13,0,2,10,10,0,2,8,4,"1:1:2 2:1:2 8:0:2 12:1:2"
WO_PLUS_MO,12,25,"12:1:2 13:0:2",13,0,2,10,12,1,2,2,4,"2:1:2 2:2:2 9:1:2 10:0:1"
WO_PLUS_MO,12,25,"12:1:2 13:0:2",13,0,2,10,12,1,2,4,4,"2:1:2 4:2:2 7:1:2 10:0:1"
WO_PLUS_MO,12,25,"12:1:2 13:0:2",13,0,2,10,12,1,2,9,4,"2:1:2 2:1:2 9:2:2 10:0:1"
WO_PLUS_MO,12,25,"12:1:2 13:0:2",13,0,2,11,11,0,2,5,4,"1:1:2 5:0:2 5:1:2 12:1:2"
WO_PLUS_MO,12,25,"12:1:2 13:0:2",13,0,2,11,11,0,2,8,4,"1:1:2 2:1:2 8:0:2 12:1:2"
WO_PLUS_MO,12,25,"12:1:2 13:0:2",13,0,2,11,12,1,2,2,4,"1:1:2 2:2:2 9:1:2 11:0:1"
WO_PLUS_MO,12,25,"12:1:2 13:0:2",13,0,2,11,12,1,2,4,4,"1:1:2 4:2:2 7:1:2 11:0:1"
WO_PLUS_MO,12,25,"12:1:2 13:0:2",13,0,2,11,12,1,2,5,4,"1:1:2 5:2:2 6:1:2 11:0:1"
WO_PLUS_MO,12,25,"12:1:2 13:0:2",13,0,2,11,12,1,2,8,4,"1:1:2 3:1:2 8:2:2 11:0:1"
WO_PLUS_MO,12,25,"12:1:2 13:0:2",13,0,2,11,12,1,2,9,4,"1:1:2 2:1:2 9:2:2 11:0:1"
WO_PLUS_MO,12,25,"12:1:2 13:0:2",13,0,2,11,12,1,2,10,4,"1:1:2 1:1:2 10:2:2 11:0:1"
MO_MO,13,26,"13:1:2 13:1:2",13,1,2,0,12,1,2,2,3,"2:2:2 9:1:2 13:1:2"
MO_MO,13,26,"13:1:2 13:1:2",13,1,2,0,12,1,2,3,3,"3:2:2 8:1:2 13:1:2"
MO_MO,13,26,"13:1:2 13:1:2",13,1,2,0,12,1,2,4,3,"4:2:2 7:1:2 13:1:2"
MO_MO,13,26,"13:1:2 13:1:2",13,1,2,0,12,1,2,5,3,"5:2:2 6:1:2 13:1:2"
MO_MO,13,26,"13:1:2 13:1:2",13,1,2,0,12,1,2,6,3,"5:1:2 6:2:2 13:1:2"
MO_MO,13,26,"13:1:2 13:1:2",13,1,2,0,12,1,2,7,3,"4:1:2 7:2:2 13:1:2"
MO_MO,13,26,"13:1:2 13:1:2",13,1,2,0,12,1,2,8,3,"3:1:2 8:2:2 13:1:2"
MO_MO,13,26,"13:1:2 13:1:2",13,1,2,0,12,1,2,9,3,"2:1:2 9:2:2 13:1:2"
MO_MO,13,26,"13:1:2 13:1:2",13,1,2,0,12,1,2,10,3,"1:1:2 10:2:2 13:1:2"
MO_MO,13,26,"13:1:2 13:1:2",13,1,2,0,13,1,2,0,2,"12:1:2 12:1:2"
MO_MO,13,26,"13:1:2 13:1:2",13,1,2,0,13,1,2,1,3,"1:2:2 11:1:2 12:1:2"
MO_MO,13,26,"13:1:2 13:1:2",13,1,2,0,13,1,2,2,3,"2:2:2 10:1:2 12:1:2"
MO_MO,13,26,"13:1:2 13:1:2",13,1,2,0,13,1,2,3,3,"3:2:2 9:1:2 12:1:2"
MO_MO,13,26,"13:1:2 13:1:2",13,1,2,0,13,1,2,4,3,"4:2:2 8:1:2 12:1:2"
MO_MO,13,26,"13:1:2 13:1:2",13,1,2,0,13,1,2,5,3,"5:2:2 7:1:2 12:1:2"
MO_MO,13,26,"13:1:2 13:1:2",13,1,2,0,13,1,2,6,3,"6:1:2 6:2:2 12:1:2"
MO_MO,13,26,"13:1:2 13:1:2",13,1,2,0,13,1,2,7,3,"5:1:2 7:2:2 12:1:2"
MO_MO,13,26,"13:1:2 13:1:2",13,1,2,0,13,1,2,8,3,"4:1:2 8:2:2 12:1:2"
MO_MO,13,26,"13:1:2 13:1:2",13,1,2,0,13,1,2,9,3,"3:1:2 9:2:2 12:1:2"
MO_MO,13,26,"13:1:2 13:1:2",13,1,2,0,13,1,2,10,3,"2:1:2 10:2:2 12:1:2"
MO_MO,13,26,"13:1:2 13:1:2",13,1,2,0,13,1,2,11,3,"1:1:2 11:2:2 12:1:2"
MO_MO,13,26,"13:1:2 13:1:2",13,1,2,1,11,1,2,2,4,"1:1:1 2:2:2 8:1:2 13:1:2"
MO_MO,13,26,"13:1:2 13:1:2",13,1,2,1,11,1,2,5,4,"1:1:1 5:1:2 5:2:2 13:1:2"
MO_MO,13,26,"13:1:2 13:1:2",13,1,2,1,11,1,2,7,4,"1:1:1 3:1:2 7:2:2 13:1:2"
MO_MO,13,26,"13:1:2 13:1:2",13,1,2,1,11,1,2,8,4,"1:1:1 2:1:2 8:2:2 13:1:2"
MO_MO,13,26,"13:1:2 13:1:2",13,1,2,1,11,1,2,9,4,"1:1:1 1:1:2 9:2:2 13:1:2"
MO_MO,13,26,"13:1:2 13:1:2",13,1,2,1,13,1,2,1,4,"1:1:1 1:2:2 11:1:2 11:1:2"
MO_MO,13,26,"13:1:2 13:1:2",13,1,2,1,13,1,2,2,4,"1:1:1 2:2:2 10:1:2 11:1:2"
MO_MO,13,26,"13:1:2 13:1:2",13,1,2,1,13,1,2,4,4,"1:1:1 4:2:2 8:1:2 11:1:2"
MO_MO,13,26,"13:1:2 13:1:2",13,1,2,1,13,1,2,5,4,"1:1:1 5:2:2 7:1:2 11:1:2"
MO_MO,13,26,"13:1:2 13:1:2",13,1,2,1,13,1,2,7,4,"1:1:1 5:1:2 7:2:2 11:1:2"
MO_MO,13,26,"13:1:2 13:1:2",13,1,2,1,13,1,2,8,4,"1:1:1 4:1:2 8:2:2 11:1:2"
MO_MO,13,26,"13:1:2 13:1:2",13,1,2,1,13,1,2,9,4,"1:1:1 3:1:2 9:2:2 11:1:2"
MO_MO,13,26,"13:1:2 13:1:2",13,1,2,1,13,1,2,10,4,"1:1:1 2:1:2 10:2:2 11:1:2"
MO_MO,13,26,"13:1:2 13:1:2",13,1,2,1,13,1,2,11,4,"1:1:1 1:1:2 11:1:2 11:2:2"
MO_MO,13,26,"13:1:2 13:1:2",13,1,2,2,13,1,2,2,4,"2:1:1 2:2:2 10:1:2 10:1:2"
MO_MO,13,26,"13:1:2 13:1:2",13,1,2,3,9,1,2,2,4,"2:2:2 3:1:1 6:1:2 13:1:2"
MO_MO,13,26,"13:1:2 13:1:2",13,1,2,3,9,1,2,5,4,"3:1:1 3:1:2 5:2:2 13:1:2"
MO_MO,13,26,"13:1:2 13:1:2",13,1,2,3,9,1,2,6,4,"2:1:2 3:1:1 6:2:2 13:1:2"
MO_MO,13,26,"13:1:2 13:1:2",13,1,2,3,9,1,2,7,4,"1:1:2 3:1:1 7:2:2 13:1:2"
MO_MO,13,26,"13:1:2 13:1:2",13,1,2,3,13,1,2,2,4,"2:2:2 3:1:1 9:1:2 10:1:2"
MO_MO,13,26,"13:1:2 13:1:2",13,1,2,3,13,1,2,3,4,"3:1:1 3:2:2 9:1:2 9:1:2"
MO_MO,13,26,"13:1:2 13:1:2",13,1,2,3,13,1,2,6,4,"3:1:1 6:1:2 6:2:2 9:1:2"
MO_MO,13,26,"13:1:2 13:1:2",13,1,2,3,13,1,2,9,4,"3:1:1 3:1:2 9:1:2 9:2:2"
MO_MO,13,26,"13:1:2 13:1:2",13,1,2,4,13,1,2,2,4,"2:2:2 4:1:1 8:1:2 10:1:2"
MO_MO,13,26,"13:1:2 13:1:2",13,1,2,4,13,1,2,4,4,"4:1:1 4:2:2 8:1:2 8:1:2"
MO_MO,13,26,"13:1:2 13:1:2",13,1,2,5,13,1,2,2,4,"2:2:2 5:1:1 7:1:2 10:1:2"
MO_MO,13,26,"13:1:2 13:1:2",13,1,2,5,13,1,2,5,4,"5:1:1 5:2:2 7:1:2 7:1:2"
MO_MO,13,26,"13:1:2 13:1:2",13,1,2,6,6,1,2,2,4,"2:2:2 3:1:2 6:1:1 13:1:2"
MO_MO,13,26,"13:1:2 13:1:2",13,1,2,6,13,1,2,6,4,"6:1:1 6:1:2 6:1:2 6:2:2"
MO_MO,13,26,"13:1:2 13:1:2",13,1,2,6,13,1,2,9,4,"3:1:2 6:1:1 6:1:2 9:2:2"
MO_MO,13,26,"13:1:2 13:1:2",13,1,2,7,13,1,2,2,4,"2:2:2 5:1:2 7:1:1 10:1:2"
MO_MO,13,26,"13:1:2 13:1:2",13,1,2,7,13,1,2,7,4,"5:1:2 5:1:2 7:1:1 7:2:2"
MO_MO,13,26,"13:1:2 13:1:2",13,1,2,8,13,1,2,2,4,"2:2:2 4:1:2 8:1:1 10:1:2"
MO_MO,13,26,"13:1:2 13:1:2",13,1,2,8,13,1,2,5,4,"4:1:2 5:2:2 7:1:2 8:1:1"
MO_MO,13,26,"13:1:2 13:1:2",13,1,2,8,13,1,2,8,4,"4:1:2 4:1:2 8:1:1 8:2:2"
MO_MO,13,26,"13:1:2 13:1:2",13,1,2,9,13,1,2,9,4,"3:1:2 3:1:2 9:1:1 9:2:2"
MO_MO,13,26,"13:1:2 13:1:2",13,1,2,10,13,1,2,2,4,"2:1:2 2:2:2 10:1:1 10:1:2"
MO_MO,13,26,"13:1:2 13:1:2",13,1,2,10,13,1,2,10,4,"2:1:2 2:1:2 10:1:1 10:2:2"
MO_MO,13,26,"13:1:2 13:1:2",13,1,2,11,13,1,2,2,4,"1:1:2 2:2:2 10:1:2 11:1:1"
MO_MO,13,26,"13:1:2 13:1:2",13,1,2,11,13,1,2,5,4,"1:1:2 5:2:2 7:1:2 11:1:1"
MO_MO,13,26,"13:1:2 13:1:2",13,1,2,11,13,1,2,8,4,"1:1:2 4:1:2 8:2:2 11:1:1"
MO_MO,13,26,"13:1:2 13:1:2",13,1,2,11,13,1,2,11,4,"1:1:2 1:1:2 11:1:1 11:2:2"
OO_MM,13,26,"13:1:1 13:2:2",13,1,1,0,12,2,2,1,3,"1:1:2 10:1:2 13:2:2"
OO_MM,13,26,"13:1:1 13:2:2",13,1,1,0,12,2,2,2,3,"2:1:2 9:1:2 13:2:2"
OO_MM,13,26,"13:1:1 13:2:2",13,1,1,0,12,2,2,3,3,"3:1:2 8:1:2 13:2:2"
OO_MM,13,26,"13:1:1 13:2:2",13,1,1,0,12,2,2,4,3,"4:1:2 7:1:2 13:2:2"
OO_MM,13,26,"13:1:1 13:2:2",13,1,1,0,12,2,2,5,3,"5:1:2 6:1:2 13:2:2"
OO_MM,13,26,"13:1:1 13:2:2",13,1,1,0,13,1,1,0,2,"12:1:1 12:2:2"
OO_MM,13,26,"13:1:1 13:2:2",13,1,1,0,13,1,1,1,3,"1:2:2 11:2:2 12:1:1"
OO_MM,13,26,"13:1:1 13:2:2",13,1,1,0,13,1,1,2,3,"2:2:2 10:2:2 12:1:1"
OO_MM,13,26,"13:1:1 13:2:2",13,1,1,0,13,1,1,3,3,"3:2:2 9:2:2 12:1:1"
OO_MM,13,26,"13:1:1 13:2:2",13,1,1,0,13,1,1,4,3,"4:2:2 8:2:2 12:1:1"
OO_MM,13,26,"13:1:1 13:2:2",13,1,1,0,13,1,1,5,3,"5:2:2 7:2:2 12:1:1"
OO_MM,13,26,"13:1:1 13:2:2",13,1,1,0,13,1,1,6,3,"6:2:2 6:2:2 12:1:1"
OO_MM,13,26,"13:1:1 13:2:2",13,1,1,1,11,2,2,1,4,"1:1:1 1:1:2 9:1:2 13:2:2"
OO_MM,13,26,"13:1:1 13:2:2",13,1,1,1,11,2,2,3,4,"1:1:1 3:1:2 7:1:2 13:2:2"
OO_MM,13,26,"13:1:1 13:2:2",13,1,1,1,11,2,2,4,4,"1:1:1 4:1:2 6:1:2 13:2:2"
OO_MM,13,26,"13:1:1 13:2:2",13,1,1,1,13,1,1,1,4,"1:1:1 1:2:2 11:1:1 11:2:2"
OO_MM,13,26,"13:1:1 13:2:2",13,1,1,1,13,1,1,2,4,"1:1:1 2:2:2 10:2:2 11:1:1"
OO_MM,13,26,"13:1:1 13:2:2",13,1,1,1,13,1,1,4,4,"1:1:1 4:2:2 8:2:2 11:1:1"
OO_MM,13,26,"13:1:1 13:2:2",13,1,1,1,13,1,1,5,4,"1:1:1 5:2:2 7:2:2 11:1:1"
OO_MM,13,26,"13:1:1 13:2:2",13,1,1,2,13,1,1,2,4,"2:1:1 2:2:2 10:1:1 10:2:2"
OO_MM,13,26,"13:1:1 13:2:2",13,1,1,3,9,2,2,1,4,"1:1:2 3:1:1 7:1:2 13:2:2"
OO_MM,13,26,"13:1:1 13:2:2",13,1,1,3,9,2,2,2,4,"2:1:2 3:1:1 6:1:2 13:2:2"
OO_MM,13,26,"13:1:1 13:2:2",13,1,1,3,9,2,2,3,4,"3:1:1 3:1:2 5:1:2 13:2:2"
OO_MM,13,26,"13:1:1 13:2:2",13,1,1,3,9,2,2,4,4,"3:1:1 4:1:2 4:1:2 13:2:2"
OO_MM,13,26,"13:1:1 13:2:2",13,1,1,3,13,1,1,2,4,"2:2:2 3:1:1 9:1:1 10:2:2"
OO_MM,13,26,"13:1:1 13:2:2",13,1,1,3,13,1,1,3,4,"3:1:1 3:2:2 9:1:1 9:2:2"
OO_MM,13,26,"13:1:1 13:2:2",13,1,1,3,13,1,1,5,4,"3:1:1 5:2:2 7:2:2 9:1:1"
OO_MM,13,26,"13:1:1 13:2:2",13,1,1,3,13,1,1,6,4,"3:1:1 6:2:2 6:2:2 9:1:1"
OO_MM,13,26,"13:1:1 13:2:2",13,1,1,4,13,1,1,2,4,"2:2:2 4:1:1 8:1:1 10:2:2"
OO_MM,13,26,"13:1:1 13:2:2",13,1,1,4,13,1,1,4,4,"4:1:1 4:2:2 8:1:1 8:2:2"
OO_MM,13,26,"13:1:1 13:2:2",13,1,1,4,13,1,1,5,4,"4:1:1 5:2:2 7:2:2 8:1:1"
OO_MM,13,26,"13:1:1 13:2:2",13,1,1,5,13,1,1,2,4,"2:2:2 5:1:1 7:1:1 10:2:2"
OO_MM,13,26,"13:1:1 13:2:2",13,1,1,5,13,1,1,5,4,"5:1:1 5:2:2 7:1:1 7:2:2"
OO_MM,13,26,"13:1:1 13:2:2",13,1,1,6,13,1,1,6,4,"6:1:1 6:1:1 6:2:2 6:2:2"
OO_MM,13,26,"13:1:1 13:2:2",13,2,2,1,13,2,2,1,4,"1:1:2 1:1:2 11:1:2 11:1:2"
OO_MM,13,26,"13:1:1 13:2:2",13,2,2,2,13,2,2,2,4,"2:1:2 2:1:2 10:1:2 10:1:2"
OO_MM,13,26,"13:1:1 13:2:2",13,2,2,3,9,1,2,2,4,"2:2:2 3:1:2 6:1:2 13:1:1"
OO_MM,13,26,"13:1:1 13:2:2",13,2,2,3,13,2,2,3,4,"3:1:2 3:1:2 9:1:2 9:1:2"
OO_MM,13,26,"13:1:1 13:2:2",13,2,2,4,13,2,2,4,4,"4:1:2 4:1:2 8:1:2 8:1:2"
OO_MM,13,26,"13:1:1 13:2:2",13,2,2,5,13,2,2,5,4,"5:1:2 5:1:2 7:1:2 7:1:2"
OO_MM,13,26,"13:1:1 13:2:2",13,2,2,6,6,1,2,2,4,"2:2:2 3:1:2 6:1:2 13:1:1"
OO_MM,13,26,"13:1:1 13:2:2",13,2,2,6,13,2,2,6,4,"6:1:2 6:1:2 6:1:2 6:1:2"
OO_WM,13,26,"13:0:1 13:2:2",13,0,1,1,11,2,2,1,4,"1:0:1 1:1:2 9:1:2 13:2:2"
OO_WM,13,26,"13:0:1 13:2:2",13,0,1,1,11,2,2,3,4,"1:0:1 3:1:2 7:1:2 13:2:2"
OO_WM,13,26,"13:0:1 13:2:2",13,0,1,1,11,2,2,4,4,"1:0:1 4:1:2 6:1:2 13:2:2"
OO_WM,13,26,"13:0:1 13:2:2",13,0,1,1,13,1,1,1,4,"1:0:1 1:2:2 11:1:1 11:2:2"
OO_WM,13,26,"13:0:1 13:2:2",13,0,1,1,13,1,1,2,4,"1:0:1 2:2:2 10:2:2 11:1:1"
OO_WM,13,26,"13:0:1 13:2:2",13,0,1,1,13,1,1,4,4,"1:0:1 4:2:2 8:2:2 11:1:1"
OO_WM,13,26,"13:0:1 13:2:2",13,0,1,1,13,1,1,5,4,"1:0:1 5:2:2 7:2:2 11:1:1"
OO_WM,13,26,"13:0:1 13:2:2",13,0,1,2,13,1,1,2,4,"2:0:1 2:2:2 10:1:1 10:2:2"
OO_WM,13,26,"13:0:1 13:2:2",13,0,1,3,9,2,2,1,4,"1:1:2 3:0:1 7:1:2 13:2:2"
OO_WM,13,26,"13:0:1 13:2:2",13,0,1,3,9,2,2,2,4,"2:1:2 3:0:1 6:1:2 13:2:2"
OO_WM,13,26,"13:0:1 13:2:2",13,0,1,3,9,2,2,3,4,"3:0:1 3:1:2 5:1:2 13:2:2"
OO_WM,13,26,"13:0:1 13:2:2",13,0,1,3,9,2,2,4,4,"3:0:1 4:1:2 4:1:2 13:2:2"
OO_WM,13,26,"13:0:1 13:2:2",13,0,1,3,13,1,1,2,4,"2:2:2 3:0:1 9:1:1 10:2:2"
OO_WM,13,26,"13:0:1 13:2:2",13,0,1,3,13,1,1,3,4,"3:0:1 3:2:2 9:1:1 9:2:2"
OO_WM,13,26,"13:0:1 13:2:2",13,0,1,3,13,1,1,5,4,"3:0:1 5:2:2 7:2:2 9:1:1"
OO_WM,13,26,"13:0:1 13:2:2",13,0,1,3,13,1,1,6,4,"3:0:1 6:2:2 6:2:2 9:1:1"
OO_WM,13,26,"13:0:1 13:2:2",13,0,1,4,4,0,2,2,4,"1:1:2 2:0:2 8:1:1 13:2:2"
OO_WM,13,26,"13:0:1 13:2:2",13,0,1,4,8,2,2,1,4,"1:1:2 4:0:1 6:1:2 13:2:2"
OO_WM,13,26,"13:0:1 13:2:2",13,0,1,4,8,2,2,3,4,"3:1:2 4:0:1 4:1:2 13:2:2"
OO_WM,13,26,"13:0:1 13:2:2",13,0,1,4,13,1,1,2,4,"2:2:2 4:0:1 8:1:1 10:2:2"
OO_WM,13,26,"13:0:1 13:2:2",13,0,1,4,13,1,1,4,4,"4:0:1 4:2:2 8:1:1 8:2:2"
OO_WM,13,26,"13:0:1 13:2:2",13,0,1,4,13,1,1,5,4,"4:0:1 5:2:2 7:2:2 8:1:1"
OO_WM,13,26,"13:0:1 13:2:2",13,0,1,5,5,0,2,2,4,"2:0:2 2:1:2 7:1:1 13:2:2"
OO_WM,13,26,"13:0:1 13:2:2",13,0,1,5,13,1,1,2,4,"2:2:2 5:0:1 7:1:1 10:2:2"
OO_WM,13,26,"13:0:1 13:2:2",13,0,1,5,13,1,1,5,4,"5:0:1 5:2:2 7:1:1 7:2:2"
OO_WM,13,26,"13:0:1 13:2:2",13,0,1,6,6,0,2,2,4,"2:0:2 3:1:2 6:1:1 13:2:2"
OO_WM,13,26,"13:0:1 13:2:2",13,0,1,6,6,2,2,1,4,"1:1:2 4:1:2 6:0:1 13:2:2"
OO_WM,13,26,"13:0:1 13:2:2",13,0,1,6,6,2,2,2,4,"2:1:2 3:1:2 6:0:1 13:2:2"
OO_WM,13,26,"13:0:1 13:2:2",13,0,1,6,13,1,1,2,4,"2:2:2 6:0:1 6:1:1 10:2:2"
OO_WM,13,26,"13:0:1 13:2:2",13,0,1,6,13,1,1,3,4,"3:2:2 6:0:1 6:1:1 9:2:2"
OO_WM,13,26,"13:0:1 13:2:2",13,0,1,6,13,1,1,5,4,"5:2:2 6:0:1 6:1:1 7:2:2"
OO_WM,13,26,"13:0:1 13:2:2",13,0,1,6,13,1,1,6,4,"6:0:1 6:1:1 6:2:2 6:2:2"
OO_WM,13,26,"13:0:1 13:2:2",13,0,1,7,13,1,1,2,4,"2:2:2 5:1:1 7:0:1 10:2:2"
OO_WM,13,26,"13:0:1 13:2:2",13,0,1,7,13,1,1,5,4,"5:1:1 5:2:2 7:0:1 7:2:2"
OO_WM,13,26,"13:0:1 13:2:2",13,0,1,8,8,0,2,2,4,"2:0:2 4:1:1 5:1:2 13:2:2"
OO_WM,13,26,"13:0:1 13:2:2",13,0,1,8,13,1,1,2,4,"2:2:2 4:1:1 8:0:1 10:2:2"
OO_WM,13,26,"13:0:1 13:2:2",13,0,1,8,13,1,1,4,4,"4:1:1 4:2:2 8:0:1 8:2:2"
OO_WM,13,26,"13:0:1 13:2:2",13,0,1,8,13,1,1,5,4,"4:1:1 5:2:2 7:2:2 8:0:1"
OO_WM,13,26,"13:0:1 13:2:2",13,0,1,9,9,0,2,1,4,"1:0:2 3:1:1 7:1:2 13:2:2"
OO_WM,13,26,"13:0:1 13:2:2",13,0,1,9,9,0,2,2,4,"2:0:2 3:1:1 6:1:2 13:2:2"
OO_WM,13,26,"13:0:1 13:2:2",13,0,1,9,9,0,2,3,4,"3:0:2 3:1:1 5:1:2 13:2:2"
OO_WM,13,26,"13:0:1 13:2:2",13,0,1,9,9,0,2,4,4,"3:1:1 4:0:2 4:1:2 13:2:2"
OO_WM,13,26,"13:0:1 13:2:2",13,0,1,9,9,0,2,5,4,"3:1:1 3:1:2 5:0:2 13:2:2"
OO_WM,13,26,"13:0:1 13:2:2",13,0,1,9,9,0,2,6,4,"2:1:2 3:1:1 6:0:2 13:2:2"
OO_WM,13,26,"13:0:1 13:2:2",13,0,1,9,9,0,2,7,4,"1:1:2 3:1:1 7:0:2 13:2:2"
OO_WM,13,26,"13:0:1 13:2:2",13,0,1,9,13,1,1,2,4,"2:2:2 3:1:1 9:0:1 10:2:2"
OO_WM,13,26,"13:0:1 13:2:2",13,0,1,9,13,1,1,3,4,"3:1:1 3:2:2 9:0:1 9:2:2"
OO_WM,13,26,"13:0:1 13:2:2",13,0,1,9,13,1,1,5,4,"3:1:1 5:2:2 7:2:2 9:0:1"
OO_WM,13,26,"13:0:1 13:2:2",13,0,1,9,13,1,1,6,4,"3:1:1 6:2:2 6:2:2 9:0:1"
OO_WM,13,26,"13:0:1 13:2:2",13,0,1,10,13,1,1,2,4,"2:1:1 2:2:2 10:0:1 10:2:2"
OO_WM,13,26,"13:0:1 13:2:2",13,0,1,10,13,1,1,5,4,"2:1:1 5:2:2 7:2:2 10:0:1"
OO_WM,13,26,"13:0:1 13:2:2",13,0,1,11,11,0,2,1,4,"1:0:2 1:1:1 9:1:2 13:2:2"
OO_WM,13,26,"13:0:1 13:2:2",13,0,1,11,11,0,2,2,4,"1:1:1 2:0:2 8:1:2 13:2:2"
OO_WM,13,26,"13:0:1 13:2:2",13,0,1,11,11,0,2,3,4,"1:1:1 3:0:2 7:1:2 13:2:2"
OO_WM,13,26,"13:0:1 13:2:2",13,0,1,11,11,0,2,4,4,"1:1:1 4:0:2 6:1:2 13:2:2"
OO_WM,13,26,"13:0:1 13:2:2",13,0,1,11,11,0,2,6,4,"1:1:1 4:1:2 6:0:2 13:2:2"
OO_WM,13,26,"13:0:1 13:2:2",13,0,1,11,11,0,2,7,4,"1:1:1 3:1:2 7:0:2 13:2:2"
OO_WM,13,26,"13:0:1 13:2:2",13,0,1,11,11,0,2,9,4,"1:1:1 1:1:2 9:0:2 13:2:2"
OO_WM,13,26,"13:0:1 13:2:2",13,0,1,11,13,1,1,1,4,"1:1:1 1:2:2 11:0:1 11:2:2"
OO_WM,13,26,"13:0:1 13:2:2",13,0,1,11,13,1,1,2,4,"1:1:1 2:2:2 10:2:2 11:0:1"
OO_WM,13,26,"13:0:1 13:2:2",13,0,1,11,13,1,1,4,4,"1:1:1 4:2:2 8:2:2 11:0:1"
OO_WM,13,26,"13:0:1 13:2:2",13,0,1,11,13,1,1,5,4,"1:1:1 5:2:2 7:2:2 11:0:1"
OO_WM,13,26,"13:0:1 13:2:2",13,0,1,12,12,0,2,1,3,"1:0:2 10:1:2 13:2:2"
OO_WM,13,26,"13:0:1 13:2:2",13,0,1,12,12,0,2,2,3,"2:0:2 9:1:2 13:2:2"
OO_WM,13,26,"13:0:1 13:2:2",13,0,1,12,12,0,2,3,3,"3:0:2 8:1:2 13:2:2"
OO_WM,13,26,"13:0:1 13:2:2",13,0,1,12,12,0,2,4,3,"4:0:2 7:1:2 13:2:2"
OO_WM,13,26,"13:0:1 13:2:2",13,0,1,12,12,0,2,5,3,"5:0:2 6:1:2 13:2:2"
OO_WM,13,26,"13:0:1 13:2:2",13,0,1,12,12,0,2,6,3,"5:1:2 6:0:2 13:2:2"
OO_WM,13,26,"13:0:1 13:2:2",13,0,1,12,12,0,2,7,3,"4:1:2 7:0:2 13:2:2"
OO_WM,13,26,"13:0:1 13:2:2",13,0,1,12,12,0,2,8,3,"3:1:2 8:0:2 13:2:2"
OO_WM,13,26,"13:0:1 13:2:2",13,0,1,12,12,0,2,9,3,"2:1:2 9:0:2 13:2:2"
OO_WM,13,26,"13:0:1 13:2:2",13,0,1,12,12,0,2,10,3,"1:1:2 10:0:2 13:2:2"
OO_WM,13,26,"13:0:1 13:2:2",13,0,1,12,13,1,1,0,2,"12:0:1 12:2:2"
OO_WM,13,26,"13:0:1 13:2:2",13,0,1,12,13,1,1,1,3,"1:2:2 11:2:2 12:0:1"
OO_WM,13,26,"13:0:1 13:2:2",13,0,1,12,13,1,1,2,3,"2:2:2 10:2:2 12:0:1"
OO_WM,13,26,"13:0:1 13:2:2",13,0,1,12,13,1,1,3,3,"3:2:2 9:2:2 12:0:1"
OO_WM,13,26,"13:0:1 13:2:2",13,0,1,12,13,1,1,4,3,"4:2:2 8:2:2 12:0:1"
OO_WM,13,26,"13:0:1 13:2:2",13,0,1,12,13,1,1,5,3,"5:2:2 7:2:2 12:0:1"
OO_WM,13,26,"13:0:1 13:2:2",13,0,1,12,13,1,1,6,3,"6:2:2 6:2:2 12:0:1"
OO_WM,13,26,"13:0:1 13:2:2",13,2,2,1,11,1,2,2,4,"1:1:2 2:2:2 8:1:2 13:0:1"
OO_WM,13,26,"13:0:1 13:2:2",13,2,2,1,11,1,2,5,4,"1:1:2 5:1:2 5:2:2 13:0:1"
OO_WM,13,26,"13:0:1 13:2:2",13,2,2,1,13,0,2,1,4,"1:0:2 1:1:2 11:1:2 11:1:2"
OO_WM,13,26,"13:0:1 13:2:2",13,2,2,1,13,0,2,2,4,"1:1:2 2:0:2 10:1:2 11:1:2"
OO_WM,13,26,"13:0:1 13:2:2",13,2,2,1,13,0,2,11,4,"1:1:2 1:1:2 11:0:2 11:1:2"
OO_WM,13,26,"13:0:1 13:2:2",13,2,2,2,10,1,2,2,4,"2:1:2 2:2:2 7:1:2 13:0:1"
OO_WM,13,26,"13:0:1 13:2:2",13,2,2,2,10,1,2,5,4,"2:1:2 4:1:2 5:2:2 13:0:1"
OO_WM,13,26,"13:0:1 13:2:2",13,2,2,2,13,0,2,2,4,"2:0:2 2:1:2 10:1:2 10:1:2"
OO_WM,13,26,"13:0:1 13:2:2",13,2,2,2,13,0,2,5,4,"2:1:2 5:0:2 7:1:2 10:1:2"
OO_WM,13,26,"13:0:1 13:2:2",13,2,2,2,13,0,2,10,4,"2:1:2 2:1:2 10:0:2 10:1:2"
OO_WM,13,26,"13:0:1 13:2:2",13,2,2,3,9,1,2,2,4,"2:2:2 3:1:2 6:1:2 13:0:1"
OO_WM,13,26,"13:0:1 13:2:2",13,2,2,3,9,1,2,5,4,"3:1:2 3:1:2 5:2:2 13:0:1"
OO_WM,13,26,"13:0:1 13:2:2",13,2,2,3,13,0,2,2,4,"2:0:2 3:1:2 9:1:2 10:1:2"
OO_WM,13,26,"13:0:1 13:2:2",13,2,2,3,13,0,2,3,4,"3:0:2 3:1:2 9:1:2 9:1:2"
OO_WM,13,26,"13:0:1 13:2:2",13,2,2,3,13,0,2,9,4,"3:1:2 3:1:2 9:0:2 9:1:2"
OO_WM,13,26,"13:0:1 13:2:2",13,2,2,4,4,1,2,2,4,"1:1:2 2:2:2 8:1:2 13:0:1"
OO_WM,13,26,"13:0:1 13:2:2",13,2,2,4,8,1,2,2,4,"2:2:2 4:1:2 5:1:2 13:0:1"
OO_WM,13,26,"13:0:1 13:2:2",13,2,2,4,8,1,2,5,4,"2:1:2 4:1:2 5:2:2 13:0:1"
OO_WM,13,26,"13:0:1 13:2:2",13,2,2,4,13,0,2,2,4,"2:0:2 4:1:2 8:1:2 10:1:2"
OO_WM,13,26,"13:0:1 13:2:2",13,2,2,4,13,0,2,4,4,"4:0:2 4:1:2 8:1:2 8:1:2"
OO_WM,13,26,"13:0:1 13:2:2",13,2,2,4,13,0,2,7,4,"4:1:2 5:1:2 7:0:2 8:1:2"
OO_WM,13,26,"13:0:1 13:2:2",13,2,2,4,13,0,2,8,4,"4:1:2 4:1:2 8:0:2 8:1:2"
OO_WM,13,26,"13:0:1 13:2:2",13,2,2,4,13,0,2,11,4,"1:1:2 4:1:2 8:1:2 11:0:2"
OO_WM,13,26,"13:0:1 13:2:2",13,2,2,5,5,1,2,2,4,"2:1:2 2:2:2 7:1:2 13:0:1"
OO_WM,13,26,"13:0:1 13:2:2",13,2,2,5,7,1,2,2,4,"2:2:2 4:1:2 5:1:2 13:0:1"
OO_WM,13,26,"13:0:1 13:2:2",13,2,2,5,7,1,2,5,4,"1:1:2 5:1:2 5:2:2 13:0:1"
OO_WM,13,26,"13:0:1 13:2:2",13,2,2,5,13,0,2,2,4,"2:0:2 5:1:2 7:1:2 10:1:2"
OO_WM,13,26,"13:0:1 13:2:2",13,2,2,5,13,0,2,5,4,"5:0:2 5:1:2 7:1:2 7:1:2"
OO_WM,13,26,"13:0:1 13:2:2",13,2,2,5,13,0,2,7,4,"5:1:2 5:1:2 7:0:2 7:1:2"
OO_WM,13,26,"13:0:1 13:2:2",13,2,2,5,13,0,2,8,4,"4:1:2 5:1:2 7:1:2 8:0:2"
OO_WM,13,26,"13:0:1 13:2:2",13,2,2,6,6,1,2,2,4,"2:2:2 3:1:2 6:1:2 13:0:1"
OO_WM,13,26,"13:0:1 13:2:2",13,2,2,6,13,0,2,2,4,"2:0:2 6:1:2 6:1:2 10:1:2"
OO_WM,13,26,"13:0:1 13:2:2",13,2,2,6,13,0,2,6,4,"6:0:2 6:1:2 6:1:2 6:1:2"
OO_WM,13,26,"13:0:1 13:2:2",13,2,2,6,13,0,2,9,4,"3:1:2 6:1:2 6:1:2 9:0:2"
OO_WM_PLUS,13,27,"13:2:2 14:0:1",13,2,2,1,11,1,2,2,4,"1:1:2 2:2:2 8:1:2 14:0:1"
OO_WM_PLUS,13,27,"13:2:2 14:0:1",13,2,2,1,11,1,2,5,4,"1:1:2 5:1:2 5:2:2 14:0:1"
OO_WM_PLUS,13,27,"13:2:2 14:0:1",13,2,2,1,11,1,2,8,4,"1:1:2 2:1:2 8:2:2 14:0:1"
OO_WM_PLUS,13,27,"13:2:2 14:0:1",13,2,2,1,11,1,2,9,4,"1:1:2 1:1:2 9:2:2 14:0:1"
OO_WM_PLUS,13,27,"13:2:2 14:0:1",13,2,2,1,14,0,2,2,4,"1:1:2 2:0:2 11:1:2 11:1:2"
OO_WM_PLUS,13,27,"13:2:2 14:0:1",13,2,2,1,14,0,2,5,4,"1:1:2 5:0:2 8:1:2 11:1:2"
OO_WM_PLUS,13,27,"13:2:2 14:0:1",13,2,2,1,14,0,2,9,4,"1:1:2 4:1:2 9:0:2 11:1:2"
OO_WM_PLUS,13,27,"13:2:2 14:0:1",13,2,2,1,14,0,2,12,4,"1:1:2 1:1:2 11:1:2 12:0:2"
OO_WM_PLUS,13,27,"13:2:2 14:0:1",13,2,2,2,10,1,2,2,4,"2:1:2 2:2:2 7:1:2 14:0:1"
OO_WM_PLUS,13,27,"13:2:2 14:0:1",13,2,2,2,10,1,2,5,4,"2:1:2 4:1:2 5:2:2 14:0:1"
OO_WM_PLUS,13,27,"13:2:2 14:0:1",13,2,2,2,10,1,2,8,4,"1:1:2 2:1:2 8:2:2 14:0:1"
OO_WM_PLUS,13,27,"13:2:2 14:0:1",13,2,2,2,14,0,2,3,4,"2:1:2 3:0:2 10:1:2 10:1:2"
OO_WM_PLUS,13,27,"13:2:2 14:0:1",13,2,2,2,14,0,2,5,4,"2:1:2 5:0:2 8:1:2 10:1:2"
OO_WM_PLUS,13,27,"13:2:2 14:0:1",13,2,2,2,14,0,2,11,4,"2:1:2 2:1:2 10:1:2 11:0:2"
OO_WM_PLUS,13,27,"13:2:2 14:0:1",13,2,2,3,9,1,2,2,4,"2:2:2 3:1:2 6:1:2 14:0:1"
OO_WM_PLUS,13,27,"13:2:2 14:0:1",13,2,2,3,9,1,2,5,4,"3:1:2 3:1:2 5:2:2 14:0:1"
OO_WM_PLUS,13,27,"13:2:2 14:0:1",13,2,2,3,14,0,2,4,4,"3:1:2 4:0:2 9:1:2 9:1:2"
OO_WM_PLUS,13,27,"13:2:2 14:0:1",13,2,2,3,14,0,2,7,4,"3:1:2 6:1:2 7:0:2 9:1:2"
OO_WM_PLUS,13,27,"13:2:2 14:0:1",13,2,2,3,14,0,2,10,4,"3:1:2 3:1:2 9:1:2 10:0:2"
OO_WM_PLUS,13,27,"13:2:2 14:0:1",13,2,2,4,4,1,2,2,4,"1:1:2 2:2:2 8:1:2 14:0:1"
OO_WM_PLUS,13,27,"13:2:2 14:0:1",13,2,2,4,8,1,2,2,4,"2:2:2 4:1:2 5:1:2 14:0:1"
OO_WM_PLUS,13,27,"13:2:2 14:0:1",13,2,2,4,8,1,2,5,4,"2:1:2 4:1:2 5:2:2 14:0:1"
OO_WM_PLUS,13,27,"13:2:2 14:0:1",13,2,2,4,14,0,2,5,4,"4:1:2 5:0:2 8:1:2 8:1:2"
OO_WM_PLUS,13,27,"13:2:2 14:0:1",13,2,2,4,14,0,2,6,4,"4:1:2 6:0:2 7:1:2 8:1:2"
OO_WM_PLUS,13,27,"13:2:2 14:0:1",13,2,2,4,14,0,2,8,4,"4:1:2 5:1:2 8:0:2 8:1:2"
OO_WM_PLUS,13,27,"13:2:2 14:0:1",13,2,2,4,14,0,2,9,4,"4:1:2 4:1:2 8:1:2 9:0:2"
OO_WM_PLUS,13,27,"13:2:2 14:0:1",13,2,2,5,5,1,2,2,4,"2:1:2 2:2:2 7:1:2 14:0:1"
OO_WM_PLUS,13,27,"13:2:2 14:0:1",13,2,2,5,7,1,2,2,4,"2:2:2 4:1:2 5:1:2 14:0:1"
OO_WM_PLUS,13,27,"13:2:2 14:0:1",13,2,2,5,7,1,2,5,4,"1:1:2 5:1:2 5:2:2 14:0:1"
OO_WM_PLUS,13,27,"13:2:2 14:0:1",13,2,2,5,14,0,2,5,4,"5:0:2 5:1:2 7:1:2 8:1:2"
OO_WM_PLUS,13,27,"13:2:2 14:0:1",13,2,2,5,14,0,2,6,4,"5:1:2 6:0:2 7:1:2 7:1:2"
OO_WM_PLUS,13,27,"13:2:2 14:0:1",13,2,2,5,14,0,2,8,4,"5:1:2 5:1:2 7:1:2 8:0:2"
OO_WM_PLUS,13,27,"13:2:2 14:0:1",13,2,2,6,6,1,2,2,4,"2:2:2 3:1:2 6:1:2 14:0:1"
OO_WM_PLUS,13,27,"13:2:2 14:0:1",13,2,2,6,14,0,2,7,4,"6:1:2 6:1:2 6:1:2 7:0:2"
OO_WM_PLUS,13,27,"13:2:2 14:0:1",13,2,2,6,14,0,2,10,4,"3:1:2 6:1:2 6:1:2 10:0:2"
OO_WM_PLUS,13,27,"13:2:2 14:0:1",14,0,1,1,12,2,2,1,4,"1:0:1 1:1:2 10:1:2 13:2:2"
OO_WM_PLUS,13,27,"13:2:2 14:0:1",14,0,1,1,12,2,2,2,4,"1:0:1 2:1:2 9:1:2 13:2:2"
OO_WM_PLUS,13,27,"13:2:2 14:0:1",14,0,1,1,12,2,2,3,4,"1:0:1 3:1:2 8:1:2 13:2:2"
OO_WM_PLUS,13,27,"13:2:2 14:0:1",14,0,1,1,12,2,2,4,4,"1:0:1 4:1:2 7:1:2 13:2:2"
OO_WM_PLUS,13,27,"13:2:2 14:0:1",14,0,1,1,12,2,2,5,4,"1:0:1 5:1:2 6:1:2 13:2:2"
OO_WM_PLUS,13,27,"13:2:2 14:0:1",14,0,1,1,13,1,1,0,3,"1:0:1 12:1:1 12:2:2"
OO_WM_PLUS,13,27,"13:2:2 14:0:1",14,0,1,1,13,1,1,1,4,"1:0:1 1:2:2 11:2:2 12:1:1"
OO_WM_PLUS,13,27,"13:2:2 14:0:1",14,0,1,1,13,1,1,2,4,"1:0:1 2:2:2 10:2:2 12:1:1"
OO_WM_PLUS,13,27,"13:2:2 14:0:1",14,0,1,1,13,1,1,3,4,"1:0:1 3:2:2 9:2:2 12:1:1"
OO_WM_PLUS,13,27,"13:2:2 14:0:1",14,0,1,1,13,1,1,4,4,"1:0:1 4:2:2 8:2:2 12:1:1"
OO_WM_PLUS,13,27,"13:2:2 14:0:1",14,0,1,1,13,1,1,5,4,"1:0:1 5:2:2 7:2:2 12:1:1"
OO_WM_PLUS,13,27,"13:2:2 14:0:1",14,0,1,1,13,1,1,6,4,"1:0:1 6:2:2 6:2:2 12:1:1"
OO_WM_PLUS,13,27,"13:2:2 14:0:1",14,0,1,2,11,2,2,1,4,"1:1:2 2:0:1 9:1:2 13:2:2"
OO_WM_PLUS,13,27,"13:2:2 14:0:1",14,0,1,2,11,2,2,3,4,"2:0:1 3:1:2 7:1:2 13:2:2"
OO_WM_PLUS,13,27,"13:2:2 14:0:1",14,0,1,2,11,2,2,4,4,"2:0:1 4:1:2 6:1:2 13:2:2"
OO_WM_PLUS,13,27,"13:2:2 14:0:1",14,0,1,2,13,1,1,1,4,"1:2:2 2:0:1 11:1:1 11:2:2"
OO_WM_PLUS,13,27,"13:2:2 14:0:1",14,0,1,2,13,1,1,2,4,"2:0:1 2:2:2 10:2:2 11:1:1"
OO_WM_PLUS,13,27,"13:2:2 14:0:1",14,0,1,2,13,1,1,4,4,"2:0:1 4:2:2 8:2:2 11:1:1"
OO_WM_PLUS,13,27,"13:2:2 14:0:1",14,0,1,2,13,1,1,5,4,"2:0:1 5:2:2 7:2:2 11:1:1"
OO_WM_PLUS,13,27,"13:2:2 14:0:1",14,0,1,3,10,2,2,3,4,"3:0:1 3:1:2 6:1:2 13:2:2"
OO_WM_PLUS,13,27,"13:2:2 14:0:1",14,0,1,3,13,1,1,2,4,"2:2:2 3:0:1 10:1:1 10:2:2"
OO_WM_PLUS,13,27,"13:2:2 14:0:1",14,0,1,3,13,1,1,4,4,"3:0:1 4:2:2 8:2:2 10:1:1"
OO_WM_PLUS,13,27,"13:2:2 14:0:1",14,0,1,3,13,1,1,5,4,"3:0:1 5:2:2 7:2:2 10:1:1"
OO_WM_PLUS,13,27,"13:2:2 14:0:1",14,0,1,3,13,1,1,6,4,"3:0:1 6:2:2 6:2:2 10:1:1"
OO_WM_PLUS,13,27,"13:2:2 14:0:1",14,0,1,4,9,2,2,1,4,"1:1:2 4:0:1 7:1:2 13:2:2"
OO_WM_PLUS,13,27,"13:2:2 14:0:1",14,0,1,4,9,2,2,2,4,"2:1:2 4:0:1 6:1:2 13:2:2"
OO_WM_PLUS,13,27,"13:2:2 14:0:1",14,0,1,4,9,2,2,3,4,"3:1:2 4:0:1 5:1:2 13:2:2"
OO_WM_PLUS,13,27,"13:2:2 14:0:1",14,0,1,4,9,2,2,4,4,"4:0:1 4:1:2 4:1:2 13:2:2"
OO_WM_PLUS,13,27,"13:2:2 14:0:1",14,0,1,4,13,1,1,2,4,"2:2:2 4:0:1 9:1:1 10:2:2"
OO_WM_PLUS,13,27,"13:2:2 14:0:1",14,0,1,4,13,1,1,3,4,"3:2:2 4:0:1 9:1:1 9:2:2"
OO_WM_PLUS,13,27,"13:2:2 14:0:1",14,0,1,4,13,1,1,5,4,"4:0:1 5:2:2 7:2:2 9:1:1"
OO_WM_PLUS,13,27,"13:2:2 14:0:1",14,0,1,4,13,1,1,6,4,"4:0:1 6:2:2 6:2:2 9:1:1"
OO_WM_PLUS,13,27,"13:2:2 14:0:1",14,0,1,5,13,1,1,2,4,"2:2:2 5:0:1 8:1:1 10:2:2"
OO_WM_PLUS,13,27,"13:2:2 14:0:1",14,0,1,5,13,1,1,4,4,"4:2:2 5:0:1 8:1:1 8:2:2"
OO_WM_PLUS,13,27,"13:2:2 14:0:1",14,0,1,5,13,1,1,5,4,"5:0:1 5:2:2 7:2:2 8:1:1"
OO_WM_PLUS,13,27,"13:2:2 14:0:1",14,0,1,6,13,1,1,2,4,"2:2:2 6:0:1 7:1:1 10:2:2"
OO_WM_PLUS,13,27,"13:2:2 14:0:1",14,0,1,6,13,1,1,4,4,"4:2:2 6:0:1 7:1:1 8:2:2"
OO_WM_PLUS,13,27,"13:2:2 14:0:1",14,0,1,6,13,1,1,5,4,"5:2:2 6:0:1 7:1:1 7:2:2"
OO_WM_PLUS,13,27,"13:2:2 14:0:1",14,0,1,7,7,0,2,5,4,"1:1:2 5:0:2 6:1:1 13:2:2"
OO_WM_PLUS,13,27,"13:2:2 14:0:1",14,0,1,7,13,1,1,2,4,"2:2:2 6:1:1 7:0:1 10:2:2"
OO_WM_PLUS,13,27,"13:2:2 14:0:1",14,0,1,7,13,1,1,3,4,"3:2:2 6:1:1 7:0:1 9:2:2"
OO_WM_PLUS,13,27,"13:2:2 14:0:1",14,0,1,7,13,1,1,5,4,"5:2:2 6:1:1 7:0:1 7:2:2"
OO_WM_PLUS,13,27,"13:2:2 14:0:1",14,0,1,7,13,1,1,6,4,"6:1:1 6:2:2 6:2:2 7:0:1"
OO_WM_PLUS,13,27,"13:2:2 14:0:1",14,0,1,8,13,1,1,2,4,"2:2:2 5:1:1 8:0:1 10:2:2"
OO_WM_PLUS,13,27,"13:2:2 14:0:1",14,0,1,8,13,1,1,5,4,"5:1:1 5:2:2 7:2:2 8:0:1"
OO_WM_PLUS,13,27,"13:2:2 14:0:1",14,0,1,9,9,0,2,5,4,"3:1:2 4:1:1 5:0:2 13:2:2"
OO_WM_PLUS,13,27,"13:2:2 14:0:1",14,0,1,9,13,1,1,2,4,"2:2:2 4:1:1 9:0:1 10:2:2"
OO_WM_PLUS,13,27,"13:2:2 14:0:1",14,0,1,9,13,1,1,4,4,"4:1:1 4:2:2 8:2:2 9:0:1"
OO_WM_PLUS,13,27,"13:2:2 14:0:1",14,0,1,9,13,1,1,5,4,"4:1:1 5:2:2 7:2:2 9:0:1"
OO_WM_PLUS,13,27,"13:2:2 14:0:1",14,0,1,10,10,0,2,2,4,"2:0:2 3:1:1 7:1:2 13:2:2"
OO_WM_PLUS,13,27,"13:2:2 14:0:1",14,0,1,10,10,0,2,3,4,"3:0:2 3:1:1 6:1:2 13:2:2"
OO_WM_PLUS,13,27,"13:2:2 14:0:1",14,0,1,10,10,0,2,4,4,"3:1:1 4:0:2 5:1:2 13:2:2"
OO_WM_PLUS,13,27,"13:2:2 14:0:1",14,0,1,10,10,0,2,5,4,"3:1:1 4:1:2 5:0:2 13:2:2"
OO_WM_PLUS,13,27,"13:2:2 14:0:1",14,0,1,10,10,0,2,6,4,"3:1:1 3:1:2 6:0:2 13:2:2"
OO_WM_PLUS,13,27,"13:2:2 14:0:1",14,0,1,10,10,0,2,7,4,"2:1:2 3:1:1 7:0:2 13:2:2"
OO_WM_PLUS,13,27,"13:2:2 14:0:1",14,0,1,10,10,0,2,8,4,"1:1:2 3:1:1 8:0:2 13:2:2"
OO_WM_PLUS,13,27,"13:2:2 14:0:1",14,0,1,10,13,1,1,2,4,"2:2:2 3:1:1 10:0:1 10:2:2"
OO_WM_PLUS,13,27,"13:2:2 14:0:1",14,0,1,10,13,1,1,3,4,"3:1:1 3:2:2 9:2:2 10:0:1"
OO_WM_PLUS,13,27,"13:2:2 14:0:1",14,0,1,10,13,1,1,4,4,"3:1:1 4:2:2 8:2:2 10:0:1"
OO_WM_PLUS,13,27,"13:2:2 14:0:1",14,0,1,10,13,1,1,5,4,"3:1:1 5:2:2 7:2:2 10:0:1"
OO_WM_PLUS,13,27,"13:2:2 14:0:1",14,0,1,10,13,1,1,6,4,"3:1:1 6:2:2 6:2:2 10:0:1"
OO_WM_PLUS,13,27,"13:2:2 14:0:1",14,0,1,11,13,1,1,2,4,"2:1:1 2:2:2 10:2:2 11:0:1"
OO_WM_PLUS,13,27,"13:2:2 14:0:1",14,0,1,12,12,0,2,2,4,"1:1:1 2:0:2 9:1:2 13:2:2"
OO_WM_PLUS,13,27,"13:2:2 14:0:1",14,0,1,12,12,0,2,4,4,"1:1:1 4:0:2 7:1:2 13:2:2"
OO_WM_PLUS,13,27,"13:2:2 14:0:1",14,0,1,12,12,0,2,5,4,"1:1:1 5:0:2 6:1:2 13:2:2"
OO_WM_PLUS,13,27,"13:2:2 14:0:1",14,0,1,12,12,0,2,6,4,"1:1:1 5:1:2 6:0:2 13:2:2"
OO_WM_PLUS,13,27,"13:2:2 14:0:1",14,0,1,12,12,0,2,7,4,"1:1:1 4:1:2 7:0:2 13:2:2"
OO_WM_PLUS,13,27,"13:2:2 14:0:1",14,0,1,12,12,0,2,8,4,"1:1:1 3:1:2 8:0:2 13:2:2"
OO_WM_PLUS,13,27,"13:2:2 14:0:1",14,0,1,12,12,0,2,9,4,"1:1:1 2:1:2 9:0:2 13:2:2"
OO_WM_PLUS,13,27,"13:2:2 14:0:1",14,0,1,12,12,0,2,10,4,"1:1:1 1:1:2 10:0:2 13:2:2"
OO_WM_PLUS,13,27,"13:2:2 14:0:1",14,0,1,12,13,1,1,1,4,"1:1:1 1:2:2 11:2:2 12:0:1"
OO_WM_PLUS,13,27,"13:2:2 14:0:1",14,0,1,12,13,1,1,2,4,"1:1:1 2:2:2 10:2:2 12:0:1"
OO_WM_PLUS,13,27,"13:2:2 14:0:1",14,0,1,12,13,1,1,3,4,"1:1:1 3:2:2 9:2:2 12:0:1"
OO_WM_PLUS,13,27,"13:2:2 14:0:1",14,0,1,12,13,1,1,4,4,"1:1:1 4:2:2 8:2:2 12:0:1"
OO_WM_PLUS,13,27,"13:2:2 14:0:1",14,0,1,12,13,1,1,5,4,"1:1:1 5:2:2 7:2:2 12:0:1"
OO_WM_PLUS,13,27,"13:2:2 14:0:1",14,0,1,12,13,1,1,6,4,"1:1:1 6:2:2 6:2:2 12:0:1"
OO_WM_PLUS,13,27,"13:2:2 14:0:1",14,0,1,13,13,0,2,2,3,"2:0:2 10:1:2 13:2:2"
OO_WM_PLUS,13,27,"13:2:2 14:0:1",14,0,1,13,13,0,2,3,3,"3:0:2 9:1:2 13:2:2"
OO_WM_PLUS,13,27,"13:2:2 14:0:1",14,0,1,13,13,0,2,4,3,"4:0:2 8:1:2 13:2:2"
OO_WM_PLUS,13,27,"13:2:2 14:0:1",14,0,1,13,13,0,2,5,3,"5:0:2 7:1:2 13:2:2"
OO_WM_PLUS,13,27,"13:2:2 14:0:1",14,0,1,13,13,0,2,6,3,"6:0:2 6:1:2 13:2:2"
OO_WM_PLUS,13,27,"13:2:2 14:0:1",14,0,1,13,13,0,2,7,3,"5:1:2 7:0:2 13:2:2"
OO_WM_PLUS,13,27,"13:2:2 14:0:1",14,0,1,13,13,0,2,8,3,"4:1:2 8:0:2 13:2:2"
OO_WM_PLUS,13,27,"13:2:2 14:0:1",14,0,1,13,13,0,2,9,3,"3:1:2 9:0:2 13:2:2"
OO_WM_PLUS,13,27,"13:2:2 14:0:1",14,0,1,13,13,0,2,10,3,"2:1:2 10:0:2 13:2:2"
OO_WM_PLUS,13,27,"13:2:2 14:0:1",14,0,1,13,13,0,2,11,3,"1:1:2 11:0:2 13:2:2"
OO_WM_PLUS,13,27,"13:2:2 14:0:1",14,0,1,13,13,1,1,0,2,"12:2:2 13:0:1"
OO_WM_PLUS,13,27,"13:2:2 14:0:1",14,0,1,13,13,1,1,1,3,"1:2:2 11:2:2 13:0:1"
OO_WM_PLUS,13,27,"13:2:2 14:0:1",14,0,1,13,13,1,1,2,3,"2:2:2 10:2:2 13:0:1"
OO_WM_PLUS,13,27,"13:2:2 14:0:1",14,0,1,13,13,1,1,3,3,"3:2:2 9:2:2 13:0:1"
OO_WM_PLUS,13,27,"13:2:2 14:0:1",14,0,1,13,13,1,1,4,3,"4:2:2 8:2:2 13:0:1"
OO_WM_PLUS,13,27,"13:2:2 14:0:1",14,0,1,13,13,1,1,5,3,"5:2:2 7:2:2 13:0:1"
OO_WM_PLUS,13,27,"13:2:2 14:0:1",14,0,1,13,13,1,1,6,3,"6:2:2 6:2:2 13:0:1"
WO_MO,13,26,"13:0:2 13:1:2",13,0,2,1,11,1,2,2,4,"1:0:1 2:2:2 8:1:2 13:1:2"
WO_MO,13,26,"13:0:2 13:1:2",13,0,2,1,11,1,2,5,4,"1:0:1 5:1:2 5:2:2 13:1:2"
WO_MO,13,26,"13:0:2 13:1:2",13,0,2,1,11,1,2,7,4,"1:0:1 3:1:2 7:2:2 13:1:2"
WO_MO,13,26,"13:0:2 13:1:2",13,0,2,1,11,1,2,8,4,"1:0:1 2:1:2 8:2:2 13:1:2"
WO_MO,13,26,"13:0:2 13:1:2",13,0,2,1,11,1,2,9,4,"1:0:1 1:1:2 9:2:2 13:1:2"
WO_MO,13,26,"13:0:2 13:1:2",13,0,2,1,13,1,2,1,4,"1:0:1 1:2:2 11:1:2 11:1:2"
WO_MO,13,26,"13:0:2 13:1:2",13,0,2,1,13,1,2,2,4,"1:0:1 2:2:2 10:1:2 11:1:2"
WO_MO,13,26,"13:0:2 13:1:2",13,0,2,1,13,1,2,4,4,"1:0:1 4:2:2 8:1:2 11:1:2"
WO_MO,13,26,"13:0:2 13:1:2",13,0,2,1,13,1,2,5,4,"1:0:1 5:2:2 7:1:2 11:1:2"
WO_MO,13,26,"13:0:2 13:1:2",13,0,2,1,13,1,2,7,4,"1:0:1 5:1:2 7:2:2 11:1:2"
WO_MO,13,26,"13:0:2 13:1:2",13,0,2,1,13,1,2,8,4,"1:0:1 4:1:2 8:2:2 11:1:2"
WO_MO,13,26,"13:0:2 13:1:2",13,0,2,1,13,1,2,9,4,"1:0:1 3:1:2 9:2:2 11:1:2"
WO_MO,13,26,"13:0:2 13:1:2",13,0,2,1,13,1,2,10,4,"1:0:1 2:1:2 10:2:2 11:1:2"
WO_MO,13,26,"13:0:2 13:1:2",13,0,2,1,13,1,2,11,4,"1:0:1 1:1:2 11:1:2 11:2:2"
WO_MO,13,26,"13:0:2 13:1:2",13,0,2,2,13,1,2,2,4,"2:0:1 2:2:2 10:1:2 10:1:2"
WO_MO,13,26,"13:0:2 13:1:2",13,0,2,3,9,1,2,2,4,"2:2:2 3:0:1 6:1:2 13:1:2"
WO_MO,13,26,"13:0:2 13:1:2",13,0,2,3,9,1,2,5,4,"3:0:1 3:1:2 5:2:2 13:1:2"
WO_MO,13,26,"13:0:2 13:1:2",13,0,2,3,9,1,2,6,4,"2:1:2 3:0:1 6:2:2 13:1:2"
WO_MO,13,26,"13:0:2 13:1:2",13,0,2,3,9,1,2,7,4,"1:1:2 3:0:1 7:2:2 13:1:2"
WO_MO,13,26,"13:0:2 13:1:2",13,0,2,3,13,1,2,2,4,"2:2:2 3:0:1 9:1:2 10:1:2"
WO_MO,13,26,"13:0:2 13:1:2",13,0,2,3,13,1,2,3,4,"3:0:1 3:2:2 9:1:2 9:1:2"
WO_MO,13,26,"13:0:2 13:1:2",13,0,2,3,13,1,2,6,4,"3:0:1 6:1:2 6:2:2 9:1:2"
WO_MO,13,26,"13:0:2 13:1:2",13,0,2,3,13,1,2,9,4,"3:0:1 3:1:2 9:1:2 9:2:2"
WO_MO,13,26,"13:0:2 13:1:2",13,0,2,4,4,0,2,2,4,"1:1:2 2:0:2 8:1:2 13:1:2"
WO_MO,13,26,"13:0:2 13:1:2",13,0,2,4,8,1,2,2,4,"2:2:2 4:0:1 5:1:2 13:1:2"
WO_MO,13,26,"13:0:2 13:1:2",13,0,2,4,8,1,2,5,4,"2:1:2 4:0:1 5:2:2 13:1:2"
WO_MO,13,26,"13:0:2 13:1:2",13,0,2,4,13,1,2,2,4,"2:2:2 4:0:1 8:1:2 10:1:2"
WO_MO,13,26,"13:0:2 13:1:2",13,0,2,4,13,1,2,4,4,"4:0:1 4:2:2 8:1:2 8:1:2"
WO_MO,13,26,"13:0:2 13:1:2",13,0,2,4,13,1,2,5,4,"4:0:1 5:2:2 7:1:2 8:1:2"
WO_MO,13,26,"13:0:2 13:1:2",13,0,2,4,13,1,2,7,4,"4:0:1 5:1:2 7:2:2 8:1:2"
WO_MO,13,26,"13:0:2 13:1:2",13,0,2,4,13,1,2,8,4,"4:0:1 4:1:2 8:1:2 8:2:2"
WO_MO,13,26,"13:0:2 13:1:2",13,0,2,4,13,1,2,11,4,"1:1:2 4:0:1 8:1:2 11:2:2"
WO_MO,13,26,"13:0:2 13:1:2",13,0,2,5,5,0,2,2,4,"2:0:2 2:1:2 7:1:2 13:1:2"
WO_MO,13,26,"13:0:2 13:1:2",13,0,2,5,13,1,2,2,4,"2:2:2 5:0:1 7:1:2 10:1:2"
WO_MO,13,26,"13:0:2 13:1:2",13,0,2,5,13,1,2,5,4,"5:0:1 5:2:2 7:1:2 7:1:2"
WO_MO,13,26,"13:0:2 13:1:2",13,0,2,6,6,0,2,2,4,"2:0:2 3:1:2 6:1:2 13:1:2"
WO_MO,13,26,"13:0:2 13:1:2",13,0,2,6,6,1,2,2,4,"2:2:2 3:1:2 6:0:1 13:1:2"
WO_MO,13,26,"13:0:2 13:1:2",13,0,2,6,13,1,2,2,4,"2:2:2 6:0:1 6:1:2 10:1:2"
WO_MO,13,26,"13:0:2 13:1:2",13,0,2,6,13,1,2,6,4,"6:0:1 6:1:2 6:1:2 6:2:2"
WO_MO,13,26,"13:0:2 13:1:2",13,0,2,6,13,1,2,9,4,"3:1:2 6:0:1 6:1:2 9:2:2"
WO_MO,13,26,"13:0:2 13:1:2",13,0,2,7,7,0,2,2,4,"2:0:2 4:1:2 5:1:2 13:1:2"
WO_MO,13,26,"13:0:2 13:1:2",13,0,2,7,13,1,2,2,4,"2:2:2 5:1:2 7:0:1 10:1:2"
WO_MO,13,26,"13:0:2 13:1:2",13,0,2,7,13,1,2,4,4,"4:2:2 5:1:2 7:0:1 8:1:2"
WO_MO,13,26,"13:0:2 13:1:2",13,0,2,7,13,1,2,5,4,"5:1:2 5:2:2 7:0:1 7:1:2"
WO_MO,13,26,"13:0:2 13:1:2",13,0,2,7,13,1,2,7,4,"5:1:2 5:1:2 7:0:1 7:2:2"
WO_MO,13,26,"13:0:2 13:1:2",13,0,2,8,8,0,2,2,4,"2:0:2 4:1:2 5:1:2 13:1:2"
WO_MO,13,26,"13:0:2 13:1:2",13,0,2,8,13,1,2,2,4,"2:2:2 4:1:2 8:0:1 10:1:2"
WO_MO,13,26,"13:0:2 13:1:2",13,0,2,8,13,1,2,5,4,"4:1:2 5:2:2 7:1:2 8:0:1"
WO_MO,13,26,"13:0:2 13:1:2",13,0,2,8,13,1,2,8,4,"4:1:2 4:1:2 8:0:1 8:2:2"
WO_MO,13,26,"13:0:2 13:1:2",13,0,2,9,9,0,2,2,4,"2:0:2 3:1:2 6:1:2 13:1:2"
WO_MO,13,26,"13:0:2 13:1:2",13,0,2,9,13,1,2,6,4,"3:1:2 6:1:2 6:2:2 9:0:1"
WO_MO,13,26,"13:0:2 13:1:2",13,0,2,9,13,1,2,9,4,"3:1:2 3:1:2 9:0:1 9:2:2"
WO_MO,13,26,"13:0:2 13:1:2",13,0,2,10,10,0,2,2,4,"2:0:2 2:1:2 7:1:2 13:1:2"
WO_MO,13,26,"13:0:2 13:1:2",13,0,2,10,13,1,2,2,4,"2:1:2 2:2:2 10:0:1 10:1:2"
WO_MO,13,26,"13:0:2 13:1:2",13,0,2,10,13,1,2,5,4,"2:1:2 5:2:2 7:1:2 10:0:1"
WO_MO,13,26,"13:0:2 13:1:2",13,0,2,10,13,1,2,7,4,"2:1:2 5:1:2 7:2:2 10:0:1"
WO_MO,13,26,"13:0:2 13:1:2",13,0,2,10,13,1,2,10,4,"2:1:2 2:1:2 10:0:1 10:2:2"
WO_MO,13,26,"13:0:2 13:1:2",13,0,2,11,11,0,2,2,4,"1:1:2 2:0:2 8:1:2 13:1:2"
WO_MO,13,26,"13:0:2 13:1:2",13,0,2,11,13,1,2,2,4,"1:1:2 2:2:2 10:1:2 11:0:1"
WO_MO,13,26,"13:0:2 13:1:2",13,0,2,11,13,1,2,5,4,"1:1:2 5:2:2 7:1:2 11:0:1"
WO_MO,13,26,"13:0:2 13:1:2",13,0,2,11,13,1,2,8,4,"1:1:2 4:1:2 8:2:2 11:0:1"
WO_MO,13,26,"13:0:2 13:1:2",13,0,2,11,13,1,2,11,4,"1:1:2 1:1:2 11:0:1 11:2:2"
WO_MO,13,26,"13:0:2 13:1:2",13,1,2,0,12,1,2,2,3,"2:2:2 9:1:2 13:0:2"
WO_MO,13,26,"13:0:2 13:1:2",13,1,2,0,12,1,2,3,3,"3:2:2 8:1:2 13:0:2"
WO_MO,13,26,"13:0:2 13:1:2",13,1,2,0,12,1,2,4,3,"4:2:2 7:1:2 13:0:2"
WO_MO,13,26,"13:0:2 13:1:2",13,1,2,0,12,1,2,5,3,"5:2:2 6:1:2 13:0:2"
WO_MO,13,26,"13:0:2 13:1:2",13,1,2,0,12,1,2,6,3,"5:1:2 6:2:2 13:0:2"
WO_MO,13,26,"13:0:2 13:1:2",13,1,2,0,12,1,2,7,3,"4:1:2 7:2:2 13:0:2"
WO_MO,13,26,"13:0:2 13:1:2",13,1,2,0,12,1,2,8,3,"3:1:2 8:2:2 13:0:2"
WO_MO,13,26,"13:0:2 13:1:2",13,1,2,0,12,1,2,9,3,"2:1:2 9:2:2 13:0:2"
WO_MO,13,26,"13:0:2 13:1:2",13,1,2,0,12,1,2,10,3,"1:1:2 10:2:2 13:0:2"
WO_MO,13,26,"13:0:2 13:1:2",13,1,2,0,13,0,1,1,3,"1:0:2 11:2:2 12:1:2"
WO_MO,13,26,"13:0:2 13:1:2",13,1,2,0,13,0,1,2,3,"2:0:2 10:2:2 12:1:2"
WO_MO,13,26,"13:0:2 13:1:2",13,1,2,0,13,0,1,3,3,"3:0:2 9:2:2 12:1:2"
WO_MO,13,26,"13:0:2 13:1:2",13,1,2,0,13,0,1,4,3,"4:0:2 8:2:2 12:1:2"
WO_MO,13,26,"13:0:2 13:1:2",13,1,2,0,13,0,1,5,3,"5:0:2 7:2:2 12:1:2"
WO_MO,13,26,"13:0:2 13:1:2",13,1,2,0,13,0,1,6,3,"6:0:2 6:2:2 12:1:2"
WO_MO,13,26,"13:0:2 13:1:2",13,1,2,0,13,0,1,7,3,"5:2:2 7:0:2 12:1:2"
WO_MO,13,26,"13:0:2 13:1:2",13,1,2,0,13,0,1,8,3,"4:2:2 8:0:2 12:1:2"
WO_MO,13,26,"13:0:2 13:1:2",13,1,2,0,13,0,1,9,3,"3:2:2 9:0:2 12:1:2"
WO_MO,13,26,"13:0:2 13:1:2",13,1,2,0,13,0,1,10,3,"2:2:2 10:0:2 12:1:2"
WO_MO,13,26,"13:0:2 13:1:2",13,1,2,0,13,0,1,11,3,"1:2:2 11:0:2 12:1:2"
WO_MO,13,26,"13:0:2 13:1:2",13,1,2,0,13,0,1,12,2,"12:0:2 12:1:2"
WO_MO,13,26,"13:0:2 13:1:2",13,1,2,1,11,1,2,2,4,"1:1:1 2:2:2 8:1:2 13:0:2"
WO_MO,13,26,"13:0:2 13:1:2",13,1,2,1,11,1,2,5,4,"1:1:1 5:1:2 5:2:2 13:0:2"
WO_MO,13,26,"13:0:2 13:1:2",13,1,2,1,11,1,2,7,4,"1:1:1 3:1:2 7:2:2 13:0:2"
WO_MO,13,26,"13:0:2 13:1:2",13,1,2,1,11,1,2,8,4,"1:1:1 2:1:2 8:2:2 13:0:2"
WO_MO,13,26,"13:0:2 13:1:2",13,1,2,1,11,1,2,9,4,"1:1:1 1:1:2 9:2:2 13:0:2"
WO_MO,13,26,"13:0:2 13:1:2",13,1,2,1,13,0,1,1,4,"1:0:2 1:1:1 11:1:2 11:2:2"
WO_MO,13,26,"13:0:2 13:1:2",13,1,2,1,13,0,1,2,4,"1:1:1 2:0:2 10:2:2 11:1:2"
WO_MO,13,26,"13:0:2 13:1:2",13,1,2,1,13,0,1,3,4,"1:1:1 3:0:2 9:2:2 11:1:2"
WO_MO,13,26,"13:0:2 13:1:2",13,1,2,1,13,0,1,4,4,"1:1:1 4:0:2 8:2:2 11:1:2"
WO_MO,13,26,"13:0:2 13:1:2",13,1,2,1,13,0,1,5,4,"1:1:1 5:0:2 7:2:2 11:1:2"
WO_MO,13,26,"13:0:2 13:1:2",13,1,2,1,13,0,1,7,4,"1:1:1 5:2:2 7:0:2 11:1:2"
WO_MO,13,26,"13:0:2 13:1:2",13,1,2,1,13,0,1,8,4,"1:1:1 4:2:2 8:0:2 11:1:2"
WO_MO,13,26,"13:0:2 13:1:2",13,1,2,1,13,0,1,10,4,"1:1:1 2:2:2 10:0:2 11:1:2"
WO_MO,13,26,"13:0:2 13:1:2",13,1,2,1,13,0,1,11,4,"1:1:1 1:2:2 11:0:2 11:1:2"
WO_MO,13,26,"13:0:2 13:1:2",13,1,2,2,13,0,1,2,4,"2:0:2 2:1:1 10:1:2 10:2:2"
WO_MO,13,26,"13:0:2 13:1:2",13,1,2,2,13,0,1,10,4,"2:1:1 2:2:2 10:0:2 10:1:2"
WO_MO,13,26,"13:0:2 13:1:2",13,1,2,3,9,1,2,2,4,"2:2:2 3:1:1 6:1:2 13:0:2"
WO_MO,13,26,"13:0:2 13:1:2",13,1,2,3,9,1,2,5,4,"3:1:1 3:1:2 5:2:2 13:0:2"
WO_MO,13,26,"13:0:2 13:1:2",13,1,2,3,9,1,2,6,4,"2:1:2 3:1:1 6:2:2 13:0:2"
WO_MO,13,26,"13:0:2 13:1:2",13,1,2,3,9,1,2,7,4,"1:1:2 3:1:1 7:2:2 13:0:2"
WO_MO,13,26,"13:0:2 13:1:2",13,1,2,3,13,0,1,2,4,"2:0:2 3:1:1 9:1:2 10:2:2"
WO_MO,13,26,"13:0:2 13:1:2",13,1,2,3,13,0,1,3,4,"3:0:2 3:1:1 9:1:2 9:2:2"
WO_MO,13,26,"13:0:2 13:1:2",13,1,2,3,13,0,1,5,4,"3:1:1 5:0:2 7:2:2 9:1:2"
WO_MO,13,26,"13:0:2 13:1:2",13,1,2,3,13,0,1,6,4,"3:1:1 6:0:2 6:2:2 9:1:2"
WO_MO,13,26,"13:0:2 13:1:2",13,1,2,3,13,0,1,7,4,"3:1:1 5:2:2 7:0:2 9:1:2"
WO_MO,13,26,"13:0:2 13:1:2",13,1,2,3,13,0,1,9,4,"3:1:1 3:2:2 9:0:2 9:1:2"
WO_MO,13,26,"13:0:2 13:1:2",13,1,2,3,13,0,1,10,4,"2:2:2 3:1:1 9:1:2 10:0:2"
WO_MO,13,26,"13:0:2 13:1:2",13,1,2,4,8,1,2,2,4,"2:2:2 4:1:1 5:1:2 13:0:2"
WO_MO,13,26,"13:0:2 13:1:2",13,1,2,4,13,0,1,2,4,"2:0:2 4:1:1 8:1:2 10:2:2"
WO_MO,13,26,"13:0:2 13:1:2",13,1,2,4,13,0,1,7,4,"4:1:1 5:2:2 7:0:2 8:1:2"
WO_MO,13,26,"13:0:2 13:1:2",13,1,2,4,13,0,1,8,4,"4:1:1 4:2:2 8:0:2 8:1:2"
WO_MO,13,26,"13:0:2 13:1:2",13,1,2,4,13,0,1,10,4,"2:2:2 4:1:1 8:1:2 10:0:2"
WO_MO,13,26,"13:0:2 13:1:2",13,1,2,5,13,0,1,2,4,"2:0:2 5:1:1 7:1:2 10:2:2"
WO_MO,13,26,"13:0:2 13:1:2",13,1,2,5,13,0,1,7,4,"5:1:1 5:2:2 7:0:2 7:1:2"
WO_MO,13,26,"13:0:2 13:1:2",13,1,2,5,13,0,1,10,4,"2:2:2 5:1:1 7:1:2 10:0:2"
WO_MO,13,26,"13:0:2 13:1:2",13,1,2,6,6,1,2,2,4,"2:2:2 3:1:2 6:1:1 13:0:2"
WO_MO,13,26,"13:0:2 13:1:2",13,1,2,6,13,0,1,2,4,"2:0:2 6:1:1 6:1:2 10:2:2"
WO_MO,13,26,"13:0:2 13:1:2",13,1,2,6,13,0,1,3,4,"3:0:2 6:1:1 6:1:2 9:2:2"
WO_MO,13,26,"13:0:2 13:1:2",13,1,2,6,13,0,1,6,4,"6:0:2 6:1:1 6:1:2 6:2:2"
WO_MO,13,26,"13:0:2 13:1:2",13,1,2,7,5,1,2,2,4,"2:1:2 2:2:2 7:1:1 13:0:2"
WO_MO,13,26,"13:0:2 13:1:2",13,1,2,7,13,0,1,2,4,"2:0:2 5:1:2 7:1:1 10:2:2"
WO_MO,13,26,"13:0:2 13:1:2",13,1,2,7,13,0,1,5,4,"5:0:2 5:1:2 7:1:1 7:2:2"
WO_MO,13,26,"13:0:2 13:1:2",13,1,2,7,13,0,1,7,4,"5:1:2 5:2:2 7:0:2 7:1:1"
WO_MO,13,26,"13:0:2 13:1:2",13,1,2,7,13,0,1,10,4,"2:2:2 5:1:2 7:1:1 10:0:2"
WO_MO,13,26,"13:0:2 13:1:2",13,1,2,8,13,0,1,2,4,"2:0:2 4:1:2 8:1:1 10:2:2"
WO_MO,13,26,"13:0:2 13:1:2",13,1,2,8,13,0,1,4,4,"4:0:2 4:1:2 8:1:1 8:2:2"
WO_MO,13,26,"13:0:2 13:1:2",13,1,2,8,13,0,1,7,4,"4:1:2 5:2:2 7:0:2 8:1:1"
WO_MO,13,26,"13:0:2 13:1:2",13,1,2,8,13,0,1,10,4,"2:2:2 4:1:2 8:1:1 10:0:2"
WO_MO,13,26,"13:0:2 13:1:2",13,1,2,9,13,0,1,2,4,"2:0:2 3:1:2 9:1:1 10:2:2"
WO_MO,13,26,"13:0:2 13:1:2",13,1,2,9,13,0,1,3,4,"3:0:2 3:1:2 9:1:1 9:2:2"
WO_MO,13,26,"13:0:2 13:1:2",13,1,2,10,13,0,1,2,4,"2:0:2 2:1:2 10:1:1 10:2:2"
WO_MO,13,26,"13:0:2 13:1:2",13,1,2,10,13,0,1,7,4,"2:1:2 5:2:2 7:0:2 10:1:1"
WO_MO,13,26,"13:0:2 13:1:2",13,1,2,10,13,0,1,10,4,"2:1:2 2:2:2 10:0:2 10:1:1"
WO_MO,13,26,"13:0:2 13:1:2",13,1,2,11,13,0,1,1,4,"1:0:2 1:1:2 11:1:1 11:2:2"
WO_MO,13,26,"13:0:2 13:1:2",13,1,2,11,13,0,1,2,4,"1:1:2 2:0:2 10:2:2 11:1:1"
WO_MO,13,26,"13:0:2 13:1:2",13,1,2,11,13,0,1,4,4,"1:1:2 4:0:2 8:2:2 11:1:1"
WO_MO,13,26,"13:0:2 13:1:2",13,1,2,11,13,0,1,7,4,"1:1:2 5:2:2 7:0:2 11:1:1"
WO_MO,13,26,"13:0:2 13:1:2",13,1,2,11,13,0,1,10,4,"1:1:2 2:2:2 10:0:2 11:1:1"
WO_PLUS_MO,13,27,"13:1:2 14:0:2",13,1,2,0,12,1,2,1,3,"1:2:2 10:1:2 14:0:2"
WO_PLUS_MO,13,27,"13:1:2 14:0:2",13,1,2,0,12,1,2,2,3,"2:2:2 9:1:2 14:0:2"
WO_PLUS_MO,13,27,"13:1:2 14:0:2",13,1,2,0,12,1,2,3,3,"3:2:2 8:1:2 14:0:2"
WO_PLUS_MO,13,27,"13:1:2 14:0:2",13,1,2,0,12,1,2,4,3,"4:2:2 7:1:2 14:0:2"
WO_PLUS_MO,13,27,"13:1:2 14:0:2",13,1,2,0,12,1,2,5,3,"5:2:2 6:1:2 14:0:2"
WO_PLUS_MO,13,27,"13:1:2 14:0:2",13,1,2,0,12,1,2,6,3,"5:1:2 6:2:2 14:0:2"
WO_PLUS_MO,13,27,"13:1:2 14:0:2",13,1,2,0,12,1,2,7,3,"4:1:2 7:2:2 14:0:2"
WO_PLUS_MO,13,27,"13:1:2 14:0:2",13,1,2,0,12,1,2,8,3,"3:1:2 8:2:2 14:0:2"
WO_PLUS_MO,13,27,"13:1:2 14:0:2",13,1,2,0,12,1,2,9,3,"2:1:2 9:2:2 14:0:2"
WO_PLUS_MO,13,27,"13:1:2 14:0:2",13,1,2,0,12,1,2,10,3,"1:1:2 10:2:2 14:0:2"
WO_PLUS_MO,13,27,"13:1:2 14:0:2",13,1,2,0,14,0,1,1,3,"1:0:2 12:1:2 12:2:2"
WO_PLUS_MO,13,27,"13:1:2 14:0:2",13,1,2,0,14,0,1,2,3,"2:0:2 11:2:2 12:1:2"
WO_PLUS_MO,13,27,"13:1:2 14:0:2",13,1,2,0,14,0,1,3,3,"3:0:2 10:2:2 12:1:2"
WO_PLUS_MO,13,27,"13:1:2 14:0:2",13,1,2,0,14,0,1,4,3,"4:0:2 9:2:2 12:1:2"
WO_PLUS_MO,13,27,"13:1:2 14:0:2",13,1,2,0,14,0,1,5,3,"5:0:2 8:2:2 12:1:2"
WO_PLUS_MO,13,27,"13:1:2 14:0:2",13,1,2,0,14,0,1,6,3,"6:0:2 7:2:2 12:1:2"
WO_PLUS_MO,13,27,"13:1:2 14:0:2",13,1,2,0,14,0,1,7,3,"6:2:2 7:0:2 12:1:2"
WO_PLUS_MO,13,27,"13:1:2 14:0:2",13,1,2,0,14,0,1,8,3,"5:2:2 8:0:2 12:1:2"
WO_PLUS_MO,13,27,"13:1:2 14:0:2",13,1,2,0,14,0,1,9,3,"4:2:2 9:0:2 12:1:2"
WO_PLUS_MO,13,27,"13:1:2 14:0:2",13,1,2,0,14,0,1,10,3,"3:2:2 10:0:2 12:1:2"
WO_PLUS_MO,13,27,"13:1:2 14:0:2",13,1,2,0,14,0,1,11,3,"2:2:2 11:0:2 12:1:2"
WO_PLUS_MO,13,27,"13:1:2 14:0:2",13,1,2,0,14,0,1,12,3,"1:2:2 12:0:2 12:1:2"
WO_PLUS_MO,13,27,"13:1:2 14:0:2",13,1,2,0,14,0,1,13,2,"12:1:2 13:0:2"
WO_PLUS_MO,13,27,"13:1:2 14:0:2",13,1,2,1,11,1,2,2,4,"1:1:1 2:2:2 8:1:2 14:0:2"
WO_PLUS_MO,13,27,"13:1:2 14:0:2",13,1,2,1,11,1,2,4,4,"1:1:1 4:2:2 6:1:2 14:0:2"
WO_PLUS_MO,13,27,"13:1:2 14:0:2",13,1,2,1,11,1,2,5,4,"1:1:1 5:1:2 5:2:2 14:0:2"
WO_PLUS_MO,13,27,"13:1:2 14:0:2",13,1,2,1,11,1,2,6,4,"1:1:1 4:1:2 6:2:2 14:0:2"
WO_PLUS_MO,13,27,"13:1:2 14:0:2",13,1,2,1,11,1,2,7,4,"1:1:1 3:1:2 7:2:2 14:0:2"
WO_PLUS_MO,13,27,"13:1:2 14:0:2",13,1,2,1,11,1,2,8,4,"1:1:1 2:1:2 8:2:2 14:0:2"
WO_PLUS_MO,13,27,"13:1:2 14:0:2",13,1,2,1,11,1,2,9,4,"1:1:1 1:1:2 9:2:2 14:0:2"
WO_PLUS_MO,13,27,"13:1:2 14:0:2",13,1,2,1,14,0,1,2,4,"1:1:1 2:0:2 11:1:2 11:2:2"
WO_PLUS_MO,13,27,"13:1:2 14:0:2",13,1,2,1,14,0,1,3,4,"1:1:1 3:0:2 10:2:2 11:1:2"
WO_PLUS_MO,13,27,"13:1:2 14:0:2",13,1,2,1,14,0,1,4,4,"1:1:1 4:0:2 9:2:2 11:1:2"
WO_PLUS_MO,13,27,"13:1:2 14:0:2",13,1,2,1,14,0,1,5,4,"1:1:1 5:0:2 8:2:2 11:1:2"
WO_PLUS_MO,13,27,"13:1:2 14:0:2",13,1,2,1,14,0,1,6,4,"1:1:1 6:0:2 7:2:2 11:1:2"
WO_PLUS_MO,13,27,"13:1:2 14:0:2",13,1,2,1,14,0,1,7,4,"1:1:1 6:2:2 7:0:2 11:1:2"
WO_PLUS_MO,13,27,"13:1:2 14:0:2",13,1,2,1,14,0,1,8,4,"1:1:1 5:2:2 8:0:2 11:1:2"
WO_PLUS_MO,13,27,"13:1:2 14:0:2",13,1,2,1,14,0,1,9,4,"1:1:1 4:2:2 9:0:2 11:1:2"
WO_PLUS_MO,13,27,"13:1:2 14:0:2",13,1,2,1,14,0,1,11,4,"1:1:1 2:2:2 11:0:2 11:1:2"
WO_PLUS_MO,13,27,"13:1:2 14:0:2",13,1,2,1,14,0,1,12,4,"1:1:1 1:2:2 11:1:2 12:0:2"
WO_PLUS_MO,13,27,"13:1:2 14:0:2",13,1,2,2,14,0,1,11,4,"2:1:1 2:2:2 10:1:2 11:0:2"
WO_PLUS_MO,13,27,"13:1:2 14:0:2",13,1,2,3,9,1,2,2,4,"2:2:2 3:1:1 6:1:2 14:0:2"
WO_PLUS_MO,13,27,"13:1:2 14:0:2",13,1,2,3,9,1,2,4,4,"3:1:1 4:1:2 4:2:2 14:0:2"
WO_PLUS_MO,13,27,"13:1:2 14:0:2",13,1,2,3,9,1,2,5,4,"3:1:1 3:1:2 5:2:2 14:0:2"
WO_PLUS_MO,13,27,"13:1:2 14:0:2",13,1,2,3,9,1,2,6,4,"2:1:2 3:1:1 6:2:2 14:0:2"
WO_PLUS_MO,13,27,"13:1:2 14:0:2",13,1,2,3,9,1,2,7,4,"1:1:2 3:1:1 7:2:2 14:0:2"
WO_PLUS_MO,13,27,"13:1:2 14:0:2",13,1,2,3,14,0,1,4,4,"3:1:1 4:0:2 9:1:2 9:2:2"
WO_PLUS_MO,13,27,"13:1:2 14:0:2",13,1,2,3,14,0,1,5,4,"3:1:1 5:0:2 8:2:2 9:1:2"
WO_PLUS_MO,13,27,"13:1:2 14:0:2",13,1,2,3,14,0,1,6,4,"3:1:1 6:0:2 7:2:2 9:1:2"
WO_PLUS_MO,13,27,"13:1:2 14:0:2",13,1,2,3,14,0,1,7,4,"3:1:1 6:2:2 7:0:2 9:1:2"
WO_PLUS_MO,13,27,"13:1:2 14:0:2",13,1,2,3,14,0,1,8,4,"3:1:1 5:2:2 8:0:2 9:1:2"
WO_PLUS_MO,13,27,"13:1:2 14:0:2",13,1,2,3,14,0,1,9,4,"3:1:1 4:2:2 9:0:2 9:1:2"
WO_PLUS_MO,13,27,"13:1:2 14:0:2",13,1,2,3,14,0,1,10,4,"3:1:1 3:2:2 9:1:2 10:0:2"
WO_PLUS_MO,13,27,"13:1:2 14:0:2",13,1,2,3,14,0,1,11,4,"2:2:2 3:1:1 9:1:2 11:0:2"
WO_PLUS_MO,13,27,"13:1:2 14:0:2",13,1,2,4,8,1,2,2,4,"2:2:2 4:1:1 5:1:2 14:0:2"
WO_PLUS_MO,13,27,"13:1:2 14:0:2",13,1,2,4,8,1,2,5,4,"2:1:2 4:1:1 5:2:2 14:0:2"
WO_PLUS_MO,13,27,"13:1:2 14:0:2",13,1,2,4,14,0,1,5,4,"4:1:1 5:0:2 8:1:2 8:2:2"
WO_PLUS_MO,13,27,"13:1:2 14:0:2",13,1,2,4,14,0,1,8,4,"4:1:1 5:2:2 8:0:2 8:1:2"
WO_PLUS_MO,13,27,"13:1:2 14:0:2",13,1,2,4,14,0,1,9,4,"4:1:1 4:2:2 8:1:2 9:0:2"
WO_PLUS_MO,13,27,"13:1:2 14:0:2",13,1,2,4,14,0,1,11,4,"2:2:2 4:1:1 8:1:2 11:0:2"
WO_PLUS_MO,13,27,"13:1:2 14:0:2",13,1,2,5,14,0,1,8,4,"5:1:1 5:2:2 7:1:2 8:0:2"
WO_PLUS_MO,13,27,"13:1:2 14:0:2",13,1,2,5,14,0,1,11,4,"2:2:2 5:1:1 7:1:2 11:0:2"
WO_PLUS_MO,13,27,"13:1:2 14:0:2",13,1,2,6,6,1,2,2,4,"2:2:2 3:1:2 6:1:1 14:0:2"
WO_PLUS_MO,13,27,"13:1:2 14:0:2",13,1,2,6,14,0,1,4,4,"4:0:2 6:1:1 6:1:2 9:2:2"
WO_PLUS_MO,13,27,"13:1:2 14:0:2",13,1,2,6,14,0,1,7,4,"6:1:1 6:1:2 6:2:2 7:0:2"
WO_PLUS_MO,13,27,"13:1:2 14:0:2",13,1,2,7,5,1,2,2,4,"2:1:2 2:2:2 7:1:1 14:0:2"
WO_PLUS_MO,13,27,"13:1:2 14:0:2",13,1,2,7,14,0,1,5,4,"5:0:2 5:1:2 7:1:1 8:2:2"
WO_PLUS_MO,13,27,"13:1:2 14:0:2",13,1,2,7,14,0,1,6,4,"5:1:2 6:0:2 7:1:1 7:2:2"
WO_PLUS_MO,13,27,"13:1:2 14:0:2",13,1,2,7,14,0,1,8,4,"5:1:2 5:2:2 7:1:1 8:0:2"
WO_PLUS_MO,13,27,"13:1:2 14:0:2",13,1,2,7,14,0,1,11,4,"2:2:2 5:1:2 7:1:1 11:0:2"
WO_PLUS_MO,13,27,"13:1:2 14:0:2",13,1,2,8,14,0,1,5,4,"4:1:2 5:0:2 8:1:1 8:2:2"
WO_PLUS_MO,13,27,"13:1:2 14:0:2",13,1,2,8,14,0,1,8,4,"4:1:2 5:2:2 8:0:2 8:1:1"
WO_PLUS_MO,13,27,"13:1:2 14:0:2",13,1,2,8,14,0,1,11,4,"2:2:2 4:1:2 8:1:1 11:0:2"
WO_PLUS_MO,13,27,"13:1:2 14:0:2",13,1,2,9,14,0,1,4,4,"3:1:2 4:0:2 9:1:1 9:2:2"
WO_PLUS_MO,13,27,"13:1:2 14:0:2",13,1,2,9,14,0,1,7,4,"3:1:2 6:2:2 7:0:2 9:1:1"
WO_PLUS_MO,13,27,"13:1:2 14:0:2",13,1,2,10,14,0,1,3,4,"2:1:2 3:0:2 10:1:1 10:2:2"
WO_PLUS_MO,13,27,"13:1:2 14:0:2",13,1,2,10,14,0,1,5,4,"2:1:2 5:0:2 8:2:2 10:1:1"
WO_PLUS_MO,13,27,"13:1:2 14:0:2",13,1,2,10,14,0,1,6,4,"2:1:2 6:0:2 7:2:2 10:1:1"
WO_PLUS_MO,13,27,"13:1:2 14:0:2",13,1,2,10,14,0,1,8,4,"2:1:2 5:2:2 8:0:2 10:1:1"
WO_PLUS_MO,13,27,"13:1:2 14:0:2",13,1,2,10,14,0,1,11,4,"2:1:2 2:2:2 10:1:1 11:0:2"
WO_PLUS_MO,13,27,"13:1:2 14:0:2",13,1,2,11,14,0,1,2,4,"1:1:2 2:0:2 11:1:1 11:2:2"
WO_PLUS_MO,13,27,"13:1:2 14:0:2",13,1,2,11,14,0,1,5,4,"1:1:2 5:0:2 8:2:2 11:1:1"
WO_PLUS_MO,13,27,"13:1:2 14:0:2",13,1,2,11,14,0,1,8,4,"1:1:2 5:2:2 8:0:2 11:1:1"
WO_PLUS_MO,13,27,"13:1:2 14:0:2",13,1,2,11,14,0,1,11,4,"1:1:2 2:2:2 11:0:2 11:1:1"
WO_PLUS_MO,13,27,"13:1:2 14:0:2",14,0,2,1,12,1,2,2,4,"1:0:1 2:2:2 9:1:2 13:1:2"
WO_PLUS_MO,13,27,"13:1:2 14:0:2",14,0,2,1,12,1,2,3,4,"1:0:1 3:2:2 8:1:2 13:1:2"
WO_PLUS_MO,13,27,"13:1:2 14:0:2",14,0,2,1,12,1,2,4,4,"1:0:1 4:2:2 7:1:2 13:1:2"
WO_PLUS_MO,13,27,"13:1:2 14:0:2",14,0,2,1,12,1,2,5,4,"1:0:1 5:2:2 6:1:2 13:1:2"
WO_PLUS_MO,13,27,"13:1:2 14:0:2",14,0,2,1,12,1,2,6,4,"1:0:1 5:1:2 6:2:2 13:1:2"
WO_PLUS_MO,13,27,"13:1:2 14:0:2",14,0,2,1,12,1,2,7,4,"1:0:1 4:1:2 7:2:2 13:1:2"
WO_PLUS_MO,13,27,"13:1:2 14:0:2",14,0,2,1,12,1,2,8,4,"1:0:1 3:1:2 8:2:2 13:1:2"
WO_PLUS_MO,13,27,"13:1:2 14:0:2",14,0,2,1,12,1,2,9,4,"1:0:1 2:1:2 9:2:2 13:1:2"
WO_PLUS_MO,13,27,"13:1:2 14:0:2",14,0,2,1,12,1,2,10,4,"1:0:1 1:1:2 10:2:2 13:1:2"
WO_PLUS_MO,13,27,"13:1:2 14:0:2",14,0,2,1,13,1,2,0,3,"1:0:1 12:1:2 12:1:2"
WO_PLUS_MO,13,27,"13:1:2 14:0:2",14,0,2,1,13,1,2,1,4,"1:0:1 1:2:2 11:1:2 12:1:2"
WO_PLUS_MO,13,27,"13:1:2 14:0:2",14,0,2,1,13,1,2,2,4,"1:0:1 2:2:2 10:1:2 12:1:2"
WO_PLUS_MO,13,27,"13:1:2 14:0:2",14,0,2,1,13,1,2,3,4,"1:0:1 3:2:2 9:1:2 12:1:2"
WO_PLUS_MO,13,27,"13:1:2 14:0:2",14,0,2,1,13,1,2,4,4,"1:0:1 4:2:2 8:1:2 12:1:2"
WO_PLUS_MO,13,27,"13:1:2 14:0:2",14,0,2,1,13,1,2,5,4,"1:0:1 5:2:2 7:1:2 12:1:2"
WO_PLUS_MO,13,27,"13:1:2 14:0:2",14,0,2,1,13,1,2,6,4,"1:0:1 6:1:2 6:2:2 12:1:2"
WO_PLUS_MO,13,27,"13:1:2 14:0:2",14,0,2,1,13,1,2,7,4,"1:0:1 5:1:2 7:2:2 12:1:2"
WO_PLUS_MO,13,27,"13:1:2 14:0:2",14,0,2,1,13,1,2,8,4,"1:0:1 4:1:2 8:2:2 12:1:2"
WO_PLUS_MO,13,27,"13:1:2 14:0:2",14,0,2,1,13,1,2,9,4,"1:0:1 3:1:2 9:2:2 12:1:2"
WO_PLUS_MO,13,27,"13:1:2 14:0:2",14,0,2,1,13,1,2,10,4,"1:0:1 2:1:2 10:2:2 12:1:2"
WO_PLUS_MO,13,27,"13:1:2 14:0:2",14,0,2,1,13,1,2,11,4,"1:0:1 1:1:2 11:2:2 12:1:2"
WO_PLUS_MO,13,27,"13:1:2 14:0:2",14,0,2,2,11,1,2,2,4,"2:0:1 2:2:2 8:1:2 13:1:2"
WO_PLUS_MO,13,27,"13:1:2 14:0:2",14,0,2,2,11,1,2,5,4,"2:0:1 5:1:2 5:2:2 13:1:2"
WO_PLUS_MO,13,27,"13:1:2 14:0:2",14,0,2,2,11,1,2,7,4,"2:0:1 3:1:2 7:2:2 13:1:2"
WO_PLUS_MO,13,27,"13:1:2 14:0:2",14,0,2,2,11,1,2,8,4,"2:0:1 2:1:2 8:2:2 13:1:2"
WO_PLUS_MO,13,27,"13:1:2 14:0:2",14,0,2,2,11,1,2,9,4,"1:1:2 2:0:1 9:2:2 13:1:2"
WO_PLUS_MO,13,27,"13:1:2 14:0:2",14,0,2,2,13,1,2,1,4,"1:2:2 2:0:1 11:1:2 11:1:2"
WO_PLUS_MO,13,27,"13:1:2 14:0:2",14,0,2,2,13,1,2,2,4,"2:0:1 2:2:2 10:1:2 11:1:2"
WO_PLUS_MO,13,27,"13:1:2 14:0:2",14,0,2,2,13,1,2,4,4,"2:0:1 4:2:2 8:1:2 11:1:2"
WO_PLUS_MO,13,27,"13:1:2 14:0:2",14,0,2,2,13,1,2,5,4,"2:0:1 5:2:2 7:1:2 11:1:2"
WO_PLUS_MO,13,27,"13:1:2 14:0:2",14,0,2,2,13,1,2,7,4,"2:0:1 5:1:2 7:2:2 11:1:2"
WO_PLUS_MO,13,27,"13:1:2 14:0:2",14,0,2,2,13,1,2,8,4,"2:0:1 4:1:2 8:2:2 11:1:2"
WO_PLUS_MO,13,27,"13:1:2 14:0:2",14,0,2,2,13,1,2,9,4,"2:0:1 3:1:2 9:2:2 11:1:2"
WO_PLUS_MO,13,27,"13:1:2 14:0:2",14,0,2,2,13,1,2,10,4,"2:0:1 2:1:2 10:2:2 11:1:2"
WO_PLUS_MO,13,27,"13:1:2 14:0:2",14,0,2,2,13,1,2,11,4,"1:1:2 2:0:1 11:1:2 11:2:2"
WO_PLUS_MO,13,27,"13:1:2 14:0:2",14,0,2,3,10,1,2,2,4,"2:2:2 3:0:1 7:1:2 13:1:2"
WO_PLUS_MO,13,27,"13:1:2 14:0:2",14,0,2,3,10,1,2,5,4,"3:0:1 4:1:2 5:2:2 13:1:2"
WO_PLUS_MO,13,27,"13:1:2 14:0:2",14,0,2,3,10,1,2,6,4,"3:0:1 3:1:2 6:2:2 13:1:2"
WO_PLUS_MO,13,27,"13:1:2 14:0:2",14,0,2,3,10,1,2,7,4,"2:1:2 3:0:1 7:2:2 13:1:2"
WO_PLUS_MO,13,27,"13:1:2 14:0:2",14,0,2,3,10,1,2,8,4,"1:1:2 3:0:1 8:2:2 13:1:2"
WO_PLUS_MO,13,27,"13:1:2 14:0:2",14,0,2,3,13,1,2,2,4,"2:2:2 3:0:1 10:1:2 10:1:2"
WO_PLUS_MO,13,27,"13:1:2 14:0:2",14,0,2,3,13,1,2,4,4,"3:0:1 4:2:2 8:1:2 10:1:2"
WO_PLUS_MO,13,27,"13:1:2 14:0:2",14,0,2,3,13,1,2,5,4,"3:0:1 5:2:2 7:1:2 10:1:2"
WO_PLUS_MO,13,27,"13:1:2 14:0:2",14,0,2,3,13,1,2,7,4,"3:0:1 5:1:2 7:2:2 10:1:2"
WO_PLUS_MO,13,27,"13:1:2 14:0:2",14,0,2,3,13,1,2,8,4,"3:0:1 4:1:2 8:2:2 10:1:2"
WO_PLUS_MO,13,27,"13:1:2 14:0:2",14,0,2,3,13,1,2,10,4,"2:1:2 3:0:1 10:1:2 10:2:2"
WO_PLUS_MO,13,27,"13:1:2 14:0:2",14,0,2,3,13,1,2,11,4,"1:1:2 3:0:1 10:1:2 11:2:2"
WO_PLUS_MO,13,27,"13:1:2 14:0:2",14,0,2,4,9,1,2,2,4,"2:2:2 4:0:1 6:1:2 13:1:2"
WO_PLUS_MO,13,27,"13:1:2 14:0:2",14,0,2,4,9,1,2,5,4,"3:1:2 4:0:1 5:2:2 13:1:2"
WO_PLUS_MO,13,27,"13:1:2 14:0:2",14,0,2,4,9,1,2,6,4,"2:1:2 4:0:1 6:2:2 13:1:2"
WO_PLUS_MO,13,27,"13:1:2 14:0:2",14,0,2,4,9,1,2,7,4,"1:1:2 4:0:1 7:2:2 13:1:2"
WO_PLUS_MO,13,27,"13:1:2 14:0:2",14,0,2,4,13,1,2,2,4,"2:2:2 4:0:1 9:1:2 10:1:2"
WO_PLUS_MO,13,27,"13:1:2 14:0:2",14,0,2,4,13,1,2,3,4,"3:2:2 4:0:1 9:1:2 9:1:2"
WO_PLUS_MO,13,27,"13:1:2 14:0:2",14,0,2,4,13,1,2,6,4,"4:0:1 6:1:2 6:2:2 9:1:2"
WO_PLUS_MO,13,27,"13:1:2 14:0:2",14,0,2,4,13,1,2,9,4,"3:1:2 4:0:1 9:1:2 9:2:2"
WO_PLUS_MO,13,27,"13:1:2 14:0:2",14,0,2,5,13,1,2,2,4,"2:2:2 5:0:1 8:1:2 10:1:2"
WO_PLUS_MO,13,27,"13:1:2 14:0:2",14,0,2,5,13,1,2,4,4,"4:2:2 5:0:1 8:1:2 8:1:2"
WO_PLUS_MO,13,27,"13:1:2 14:0:2",14,0,2,6,7,1,2,2,4,"2:2:2 4:1:2 6:0:1 13:1:2"
WO_PLUS_MO,13,27,"13:1:2 14:0:2",14,0,2,6,7,1,2,5,4,"1:1:2 5:2:2 6:0:1 13:1:2"
WO_PLUS_MO,13,27,"13:1:2 14:0:2",14,0,2,6,13,1,2,2,4,"2:2:2 6:0:1 7:1:2 10:1:2"
WO_PLUS_MO,13,27,"13:1:2 14:0:2",14,0,2,6,13,1,2,4,4,"4:2:2 6:0:1 7:1:2 8:1:2"
WO_PLUS_MO,13,27,"13:1:2 14:0:2",14,0,2,6,13,1,2,5,4,"5:2:2 6:0:1 7:1:2 7:1:2"
WO_PLUS_MO,13,27,"13:1:2 14:0:2",14,0,2,6,13,1,2,8,4,"4:1:2 6:0:1 7:1:2 8:2:2"
WO_PLUS_MO,13,27,"13:1:2 14:0:2",14,0,2,6,13,1,2,11,4,"1:1:2 6:0:1 7:1:2 11:2:2"
WO_PLUS_MO,13,27,"13:1:2 14:0:2",14,0,2,7,6,1,2,2,4,"2:2:2 3:1:2 7:0:1 13:1:2"
WO_PLUS_MO,13,27,"13:1:2 14:0:2",14,0,2,7,13,1,2,6,4,"6:1:2 6:1:2 6:2:2 7:0:1"
WO_PLUS_MO,13,27,"13:1:2 14:0:2",14,0,2,7,13,1,2,9,4,"3:1:2 6:1:2 7:0:1 9:2:2"
WO_PLUS_MO,13,27,"13:1:2 14:0:2",14,0,2,8,13,1,2,2,4,"2:2:2 5:1:2 8:0:1 10:1:2"
WO_PLUS_MO,13,27,"13:1:2 14:0:2",14,0,2,8,13,1,2,7,4,"5:1:2 5:1:2 7:2:2 8:0:1"
WO_PLUS_MO,13,27,"13:1:2 14:0:2",14,0,2,9,4,1,2,2,4,"1:1:2 2:2:2 9:0:1 13:1:2"
WO_PLUS_MO,13,27,"13:1:2 14:0:2",14,0,2,9,13,1,2,2,4,"2:2:2 4:1:2 9:0:1 10:1:2"
WO_PLUS_MO,13,27,"13:1:2 14:0:2",14,0,2,9,13,1,2,5,4,"4:1:2 5:2:2 7:1:2 9:0:1"
WO_PLUS_MO,13,27,"13:1:2 14:0:2",14,0,2,9,13,1,2,7,4,"4:1:2 5:1:2 7:2:2 9:0:1"
WO_PLUS_MO,13,27,"13:1:2 14:0:2",14,0,2,9,13,1,2,8,4,"4:1:2 4:1:2 8:2:2 9:0:1"
WO_PLUS_MO,13,27,"13:1:2 14:0:2",14,0,2,9,13,1,2,11,4,"1:1:2 4:1:2 9:0:1 11:2:2"
WO_PLUS_MO,13,27,"13:1:2 14:0:2",14,0,2,10,13,1,2,9,4,"3:1:2 3:1:2 9:2:2 10:0:1"
WO_PLUS_MO,13,27,"13:1:2 14:0:2",14,0,2,11,13,1,2,2,4,"2:1:2 2:2:2 10:1:2 11:0:1"
WO_PLUS_MO,13,27,"13:1:2 14:0:2",14,0,2,11,13,1,2,4,4,"2:1:2 4:2:2 8:1:2 11:0:1"
WO_PLUS_MO,13,27,"13:1:2 14:0:2",14,0,2,11,13,1,2,5,4,"2:1:2 5:2:2 7:1:2 11:0:1"
WO_PLUS_MO,13,27,"13:1:2 14:0:2",14,0,2,11,13,1,2,10,4,"2:1:2 2:1:2 10:2:2 11:0:1"
WO_PLUS_MO,13,27,"13:1:2 14:0:2",14,0,2,12,13,1,2,2,4,"1:1:2 2:2:2 10:1:2 12:0:1"
WO_PLUS_MO,13,27,"13:1:2 14:0:2",14,0,2,12,13,1,2,5,4,"1:1:2 5:2:2 7:1:2 12:0:1"
WO_PLUS_MO,13,27,"13:1:2 14:0:2",14,0,2,12,13,1,2,8,4,"1:1:2 4:1:2 8:2:2 12:0:1"
WO_PLUS_MO,13,27,"13:1:2 14:0:2",14,0,2,12,13,1,2,9,4,"1:1:2 3:1:2 9:2:2 12:0:1"
WO_PLUS_MO,13,27,"13:1:2 14:0:2",14,0,2,12,13,1,2,10,4,"1:1:2 2:1:2 10:2:2 12:0:1"
WO_PLUS_MO,13,27,"13:1:2 14:0:2",14,0,2,12,13,1,2,11,4,"1:1:2 1:1:2 11:2:2 12:0:1"
MO_MO,14,28,"14:1:2 14:1:2",14,1,2,0,13,1,2,2,3,"2:2:2 10:1:2 14:1:2"
MO_MO,14,28,"14:1:2 14:1:2",14,1,2,0,13,1,2,3,3,"3:2:2 9:1:2 14:1:2"
MO_MO,14,28,"14:1:2 14:1:2",14,1,2,0,13,1,2,4,3,"4:2:2 8:1:2 14:1:2"
MO_MO,14,28,"14:1:2 14:1:2",14,1,2,0,13,1,2,5,3,"5:2:2 7:1:2 14:1:2"
MO_MO,14,28,"14:1:2 14:1:2",14,1,2,0,13,1,2,6,3,"6:1:2 6:2:2 14:1:2"
MO_MO,14,28,"14:1:2 14:1:2",14,1,2,0,13,1,2,7,3,"5:1:2 7:2:2 14:1:2"
MO_MO,14,28,"14:1:2 14:1:2",14,1,2,0,13,1,2,8,3,"4:1:2 8:2:2 14:1:2"
MO_MO,14,28,"14:1:2 14:1:2",14,1,2,0,13,1,2,9,3,"3:1:2 9:2:2 14:1:2"
MO_MO,14,28,"14:1:2 14:1:2",14,1,2,0,13,1,2,10,3,"2:1:2 10:2:2 14:1:2"
MO_MO,14,28,"14:1:2 14:1:2",14,1,2,0,13,1,2,11,3,"1:1:2 11:2:2 14:1:2"
MO_MO,14,28,"14:1:2 14:1:2",14,1,2,0,14,1,2,0,2,"13:1:2 13:1:2"
MO_MO,14,28,"14:1:2 14:1:2",14,1,2,0,14,1,2,1,3,"1:2:2 12:1:2 13:1:2"
MO_MO,14,28,"14:1:2 14:1:2",14,1,2,0,14,1,2,2,3,"2:2:2 11:1:2 13:1:2"
MO_MO,14,28,"14:1:2 14:1:2",14,1,2,0,14,1,2,3,3,"3:2:2 10:1:2 13:1:2"
MO_MO,14,28,"14:1:2 14:1:2",14,1,2,0,14,1,2,4,3,"4:2:2 9:1:2 13:1:2"
MO_MO,14,28,"14:1:2 14:1:2",14,1,2,0,14,1,2,5,3,"5:2:2 8:1:2 13:1:2"
MO_MO,14,28,"14:1:2 14:1:2",14,1,2,0,14,1,2,6,3,"6:2:2 7:1:2 13:1:2"
MO_MO,14,28,"14:1:2 14:1:2",14,1,2,0,14,1,2,7,3,"6:1:2 7:2:2 13:1:2"
MO_MO,14,28,"14:1:2 14:1:2",14,1,2,0,14,1,2,8,3,"5:1:2 8:2:2 13:1:2"
MO_MO,14,28,"14:1:2 14:1:2",14,1,2,0,14,1,2,9,3,"4:1:2 9:2:2 13:1:2"
MO_MO,14,28,"14:1:2 14:1:2",14,1,2,0,14,1,2,10,3,"3:1:2 10:2:2 13:1:2"
MO_MO,14,28,"14:1:2 14:1:2",14,1,2,0,14,1,2,11,3,"2:1:2 11:2:2 13:1:2"
MO_MO,14,28,"14:1:2 14:1:2",14,1,2,0,14,1,2,12,3,"1:1:2 12:2:2 13:1:2"
MO_MO,14,28,"14:1:2 14:1:2",14,1,2,1,12,1,2,2,4,"1:1:1 2:2:2 9:1:2 14:1:2"
MO_MO,14,28,"14:1:2 14:1:2",14,1,2,1,12,1,2,4,4,"1:1:1 4:2:2 7:1:2 14:1:2"
MO_MO,14,28,"14:1:2 14:1:2",14,1,2,1,12,1,2,5,4,"1:1:1 5:2:2 6:1:2 14:1:2"
MO_MO,14,28,"14:1:2 14:1:2",14,1,2,1,12,1,2,6,4,"1:1:1 5:1:2 6:2:2 14:1:2"
MO_MO,14,28,"14:1:2 14:1:2",14,1,2,1,12,1,2,8,4,"1:1:1 3:1:2 8:2:2 14:1:2"
MO_MO,14,28,"14:1:2 14:1:2",14,1,2,1,12,1,2,9,4,"1:1:1 2:1:2 9:2:2 14:1:2"
MO_MO,14,28,"14:1:2 14:1:2",14,1,2,1,12,1,2,10,4,"1:1:1 1:1:2 10:2:2 14:1:2"
MO_MO,14,28,"14:1:2 14:1:2",14,1,2,1,14,1,2,1,4,"1:1:1 1:2:2 12:1:2 12:1:2"
MO_MO,14,28,"14:1:2 14:1:2",14,1,2,1,14,1,2,2,4,"1:1:1 2:2:2 11:1:2 12:1:2"
MO_MO,14,28,"14:1:2 14:1:2",14,1,2,1,14,1,2,4,4,"1:1:1 4:2:2 9:1:2 12:1:2"
MO_MO,14,28,"14:1:2 14:1:2",14,1,2,1,14,1,2,5,4,"1:1:1 5:2:2 8:1:2 12:1:2"
MO_MO,14,28,"14:1:2 14:1:2",14,1,2,1,14,1,2,6,4,"1:1:1 6:2:2 7:1:2 12:1:2"
MO_MO,14,28,"14:1:2 14:1:2",14,1,2,1,14,1,2,7,4,"1:1:1 6:1:2 7:2:2 12:1:2"
MO_MO,14,28,"14:1:2 14:1:2",14,1,2,1,14,1,2,8,4,"1:1:1 5:1:2 8:2:2 12:1:2"
MO_MO,14,28,"14:1:2 14:1:2",14,1,2,1,14,1,2,9,4,"1:1:1 4:1:2 9:2:2 12:1:2"
MO_MO,14,28,"14:1:2 14:1:2",14,1,2,1,14,1,2,10,4,"1:1:1 3:1:2 10:2:2 12:1:2"
MO_MO,14,28,"14:1:2 14:1:2",14,1,2,1,14,1,2,11,4,"1:1:1 2:1:2 11:2:2 12:1:2"
MO_MO,14,28,"14:1:2 14:1:2",14,1,2,1,14,1,2,12,4,"1:1:1 1:1:2 12:1:2 12:2:2"
MO_MO,14,28,"14:1:2 14:1:2",14,1,2,2,14,1,2,2,4,"2:1:1 2:2:2 11:1:2 11:1:2"
MO_MO,14,28,"14:1:2 14:1:2",14,1,2,3,10,1,2,2,4,"2:2:2 3:1:1 7:1:2 14:1:2"
MO_MO,14,28,"14:1:2 14:1:2",14,1,2,3,10,1,2,4,4,"3:1:1 4:2:2 5:1:2 14:1:2"
MO_MO,14,28,"14:1:2 14:1:2",14,1,2,3,10,1,2,5,4,"3:1:1 4:1:2 5:2:2 14:1:2"
MO_MO,14,28,"14:1:2 14:1:2",14,1,2,3,10,1,2,7,4,"2:1:2 3:1:1 7:2:2 14:1:2"
MO_MO,14,28,"14:1:2 14:1:2",14,1,2,3,10,1,2,8,4,"1:1:2 3:1:1 8:2:2 14:1:2"
MO_MO,14,28,"14:1:2 14:1:2",14,1,2,3,14,1,2,2,4,"2:2:2 3:1:1 10:1:2 11:1:2"
MO_MO,14,28,"14:1:2 14:1:2",14,1,2,3,14,1,2,3,4,"3:1:1 3:2:2 10:1:2 10:1:2"
MO_MO,14,28,"14:1:2 14:1:2",14,1,2,3,14,1,2,4,4,"3:1:1 4:2:2 9:1:2 10:1:2"
MO_MO,14,28,"14:1:2 14:1:2",14,1,2,3,14,1,2,5,4,"3:1:1 5:2:2 8:1:2 10:1:2"
MO_MO,14,28,"14:1:2 14:1:2",14,1,2,3,14,1,2,6,4,"3:1:1 6:2:2 7:1:2 10:1:2"
MO_MO,14,28,"14:1:2 14:1:2",14,1,2,3,14,1,2,7,4,"3:1:1 6:1:2 7:2:2 10:1:2"
MO_MO,14,28,"14:1:2 14:1:2",14,1,2,3,14,1,2,8,4,"3:1:1 5:1:2 8:2:2 10:1:2"
MO_MO,14,28,"14:1:2 14:1:2",14,1,2,3,14,1,2,9,4,"3:1:1 4:1:2 9:2:2 10:1:2"
MO_MO,14,28,"14:1:2 14:1:2",14,1,2,3,14,1,2,10,4,"3:1:1 3:1:2 10:1:2 10:2:2"
MO_MO,14,28,"14:1:2 14:1:2",14,1,2,3,14,1,2,11,4,"2:1:2 3:1:1 10:1:2 11:2:2"
MO_MO,14,28,"14:1:2 14:1:2",14,1,2,3,14,1,2,12,4,"1:1:2 3:1:1 10:1:2 12:2:2"
MO_MO,14,28,"14:1:2 14:1:2",14,1,2,4,9,1,2,2,4,"2:2:2 4:1:1 6:1:2 14:1:2"
MO_MO,14,28,"14:1:2 14:1:2",14,1,2,4,9,1,2,5,4,"3:1:2 4:1:1 5:2:2 14:1:2"
MO_MO,14,28,"14:1:2 14:1:2",14,1,2,4,14,1,2,4,4,"4:1:1 4:2:2 9:1:2 9:1:2"
MO_MO,14,28,"14:1:2 14:1:2",14,1,2,4,14,1,2,9,4,"4:1:1 4:1:2 9:1:2 9:2:2"
MO_MO,14,28,"14:1:2 14:1:2",14,1,2,4,14,1,2,12,4,"1:1:2 4:1:1 9:1:2 12:2:2"
MO_MO,14,28,"14:1:2 14:1:2",14,1,2,5,14,1,2,5,4,"5:1:1 5:2:2 8:1:2 8:1:2"
MO_MO,14,28,"14:1:2 14:1:2",14,1,2,6,7,1,2,2,4,"2:2:2 4:1:2 6:1:1 14:1:2"
MO_MO,14,28,"14:1:2 14:1:2",14,1,2,6,7,1,2,5,4,"1:1:2 5:2:2 6:1:1 14:1:2"
MO_MO,14,28,"14:1:2 14:1:2",14,1,2,6,14,1,2,6,4,"6:1:1 6:2:2 7:1:2 7:1:2"
MO_MO,14,28,"14:1:2 14:1:2",14,1,2,6,14,1,2,9,4,"4:1:2 6:1:1 7:1:2 9:2:2"
MO_MO,14,28,"14:1:2 14:1:2",14,1,2,6,14,1,2,12,4,"1:1:2 6:1:1 7:1:2 12:2:2"
MO_MO,14,28,"14:1:2 14:1:2",14,1,2,7,6,1,2,2,4,"2:2:2 3:1:2 7:1:1 14:1:2"
MO_MO,14,28,"14:1:2 14:1:2",14,1,2,7,14,1,2,7,4,"6:1:2 6:1:2 7:1:1 7:2:2"
MO_MO,14,28,"14:1:2 14:1:2",14,1,2,8,14,1,2,2,4,"2:2:2 5:1:2 8:1:1 11:1:2"
MO_MO,14,28,"14:1:2 14:1:2",14,1,2,8,14,1,2,5,4,"5:1:2 5:2:2 8:1:1 8:1:2"
MO_MO,14,28,"14:1:2 14:1:2",14,1,2,8,14,1,2,8,4,"5:1:2 5:1:2 8:1:1 8:2:2"
MO_MO,14,28,"14:1:2 14:1:2",14,1,2,9,14,1,2,9,4,"4:1:2 4:1:2 9:1:1 9:2:2"
MO_MO,14,28,"14:1:2 14:1:2",14,1,2,9,14,1,2,12,4,"1:1:2 4:1:2 9:1:1 12:2:2"
MO_MO,14,28,"14:1:2 14:1:2",14,1,2,10,14,1,2,10,4,"3:1:2 3:1:2 10:1:1 10:2:2"
MO_MO,14,28,"14:1:2 14:1:2",14,1,2,11,14,1,2,2,4,"2:1:2 2:2:2 11:1:1 11:1:2"
MO_MO,14,28,"14:1:2 14:1:2",14,1,2,11,14,1,2,5,4,"2:1:2 5:2:2 8:1:2 11:1:1"
MO_MO,14,28,"14:1:2 14:1:2",14,1,2,11,14,1,2,8,4,"2:1:2 5:1:2 8:2:2 11:1:1"
MO_MO,14,28,"14:1:2 14:1:2",14,1,2,11,14,1,2,11,4,"2:1:2 2:1:2 11:1:1 11:2:2"
MO_MO,14,28,"14:1:2 14:1:2",14,1,2,12,14,1,2,12,4,"1:1:2 1:1:2 12:1:1 12:2:2"
OO_MM,14,28,"14:1:1 14:2:2",14,1,1,0,13,2,2,1,3,"1:1:2 11:1:2 14:2:2"
OO_MM,14,28,"14:1:1 14:2:2",14,1,1,0,13,2,2,2,3,"2:1:2 10:1:2 14:2:2"
OO_MM,14,28,"14:1:1 14:2:2",14,1,1,0,13,2,2,3,3,"3:1:2 9:1:2 14:2:2"
OO_MM,14,28,"14:1:1 14:2:2",14,1,1,0,13,2,2,4,3,"4:1:2 8:1:2 14:2:2"
OO_MM,14,28,"14:1:1 14:2:2",14,1,1,0,13,2,2,5,3,"5:1:2 7:1:2 14:2:2"
OO_MM,14,28,"14:1:1 14:2:2",14,1,1,0,13,2,2,6,3,"6:1:2 6:1:2 14:2:2"
OO_MM,14,28,"14:1:1 14:2:2",14,1,1,0,14,1,1,0,2,"13:1:1 13:2:2"
OO_MM,14,28,"14:1:1 14:2:2",14,1,1,0,14,1,1,1,3,"1:2:2 12:2:2 13:1:1"
OO_MM,14,28,"14:1:1 14:2:2",14,1,1,0,14,1,1,2,3,"2:2:2 11:2:2 13:1:1"
OO_MM,14,28,"14:1:1 14:2:2",14,1,1,0,14,1,1,3,3,"3:2:2 10:2:2 13:1:1"
OO_MM,14,28,"14:1:1 14:2:2",14,1,1,0,14,1,1,4,3,"4:2:2 9:2:2 13:1:1"
OO_MM,14,28,"14:1:1 14:2:2",14,1,1,0,14,1,1,5,3,"5:2:2 8:2:2 13:1:1"
OO_MM,14,28,"14:1:1 14:2:2",14,1,1,0,14,1,1,6,3,"6:2:2 7:2:2 13:1:1"
OO_MM,14,28,"14:1:1 14:2:2",14,1,1,1,12,2,2,1,4,"1:1:1 1:1:2 10:1:2 14:2:2"
OO_MM,14,28,"14:1:1 14:2:2",14,1,1,1,12,2,2,2,4,"1:1:1 2:1:2 9:1:2 14:2:2"
OO_MM,14,28,"14:1:1 14:2:2",14,1,1,1,12,2,2,3,4,"1:1:1 3:1:2 8:1:2 14:2:2"
OO_MM,14,28,"14:1:1 14:2:2",14,1,1,1,12,2,2,4,4,"1:1:1 4:1:2 7:1:2 14:2:2"
OO_MM,14,28,"14:1:1 14:2:2",14,1,1,1,12,2,2,5,4,"1:1:1 5:1:2 6:1:2 14:2:2"
OO_MM,14,28,"14:1:1 14:2:2",14,1,1,1,14,1,1,1,4,"1:1:1 1:2:2 12:1:1 12:2:2"
OO_MM,14,28,"14:1:1 14:2:2",14,1,1,1,14,1,1,2,4,"1:1:1 2:2:2 11:2:2 12:1:1"
OO_MM,14,28,"14:1:1 14:2:2",14,1,1,1,14,1,1,4,4,"1:1:1 4:2:2 9:2:2 12:1:1"
OO_MM,14,28,"14:1:1 14:2:2",14,1,1,1,14,1,1,5,4,"1:1:1 5:2:2 8:2:2 12:1:1"
OO_MM,14,28,"14:1:1 14:2:2",14,1,1,2,14,1,1,2,4,"2:1:1 2:2:2 11:1:1 11:2:2"
OO_MM,14,28,"14:1:1 14:2:2",14,1,1,2,14,1,1,5,4,"2:1:1 5:2:2 8:2:2 11:1:1"
OO_MM,14,28,"14:1:1 14:2:2",14,1,1,3,10,2,2,1,4,"1:1:2 3:1:1 8:1:2 14:2:2"
OO_MM,14,28,"14:1:1 14:2:2",14,1,1,3,10,2,2,2,4,"2:1:2 3:1:1 7:1:2 14:2:2"
OO_MM,14,28,"14:1:1 14:2:2",14,1,1,3,10,2,2,4,4,"3:1:1 4:1:2 5:1:2 14:2:2"
OO_MM,14,28,"14:1:1 14:2:2",14,1,1,3,14,1,1,2,4,"2:2:2 3:1:1 10:1:1 11:2:2"
OO_MM,14,28,"14:1:1 14:2:2",14,1,1,3,14,1,1,3,4,"3:1:1 3:2:2 10:1:1 10:2:2"
OO_MM,14,28,"14:1:1 14:2:2",14,1,1,3,14,1,1,4,4,"3:1:1 4:2:2 9:2:2 10:1:1"
OO_MM,14,28,"14:1:1 14:2:2",14,1,1,3,14,1,1,5,4,"3:1:1 5:2:2 8:2:2 10:1:1"
OO_MM,14,28,"14:1:1 14:2:2",14,1,1,3,14,1,1,6,4,"3:1:1 6:2:2 7:2:2 10:1:1"
OO_MM,14,28,"14:1:1 14:2:2",14,1,1,4,14,1,1,4,4,"4:1:1 4:2:2 9:1:1 9:2:2"
OO_MM,14,28,"14:1:1 14:2:2",14,1,1,5,14,1,1,2,4,"2:2:2 5:1:1 8:1:1 11:2:2"
OO_MM,14,28,"14:1:1 14:2:2",14,1,1,5,14,1,1,5,4,"5:1:1 5:2:2 8:1:1 8:2:2"
OO_MM,14,28,"14:1:1 14:2:2",14,1,1,6,14,1,1,2,4,"2:2:2 6:1:1 7:1:1 11:2:2"
OO_MM,14,28,"14:1:1 14:2:2",14,1,1,6,14,1,1,5,4,"5:2:2 6:1:1 7:1:1 8:2:2"
OO_MM,14,28,"14:1:1 14:2:2",14,1,1,6,14,1,1,6,4,"6:1:1 6:2:2 7:1:1 7:2:2"
OO_MM,14,28,"14:1:1 14:2:2",14,2,2,1,14,2,2,1,4,"1:1:2 1:1:2 12:1:2 12:1:2"
OO_MM,14,28,"14:1:1 14:2:2",14,2,2,2,14,2,2,2,4,"2:1:2 2:1:2 11:1:2 11:1:2"
OO_MM,14,28,"14:1:1 14:2:2",14,2,2,3,10,1,2,2,4,"2:2:2 3:1:2 7:1:2 14:1:1"
OO_MM,14,28,"14:1:1 14:2:2",14,2,2,3,14,2,2,3,4,"3:1:2 3:1:2 10:1:2 10:1:2"
OO_MM,14,28,"14:1:1 14:2:2",14,2,2,4,9,1,2,2,4,"2:2:2 4:1:2 6:1:2 14:1:1"
OO_MM,14,28,"14:1:1 14:2:2",14,2,2,4,14,2,2,4,4,"4:1:2 4:1:2 9:1:2 9:1:2"
OO_MM,14,28,"14:1:1 14:2:2",14,2,2,5,14,2,2,5,4,"5:1:2 5:1:2 8:1:2 8:1:2"
OO_MM,14,28,"14:1:1 14:2:2",14,2,2,6,6,1,2,2,4,"2:2:2 3:1:2 7:1:2 14:1:1"
OO_MM,14,28,"14:1:1 14:2:2",14,2,2,6,7,1,2,2,4,"2:2:2 4:1:2 6:1:2 14:1:1"
OO_MM,14,28,"14:1:1 14:2:2",14,2,2,6,14,2,2,6,4,"6:1:2 6:1:2 7:1:2 7:1:2"
OO_WM,14,28,"14:0:1 14:2:2",14,0,1,1,12,2,2,1,4,"1:0:1 1:1:2 10:1:2 14:2:2"
OO_WM,14,28,"14:0:1 14:2:2",14,0,1,1,12,2,2,2,4,"1:0:1 2:1:2 9:1:2 14:2:2"
OO_WM,14,28,"14:0:1 14:2:2",14,0,1,1,12,2,2,3,4,"1:0:1 3:1:2 8:1:2 14:2:2"
OO_WM,14,28,"14:0:1 14:2:2",14,0,1,1,12,2,2,4,4,"1:0:1 4:1:2 7:1:2 14:2:2"
OO_WM,14,28,"14:0:1 14:2:2",14,0,1,1,12,2,2,5,4,"1:0:1 5:1:2 6:1:2 14:2:2"
OO_WM,14,28,"14:0:1 14:2:2",14,0,1,1,14,1,1,1,4,"1:0:1 1:2:2 12:1:1 12:2:2"
OO_WM,14,28,"14:0:1 14:2:2",14,0,1,1,14,1,1,2,4,"1:0:1 2:2:2 11:2:2 12:1:1"
OO_WM,14,28,"14:0:1 14:2:2",14,0,1,1,14,1,1,4,4,"1:0:1 4:2:2 9:2:2 12:1:1"
OO_WM,14,28,"14:0:1 14:2:2",14,0,1,1,14,1,1,5,4,"1:0:1 5:2:2 8:2:2 12:1:1"
OO_WM,14,28,"14:0:1 14:2:2",14,0,1,2,14,1,1,2,4,"2:0:1 2:2:2 11:1:1 11:2:2"
OO_WM,14,28,"14:0:1 14:2:2",14,0,1,2,14,1,1,5,4,"2:0:1 5:2:2 8:2:2 11:1:1"
OO_WM,14,28,"14:0:1 14:2:2",14,0,1,3,10,2,2,1,4,"1:1:2 3:0:1 8:1:2 14:2:2"
OO_WM,14,28,"14:0:1 14:2:2",14,0,1,3,10,2,2,2,4,"2:1:2 3:0:1 7:1:2 14:2:2"
OO_WM,14,28,"14:0:1 14:2:2",14,0,1,3,10,2,2,4,4,"3:0:1 4:1:2 5:1:2 14:2:2"
OO_WM,14,28,"14:0:1 14:2:2",14,0,1,3,14,1,1,2,4,"2:2:2 3:0:1 10:1:1 11:2:2"
OO_WM,14,28,"14:0:1 14:2:2",14,0,1,3,14,1,1,3,4,"3:0:1 3:2:2 10:1:1 10:2:2"
OO_WM,14,28,"14:0:1 14:2:2",14,0,1,3,14,1,1,4,4,"3:0:1 4:2:2 9:2:2 10:1:1"
OO_WM,14,28,"14:0:1 14:2:2",14,0,1,3,14,1,1,5,4,"3:0:1 5:2:2 8:2:2 10:1:1"
OO_WM,14,28,"14:0:1 14:2:2",14,0,1,3,14,1,1,6,4,"3:0:1 6:2:2 7:2:2 10:1:1"
OO_WM,14,28,"14:0:1 14:2:2",14,0,1,4,4,0,2,2,4,"1:1:2 2:0:2 9:1:1 14:2:2"
OO_WM,14,28,"14:0:1 14:2:2",14,0,1,4,9,2,2,1,4,"1:1:2 4:0:1 7:1:2 14:2:2"
OO_WM,14,28,"14:0:1 14:2:2",14,0,1,4,9,2,2,2,4,"2:1:2 4:0:1 6:1:2 14:2:2"
OO_WM,14,28,"14:0:1 14:2:2",14,0,1,4,9,2,2,3,4,"3:1:2 4:0:1 5:1:2 14:2:2"
OO_WM,14,28,"14:0:1 14:2:2",14,0,1,4,9,2,2,4,4,"4:0:1 4:1:2 4:1:2 14:2:2"
OO_WM,14,28,"14:0:1 14:2:2",14,0,1,4,14,1,1,1,4,"1:2:2 4:0:1 9:1:1 12:2:2"
OO_WM,14,28,"14:0:1 14:2:2",14,0,1,4,14,1,1,2,4,"2:2:2 4:0:1 9:1:1 11:2:2"
OO_WM,14,28,"14:0:1 14:2:2",14,0,1,4,14,1,1,4,4,"4:0:1 4:2:2 9:1:1 9:2:2"
OO_WM,14,28,"14:0:1 14:2:2",14,0,1,4,14,1,1,5,4,"4:0:1 5:2:2 8:2:2 9:1:1"
OO_WM,14,28,"14:0:1 14:2:2",14,0,1,5,5,0,2,2,4,"2:0:2 2:1:2 8:1:1 14:2:2"
OO_WM,14,28,"14:0:1 14:2:2",14,0,1,5,14,1,1,2,4,"2:2:2 5:0:1 8:1:1 11:2:2"
OO_WM,14,28,"14:0:1 14:2:2",14,0,1,5,14,1,1,5,4,"5:0:1 5:2:2 8:1:1 8:2:2"
OO_WM,14,28,"14:0:1 14:2:2",14,0,1,6,6,0,2,2,4,"2:0:2 3:1:2 7:1:1 14:2:2"
OO_WM,14,28,"14:0:1 14:2:2",14,0,1,6,7,2,2,1,4,"1:1:2 5:1:2 6:0:1 14:2:2"
OO_WM,14,28,"14:0:1 14:2:2",14,0,1,6,7,2,2,2,4,"2:1:2 4:1:2 6:0:1 14:2:2"
OO_WM,14,28,"14:0:1 14:2:2",14,0,1,6,14,1,1,2,4,"2:2:2 6:0:1 7:1:1 11:2:2"
OO_WM,14,28,"14:0:1 14:2:2",14,0,1,6,14,1,1,4,4,"4:2:2 6:0:1 7:1:1 9:2:2"
OO_WM,14,28,"14:0:1 14:2:2",14,0,1,6,14,1,1,5,4,"5:2:2 6:0:1 7:1:1 8:2:2"
OO_WM,14,28,"14:0:1 14:2:2",14,0,1,6,14,1,1,6,4,"6:0:1 6:2:2 7:1:1 7:2:2"
OO_WM,14,28,"14:0:1 14:2:2",14,0,1,7,7,0,2,2,4,"2:0:2 4:1:2 6:1:1 14:2:2"
OO_WM,14,28,"14:0:1 14:2:2",14,0,1,7,14,1,1,2,4,"2:2:2 6:1:1 7:0:1 11:2:2"
OO_WM,14,28,"14:0:1 14:2:2",14,0,1,7,14,1,1,4,4,"4:2:2 6:1:1 7:0:1 9:2:2"
OO_WM,14,28,"14:0:1 14:2:2",14,0,1,7,14,1,1,5,4,"5:2:2 6:1:1 7:0:1 8:2:2"
OO_WM,14,28,"14:0:1 14:2:2",14,0,1,7,14,1,1,6,4,"6:1:1 6:2:2 7:0:1 7:2:2"
OO_WM,14,28,"14:0:1 14:2:2",14,0,1,8,8,0,2,2,4,"2:0:2 5:1:1 5:1:2 14:2:2"
OO_WM,14,28,"14:0:1 14:2:2",14,0,1,8,14,1,1,2,4,"2:2:2 5:1:1 8:0:1 11:2:2"
OO_WM,14,28,"14:0:1 14:2:2",14,0,1,8,14,1,1,5,4,"5:1:1 5:2:2 8:0:1 8:2:2"
OO_WM,14,28,"14:0:1 14:2:2",14,0,1,9,9,0,2,2,4,"2:0:2 4:1:1 6:1:2 14:2:2"
OO_WM,14,28,"14:0:1 14:2:2",14,0,1,9,14,1,1,2,4,"2:2:2 4:1:1 9:0:1 11:2:2"
OO_WM,14,28,"14:0:1 14:2:2",14,0,1,9,14,1,1,4,4,"4:1:1 4:2:2 9:0:1 9:2:2"
OO_WM,14,28,"14:0:1 14:2:2",14,0,1,9,14,1,1,5,4,"4:1:1 5:2:2 8:2:2 9:0:1"
OO_WM,14,28,"14:0:1 14:2:2",14,0,1,10,10,0,2,1,4,"1:0:2 3:1:1 8:1:2 14:2:2"
OO_WM,14,28,"14:0:1 14:2:2",14,0,1,10,10,0,2,2,4,"2:0:2 3:1:1 7:1:2 14:2:2"
OO_WM,14,28,"14:0:1 14:2:2",14,0,1,10,10,0,2,4,4,"3:1:1 4:0:2 5:1:2 14:2:2"
OO_WM,14,28,"14:0:1 14:2:2",14,0,1,10,10,0,2,5,4,"3:1:1 4:1:2 5:0:2 14:2:2"
OO_WM,14,28,"14:0:1 14:2:2",14,0,1,10,10,0,2,7,4,"2:1:2 3:1:1 7:0:2 14:2:2"
OO_WM,14,28,"14:0:1 14:2:2",14,0,1,10,10,0,2,8,4,"1:1:2 3:1:1 8:0:2 14:2:2"
OO_WM,14,28,"14:0:1 14:2:2",14,0,1,10,14,1,1,2,4,"2:2:2 3:1:1 10:0:1 11:2:2"
OO_WM,14,28,"14:0:1 14:2:2",14,0,1,10,14,1,1,3,4,"3:1:1 3:2:2 10:0:1 10:2:2"
OO_WM,14,28,"14:0:1 14:2:2",14,0,1,10,14,1,1,4,4,"3:1:1 4:2:2 9:2:2 10:0:1"
OO_WM,14,28,"14:0:1 14:2:2",14,0,1,10,14,1,1,5,4,"3:1:1 5:2:2 8:2:2 10:0:1"
OO_WM,14,28,"14:0:1 14:2:2",14,0,1,10,14,1,1,6,4,"3:1:1 6:2:2 7:2:2 10:0:1"
OO_WM,14,28,"14:0:1 14:2:2",14,0,1,11,11,0,2,2,4,"2:0:2 2:1:1 8:1:2 14:2:2"
OO_WM,14,28,"14:0:1 14:2:2",14,0,1,11,14,1,1,2,4,"2:1:1 2:2:2 11:0:1 11:2:2"
OO_WM,14,28,"14:0:1 14:2:2",14,0,1,11,14,1,1,5,4,"2:1:1 5:2:2 8:2:2 11:0:1"
OO_WM,14,28,"14:0:1 14:2:2",14,0,1,12,12,0,2,1,4,"1:0:2 1:1:1 10:1:2 14:2:2"
OO_WM,14,28,"14:0:1 14:2:2",14,0,1,12,12,0,2,2,4,"1:1:1 2:0:2 9:1:2 14:2:2"
OO_WM,14,28,"14:0:1 14:2:2",14,0,1,12,12,0,2,3,4,"1:1:1 3:0:2 8:1:2 14:2:2"
OO_WM,14,28,"14:0:1 14:2:2",14,0,1,12,12,0,2,4,4,"1:1:1 4:0:2 7:1:2 14:2:2"
OO_WM,14,28,"14:0:1 14:2:2",14,0,1,12,12,0,2,5,4,"1:1:1 5:0:2 6:1:2 14:2:2"
OO_WM,14,28,"14:0:1 14:2:2",14,0,1,12,12,0,2,6,4,"1:1:1 5:1:2 6:0:2 14:2:2"
OO_WM,14,28,"14:0:1 14:2:2",14,0,1,12,12,0,2,7,4,"1:1:1 4:1:2 7:0:2 14:2:2"
OO_WM,14,28,"14:0:1 14:2:2",14,0,1,12,12,0,2,8,4,"1:1:1 3:1:2 8:0:2 14:2:2"
OO_WM,14,28,"14:0:1 14:2:2",14,0,1,12,12,0,2,9,4,"1:1:1 2:1:2 9:0:2 14:2:2"
OO_WM,14,28,"14:0:1 14:2:2",14,0,1,12,12,0,2,10,4,"1:1:1 1:1:2 10:0:2 14:2:2"
OO_WM,14,28,"14:0:1 14:2:2",14,0,1,12,14,1,1,1,4,"1:1:1 1:2:2 12:0:1 12:2:2"
OO_WM,14,28,"14:0:1 14:2:2",14,0,1,12,14,1,1,2,4,"1:1:1 2:2:2 11:2:2 12:0:1"
OO_WM,14,28,"14:0:1 14:2:2",14,0,1,12,14,1,1,4,4,"1:1:1 4:2:2 9:2:2 12:0:1"
OO_WM,14,28,"14:0:1 14:2:2",14,0,1,12,14,1,1,5,4,"1:1:1 5:2:2 8:2:2 12:0:1"
OO_WM,14,28,"14:0:1 14:2:2",14,0,1,12,14,1,1,6,4,"1:1:1 6:2:2 7:2:2 12:0:1"
OO_WM,14,28,"14:0:1 14:2:2",14,0,1,13,13,0,2,1,3,"1:0:2 11:1:2 14:2:2"
OO_WM,14,28,"14:0:1 14:2:2",14,0,1,13,13,0,2,2,3,"2:0:2 10:1:2 14:2:2"
OO_WM,14,28,"14:0:1 14:2:2",14,0,1,13,13,0,2,3,3,"3:0:2 9:1:2 14:2:2"
OO_WM,14,28,"14:0:1 14:2:2",14,0,1,13,13,0,2,4,3,"4:0:2 8:1:2 14:2:2"
OO_WM,14,28,"14:0:1 14:2:2",14,0,1,13,13,0,2,5,3,"5:0:2 7:1:2 14:2:2"
OO_WM,14,28,"14:0:1 14:2:2",14,0,1,13,13,0,2,6,3,"6:0:2 6:1:2 14:2:2"
OO_WM,14,28,"14:0:1 14:2:2",14,0,1,13,13,0,2,7,3,"5:1:2 7:0:2 14:2:2"
OO_WM,14,28,"14:0:1 14:2:2",14,0,1,13,13,0,2,8,3,"4:1:2 8:0:2 14:2:2"
OO_WM,14,28,"14:0:1 14:2:2",14,0,1,13,13,0,2,9,3,"3:1:2 9:0:2 14:2:2"
OO_WM,14,28,"14:0:1 14:2:2",14,0,1,13,13,0,2,10,3,"2:1:2 10:0:2 14:2:2"
OO_WM,14,28,"14:0:1 14:2:2",14,0,1,13,13,0,2,11,3,"1:1:2 11:0:2 14:2:2"
OO_WM,14,28,"14:0:1 14:2:2",14,0,1,13,14,1,1,0,2,"13:0:1 13:2:2"
OO_WM,14,28,"14:0:1 14:2:2",14,0,1,13,14,1,1,1,3,"1:2:2 12:2:2 13:0:1"
OO_WM,14,28,"14:0:1 14:2:2",14,0,1,13,14,1,1,2,3,"2:2:2 11:2:2 13:0:1"
OO_WM,14,28,"14:0:1 14:2:2",14,0,1,13,14,1,1,3,3,"3:2:2 10:2:2 13:0:1"
OO_WM,14,28,"14:0:1 14:2:2",14,0,1,13,14,1,1,4,3,"4:2:2 9:2:2 13:0:1"
OO_WM,14,28,"14:0:1 14:2:2",14,0,1,13,14,1,1,5,3,"5:2:2 8:2:2 13:0:1"
OO_WM,14,28,"14:0:1 14:2:2",14,0,1,13,14,1,1,6,3,"6:2:2 7:2:2 13:0:1"
OO_WM,14,28,"14:0:1 14:2:2",14,2,2,1,12,1,2,2,4,"1:1:2 2:2:2 9:1:2 14:0:1"
OO_WM,14,28,"14:0:1 14:2:2",14,2,2,1,12,1,2,5,4,"1:1:2 5:2:2 6:1:2 14:0:1"
OO_WM,14,28,"14:0:1 14:2:2",14,2,2,1,12,1,2,8,4,"1:1:2 3:1:2 8:2:2 14:0:1"
OO_WM,14,28,"14:0:1 14:2:2",14,2,2,1,14,0,2,1,4,"1:0:2 1:1:2 12:1:2 12:1:2"
OO_WM,14,28,"14:0:1 14:2:2",14,2,2,1,14,0,2,2,4,"1:1:2 2:0:2 11:1:2 12:1:2"
OO_WM,14,28,"14:0:1 14:2:2",14,2,2,1,14,0,2,12,4,"1:1:2 1:1:2 12:0:2 12:1:2"
OO_WM,14,28,"14:0:1 14:2:2",14,2,2,2,11,1,2,2,4,"2:1:2 2:2:2 8:1:2 14:0:1"
OO_WM,14,28,"14:0:1 14:2:2",14,2,2,2,11,1,2,5,4,"2:1:2 5:1:2 5:2:2 14:0:1"
OO_WM,14,28,"14:0:1 14:2:2",14,2,2,2,11,1,2,8,4,"2:1:2 2:1:2 8:2:2 14:0:1"
OO_WM,14,28,"14:0:1 14:2:2",14,2,2,2,14,0,2,2,4,"2:0:2 2:1:2 11:1:2 11:1:2"
OO_WM,14,28,"14:0:1 14:2:2",14,2,2,2,14,0,2,5,4,"2:1:2 5:0:2 8:1:2 11:1:2"
OO_WM,14,28,"14:0:1 14:2:2",14,2,2,2,14,0,2,11,4,"2:1:2 2:1:2 11:0:2 11:1:2"
OO_WM,14,28,"14:0:1 14:2:2",14,2,2,3,10,1,2,2,4,"2:2:2 3:1:2 7:1:2 14:0:1"
OO_WM,14,28,"14:0:1 14:2:2",14,2,2,3,10,1,2,5,4,"3:1:2 4:1:2 5:2:2 14:0:1"
OO_WM,14,28,"14:0:1 14:2:2",14,2,2,3,10,1,2,8,4,"1:1:2 3:1:2 8:2:2 14:0:1"
OO_WM,14,28,"14:0:1 14:2:2",14,2,2,3,14,0,2,2,4,"2:0:2 3:1:2 10:1:2 11:1:2"
OO_WM,14,28,"14:0:1 14:2:2",14,2,2,3,14,0,2,3,4,"3:0:2 3:1:2 10:1:2 10:1:2"
OO_WM,14,28,"14:0:1 14:2:2",14,2,2,3,14,0,2,10,4,"3:1:2 3:1:2 10:0:2 10:1:2"
OO_WM,14,28,"14:0:1 14:2:2",14,2,2,4,4,1,2,2,4,"1:1:2 2:2:2 9:1:2 14:0:1"
OO_WM,14,28,"14:0:1 14:2:2",14,2,2,4,9,1,2,2,4,"2:2:2 4:1:2 6:1:2 14:0:1"
OO_WM,14,28,"14:0:1 14:2:2",14,2,2,4,9,1,2,5,4,"3:1:2 4:1:2 5:2:2 14:0:1"
OO_WM,14,28,"14:0:1 14:2:2",14,2,2,4,14,0,2,2,4,"2:0:2 4:1:2 9:1:2 11:1:2"
OO_WM,14,28,"14:0:1 14:2:2",14,2,2,4,14,0,2,4,4,"4:0:2 4:1:2 9:1:2 9:1:2"
OO_WM,14,28,"14:0:1 14:2:2",14,2,2,4,14,0,2,7,4,"4:1:2 6:1:2 7:0:2 9:1:2"
OO_WM,14,28,"14:0:1 14:2:2",14,2,2,4,14,0,2,9,4,"4:1:2 4:1:2 9:0:2 9:1:2"
OO_WM,14,28,"14:0:1 14:2:2",14,2,2,4,14,0,2,12,4,"1:1:2 4:1:2 9:1:2 12:0:2"
OO_WM,14,28,"14:0:1 14:2:2",14,2,2,5,5,1,2,2,4,"2:1:2 2:2:2 8:1:2 14:0:1"
OO_WM,14,28,"14:0:1 14:2:2",14,2,2,5,8,1,2,2,4,"2:2:2 5:1:2 5:1:2 14:0:1"
OO_WM,14,28,"14:0:1 14:2:2",14,2,2,5,8,1,2,5,4,"2:1:2 5:1:2 5:2:2 14:0:1"
OO_WM,14,28,"14:0:1 14:2:2",14,2,2,5,14,0,2,2,4,"2:0:2 5:1:2 8:1:2 11:1:2"
OO_WM,14,28,"14:0:1 14:2:2",14,2,2,5,14,0,2,5,4,"5:0:2 5:1:2 8:1:2 8:1:2"
OO_WM,14,28,"14:0:1 14:2:2",14,2,2,5,14,0,2,8,4,"5:1:2 5:1:2 8:0:2 8:1:2"
OO_WM,14,28,"14:0:1 14:2:2",14,2,2,5,14,0,2,11,4,"2:1:2 5:1:2 8:1:2 11:0:2"
OO_WM,14,28,"14:0:1 14:2:2",14,2,2,6,6,1,2,2,4,"2:2:2 3:1:2 7:1:2 14:0:1"
OO_WM,14,28,"14:0:1 14:2:2",14,2,2,6,7,1,2,2,4,"2:2:2 4:1:2 6:1:2 14:0:1"
OO_WM,14,28,"14:0:1 14:2:2",14,2,2,6,7,1,2,5,4,"1:1:2 5:2:2 6:1:2 14:0:1"
OO_WM,14,28,"14:0:1 14:2:2",14,2,2,6,14,0,2,2,4,"2:0:2 6:1:2 7:1:2 11:1:2"
OO_WM,14,28,"14:0:1 14:2:2",14,2,2,6,14,0,2,6,4,"6:0:2 6:1:2 7:1:2 7:1:2"
OO_WM,14,28,"14:0:1 14:2:2",14,2,2,6,14,0,2,7,4,"6:1:2 6:1:2 7:0:2 7:1:2"
OO_WM,14,28,"14:0:1 14:2:2",14,2,2,6,14,0,2,9,4,"4:1:2 6:1:2 7:1:2 9:0:2"
OO_WM_PLUS,14,29,"14:2:2 15:0:1",14,2,2,1,12,1,2,2,4,"1:1:2 2:2:2 9:1:2 15:0:1"
OO_WM_PLUS,14,29,"14:2:2 15:0:1",14,2,2,1,12,1,2,5,4,"1:1:2 5:2:2 6:1:2 15:0:1"
OO_WM_PLUS,14,29,"14:2:2 15:0:1",14,2,2,1,12,1,2,9,4,"1:1:2 2:1:2 9:2:2 15:0:1"
OO_WM_PLUS,14,29,"14:2:2 15:0:1",14,2,2,1,15,0,2,2,4,"1:1:2 2:0:2 12:1:2 12:1:2"
OO_WM_PLUS,14,29,"14:2:2 15:0:1",14,2,2,1,15,0,2,5,4,"1:1:2 5:0:2 9:1:2 12:1:2"
OO_WM_PLUS,14,29,"14:2:2 15:0:1",14,2,2,1,15,0,2,7,4,"1:1:2 7:0:2 7:1:2 12:1:2"
OO_WM_PLUS,14,29,"14:2:2 15:0:1",14,2,2,1,15,0,2,8,4,"1:1:2 6:1:2 8:0:2 12:1:2"
OO_WM_PLUS,14,29,"14:2:2 15:0:1",14,2,2,1,15,0,2,10,4,"1:1:2 4:1:2 10:0:2 12:1:2"
OO_WM_PLUS,14,29,"14:2:2 15:0:1",14,2,2,1,15,0,2,13,4,"1:1:2 1:1:2 12:1:2 13:0:2"
OO_WM_PLUS,14,29,"14:2:2 15:0:1",14,2,2,2,11,1,2,2,4,"2:1:2 2:2:2 8:1:2 15:0:1"
OO_WM_PLUS,14,29,"14:2:2 15:0:1",14,2,2,2,11,1,2,9,4,"1:1:2 2:1:2 9:2:2 15:0:1"
OO_WM_PLUS,14,29,"14:2:2 15:0:1",14,2,2,2,15,0,2,3,4,"2:1:2 3:0:2 11:1:2 11:1:2"
OO_WM_PLUS,14,29,"14:2:2 15:0:1",14,2,2,2,15,0,2,9,4,"2:1:2 5:1:2 9:0:2 11:1:2"
OO_WM_PLUS,14,29,"14:2:2 15:0:1",14,2,2,2,15,0,2,12,4,"2:1:2 2:1:2 11:1:2 12:0:2"
OO_WM_PLUS,14,29,"14:2:2 15:0:1",14,2,2,3,10,1,2,2,4,"2:2:2 3:1:2 7:1:2 15:0:1"
OO_WM_PLUS,14,29,"14:2:2 15:0:1",14,2,2,3,10,1,2,5,4,"3:1:2 4:1:2 5:2:2 15:0:1"
OO_WM_PLUS,14,29,"14:2:2 15:0:1",14,2,2,3,15,0,2,4,4,"3:1:2 4:0:2 10:1:2 10:1:2"
OO_WM_PLUS,14,29,"14:2:2 15:0:1",14,2,2,3,15,0,2,5,4,"3:1:2 5:0:2 9:1:2 10:1:2"
OO_WM_PLUS,14,29,"14:2:2 15:0:1",14,2,2,3,15,0,2,9,4,"3:1:2 5:1:2 9:0:2 10:1:2"
OO_WM_PLUS,14,29,"14:2:2 15:0:1",14,2,2,3,15,0,2,10,4,"3:1:2 4:1:2 10:0:2 10:1:2"
OO_WM_PLUS,14,29,"14:2:2 15:0:1",14,2,2,3,15,0,2,11,4,"3:1:2 3:1:2 10:1:2 11:0:2"
OO_WM_PLUS,14,29,"14:2:2 15:0:1",14,2,2,3,15,0,2,13,4,"1:1:2 3:1:2 10:1:2 13:0:2"
OO_WM_PLUS,14,29,"14:2:2 15:0:1",14,2,2,4,4,1,2,2,4,"1:1:2 2:2:2 9:1:2 15:0:1"
OO_WM_PLUS,14,29,"14:2:2 15:0:1",14,2,2,4,9,1,2,2,4,"2:2:2 4:1:2 6:1:2 15:0:1"
OO_WM_PLUS,14,29,"14:2:2 15:0:1",14,2,2,4,9,1,2,5,4,"3:1:2 4:1:2 5:2:2 15:0:1"
OO_WM_PLUS,14,29,"14:2:2 15:0:1",14,2,2,4,15,0,2,5,4,"4:1:2 5:0:2 9:1:2 9:1:2"
OO_WM_PLUS,14,29,"14:2:2 15:0:1",14,2,2,4,15,0,2,7,4,"4:1:2 7:0:2 7:1:2 9:1:2"
OO_WM_PLUS,14,29,"14:2:2 15:0:1",14,2,2,4,15,0,2,8,4,"4:1:2 6:1:2 8:0:2 9:1:2"
OO_WM_PLUS,14,29,"14:2:2 15:0:1",14,2,2,4,15,0,2,10,4,"4:1:2 4:1:2 9:1:2 10:0:2"
OO_WM_PLUS,14,29,"14:2:2 15:0:1",14,2,2,4,15,0,2,12,4,"2:1:2 4:1:2 9:1:2 12:0:2"
OO_WM_PLUS,14,29,"14:2:2 15:0:1",14,2,2,4,15,0,2,13,4,"1:1:2 4:1:2 9:1:2 13:0:2"
OO_WM_PLUS,14,29,"14:2:2 15:0:1",14,2,2,5,5,1,2,2,4,"2:1:2 2:2:2 8:1:2 15:0:1"
OO_WM_PLUS,14,29,"14:2:2 15:0:1",14,2,2,5,15,0,2,6,4,"5:1:2 6:0:2 8:1:2 8:1:2"
OO_WM_PLUS,14,29,"14:2:2 15:0:1",14,2,2,5,15,0,2,9,4,"5:1:2 5:1:2 8:1:2 9:0:2"
OO_WM_PLUS,14,29,"14:2:2 15:0:1",14,2,2,6,6,1,2,2,4,"2:2:2 3:1:2 7:1:2 15:0:1"
OO_WM_PLUS,14,29,"14:2:2 15:0:1",14,2,2,6,7,1,2,2,4,"2:2:2 4:1:2 6:1:2 15:0:1"
OO_WM_PLUS,14,29,"14:2:2 15:0:1",14,2,2,6,7,1,2,5,4,"1:1:2 5:2:2 6:1:2 15:0:1"
OO_WM_PLUS,14,29,"14:2:2 15:0:1",14,2,2,6,15,0,2,5,4,"5:0:2 6:1:2 7:1:2 9:1:2"
OO_WM_PLUS,14,29,"14:2:2 15:0:1",14,2,2,6,15,0,2,7,4,"6:1:2 7:0:2 7:1:2 7:1:2"
OO_WM_PLUS,14,29,"14:2:2 15:0:1",14,2,2,6,15,0,2,8,4,"6:1:2 6:1:2 7:1:2 8:0:2"
OO_WM_PLUS,14,29,"14:2:2 15:0:1",14,2,2,6,15,0,2,9,4,"5:1:2 6:1:2 7:1:2 9:0:2"
OO_WM_PLUS,14,29,"14:2:2 15:0:1",14,2,2,6,15,0,2,10,4,"4:1:2 6:1:2 7:1:2 10:0:2"
OO_WM_PLUS,14,29,"14:2:2 15:0:1",14,2,2,6,15,0,2,12,4,"2:1:2 6:1:2 7:1:2 12:0:2"
OO_WM_PLUS,14,29,"14:2:2 15:0:1",14,2,2,6,15,0,2,13,4,"1:1:2 6:1:2 7:1:2 13:0:2"
OO_WM_PLUS,14,29,"14:2:2 15:0:1",15,0,1,1,13,2,2,1,4,"1:0:1 1:1:2 11:1:2 14:2:2"
OO_WM_PLUS,14,29,"14:2:2 15:0:1",15,0,1,1,13,2,2,2,4,"1:0:1 2:1:2 10:1:2 14:2:2"
OO_WM_PLUS,14,29,"14:2:2 15:0:1",15,0,1,1,13,2,2,3,4,"1:0:1 3:1:2 9:1:2 14:2:2"
OO_WM_PLUS,14,29,"14:2:2 15:0:1",15,0,1,1,13,2,2,4,4,"1:0:1 4:1:2 8:1:2 14:2:2"
OO_WM_PLUS,14,29,"14:2:2 15:0:1",15,0,1,1,13,2,2,5,4,"1:0:1 5:1:2 7:1:2 14:2:2"
OO_WM_PLUS,14,29,"14:2:2 15:0:1",15,0,1,1,13,2,2,6,4,"1:0:1 6:1:2 6:1:2 14:2:2"
OO_WM_PLUS,14,29,"14:2:2 15:0:1",15,0,1,1,14,1,1,0,3,"1:0:1 13:1:1 13:2:2"
OO_WM_PLUS,14,29,"14:2:2 15:0:1",15,0,1,1,14,1,1,1,4,"1:0:1 1:2:2 12:2:2 13:1:1"
OO_WM_PLUS,14,29,"14:2:2 15:0:1",15,0,1,1,14,1,1,2,4,"1:0:1 2:2:2 11:2:2 13:1:1"
OO_WM_PLUS,14,29,"14:2:2 15:0:1",15,0,1,1,14,1,1,3,4,"1:0:1 3:2:2 10:2:2 13:1:1"
OO_WM_PLUS,14,29,"14:2:2 15:0:1",15,0,1,1,14,1,1,4,4,"1:0:1 4:2:2 9:2:2 13:1:1"
OO_WM_PLUS,14,29,"14:2:2 15:0:1",15,0,1,1,14,1,1,5,4,"1:0:1 5:2:2 8:2:2 13:1:1"
OO_WM_PLUS,14,29,"14:2:2 15:0:1",15,0,1,1,14,1,1,6,4,"1:0:1 6:2:2 7:2:2 13:1:1"
OO_WM_PLUS,14,29,"14:2:2 15:0:1",15,0,1,2,12,2,2,1,4,"1:1:2 2:0:1 10:1:2 14:2:2"
OO_WM_PLUS,14,29,"14:2:2 15:0:1",15,0,1,2,12,2,2,2,4,"2:0:1 2:1:2 9:1:2 14:2:2"
OO_WM_PLUS,14,29,"14:2:2 15:0:1",15,0,1,2,12,2,2,3,4,"2:0:1 3:1:2 8:1:2 14:2:2"
OO_WM_PLUS,14,29,"14:2:2 15:0:1",15,0,1,2,12,2,2,4,4,"2:0:1 4:1:2 7:1:2 14:2:2"
OO_WM_PLUS,14,29,"14:2:2 15:0:1",15,0,1,2,12,2,2,5,4,"2:0:1 5:1:2 6:1:2 14:2:2"
OO_WM_PLUS,14,29,"14:2:2 15:0:1",15,0,1,2,14,1,1,1,4,"1:2:2 2:0:1 12:1:1 12:2:2"
OO_WM_PLUS,14,29,"14:2:2 15:0:1",15,0,1,2,14,1,1,2,4,"2:0:1 2:2:2 11:2:2 12:1:1"
OO_WM_PLUS,14,29,"14:2:2 15:0:1",15,0,1,2,14,1,1,4,4,"2:0:1 4:2:2 9:2:2 12:1:1"
OO_WM_PLUS,14,29,"14:2:2 15:0:1",15,0,1,2,14,1,1,5,4,"2:0:1 5:2:2 8:2:2 12:1:1"
OO_WM_PLUS,14,29,"14:2:2 15:0:1",15,0,1,3,11,2,2,1,4,"1:1:2 3:0:1 9:1:2 14:2:2"
OO_WM_PLUS,14,29,"14:2:2 15:0:1",15,0,1,3,11,2,2,2,4,"2:1:2 3:0:1 8:1:2 14:2:2"
OO_WM_PLUS,14,29,"14:2:2 15:0:1",15,0,1,3,11,2,2,3,4,"3:0:1 3:1:2 7:1:2 14:2:2"
OO_WM_PLUS,14,29,"14:2:2 15:0:1",15,0,1,3,11,2,2,4,4,"3:0:1 4:1:2 6:1:2 14:2:2"
OO_WM_PLUS,14,29,"14:2:2 15:0:1",15,0,1,3,11,2,2,5,4,"3:0:1 5:1:2 5:1:2 14:2:2"
OO_WM_PLUS,14,29,"14:2:2 15:0:1",15,0,1,3,14,1,1,2,4,"2:2:2 3:0:1 11:1:1 11:2:2"
OO_WM_PLUS,14,29,"14:2:2 15:0:1",15,0,1,3,14,1,1,4,4,"3:0:1 4:2:2 9:2:2 11:1:1"
OO_WM_PLUS,14,29,"14:2:2 15:0:1",15,0,1,3,14,1,1,5,4,"3:0:1 5:2:2 8:2:2 11:1:1"
OO_WM_PLUS,14,29,"14:2:2 15:0:1",15,0,1,3,14,1,1,6,4,"3:0:1 6:2:2 7:2:2 11:1:1"
OO_WM_PLUS,14,29,"14:2:2 15:0:1",15,0,1,4,10,2,2,1,4,"1:1:2 4:0:1 8:1:2 14:2:2"
OO_WM_PLUS,14,29,"14:2:2 15:0:1",15,0,1,4,10,2,2,2,4,"2:1:2 4:0:1 7:1:2 14:2:2"
OO_WM_PLUS,14,29,"14:2:2 15:0:1",15,0,1,4,10,2,2,4,4,"4:0:1 4:1:2 5:1:2 14:2:2"
OO_WM_PLUS,14,29,"14:2:2 15:0:1",15,0,1,4,14,1,1,2,4,"2:2:2 4:0:1 10:1:1 11:2:2"
OO_WM_PLUS,14,29,"14:2:2 15:0:1",15,0,1,4,14,1,1,3,4,"3:2:2 4:0:1 10:1:1 10:2:2"
OO_WM_PLUS,14,29,"14:2:2 15:0:1",15,0,1,4,14,1,1,4,4,"4:0:1 4:2:2 9:2:2 10:1:1"
OO_WM_PLUS,14,29,"14:2:2 15:0:1",15,0,1,4,14,1,1,5,4,"4:0:1 5:2:2 8:2:2 10:1:1"
OO_WM_PLUS,14,29,"14:2:2 15:0:1",15,0,1,4,14,1,1,6,4,"4:0:1 6:2:2 7:2:2 10:1:1"
OO_WM_PLUS,14,29,"14:2:2 15:0:1",15,0,1,5,14,1,1,4,4,"4:2:2 5:0:1 9:1:1 9:2:2"
OO_WM_PLUS,14,29,"14:2:2 15:0:1",15,0,1,6,8,2,2,1,4,"1:1:2 6:0:1 6:1:2 14:2:2"
OO_WM_PLUS,14,29,"14:2:2 15:0:1",15,0,1,6,8,2,2,2,4,"2:1:2 5:1:2 6:0:1 14:2:2"
OO_WM_PLUS,14,29,"14:2:2 15:0:1",15,0,1,6,8,2,2,3,4,"3:1:2 4:1:2 6:0:1 14:2:2"
OO_WM_PLUS,14,29,"14:2:2 15:0:1",15,0,1,6,14,1,1,2,4,"2:2:2 6:0:1 8:1:1 11:2:2"
OO_WM_PLUS,14,29,"14:2:2 15:0:1",15,0,1,6,14,1,1,5,4,"5:2:2 6:0:1 8:1:1 8:2:2"
OO_WM_PLUS,14,29,"14:2:2 15:0:1",15,0,1,7,7,0,2,5,4,"1:1:2 5:0:2 7:1:1 14:2:2"
OO_WM_PLUS,14,29,"14:2:2 15:0:1",15,0,1,7,7,2,2,1,4,"1:1:2 5:1:2 7:0:1 14:2:2"
OO_WM_PLUS,14,29,"14:2:2 15:0:1",15,0,1,7,7,2,2,2,4,"2:1:2 4:1:2 7:0:1 14:2:2"
OO_WM_PLUS,14,29,"14:2:2 15:0:1",15,0,1,7,14,1,1,2,4,"2:2:2 7:0:1 7:1:1 11:2:2"
OO_WM_PLUS,14,29,"14:2:2 15:0:1",15,0,1,7,14,1,1,4,4,"4:2:2 7:0:1 7:1:1 9:2:2"
OO_WM_PLUS,14,29,"14:2:2 15:0:1",15,0,1,7,14,1,1,5,4,"5:2:2 7:0:1 7:1:1 8:2:2"
OO_WM_PLUS,14,29,"14:2:2 15:0:1",15,0,1,7,14,1,1,6,4,"6:2:2 7:0:1 7:1:1 7:2:2"
OO_WM_PLUS,14,29,"14:2:2 15:0:1",15,0,1,8,8,0,2,5,4,"2:1:2 5:0:2 6:1:1 14:2:2"
OO_WM_PLUS,14,29,"14:2:2 15:0:1",15,0,1,8,8,0,2,6,4,"1:1:2 6:0:2 6:1:1 14:2:2"
OO_WM_PLUS,14,29,"14:2:2 15:0:1",15,0,1,8,14,1,1,2,4,"2:2:2 6:1:1 8:0:1 11:2:2"
OO_WM_PLUS,14,29,"14:2:2 15:0:1",15,0,1,8,14,1,1,4,4,"4:2:2 6:1:1 8:0:1 9:2:2"
OO_WM_PLUS,14,29,"14:2:2 15:0:1",15,0,1,8,14,1,1,5,4,"5:2:2 6:1:1 8:0:1 8:2:2"
OO_WM_PLUS,14,29,"14:2:2 15:0:1",15,0,1,8,14,1,1,6,4,"6:1:1 6:2:2 7:2:2 8:0:1"
OO_WM_PLUS,14,29,"14:2:2 15:0:1",15,0,1,9,5,2,2,1,4,"1:1:2 3:1:2 9:0:1 14:2:2"
OO_WM_PLUS,14,29,"14:2:2 15:0:1",15,0,1,9,5,2,2,2,4,"2:1:2 2:1:2 9:0:1 14:2:2"
OO_WM_PLUS,14,29,"14:2:2 15:0:1",15,0,1,9,14,1,1,2,4,"2:2:2 5:1:1 9:0:1 11:2:2"
OO_WM_PLUS,14,29,"14:2:2 15:0:1",15,0,1,9,14,1,1,5,4,"5:1:1 5:2:2 8:2:2 9:0:1"
OO_WM_PLUS,14,29,"14:2:2 15:0:1",15,0,1,10,10,0,2,5,4,"4:1:1 4:1:2 5:0:2 14:2:2"
OO_WM_PLUS,14,29,"14:2:2 15:0:1",15,0,1,10,10,0,2,6,4,"3:1:2 4:1:1 6:0:2 14:2:2"
OO_WM_PLUS,14,29,"14:2:2 15:0:1",15,0,1,10,10,0,2,7,4,"2:1:2 4:1:1 7:0:2 14:2:2"
OO_WM_PLUS,14,29,"14:2:2 15:0:1",15,0,1,10,10,0,2,8,4,"1:1:2 4:1:1 8:0:2 14:2:2"
OO_WM_PLUS,14,29,"14:2:2 15:0:1",15,0,1,10,14,1,1,2,4,"2:2:2 4:1:1 10:0:1 11:2:2"
OO_WM_PLUS,14,29,"14:2:2 15:0:1",15,0,1,10,14,1,1,4,4,"4:1:1 4:2:2 9:2:2 10:0:1"
OO_WM_PLUS,14,29,"14:2:2 15:0:1",15,0,1,10,14,1,1,5,4,"4:1:1 5:2:2 8:2:2 10:0:1"
OO_WM_PLUS,14,29,"14:2:2 15:0:1",15,0,1,11,11,0,2,2,4,"2:0:2 3:1:1 8:1:2 14:2:2"
OO_WM_PLUS,14,29,"14:2:2 15:0:1",15,0,1,11,11,0,2,3,4,"3:0:2 3:1:1 7:1:2 14:2:2"
OO_WM_PLUS,14,29,"14:2:2 15:0:1",15,0,1,11,11,0,2,5,4,"3:1:1 5:0:2 5:1:2 14:2:2"
OO_WM_PLUS,14,29,"14:2:2 15:0:1",15,0,1,11,11,0,2,6,4,"3:1:1 4:1:2 6:0:2 14:2:2"
OO_WM_PLUS,14,29,"14:2:2 15:0:1",15,0,1,11,11,0,2,7,4,"3:1:1 3:1:2 7:0:2 14:2:2"
OO_WM_PLUS,14,29,"14:2:2 15:0:1",15,0,1,11,11,0,2,8,4,"2:1:2 3:1:1 8:0:2 14:2:2"
OO_WM_PLUS,14,29,"14:2:2 15:0:1",15,0,1,11,11,0,2,9,4,"1:1:2 3:1:1 9:0:2 14:2:2"
OO_WM_PLUS,14,29,"14:2:2 15:0:1",15,0,1,11,14,1,1,1,4,"1:2:2 3:1:1 11:0:1 12:2:2"
OO_WM_PLUS,14,29,"14:2:2 15:0:1",15,0,1,11,14,1,1,2,4,"2:2:2 3:1:1 11:0:1 11:2:2"
OO_WM_PLUS,14,29,"14:2:2 15:0:1",15,0,1,11,14,1,1,3,4,"3:1:1 3:2:2 10:2:2 11:0:1"
OO_WM_PLUS,14,29,"14:2:2 15:0:1",15,0,1,11,14,1,1,4,4,"3:1:1 4:2:2 9:2:2 11:0:1"
OO_WM_PLUS,14,29,"14:2:2 15:0:1",15,0,1,11,14,1,1,5,4,"3:1:1 5:2:2 8:2:2 11:0:1"
OO_WM_PLUS,14,29,"14:2:2 15:0:1",15,0,1,11,14,1,1,6,4,"3:1:1 6:2:2 7:2:2 11:0:1"
OO_WM_PLUS,14,29,"14:2:2 15:0:1",15,0,1,12,14,1,1,2,4,"2:1:1 2:2:2 11:2:2 12:0:1"
OO_WM_PLUS,14,29,"14:2:2 15:0:1",15,0,1,12,14,1,1,5,4,"2:1:1 5:2:2 8:2:2 12:0:1"
OO_WM_PLUS,14,29,"14:2:2 15:0:1",15,0,1,13,13,0,2,2,4,"1:1:1 2:0:2 10:1:2 14:2:2"
OO_WM_PLUS,14,29,"14:2:2 15:0:1",15,0,1,13,13,0,2,3,4,"1:1:1 3:0:2 9:1:2 14:2:2"
OO_WM_PLUS,14,29,"14:2:2 15:0:1",15,0,1,13,13,0,2,4,4,"1:1:1 4:0:2 8:1:2 14:2:2"
OO_WM_PLUS,14,29,"14:2:2 15:0:1",15,0,1,13,13,0,2,5,4,"1:1:1 5:0:2 7:1:2 14:2:2"
OO_WM_PLUS,14,29,"14:2:2 15:0:1",15,0,1,13,13,0,2,6,4,"1:1:1 6:0:2 6:1:2 14:2:2"
OO_WM_PLUS,14,29,"14:2:2 15:0:1",15,0,1,13,13,0,2,7,4,"1:1:1 5:1:2 7:0:2 14:2:2"
OO_WM_PLUS,14,29,"14:2:2 15:0:1",15,0,1,13,13,0,2,8,4,"1:1:1 4:1:2 8:0:2 14:2:2"
OO_WM_PLUS,14,29,"14:2:2 15:0:1",15,0,1,13,13,0,2,9,4,"1:1:1 3:1:2 9:0:2 14:2:2"
OO_WM_PLUS,14,29,"14:2:2 15:0:1",15,0,1,13,13,0,2,10,4,"1:1:1 2:1:2 10:0:2 14:2:2"
OO_WM_PLUS,14,29,"14:2:2 15:0:1",15,0,1,13,13,0,2,11,4,"1:1:1 1:1:2 11:0:2 14:2:2"
OO_WM_PLUS,14,29,"14:2:2 15:0:1",15,0,1,13,14,1,1,1,4,"1:1:1 1:2:2 12:2:2 13:0:1"
OO_WM_PLUS,14,29,"14:2:2 15:0:1",15,0,1,13,14,1,1,2,4,"1:1:1 2:2:2 11:2:2 13:0:1"
OO_WM_PLUS,14,29,"14:2:2 15:0:1",15,0,1,13,14,1,1,4,4,"1:1:1 4:2:2 9:2:2 13:0:1"
OO_WM_PLUS,14,29,"14:2:2 15:0:1",15,0,1,13,14,1,1,5,4,"1:1:1 5:2:2 8:2:2 13:0:1"
OO_WM_PLUS,14,29,"14:2:2 15:0:1",15,0,1,13,14,1,1,6,4,"1:1:1 6:2:2 7:2:2 13:0:1"
OO_WM_PLUS,14,29,"14:2:2 15:0:1",15,0,1,14,14,0,2,2,3,"2:0:2 11:1:2 14:2:2"
OO_WM_PLUS,14,29,"14:2:2 15:0:1",15,0,1,14,14,0,2,3,3,"3:0:2 10:1:2 14:2:2"
OO_WM_PLUS,14,29,"14:2:2 15:0:1",15,0,1,14,14,0,2,4,3,"4:0:2 9:1:2 14:2:2"
OO_WM_PLUS,14,29,"14:2:2 15:0:1",15,0,1,14,14,0,2,5,3,"5:0:2 8:1:2 14:2:2"
OO_WM_PLUS,14,29,"14:2:2 15:0:1",15,0,1,14,14,0,2,6,3,"6:0:2 7:1:2 14:2:2"
OO_WM_PLUS,14,29,"14:2:2 15:0:1",15,0,1,14,14,0,2,7,3,"6:1:2 7:0:2 14:2:2"
OO_WM_PLUS,14,29,"14:2:2 15:0:1",15,0,1,14,14,0,2,8,3,"5:1:2 8:0:2 14:2:2"
OO_WM_PLUS,14,29,"14:2:2 15:0:1",15,0,1,14,14,0,2,9,3,"4:1:2 9:0:2 14:2:2"
OO_WM_PLUS,14,29,"14:2:2 15:0:1",15,0,1,14,14,0,2,10,3,"3:1:2 10:0:2 14:2:2"
OO_WM_PLUS,14,29,"14:2:2 15:0:1",15,0,1,14,14,0,2,11,3,"2:1:2 11:0:2 14:2:2"
OO_WM_PLUS,14,29,"14:2:2 15:0:1",15,0,1,14,14,0,2,12,3,"1:1:2 12:0:2 14:2:2"
OO_WM_PLUS,14,29,"14:2:2 15:0:1",15,0,1,14,14,1,1,0,2,"13:2:2 14:0:1"
OO_WM_PLUS,14,29,"14:2:2 15:0:1",15,0,1,14,14,1,1,1,3,"1:2:2 12:2:2 14:0:1"
OO_WM_PLUS,14,29,"14:2:2 15:0:1",15,0,1,14,14,1,1,2,3,"2:2:2 11:2:2 14:0:1"
OO_WM_PLUS,14,29,"14:2:2 15:0:1",15,0,1,14,14,1,1,3,3,"3:2:2 10:2:2 14:0:1"
OO_WM_PLUS,14,29,"14:2:2 15:0:1",15,0,1,14,14,1,1,4,3,"4:2:2 9:2:2 14:0:1"
OO_WM_PLUS,14,29,"14:2:2 15:0:1",15,0,1,14,14,1,1,5,3,"5:2:2 8:2:2 14:0:1"
OO_WM_PLUS,14,29,"14:2:2 15:0:1",15,0,1,14,14,1,1,6,3,"6:2:2 7:2:2 14:0:1"
WO_MO,14,28,"14:0:2 14:1:2",14,0,2,1,12,1,2,2,4,"1:0:1 2:2:2 9:1:2 14:1:2"
WO_MO,14,28,"14:0:2 14:1:2",14,0,2,1,12,1,2,4,4,"1:0:1 4:2:2 7:1:2 14:1:2"
WO_MO,14,28,"14:0:2 14:1:2",14,0,2,1,12,1,2,5,4,"1:0:1 5:2:2 6:1:2 14:1:2"
WO_MO,14,28,"14:0:2 14:1:2",14,0,2,1,12,1,2,6,4,"1:0:1 5:1:2 6:2:2 14:1:2"
WO_MO,14,28,"14:0:2 14:1:2",14,0,2,1,12,1,2,8,4,"1:0:1 3:1:2 8:2:2 14:1:2"
WO_MO,14,28,"14:0:2 14:1:2",14,0,2,1,12,1,2,9,4,"1:0:1 2:1:2 9:2:2 14:1:2"
WO_MO,14,28,"14:0:2 14:1:2",14,0,2,1,12,1,2,10,4,"1:0:1 1:1:2 10:2:2 14:1:2"
WO_MO,14,28,"14:0:2 14:1:2",14,0,2,1,14,1,2,1,4,"1:0:1 1:2:2 12:1:2 12:1:2"
WO_MO,14,28,"14:0:2 14:1:2",14,0,2,1,14,1,2,2,4,"1:0:1 2:2:2 11:1:2 12:1:2"
WO_MO,14,28,"14:0:2 14:1:2",14,0,2,1,14,1,2,4,4,"1:0:1 4:2:2 9:1:2 12:1:2"
WO_MO,14,28,"14:0:2 14:1:2",14,0,2,1,14,1,2,5,4,"1:0:1 5:2:2 8:1:2 12:1:2"
WO_MO,14,28,"14:0:2 14:1:2",14,0,2,1,14,1,2,6,4,"1:0:1 6:2:2 7:1:2 12:1:2"
WO_MO,14,28,"14:0:2 14:1:2",14,0,2,1,14,1,2,7,4,"1:0:1 6:1:2 7:2:2 12:1:2"
WO_MO,14,28,"14:0:2 14:1:2",14,0,2,1,14,1,2,8,4,"1:0:1 5:1:2 8:2:2 12:1:2"
WO_MO,14,28,"14:0:2 14:1:2",14,0,2,1,14,1,2,9,4,"1:0:1 4:1:2 9:2:2 12:1:2"
WO_MO,14,28,"14:0:2 14:1:2",14,0,2,1,14,1,2,10,4,"1:0:1 3:1:2 10:2:2 12:1:2"
WO_MO,14,28,"14:0:2 14:1:2",14,0,2,1,14,1,2,11,4,"1:0:1 2:1:2 11:2:2 12:1:2"
WO_MO,14,28,"14:0:2 14:1:2",14,0,2,1,14,1,2,12,4,"1:0:1 1:1:2 12:1:2 12:2:2"
WO_MO,14,28,"14:0:2 14:1:2",14,0,2,2,14,1,2,2,4,"2:0:1 2:2:2 11:1:2 11:1:2"
WO_MO,14,28,"14:0:2 14:1:2",14,0,2,3,10,1,2,2,4,"2:2:2 3:0:1 7:1:2 14:1:2"
WO_MO,14,28,"14:0:2 14:1:2",14,0,2,3,10,1,2,4,4,"3:0:1 4:2:2 5:1:2 14:1:2"
WO_MO,14,28,"14:0:2 14:1:2",14,0,2,3,10,1,2,5,4,"3:0:1 4:1:2 5:2:2 14:1:2"
WO_MO,14,28,"14:0:2 14:1:2",14,0,2,3,10,1,2,7,4,"2:1:2 3:0:1 7:2:2 14:1:2"
WO_MO,14,28,"14:0:2 14:1:2",14,0,2,3,10,1,2,8,4,"1:1:2 3:0:1 8:2:2 14:1:2"
WO_MO,14,28,"14:0:2 14:1:2",14,0,2,3,14,1,2,2,4,"2:2:2 3:0:1 10:1:2 11:1:2"
WO_MO,14,28,"14:0:2 14:1:2",14,0,2,3,14,1,2,3,4,"3:0:1 3:2:2 10:1:2 10:1:2"
WO_MO,14,28,"14:0:2 14:1:2",14,0,2,3,14,1,2,4,4,"3:0:1 4:2:2 9:1:2 10:1:2"
WO_MO,14,28,"14:0:2 14:1:2",14,0,2,3,14,1,2,5,4,"3:0:1 5:2:2 8:1:2 10:1:2"
WO_MO,14,28,"14:0:2 14:1:2",14,0,2,3,14,1,2,6,4,"3:0:1 6:2:2 7:1:2 10:1:2"
WO_MO,14,28,"14:0:2 14:1:2",14,0,2,3,14,1,2,7,4,"3:0:1 6:1:2 7:2:2 10:1:2"
WO_MO,14,28,"14:0:2 14:1:2",14,0,2,3,14,1,2,8,4,"3:0:1 5:1:2 8:2:2 10:1:2"
WO_MO,14,28,"14:0:2 14:1:2",14,0,2,3,14,1,2,9,4,"3:0:1 4:1:2 9:2:2 10:1:2"
WO_MO,14,28,"14:0:2 14:1:2",14,0,2,3,14,1,2,10,4,"3:0:1 3:1:2 10:1:2 10:2:2"
WO_MO,14,28,"14:0:2 14:1:2",14,0,2,3,14,1,2,11,4,"2:1:2 3:0:1 10:1:2 11:2:2"
WO_MO,14,28,"14:0:2 14:1:2",14,0,2,3,14,1,2,12,4,"1:1:2 3:0:1 10:1:2 12:2:2"
WO_MO,14,28,"14:0:2 14:1:2",14,0,2,4,4,0,2,2,4,"1:1:2 2:0:2 9:1:2 14:1:2"
WO_MO,14,28,"14:0:2 14:1:2",14,0,2,4,9,1,2,2,4,"2:2:2 4:0:1 6:1:2 14:1:2"
WO_MO,14,28,"14:0:2 14:1:2",14,0,2,4,9,1,2,5,4,"3:1:2 4:0:1 5:2:2 14:1:2"
WO_MO,14,28,"14:0:2 14:1:2",14,0,2,4,9,1,2,6,4,"2:1:2 4:0:1 6:2:2 14:1:2"
WO_MO,14,28,"14:0:2 14:1:2",14,0,2,4,14,1,2,2,4,"2:2:2 4:0:1 9:1:2 11:1:2"
WO_MO,14,28,"14:0:2 14:1:2",14,0,2,4,14,1,2,4,4,"4:0:1 4:2:2 9:1:2 9:1:2"
WO_MO,14,28,"14:0:2 14:1:2",14,0,2,4,14,1,2,5,4,"4:0:1 5:2:2 8:1:2 9:1:2"
WO_MO,14,28,"14:0:2 14:1:2",14,0,2,4,14,1,2,6,4,"4:0:1 6:2:2 7:1:2 9:1:2"
WO_MO,14,28,"14:0:2 14:1:2",14,0,2,4,14,1,2,7,4,"4:0:1 6:1:2 7:2:2 9:1:2"
WO_MO,14,28,"14:0:2 14:1:2",14,0,2,4,14,1,2,8,4,"4:0:1 5:1:2 8:2:2 9:1:2"
WO_MO,14,28,"14:0:2 14:1:2",14,0,2,4,14,1,2,9,4,"4:0:1 4:1:2 9:1:2 9:2:2"
WO_MO,14,28,"14:0:2 14:1:2",14,0,2,4,14,1,2,11,4,"2:1:2 4:0:1 9:1:2 11:2:2"
WO_MO,14,28,"14:0:2 14:1:2",14,0,2,4,14,1,2,12,4,"1:1:2 4:0:1 9:1:2 12:2:2"
WO_MO,14,28,"14:0:2 14:1:2",14,0,2,5,5,0,2,2,4,"2:0:2 2:1:2 8:1:2 14:1:2"
WO_MO,14,28,"14:0:2 14:1:2",14,0,2,5,14,1,2,2,4,"2:2:2 5:0:1 8:1:2 11:1:2"
WO_MO,14,28,"14:0:2 14:1:2",14,0,2,5,14,1,2,5,4,"5:0:1 5:2:2 8:1:2 8:1:2"
WO_MO,14,28,"14:0:2 14:1:2",14,0,2,6,6,0,2,2,4,"2:0:2 3:1:2 7:1:2 14:1:2"
WO_MO,14,28,"14:0:2 14:1:2",14,0,2,6,7,1,2,2,4,"2:2:2 4:1:2 6:0:1 14:1:2"
WO_MO,14,28,"14:0:2 14:1:2",14,0,2,6,7,1,2,4,4,"2:1:2 4:2:2 6:0:1 14:1:2"
WO_MO,14,28,"14:0:2 14:1:2",14,0,2,6,7,1,2,5,4,"1:1:2 5:2:2 6:0:1 14:1:2"
WO_MO,14,28,"14:0:2 14:1:2",14,0,2,6,14,1,2,2,4,"2:2:2 6:0:1 7:1:2 11:1:2"
WO_MO,14,28,"14:0:2 14:1:2",14,0,2,6,14,1,2,4,4,"4:2:2 6:0:1 7:1:2 9:1:2"
WO_MO,14,28,"14:0:2 14:1:2",14,0,2,6,14,1,2,5,4,"5:2:2 6:0:1 7:1:2 8:1:2"
WO_MO,14,28,"14:0:2 14:1:2",14,0,2,6,14,1,2,6,4,"6:0:1 6:2:2 7:1:2 7:1:2"
WO_MO,14,28,"14:0:2 14:1:2",14,0,2,6,14,1,2,7,4,"6:0:1 6:1:2 7:1:2 7:2:2"
WO_MO,14,28,"14:0:2 14:1:2",14,0,2,6,14,1,2,8,4,"5:1:2 6:0:1 7:1:2 8:2:2"
WO_MO,14,28,"14:0:2 14:1:2",14,0,2,6,14,1,2,9,4,"4:1:2 6:0:1 7:1:2 9:2:2"
WO_MO,14,28,"14:0:2 14:1:2",14,0,2,6,14,1,2,11,4,"2:1:2 6:0:1 7:1:2 11:2:2"
WO_MO,14,28,"14:0:2 14:1:2",14,0,2,6,14,1,2,12,4,"1:1:2 6:0:1 7:1:2 12:2:2"
WO_MO,14,28,"14:0:2 14:1:2",14,0,2,7,6,1,2,2,4,"2:2:2 3:1:2 7:0:1 14:1:2"
WO_MO,14,28,"14:0:2 14:1:2",14,0,2,7,7,0,2,2,4,"2:0:2 4:1:2 6:1:2 14:1:2"
WO_MO,14,28,"14:0:2 14:1:2",14,0,2,7,14,1,2,2,4,"2:2:2 6:1:2 7:0:1 11:1:2"
WO_MO,14,28,"14:0:2 14:1:2",14,0,2,7,14,1,2,4,4,"4:2:2 6:1:2 7:0:1 9:1:2"
WO_MO,14,28,"14:0:2 14:1:2",14,0,2,7,14,1,2,6,4,"6:1:2 6:2:2 7:0:1 7:1:2"
WO_MO,14,28,"14:0:2 14:1:2",14,0,2,7,14,1,2,7,4,"6:1:2 6:1:2 7:0:1 7:2:2"
WO_MO,14,28,"14:0:2 14:1:2",14,0,2,7,14,1,2,9,4,"4:1:2 6:1:2 7:0:1 9:2:2"
WO_MO,14,28,"14:0:2 14:1:2",14,0,2,7,14,1,2,12,4,"1:1:2 6:1:2 7:0:1 12:2:2"
WO_MO,14,28,"14:0:2 14:1:2",14,0,2,8,8,0,2,2,4,"2:0:2 5:1:2 5:1:2 14:1:2"
WO_MO,14,28,"14:0:2 14:1:2",14,0,2,8,14,1,2,2,4,"2:2:2 5:1:2 8:0:1 11:1:2"
WO_MO,14,28,"14:0:2 14:1:2",14,0,2,8,14,1,2,5,4,"5:1:2 5:2:2 8:0:1 8:1:2"
WO_MO,14,28,"14:0:2 14:1:2",14,0,2,8,14,1,2,8,4,"5:1:2 5:1:2 8:0:1 8:2:2"
WO_MO,14,28,"14:0:2 14:1:2",14,0,2,9,4,1,2,2,4,"1:1:2 2:2:2 9:0:1 14:1:2"
WO_MO,14,28,"14:0:2 14:1:2",14,0,2,9,9,0,2,2,4,"2:0:2 4:1:2 6:1:2 14:1:2"
WO_MO,14,28,"14:0:2 14:1:2",14,0,2,9,14,1,2,2,4,"2:2:2 4:1:2 9:0:1 11:1:2"
WO_MO,14,28,"14:0:2 14:1:2",14,0,2,9,14,1,2,4,4,"4:1:2 4:2:2 9:0:1 9:1:2"
WO_MO,14,28,"14:0:2 14:1:2",14,0,2,9,14,1,2,6,4,"4:1:2 6:2:2 7:1:2 9:0:1"
WO_MO,14,28,"14:0:2 14:1:2",14,0,2,9,14,1,2,9,4,"4:1:2 4:1:2 9:0:1 9:2:2"
WO_MO,14,28,"14:0:2 14:1:2",14,0,2,9,14,1,2,12,4,"1:1:2 4:1:2 9:0:1 12:2:2"
WO_MO,14,28,"14:0:2 14:1:2",14,0,2,10,10,0,2,2,4,"2:0:2 3:1:2 7:1:2 14:1:2"
WO_MO,14,28,"14:0:2 14:1:2",14,0,2,10,14,1,2,2,4,"2:2:2 3:1:2 10:0:1 11:1:2"
WO_MO,14,28,"14:0:2 14:1:2",14,0,2,10,14,1,2,7,4,"3:1:2 6:1:2 7:2:2 10:0:1"
WO_MO,14,28,"14:0:2 14:1:2",14,0,2,10,14,1,2,10,4,"3:1:2 3:1:2 10:0:1 10:2:2"
WO_MO,14,28,"14:0:2 14:1:2",14,0,2,11,11,0,2,2,4,"2:0:2 2:1:2 8:1:2 14:1:2"
WO_MO,14,28,"14:0:2 14:1:2",14,0,2,11,14,1,2,2,4,"2:1:2 2:2:2 11:0:1 11:1:2"
WO_MO,14,28,"14:0:2 14:1:2",14,0,2,11,14,1,2,5,4,"2:1:2 5:2:2 8:1:2 11:0:1"
WO_MO,14,28,"14:0:2 14:1:2",14,0,2,11,14,1,2,8,4,"2:1:2 5:1:2 8:2:2 11:0:1"
WO_MO,14,28,"14:0:2 14:1:2",14,0,2,11,14,1,2,11,4,"2:1:2 2:1:2 11:0:1 11:2:2"
WO_MO,14,28,"14:0:2 14:1:2",14,0,2,12,12,0,2,2,4,"1:1:2 2:0:2 9:1:2 14:1:2"
WO_MO,14,28,"14:0:2 14:1:2",14,0,2,12,14,1,2,2,4,"1:1:2 2:2:2 11:1:2 12:0:1"
WO_MO,14,28,"14:0:2 14:1:2",14,0,2,12,14,1,2,9,4,"1:1:2 4:1:2 9:2:2 12:0:1"
WO_MO,14,28,"14:0:2 14:1:2",14,0,2,12,14,1,2,12,4,"1:1:2 1:1:2 12:0:1 12:2:2"
WO_MO,14,28,"14:0:2 14:1:2",14,1,2,0,13,1,2,2,3,"2:2:2 10:1:2 14:0:2"
WO_MO,14,28,"14:0:2 14:1:2",14,1,2,0,13,1,2,3,3,"3:2:2 9:1:2 14:0:2"
WO_MO,14,28,"14:0:2 14:1:2",14,1,2,0,13,1,2,4,3,"4:2:2 8:1:2 14:0:2"
WO_MO,14,28,"14:0:2 14:1:2",14,1,2,0,13,1,2,5,3,"5:2:2 7:1:2 14:0:2"
WO_MO,14,28,"14:0:2 14:1:2",14,1,2,0,13,1,2,6,3,"6:1:2 6:2:2 14:0:2"
WO_MO,14,28,"14:0:2 14:1:2",14,1,2,0,13,1,2,7,3,"5:1:2 7:2:2 14:0:2"
WO_MO,14,28,"14:0:2 14:1:2",14,1,2,0,13,1,2,8,3,"4:1:2 8:2:2 14:0:2"
WO_MO,14,28,"14:0:2 14:1:2",14,1,2,0,13,1,2,9,3,"3:1:2 9:2:2 14:0:2"
WO_MO,14,28,"14:0:2 14:1:2",14,1,2,0,13,1,2,10,3,"2:1:2 10:2:2 14:0:2"
WO_MO,14,28,"14:0:2 14:1:2",14,1,2,0,13,1,2,11,3,"1:1:2 11:2:2 14:0:2"
WO_MO,14,28,"14:0:2 14:1:2",14,1,2,0,14,0,1,1,3,"1:0:2 12:2:2 13:1:2"
WO_MO,14,28,"14:0:2 14:1:2",14,1,2,0,14,0,1,2,3,"2:0:2 11:2:2 13:1:2"
WO_MO,14,28,"14:0:2 14:1:2",14,1,2,0,14,0,1,3,3,"3:0:2 10:2:2 13:1:2"
WO_MO,14,28,"14:0:2 14:1:2",14,1,2,0,14,0,1,4,3,"4:0:2 9:2:2 13:1:2"
WO_MO,14,28,"14:0:2 14:1:2",14,1,2,0,14,0,1,5,3,"5:0:2 8:2:2 13:1:2"
WO_MO,14,28,"14:0:2 14:1:2",14,1,2,0,14,0,1,6,3,"6:0:2 7:2:2 13:1:2"
WO_MO,14,28,"14:0:2 14:1:2",14,1,2,0,14,0,1,7,3,"6:2:2 7:0:2 13:1:2"
WO_MO,14,28,"14:0:2 14:1:2",14,1,2,0,14,0,1,8,3,"5:2:2 8:0:2 13:1:2"
WO_MO,14,28,"14:0:2 14:1:2",14,1,2,0,14,0,1,9,3,"4:2:2 9:0:2 13:1:2"
WO_MO,14,28,"14:0:2 14:1:2",14,1,2,0,14,0,1,10,3,"3:2:2 10:0:2 13:1:2"
WO_MO,14,28,"14:0:2 14:1:2",14,1,2,0,14,0,1,11,3,"2:2:2 11:0:2 13:1:2"
WO_MO,14,28,"14:0:2 14:1:2",14,1,2,0,14,0,1,12,3,"1:2:2 12:0:2 13:1:2"
WO_MO,14,28,"14:0:2 14:1:2",14,1,2,0,14,0,1,13,2,"13:0:2 13:1:2"
WO_MO,14,28,"14:0:2 14:1:2",14,1,2,1,12,1,2,2,4,"1:1:1 2:2:2 9:1:2 14:0:2"
WO_MO,14,28,"14:0:2 14:1:2",14,1,2,1,12,1,2,4,4,"1:1:1 4:2:2 7:1:2 14:0:2"
WO_MO,14,28,"14:0:2 14:1:2",14,1,2,1,12,1,2,5,4,"1:1:1 5:2:2 6:1:2 14:0:2"
WO_MO,14,28,"14:0:2 14:1:2",14,1,2,1,12,1,2,6,4,"1:1:1 5:1:2 6:2:2 14:0:2"
WO_MO,14,28,"14:0:2 14:1:2",14,1,2,1,12,1,2,8,4,"1:1:1 3:1:2 8:2:2 14:0:2"
WO_MO,14,28,"14:0:2 14:1:2",14,1,2,1,12,1,2,9,4,"1:1:1 2:1:2 9:2:2 14:0:2"
WO_MO,14,28,"14:0:2 14:1:2",14,1,2,1,12,1,2,10,4,"1:1:1 1:1:2 10:2:2 14:0:2"
WO_MO,14,28,"14:0:2 14:1:2",14,1,2,1,14,0,1,1,4,"1:0:2 1:1:1 12:1:2 12:2:2"
WO_MO,14,28,"14:0:2 14:1:2",14,1,2,1,14,0,1,2,4,"1:1:1 2:0:2 11:2:2 12:1:2"
WO_MO,14,28,"14:0:2 14:1:2",14,1,2,1,14,0,1,3,4,"1:1:1 3:0:2 10:2:2 12:1:2"
WO_MO,14,28,"14:0:2 14:1:2",14,1,2,1,14,0,1,4,4,"1:1:1 4:0:2 9:2:2 12:1:2"
WO_MO,14,28,"14:0:2 14:1:2",14,1,2,1,14,0,1,5,4,"1:1:1 5:0:2 8:2:2 12:1:2"
WO_MO,14,28,"14:0:2 14:1:2",14,1,2,1,14,0,1,6,4,"1:1:1 6:0:2 7:2:2 12:1:2"
WO_MO,14,28,"14:0:2 14:1:2",14,1,2,1,14,0,1,7,4,"1:1:1 6:2:2 7:0:2 12:1:2"
WO_MO,14,28,"14:0:2 14:1:2",14,1,2,1,14,0,1,8,4,"1:1:1 5:2:2 8:0:2 12:1:2"
WO_MO,14,28,"14:0:2 14:1:2",14,1,2,1,14,0,1,9,4,"1:1:1 4:2:2 9:0:2 12:1:2"
WO_MO,14,28,"14:0:2 14:1:2",14,1,2,1,14,0,1,11,4,"1:1:1 2:2:2 11:0:2 12:1:2"
WO_MO,14,28,"14:0:2 14:1:2",14,1,2,1,14,0,1,12,4,"1:1:1 1:2:2 12:0:2 12:1:2"
WO_MO,14,28,"14:0:2 14:1:2",14,1,2,2,11,1,2,2,4,"2:1:1 2:2:2 8:1:2 14:0:2"
WO_MO,14,28,"14:0:2 14:1:2",14,1,2,2,14,0,1,2,4,"2:0:2 2:1:1 11:1:2 11:2:2"
WO_MO,14,28,"14:0:2 14:1:2",14,1,2,2,14,0,1,11,4,"2:1:1 2:2:2 11:0:2 11:1:2"
WO_MO,14,28,"14:0:2 14:1:2",14,1,2,3,10,1,2,2,4,"2:2:2 3:1:1 7:1:2 14:0:2"
WO_MO,14,28,"14:0:2 14:1:2",14,1,2,3,10,1,2,4,4,"3:1:1 4:2:2 5:1:2 14:0:2"
WO_MO,14,28,"14:0:2 14:1:2",14,1,2,3,10,1,2,5,4,"3:1:1 4:1:2 5:2:2 14:0:2"
WO_MO,14,28,"14:0:2 14:1:2",14,1,2,3,10,1,2,7,4,"2:1:2 3:1:1 7:2:2 14:0:2"
WO_MO,14,28,"14:0:2 14:1:2",14,1,2,3,10,1,2,8,4,"1:1:2 3:1:1 8:2:2 14:0:2"
WO_MO,14,28,"14:0:2 14:1:2",14,1,2,3,14,0,1,1,4,"1:0:2 3:1:1 10:1:2 12:2:2"
WO_MO,14,28,"14:0:2 14:1:2",14,1,2,3,14,0,1,2,4,"2:0:2 3:1:1 10:1:2 11:2:2"
WO_MO,14,28,"14:0:2 14:1:2",14,1,2,3,14,0,1,3,4,"3:0:2 3:1:1 10:1:2 10:2:2"
WO_MO,14,28,"14:0:2 14:1:2",14,1,2,3,14,0,1,4,4,"3:1:1 4:0:2 9:2:2 10:1:2"
WO_MO,14,28,"14:0:2 14:1:2",14,1,2,3,14,0,1,5,4,"3:1:1 5:0:2 8:2:2 10:1:2"
WO_MO,14,28,"14:0:2 14:1:2",14,1,2,3,14,0,1,6,4,"3:1:1 6:0:2 7:2:2 10:1:2"
WO_MO,14,28,"14:0:2 14:1:2",14,1,2,3,14,0,1,7,4,"3:1:1 6:2:2 7:0:2 10:1:2"
WO_MO,14,28,"14:0:2 14:1:2",14,1,2,3,14,0,1,8,4,"3:1:1 5:2:2 8:0:2 10:1:2"
WO_MO,14,28,"14:0:2 14:1:2",14,1,2,3,14,0,1,9,4,"3:1:1 4:2:2 9:0:2 10:1:2"
WO_MO,14,28,"14:0:2 14:1:2",14,1,2,3,14,0,1,10,4,"3:1:1 3:2:2 10:0:2 10:1:2"
WO_MO,14,28,"14:0:2 14:1:2",14,1,2,3,14,0,1,11,4,"2:2:2 3:1:1 10:1:2 11:0:2"
WO_MO,14,28,"14:0:2 14:1:2",14,1,2,4,9,1,2,2,4,"2:2:2 4:1:1 6:1:2 14:0:2"
WO_MO,14,28,"14:0:2 14:1:2",14,1,2,4,9,1,2,5,4,"3:1:2 4:1:1 5:2:2 14:0:2"
WO_MO,14,28,"14:0:2 14:1:2",14,1,2,4,14,0,1,1,4,"1:0:2 4:1:1 9:1:2 12:2:2"
WO_MO,14,28,"14:0:2 14:1:2",14,1,2,4,14,0,1,2,4,"2:0:2 4:1:1 9:1:2 11:2:2"
WO_MO,14,28,"14:0:2 14:1:2",14,1,2,4,14,0,1,4,4,"4:0:2 4:1:1 9:1:2 9:2:2"
WO_MO,14,28,"14:0:2 14:1:2",14,1,2,4,14,0,1,7,4,"4:1:1 6:2:2 7:0:2 9:1:2"
WO_MO,14,28,"14:0:2 14:1:2",14,1,2,4,14,0,1,9,4,"4:1:1 4:2:2 9:0:2 9:1:2"
WO_MO,14,28,"14:0:2 14:1:2",14,1,2,5,5,2,2,2,4,"2:1:2 2:1:2 8:1:2 14:0:2"
WO_MO,14,28,"14:0:2 14:1:2",14,1,2,5,8,1,2,2,4,"2:2:2 5:1:1 5:1:2 14:0:2"
WO_MO,14,28,"14:0:2 14:1:2",14,1,2,5,14,0,1,2,4,"2:0:2 5:1:1 8:1:2 11:2:2"
WO_MO,14,28,"14:0:2 14:1:2",14,1,2,5,14,0,1,8,4,"5:1:1 5:2:2 8:0:2 8:1:2"
WO_MO,14,28,"14:0:2 14:1:2",14,1,2,5,14,0,1,11,4,"2:2:2 5:1:1 8:1:2 11:0:2"
WO_MO,14,28,"14:0:2 14:1:2",14,1,2,6,7,1,2,2,4,"2:2:2 4:1:2 6:1:1 14:0:2"
WO_MO,14,28,"14:0:2 14:1:2",14,1,2,6,7,1,2,5,4,"1:1:2 5:2:2 6:1:1 14:0:2"
WO_MO,14,28,"14:0:2 14:1:2",14,1,2,6,14,0,1,1,4,"1:0:2 6:1:1 7:1:2 12:2:2"
WO_MO,14,28,"14:0:2 14:1:2",14,1,2,6,14,0,1,2,4,"2:0:2 6:1:1 7:1:2 11:2:2"
WO_MO,14,28,"14:0:2 14:1:2",14,1,2,6,14,0,1,4,4,"4:0:2 6:1:1 7:1:2 9:2:2"
WO_MO,14,28,"14:0:2 14:1:2",14,1,2,6,14,0,1,7,4,"6:1:1 6:2:2 7:0:2 7:1:2"
WO_MO,14,28,"14:0:2 14:1:2",14,1,2,6,14,0,1,9,4,"4:2:2 6:1:1 7:1:2 9:0:2"
WO_MO,14,28,"14:0:2 14:1:2",14,1,2,7,6,1,2,2,4,"2:2:2 3:1:2 7:1:1 14:0:2"
WO_MO,14,28,"14:0:2 14:1:2",14,1,2,7,14,0,1,2,4,"2:0:2 6:1:2 7:1:1 11:2:2"
WO_MO,14,28,"14:0:2 14:1:2",14,1,2,7,14,0,1,6,4,"6:0:2 6:1:2 7:1:1 7:2:2"
WO_MO,14,28,"14:0:2 14:1:2",14,1,2,8,5,1,2,2,4,"2:1:2 2:2:2 8:1:1 14:0:2"
WO_MO,14,28,"14:0:2 14:1:2",14,1,2,8,14,0,1,2,4,"2:0:2 5:1:2 8:1:1 11:2:2"
WO_MO,14,28,"14:0:2 14:1:2",14,1,2,8,14,0,1,5,4,"5:0:2 5:1:2 8:1:1 8:2:2"
WO_MO,14,28,"14:0:2 14:1:2",14,1,2,8,14,0,1,8,4,"5:1:2 5:2:2 8:0:2 8:1:1"
WO_MO,14,28,"14:0:2 14:1:2",14,1,2,8,14,0,1,11,4,"2:2:2 5:1:2 8:1:1 11:0:2"
WO_MO,14,28,"14:0:2 14:1:2",14,1,2,9,4,1,2,2,4,"1:1:2 2:2:2 9:1:1 14:0:2"
WO_MO,14,28,"14:0:2 14:1:2",14,1,2,9,14,0,1,1,4,"1:0:2 4:1:2 9:1:1 12:2:2"
WO_MO,14,28,"14:0:2 14:1:2",14,1,2,9,14,0,1,2,4,"2:0:2 4:1:2 9:1:1 11:2:2"
WO_MO,14,28,"14:0:2 14:1:2",14,1,2,9,14,0,1,4,4,"4:0:2 4:1:2 9:1:1 9:2:2"
WO_MO,14,28,"14:0:2 14:1:2",14,1,2,10,14,0,1,2,4,"2:0:2 3:1:2 10:1:1 11:2:2"
WO_MO,14,28,"14:0:2 14:1:2",14,1,2,10,14,0,1,3,4,"3:0:2 3:1:2 10:1:1 10:2:2"
WO_MO,14,28,"14:0:2 14:1:2",14,1,2,11,11,2,2,2,4,"2:1:2 2:1:2 8:1:2 14:0:2"
WO_MO,14,28,"14:0:2 14:1:2",14,1,2,11,14,0,1,2,4,"2:0:2 2:1:2 11:1:1 11:2:2"
WO_MO,14,28,"14:0:2 14:1:2",14,1,2,11,14,0,1,5,4,"2:1:2 5:0:2 8:2:2 11:1:1"
WO_MO,14,28,"14:0:2 14:1:2",14,1,2,11,14,0,1,8,4,"2:1:2 5:2:2 8:0:2 11:1:1"
WO_MO,14,28,"14:0:2 14:1:2",14,1,2,11,14,0,1,11,4,"2:1:2 2:2:2 11:0:2 11:1:1"
WO_MO,14,28,"14:0:2 14:1:2",14,1,2,12,14,0,1,1,4,"1:0:2 1:1:2 12:1:1 12:2:2"
WO_MO,14,28,"14:0:2 14:1:2",14,1,2,12,14,0,1,2,4,"1:1:2 2:0:2 11:2:2 12:1:1"
WO_PLUS_MO,14,29,"14:1:2 15:0:2",14,1,2,0,13,1,2,1,3,"1:2:2 11:1:2 15:0:2"
WO_PLUS_MO,14,29,"14:1:2 15:0:2",14,1,2,0,13,1,2,2,3,"2:2:2 10:1:2 15:0:2"
WO_PLUS_MO,14,29,"14:1:2 15:0:2",14,1,2,0,13,1,2,3,3,"3:2:2 9:1:2 15:0:2"
WO_PLUS_MO,14,29,"14:1:2 15:0:2",14,1,2,0,13,1,2,4,3,"4:2:2 8:1:2 15:0:2"
WO_PLUS_MO,14,29,"14:1:2 15:0:2",14,1,2,0,13,1,2,5,3,"5:2:2 7:1:2 15:0:2"
WO_PLUS_MO,14,29,"14:1:2 15:0:2",14,1,2,0,13,1,2,6,3,"6:1:2 6:2:2 15:0:2"
WO_PLUS_MO,14,29,"14:1:2 15:0:2",14,1,2,0,13,1,2,7,3,"5:1:2 7:2:2 15:0:2"
WO_PLUS_MO,14,29,"14:1:2 15:0:2",14,1,2,0,13,1,2,8,3,"4:1:2 8:2:2 15:0:2"
WO_PLUS_MO,14,29,"14:1:2 15:0:2",14,1,2,0,13,1,2,9,3,"3:1:2 9:2:2 15:0:2"
WO_PLUS_MO,14,29,"14:1:2 15:0:2",14,1,2,0,13,1,2,10,3,"2:1:2 10:2:2 15:0:2"
WO_PLUS_MO,14,29,"14:1:2 15:0:2",14,1,2,0,13,1,2,11,3,"1:1:2 11:2:2 15:0:2"
WO_PLUS_MO,14,29,"14:1:2 15:0:2",14,1,2,0,15,0,1,1,3,"1:0:2 13:1:2 13:2:2"
WO_PLUS_MO,14,29,"14:1:2 15:0:2",14,1,2,0,15,0,1,2,3,"2:0:2 12:2:2 13:1:2"
WO_PLUS_MO,14,29,"14:1:2 15:0:2",14,1,2,0,15,0,1,3,3,"3:0:2 11:2:2 13:1:2"
WO_PLUS_MO,14,29,"14:1:2 15:0:2",14,1,2,0,15,0,1,4,3,"4:0:2 10:2:2 13:1:2"
WO_PLUS_MO,14,29,"14:1:2 15:0:2",14,1,2,0,15,0,1,5,3,"5:0:2 9:2:2 13:1:2"
WO_PLUS_MO,14,29,"14:1:2 15:0:2",14,1,2,0,15,0,1,6,3,"6:0:2 8:2:2 13:1:2"
WO_PLUS_MO,14,29,"14:1:2 15:0:2",14,1,2,0,15,0,1,7,3,"7:0:2 7:2:2 13:1:2"
WO_PLUS_MO,14,29,"14:1:2 15:0:2",14,1,2,0,15,0,1,8,3,"6:2:2 8:0:2 13:1:2"
WO_PLUS_MO,14,29,"14:1:2 15:0:2",14,1,2,0,15,0,1,9,3,"5:2:2 9:0:2 13:1:2"
WO_PLUS_MO,14,29,"14:1:2 15:0:2",14,1,2,0,15,0,1,10,3,"4:2:2 10:0:2 13:1:2"
WO_PLUS_MO,14,29,"14:1:2 15:0:2",14,1,2,0,15,0,1,11,3,"3:2:2 11:0:2 13:1:2"
WO_PLUS_MO,14,29,"14:1:2 15:0:2",14,1,2,0,15,0,1,12,3,"2:2:2 12:0:2 13:1:2"
WO_PLUS_MO,14,29,"14:1:2 15:0:2",14,1,2,0,15,0,1,13,3,"1:2:2 13:0:2 13:1:2"
WO_PLUS_MO,14,29,"14:1:2 15:0:2",14,1,2,0,15,0,1,14,2,"13:1:2 14:0:2"
WO_PLUS_MO,14,29,"14:1:2 15:0:2",14,1,2,1,12,1,2,1,4,"1:1:1 1:2:2 10:1:2 15:0:2"
WO_PLUS_MO,14,29,"14:1:2 15:0:2",14,1,2,1,12,1,2,2,4,"1:1:1 2:2:2 9:1:2 15:0:2"
WO_PLUS_MO,14,29,"14:1:2 15:0:2",14,1,2,1,12,1,2,3,4,"1:1:1 3:2:2 8:1:2 15:0:2"
WO_PLUS_MO,14,29,"14:1:2 15:0:2",14,1,2,1,12,1,2,4,4,"1:1:1 4:2:2 7:1:2 15:0:2"
WO_PLUS_MO,14,29,"14:1:2 15:0:2",14,1,2,1,12,1,2,5,4,"1:1:1 5:2:2 6:1:2 15:0:2"
WO_PLUS_MO,14,29,"14:1:2 15:0:2",14,1,2,1,12,1,2,6,4,"1:1:1 5:1:2 6:2:2 15:0:2"
WO_PLUS_MO,14,29,"14:1:2 15:0:2",14,1,2,1,12,1,2,7,4,"1:1:1 4:1:2 7:2:2 15:0:2"
WO_PLUS_MO,14,29,"14:1:2 15:0:2",14,1,2,1,12,1,2,8,4,"1:1:1 3:1:2 8:2:2 15:0:2"
WO_PLUS_MO,14,29,"14:1:2 15:0:2",14,1,2,1,12,1,2,9,4,"1:1:1 2:1:2 9:2:2 15:0:2"
WO_PLUS_MO,14,29,"14:1:2 15:0:2",14,1,2,1,12,1,2,10,4,"1:1:1 1:1:2 10:2:2 15:0:2"
WO_PLUS_MO,14,29,"14:1:2 15:0:2",14,1,2,1,15,0,1,2,4,"1:1:1 2:0:2 12:1:2 12:2:2"
WO_PLUS_MO,14,29,"14:1:2 15:0:2",14,1,2,1,15,0,1,3,4,"1:1:1 3:0:2 11:2:2 12:1:2"
WO_PLUS_MO,14,29,"14:1:2 15:0:2",14,1,2,1,15,0,1,4,4,"1:1:1 4:0:2 10:2:2 12:1:2"
WO_PLUS_MO,14,29,"14:1:2 15:0:2",14,1,2,1,15,0,1,5,4,"1:1:1 5:0:2 9:2:2 12:1:2"
WO_PLUS_MO,14,29,"14:1:2 15:0:2",14,1,2,1,15,0,1,6,4,"1:1:1 6:0:2 8:2:2 12:1:2"
WO_PLUS_MO,14,29,"14:1:2 15:0:2",14,1,2,1,15,0,1,7,4,"1:1:1 7:0:2 7:2:2 12:1:2"
WO_PLUS_MO,14,29,"14:1:2 15:0:2",14,1,2,1,15,0,1,8,4,"1:1:1 6:2:2 8:0:2 12:1:2"
WO_PLUS_MO,14,29,"14:1:2 15:0:2",14,1,2,1,15,0,1,9,4,"1:1:1 5:2:2 9:0:2 12:1:2"
WO_PLUS_MO,14,29,"14:1:2 15:0:2",14,1,2,1,15,0,1,10,4,"1:1:1 4:2:2 10:0:2 12:1:2"
WO_PLUS_MO,14,29,"14:1:2 15:0:2",14,1,2,1,15,0,1,12,4,"1:1:1 2:2:2 12:0:2 12:1:2"
WO_PLUS_MO,14,29,"14:1:2 15:0:2",14,1,2,1,15,0,1,13,4,"1:1:1 1:2:2 12:1:2 13:0:2"
WO_PLUS_MO,14,29,"14:1:2 15:0:2",14,1,2,2,15,0,1,9,4,"2:1:1 5:2:2 9:0:2 11:1:2"
WO_PLUS_MO,14,29,"14:1:2 15:0:2",14,1,2,2,15,0,1,12,4,"2:1:1 2:2:2 11:1:2 12:0:2"
WO_PLUS_MO,14,29,"14:1:2 15:0:2",14,1,2,3,3,2,2,1,4,"1:1:2 1:1:2 10:1:2 15:0:2"
WO_PLUS_MO,14,29,"14:1:2 15:0:2",14,1,2,3,10,1,2,1,4,"1:2:2 3:1:1 8:1:2 15:0:2"
WO_PLUS_MO,14,29,"14:1:2 15:0:2",14,1,2,3,10,1,2,2,4,"2:2:2 3:1:1 7:1:2 15:0:2"
WO_PLUS_MO,14,29,"14:1:2 15:0:2",14,1,2,3,10,1,2,4,4,"3:1:1 4:2:2 5:1:2 15:0:2"
WO_PLUS_MO,14,29,"14:1:2 15:0:2",14,1,2,3,10,1,2,5,4,"3:1:1 4:1:2 5:2:2 15:0:2"
WO_PLUS_MO,14,29,"14:1:2 15:0:2",14,1,2,3,10,1,2,6,4,"3:1:1 3:1:2 6:2:2 15:0:2"
WO_PLUS_MO,14,29,"14:1:2 15:0:2",14,1,2,3,10,1,2,7,4,"2:1:2 3:1:1 7:2:2 15:0:2"
WO_PLUS_MO,14,29,"14:1:2 15:0:2",14,1,2,3,10,1,2,8,4,"1:1:2 3:1:1 8:2:2 15:0:2"
WO_PLUS_MO,14,29,"14:1:2 15:0:2",14,1,2,3,15,0,1,2,4,"2:0:2 3:1:1 10:1:2 12:2:2"
WO_PLUS_MO,14,29,"14:1:2 15:0:2",14,1,2,3,15,0,1,3,4,"3:0:2 3:1:1 10:1:2 11:2:2"
WO_PLUS_MO,14,29,"14:1:2 15:0:2",14,1,2,3,15,0,1,4,4,"3:1:1 4:0:2 10:1:2 10:2:2"
WO_PLUS_MO,14,29,"14:1:2 15:0:2",14,1,2,3,15,0,1,5,4,"3:1:1 5:0:2 9:2:2 10:1:2"
WO_PLUS_MO,14,29,"14:1:2 15:0:2",14,1,2,3,15,0,1,6,4,"3:1:1 6:0:2 8:2:2 10:1:2"
WO_PLUS_MO,14,29,"14:1:2 15:0:2",14,1,2,3,15,0,1,7,4,"3:1:1 7:0:2 7:2:2 10:1:2"
WO_PLUS_MO,14,29,"14:1:2 15:0:2",14,1,2,3,15,0,1,8,4,"3:1:1 6:2:2 8:0:2 10:1:2"
WO_PLUS_MO,14,29,"14:1:2 15:0:2",14,1,2,3,15,0,1,9,4,"3:1:1 5:2:2 9:0:2 10:1:2"
WO_PLUS_MO,14,29,"14:1:2 15:0:2",14,1,2,3,15,0,1,10,4,"3:1:1 4:2:2 10:0:2 10:1:2"
WO_PLUS_MO,14,29,"14:1:2 15:0:2",14,1,2,3,15,0,1,11,4,"3:1:1 3:2:2 10:1:2 11:0:2"
WO_PLUS_MO,14,29,"14:1:2 15:0:2",14,1,2,3,15,0,1,12,4,"2:2:2 3:1:1 10:1:2 12:0:2"
WO_PLUS_MO,14,29,"14:1:2 15:0:2",14,1,2,3,15,0,1,13,4,"1:2:2 3:1:1 10:1:2 13:0:2"
WO_PLUS_MO,14,29,"14:1:2 15:0:2",14,1,2,4,4,2,2,1,4,"1:1:2 2:1:2 9:1:2 15:0:2"
WO_PLUS_MO,14,29,"14:1:2 15:0:2",14,1,2,4,9,1,2,2,4,"2:2:2 4:1:1 6:1:2 15:0:2"
WO_PLUS_MO,14,29,"14:1:2 15:0:2",14,1,2,4,9,1,2,5,4,"3:1:2 4:1:1 5:2:2 15:0:2"
WO_PLUS_MO,14,29,"14:1:2 15:0:2",14,1,2,4,9,1,2,6,4,"2:1:2 4:1:1 6:2:2 15:0:2"
WO_PLUS_MO,14,29,"14:1:2 15:0:2",14,1,2,4,9,1,2,7,4,"1:1:2 4:1:1 7:2:2 15:0:2"
WO_PLUS_MO,14,29,"14:1:2 15:0:2",14,1,2,4,15,0,1,2,4,"2:0:2 4:1:1 9:1:2 12:2:2"
WO_PLUS_MO,14,29,"14:1:2 15:0:2",14,1,2,4,15,0,1,5,4,"4:1:1 5:0:2 9:1:2 9:2:2"
WO_PLUS_MO,14,29,"14:1:2 15:0:2",14,1,2,4,15,0,1,6,4,"4:1:1 6:0:2 8:2:2 9:1:2"
WO_PLUS_MO,14,29,"14:1:2 15:0:2",14,1,2,4,15,0,1,8,4,"4:1:1 6:2:2 8:0:2 9:1:2"
WO_PLUS_MO,14,29,"14:1:2 15:0:2",14,1,2,4,15,0,1,9,4,"4:1:1 5:2:2 9:0:2 9:1:2"
WO_PLUS_MO,14,29,"14:1:2 15:0:2",14,1,2,4,15,0,1,10,4,"4:1:1 4:2:2 9:1:2 10:0:2"
WO_PLUS_MO,14,29,"14:1:2 15:0:2",14,1,2,4,15,0,1,12,4,"2:2:2 4:1:1 9:1:2 12:0:2"
WO_PLUS_MO,14,29,"14:1:2 15:0:2",14,1,2,5,5,2,2,1,4,"1:1:2 3:1:2 8:1:2 15:0:2"
WO_PLUS_MO,14,29,"14:1:2 15:0:2",14,1,2,5,15,0,1,9,4,"5:1:1 5:2:2 8:1:2 9:0:2"
WO_PLUS_MO,14,29,"14:1:2 15:0:2",14,1,2,5,15,0,1,12,4,"2:2:2 5:1:1 8:1:2 12:0:2"
WO_PLUS_MO,14,29,"14:1:2 15:0:2",14,1,2,6,6,2,2,2,4,"2:1:2 3:1:2 7:1:2 15:0:2"
WO_PLUS_MO,14,29,"14:1:2 15:0:2",14,1,2,6,7,1,2,2,4,"2:2:2 4:1:2 6:1:1 15:0:2"
WO_PLUS_MO,14,29,"14:1:2 15:0:2",14,1,2,6,7,1,2,4,4,"2:1:2 4:2:2 6:1:1 15:0:2"
WO_PLUS_MO,14,29,"14:1:2 15:0:2",14,1,2,6,7,1,2,5,4,"1:1:2 5:2:2 6:1:1 15:0:2"
WO_PLUS_MO,14,29,"14:1:2 15:0:2",14,1,2,6,15,0,1,2,4,"2:0:2 6:1:1 7:1:2 12:2:2"
WO_PLUS_MO,14,29,"14:1:2 15:0:2",14,1,2,6,15,0,1,5,4,"5:0:2 6:1:1 7:1:2 9:2:2"
WO_PLUS_MO,14,29,"14:1:2 15:0:2",14,1,2,6,15,0,1,6,4,"6:0:2 6:1:1 7:1:2 8:2:2"
WO_PLUS_MO,14,29,"14:1:2 15:0:2",14,1,2,6,15,0,1,8,4,"6:1:1 6:2:2 7:1:2 8:0:2"
WO_PLUS_MO,14,29,"14:1:2 15:0:2",14,1,2,6,15,0,1,9,4,"5:2:2 6:1:1 7:1:2 9:0:2"
WO_PLUS_MO,14,29,"14:1:2 15:0:2",14,1,2,6,15,0,1,10,4,"4:2:2 6:1:1 7:1:2 10:0:2"
WO_PLUS_MO,14,29,"14:1:2 15:0:2",14,1,2,6,15,0,1,12,4,"2:2:2 6:1:1 7:1:2 12:0:2"
WO_PLUS_MO,14,29,"14:1:2 15:0:2",14,1,2,7,6,1,2,2,4,"2:2:2 3:1:2 7:1:1 15:0:2"
WO_PLUS_MO,14,29,"14:1:2 15:0:2",14,1,2,7,7,2,2,1,4,"1:1:2 5:1:2 6:1:2 15:0:2"
WO_PLUS_MO,14,29,"14:1:2 15:0:2",14,1,2,7,7,2,2,2,4,"2:1:2 4:1:2 6:1:2 15:0:2"
WO_PLUS_MO,14,29,"14:1:2 15:0:2",14,1,2,7,15,0,1,5,4,"5:0:2 6:1:2 7:1:1 9:2:2"
WO_PLUS_MO,14,29,"14:1:2 15:0:2",14,1,2,7,15,0,1,7,4,"6:1:2 7:0:2 7:1:1 7:2:2"
WO_PLUS_MO,14,29,"14:1:2 15:0:2",14,1,2,7,15,0,1,8,4,"6:1:2 6:2:2 7:1:1 8:0:2"
WO_PLUS_MO,14,29,"14:1:2 15:0:2",14,1,2,7,15,0,1,9,4,"5:2:2 6:1:2 7:1:1 9:0:2"
WO_PLUS_MO,14,29,"14:1:2 15:0:2",14,1,2,7,15,0,1,12,4,"2:2:2 6:1:2 7:1:1 12:0:2"
WO_PLUS_MO,14,29,"14:1:2 15:0:2",14,1,2,8,5,1,2,2,4,"2:1:2 2:2:2 8:1:1 15:0:2"
WO_PLUS_MO,14,29,"14:1:2 15:0:2",14,1,2,8,8,2,2,1,4,"1:1:2 5:1:2 6:1:2 15:0:2"
WO_PLUS_MO,14,29,"14:1:2 15:0:2",14,1,2,8,8,2,2,3,4,"3:1:2 4:1:2 5:1:2 15:0:2"
WO_PLUS_MO,14,29,"14:1:2 15:0:2",14,1,2,8,15,0,1,5,4,"5:0:2 5:1:2 8:1:1 9:2:2"
WO_PLUS_MO,14,29,"14:1:2 15:0:2",14,1,2,8,15,0,1,6,4,"5:1:2 6:0:2 8:1:1 8:2:2"
WO_PLUS_MO,14,29,"14:1:2 15:0:2",14,1,2,8,15,0,1,9,4,"5:1:2 5:2:2 8:1:1 9:0:2"
WO_PLUS_MO,14,29,"14:1:2 15:0:2",14,1,2,8,15,0,1,12,4,"2:2:2 5:1:2 8:1:1 12:0:2"
WO_PLUS_MO,14,29,"14:1:2 15:0:2",14,1,2,9,4,1,2,2,4,"1:1:2 2:2:2 9:1:1 15:0:2"
WO_PLUS_MO,14,29,"14:1:2 15:0:2",14,1,2,9,9,2,2,2,4,"2:1:2 4:1:2 6:1:2 15:0:2"
WO_PLUS_MO,14,29,"14:1:2 15:0:2",14,1,2,9,9,2,2,3,4,"3:1:2 4:1:2 5:1:2 15:0:2"
WO_PLUS_MO,14,29,"14:1:2 15:0:2",14,1,2,9,15,0,1,2,4,"2:0:2 4:1:2 9:1:1 12:2:2"
WO_PLUS_MO,14,29,"14:1:2 15:0:2",14,1,2,9,15,0,1,5,4,"4:1:2 5:0:2 9:1:1 9:2:2"
WO_PLUS_MO,14,29,"14:1:2 15:0:2",14,1,2,9,15,0,1,9,4,"4:1:2 5:2:2 9:0:2 9:1:1"
WO_PLUS_MO,14,29,"14:1:2 15:0:2",14,1,2,9,15,0,1,10,4,"4:1:2 4:2:2 9:1:1 10:0:2"
WO_PLUS_MO,14,29,"14:1:2 15:0:2",14,1,2,9,15,0,1,12,4,"2:2:2 4:1:2 9:1:1 12:0:2"
WO_PLUS_MO,14,29,"14:1:2 15:0:2",14,1,2,10,10,2,2,1,4,"1:1:2 3:1:2 8:1:2 15:0:2"
WO_PLUS_MO,14,29,"14:1:2 15:0:2",14,1,2,10,10,2,2,2,4,"2:1:2 3:1:2 7:1:2 15:0:2"
WO_PLUS_MO,14,29,"14:1:2 15:0:2",14,1,2,10,10,2,2,4,4,"3:1:2 4:1:2 5:1:2 15:0:2"
WO_PLUS_MO,14,29,"14:1:2 15:0:2",14,1,2,10,15,0,1,4,4,"3:1:2 4:0:2 10:1:1 10:2:2"
WO_PLUS_MO,14,29,"14:1:2 15:0:2",14,1,2,10,15,0,1,5,4,"3:1:2 5:0:2 9:2:2 10:1:1"
WO_PLUS_MO,14,29,"14:1:2 15:0:2",14,1,2,10,15,0,1,8,4,"3:1:2 6:2:2 8:0:2 10:1:1"
WO_PLUS_MO,14,29,"14:1:2 15:0:2",14,1,2,10,15,0,1,9,4,"3:1:2 5:2:2 9:0:2 10:1:1"
WO_PLUS_MO,14,29,"14:1:2 15:0:2",14,1,2,10,15,0,1,12,4,"2:2:2 3:1:2 10:1:1 12:0:2"
WO_PLUS_MO,14,29,"14:1:2 15:0:2",14,1,2,11,11,2,2,1,4,"1:1:2 2:1:2 9:1:2 15:0:2"
WO_PLUS_MO,14,29,"14:1:2 15:0:2",14,1,2,11,11,2,2,3,4,"2:1:2 3:1:2 7:1:2 15:0:2"
WO_PLUS_MO,14,29,"14:1:2 15:0:2",14,1,2,11,11,2,2,4,4,"2:1:2 4:1:2 6:1:2 15:0:2"
WO_PLUS_MO,14,29,"14:1:2 15:0:2",14,1,2,11,15,0,1,3,4,"2:1:2 3:0:2 11:1:1 11:2:2"
WO_PLUS_MO,14,29,"14:1:2 15:0:2",14,1,2,11,15,0,1,5,4,"2:1:2 5:0:2 9:2:2 11:1:1"
WO_PLUS_MO,14,29,"14:1:2 15:0:2",14,1,2,11,15,0,1,6,4,"2:1:2 6:0:2 8:2:2 11:1:1"
WO_PLUS_MO,14,29,"14:1:2 15:0:2",14,1,2,11,15,0,1,8,4,"2:1:2 6:2:2 8:0:2 11:1:1"
WO_PLUS_MO,14,29,"14:1:2 15:0:2",14,1,2,11,15,0,1,9,4,"2:1:2 5:2:2 9:0:2 11:1:1"
WO_PLUS_MO,14,29,"14:1:2 15:0:2",14,1,2,11,15,0,1,12,4,"2:1:2 2:2:2 11:1:1 12:0:2"
WO_PLUS_MO,14,29,"14:1:2 15:0:2",14,1,2,12,12,2,2,1,4,"1:1:2 1:1:2 10:1:2 15:0:2"
WO_PLUS_MO,14,29,"14:1:2 15:0:2",14,1,2,12,12,2,2,2,4,"1:1:2 2:1:2 9:1:2 15:0:2"
WO_PLUS_MO,14,29,"14:1:2 15:0:2",14,1,2,12,12,2,2,3,4,"1:1:2 3:1:2 8:1:2 15:0:2"
WO_PLUS_MO,14,29,"14:1:2 15:0:2",14,1,2,12,12,2,2,5,4,"1:1:2 5:1:2 6:1:2 15:0:2"
WO_PLUS_MO,14,29,"14:1:2 15:0:2",14,1,2,12,15,0,1,2,4,"1:1:2 2:0:2 12:1:1 12:2:2"
WO_PLUS_MO,14,29,"14:1:2 15:0:2",14,1,2,12,15,0,1,5,4,"1:1:2 5:0:2 9:2:2 12:1:1"
WO_PLUS_MO,14,29,"14:1:2 15:0:2",14,1,2,12,15,0,1,9,4,"1:1:2 5:2:2 9:0:2 12:1:1"
WO_PLUS_MO,14,29,"14:1:2 15:0:2",14,1,2,12,15,0,1,10,4,"1:1:2 4:2:2 10:0:2 12:1:1"
WO_PLUS_MO,14,29,"14:1:2 15:0:2",14,1,2,12,15,0,1,12,4,"1:1:2 2:2:2 12:0:2 12:1:1"
WO_PLUS_MO,14,29,"14:1:2 15:0:2",15,0,2,1,13,1,2,2,4,"1:0:1 2:2:2 10:1:2 14:1:2"
WO_PLUS_MO,14,29,"14:1:2 15:0:2",15,0,2,1,13,1,2,3,4,"1:0:1 3:2:2 9:1:2 14:1:2"
WO_PLUS_MO,14,29,"14:1:2 15:0:2",15,0,2,1,13,1,2,4,4,"1:0:1 4:2:2 8:1:2 14:1:2"
WO_PLUS_MO,14,29,"14:1:2 15:0:2",15,0,2,1,13,1,2,5,4,"1:0:1 5:2:2 7:1:2 14:1:2"
WO_PLUS_MO,14,29,"14:1:2 15:0:2",15,0,2,1,13,1,2,6,4,"1:0:1 6:1:2 6:2:2 14:1:2"
WO_PLUS_MO,14,29,"14:1:2 15:0:2",15,0,2,1,13,1,2,7,4,"1:0:1 5:1:2 7:2:2 14:1:2"
WO_PLUS_MO,14,29,"14:1:2 15:0:2",15,0,2,1,13,1,2,8,4,"1:0:1 4:1:2 8:2:2 14:1:2"
WO_PLUS_MO,14,29,"14:1:2 15:0:2",15,0,2,1,13,1,2,9,4,"1:0:1 3:1:2 9:2:2 14:1:2"
WO_PLUS_MO,14,29,"14:1:2 15:0:2",15,0,2,1,13,1,2,10,4,"1:0:1 2:1:2 10:2:2 14:1:2"
WO_PLUS_MO,14,29,"14:1:2 15:0:2",15,0,2,1,13,1,2,11,4,"1:0:1 1:1:2 11:2:2 14:1:2"
WO_PLUS_MO,14,29,"14:1:2 15:0:2",15,0,2,1,14,1,2,0,3,"1:0:1 13:1:2 13:1:2"
WO_PLUS_MO,14,29,"14:1:2 15:0:2",15,0,2,1,14,1,2,1,4,"1:0:1 1:2:2 12:1:2 13:1:2"
WO_PLUS_MO,14,29,"14:1:2 15:0:2",15,0,2,1,14,1,2,2,4,"1:0:1 2:2:2 11:1:2 13:1:2"
WO_PLUS_MO,14,29,"14:1:2 15:0:2",15,0,2,1,14,1,2,3,4,"1:0:1 3:2:2 10:1:2 13:1:2"
WO_PLUS_MO,14,29,"14:1:2 15:0:2",15,0,2,1,14,1,2,4,4,"1:0:1 4:2:2 9:1:2 13:1:2"
WO_PLUS_MO,14,29,"14:1:2 15:0:2",15,0,2,1,14,1,2,5,4,"1:0:1 5:2:2 8:1:2 13:1:2"
WO_PLUS_MO,14,29,"14:1:2 15:0:2",15,0,2,1,14,1,2,6,4,"1:0:1 6:2:2 7:1:2 13:1:2"
WO_PLUS_MO,14,29,"14:1:2 15:0:2",15,0,2,1,14,1,2,7,4,"1:0:1 6:1:2 7:2:2 13:1:2"
WO_PLUS_MO,14,29,"14:1:2 15:0:2",15,0,2,1,14,1,2,8,4,"1:0:1 5:1:2 8:2:2 13:1:2"
WO_PLUS_MO,14,29,"14:1:2 15:0:2",15,0,2,1,14,1,2,9,4,"1:0:1 4:1:2 9:2:2 13:1:2"
WO_PLUS_MO,14,29,"14:1:2 15:0:2",15,0,2,1,14,1,2,10,4,"1:0:1 3:1:2 10:2:2 13:1:2"
WO_PLUS_MO,14,29,"14:1:2 15:0:2",15,0,2,1,14,1,2,11,4,"1:0:1 2:1:2 11:2:2 13:1:2"
WO_PLUS_MO,14,29,"14:1:2 15:0:2",15,0,2,1,14,1,2,12,4,"1:0:1 1:1:2 12:2:2 13:1:2"
WO_PLUS_MO,14,29,"14:1:2 15:0:2",15,0,2,2,12,1,2,2,4,"2:0:1 2:2:2 9:1:2 14:1:2"
WO_PLUS_MO,14,29,"14:1:2 15:0:2",15,0,2,2,12,1,2,4,4,"2:0:1 4:2:2 7:1:2 14:1:2"
WO_PLUS_MO,14,29,"14:1:2 15:0:2",15,0,2,2,12,1,2,5,4,"2:0:1 5:2:2 6:1:2 14:1:2"
WO_PLUS_MO,14,29,"14:1:2 15:0:2",15,0,2,2,12,1,2,6,4,"2:0:1 5:1:2 6:2:2 14:1:2"
WO_PLUS_MO,14,29,"14:1:2 15:0:2",15,0,2,2,12,1,2,8,4,"2:0:1 3:1:2 8:2:2 14:1:2"
WO_PLUS_MO,14,29,"14:1:2 15:0:2",15,0,2,2,12,1,2,9,4,"2:0:1 2:1:2 9:2:2 14:1:2"
WO_PLUS_MO,14,29,"14:1:2 15:0:2",15,0,2,2,12,1,2,10,4,"1:1:2 2:0:1 10:2:2 14:1:2"
WO_PLUS_MO,14,29,"14:1:2 15:0:2",15,0,2,2,14,1,2,1,4,"1:2:2 2:0:1 12:1:2 12:1:2"
WO_PLUS_MO,14,29,"14:1:2 15:0:2",15,0,2,2,14,1,2,2,4,"2:0:1 2:2:2 11:1:2 12:1:2"
WO_PLUS_MO,14,29,"14:1:2 15:0:2",15,0,2,2,14,1,2,4,4,"2:0:1 4:2:2 9:1:2 12:1:2"
WO_PLUS_MO,14,29,"14:1:2 15:0:2",15,0,2,2,14,1,2,5,4,"2:0:1 5:2:2 8:1:2 12:1:2"
WO_PLUS_MO,14,29,"14:1:2 15:0:2",15,0,2,2,14,1,2,6,4,"2:0:1 6:2:2 7:1:2 12:1:2"
WO_PLUS_MO,14,29,"14:1:2 15:0:2",15,0,2,2,14,1,2,7,4,"2:0:1 6:1:2 7:2:2 12:1:2"
WO_PLUS_MO,14,29,"14:1:2 15:0:2",15,0,2,2,14,1,2,8,4,"2:0:1 5:1:2 8:2:2 12:1:2"
WO_PLUS_MO,14,29,"14:1:2 15:0:2",15,0,2,2,14,1,2,9,4,"2:0:1 4:1:2 9:2:2 12:1:2"
WO_PLUS_MO,14,29,"14:1:2 15:0:2",15,0,2,2,14,1,2,10,4,"2:0:1 3:1:2 10:2:2 12:1:2"
WO_PLUS_MO,14,29,"14:1:2 15:0:2",15,0,2,2,14,1,2,11,4,"2:0:1 2:1:2 11:2:2 12:1:2"
WO_PLUS_MO,14,29,"14:1:2 15:0:2",15,0,2,2,14,1,2,12,4,"1:1:2 2:0:1 12:1:2 12:2:2"
WO_PLUS_MO,14,29,"14:1:2 15:0:2",15,0,2,3,11,1,2,2,4,"2:2:2 3:0:1 8:1:2 14:1:2"
WO_PLUS_MO,14,29,"14:1:2 15:0:2",15,0,2,3,11,1,2,4,4,"3:0:1 4:2:2 6:1:2 14:1:2"
WO_PLUS_MO,14,29,"14:1:2 15:0:2",15,0,2,3,11,1,2,5,4,"3:0:1 5:1:2 5:2:2 14:1:2"
WO_PLUS_MO,14,29,"14:1:2 15:0:2",15,0,2,3,11,1,2,6,4,"3:0:1 4:1:2 6:2:2 14:1:2"
WO_PLUS_MO,14,29,"14:1:2 15:0:2",15,0,2,3,11,1,2,7,4,"3:0:1 3:1:2 7:2:2 14:1:2"
WO_PLUS_MO,14,29,"14:1:2 15:0:2",15,0,2,3,11,1,2,8,4,"2:1:2 3:0:1 8:2:2 14:1:2"
WO_PLUS_MO,14,29,"14:1:2 15:0:2",15,0,2,3,11,1,2,9,4,"1:1:2 3:0:1 9:2:2 14:1:2"
WO_PLUS_MO,14,29,"14:1:2 15:0:2",15,0,2,3,14,1,2,2,4,"2:2:2 3:0:1 11:1:2 11:1:2"
WO_PLUS_MO,14,29,"14:1:2 15:0:2",15,0,2,3,14,1,2,5,4,"3:0:1 5:2:2 8:1:2 11:1:2"
WO_PLUS_MO,14,29,"14:1:2 15:0:2",15,0,2,3,14,1,2,7,4,"3:0:1 6:1:2 7:2:2 11:1:2"
WO_PLUS_MO,14,29,"14:1:2 15:0:2",15,0,2,3,14,1,2,8,4,"3:0:1 5:1:2 8:2:2 11:1:2"
WO_PLUS_MO,14,29,"14:1:2 15:0:2",15,0,2,3,14,1,2,9,4,"3:0:1 4:1:2 9:2:2 11:1:2"
WO_PLUS_MO,14,29,"14:1:2 15:0:2",15,0,2,3,14,1,2,10,4,"3:0:1 3:1:2 10:2:2 11:1:2"
WO_PLUS_MO,14,29,"14:1:2 15:0:2",15,0,2,3,14,1,2,11,4,"2:1:2 3:0:1 11:1:2 11:2:2"
WO_PLUS_MO,14,29,"14:1:2 15:0:2",15,0,2,3,14,1,2,12,4,"1:1:2 3:0:1 11:1:2 12:2:2"
WO_PLUS_MO,14,29,"14:1:2 15:0:2",15,0,2,4,10,1,2,2,4,"2:2:2 4:0:1 7:1:2 14:1:2"
WO_PLUS_MO,14,29,"14:1:2 15:0:2",15,0,2,4,10,1,2,4,4,"4:0:1 4:2:2 5:1:2 14:1:2"
WO_PLUS_MO,14,29,"14:1:2 15:0:2",15,0,2,4,10,1,2,5,4,"4:0:1 4:1:2 5:2:2 14:1:2"
WO_PLUS_MO,14,29,"14:1:2 15:0:2",15,0,2,4,10,1,2,7,4,"2:1:2 4:0:1 7:2:2 14:1:2"
WO_PLUS_MO,14,29,"14:1:2 15:0:2",15,0,2,4,10,1,2,8,4,"1:1:2 4:0:1 8:2:2 14:1:2"
WO_PLUS_MO,14,29,"14:1:2 15:0:2",15,0,2,4,14,1,2,2,4,"2:2:2 4:0:1 10:1:2 11:1:2"
WO_PLUS_MO,14,29,"14:1:2 15:0:2",15,0,2,4,14,1,2,3,4,"3:2:2 4:0:1 10:1:2 10:1:2"
WO_PLUS_MO,14,29,"14:1:2 15:0:2",15,0,2,4,14,1,2,4,4,"4:0:1 4:2:2 9:1:2 10:1:2"
WO_PLUS_MO,14,29,"14:1:2 15:0:2",15,0,2,4,14,1,2,5,4,"4:0:1 5:2:2 8:1:2 10:1:2"
WO_PLUS_MO,14,29,"14:1:2 15:0:2",15,0,2,4,14,1,2,6,4,"4:0:1 6:2:2 7:1:2 10:1:2"
WO_PLUS_MO,14,29,"14:1:2 15:0:2",15,0,2,4,14,1,2,7,4,"4:0:1 6:1:2 7:2:2 10:1:2"
WO_PLUS_MO,14,29,"14:1:2 15:0:2",15,0,2,4,14,1,2,8,4,"4:0:1 5:1:2 8:2:2 10:1:2"
WO_PLUS_MO,14,29,"14:1:2 15:0:2",15,0,2,4,14,1,2,9,4,"4:0:1 4:1:2 9:2:2 10:1:2"
WO_PLUS_MO,14,29,"14:1:2 15:0:2",15,0,2,4,14,1,2,10,4,"3:1:2 4:0:1 10:1:2 10:2:2"
WO_PLUS_MO,14,29,"14:1:2 15:0:2",15,0,2,4,14,1,2,11,4,"2:1:2 4:0:1 10:1:2 11:2:2"
WO_PLUS_MO,14,29,"14:1:2 15:0:2",15,0,2,4,14,1,2,12,4,"1:1:2 4:0:1 10:1:2 12:2:2"
WO_PLUS_MO,14,29,"14:1:2 15:0:2",15,0,2,5,9,1,2,2,4,"2:2:2 5:0:1 6:1:2 14:1:2"
WO_PLUS_MO,14,29,"14:1:2 15:0:2",15,0,2,5,9,1,2,5,4,"3:1:2 5:0:1 5:2:2 14:1:2"
WO_PLUS_MO,14,29,"14:1:2 15:0:2",15,0,2,5,14,1,2,4,4,"4:2:2 5:0:1 9:1:2 9:1:2"
WO_PLUS_MO,14,29,"14:1:2 15:0:2",15,0,2,5,14,1,2,9,4,"4:1:2 5:0:1 9:1:2 9:2:2"
WO_PLUS_MO,14,29,"14:1:2 15:0:2",15,0,2,5,14,1,2,12,4,"1:1:2 5:0:1 9:1:2 12:2:2"
WO_PLUS_MO,14,29,"14:1:2 15:0:2",15,0,2,6,8,1,2,2,4,"2:2:2 5:1:2 6:0:1 14:1:2"
WO_PLUS_MO,14,29,"14:1:2 15:0:2",15,0,2,6,8,1,2,5,4,"2:1:2 5:2:2 6:0:1 14:1:2"
WO_PLUS_MO,14,29,"14:1:2 15:0:2",15,0,2,6,14,1,2,2,4,"2:2:2 6:0:1 8:1:2 11:1:2"
WO_PLUS_MO,14,29,"14:1:2 15:0:2",15,0,2,6,14,1,2,5,4,"5:2:2 6:0:1 8:1:2 8:1:2"
WO_PLUS_MO,14,29,"14:1:2 15:0:2",15,0,2,6,14,1,2,8,4,"5:1:2 6:0:1 8:1:2 8:2:2"
WO_PLUS_MO,14,29,"14:1:2 15:0:2",15,0,2,6,14,1,2,10,4,"3:1:2 6:0:1 8:1:2 10:2:2"
WO_PLUS_MO,14,29,"14:1:2 15:0:2",15,0,2,6,14,1,2,11,4,"2:1:2 6:0:1 8:1:2 11:2:2"
WO_PLUS_MO,14,29,"14:1:2 15:0:2",15,0,2,7,7,0,2,5,4,"1:1:2 5:0:2 7:1:2 14:1:2"
WO_PLUS_MO,14,29,"14:1:2 15:0:2",15,0,2,7,7,1,2,2,4,"2:2:2 4:1:2 7:0:1 14:1:2"
WO_PLUS_MO,14,29,"14:1:2 15:0:2",15,0,2,7,7,1,2,5,4,"1:1:2 5:2:2 7:0:1 14:1:2"
WO_PLUS_MO,14,29,"14:1:2 15:0:2",15,0,2,7,14,1,2,2,4,"2:2:2 7:0:1 7:1:2 11:1:2"
WO_PLUS_MO,14,29,"14:1:2 15:0:2",15,0,2,7,14,1,2,4,4,"4:2:2 7:0:1 7:1:2 9:1:2"
WO_PLUS_MO,14,29,"14:1:2 15:0:2",15,0,2,7,14,1,2,6,4,"6:2:2 7:0:1 7:1:2 7:1:2"
WO_PLUS_MO,14,29,"14:1:2 15:0:2",15,0,2,7,14,1,2,9,4,"4:1:2 7:0:1 7:1:2 9:2:2"
WO_PLUS_MO,14,29,"14:1:2 15:0:2",15,0,2,7,14,1,2,12,4,"1:1:2 7:0:1 7:1:2 12:2:2"
WO_PLUS_MO,14,29,"14:1:2 15:0:2",15,0,2,8,6,1,2,2,4,"2:2:2 3:1:2 8:0:1 14:1:2"
WO_PLUS_MO,14,29,"14:1:2 15:0:2",15,0,2,8,8,0,2,5,4,"2:1:2 5:0:2 6:1:2 14:1:2"
WO_PLUS_MO,14,29,"14:1:2 15:0:2",15,0,2,8,14,1,2,2,4,"2:2:2 6:1:2 8:0:1 11:1:2"
WO_PLUS_MO,14,29,"14:1:2 15:0:2",15,0,2,8,14,1,2,6,4,"6:1:2 6:2:2 7:1:2 8:0:1"
WO_PLUS_MO,14,29,"14:1:2 15:0:2",15,0,2,8,14,1,2,7,4,"6:1:2 6:1:2 7:2:2 8:0:1"
WO_PLUS_MO,14,29,"14:1:2 15:0:2",15,0,2,8,14,1,2,9,4,"4:1:2 6:1:2 8:0:1 9:2:2"
WO_PLUS_MO,14,29,"14:1:2 15:0:2",15,0,2,8,14,1,2,12,4,"1:1:2 6:1:2 8:0:1 12:2:2"
WO_PLUS_MO,14,29,"14:1:2 15:0:2",15,0,2,9,5,1,2,2,4,"2:1:2 2:2:2 9:0:1 14:1:2"
WO_PLUS_MO,14,29,"14:1:2 15:0:2",15,0,2,9,9,0,2,5,4,"3:1:2 5:0:2 5:1:2 14:1:2"
WO_PLUS_MO,14,29,"14:1:2 15:0:2",15,0,2,9,14,1,2,2,4,"2:2:2 5:1:2 9:0:1 11:1:2"
WO_PLUS_MO,14,29,"14:1:2 15:0:2",15,0,2,9,14,1,2,5,4,"5:1:2 5:2:2 8:1:2 9:0:1"
WO_PLUS_MO,14,29,"14:1:2 15:0:2",15,0,2,9,14,1,2,8,4,"5:1:2 5:1:2 8:2:2 9:0:1"
WO_PLUS_MO,14,29,"14:1:2 15:0:2",15,0,2,9,14,1,2,11,4,"2:1:2 5:1:2 9:0:1 11:2:2"
WO_PLUS_MO,14,29,"14:1:2 15:0:2",15,0,2,10,4,1,2,2,4,"1:1:2 2:2:2 10:0:1 14:1:2"
WO_PLUS_MO,14,29,"14:1:2 15:0:2",15,0,2,10,14,1,2,9,4,"4:1:2 4:1:2 9:2:2 10:0:1"
WO_PLUS_MO,14,29,"14:1:2 15:0:2",15,0,2,10,14,1,2,12,4,"1:1:2 4:1:2 10:0:1 12:2:2"
WO_PLUS_MO,14,29,"14:1:2 15:0:2",15,0,2,11,11,0,2,5,4,"3:1:2 5:0:2 5:1:2 14:1:2"
WO_PLUS_MO,14,29,"14:1:2 15:0:2",15,0,2,11,11,0,2,8,4,"2:1:2 3:1:2 8:0:2 14:1:2"
WO_PLUS_MO,14,29,"14:1:2 15:0:2",15,0,2,11,11,0,2,9,4,"1:1:2 3:1:2 9:0:2 14:1:2"
WO_PLUS_MO,14,29,"14:1:2 15:0:2",15,0,2,11,14,1,2,2,4,"2:2:2 3:1:2 11:0:1 11:1:2"
WO_PLUS_MO,14,29,"14:1:2 15:0:2",15,0,2,11,14,1,2,6,4,"3:1:2 6:2:2 7:1:2 11:0:1"
WO_PLUS_MO,14,29,"14:1:2 15:0:2",15,0,2,11,14,1,2,9,4,"3:1:2 4:1:2 9:2:2 11:0:1"
WO_PLUS_MO,14,29,"14:1:2 15:0:2",15,0,2,11,14,1,2,10,4,"3:1:2 3:1:2 10:2:2 11:0:1"
WO_PLUS_MO,14,29,"14:1:2 15:0:2",15,0,2,11,14,1,2,12,4,"1:1:2 3:1:2 11:0:1 12:2:2"
WO_PLUS_MO,14,29,"14:1:2 15:0:2",15,0,2,12,12,0,2,5,4,"2:1:2 5:0:2 6:1:2 14:1:2"
WO_PLUS_MO,14,29,"14:1:2 15:0:2",15,0,2,12,12,0,2,8,4,"2:1:2 3:1:2 8:0:2 14:1:2"
WO_PLUS_MO,14,29,"14:1:2 15:0:2",15,0,2,12,12,0,2,9,4,"2:1:2 2:1:2 9:0:2 14:1:2"
WO_PLUS_MO,14,29,"14:1:2 15:0:2",15,0,2,12,14,1,2,2,4,"2:1:2 2:2:2 11:1:2 12:0:1"
WO_PLUS_MO,14,29,"14:1:2 15:0:2",15,0,2,12,14,1,2,5,4,"2:1:2 5:2:2 8:1:2 12:0:1"
WO_PLUS_MO,14,29,"14:1:2 15:0:2",15,0,2,12,14,1,2,8,4,"2:1:2 5:1:2 8:2:2 12:0:1"
WO_PLUS_MO,14,29,"14:1:2 15:0:2",15,0,2,12,14,1,2,9,4,"2:1:2 4:1:2 9:2:2 12:0:1"
WO_PLUS_MO,14,29,"14:1:2 15:0:2",15,0,2,12,14,1,2,11,4,"2:1:2 2:1:2 11:2:2 12:0:1"
WO_PLUS_MO,14,29,"14:1:2 15:0:2",15,0,2,12,14,1,2,12,4,"1:1:2 2:1:2 12:0:1 12:2:2"
WO_PLUS_MO,14,29,"14:1:2 15:0:2",15,0,2,13,13,0,2,5,4,"1:1:2 5:0:2 7:1:2 14:1:2"
WO_PLUS_MO,14,29,"14:1:2 15:0:2",15,0,2,13,13,0,2,9,4,"1:1:2 3:1:2 9:0:2 14:1:2"
WO_PLUS_MO,14,29,"14:1:2 15:0:2",15,0,2,13,14,1,2,2,4,"1:1:2 2:2:2 11:1:2 13:0:1"
WO_PLUS_MO,14,29,"14:1:2 15:0:2",15,0,2,13,14,1,2,9,4,"1:1:2 4:1:2 9:2:2 13:0:1"
WO_PLUS_MO,14,29,"14:1:2 15:0:2",15,0,2,13,14,1,2,12,4,"1:1:2 1:1:2 12:2:2 13:0:1"
MO_MO,15,30,"15:1:2 15:1:2",15,1,2,0,14,1,2,2,3,"2:2:2 11:1:2 15:1:2"
MO_MO,15,30,"15:1:2 15:1:2",15,1,2,0,14,1,2,3,3,"3:2:2 10:1:2 15:1:2"
MO_MO,15,30,"15:1:2 15:1:2",15,1,2,0,14,1,2,4,3,"4:2:2 9:1:2 15:1:2"
MO_MO,15,30,"15:1:2 15:1:2",15,1,2,0,14,1,2,5,3,"5:2:2 8:1:2 15:1:2"
MO_MO,15,30,"15:1:2 15:1:2",15,1,2,0,14,1,2,6,3,"6:2:2 7:1:2 15:1:2"
MO_MO,15,30,"15:1:2 15:1:2",15,1,2,0,14,1,2,7,3,"6:1:2 7:2:2 15:1:2"
MO_MO,15,30,"15:1:2 15:1:2",15,1,2,0,14,1,2,8,3,"5:1:2 8:2:2 15:1:2"
MO_MO,15,30,"15:1:2 15:1:2",15,1,2,0,14,1,2,9,3,"4:1:2 9:2:2 15:1:2"
MO_MO,15,30,"15:1:2 15:1:2",15,1,2,0,14,1,2,10,3,"3:1:2 10:2:2 15:1:2"
MO_MO,15,30,"15:1:2 15:1:2",15,1,2,0,14,1,2,11,3,"2:1:2 11:2:2 15:1:2"
MO_MO,15,30,"15:1:2 15:1:2",15,1,2,0,14,1,2,12,3,"1:1:2 12:2:2 15:1:2"
MO_MO,15,30,"15:1:2 15:1:2",15,1,2,0,15,1,2,0,2,"14:1:2 14:1:2"
MO_MO,15,30,"15:1:2 15:1:2",15,1,2,0,15,1,2,1,3,"1:2:2 13:1:2 14:1:2"
MO_MO,15,30,"15:1:2 15:1:2",15,1,2,0,15,1,2,2,3,"2:2:2 12:1:2 14:1:2"
MO_MO,15,30,"15:1:2 15:1:2",15,1,2,0,15,1,2,3,3,"3:2:2 11:1:2 14:1:2"
MO_MO,15,30,"15:1:2 15:1:2",15,1,2,0,15,1,2,4,3,"4:2:2 10:1:2 14:1:2"
MO_MO,15,30,"15:1:2 15:1:2",15,1,2,0,15,1,2,5,3,"5:2:2 9:1:2 14:1:2"
MO_MO,15,30,"15:1:2 15:1:2",15,1,2,0,15,1,2,6,3,"6:2:2 8:1:2 14:1:2"
MO_MO,15,30,"15:1:2 15:1:2",15,1,2,0,15,1,2,7,3,"7:1:2 7:2:2 14:1:2"
MO_MO,15,30,"15:1:2 15:1:2",15,1,2,0,15,1,2,8,3,"6:1:2 8:2:2 14:1:2"
MO_MO,15,30,"15:1:2 15:1:2",15,1,2,0,15,1,2,9,3,"5:1:2 9:2:2 14:1:2"
MO_MO,15,30,"15:1:2 15:1:2",15,1,2,0,15,1,2,10,3,"4:1:2 10:2:2 14:1:2"
MO_MO,15,30,"15:1:2 15:1:2",15,1,2,0,15,1,2,11,3,"3:1:2 11:2:2 14:1:2"
MO_MO,15,30,"15:1:2 15:1:2",15,1,2,0,15,1,2,12,3,"2:1:2 12:2:2 14:1:2"
MO_MO,15,30,"15:1:2 15:1:2",15,1,2,0,15,1,2,13,3,"1:1:2 13:2:2 14:1:2"
MO_MO,15,30,"15:1:2 15:1:2",15,1,2,1,13,1,2,2,4,"1:1:1 2:2:2 10:1:2 15:1:2"
MO_MO,15,30,"15:1:2 15:1:2",15,1,2,1,13,1,2,4,4,"1:1:1 4:2:2 8:1:2 15:1:2"
MO_MO,15,30,"15:1:2 15:1:2",15,1,2,1,13,1,2,5,4,"1:1:1 5:2:2 7:1:2 15:1:2"
MO_MO,15,30,"15:1:2 15:1:2",15,1,2,1,13,1,2,7,4,"1:1:1 5:1:2 7:2:2 15:1:2"
MO_MO,15,30,"15:1:2 15:1:2",15,1,2,1,13,1,2,8,4,"1:1:1 4:1:2 8:2:2 15:1:2"
MO_MO,15,30,"15:1:2 15:1:2",15,1,2,1,13,1,2,10,4,"1:1:1 2:1:2 10:2:2 15:1:2"
MO_MO,15,30,"15:1:2 15:1:2",15,1,2,1,13,1,2,11,4,"1:1:1 1:1:2 11:2:2 15:1:2"
MO_MO,15,30,"15:1:2 15:1:2",15,1,2,1,15,1,2,1,4,"1:1:1 1:2:2 13:1:2 13:1:2"
MO_MO,15,30,"15:1:2 15:1:2",15,1,2,1,15,1,2,2,4,"1:1:1 2:2:2 12:1:2 13:1:2"
MO_MO,15,30,"15:1:2 15:1:2",15,1,2,1,15,1,2,4,4,"1:1:1 4:2:2 10:1:2 13:1:2"
MO_MO,15,30,"15:1:2 15:1:2",15,1,2,1,15,1,2,5,4,"1:1:1 5:2:2 9:1:2 13:1:2"
MO_MO,15,30,"15:1:2 15:1:2",15,1,2,1,15,1,2,6,4,"1:1:1 6:2:2 8:1:2 13:1:2"
MO_MO,15,30,"15:1:2 15:1:2",15,1,2,1,15,1,2,7,4,"1:1:1 7:1:2 7:2:2 13:1:2"
MO_MO,15,30,"15:1:2 15:1:2",15,1,2,1,15,1,2,8,4,"1:1:1 6:1:2 8:2:2 13:1:2"
MO_MO,15,30,"15:1:2 15:1:2",15,1,2,1,15,1,2,9,4,"1:1:1 5:1:2 9:2:2 13:1:2"
MO_MO,15,30,"15:1:2 15:1:2",15,1,2,1,15,1,2,10,4,"1:1:1 4:1:2 10:2:2 13:1:2"
MO_MO,15,30,"15:1:2 15:1:2",15,1,2,1,15,1,2,11,4,"1:1:1 3:1:2 11:2:2 13:1:2"
MO_MO,15,30,"15:1:2 15:1:2",15,1,2,1,15,1,2,12,4,"1:1:1 2:1:2 12:2:2 13:1:2"
MO_MO,15,30,"15:1:2 15:1:2",15,1,2,1,15,1,2,13,4,"1:1:1 1:1:2 13:1:2 13:2:2"
MO_MO,15,30,"15:1:2 15:1:2",15,1,2,2,15,1,2,2,4,"2:1:1 2:2:2 12:1:2 12:1:2"
MO_MO,15,30,"15:1:2 15:1:2",15,1,2,3,11,1,2,2,4,"2:2:2 3:1:1 8:1:2 15:1:2"
MO_MO,15,30,"15:1:2 15:1:2",15,1,2,3,11,1,2,5,4,"3:1:1 5:1:2 5:2:2 15:1:2"
MO_MO,15,30,"15:1:2 15:1:2",15,1,2,3,11,1,2,7,4,"3:1:1 3:1:2 7:2:2 15:1:2"
MO_MO,15,30,"15:1:2 15:1:2",15,1,2,3,11,1,2,8,4,"2:1:2 3:1:1 8:2:2 15:1:2"
MO_MO,15,30,"15:1:2 15:1:2",15,1,2,3,15,1,2,2,4,"2:2:2 3:1:1 11:1:2 12:1:2"
MO_MO,15,30,"15:1:2 15:1:2",15,1,2,3,15,1,2,3,4,"3:1:1 3:2:2 11:1:2 11:1:2"
MO_MO,15,30,"15:1:2 15:1:2",15,1,2,3,15,1,2,4,4,"3:1:1 4:2:2 10:1:2 11:1:2"
MO_MO,15,30,"15:1:2 15:1:2",15,1,2,3,15,1,2,5,4,"3:1:1 5:2:2 9:1:2 11:1:2"
MO_MO,15,30,"15:1:2 15:1:2",15,1,2,3,15,1,2,6,4,"3:1:1 6:2:2 8:1:2 11:1:2"
MO_MO,15,30,"15:1:2 15:1:2",15,1,2,3,15,1,2,7,4,"3:1:1 7:1:2 7:2:2 11:1:2"
MO_MO,15,30,"15:1:2 15:1:2",15,1,2,3,15,1,2,8,4,"3:1:1 6:1:2 8:2:2 11:1:2"
MO_MO,15,30,"15:1:2 15:1:2",15,1,2,3,15,1,2,9,4,"3:1:1 5:1:2 9:2:2 11:1:2"
MO_MO,15,30,"15:1:2 15:1:2",15,1,2,3,15,1,2,10,4,"3:1:1 4:1:2 10:2:2 11:1:2"
MO_MO,15,30,"15:1:2 15:1:2",15,1,2,3,15,1,2,11,4,"3:1:1 3:1:2 11:1:2 11:2:2"
MO_MO,15,30,"15:1:2 15:1:2",15,1,2,3,15,1,2,12,4,"2:1:2 3:1:1 11:1:2 12:2:2"
MO_MO,15,30,"15:1:2 15:1:2",15,1,2,3,15,1,2,13,4,"1:1:2 3:1:1 11:1:2 13:2:2"
MO_MO,15,30,"15:1:2 15:1:2",15,1,2,4,10,1,2,2,4,"2:2:2 4:1:1 7:1:2 15:1:2"
MO_MO,15,30,"15:1:2 15:1:2",15,1,2,4,15,1,2,2,4,"2:2:2 4:1:1 10:1:2 12:1:2"
MO_MO,15,30,"15:1:2 15:1:2",15,1,2,4,15,1,2,4,4,"4:1:1 4:2:2 10:1:2 10:1:2"
MO_MO,15,30,"15:1:2 15:1:2",15,1,2,5,15,1,2,5,4,"5:1:1 5:2:2 9:1:2 9:1:2"
MO_MO,15,30,"15:1:2 15:1:2",15,1,2,6,8,1,2,2,4,"2:2:2 5:1:2 6:1:1 15:1:2"
MO_MO,15,30,"15:1:2 15:1:2",15,1,2,6,15,1,2,2,4,"2:2:2 6:1:1 8:1:2 12:1:2"
MO_MO,15,30,"15:1:2 15:1:2",15,1,2,6,15,1,2,6,4,"6:1:1 6:2:2 8:1:2 8:1:2"
MO_MO,15,30,"15:1:2 15:1:2",15,1,2,7,15,1,2,7,4,"7:1:1 7:1:2 7:1:2 7:2:2"
MO_MO,15,30,"15:1:2 15:1:2",15,1,2,8,15,1,2,2,4,"2:2:2 6:1:2 8:1:1 12:1:2"
MO_MO,15,30,"15:1:2 15:1:2",15,1,2,8,15,1,2,8,4,"6:1:2 6:1:2 8:1:1 8:2:2"
MO_MO,15,30,"15:1:2 15:1:2",15,1,2,9,5,1,2,2,4,"2:1:2 2:2:2 9:1:1 15:1:2"
MO_MO,15,30,"15:1:2 15:1:2",15,1,2,9,15,1,2,2,4,"2:2:2 5:1:2 9:1:1 12:1:2"
MO_MO,15,30,"15:1:2 15:1:2",15,1,2,9,15,1,2,9,4,"5:1:2 5:1:2 9:1:1 9:2:2"
MO_MO,15,30,"15:1:2 15:1:2",15,1,2,9,15,1,2,12,4,"2:1:2 5:1:2 9:1:1 12:2:2"
MO_MO,15,30,"15:1:2 15:1:2",15,1,2,10,15,1,2,10,4,"4:1:2 4:1:2 10:1:1 10:2:2"
MO_MO,15,30,"15:1:2 15:1:2",15,1,2,11,15,1,2,2,4,"2:2:2 3:1:2 11:1:1 12:1:2"
MO_MO,15,30,"15:1:2 15:1:2",15,1,2,11,15,1,2,5,4,"3:1:2 5:2:2 9:1:2 11:1:1"
MO_MO,15,30,"15:1:2 15:1:2",15,1,2,11,15,1,2,8,4,"3:1:2 6:1:2 8:2:2 11:1:1"
MO_MO,15,30,"15:1:2 15:1:2",15,1,2,11,15,1,2,11,4,"3:1:2 3:1:2 11:1:1 11:2:2"
MO_MO,15,30,"15:1:2 15:1:2",15,1,2,12,15,1,2,2,4,"2:1:2 2:2:2 12:1:1 12:1:2"
MO_MO,15,30,"15:1:2 15:1:2",15,1,2,12,15,1,2,12,4,"2:1:2 2:1:2 12:1:1 12:2:2"
MO_MO,15,30,"15:1:2 15:1:2",15,1,2,13,15,1,2,13,4,"1:1:2 1:1:2 13:1:1 13:2:2"
OO_MM,15,30,"15:1:1 15:2:2",15,1,1,0,14,2,2,1,3,"1:1:2 12:1:2 15:2:2"
OO_MM,15,30,"15:1:1 15:2:2",15,1,1,0,14,2,2,2,3,"2:1:2 11:1:2 15:2:2"
OO_MM,15,30,"15:1:1 15:2:2",15,1,1,0,14,2,2,3,3,"3:1:2 10:1:2 15:2:2"
OO_MM,15,30,"15:1:1 15:2:2",15,1,1,0,14,2,2,4,3,"4:1:2 9:1:2 15:2:2"
OO_MM,15,30,"15:1:1 15:2:2",15,1,1,0,14,2,2,5,3,"5:1:2 8:1:2 15:2:2"
OO_MM,15,30,"15:1:1 15:2:2",15,1,1,0,14,2,2,6,3,"6:1:2 7:1:2 15:2:2"
OO_MM,15,30,"15:1:1 15:2:2",15,1,1,0,15,1,1,0,2,"14:1:1 14:2:2"
OO_MM,15,30,"15:1:1 15:2:2",15,1,1,0,15,1,1,1,3,"1:2:2 13:2:2 14:1:1"
OO_MM,15,30,"15:1:1 15:2:2",15,1,1,0,15,1,1,2,3,"2:2:2 12:2:2 14:1:1"
OO_MM,15,30,"15:1:1 15:2:2",15,1,1,0,15,1,1,3,3,"3:2:2 11:2:2 14:1:1"
OO_MM,15,30,"15:1:1 15:2:2",15,1,1,0,15,1,1,4,3,"4:2:2 10:2:2 14:1:1"
OO_MM,15,30,"15:1:1 15:2:2",15,1,1,0,15,1,1,5,3,"5:2:2 9:2:2 14:1:1"
OO_MM,15,30,"15:1:1 15:2:2",15,1,1,0,15,1,1,6,3,"6:2:2 8:2:2 14:1:1"
OO_MM,15,30,"15:1:1 15:2:2",15,1,1,0,15,1,1,7,3,"7:2:2 7:2:2 14:1:1"
OO_MM,15,30,"15:1:1 15:2:2",15,1,1,1,13,2,2,1,4,"1:1:1 1:1:2 11:1:2 15:2:2"
OO_MM,15,30,"15:1:1 15:2:2",15,1,1,1,13,2,2,2,4,"1:1:1 2:1:2 10:1:2 15:2:2"
OO_MM,15,30,"15:1:1 15:2:2",15,1,1,1,13,2,2,4,4,"1:1:1 4:1:2 8:1:2 15:2:2"
OO_MM,15,30,"15:1:1 15:2:2",15,1,1,1,13,2,2,5,4,"1:1:1 5:1:2 7:1:2 15:2:2"
OO_MM,15,30,"15:1:1 15:2:2",15,1,1,1,15,1,1,1,4,"1:1:1 1:2:2 13:1:1 13:2:2"
OO_MM,15,30,"15:1:1 15:2:2",15,1,1,1,15,1,1,2,4,"1:1:1 2:2:2 12:2:2 13:1:1"
OO_MM,15,30,"15:1:1 15:2:2",15,1,1,1,15,1,1,4,4,"1:1:1 4:2:2 10:2:2 13:1:1"
OO_MM,15,30,"15:1:1 15:2:2",15,1,1,1,15,1,1,5,4,"1:1:1 5:2:2 9:2:2 13:1:1"
OO_MM,15,30,"15:1:1 15:2:2",15,1,1,1,15,1,1,6,4,"1:1:1 6:2:2 8:2:2 13:1:1"
OO_MM,15,30,"15:1:1 15:2:2",15,1,1,1,15,1,1,7,4,"1:1:1 7:2:2 7:2:2 13:1:1"
OO_MM,15,30,"15:1:1 15:2:2",15,1,1,2,15,1,1,2,4,"2:1:1 2:2:2 12:1:1 12:2:2"
OO_MM,15,30,"15:1:1 15:2:2",15,1,1,3,11,2,2,2,4,"2:1:2 3:1:1 8:1:2 15:2:2"
OO_MM,15,30,"15:1:1 15:2:2",15,1,1,3,11,2,2,5,4,"3:1:1 5:1:2 5:1:2 15:2:2"
OO_MM,15,30,"15:1:1 15:2:2",15,1,1,3,15,1,1,2,4,"2:2:2 3:1:1 11:1:1 12:2:2"
OO_MM,15,30,"15:1:1 15:2:2",15,1,1,3,15,1,1,3,4,"3:1:1 3:2:2 11:1:1 11:2:2"
OO_MM,15,30,"15:1:1 15:2:2",15,1,1,3,15,1,1,5,4,"3:1:1 5:2:2 9:2:2 11:1:1"
OO_MM,15,30,"15:1:1 15:2:2",15,1,1,3,15,1,1,6,4,"3:1:1 6:2:2 8:2:2 11:1:1"
OO_MM,15,30,"15:1:1 15:2:2",15,1,1,4,10,2,2,1,4,"1:1:2 4:1:1 8:1:2 15:2:2"
OO_MM,15,30,"15:1:1 15:2:2",15,1,1,4,10,2,2,2,4,"2:1:2 4:1:1 7:1:2 15:2:2"
OO_MM,15,30,"15:1:1 15:2:2",15,1,1,4,15,1,1,2,4,"2:2:2 4:1:1 10:1:1 12:2:2"
OO_MM,15,30,"15:1:1 15:2:2",15,1,1,4,15,1,1,4,4,"4:1:1 4:2:2 10:1:1 10:2:2"
OO_MM,15,30,"15:1:1 15:2:2",15,1,1,4,15,1,1,5,4,"4:1:1 5:2:2 9:2:2 10:1:1"
OO_MM,15,30,"15:1:1 15:2:2",15,1,1,4,15,1,1,7,4,"4:1:1 7:2:2 7:2:2 10:1:1"
OO_MM,15,30,"15:1:1 15:2:2",15,1,1,5,15,1,1,2,4,"2:2:2 5:1:1 9:1:1 12:2:2"
OO_MM,15,30,"15:1:1 15:2:2",15,1,1,5,15,1,1,5,4,"5:1:1 5:2:2 9:1:1 9:2:2"
OO_MM,15,30,"15:1:1 15:2:2",15,1,1,6,8,2,2,2,4,"2:1:2 5:1:2 6:1:1 15:2:2"
OO_MM,15,30,"15:1:1 15:2:2",15,1,1,6,15,1,1,2,4,"2:2:2 6:1:1 8:1:1 12:2:2"
OO_MM,15,30,"15:1:1 15:2:2",15,1,1,6,15,1,1,5,4,"5:2:2 6:1:1 8:1:1 9:2:2"
OO_MM,15,30,"15:1:1 15:2:2",15,1,1,6,15,1,1,6,4,"6:1:1 6:2:2 8:1:1 8:2:2"
OO_MM,15,30,"15:1:1 15:2:2",15,1,1,7,15,1,1,7,4,"7:1:1 7:1:1 7:2:2 7:2:2"
OO_MM,15,30,"15:1:1 15:2:2",15,2,2,1,13,1,2,2,4,"1:1:2 2:2:2 10:1:2 15:1:1"
OO_MM,15,30,"15:1:1 15:2:2",15,2,2,1,15,2,2,1,4,"1:1:2 1:1:2 13:1:2 13:1:2"
OO_MM,15,30,"15:1:1 15:2:2",15,2,2,2,15,2,2,2,4,"2:1:2 2:1:2 12:1:2 12:1:2"
OO_MM,15,30,"15:1:1 15:2:2",15,2,2,3,15,2,2,3,4,"3:1:2 3:1:2 11:1:2 11:1:2"
OO_MM,15,30,"15:1:1 15:2:2",15,2,2,4,4,1,2,2,4,"1:1:2 2:2:2 10:1:2 15:1:1"
OO_MM,15,30,"15:1:1 15:2:2",15,2,2,4,10,1,2,2,4,"2:2:2 4:1:2 7:1:2 15:1:1"
OO_MM,15,30,"15:1:1 15:2:2",15,2,2,4,15,2,2,4,4,"4:1:2 4:1:2 10:1:2 10:1:2"
OO_MM,15,30,"15:1:1 15:2:2",15,2,2,5,15,2,2,5,4,"5:1:2 5:1:2 9:1:2 9:1:2"
OO_MM,15,30,"15:1:1 15:2:2",15,2,2,6,15,2,2,6,4,"6:1:2 6:1:2 8:1:2 8:1:2"
OO_MM,15,30,"15:1:1 15:2:2",15,2,2,7,7,1,2,2,4,"2:2:2 4:1:2 7:1:2 15:1:1"
OO_MM,15,30,"15:1:1 15:2:2",15,2,2,7,15,2,2,7,4,"7:1:2 7:1:2 7:1:2 7:1:2"
OO_WM,15,30,"15:0:1 15:2:2",15,0,1,1,13,2,2,1,4,"1:0:1 1:1:2 11:1:2 15:2:2"
OO_WM,15,30,"15:0:1 15:2:2",15,0,1,1,13,2,2,2,4,"1:0:1 2:1:2 10:1:2 15:2:2"
OO_WM,15,30,"15:0:1 15:2:2",15,0,1,1,13,2,2,4,4,"1:0:1 4:1:2 8:1:2 15:2:2"
OO_WM,15,30,"15:0:1 15:2:2",15,0,1,1,13,2,2,5,4,"1:0:1 5:1:2 7:1:2 15:2:2"
OO_WM,15,30,"15:0:1 15:2:2",15,0,1,1,15,1,1,1,4,"1:0:1 1:2:2 13:1:1 13:2:2"
OO_WM,15,30,"15:0:1 15:2:2",15,0,1,1,15,1,1,2,4,"1:0:1 2:2:2 12:2:2 13:1:1"
OO_WM,15,30,"15:0:1 15:2:2",15,0,1,1,15,1,1,4,4,"1:0:1 4:2:2 10:2:2 13:1:1"
OO_WM,15,30,"15:0:1 15:2:2",15,0,1,1,15,1,1,5,4,"1:0:1 5:2:2 9:2:2 13:1:1"
OO_WM,15,30,"15:0:1 15:2:2",15,0,1,1,15,1,1,6,4,"1:0:1 6:2:2 8:2:2 13:1:1"
OO_WM,15,30,"15:0:1 15:2:2",15,0,1,1,15,1,1,7,4,"1:0:1 7:2:2 7:2:2 13:1:1"
OO_WM,15,30,"15:0:1 15:2:2",15,0,1,2,15,1,1,2,4,"2:0:1 2:2:2 12:1:1 12:2:2"
OO_WM,15,30,"15:0:1 15:2:2",15,0,1,3,11,2,2,2,4,"2:1:2 3:0:1 8:1:2 15:2:2"
OO_WM,15,30,"15:0:1 15:2:2",15,0,1,3,11,2,2,5,4,"3:0:1 5:1:2 5:1:2 15:2:2"
OO_WM,15,30,"15:0:1 15:2:2",15,0,1,3,15,1,1,2,4,"2:2:2 3:0:1 11:1:1 12:2:2"
OO_WM,15,30,"15:0:1 15:2:2",15,0,1,3,15,1,1,3,4,"3:0:1 3:2:2 11:1:1 11:2:2"
OO_WM,15,30,"15:0:1 15:2:2",15,0,1,3,15,1,1,5,4,"3:0:1 5:2:2 9:2:2 11:1:1"
OO_WM,15,30,"15:0:1 15:2:2",15,0,1,3,15,1,1,6,4,"3:0:1 6:2:2 8:2:2 11:1:1"
OO_WM,15,30,"15:0:1 15:2:2",15,0,1,4,4,0,2,2,4,"1:1:2 2:0:2 10:1:1 15:2:2"
OO_WM,15,30,"15:0:1 15:2:2",15,0,1,4,10,2,2,1,4,"1:1:2 4:0:1 8:1:2 15:2:2"
OO_WM,15,30,"15:0:1 15:2:2",15,0,1,4,10,2,2,2,4,"2:1:2 4:0:1 7:1:2 15:2:2"
OO_WM,15,30,"15:0:1 15:2:2",15,0,1,4,10,2,2,4,4,"4:0:1 4:1:2 5:1:2 15:2:2"
OO_WM,15,30,"15:0:1 15:2:2",15,0,1,4,15,1,1,2,4,"2:2:2 4:0:1 10:1:1 12:2:2"
OO_WM,15,30,"15:0:1 15:2:2",15,0,1,4,15,1,1,4,4,"4:0:1 4:2:2 10:1:1 10:2:2"
OO_WM,15,30,"15:0:1 15:2:2",15,0,1,4,15,1,1,5,4,"4:0:1 5:2:2 9:2:2 10:1:1"
OO_WM,15,30,"15:0:1 15:2:2",15,0,1,4,15,1,1,6,4,"4:0:1 6:2:2 8:2:2 10:1:1"
OO_WM,15,30,"15:0:1 15:2:2",15,0,1,4,15,1,1,7,4,"4:0:1 7:2:2 7:2:2 10:1:1"
OO_WM,15,30,"15:0:1 15:2:2",15,0,1,5,5,0,2,2,4,"2:0:2 2:1:2 9:1:1 15:2:2"
OO_WM,15,30,"15:0:1 15:2:2",15,0,1,5,15,1,1,2,4,"2:2:2 5:0:1 9:1:1 12:2:2"
OO_WM,15,30,"15:0:1 15:2:2",15,0,1,5,15,1,1,5,4,"5:0:1 5:2:2 9:1:1 9:2:2"
OO_WM,15,30,"15:0:1 15:2:2",15,0,1,6,6,0,2,2,4,"2:0:2 3:1:2 8:1:1 15:2:2"
OO_WM,15,30,"15:0:1 15:2:2",15,0,1,6,8,2,2,2,4,"2:1:2 5:1:2 6:0:1 15:2:2"
OO_WM,15,30,"15:0:1 15:2:2",15,0,1,6,15,1,1,2,4,"2:2:2 6:0:1 8:1:1 12:2:2"
OO_WM,15,30,"15:0:1 15:2:2",15,0,1,6,15,1,1,5,4,"5:2:2 6:0:1 8:1:1 9:2:2"
OO_WM,15,30,"15:0:1 15:2:2",15,0,1,6,15,1,1,6,4,"6:0:1 6:2:2 8:1:1 8:2:2"
OO_WM,15,30,"15:0:1 15:2:2",15,0,1,7,7,0,2,2,4,"2:0:2 4:1:2 7:1:1 15:2:2"
OO_WM,15,30,"15:0:1 15:2:2",15,0,1,7,7,2,2,1,4,"1:1:2 5:1:2 7:0:1 15:2:2"
OO_WM,15,30,"15:0:1 15:2:2",15,0,1,7,7,2,2,2,4,"2:1:2 4:1:2 7:0:1 15:2:2"
OO_WM,15,30,"15:0:1 15:2:2",15,0,1,7,15,1,1,2,4,"2:2:2 7:0:1 7:1:1 12:2:2"
OO_WM,15,30,"15:0:1 15:2:2",15,0,1,7,15,1,1,4,4,"4:2:2 7:0:1 7:1:1 10:2:2"
OO_WM,15,30,"15:0:1 15:2:2",15,0,1,7,15,1,1,5,4,"5:2:2 7:0:1 7:1:1 9:2:2"
OO_WM,15,30,"15:0:1 15:2:2",15,0,1,7,15,1,1,7,4,"7:0:1 7:1:1 7:2:2 7:2:2"
OO_WM,15,30,"15:0:1 15:2:2",15,0,1,8,8,0,2,2,4,"2:0:2 5:1:2 6:1:1 15:2:2"
OO_WM,15,30,"15:0:1 15:2:2",15,0,1,8,8,0,2,5,4,"2:1:2 5:0:2 6:1:1 15:2:2"
OO_WM,15,30,"15:0:1 15:2:2",15,0,1,8,15,1,1,2,4,"2:2:2 6:1:1 8:0:1 12:2:2"
OO_WM,15,30,"15:0:1 15:2:2",15,0,1,8,15,1,1,5,4,"5:2:2 6:1:1 8:0:1 9:2:2"
OO_WM,15,30,"15:0:1 15:2:2",15,0,1,8,15,1,1,6,4,"6:1:1 6:2:2 8:0:1 8:2:2"
OO_WM,15,30,"15:0:1 15:2:2",15,0,1,9,5,2,2,2,4,"2:1:2 2:1:2 9:0:1 15:2:2"
OO_WM,15,30,"15:0:1 15:2:2",15,0,1,9,9,0,2,2,4,"2:0:2 5:1:1 6:1:2 15:2:2"
OO_WM,15,30,"15:0:1 15:2:2",15,0,1,9,15,1,1,2,4,"2:2:2 5:1:1 9:0:1 12:2:2"
OO_WM,15,30,"15:0:1 15:2:2",15,0,1,9,15,1,1,5,4,"5:1:1 5:2:2 9:0:1 9:2:2"
OO_WM,15,30,"15:0:1 15:2:2",15,0,1,10,10,0,2,1,4,"1:0:2 4:1:1 8:1:2 15:2:2"
OO_WM,15,30,"15:0:1 15:2:2",15,0,1,10,10,0,2,2,4,"2:0:2 4:1:1 7:1:2 15:2:2"
OO_WM,15,30,"15:0:1 15:2:2",15,0,1,10,10,0,2,5,4,"4:1:1 4:1:2 5:0:2 15:2:2"
OO_WM,15,30,"15:0:1 15:2:2",15,0,1,10,10,0,2,7,4,"2:1:2 4:1:1 7:0:2 15:2:2"
OO_WM,15,30,"15:0:1 15:2:2",15,0,1,10,10,0,2,8,4,"1:1:2 4:1:1 8:0:2 15:2:2"
OO_WM,15,30,"15:0:1 15:2:2",15,0,1,10,15,1,1,2,4,"2:2:2 4:1:1 10:0:1 12:2:2"
OO_WM,15,30,"15:0:1 15:2:2",15,0,1,10,15,1,1,4,4,"4:1:1 4:2:2 10:0:1 10:2:2"
OO_WM,15,30,"15:0:1 15:2:2",15,0,1,10,15,1,1,5,4,"4:1:1 5:2:2 9:2:2 10:0:1"
OO_WM,15,30,"15:0:1 15:2:2",15,0,1,10,15,1,1,7,4,"4:1:1 7:2:2 7:2:2 10:0:1"
OO_WM,15,30,"15:0:1 15:2:2",15,0,1,11,11,0,2,2,4,"2:0:2 3:1:1 8:1:2 15:2:2"
OO_WM,15,30,"15:0:1 15:2:2",15,0,1,11,11,0,2,5,4,"3:1:1 5:0:2 5:1:2 15:2:2"
OO_WM,15,30,"15:0:1 15:2:2",15,0,1,11,11,0,2,8,4,"2:1:2 3:1:1 8:0:2 15:2:2"
OO_WM,15,30,"15:0:1 15:2:2",15,0,1,11,15,1,1,2,4,"2:2:2 3:1:1 11:0:1 12:2:2"
OO_WM,15,30,"15:0:1 15:2:2",15,0,1,11,15,1,1,3,4,"3:1:1 3:2:2 11:0:1 11:2:2"
OO_WM,15,30,"15:0:1 15:2:2",15,0,1,11,15,1,1,5,4,"3:1:1 5:2:2 9:2:2 11:0:1"
OO_WM,15,30,"15:0:1 15:2:2",15,0,1,11,15,1,1,6,4,"3:1:1 6:2:2 8:2:2 11:0:1"
OO_WM,15,30,"15:0:1 15:2:2",15,0,1,12,12,0,2,2,4,"2:0:2 2:1:1 9:1:2 15:2:2"
OO_WM,15,30,"15:0:1 15:2:2",15,0,1,12,15,1,1,2,4,"2:1:1 2:2:2 12:0:1 12:2:2"
OO_WM,15,30,"15:0:1 15:2:2",15,0,1,13,13,0,2,1,4,"1:0:2 1:1:1 11:1:2 15:2:2"
OO_WM,15,30,"15:0:1 15:2:2",15,0,1,13,13,0,2,2,4,"1:1:1 2:0:2 10:1:2 15:2:2"
OO_WM,15,30,"15:0:1 15:2:2",15,0,1,13,13,0,2,4,4,"1:1:1 4:0:2 8:1:2 15:2:2"
OO_WM,15,30,"15:0:1 15:2:2",15,0,1,13,13,0,2,5,4,"1:1:1 5:0:2 7:1:2 15:2:2"
OO_WM,15,30,"15:0:1 15:2:2",15,0,1,13,13,0,2,7,4,"1:1:1 5:1:2 7:0:2 15:2:2"
OO_WM,15,30,"15:0:1 15:2:2",15,0,1,13,13,0,2,8,4,"1:1:1 4:1:2 8:0:2 15:2:2"
OO_WM,15,30,"15:0:1 15:2:2",15,0,1,13,13,0,2,10,4,"1:1:1 2:1:2 10:0:2 15:2:2"
OO_WM,15,30,"15:0:1 15:2:2",15,0,1,13,13,0,2,11,4,"1:1:1 1:1:2 11:0:2 15:2:2"
OO_WM,15,30,"15:0:1 15:2:2",15,0,1,13,15,1,1,1,4,"1:1:1 1:2:2 13:0:1 13:2:2"
OO_WM,15,30,"15:0:1 15:2:2",15,0,1,13,15,1,1,2,4,"1:1:1 2:2:2 12:2:2 13:0:1"
OO_WM,15,30,"15:0:1 15:2:2",15,0,1,13,15,1,1,4,4,"1:1:1 4:2:2 10:2:2 13:0:1"
OO_WM,15,30,"15:0:1 15:2:2",15,0,1,13,15,1,1,5,4,"1:1:1 5:2:2 9:2:2 13:0:1"
OO_WM,15,30,"15:0:1 15:2:2",15,0,1,13,15,1,1,6,4,"1:1:1 6:2:2 8:2:2 13:0:1"
OO_WM,15,30,"15:0:1 15:2:2",15,0,1,13,15,1,1,7,4,"1:1:1 7:2:2 7:2:2 13:0:1"
OO_WM,15,30,"15:0:1 15:2:2",15,0,1,14,14,0,2,1,3,"1:0:2 12:1:2 15:2:2"
OO_WM,15,30,"15:0:1 15:2:2",15,0,1,14,14,0,2,2,3,"2:0:2 11:1:2 15:2:2"
OO_WM,15,30,"15:0:1 15:2:2",15,0,1,14,14,0,2,3,3,"3:0:2 10:1:2 15:2:2"
OO_WM,15,30,"15:0:1 15:2:2",15,0,1,14,14,0,2,4,3,"4:0:2 9:1:2 15:2:2"
OO_WM,15,30,"15:0:1 15:2:2",15,0,1,14,14,0,2,5,3,"5:0:2 8:1:2 15:2:2"
OO_WM,15,30,"15:0:1 15:2:2",15,0,1,14,14,0,2,6,3,"6:0:2 7:1:2 15:2:2"
OO_WM,15,30,"15:0:1 15:2:2",15,0,1,14,14,0,2,7,3,"6:1:2 7:0:2 15:2:2"
OO_WM,15,30,"15:0:1 15:2:2",15,0,1,14,14,0,2,8,3,"5:1:2 8:0:2 15:2:2"
OO_WM,15,30,"15:0:1 15:2:2",15,0,1,14,14,0,2,9,3,"4:1:2 9:0:2 15:2:2"
OO_WM,15,30,"15:0:1 15:2:2",15,0,1,14,14,0,2,10,3,"3:1:2 10:0:2 15:2:2"
OO_WM,15,30,"15:0:1 15:2:2",15,0,1,14,14,0,2,11,3,"2:1:2 11:0:2 15:2:2"
OO_WM,15,30,"15:0:1 15:2:2",15,0,1,14,14,0,2,12,3,"1:1:2 12:0:2 15:2:2"
OO_WM,15,30,"15:0:1 15:2:2",15,0,1,14,15,1,1,0,2,"14:0:1 14:2:2"
OO_WM,15,30,"15:0:1 15:2:2",15,0,1,14,15,1,1,1,3,"1:2:2 13:2:2 14:0:1"
OO_WM,15,30,"15:0:1 15:2:2",15,0,1,14,15,1,1,2,3,"2:2:2 12:2:2 14:0:1"
OO_WM,15,30,"15:0:1 15:2:2",15,0,1,14,15,1,1,3,3,"3:2:2 11:2:2 14:0:1"
OO_WM,15,30,"15:0:1 15:2:2",15,0,1,14,15,1,1,4,3,"4:2:2 10:2:2 14:0:1"
OO_WM,15,30,"15:0:1 15:2:2",15,0,1,14,15,1,1,5,3,"5:2:2 9:2:2 14:0:1"
OO_WM,15,30,"15:0:1 15:2:2",15,0,1,14,15,1,1,6,3,"6:2:2 8:2:2 14:0:1"
OO_WM,15,30,"15:0:1 15:2:2",15,0,1,14,15,1,1,7,3,"7:2:2 7:2:2 14:0:1"
OO_WM,15,30,"15:0:1 15:2:2",15,2,2,1,13,1,2,2,4,"1:1:2 2:2:2 10:1:2 15:0:1"
OO_WM,15,30,"15:0:1 15:2:2",15,2,2,1,13,1,2,5,4,"1:1:2 5:2:2 7:1:2 15:0:1"
OO_WM,15,30,"15:0:1 15:2:2",15,2,2,1,15,0,2,1,4,"1:0:2 1:1:2 13:1:2 13:1:2"
OO_WM,15,30,"15:0:1 15:2:2",15,2,2,1,15,0,2,2,4,"1:1:2 2:0:2 12:1:2 13:1:2"
OO_WM,15,30,"15:0:1 15:2:2",15,2,2,1,15,0,2,13,4,"1:1:2 1:1:2 13:0:2 13:1:2"
OO_WM,15,30,"15:0:1 15:2:2",15,2,2,2,12,1,2,2,4,"2:1:2 2:2:2 9:1:2 15:0:1"
OO_WM,15,30,"15:0:1 15:2:2",15,2,2,2,12,1,2,5,4,"2:1:2 5:2:2 6:1:2 15:0:1"
OO_WM,15,30,"15:0:1 15:2:2",15,2,2,2,15,0,2,2,4,"2:0:2 2:1:2 12:1:2 12:1:2"
OO_WM,15,30,"15:0:1 15:2:2",15,2,2,2,15,0,2,5,4,"2:1:2 5:0:2 9:1:2 12:1:2"
OO_WM,15,30,"15:0:1 15:2:2",15,2,2,2,15,0,2,12,4,"2:1:2 2:1:2 12:0:2 12:1:2"
OO_WM,15,30,"15:0:1 15:2:2",15,2,2,3,11,1,2,2,4,"2:2:2 3:1:2 8:1:2 15:0:1"
OO_WM,15,30,"15:0:1 15:2:2",15,2,2,3,11,1,2,5,4,"3:1:2 5:1:2 5:2:2 15:0:1"
OO_WM,15,30,"15:0:1 15:2:2",15,2,2,3,15,0,2,2,4,"2:0:2 3:1:2 11:1:2 12:1:2"
OO_WM,15,30,"15:0:1 15:2:2",15,2,2,3,15,0,2,3,4,"3:0:2 3:1:2 11:1:2 11:1:2"
OO_WM,15,30,"15:0:1 15:2:2",15,2,2,3,15,0,2,11,4,"3:1:2 3:1:2 11:0:2 11:1:2"
OO_WM,15,30,"15:0:1 15:2:2",15,2,2,4,4,1,2,2,4,"1:1:2 2:2:2 10:1:2 15:0:1"
OO_WM,15,30,"15:0:1 15:2:2",15,2,2,4,10,1,2,2,4,"2:2:2 4:1:2 7:1:2 15:0:1"
OO_WM,15,30,"15:0:1 15:2:2",15,2,2,4,10,1,2,5,4,"4:1:2 4:1:2 5:2:2 15:0:1"
OO_WM,15,30,"15:0:1 15:2:2",15,2,2,4,15,0,2,2,4,"2:0:2 4:1:2 10:1:2 12:1:2"
OO_WM,15,30,"15:0:1 15:2:2",15,2,2,4,15,0,2,4,4,"4:0:2 4:1:2 10:1:2 10:1:2"
OO_WM,15,30,"15:0:1 15:2:2",15,2,2,4,15,0,2,10,4,"4:1:2 4:1:2 10:0:2 10:1:2"
OO_WM,15,30,"15:0:1 15:2:2",15,2,2,5,5,1,2,2,4,"2:1:2 2:2:2 9:1:2 15:0:1"
OO_WM,15,30,"15:0:1 15:2:2",15,2,2,5,9,1,2,2,4,"2:2:2 5:1:2 6:1:2 15:0:1"
OO_WM,15,30,"15:0:1 15:2:2",15,2,2,5,9,1,2,5,4,"3:1:2 5:1:2 5:2:2 15:0:1"
OO_WM,15,30,"15:0:1 15:2:2",15,2,2,5,15,0,2,2,4,"2:0:2 5:1:2 9:1:2 12:1:2"
OO_WM,15,30,"15:0:1 15:2:2",15,2,2,5,15,0,2,5,4,"5:0:2 5:1:2 9:1:2 9:1:2"
OO_WM,15,30,"15:0:1 15:2:2",15,2,2,5,15,0,2,8,4,"5:1:2 6:1:2 8:0:2 9:1:2"
OO_WM,15,30,"15:0:1 15:2:2",15,2,2,5,15,0,2,9,4,"5:1:2 5:1:2 9:0:2 9:1:2"
OO_WM,15,30,"15:0:1 15:2:2",15,2,2,5,15,0,2,12,4,"2:1:2 5:1:2 9:1:2 12:0:2"
OO_WM,15,30,"15:0:1 15:2:2",15,2,2,6,6,1,2,2,4,"2:2:2 3:1:2 8:1:2 15:0:1"
OO_WM,15,30,"15:0:1 15:2:2",15,2,2,6,8,1,2,2,4,"2:2:2 5:1:2 6:1:2 15:0:1"
OO_WM,15,30,"15:0:1 15:2:2",15,2,2,6,8,1,2,5,4,"2:1:2 5:2:2 6:1:2 15:0:1"
OO_WM,15,30,"15:0:1 15:2:2",15,2,2,6,15,0,2,2,4,"2:0:2 6:1:2 8:1:2 12:1:2"
OO_WM,15,30,"15:0:1 15:2:2",15,2,2,6,15,0,2,6,4,"6:0:2 6:1:2 8:1:2 8:1:2"
OO_WM,15,30,"15:0:1 15:2:2",15,2,2,6,15,0,2,8,4,"6:1:2 6:1:2 8:0:2 8:1:2"
OO_WM,15,30,"15:0:1 15:2:2",15,2,2,6,15,0,2,9,4,"5:1:2 6:1:2 8:1:2 9:0:2"
OO_WM,15,30,"15:0:1 15:2:2",15,2,2,6,15,0,2,11,4,"3:1:2 6:1:2 8:1:2 11:0:2"
OO_WM,15,30,"15:0:1 15:2:2",15,2,2,7,7,1,2,2,4,"2:2:2 4:1:2 7:1:2 15:0:1"
OO_WM,15,30,"15:0:1 15:2:2",15,2,2,7,7,1,2,5,4,"1:1:2 5:2:2 7:1:2 15:0:1"
OO_WM,15,30,"15:0:1 15:2:2",15,2,2,7,15,0,2,2,4,"2:0:2 7:1:2 7:1:2 12:1:2"
OO_WM,15,30,"15:0:1 15:2:2",15,2,2,7,15,0,2,7,4,"7:0:2 7:1:2 7:1:2 7:1:2"
OO_WM_PLUS,15,31,"15:2:2 16:0:1",15,2,2,1,13,1,2,2,4,"1:1:2 2:2:2 10:1:2 16:0:1"
OO_WM_PLUS,15,31,"15:2:2 16:0:1",15,2,2,1,13,1,2,10,4,"1:1:2 2:1:2 10:2:2 16:0:1"
OO_WM_PLUS,15,31,"15:2:2 16:0:1",15,2,2,1,16,0,2,2,4,"1:1:2 2:0:2 13:1:2 13:1:2"
OO_WM_PLUS,15,31,"15:2:2 16:0:1",15,2,2,1,16,0,2,5,4,"1:1:2 5:0:2 10:1:2 13:1:2"
OO_WM_PLUS,15,31,"15:2:2 16:0:1",15,2,2,1,16,0,2,14,4,"1:1:2 1:1:2 13:1:2 14:0:2"
OO_WM_PLUS,15,31,"15:2:2 16:0:1",15,2,2,2,12,1,2,2,4,"2:1:2 2:2:2 9:1:2 16:0:1"
OO_WM_PLUS,15,31,"15:2:2 16:0:1",15,2,2,2,12,1,2,5,4,"2:1:2 5:2:2 6:1:2 16:0:1"
OO_WM_PLUS,15,31,"15:2:2 16:0:1",15,2,2,2,12,1,2,8,4,"2:1:2 3:1:2 8:2:2 16:0:1"
OO_WM_PLUS,15,31,"15:2:2 16:0:1",15,2,2,2,12,1,2,9,4,"2:1:2 2:1:2 9:2:2 16:0:1"
OO_WM_PLUS,15,31,"15:2:2 16:0:1",15,2,2,2,12,1,2,10,4,"1:1:2 2:1:2 10:2:2 16:0:1"
OO_WM_PLUS,15,31,"15:2:2 16:0:1",15,2,2,2,16,0,2,3,4,"2:1:2 3:0:2 12:1:2 12:1:2"
OO_WM_PLUS,15,31,"15:2:2 16:0:1",15,2,2,2,16,0,2,5,4,"2:1:2 5:0:2 10:1:2 12:1:2"
OO_WM_PLUS,15,31,"15:2:2 16:0:1",15,2,2,2,16,0,2,6,4,"2:1:2 6:0:2 9:1:2 12:1:2"
OO_WM_PLUS,15,31,"15:2:2 16:0:1",15,2,2,2,16,0,2,8,4,"2:1:2 7:1:2 8:0:2 12:1:2"
OO_WM_PLUS,15,31,"15:2:2 16:0:1",15,2,2,2,16,0,2,10,4,"2:1:2 5:1:2 10:0:2 12:1:2"
OO_WM_PLUS,15,31,"15:2:2 16:0:1",15,2,2,2,16,0,2,13,4,"2:1:2 2:1:2 12:1:2 13:0:2"
OO_WM_PLUS,15,31,"15:2:2 16:0:1",15,2,2,3,11,1,2,2,4,"2:2:2 3:1:2 8:1:2 16:0:1"
OO_WM_PLUS,15,31,"15:2:2 16:0:1",15,2,2,3,11,1,2,5,4,"3:1:2 5:1:2 5:2:2 16:0:1"
OO_WM_PLUS,15,31,"15:2:2 16:0:1",15,2,2,3,11,1,2,8,4,"2:1:2 3:1:2 8:2:2 16:0:1"
OO_WM_PLUS,15,31,"15:2:2 16:0:1",15,2,2,3,16,0,2,4,4,"3:1:2 4:0:2 11:1:2 11:1:2"
OO_WM_PLUS,15,31,"15:2:2 16:0:1",15,2,2,3,16,0,2,5,4,"3:1:2 5:0:2 10:1:2 11:1:2"
OO_WM_PLUS,15,31,"15:2:2 16:0:1",15,2,2,3,16,0,2,9,4,"3:1:2 6:1:2 9:0:2 11:1:2"
OO_WM_PLUS,15,31,"15:2:2 16:0:1",15,2,2,3,16,0,2,12,4,"3:1:2 3:1:2 11:1:2 12:0:2"
OO_WM_PLUS,15,31,"15:2:2 16:0:1",15,2,2,4,4,1,2,2,4,"1:1:2 2:2:2 10:1:2 16:0:1"
OO_WM_PLUS,15,31,"15:2:2 16:0:1",15,2,2,4,10,1,2,2,4,"2:2:2 4:1:2 7:1:2 16:0:1"
OO_WM_PLUS,15,31,"15:2:2 16:0:1",15,2,2,4,16,0,2,5,4,"4:1:2 5:0:2 10:1:2 10:1:2"
OO_WM_PLUS,15,31,"15:2:2 16:0:1",15,2,2,4,16,0,2,11,4,"4:1:2 4:1:2 10:1:2 11:0:2"
OO_WM_PLUS,15,31,"15:2:2 16:0:1",15,2,2,5,5,1,2,2,4,"2:1:2 2:2:2 9:1:2 16:0:1"
OO_WM_PLUS,15,31,"15:2:2 16:0:1",15,2,2,5,9,1,2,2,4,"2:2:2 5:1:2 6:1:2 16:0:1"
OO_WM_PLUS,15,31,"15:2:2 16:0:1",15,2,2,5,9,1,2,5,4,"3:1:2 5:1:2 5:2:2 16:0:1"
OO_WM_PLUS,15,31,"15:2:2 16:0:1",15,2,2,5,16,0,2,5,4,"5:0:2 5:1:2 9:1:2 10:1:2"
OO_WM_PLUS,15,31,"15:2:2 16:0:1",15,2,2,5,16,0,2,6,4,"5:1:2 6:0:2 9:1:2 9:1:2"
OO_WM_PLUS,15,31,"15:2:2 16:0:1",15,2,2,5,16,0,2,8,4,"5:1:2 7:1:2 8:0:2 9:1:2"
OO_WM_PLUS,15,31,"15:2:2 16:0:1",15,2,2,5,16,0,2,10,4,"5:1:2 5:1:2 9:1:2 10:0:2"
OO_WM_PLUS,15,31,"15:2:2 16:0:1",15,2,2,5,16,0,2,13,4,"2:1:2 5:1:2 9:1:2 13:0:2"
OO_WM_PLUS,15,31,"15:2:2 16:0:1",15,2,2,6,6,1,2,2,4,"2:2:2 3:1:2 8:1:2 16:0:1"
OO_WM_PLUS,15,31,"15:2:2 16:0:1",15,2,2,6,8,1,2,2,4,"2:2:2 5:1:2 6:1:2 16:0:1"
OO_WM_PLUS,15,31,"15:2:2 16:0:1",15,2,2,6,8,1,2,5,4,"2:1:2 5:2:2 6:1:2 16:0:1"
OO_WM_PLUS,15,31,"15:2:2 16:0:1",15,2,2,6,16,0,2,5,4,"5:0:2 6:1:2 8:1:2 10:1:2"
OO_WM_PLUS,15,31,"15:2:2 16:0:1",15,2,2,6,16,0,2,6,4,"6:0:2 6:1:2 8:1:2 9:1:2"
OO_WM_PLUS,15,31,"15:2:2 16:0:1",15,2,2,6,16,0,2,7,4,"6:1:2 7:0:2 8:1:2 8:1:2"
OO_WM_PLUS,15,31,"15:2:2 16:0:1",15,2,2,6,16,0,2,9,4,"6:1:2 6:1:2 8:1:2 9:0:2"
OO_WM_PLUS,15,31,"15:2:2 16:0:1",15,2,2,6,16,0,2,13,4,"2:1:2 6:1:2 8:1:2 13:0:2"
OO_WM_PLUS,15,31,"15:2:2 16:0:1",15,2,2,7,7,1,2,2,4,"2:2:2 4:1:2 7:1:2 16:0:1"
OO_WM_PLUS,15,31,"15:2:2 16:0:1",15,2,2,7,16,0,2,8,4,"7:1:2 7:1:2 7:1:2 8:0:2"
OO_WM_PLUS,15,31,"15:2:2 16:0:1",15,2,2,7,16,0,2,10,4,"5:1:2 7:1:2 7:1:2 10:0:2"
OO_WM_PLUS,15,31,"15:2:2 16:0:1",16,0,1,1,14,2,2,1,4,"1:0:1 1:1:2 12:1:2 15:2:2"
OO_WM_PLUS,15,31,"15:2:2 16:0:1",16,0,1,1,14,2,2,2,4,"1:0:1 2:1:2 11:1:2 15:2:2"
OO_WM_PLUS,15,31,"15:2:2 16:0:1",16,0,1,1,14,2,2,3,4,"1:0:1 3:1:2 10:1:2 15:2:2"
OO_WM_PLUS,15,31,"15:2:2 16:0:1",16,0,1,1,14,2,2,4,4,"1:0:1 4:1:2 9:1:2 15:2:2"
OO_WM_PLUS,15,31,"15:2:2 16:0:1",16,0,1,1,14,2,2,5,4,"1:0:1 5:1:2 8:1:2 15:2:2"
OO_WM_PLUS,15,31,"15:2:2 16:0:1",16,0,1,1,14,2,2,6,4,"1:0:1 6:1:2 7:1:2 15:2:2"
OO_WM_PLUS,15,31,"15:2:2 16:0:1",16,0,1,1,15,1,1,0,3,"1:0:1 14:1:1 14:2:2"
OO_WM_PLUS,15,31,"15:2:2 16:0:1",16,0,1,1,15,1,1,1,4,"1:0:1 1:2:2 13:2:2 14:1:1"
OO_WM_PLUS,15,31,"15:2:2 16:0:1",16,0,1,1,15,1,1,2,4,"1:0:1 2:2:2 12:2:2 14:1:1"
OO_WM_PLUS,15,31,"15:2:2 16:0:1",16,0,1,1,15,1,1,3,4,"1:0:1 3:2:2 11:2:2 14:1:1"
OO_WM_PLUS,15,31,"15:2:2 16:0:1",16,0,1,1,15,1,1,4,4,"1:0:1 4:2:2 10:2:2 14:1:1"
OO_WM_PLUS,15,31,"15:2:2 16:0:1",16,0,1,1,15,1,1,5,4,"1:0:1 5:2:2 9:2:2 14:1:1"
OO_WM_PLUS,15,31,"15:2:2 16:0:1",16,0,1,1,15,1,1,6,4,"1:0:1 6:2:2 8:2:2 14:1:1"
OO_WM_PLUS,15,31,"15:2:2 16:0:1",16,0,1,1,15,1,1,7,4,"1:0:1 7:2:2 7:2:2 14:1:1"
OO_WM_PLUS,15,31,"15:2:2 16:0:1",16,0,1,2,13,2,2,1,4,"1:1:2 2:0:1 11:1:2 15:2:2"
OO_WM_PLUS,15,31,"15:2:2 16:0:1",16,0,1,2,13,2,2,2,4,"2:0:1 2:1:2 10:1:2 15:2:2"
OO_WM_PLUS,15,31,"15:2:2 16:0:1",16,0,1,2,13,2,2,4,4,"2:0:1 4:1:2 8:1:2 15:2:2"
OO_WM_PLUS,15,31,"15:2:2 16:0:1",16,0,1,2,13,2,2,5,4,"2:0:1 5:1:2 7:1:2 15:2:2"
OO_WM_PLUS,15,31,"15:2:2 16:0:1",16,0,1,2,15,1,1,1,4,"1:2:2 2:0:1 13:1:1 13:2:2"
OO_WM_PLUS,15,31,"15:2:2 16:0:1",16,0,1,2,15,1,1,2,4,"2:0:1 2:2:2 12:2:2 13:1:1"
OO_WM_PLUS,15,31,"15:2:2 16:0:1",16,0,1,2,15,1,1,4,4,"2:0:1 4:2:2 10:2:2 13:1:1"
OO_WM_PLUS,15,31,"15:2:2 16:0:1",16,0,1,2,15,1,1,5,4,"2:0:1 5:2:2 9:2:2 13:1:1"
OO_WM_PLUS,15,31,"15:2:2 16:0:1",16,0,1,2,15,1,1,6,4,"2:0:1 6:2:2 8:2:2 13:1:1"
OO_WM_PLUS,15,31,"15:2:2 16:0:1",16,0,1,2,15,1,1,7,4,"2:0:1 7:2:2 7:2:2 13:1:1"
OO_WM_PLUS,15,31,"15:2:2 16:0:1",16,0,1,3,12,2,2,1,4,"1:1:2 3:0:1 10:1:2 15:2:2"
OO_WM_PLUS,15,31,"15:2:2 16:0:1",16,0,1,3,12,2,2,2,4,"2:1:2 3:0:1 9:1:2 15:2:2"
OO_WM_PLUS,15,31,"15:2:2 16:0:1",16,0,1,3,12,2,2,3,4,"3:0:1 3:1:2 8:1:2 15:2:2"
OO_WM_PLUS,15,31,"15:2:2 16:0:1",16,0,1,3,12,2,2,4,4,"3:0:1 4:1:2 7:1:2 15:2:2"
OO_WM_PLUS,15,31,"15:2:2 16:0:1",16,0,1,3,12,2,2,5,4,"3:0:1 5:1:2 6:1:2 15:2:2"
OO_WM_PLUS,15,31,"15:2:2 16:0:1",16,0,1,3,15,1,1,2,4,"2:2:2 3:0:1 12:1:1 12:2:2"
OO_WM_PLUS,15,31,"15:2:2 16:0:1",16,0,1,4,11,2,2,2,4,"2:1:2 4:0:1 8:1:2 15:2:2"
OO_WM_PLUS,15,31,"15:2:2 16:0:1",16,0,1,4,11,2,2,5,4,"4:0:1 5:1:2 5:1:2 15:2:2"
OO_WM_PLUS,15,31,"15:2:2 16:0:1",16,0,1,4,15,1,1,2,4,"2:2:2 4:0:1 11:1:1 12:2:2"
OO_WM_PLUS,15,31,"15:2:2 16:0:1",16,0,1,4,15,1,1,3,4,"3:2:2 4:0:1 11:1:1 11:2:2"
OO_WM_PLUS,15,31,"15:2:2 16:0:1",16,0,1,4,15,1,1,5,4,"4:0:1 5:2:2 9:2:2 11:1:1"
OO_WM_PLUS,15,31,"15:2:2 16:0:1",16,0,1,4,15,1,1,6,4,"4:0:1 6:2:2 8:2:2 11:1:1"
OO_WM_PLUS,15,31,"15:2:2 16:0:1",16,0,1,5,10,2,2,1,4,"1:1:2 5:0:1 8:1:2 15:2:2"
OO_WM_PLUS,15,31,"15:2:2 16:0:1",16,0,1,5,10,2,2,2,4,"2:1:2 5:0:1 7:1:2 15:2:2"
OO_WM_PLUS,15,31,"15:2:2 16:0:1",16,0,1,5,15,1,1,2,4,"2:2:2 5:0:1 10:1:1 12:2:2"
OO_WM_PLUS,15,31,"15:2:2 16:0:1",16,0,1,5,15,1,1,4,4,"4:2:2 5:0:1 10:1:1 10:2:2"
OO_WM_PLUS,15,31,"15:2:2 16:0:1",16,0,1,5,15,1,1,5,4,"5:0:1 5:2:2 9:2:2 10:1:1"
OO_WM_PLUS,15,31,"15:2:2 16:0:1",16,0,1,5,15,1,1,7,4,"5:0:1 7:2:2 7:2:2 10:1:1"
OO_WM_PLUS,15,31,"15:2:2 16:0:1",16,0,1,6,9,2,2,1,4,"1:1:2 6:0:1 7:1:2 15:2:2"
OO_WM_PLUS,15,31,"15:2:2 16:0:1",16,0,1,6,9,2,2,2,4,"2:1:2 6:0:1 6:1:2 15:2:2"
OO_WM_PLUS,15,31,"15:2:2 16:0:1",16,0,1,6,9,2,2,3,4,"3:1:2 5:1:2 6:0:1 15:2:2"
OO_WM_PLUS,15,31,"15:2:2 16:0:1",16,0,1,6,9,2,2,4,4,"4:1:2 4:1:2 6:0:1 15:2:2"
OO_WM_PLUS,15,31,"15:2:2 16:0:1",16,0,1,6,15,1,1,2,4,"2:2:2 6:0:1 9:1:1 12:2:2"
OO_WM_PLUS,15,31,"15:2:2 16:0:1",16,0,1,6,15,1,1,5,4,"5:2:2 6:0:1 9:1:1 9:2:2"
OO_WM_PLUS,15,31,"15:2:2 16:0:1",16,0,1,7,7,0,2,5,4,"1:1:2 5:0:2 8:1:1 15:2:2"
OO_WM_PLUS,15,31,"15:2:2 16:0:1",16,0,1,7,8,2,2,2,4,"2:1:2 5:1:2 7:0:1 15:2:2"
OO_WM_PLUS,15,31,"15:2:2 16:0:1",16,0,1,7,15,1,1,2,4,"2:2:2 7:0:1 8:1:1 12:2:2"
OO_WM_PLUS,15,31,"15:2:2 16:0:1",16,0,1,7,15,1,1,5,4,"5:2:2 7:0:1 8:1:1 9:2:2"
OO_WM_PLUS,15,31,"15:2:2 16:0:1",16,0,1,7,15,1,1,6,4,"6:2:2 7:0:1 8:1:1 8:2:2"
OO_WM_PLUS,15,31,"15:2:2 16:0:1",16,0,1,8,7,2,2,1,4,"1:1:2 5:1:2 8:0:1 15:2:2"
OO_WM_PLUS,15,31,"15:2:2 16:0:1",16,0,1,8,7,2,2,2,4,"2:1:2 4:1:2 8:0:1 15:2:2"
OO_WM_PLUS,15,31,"15:2:2 16:0:1",16,0,1,8,8,0,2,5,4,"2:1:2 5:0:2 7:1:1 15:2:2"
OO_WM_PLUS,15,31,"15:2:2 16:0:1",16,0,1,8,8,0,2,6,4,"1:1:2 6:0:2 7:1:1 15:2:2"
OO_WM_PLUS,15,31,"15:2:2 16:0:1",16,0,1,8,15,1,1,2,4,"2:2:2 7:1:1 8:0:1 12:2:2"
OO_WM_PLUS,15,31,"15:2:2 16:0:1",16,0,1,8,15,1,1,4,4,"4:2:2 7:1:1 8:0:1 10:2:2"
OO_WM_PLUS,15,31,"15:2:2 16:0:1",16,0,1,8,15,1,1,5,4,"5:2:2 7:1:1 8:0:1 9:2:2"
OO_WM_PLUS,15,31,"15:2:2 16:0:1",16,0,1,8,15,1,1,7,4,"7:1:1 7:2:2 7:2:2 8:0:1"
OO_WM_PLUS,15,31,"15:2:2 16:0:1",16,0,1,9,9,0,2,3,4,"3:0:2 5:1:2 6:1:1 15:2:2"
OO_WM_PLUS,15,31,"15:2:2 16:0:1",16,0,1,9,9,0,2,6,4,"2:1:2 6:0:2 6:1:1 15:2:2"
OO_WM_PLUS,15,31,"15:2:2 16:0:1",16,0,1,9,15,1,1,2,4,"2:2:2 6:1:1 9:0:1 12:2:2"
OO_WM_PLUS,15,31,"15:2:2 16:0:1",16,0,1,9,15,1,1,5,4,"5:2:2 6:1:1 9:0:1 9:2:2"
OO_WM_PLUS,15,31,"15:2:2 16:0:1",16,0,1,9,15,1,1,6,4,"6:1:1 6:2:2 8:2:2 9:0:1"
OO_WM_PLUS,15,31,"15:2:2 16:0:1",16,0,1,9,15,1,1,7,4,"6:1:1 7:2:2 7:2:2 9:0:1"
OO_WM_PLUS,15,31,"15:2:2 16:0:1",16,0,1,10,5,2,2,2,4,"2:1:2 2:1:2 10:0:1 15:2:2"
OO_WM_PLUS,15,31,"15:2:2 16:0:1",16,0,1,10,10,0,2,5,4,"4:1:2 5:0:2 5:1:1 15:2:2"
OO_WM_PLUS,15,31,"15:2:2 16:0:1",16,0,1,10,10,0,2,7,4,"2:1:2 5:1:1 7:0:2 15:2:2"
OO_WM_PLUS,15,31,"15:2:2 16:0:1",16,0,1,10,15,1,1,2,4,"2:2:2 5:1:1 10:0:1 12:2:2"
OO_WM_PLUS,15,31,"15:2:2 16:0:1",16,0,1,10,15,1,1,5,4,"5:1:1 5:2:2 9:2:2 10:0:1"
OO_WM_PLUS,15,31,"15:2:2 16:0:1",16,0,1,11,4,2,2,1,4,"1:1:2 2:1:2 11:0:1 15:2:2"
OO_WM_PLUS,15,31,"15:2:2 16:0:1",16,0,1,11,11,0,2,2,4,"2:0:2 4:1:1 8:1:2 15:2:2"
OO_WM_PLUS,15,31,"15:2:2 16:0:1",16,0,1,11,11,0,2,3,4,"3:0:2 4:1:1 7:1:2 15:2:2"
OO_WM_PLUS,15,31,"15:2:2 16:0:1",16,0,1,11,11,0,2,5,4,"4:1:1 5:0:2 5:1:2 15:2:2"
OO_WM_PLUS,15,31,"15:2:2 16:0:1",16,0,1,11,11,0,2,6,4,"4:1:1 4:1:2 6:0:2 15:2:2"
OO_WM_PLUS,15,31,"15:2:2 16:0:1",16,0,1,11,11,0,2,8,4,"2:1:2 4:1:1 8:0:2 15:2:2"
OO_WM_PLUS,15,31,"15:2:2 16:0:1",16,0,1,11,11,0,2,9,4,"1:1:2 4:1:1 9:0:2 15:2:2"
OO_WM_PLUS,15,31,"15:2:2 16:0:1",16,0,1,11,15,1,1,2,4,"2:2:2 4:1:1 11:0:1 12:2:2"
OO_WM_PLUS,15,31,"15:2:2 16:0:1",16,0,1,11,15,1,1,4,4,"4:1:1 4:2:2 10:2:2 11:0:1"
OO_WM_PLUS,15,31,"15:2:2 16:0:1",16,0,1,11,15,1,1,5,4,"4:1:1 5:2:2 9:2:2 11:0:1"
OO_WM_PLUS,15,31,"15:2:2 16:0:1",16,0,1,11,15,1,1,6,4,"4:1:1 6:2:2 8:2:2 11:0:1"
OO_WM_PLUS,15,31,"15:2:2 16:0:1",16,0,1,11,15,1,1,7,4,"4:1:1 7:2:2 7:2:2 11:0:1"
OO_WM_PLUS,15,31,"15:2:2 16:0:1",16,0,1,12,12,0,2,3,4,"3:0:2 3:1:1 8:1:2 15:2:2"
OO_WM_PLUS,15,31,"15:2:2 16:0:1",16,0,1,12,12,0,2,5,4,"3:1:1 5:0:2 6:1:2 15:2:2"
OO_WM_PLUS,15,31,"15:2:2 16:0:1",16,0,1,12,12,0,2,6,4,"3:1:1 5:1:2 6:0:2 15:2:2"
OO_WM_PLUS,15,31,"15:2:2 16:0:1",16,0,1,12,12,0,2,7,4,"3:1:1 4:1:2 7:0:2 15:2:2"
OO_WM_PLUS,15,31,"15:2:2 16:0:1",16,0,1,12,12,0,2,8,4,"3:1:1 3:1:2 8:0:2 15:2:2"
OO_WM_PLUS,15,31,"15:2:2 16:0:1",16,0,1,12,12,0,2,9,4,"2:1:2 3:1:1 9:0:2 15:2:2"
OO_WM_PLUS,15,31,"15:2:2 16:0:1",16,0,1,12,12,0,2,10,4,"1:1:2 3:1:1 10:0:2 15:2:2"
OO_WM_PLUS,15,31,"15:2:2 16:0:1",16,0,1,12,15,1,1,2,4,"2:2:2 3:1:1 12:0:1 12:2:2"
OO_WM_PLUS,15,31,"15:2:2 16:0:1",16,0,1,12,15,1,1,3,4,"3:1:1 3:2:2 11:2:2 12:0:1"
OO_WM_PLUS,15,31,"15:2:2 16:0:1",16,0,1,12,15,1,1,4,4,"3:1:1 4:2:2 10:2:2 12:0:1"
OO_WM_PLUS,15,31,"15:2:2 16:0:1",16,0,1,12,15,1,1,5,4,"3:1:1 5:2:2 9:2:2 12:0:1"
OO_WM_PLUS,15,31,"15:2:2 16:0:1",16,0,1,12,15,1,1,6,4,"3:1:1 6:2:2 8:2:2 12:0:1"
OO_WM_PLUS,15,31,"15:2:2 16:0:1",16,0,1,12,15,1,1,7,4,"3:1:1 7:2:2 7:2:2 12:0:1"
OO_WM_PLUS,15,31,"15:2:2 16:0:1",16,0,1,13,13,0,2,5,4,"2:1:1 5:0:2 7:1:2 15:2:2"
OO_WM_PLUS,15,31,"15:2:2 16:0:1",16,0,1,13,15,1,1,2,4,"2:1:1 2:2:2 12:2:2 13:0:1"
OO_WM_PLUS,15,31,"15:2:2 16:0:1",16,0,1,14,14,0,2,2,4,"1:1:1 2:0:2 11:1:2 15:2:2"
OO_WM_PLUS,15,31,"15:2:2 16:0:1",16,0,1,14,14,0,2,3,4,"1:1:1 3:0:2 10:1:2 15:2:2"
OO_WM_PLUS,15,31,"15:2:2 16:0:1",16,0,1,14,14,0,2,5,4,"1:1:1 5:0:2 8:1:2 15:2:2"
OO_WM_PLUS,15,31,"15:2:2 16:0:1",16,0,1,14,14,0,2,6,4,"1:1:1 6:0:2 7:1:2 15:2:2"
OO_WM_PLUS,15,31,"15:2:2 16:0:1",16,0,1,14,14,0,2,7,4,"1:1:1 6:1:2 7:0:2 15:2:2"
OO_WM_PLUS,15,31,"15:2:2 16:0:1",16,0,1,14,14,0,2,8,4,"1:1:1 5:1:2 8:0:2 15:2:2"
OO_WM_PLUS,15,31,"15:2:2 16:0:1",16,0,1,14,14,0,2,9,4,"1:1:1 4:1:2 9:0:2 15:2:2"
OO_WM_PLUS,15,31,"15:2:2 16:0:1",16,0,1,14,14,0,2,10,4,"1:1:1 3:1:2 10:0:2 15:2:2"
OO_WM_PLUS,15,31,"15:2:2 16:0:1",16,0,1,14,14,0,2,11,4,"1:1:1 2:1:2 11:0:2 15:2:2"
OO_WM_PLUS,15,31,"15:2:2 16:0:1",16,0,1,14,14,0,2,12,4,"1:1:1 1:1:2 12:0:2 15:2:2"
OO_WM_PLUS,15,31,"15:2:2 16:0:1",16,0,1,14,15,1,1,1,4,"1:1:1 1:2:2 13:2:2 14:0:1"
OO_WM_PLUS,15,31,"15:2:2 16:0:1",16,0,1,14,15,1,1,2,4,"1:1:1 2:2:2 12:2:2 14:0:1"
OO_WM_PLUS,15,31,"15:2:2 16:0:1",16,0,1,14,15,1,1,3,4,"1:1:1 3:2:2 11:2:2 14:0:1"
OO_WM_PLUS,15,31,"15:2:2 16:0:1",16,0,1,14,15,1,1,4,4,"1:1:1 4:2:2 10:2:2 14:0:1"
OO_WM_PLUS,15,31,"15:2:2 16:0:1",16,0,1,14,15,1,1,5,4,"1:1:1 5:2:2 9:2:2 14:0:1"
OO_WM_PLUS,15,31,"15:2:2 16:0:1",16,0,1,14,15,1,1,6,4,"1:1:1 6:2:2 8:2:2 14:0:1"
OO_WM_PLUS,15,31,"15:2:2 16:0:1",16,0,1,14,15,1,1,7,4,"1:1:1 7:2:2 7:2:2 14:0:1"
OO_WM_PLUS,15,31,"15:2:2 16:0:1",16,0,1,15,15,0,2,2,3,"2:0:2 12:1:2 15:2:2"
OO_WM_PLUS,15,31,"15:2:2 16:0:1",16,0,1,15,15,0,2,3,3,"3:0:2 11:1:2 15:2:2"
OO_WM_PLUS,15,31,"15:2:2 16:0:1",16,0,1,15,15,0,2,4,3,"4:0:2 10:1:2 15:2:2"
OO_WM_PLUS,15,31,"15:2:2 16:0:1",16,0,1,15,15,0,2,5,3,"5:0:2 9:1:2 15:2:2"
OO_WM_PLUS,15,31,"15:2:2 16:0:1",16,0,1,15,15,0,2,6,3,"6:0:2 8:1:2 15:2:2"
OO_WM_PLUS,15,31,"15:2:2 16:0:1",16,0,1,15,15,0,2,7,3,"7:0:2 7:1:2 15:2:2"
OO_WM_PLUS,15,31,"15:2:2 16:0:1",16,0,1,15,15,0,2,8,3,"6:1:2 8:0:2 15:2:2"
OO_WM_PLUS,15,31,"15:2:2 16:0:1",16,0,1,15,15,0,2,9,3,"5:1:2 9:0:2 15:2:2"
OO_WM_PLUS,15,31,"15:2:2 16:0:1",16,0,1,15,15,0,2,10,3,"4:1:2 10:0:2 15:2:2"
OO_WM_PLUS,15,31,"15:2:2 16:0:1",16,0,1,15,15,0,2,11,3,"3:1:2 11:0:2 15:2:2"
OO_WM_PLUS,15,31,"15:2:2 16:0:1",16,0,1,15,15,0,2,12,3,"2:1:2 12:0:2 15:2:2"
OO_WM_PLUS,15,31,"15:2:2 16:0:1",16,0,1,15,15,0,2,13,3,"1:1:2 13:0:2 15:2:2"
OO_WM_PLUS,15,31,"15:2:2 16:0:1",16,0,1,15,15,1,1,0,2,"14:2:2 15:0:1"
OO_WM_PLUS,15,31,"15:2:2 16:0:1",16,0,1,15,15,1,1,1,3,"1:2:2 13:2:2 15:0:1"
OO_WM_PLUS,15,31,"15:2:2 16:0:1",16,0,1,15,15,1,1,2,3,"2:2:2 12:2:2 15:0:1"
OO_WM_PLUS,15,31,"15:2:2 16:0:1",16,0,1,15,15,1,1,3,3,"3:2:2 11:2:2 15:0:1"
OO_WM_PLUS,15,31,"15:2:2 16:0:1",16,0,1,15,15,1,1,4,3,"4:2:2 10:2:2 15:0:1"
OO_WM_PLUS,15,31,"15:2:2 16:0:1",16,0,1,15,15,1,1,5,3,"5:2:2 9:2:2 15:0:1"
OO_WM_PLUS,15,31,"15:2:2 16:0:1",16,0,1,15,15,1,1,6,3,"6:2:2 8:2:2 15:0:1"
OO_WM_PLUS,15,31,"15:2:2 16:0:1",16,0,1,15,15,1,1,7,3,"7:2:2 7:2:2 15:0:1"
WO_MO,15,30,"15:0:2 15:1:2",15,0,2,1,13,1,2,2,4,"1:0:1 2:2:2 10:1:2 15:1:2"
WO_MO,15,30,"15:0:2 15:1:2",15,0,2,1,13,1,2,4,4,"1:0:1 4:2:2 8:1:2 15:1:2"
WO_MO,15,30,"15:0:2 15:1:2",15,0,2,1,13,1,2,5,4,"1:0:1 5:2:2 7:1:2 15:1:2"
WO_MO,15,30,"15:0:2 15:1:2",15,0,2,1,13,1,2,7,4,"1:0:1 5:1:2 7:2:2 15:1:2"
WO_MO,15,30,"15:0:2 15:1:2",15,0,2,1,13,1,2,8,4,"1:0:1 4:1:2 8:2:2 15:1:2"
WO_MO,15,30,"15:0:2 15:1:2",15,0,2,1,13,1,2,10,4,"1:0:1 2:1:2 10:2:2 15:1:2"
WO_MO,15,30,"15:0:2 15:1:2",15,0,2,1,13,1,2,11,4,"1:0:1 1:1:2 11:2:2 15:1:2"
WO_MO,15,30,"15:0:2 15:1:2",15,0,2,1,15,1,2,1,4,"1:0:1 1:2:2 13:1:2 13:1:2"
WO_MO,15,30,"15:0:2 15:1:2",15,0,2,1,15,1,2,2,4,"1:0:1 2:2:2 12:1:2 13:1:2"
WO_MO,15,30,"15:0:2 15:1:2",15,0,2,1,15,1,2,4,4,"1:0:1 4:2:2 10:1:2 13:1:2"
WO_MO,15,30,"15:0:2 15:1:2",15,0,2,1,15,1,2,5,4,"1:0:1 5:2:2 9:1:2 13:1:2"
WO_MO,15,30,"15:0:2 15:1:2",15,0,2,1,15,1,2,6,4,"1:0:1 6:2:2 8:1:2 13:1:2"
WO_MO,15,30,"15:0:2 15:1:2",15,0,2,1,15,1,2,7,4,"1:0:1 7:1:2 7:2:2 13:1:2"
WO_MO,15,30,"15:0:2 15:1:2",15,0,2,1,15,1,2,8,4,"1:0:1 6:1:2 8:2:2 13:1:2"
WO_MO,15,30,"15:0:2 15:1:2",15,0,2,1,15,1,2,9,4,"1:0:1 5:1:2 9:2:2 13:1:2"
WO_MO,15,30,"15:0:2 15:1:2",15,0,2,1,15,1,2,10,4,"1:0:1 4:1:2 10:2:2 13:1:2"
WO_MO,15,30,"15:0:2 15:1:2",15,0,2,1,15,1,2,11,4,"1:0:1 3:1:2 11:2:2 13:1:2"
WO_MO,15,30,"15:0:2 15:1:2",15,0,2,1,15,1,2,12,4,"1:0:1 2:1:2 12:2:2 13:1:2"
WO_MO,15,30,"15:0:2 15:1:2",15,0,2,1,15,1,2,13,4,"1:0:1 1:1:2 13:1:2 13:2:2"
WO_MO,15,30,"15:0:2 15:1:2",15,0,2,2,15,1,2,2,4,"2:0:1 2:2:2 12:1:2 12:1:2"
WO_MO,15,30,"15:0:2 15:1:2",15,0,2,3,11,1,2,2,4,"2:2:2 3:0:1 8:1:2 15:1:2"
WO_MO,15,30,"15:0:2 15:1:2",15,0,2,3,11,1,2,5,4,"3:0:1 5:1:2 5:2:2 15:1:2"
WO_MO,15,30,"15:0:2 15:1:2",15,0,2,3,11,1,2,7,4,"3:0:1 3:1:2 7:2:2 15:1:2"
WO_MO,15,30,"15:0:2 15:1:2",15,0,2,3,11,1,2,8,4,"2:1:2 3:0:1 8:2:2 15:1:2"
WO_MO,15,30,"15:0:2 15:1:2",15,0,2,3,15,1,2,2,4,"2:2:2 3:0:1 11:1:2 12:1:2"
WO_MO,15,30,"15:0:2 15:1:2",15,0,2,3,15,1,2,3,4,"3:0:1 3:2:2 11:1:2 11:1:2"
WO_MO,15,30,"15:0:2 15:1:2",15,0,2,3,15,1,2,4,4,"3:0:1 4:2:2 10:1:2 11:1:2"
WO_MO,15,30,"15:0:2 15:1:2",15,0,2,3,15,1,2,5,4,"3:0:1 5:2:2 9:1:2 11:1:2"
WO_MO,15,30,"15:0:2 15:1:2",15,0,2,3,15,1,2,6,4,"3:0:1 6:2:2 8:1:2 11:1:2"
WO_MO,15,30,"15:0:2 15:1:2",15,0,2,3,15,1,2,7,4,"3:0:1 7:1:2 7:2:2 11:1:2"
WO_MO,15,30,"15:0:2 15:1:2",15,0,2,3,15,1,2,8,4,"3:0:1 6:1:2 8:2:2 11:1:2"
WO_MO,15,30,"15:0:2 15:1:2",15,0,2,3,15,1,2,9,4,"3:0:1 5:1:2 9:2:2 11:1:2"
WO_MO,15,30,"15:0:2 15:1:2",15,0,2,3,15,1,2,10,4,"3:0:1 4:1:2 10:2:2 11:1:2"
WO_MO,15,30,"15:0:2 15:1:2",15,0,2,3,15,1,2,11,4,"3:0:1 3:1:2 11:1:2 11:2:2"
WO_MO,15,30,"15:0:2 15:1:2",15,0,2,3,15,1,2,12,4,"2:1:2 3:0:1 11:1:2 12:2:2"
WO_MO,15,30,"15:0:2 15:1:2",15,0,2,3,15,1,2,13,4,"1:1:2 3:0:1 11:1:2 13:2:2"
WO_MO,15,30,"15:0:2 15:1:2",15,0,2,4,4,0,2,2,4,"1:1:2 2:0:2 10:1:2 15:1:2"
WO_MO,15,30,"15:0:2 15:1:2",15,0,2,4,10,1,2,2,4,"2:2:2 4:0:1 7:1:2 15:1:2"
WO_MO,15,30,"15:0:2 15:1:2",15,0,2,4,10,1,2,4,4,"4:0:1 4:2:2 5:1:2 15:1:2"
WO_MO,15,30,"15:0:2 15:1:2",15,0,2,4,10,1,2,5,4,"4:0:1 4:1:2 5:2:2 15:1:2"
WO_MO,15,30,"15:0:2 15:1:2",15,0,2,4,10,1,2,7,4,"2:1:2 4:0:1 7:2:2 15:1:2"
WO_MO,15,30,"15:0:2 15:1:2",15,0,2,4,10,1,2,8,4,"1:1:2 4:0:1 8:2:2 15:1:2"
WO_MO,15,30,"15:0:2 15:1:2",15,0,2,4,15,1,2,2,4,"2:2:2 4:0:1 10:1:2 12:1:2"
WO_MO,15,30,"15:0:2 15:1:2",15,0,2,4,15,1,2,4,4,"4:0:1 4:2:2 10:1:2 10:1:2"
WO_MO,15,30,"15:0:2 15:1:2",15,0,2,4,15,1,2,5,4,"4:0:1 5:2:2 9:1:2 10:1:2"
WO_MO,15,30,"15:0:2 15:1:2",15,0,2,4,15,1,2,6,4,"4:0:1 6:2:2 8:1:2 10:1:2"
WO_MO,15,30,"15:0:2 15:1:2",15,0,2,4,15,1,2,7,4,"4:0:1 7:1:2 7:2:2 10:1:2"
WO_MO,15,30,"15:0:2 15:1:2",15,0,2,4,15,1,2,8,4,"4:0:1 6:1:2 8:2:2 10:1:2"
WO_MO,15,30,"15:0:2 15:1:2",15,0,2,4,15,1,2,9,4,"4:0:1 5:1:2 9:2:2 10:1:2"
WO_MO,15,30,"15:0:2 15:1:2",15,0,2,4,15,1,2,10,4,"4:0:1 4:1:2 10:1:2 10:2:2"
WO_MO,15,30,"15:0:2 15:1:2",15,0,2,4,15,1,2,12,4,"2:1:2 4:0:1 10:1:2 12:2:2"
WO_MO,15,30,"15:0:2 15:1:2",15,0,2,5,5,0,2,2,4,"2:0:2 2:1:2 9:1:2 15:1:2"
WO_MO,15,30,"15:0:2 15:1:2",15,0,2,5,15,1,2,2,4,"2:2:2 5:0:1 9:1:2 12:1:2"
WO_MO,15,30,"15:0:2 15:1:2",15,0,2,5,15,1,2,5,4,"5:0:1 5:2:2 9:1:2 9:1:2"
WO_MO,15,30,"15:0:2 15:1:2",15,0,2,6,6,0,2,2,4,"2:0:2 3:1:2 8:1:2 15:1:2"
WO_MO,15,30,"15:0:2 15:1:2",15,0,2,6,8,1,2,2,4,"2:2:2 5:1:2 6:0:1 15:1:2"
WO_MO,15,30,"15:0:2 15:1:2",15,0,2,6,8,1,2,5,4,"2:1:2 5:2:2 6:0:1 15:1:2"
WO_MO,15,30,"15:0:2 15:1:2",15,0,2,6,15,1,2,2,4,"2:2:2 6:0:1 8:1:2 12:1:2"
WO_MO,15,30,"15:0:2 15:1:2",15,0,2,6,15,1,2,4,4,"4:2:2 6:0:1 8:1:2 10:1:2"
WO_MO,15,30,"15:0:2 15:1:2",15,0,2,6,15,1,2,5,4,"5:2:2 6:0:1 8:1:2 9:1:2"
WO_MO,15,30,"15:0:2 15:1:2",15,0,2,6,15,1,2,6,4,"6:0:1 6:2:2 8:1:2 8:1:2"
WO_MO,15,30,"15:0:2 15:1:2",15,0,2,6,15,1,2,7,4,"6:0:1 7:1:2 7:2:2 8:1:2"
WO_MO,15,30,"15:0:2 15:1:2",15,0,2,6,15,1,2,8,4,"6:0:1 6:1:2 8:1:2 8:2:2"
WO_MO,15,30,"15:0:2 15:1:2",15,0,2,6,15,1,2,9,4,"5:1:2 6:0:1 8:1:2 9:2:2"
WO_MO,15,30,"15:0:2 15:1:2",15,0,2,6,15,1,2,10,4,"4:1:2 6:0:1 8:1:2 10:2:2"
WO_MO,15,30,"15:0:2 15:1:2",15,0,2,6,15,1,2,11,4,"3:1:2 6:0:1 8:1:2 11:2:2"
WO_MO,15,30,"15:0:2 15:1:2",15,0,2,6,15,1,2,12,4,"2:1:2 6:0:1 8:1:2 12:2:2"
WO_MO,15,30,"15:0:2 15:1:2",15,0,2,6,15,1,2,13,4,"1:1:2 6:0:1 8:1:2 13:2:2"
WO_MO,15,30,"15:0:2 15:1:2",15,0,2,7,7,0,2,2,4,"2:0:2 4:1:2 7:1:2 15:1:2"
WO_MO,15,30,"15:0:2 15:1:2",15,0,2,7,7,1,2,2,4,"2:2:2 4:1:2 7:0:1 15:1:2"
WO_MO,15,30,"15:0:2 15:1:2",15,0,2,7,7,1,2,5,4,"1:1:2 5:2:2 7:0:1 15:1:2"
WO_MO,15,30,"15:0:2 15:1:2",15,0,2,7,15,1,2,2,4,"2:2:2 7:0:1 7:1:2 12:1:2"
WO_MO,15,30,"15:0:2 15:1:2",15,0,2,7,15,1,2,5,4,"5:2:2 7:0:1 7:1:2 9:1:2"
WO_MO,15,30,"15:0:2 15:1:2",15,0,2,7,15,1,2,7,4,"7:0:1 7:1:2 7:1:2 7:2:2"
WO_MO,15,30,"15:0:2 15:1:2",15,0,2,7,15,1,2,9,4,"5:1:2 7:0:1 7:1:2 9:2:2"
WO_MO,15,30,"15:0:2 15:1:2",15,0,2,7,15,1,2,12,4,"2:1:2 7:0:1 7:1:2 12:2:2"
WO_MO,15,30,"15:0:2 15:1:2",15,0,2,8,8,0,2,2,4,"2:0:2 5:1:2 6:1:2 15:1:2"
WO_MO,15,30,"15:0:2 15:1:2",15,0,2,8,15,1,2,2,4,"2:2:2 6:1:2 8:0:1 12:1:2"
WO_MO,15,30,"15:0:2 15:1:2",15,0,2,8,15,1,2,5,4,"5:2:2 6:1:2 8:0:1 9:1:2"
WO_MO,15,30,"15:0:2 15:1:2",15,0,2,8,15,1,2,8,4,"6:1:2 6:1:2 8:0:1 8:2:2"
WO_MO,15,30,"15:0:2 15:1:2",15,0,2,9,5,1,2,2,4,"2:1:2 2:2:2 9:0:1 15:1:2"
WO_MO,15,30,"15:0:2 15:1:2",15,0,2,9,9,0,2,2,4,"2:0:2 5:1:2 6:1:2 15:1:2"
WO_MO,15,30,"15:0:2 15:1:2",15,0,2,9,15,1,2,2,4,"2:2:2 5:1:2 9:0:1 12:1:2"
WO_MO,15,30,"15:0:2 15:1:2",15,0,2,9,15,1,2,5,4,"5:1:2 5:2:2 9:0:1 9:1:2"
WO_MO,15,30,"15:0:2 15:1:2",15,0,2,9,15,1,2,6,4,"5:1:2 6:2:2 8:1:2 9:0:1"
WO_MO,15,30,"15:0:2 15:1:2",15,0,2,9,15,1,2,9,4,"5:1:2 5:1:2 9:0:1 9:2:2"
WO_MO,15,30,"15:0:2 15:1:2",15,0,2,9,15,1,2,12,4,"2:1:2 5:1:2 9:0:1 12:2:2"
WO_MO,15,30,"15:0:2 15:1:2",15,0,2,10,10,0,2,2,4,"2:0:2 4:1:2 7:1:2 15:1:2"
WO_MO,15,30,"15:0:2 15:1:2",15,0,2,10,15,1,2,2,4,"2:2:2 4:1:2 10:0:1 12:1:2"
WO_MO,15,30,"15:0:2 15:1:2",15,0,2,10,15,1,2,7,4,"4:1:2 7:1:2 7:2:2 10:0:1"
WO_MO,15,30,"15:0:2 15:1:2",15,0,2,10,15,1,2,10,4,"4:1:2 4:1:2 10:0:1 10:2:2"
WO_MO,15,30,"15:0:2 15:1:2",15,0,2,11,11,0,2,2,4,"2:0:2 3:1:2 8:1:2 15:1:2"
WO_MO,15,30,"15:0:2 15:1:2",15,0,2,11,15,1,2,2,4,"2:2:2 3:1:2 11:0:1 12:1:2"
WO_MO,15,30,"15:0:2 15:1:2",15,0,2,11,15,1,2,5,4,"3:1:2 5:2:2 9:1:2 11:0:1"
WO_MO,15,30,"15:0:2 15:1:2",15,0,2,11,15,1,2,8,4,"3:1:2 6:1:2 8:2:2 11:0:1"
WO_MO,15,30,"15:0:2 15:1:2",15,0,2,11,15,1,2,11,4,"3:1:2 3:1:2 11:0:1 11:2:2"
WO_MO,15,30,"15:0:2 15:1:2",15,0,2,12,12,0,2,2,4,"2:0:2 2:1:2 9:1:2 15:1:2"
WO_MO,15,30,"15:0:2 15:1:2",15,0,2,12,15,1,2,2,4,"2:1:2 2:2:2 12:0:1 12:1:2"
WO_MO,15,30,"15:0:2 15:1:2",15,0,2,12,15,1,2,5,4,"2:1:2 5:2:2 9:1:2 12:0:1"
WO_MO,15,30,"15:0:2 15:1:2",15,0,2,12,15,1,2,9,4,"2:1:2 5:1:2 9:2:2 12:0:1"
WO_MO,15,30,"15:0:2 15:1:2",15,0,2,12,15,1,2,12,4,"2:1:2 2:1:2 12:0:1 12:2:2"
WO_MO,15,30,"15:0:2 15:1:2",15,0,2,13,13,0,2,2,4,"1:1:2 2:0:2 10:1:2 15:1:2"
WO_MO,15,30,"15:0:2 15:1:2",15,0,2,13,15,1,2,2,4,"1:1:2 2:2:2 12:1:2 13:0:1"
WO_MO,15,30,"15:0:2 15:1:2",15,0,2,13,15,1,2,10,4,"1:1:2 4:1:2 10:2:2 13:0:1"
WO_MO,15,30,"15:0:2 15:1:2",15,0,2,13,15,1,2,13,4,"1:1:2 1:1:2 13:0:1 13:2:2"
WO_MO,15,30,"15:0:2 15:1:2",15,1,2,0,14,1,2,2,3,"2:2:2 11:1:2 15:0:2"
WO_MO,15,30,"15:0:2 15:1:2",15,1,2,0,14,1,2,3,3,"3:2:2 10:1:2 15:0:2"
WO_MO,15,30,"15:0:2 15:1:2",15,1,2,0,14,1,2,4,3,"4:2:2 9:1:2 15:0:2"
WO_MO,15,30,"15:0:2 15:1:2",15,1,2,0,14,1,2,5,3,"5:2:2 8:1:2 15:0:2"
WO_MO,15,30,"15:0:2 15:1:2",15,1,2,0,14,1,2,6,3,"6:2:2 7:1:2 15:0:2"
WO_MO,15,30,"15:0:2 15:1:2",15,1,2,0,14,1,2,7,3,"6:1:2 7:2:2 15:0:2"
WO_MO,15,30,"15:0:2 15:1:2",15,1,2,0,14,1,2,8,3,"5:1:2 8:2:2 15:0:2"
WO_MO,15,30,"15:0:2 15:1:2",15,1,2,0,14,1,2,9,3,"4:1:2 9:2:2 15:0:2"
WO_MO,15,30,"15:0:2 15:1:2",15,1,2,0,14,1,2,10,3,"3:1:2 10:2:2 15:0:2"
WO_MO,15,30,"15:0:2 15:1:2",15,1,2,0,14,1,2,11,3,"2:1:2 11:2:2 15:0:2"
WO_MO,15,30,"15:0:2 15:1:2",15,1,2,0,14,1,2,12,3,"1:1:2 12:2:2 15:0:2"
WO_MO,15,30,"15:0:2 15:1:2",15,1,2,0,15,0,1,1,3,"1:0:2 13:2:2 14:1:2"
WO_MO,15,30,"15:0:2 15:1:2",15,1,2,0,15,0,1,2,3,"2:0:2 12:2:2 14:1:2"
WO_MO,15,30,"15:0:2 15:1:2",15,1,2,0,15,0,1,3,3,"3:0:2 11:2:2 14:1:2"
WO_MO,15,30,"15:0:2 15:1:2",15,1,2,0,15,0,1,4,3,"4:0:2 10:2:2 14:1:2"
WO_MO,15,30,"15:0:2 15:1:2",15,1,2,0,15,0,1,5,3,"5:0:2 9:2:2 14:1:2"
WO_MO,15,30,"15:0:2 15:1:2",15,1,2,0,15,0,1,6,3,"6:0:2 8:2:2 14:1:2"
WO_MO,15,30,"15:0:2 15:1:2",15,1,2,0,15,0,1,7,3,"7:0:2 7:2:2 14:1:2"
WO_MO,15,30,"15:0:2 15:1:2",15,1,2,0,15,0,1,8,3,"6:2:2 8:0:2 14:1:2"
WO_MO,15,30,"15:0:2 15:1:2",15,1,2,0,15,0,1,9,3,"5:2:2 9:0:2 14:1:2"
WO_MO,15,30,"15:0:2 15:1:2",15,1,2,0,15,0,1,10,3,"4:2:2 10:0:2 14:1:2"
WO_MO,15,30,"15:0:2 15:1:2",15,1,2,0,15,0,1,11,3,"3:2:2 11:0:2 14:1:2"
WO_MO,15,30,"15:0:2 15:1:2",15,1,2,0,15,0,1,12,3,"2:2:2 12:0:2 14:1:2"
WO_MO,15,30,"15:0:2 15:1:2",15,1,2,0,15,0,1,13,3,"1:2:2 13:0:2 14:1:2"
WO_MO,15,30,"15:0:2 15:1:2",15,1,2,0,15,0,1,14,2,"14:0:2 14:1:2"
WO_MO,15,30,"15:0:2 15:1:2",15,1,2,1,13,1,2,2,4,"1:1:1 2:2:2 10:1:2 15:0:2"
WO_MO,15,30,"15:0:2 15:1:2",15,1,2,1,13,1,2,4,4,"1:1:1 4:2:2 8:1:2 15:0:2"
WO_MO,15,30,"15:0:2 15:1:2",15,1,2,1,13,1,2,5,4,"1:1:1 5:2:2 7:1:2 15:0:2"
WO_MO,15,30,"15:0:2 15:1:2",15,1,2,1,13,1,2,7,4,"1:1:1 5:1:2 7:2:2 15:0:2"
WO_MO,15,30,"15:0:2 15:1:2",15,1,2,1,13,1,2,8,4,"1:1:1 4:1:2 8:2:2 15:0:2"
WO_MO,15,30,"15:0:2 15:1:2",15,1,2,1,13,1,2,10,4,"1:1:1 2:1:2 10:2:2 15:0:2"
WO_MO,15,30,"15:0:2 15:1:2",15,1,2,1,13,1,2,11,4,"1:1:1 1:1:2 11:2:2 15:0:2"
WO_MO,15,30,"15:0:2 15:1:2",15,1,2,1,15,0,1,1,4,"1:0:2 1:1:1 13:1:2 13:2:2"
WO_MO,15,30,"15:0:2 15:1:2",15,1,2,1,15,0,1,2,4,"1:1:1 2:0:2 12:2:2 13:1:2"
WO_MO,15,30,"15:0:2 15:1:2",15,1,2,1,15,0,1,3,4,"1:1:1 3:0:2 11:2:2 13:1:2"
WO_MO,15,30,"15:0:2 15:1:2",15,1,2,1,15,0,1,4,4,"1:1:1 4:0:2 10:2:2 13:1:2"
WO_MO,15,30,"15:0:2 15:1:2",15,1,2,1,15,0,1,5,4,"1:1:1 5:0:2 9:2:2 13:1:2"
WO_MO,15,30,"15:0:2 15:1:2",15,1,2,1,15,0,1,6,4,"1:1:1 6:0:2 8:2:2 13:1:2"
WO_MO,15,30,"15:0:2 15:1:2",15,1,2,1,15,0,1,7,4,"1:1:1 7:0:2 7:2:2 13:1:2"
WO_MO,15,30,"15:0:2 15:1:2",15,1,2,1,15,0,1,8,4,"1:1:1 6:2:2 8:0:2 13:1:2"
WO_MO,15,30,"15:0:2 15:1:2",15,1,2,1,15,0,1,9,4,"1:1:1 5:2:2 9:0:2 13:1:2"
WO_MO,15,30,"15:0:2 15:1:2",15,1,2,1,15,0,1,10,4,"1:1:1 4:2:2 10:0:2 13:1:2"
WO_MO,15,30,"15:0:2 15:1:2",15,1,2,1,15,0,1,12,4,"1:1:1 2:2:2 12:0:2 13:1:2"
WO_MO,15,30,"15:0:2 15:1:2",15,1,2,1,15,0,1,13,4,"1:1:1 1:2:2 13:0:2 13:1:2"
WO_MO,15,30,"15:0:2 15:1:2",15,1,2,2,12,1,2,2,4,"2:1:1 2:2:2 9:1:2 15:0:2"
WO_MO,15,30,"15:0:2 15:1:2",15,1,2,2,15,0,1,2,4,"2:0:2 2:1:1 12:1:2 12:2:2"
WO_MO,15,30,"15:0:2 15:1:2",15,1,2,2,15,0,1,12,4,"2:1:1 2:2:2 12:0:2 12:1:2"
WO_MO,15,30,"15:0:2 15:1:2",15,1,2,3,11,1,2,2,4,"2:2:2 3:1:1 8:1:2 15:0:2"
WO_MO,15,30,"15:0:2 15:1:2",15,1,2,3,11,1,2,5,4,"3:1:1 5:1:2 5:2:2 15:0:2"
WO_MO,15,30,"15:0:2 15:1:2",15,1,2,3,11,1,2,7,4,"3:1:1 3:1:2 7:2:2 15:0:2"
WO_MO,15,30,"15:0:2 15:1:2",15,1,2,3,11,1,2,8,4,"2:1:2 3:1:1 8:2:2 15:0:2"
WO_MO,15,30,"15:0:2 15:1:2",15,1,2,3,15,0,1,1,4,"1:0:2 3:1:1 11:1:2 13:2:2"
WO_MO,15,30,"15:0:2 15:1:2",15,1,2,3,15,0,1,2,4,"2:0:2 3:1:1 11:1:2 12:2:2"
WO_MO,15,30,"15:0:2 15:1:2",15,1,2,3,15,0,1,3,4,"3:0:2 3:1:1 11:1:2 11:2:2"
WO_MO,15,30,"15:0:2 15:1:2",15,1,2,3,15,0,1,4,4,"3:1:1 4:0:2 10:2:2 11:1:2"
WO_MO,15,30,"15:0:2 15:1:2",15,1,2,3,15,0,1,5,4,"3:1:1 5:0:2 9:2:2 11:1:2"
WO_MO,15,30,"15:0:2 15:1:2",15,1,2,3,15,0,1,6,4,"3:1:1 6:0:2 8:2:2 11:1:2"
WO_MO,15,30,"15:0:2 15:1:2",15,1,2,3,15,0,1,7,4,"3:1:1 7:0:2 7:2:2 11:1:2"
WO_MO,15,30,"15:0:2 15:1:2",15,1,2,3,15,0,1,8,4,"3:1:1 6:2:2 8:0:2 11:1:2"
WO_MO,15,30,"15:0:2 15:1:2",15,1,2,3,15,0,1,9,4,"3:1:1 5:2:2 9:0:2 11:1:2"
WO_MO,15,30,"15:0:2 15:1:2",15,1,2,3,15,0,1,10,4,"3:1:1 4:2:2 10:0:2 11:1:2"
WO_MO,15,30,"15:0:2 15:1:2",15,1,2,3,15,0,1,11,4,"3:1:1 3:2:2 11:0:2 11:1:2"
WO_MO,15,30,"15:0:2 15:1:2",15,1,2,3,15,0,1,12,4,"2:2:2 3:1:1 11:1:2 12:0:2"
WO_MO,15,30,"15:0:2 15:1:2",15,1,2,4,10,1,2,2,4,"2:2:2 4:1:1 7:1:2 15:0:2"
WO_MO,15,30,"15:0:2 15:1:2",15,1,2,4,10,1,2,5,4,"4:1:1 4:1:2 5:2:2 15:0:2"
WO_MO,15,30,"15:0:2 15:1:2",15,1,2,4,15,0,1,2,4,"2:0:2 4:1:1 10:1:2 12:2:2"
WO_MO,15,30,"15:0:2 15:1:2",15,1,2,4,15,0,1,5,4,"4:1:1 5:0:2 9:2:2 10:1:2"
WO_MO,15,30,"15:0:2 15:1:2",15,1,2,4,15,0,1,9,4,"4:1:1 5:2:2 9:0:2 10:1:2"
WO_MO,15,30,"15:0:2 15:1:2",15,1,2,4,15,0,1,10,4,"4:1:1 4:2:2 10:0:2 10:1:2"
WO_MO,15,30,"15:0:2 15:1:2",15,1,2,4,15,0,1,12,4,"2:2:2 4:1:1 10:1:2 12:0:2"
WO_MO,15,30,"15:0:2 15:1:2",15,1,2,5,5,2,2,2,4,"2:1:2 2:1:2 9:1:2 15:0:2"
WO_MO,15,30,"15:0:2 15:1:2",15,1,2,5,9,1,2,2,4,"2:2:2 5:1:1 6:1:2 15:0:2"
WO_MO,15,30,"15:0:2 15:1:2",15,1,2,5,15,0,1,2,4,"2:0:2 5:1:1 9:1:2 12:2:2"
WO_MO,15,30,"15:0:2 15:1:2",15,1,2,5,15,0,1,9,4,"5:1:1 5:2:2 9:0:2 9:1:2"
WO_MO,15,30,"15:0:2 15:1:2",15,1,2,5,15,0,1,12,4,"2:2:2 5:1:1 9:1:2 12:0:2"
WO_MO,15,30,"15:0:2 15:1:2",15,1,2,6,8,1,2,2,4,"2:2:2 5:1:2 6:1:1 15:0:2"
WO_MO,15,30,"15:0:2 15:1:2",15,1,2,6,8,1,2,5,4,"2:1:2 5:2:2 6:1:1 15:0:2"
WO_MO,15,30,"15:0:2 15:1:2",15,1,2,6,15,0,1,2,4,"2:0:2 6:1:1 8:1:2 12:2:2"
WO_MO,15,30,"15:0:2 15:1:2",15,1,2,6,15,0,1,5,4,"5:0:2 6:1:1 8:1:2 9:2:2"
WO_MO,15,30,"15:0:2 15:1:2",15,1,2,6,15,0,1,8,4,"6:1:1 6:2:2 8:0:2 8:1:2"
WO_MO,15,30,"15:0:2 15:1:2",15,1,2,6,15,0,1,9,4,"5:2:2 6:1:1 8:1:2 9:0:2"
WO_MO,15,30,"15:0:2 15:1:2",15,1,2,6,15,0,1,12,4,"2:2:2 6:1:1 8:1:2 12:0:2"
WO_MO,15,30,"15:0:2 15:1:2",15,1,2,7,7,1,2,2,4,"2:2:2 4:1:2 7:1:1 15:0:2"
WO_MO,15,30,"15:0:2 15:1:2",15,1,2,7,15,0,1,2,4,"2:0:2 7:1:1 7:1:2 12:2:2"
WO_MO,15,30,"15:0:2 15:1:2",15,1,2,7,15,0,1,7,4,"7:0:2 7:1:1 7:1:2 7:2:2"
WO_MO,15,30,"15:0:2 15:1:2",15,1,2,8,6,1,2,2,4,"2:2:2 3:1:2 8:1:1 15:0:2"
WO_MO,15,30,"15:0:2 15:1:2",15,1,2,8,15,0,1,2,4,"2:0:2 6:1:2 8:1:1 12:2:2"
WO_MO,15,30,"15:0:2 15:1:2",15,1,2,8,15,0,1,6,4,"6:0:2 6:1:2 8:1:1 8:2:2"
WO_MO,15,30,"15:0:2 15:1:2",15,1,2,8,15,0,1,9,4,"5:2:2 6:1:2 8:1:1 9:0:2"
WO_MO,15,30,"15:0:2 15:1:2",15,1,2,8,15,0,1,12,4,"2:2:2 6:1:2 8:1:1 12:0:2"
WO_MO,15,30,"15:0:2 15:1:2",15,1,2,9,5,1,2,2,4,"2:1:2 2:2:2 9:1:1 15:0:2"
WO_MO,15,30,"15:0:2 15:1:2",15,1,2,9,15,0,1,2,4,"2:0:2 5:1:2 9:1:1 12:2:2"
WO_MO,15,30,"15:0:2 15:1:2",15,1,2,9,15,0,1,5,4,"5:0:2 5:1:2 9:1:1 9:2:2"
WO_MO,15,30,"15:0:2 15:1:2",15,1,2,9,15,0,1,12,4,"2:2:2 5:1:2 9:1:1 12:0:2"
WO_MO,15,30,"15:0:2 15:1:2",15,1,2,10,4,1,2,2,4,"1:1:2 2:2:2 10:1:1 15:0:2"
WO_MO,15,30,"15:0:2 15:1:2",15,1,2,10,15,0,1,2,4,"2:0:2 4:1:2 10:1:1 12:2:2"
WO_MO,15,30,"15:0:2 15:1:2",15,1,2,10,15,0,1,4,4,"4:0:2 4:1:2 10:1:1 10:2:2"
WO_MO,15,30,"15:0:2 15:1:2",15,1,2,11,15,0,1,2,4,"2:0:2 3:1:2 11:1:1 12:2:2"
WO_MO,15,30,"15:0:2 15:1:2",15,1,2,11,15,0,1,3,4,"3:0:2 3:1:2 11:1:1 11:2:2"
WO_MO,15,30,"15:0:2 15:1:2",15,1,2,11,15,0,1,6,4,"3:1:2 6:0:2 8:2:2 11:1:1"
WO_MO,15,30,"15:0:2 15:1:2",15,1,2,11,15,0,1,9,4,"3:1:2 5:2:2 9:0:2 11:1:1"
WO_MO,15,30,"15:0:2 15:1:2",15,1,2,11,15,0,1,12,4,"2:2:2 3:1:2 11:1:1 12:0:2"
WO_MO,15,30,"15:0:2 15:1:2",15,1,2,12,12,2,2,2,4,"2:1:2 2:1:2 9:1:2 15:0:2"
WO_MO,15,30,"15:0:2 15:1:2",15,1,2,12,15,0,1,2,4,"2:0:2 2:1:2 12:1:1 12:2:2"
WO_MO,15,30,"15:0:2 15:1:2",15,1,2,12,15,0,1,12,4,"2:1:2 2:2:2 12:0:2 12:1:1"
WO_MO,15,30,"15:0:2 15:1:2",15,1,2,13,15,0,1,1,4,"1:0:2 1:1:2 13:1:1 13:2:2"
WO_MO,15,30,"15:0:2 15:1:2",15,1,2,13,15,0,1,2,4,"1:1:2 2:0:2 12:2:2 13:1:1"
WO_PLUS_MO,15,31,"15:1:2 16:0:2",15,1,2,0,14,1,2,1,3,"1:2:2 12:1:2 16:0:2"
WO_PLUS_MO,15,31,"15:1:2 16:0:2",15,1,2,0,14,1,2,2,3,"2:2:2 11:1:2 16:0:2"
WO_PLUS_MO,15,31,"15:1:2 16:0:2",15,1,2,0,14,1,2,3,3,"3:2:2 10:1:2 16:0:2"
WO_PLUS_MO,15,31,"15:1:2 16:0:2",15,1,2,0,14,1,2,4,3,"4:2:2 9:1:2 16:0:2"
WO_PLUS_MO,15,31,"15:1:2 16:0:2",15,1,2,0,14,1,2,5,3,"5:2:2 8:1:2 16:0:2"
WO_PLUS_MO,15,31,"15:1:2 16:0:2",15,1,2,0,14,1,2,6,3,"6:2:2 7:1:2 16:0:2"
WO_PLUS_MO,15,31,"15:1:2 16:0:2",15,1,2,0,14,1,2,7,3,"6:1:2 7:2:2 16:0:2"
WO_PLUS_MO,15,31,"15:1:2 16:0:2",15,1,2,0,14,1,2,8,3,"5:1:2 8:2:2 16:0:2"
WO_PLUS_MO,15,31,"15:1:2 16:0:2",15,1,2,0,14,1,2,9,3,"4:1:2 9:2:2 16:0:2"
WO_PLUS_MO,15,31,"15:1:2 16:0:2",15,1,2,0,14,1,2,10,3,"3:1:2 10:2:2 16:0:2"
WO_PLUS_MO,15,31,"15:1:2 16:0:2",15,1,2,0,14,1,2,11,3,"2:1:2 11:2:2 16:0:2"
WO_PLUS_MO,15,31,"15:1:2 16:0:2",15,1,2,0,14,1,2,12,3,"1:1:2 12:2:2 16:0:2"
WO_PLUS_MO,15,31,"15:1:2 16:0:2",15,1,2,0,16,0,1,1,3,"1:0:2 14:1:2 14:2:2"
WO_PLUS_MO,15,31,"15:1:2 16:0:2",15,1,2,0,16,0,1,2,3,"2:0:2 13:2:2 14:1:2"
WO_PLUS_MO,15,31,"15:1:2 16:0:2",15,1,2,0,16,0,1,3,3,"3:0:2 12:2:2 14:1:2"
WO_PLUS_MO,15,31,"15:1:2 16:0:2",15,1,2,0,16,0,1,4,3,"4:0:2 11:2:2 14:1:2"
WO_PLUS_MO,15,31,"15:1:2 16:0:2",15,1,2,0,16,0,1,5,3,"5:0:2 10:2:2 14:1:2"
WO_PLUS_MO,15,31,"15:1:2 16:0:2",15,1,2,0,16,0,1,6,3,"6:0:2 9:2:2 14:1:2"
WO_PLUS_MO,15,31,"15:1:2 16:0:2",15,1,2,0,16,0,1,7,3,"7:0:2 8:2:2 14:1:2"
WO_PLUS_MO,15,31,"15:1:2 16:0:2",15,1,2,0,16,0,1,8,3,"7:2:2 8:0:2 14:1:2"
WO_PLUS_MO,15,31,"15:1:2 16:0:2",15,1,2,0,16,0,1,9,3,"6:2:2 9:0:2 14:1:2"
WO_PLUS_MO,15,31,"15:1:2 16:0:2",15,1,2,0,16,0,1,10,3,"5:2:2 10:0:2 14:1:2"
WO_PLUS_MO,15,31,"15:1:2 16:0:2",15,1,2,0,16,0,1,11,3,"4:2:2 11:0:2 14:1:2"
WO_PLUS_MO,15,31,"15:1:2 16:0:2",15,1,2,0,16,0,1,12,3,"3:2:2 12:0:2 14:1:2"
WO_PLUS_MO,15,31,"15:1:2 16:0:2",15,1,2,0,16,0,1,13,3,"2:2:2 13:0:2 14:1:2"
WO_PLUS_MO,15,31,"15:1:2 16:0:2",15,1,2,0,16,0,1,14,3,"1:2:2 14:0:2 14:1:2"
WO_PLUS_MO,15,31,"15:1:2 16:0:2",15,1,2,0,16,0,1,15,2,"14:1:2 15:0:2"
WO_PLUS_MO,15,31,"15:1:2 16:0:2",15,1,2,1,13,1,2,2,4,"1:1:1 2:2:2 10:1:2 16:0:2"
WO_PLUS_MO,15,31,"15:1:2 16:0:2",15,1,2,1,13,1,2,4,4,"1:1:1 4:2:2 8:1:2 16:0:2"
WO_PLUS_MO,15,31,"15:1:2 16:0:2",15,1,2,1,13,1,2,5,4,"1:1:1 5:2:2 7:1:2 16:0:2"
WO_PLUS_MO,15,31,"15:1:2 16:0:2",15,1,2,1,13,1,2,6,4,"1:1:1 6:1:2 6:2:2 16:0:2"
WO_PLUS_MO,15,31,"15:1:2 16:0:2",15,1,2,1,13,1,2,7,4,"1:1:1 5:1:2 7:2:2 16:0:2"
WO_PLUS_MO,15,31,"15:1:2 16:0:2",15,1,2,1,13,1,2,8,4,"1:1:1 4:1:2 8:2:2 16:0:2"
WO_PLUS_MO,15,31,"15:1:2 16:0:2",15,1,2,1,13,1,2,9,4,"1:1:1 3:1:2 9:2:2 16:0:2"
WO_PLUS_MO,15,31,"15:1:2 16:0:2",15,1,2,1,13,1,2,10,4,"1:1:1 2:1:2 10:2:2 16:0:2"
WO_PLUS_MO,15,31,"15:1:2 16:0:2",15,1,2,1,13,1,2,11,4,"1:1:1 1:1:2 11:2:2 16:0:2"
WO_PLUS_MO,15,31,"15:1:2 16:0:2",15,1,2,1,16,0,1,2,4,"1:1:1 2:0:2 13:1:2 13:2:2"
WO_PLUS_MO,15,31,"15:1:2 16:0:2",15,1,2,1,16,0,1,3,4,"1:1:1 3:0:2 12:2:2 13:1:2"
WO_PLUS_MO,15,31,"15:1:2 16:0:2",15,1,2,1,16,0,1,4,4,"1:1:1 4:0:2 11:2:2 13:1:2"
WO_PLUS_MO,15,31,"15:1:2 16:0:2",15,1,2,1,16,0,1,5,4,"1:1:1 5:0:2 10:2:2 13:1:2"
WO_PLUS_MO,15,31,"15:1:2 16:0:2",15,1,2,1,16,0,1,6,4,"1:1:1 6:0:2 9:2:2 13:1:2"
WO_PLUS_MO,15,31,"15:1:2 16:0:2",15,1,2,1,16,0,1,7,4,"1:1:1 7:0:2 8:2:2 13:1:2"
WO_PLUS_MO,15,31,"15:1:2 16:0:2",15,1,2,1,16,0,1,8,4,"1:1:1 7:2:2 8:0:2 13:1:2"
WO_PLUS_MO,15,31,"15:1:2 16:0:2",15,1,2,1,16,0,1,9,4,"1:1:1 6:2:2 9:0:2 13:1:2"
WO_PLUS_MO,15,31,"15:1:2 16:0:2",15,1,2,1,16,0,1,10,4,"1:1:1 5:2:2 10:0:2 13:1:2"
WO_PLUS_MO,15,31,"15:1:2 16:0:2",15,1,2,1,16,0,1,11,4,"1:1:1 4:2:2 11:0:2 13:1:2"
WO_PLUS_MO,15,31,"15:1:2 16:0:2",15,1,2,1,16,0,1,13,4,"1:1:1 2:2:2 13:0:2 13:1:2"
WO_PLUS_MO,15,31,"15:1:2 16:0:2",15,1,2,1,16,0,1,14,4,"1:1:1 1:2:2 13:1:2 14:0:2"
WO_PLUS_MO,15,31,"15:1:2 16:0:2",15,1,2,2,12,1,2,2,4,"2:1:1 2:2:2 9:1:2 16:0:2"
WO_PLUS_MO,15,31,"15:1:2 16:0:2",15,1,2,2,16,0,1,13,4,"2:1:1 2:2:2 12:1:2 13:0:2"
WO_PLUS_MO,15,31,"15:1:2 16:0:2",15,1,2,3,11,1,2,2,4,"2:2:2 3:1:1 8:1:2 16:0:2"
WO_PLUS_MO,15,31,"15:1:2 16:0:2",15,1,2,3,11,1,2,4,4,"3:1:1 4:2:2 6:1:2 16:0:2"
WO_PLUS_MO,15,31,"15:1:2 16:0:2",15,1,2,3,11,1,2,5,4,"3:1:1 5:1:2 5:2:2 16:0:2"
WO_PLUS_MO,15,31,"15:1:2 16:0:2",15,1,2,3,11,1,2,6,4,"3:1:1 4:1:2 6:2:2 16:0:2"
WO_PLUS_MO,15,31,"15:1:2 16:0:2",15,1,2,3,11,1,2,7,4,"3:1:1 3:1:2 7:2:2 16:0:2"
WO_PLUS_MO,15,31,"15:1:2 16:0:2",15,1,2,3,11,1,2,8,4,"2:1:2 3:1:1 8:2:2 16:0:2"
WO_PLUS_MO,15,31,"15:1:2 16:0:2",15,1,2,3,11,1,2,9,4,"1:1:2 3:1:1 9:2:2 16:0:2"
WO_PLUS_MO,15,31,"15:1:2 16:0:2",15,1,2,3,16,0,1,2,4,"2:0:2 3:1:1 11:1:2 13:2:2"
WO_PLUS_MO,15,31,"15:1:2 16:0:2",15,1,2,3,16,0,1,3,4,"3:0:2 3:1:1 11:1:2 12:2:2"
WO_PLUS_MO,15,31,"15:1:2 16:0:2",15,1,2,3,16,0,1,4,4,"3:1:1 4:0:2 11:1:2 11:2:2"
WO_PLUS_MO,15,31,"15:1:2 16:0:2",15,1,2,3,16,0,1,5,4,"3:1:1 5:0:2 10:2:2 11:1:2"
WO_PLUS_MO,15,31,"15:1:2 16:0:2",15,1,2,3,16,0,1,6,4,"3:1:1 6:0:2 9:2:2 11:1:2"
WO_PLUS_MO,15,31,"15:1:2 16:0:2",15,1,2,3,16,0,1,7,4,"3:1:1 7:0:2 8:2:2 11:1:2"
WO_PLUS_MO,15,31,"15:1:2 16:0:2",15,1,2,3,16,0,1,8,4,"3:1:1 7:2:2 8:0:2 11:1:2"
WO_PLUS_MO,15,31,"15:1:2 16:0:2",15,1,2,3,16,0,1,9,4,"3:1:1 6:2:2 9:0:2 11:1:2"
WO_PLUS_MO,15,31,"15:1:2 16:0:2",15,1,2,3,16,0,1,10,4,"3:1:1 5:2:2 10:0:2 11:1:2"
WO_PLUS_MO,15,31,"15:1:2 16:0:2",15,1,2,3,16,0,1,11,4,"3:1:1 4:2:2 11:0:2 11:1:2"
WO_PLUS_MO,15,31,"15:1:2 16:0:2",15,1,2,3,16,0,1,12,4,"3:1:1 3:2:2 11:1:2 12:0:2"
WO_PLUS_MO,15,31,"15:1:2 16:0:2",15,1,2,3,16,0,1,13,4,"2:2:2 3:1:1 11:1:2 13:0:2"
WO_PLUS_MO,15,31,"15:1:2 16:0:2",15,1,2,4,10,1,2,2,4,"2:2:2 4:1:1 7:1:2 16:0:2"
WO_PLUS_MO,15,31,"15:1:2 16:0:2",15,1,2,4,10,1,2,5,4,"4:1:1 4:1:2 5:2:2 16:0:2"
WO_PLUS_MO,15,31,"15:1:2 16:0:2",15,1,2,4,10,1,2,8,4,"1:1:2 4:1:1 8:2:2 16:0:2"
WO_PLUS_MO,15,31,"15:1:2 16:0:2",15,1,2,4,16,0,1,5,4,"4:1:1 5:0:2 10:1:2 10:2:2"
WO_PLUS_MO,15,31,"15:1:2 16:0:2",15,1,2,4,16,0,1,6,4,"4:1:1 6:0:2 9:2:2 10:1:2"
WO_PLUS_MO,15,31,"15:1:2 16:0:2",15,1,2,4,16,0,1,8,4,"4:1:1 7:2:2 8:0:2 10:1:2"
WO_PLUS_MO,15,31,"15:1:2 16:0:2",15,1,2,4,16,0,1,10,4,"4:1:1 5:2:2 10:0:2 10:1:2"
WO_PLUS_MO,15,31,"15:1:2 16:0:2",15,1,2,4,16,0,1,11,4,"4:1:1 4:2:2 10:1:2 11:0:2"
WO_PLUS_MO,15,31,"15:1:2 16:0:2",15,1,2,4,16,0,1,13,4,"2:2:2 4:1:1 10:1:2 13:0:2"
WO_PLUS_MO,15,31,"15:1:2 16:0:2",15,1,2,5,5,2,2,2,4,"2:1:2 2:1:2 9:1:2 16:0:2"
WO_PLUS_MO,15,31,"15:1:2 16:0:2",15,1,2,5,9,1,2,2,4,"2:2:2 5:1:1 6:1:2 16:0:2"
WO_PLUS_MO,15,31,"15:1:2 16:0:2",15,1,2,5,9,1,2,5,4,"3:1:2 5:1:1 5:2:2 16:0:2"
WO_PLUS_MO,15,31,"15:1:2 16:0:2",15,1,2,5,16,0,1,10,4,"5:1:1 5:2:2 9:1:2 10:0:2"
WO_PLUS_MO,15,31,"15:1:2 16:0:2",15,1,2,5,16,0,1,13,4,"2:2:2 5:1:1 9:1:2 13:0:2"
WO_PLUS_MO,15,31,"15:1:2 16:0:2",15,1,2,6,6,2,2,2,4,"2:1:2 3:1:2 8:1:2 16:0:2"
WO_PLUS_MO,15,31,"15:1:2 16:0:2",15,1,2,6,8,1,2,2,4,"2:2:2 5:1:2 6:1:1 16:0:2"
WO_PLUS_MO,15,31,"15:1:2 16:0:2",15,1,2,6,8,1,2,5,4,"2:1:2 5:2:2 6:1:1 16:0:2"
WO_PLUS_MO,15,31,"15:1:2 16:0:2",15,1,2,6,16,0,1,5,4,"5:0:2 6:1:1 8:1:2 10:2:2"
WO_PLUS_MO,15,31,"15:1:2 16:0:2",15,1,2,6,16,0,1,6,4,"6:0:2 6:1:1 8:1:2 9:2:2"
WO_PLUS_MO,15,31,"15:1:2 16:0:2",15,1,2,6,16,0,1,8,4,"6:1:1 7:2:2 8:0:2 8:1:2"
WO_PLUS_MO,15,31,"15:1:2 16:0:2",15,1,2,6,16,0,1,9,4,"6:1:1 6:2:2 8:1:2 9:0:2"
WO_PLUS_MO,15,31,"15:1:2 16:0:2",15,1,2,6,16,0,1,10,4,"5:2:2 6:1:1 8:1:2 10:0:2"
WO_PLUS_MO,15,31,"15:1:2 16:0:2",15,1,2,6,16,0,1,13,4,"2:2:2 6:1:1 8:1:2 13:0:2"
WO_PLUS_MO,15,31,"15:1:2 16:0:2",15,1,2,7,7,1,2,2,4,"2:2:2 4:1:2 7:1:1 16:0:2"
WO_PLUS_MO,15,31,"15:1:2 16:0:2",15,1,2,7,7,1,2,5,4,"1:1:2 5:2:2 7:1:1 16:0:2"
WO_PLUS_MO,15,31,"15:1:2 16:0:2",15,1,2,7,16,0,1,5,4,"5:0:2 7:1:1 7:1:2 10:2:2"
WO_PLUS_MO,15,31,"15:1:2 16:0:2",15,1,2,7,16,0,1,6,4,"6:0:2 7:1:1 7:1:2 9:2:2"
WO_PLUS_MO,15,31,"15:1:2 16:0:2",15,1,2,7,16,0,1,8,4,"7:1:1 7:1:2 7:2:2 8:0:2"
WO_PLUS_MO,15,31,"15:1:2 16:0:2",15,1,2,7,16,0,1,10,4,"5:2:2 7:1:1 7:1:2 10:0:2"
WO_PLUS_MO,15,31,"15:1:2 16:0:2",15,1,2,7,16,0,1,11,4,"4:2:2 7:1:1 7:1:2 11:0:2"
WO_PLUS_MO,15,31,"15:1:2 16:0:2",15,1,2,7,16,0,1,13,4,"2:2:2 7:1:1 7:1:2 13:0:2"
WO_PLUS_MO,15,31,"15:1:2 16:0:2",15,1,2,8,6,1,2,2,4,"2:2:2 3:1:2 8:1:1 16:0:2"
WO_PLUS_MO,15,31,"15:1:2 16:0:2",15,1,2,8,8,2,2,2,4,"2:1:2 5:1:2 6:1:2 16:0:2"
WO_PLUS_MO,15,31,"15:1:2 16:0:2",15,1,2,8,16,0,1,7,4,"6:1:2 7:0:2 8:1:1 8:2:2"
WO_PLUS_MO,15,31,"15:1:2 16:0:2",15,1,2,8,16,0,1,10,4,"5:2:2 6:1:2 8:1:1 10:0:2"
WO_PLUS_MO,15,31,"15:1:2 16:0:2",15,1,2,8,16,0,1,13,4,"2:2:2 6:1:2 8:1:1 13:0:2"
WO_PLUS_MO,15,31,"15:1:2 16:0:2",15,1,2,9,5,1,2,2,4,"2:1:2 2:2:2 9:1:1 16:0:2"
WO_PLUS_MO,15,31,"15:1:2 16:0:2",15,1,2,9,9,2,2,2,4,"2:1:2 5:1:2 6:1:2 16:0:2"
WO_PLUS_MO,15,31,"15:1:2 16:0:2",15,1,2,9,9,2,2,3,4,"3:1:2 5:1:2 5:1:2 16:0:2"
WO_PLUS_MO,15,31,"15:1:2 16:0:2",15,1,2,9,16,0,1,3,4,"3:0:2 5:1:2 9:1:1 12:2:2"
WO_PLUS_MO,15,31,"15:1:2 16:0:2",15,1,2,9,16,0,1,6,4,"5:1:2 6:0:2 9:1:1 9:2:2"
WO_PLUS_MO,15,31,"15:1:2 16:0:2",15,1,2,9,16,0,1,13,4,"2:2:2 5:1:2 9:1:1 13:0:2"
WO_PLUS_MO,15,31,"15:1:2 16:0:2",15,1,2,10,4,1,2,2,4,"1:1:2 2:2:2 10:1:1 16:0:2"
WO_PLUS_MO,15,31,"15:1:2 16:0:2",15,1,2,10,16,0,1,5,4,"4:1:2 5:0:2 10:1:1 10:2:2"
WO_PLUS_MO,15,31,"15:1:2 16:0:2",15,1,2,10,16,0,1,7,4,"4:1:2 7:0:2 8:2:2 10:1:1"
WO_PLUS_MO,15,31,"15:1:2 16:0:2",15,1,2,10,16,0,1,8,4,"4:1:2 7:2:2 8:0:2 10:1:1"
WO_PLUS_MO,15,31,"15:1:2 16:0:2",15,1,2,10,16,0,1,10,4,"4:1:2 5:2:2 10:0:2 10:1:1"
WO_PLUS_MO,15,31,"15:1:2 16:0:2",15,1,2,10,16,0,1,11,4,"4:1:2 4:2:2 10:1:1 11:0:2"
WO_PLUS_MO,15,31,"15:1:2 16:0:2",15,1,2,10,16,0,1,13,4,"2:2:2 4:1:2 10:1:1 13:0:2"
WO_PLUS_MO,15,31,"15:1:2 16:0:2",15,1,2,11,11,2,2,2,4,"2:1:2 3:1:2 8:1:2 16:0:2"
WO_PLUS_MO,15,31,"15:1:2 16:0:2",15,1,2,11,11,2,2,5,4,"3:1:2 5:1:2 5:1:2 16:0:2"
WO_PLUS_MO,15,31,"15:1:2 16:0:2",15,1,2,11,16,0,1,4,4,"3:1:2 4:0:2 11:1:1 11:2:2"
WO_PLUS_MO,15,31,"15:1:2 16:0:2",15,1,2,11,16,0,1,7,4,"3:1:2 7:0:2 8:2:2 11:1:1"
WO_PLUS_MO,15,31,"15:1:2 16:0:2",15,1,2,11,16,0,1,10,4,"3:1:2 5:2:2 10:0:2 11:1:1"
WO_PLUS_MO,15,31,"15:1:2 16:0:2",15,1,2,11,16,0,1,13,4,"2:2:2 3:1:2 11:1:1 13:0:2"
WO_PLUS_MO,15,31,"15:1:2 16:0:2",15,1,2,12,12,2,2,2,4,"2:1:2 2:1:2 9:1:2 16:0:2"
WO_PLUS_MO,15,31,"15:1:2 16:0:2",15,1,2,12,12,2,2,3,4,"2:1:2 3:1:2 8:1:2 16:0:2"
WO_PLUS_MO,15,31,"15:1:2 16:0:2",15,1,2,12,12,2,2,5,4,"2:1:2 5:1:2 6:1:2 16:0:2"
WO_PLUS_MO,15,31,"15:1:2 16:0:2",15,1,2,12,16,0,1,3,4,"2:1:2 3:0:2 12:1:1 12:2:2"
WO_PLUS_MO,15,31,"15:1:2 16:0:2",15,1,2,12,16,0,1,13,4,"2:1:2 2:2:2 12:1:1 13:0:2"
WO_PLUS_MO,15,31,"15:1:2 16:0:2",15,1,2,13,16,0,1,2,4,"1:1:2 2:0:2 13:1:1 13:2:2"
WO_PLUS_MO,15,31,"15:1:2 16:0:2",15,1,2,13,16,0,1,5,4,"1:1:2 5:0:2 10:2:2 13:1:1"
WO_PLUS_MO,15,31,"15:1:2 16:0:2",15,1,2,13,16,0,1,7,4,"1:1:2 7:0:2 8:2:2 13:1:1"
WO_PLUS_MO,15,31,"15:1:2 16:0:2",15,1,2,13,16,0,1,10,4,"1:1:2 5:2:2 10:0:2 13:1:1"
WO_PLUS_MO,15,31,"15:1:2 16:0:2",15,1,2,13,16,0,1,13,4,"1:1:2 2:2:2 13:0:2 13:1:1"
WO_PLUS_MO,15,31,"15:1:2 16:0:2",16,0,2,1,14,1,2,2,4,"1:0:1 2:2:2 11:1:2 15:1:2"
WO_PLUS_MO,15,31,"15:1:2 16:0:2",16,0,2,1,14,1,2,3,4,"1:0:1 3:2:2 10:1:2 15:1:2"
WO_PLUS_MO,15,31,"15:1:2 16:0:2",16,0,2,1,14,1,2,4,4,"1:0:1 4:2:2 9:1:2 15:1:2"
WO_PLUS_MO,15,31,"15:1:2 16:0:2",16,0,2,1,14,1,2,5,4,"1:0:1 5:2:2 8:1:2 15:1:2"
WO_PLUS_MO,15,31,"15:1:2 16:0:2",16,0,2,1,14,1,2,6,4,"1:0:1 6:2:2 7:1:2 15:1:2"
WO_PLUS_MO,15,31,"15:1:2 16:0:2",16,0,2,1,14,1,2,7,4,"1:0:1 6:1:2 7:2:2 15:1:2"
WO_PLUS_MO,15,31,"15:1:2 16:0:2",16,0,2,1,14,1,2,8,4,"1:0:1 5:1:2 8:2:2 15:1:2"
WO_PLUS_MO,15,31,"15:1:2 16:0:2",16,0,2,1,14,1,2,9,4,"1:0:1 4:1:2 9:2:2 15:1:2"
WO_PLUS_MO,15,31,"15:1:2 16:0:2",16,0,2,1,14,1,2,10,4,"1:0:1 3:1:2 10:2:2 15:1:2"
WO_PLUS_MO,15,31,"15:1:2 16:0:2",16,0,2,1,14,1,2,11,4,"1:0:1 2:1:2 11:2:2 15:1:2"
WO_PLUS_MO,15,31,"15:1:2 16:0:2",16,0,2,1,14,1,2,12,4,"1:0:1 1:1:2 12:2:2 15:1:2"
WO_PLUS_MO,15,31,"15:1:2 16:0:2",16,0,2,1,15,1,2,0,3,"1:0:1 14:1:2 14:1:2"
WO_PLUS_MO,15,31,"15:1:2 16:0:2",16,0,2,1,15,1,2,1,4,"1:0:1 1:2:2 13:1:2 14:1:2"
WO_PLUS_MO,15,31,"15:1:2 16:0:2",16,0,2,1,15,1,2,2,4,"1:0:1 2:2:2 12:1:2 14:1:2"
WO_PLUS_MO,15,31,"15:1:2 16:0:2",16,0,2,1,15,1,2,3,4,"1:0:1 3:2:2 11:1:2 14:1:2"
WO_PLUS_MO,15,31,"15:1:2 16:0:2",16,0,2,1,15,1,2,4,4,"1:0:1 4:2:2 10:1:2 14:1:2"
WO_PLUS_MO,15,31,"15:1:2 16:0:2",16,0,2,1,15,1,2,5,4,"1:0:1 5:2:2 9:1:2 14:1:2"
WO_PLUS_MO,15,31,"15:1:2 16:0:2",16,0,2,1,15,1,2,6,4,"1:0:1 6:2:2 8:1:2 14:1:2"
WO_PLUS_MO,15,31,"15:1:2 16:0:2",16,0,2,1,15,1,2,7,4,"1:0:1 7:1:2 7:2:2 14:1:2"
WO_PLUS_MO,15,31,"15:1:2 16:0:2",16,0,2,1,15,1,2,8,4,"1:0:1 6:1:2 8:2:2 14:1:2"
WO_PLUS_MO,15,31,"15:1:2 16:0:2",16,0,2,1,15,1,2,9,4,"1:0:1 5:1:2 9:2:2 14:1:2"
WO_PLUS_MO,15,31,"15:1:2 16:0:2",16,0,2,1,15,1,2,10,4,"1:0:1 4:1:2 10:2:2 14:1:2"
WO_PLUS_MO,15,31,"15:1:2 16:0:2",16,0,2,1,15,1,2,11,4,"1:0:1 3:1:2 11:2:2 14:1:2"
WO_PLUS_MO,15,31,"15:1:2 16:0:2",16,0,2,1,15,1,2,12,4,"1:0:1 2:1:2 12:2:2 14:1:2"
WO_PLUS_MO,15,31,"15:1:2 16:0:2",16,0,2,1,15,1,2,13,4,"1:0:1 1:1:2 13:2:2 14:1:2"
WO_PLUS_MO,15,31,"15:1:2 16:0:2",16,0,2,2,13,1,2,2,4,"2:0:1 2:2:2 10:1:2 15:1:2"
WO_PLUS_MO,15,31,"15:1:2 16:0:2",16,0,2,2,13,1,2,4,4,"2:0:1 4:2:2 8:1:2 15:1:2"
WO_PLUS_MO,15,31,"15:1:2 16:0:2",16,0,2,2,13,1,2,5,4,"2:0:1 5:2:2 7:1:2 15:1:2"
WO_PLUS_MO,15,31,"15:1:2 16:0:2",16,0,2,2,13,1,2,7,4,"2:0:1 5:1:2 7:2:2 15:1:2"
WO_PLUS_MO,15,31,"15:1:2 16:0:2",16,0,2,2,13,1,2,8,4,"2:0:1 4:1:2 8:2:2 15:1:2"
WO_PLUS_MO,15,31,"15:1:2 16:0:2",16,0,2,2,13,1,2,10,4,"2:0:1 2:1:2 10:2:2 15:1:2"
WO_PLUS_MO,15,31,"15:1:2 16:0:2",16,0,2,2,13,1,2,11,4,"1:1:2 2:0:1 11:2:2 15:1:2"
WO_PLUS_MO,15,31,"15:1:2 16:0:2",16,0,2,2,15,1,2,1,4,"1:2:2 2:0:1 13:1:2 13:1:2"
WO_PLUS_MO,15,31,"15:1:2 16:0:2",16,0,2,2,15,1,2,2,4,"2:0:1 2:2:2 12:1:2 13:1:2"
WO_PLUS_MO,15,31,"15:1:2 16:0:2",16,0,2,2,15,1,2,4,4,"2:0:1 4:2:2 10:1:2 13:1:2"
WO_PLUS_MO,15,31,"15:1:2 16:0:2",16,0,2,2,15,1,2,5,4,"2:0:1 5:2:2 9:1:2 13:1:2"
WO_PLUS_MO,15,31,"15:1:2 16:0:2",16,0,2,2,15,1,2,6,4,"2:0:1 6:2:2 8:1:2 13:1:2"
WO_PLUS_MO,15,31,"15:1:2 16:0:2",16,0,2,2,15,1,2,7,4,"2:0:1 7:1:2 7:2:2 13:1:2"
WO_PLUS_MO,15,31,"15:1:2 16:0:2",16,0,2,2,15,1,2,8,4,"2:0:1 6:1:2 8:2:2 13:1:2"
WO_PLUS_MO,15,31,"15:1:2 16:0:2",16,0,2,2,15,1,2,9,4,"2:0:1 5:1:2 9:2:2 13:1:2"
WO_PLUS_MO,15,31,"15:1:2 16:0:2",16,0,2,2,15,1,2,10,4,"2:0:1 4:1:2 10:2:2 13:1:2"
WO_PLUS_MO,15,31,"15:1:2 16:0:2",16,0,2,2,15,1,2,11,4,"2:0:1 3:1:2 11:2:2 13:1:2"
WO_PLUS_MO,15,31,"15:1:2 16:0:2",16,0,2,2,15,1,2,12,4,"2:0:1 2:1:2 12:2:2 13:1:2"
WO_PLUS_MO,15,31,"15:1:2 16:0:2",16,0,2,2,15,1,2,13,4,"1:1:2 2:0:1 13:1:2 13:2:2"
WO_PLUS_MO,15,31,"15:1:2 16:0:2",16,0,2,3,12,1,2,2,4,"2:2:2 3:0:1 9:1:2 15:1:2"
WO_PLUS_MO,15,31,"15:1:2 16:0:2",16,0,2,3,12,1,2,4,4,"3:0:1 4:2:2 7:1:2 15:1:2"
WO_PLUS_MO,15,31,"15:1:2 16:0:2",16,0,2,3,12,1,2,5,4,"3:0:1 5:2:2 6:1:2 15:1:2"
WO_PLUS_MO,15,31,"15:1:2 16:0:2",16,0,2,3,12,1,2,6,4,"3:0:1 5:1:2 6:2:2 15:1:2"
WO_PLUS_MO,15,31,"15:1:2 16:0:2",16,0,2,3,12,1,2,7,4,"3:0:1 4:1:2 7:2:2 15:1:2"
WO_PLUS_MO,15,31,"15:1:2 16:0:2",16,0,2,3,12,1,2,8,4,"3:0:1 3:1:2 8:2:2 15:1:2"
WO_PLUS_MO,15,31,"15:1:2 16:0:2",16,0,2,3,12,1,2,9,4,"2:1:2 3:0:1 9:2:2 15:1:2"
WO_PLUS_MO,15,31,"15:1:2 16:0:2",16,0,2,3,12,1,2,10,4,"1:1:2 3:0:1 10:2:2 15:1:2"
WO_PLUS_MO,15,31,"15:1:2 16:0:2",16,0,2,3,15,1,2,2,4,"2:2:2 3:0:1 12:1:2 12:1:2"
WO_PLUS_MO,15,31,"15:1:2 16:0:2",16,0,2,3,15,1,2,4,4,"3:0:1 4:2:2 10:1:2 12:1:2"
WO_PLUS_MO,15,31,"15:1:2 16:0:2",16,0,2,3,15,1,2,5,4,"3:0:1 5:2:2 9:1:2 12:1:2"
WO_PLUS_MO,15,31,"15:1:2 16:0:2",16,0,2,3,15,1,2,6,4,"3:0:1 6:2:2 8:1:2 12:1:2"
WO_PLUS_MO,15,31,"15:1:2 16:0:2",16,0,2,3,15,1,2,7,4,"3:0:1 7:1:2 7:2:2 12:1:2"
WO_PLUS_MO,15,31,"15:1:2 16:0:2",16,0,2,3,15,1,2,8,4,"3:0:1 6:1:2 8:2:2 12:1:2"
WO_PLUS_MO,15,31,"15:1:2 16:0:2",16,0,2,3,15,1,2,9,4,"3:0:1 5:1:2 9:2:2 12:1:2"
WO_PLUS_MO,15,31,"15:1:2 16:0:2",16,0,2,3,15,1,2,10,4,"3:0:1 4:1:2 10:2:2 12:1:2"
WO_PLUS_MO,15,31,"15:1:2 16:0:2",16,0,2,3,15,1,2,11,4,"3:0:1 3:1:2 11:2:2 12:1:2"
WO_PLUS_MO,15,31,"15:1:2 16:0:2",16,0,2,3,15,1,2,12,4,"2:1:2 3:0:1 12:1:2 12:2:2"
WO_PLUS_MO,15,31,"15:1:2 16:0:2",16,0,2,3,15,1,2,13,4,"1:1:2 3:0:1 12:1:2 13:2:2"
WO_PLUS_MO,15,31,"15:1:2 16:0:2",16,0,2,4,11,1,2,2,4,"2:2:2 4:0:1 8:1:2 15:1:2"
WO_PLUS_MO,15,31,"15:1:2 16:0:2",16,0,2,4,11,1,2,5,4,"4:0:1 5:1:2 5:2:2 15:1:2"
WO_PLUS_MO,15,31,"15:1:2 16:0:2",16,0,2,4,11,1,2,7,4,"3:1:2 4:0:1 7:2:2 15:1:2"
WO_PLUS_MO,15,31,"15:1:2 16:0:2",16,0,2,4,11,1,2,8,4,"2:1:2 4:0:1 8:2:2 15:1:2"
WO_PLUS_MO,15,31,"15:1:2 16:0:2",16,0,2,4,15,1,2,2,4,"2:2:2 4:0:1 11:1:2 12:1:2"
WO_PLUS_MO,15,31,"15:1:2 16:0:2",16,0,2,4,15,1,2,3,4,"3:2:2 4:0:1 11:1:2 11:1:2"
WO_PLUS_MO,15,31,"15:1:2 16:0:2",16,0,2,4,15,1,2,4,4,"4:0:1 4:2:2 10:1:2 11:1:2"
WO_PLUS_MO,15,31,"15:1:2 16:0:2",16,0,2,4,15,1,2,5,4,"4:0:1 5:2:2 9:1:2 11:1:2"
WO_PLUS_MO,15,31,"15:1:2 16:0:2",16,0,2,4,15,1,2,6,4,"4:0:1 6:2:2 8:1:2 11:1:2"
WO_PLUS_MO,15,31,"15:1:2 16:0:2",16,0,2,4,15,1,2,7,4,"4:0:1 7:1:2 7:2:2 11:1:2"
WO_PLUS_MO,15,31,"15:1:2 16:0:2",16,0,2,4,15,1,2,8,4,"4:0:1 6:1:2 8:2:2 11:1:2"
WO_PLUS_MO,15,31,"15:1:2 16:0:2",16,0,2,4,15,1,2,9,4,"4:0:1 5:1:2 9:2:2 11:1:2"
WO_PLUS_MO,15,31,"15:1:2 16:0:2",16,0,2,4,15,1,2,10,4,"4:0:1 4:1:2 10:2:2 11:1:2"
WO_PLUS_MO,15,31,"15:1:2 16:0:2",16,0,2,4,15,1,2,11,4,"3:1:2 4:0:1 11:1:2 11:2:2"
WO_PLUS_MO,15,31,"15:1:2 16:0:2",16,0,2,4,15,1,2,12,4,"2:1:2 4:0:1 11:1:2 12:2:2"
WO_PLUS_MO,15,31,"15:1:2 16:0:2",16,0,2,4,15,1,2,13,4,"1:1:2 4:0:1 11:1:2 13:2:2"
WO_PLUS_MO,15,31,"15:1:2 16:0:2",16,0,2,5,10,1,2,2,4,"2:2:2 5:0:1 7:1:2 15:1:2"
WO_PLUS_MO,15,31,"15:1:2 16:0:2",16,0,2,5,15,1,2,2,4,"2:2:2 5:0:1 10:1:2 12:1:2"
WO_PLUS_MO,15,31,"15:1:2 16:0:2",16,0,2,5,15,1,2,4,4,"4:2:2 5:0:1 10:1:2 10:1:2"
WO_PLUS_MO,15,31,"15:1:2 16:0:2",16,0,2,6,9,1,2,2,4,"2:2:2 6:0:1 6:1:2 15:1:2"
WO_PLUS_MO,15,31,"15:1:2 16:0:2",16,0,2,6,9,1,2,5,4,"3:1:2 5:2:2 6:0:1 15:1:2"
WO_PLUS_MO,15,31,"15:1:2 16:0:2",16,0,2,6,9,1,2,7,4,"1:1:2 6:0:1 7:2:2 15:1:2"
WO_PLUS_MO,15,31,"15:1:2 16:0:2",16,0,2,6,15,1,2,2,4,"2:2:2 6:0:1 9:1:2 12:1:2"
WO_PLUS_MO,15,31,"15:1:2 16:0:2",16,0,2,6,15,1,2,5,4,"5:2:2 6:0:1 9:1:2 9:1:2"
WO_PLUS_MO,15,31,"15:1:2 16:0:2",16,0,2,6,15,1,2,7,4,"6:0:1 7:1:2 7:2:2 9:1:2"
WO_PLUS_MO,15,31,"15:1:2 16:0:2",16,0,2,6,15,1,2,8,4,"6:0:1 6:1:2 8:2:2 9:1:2"
WO_PLUS_MO,15,31,"15:1:2 16:0:2",16,0,2,6,15,1,2,9,4,"5:1:2 6:0:1 9:1:2 9:2:2"
WO_PLUS_MO,15,31,"15:1:2 16:0:2",16,0,2,6,15,1,2,10,4,"4:1:2 6:0:1 9:1:2 10:2:2"
WO_PLUS_MO,15,31,"15:1:2 16:0:2",16,0,2,6,15,1,2,11,4,"3:1:2 6:0:1 9:1:2 11:2:2"
WO_PLUS_MO,15,31,"15:1:2 16:0:2",16,0,2,6,15,1,2,12,4,"2:1:2 6:0:1 9:1:2 12:2:2"
WO_PLUS_MO,15,31,"15:1:2 16:0:2",16,0,2,6,15,1,2,13,4,"1:1:2 6:0:1 9:1:2 13:2:2"
WO_PLUS_MO,15,31,"15:1:2 16:0:2",16,0,2,7,7,0,2,5,4,"1:1:2 5:0:2 8:1:2 15:1:2"
WO_PLUS_MO,15,31,"15:1:2 16:0:2",16,0,2,7,8,1,2,2,4,"2:2:2 5:1:2 7:0:1 15:1:2"
WO_PLUS_MO,15,31,"15:1:2 16:0:2",16,0,2,7,15,1,2,2,4,"2:2:2 7:0:1 8:1:2 12:1:2"
WO_PLUS_MO,15,31,"15:1:2 16:0:2",16,0,2,7,15,1,2,4,4,"4:2:2 7:0:1 8:1:2 10:1:2"
WO_PLUS_MO,15,31,"15:1:2 16:0:2",16,0,2,7,15,1,2,5,4,"5:2:2 7:0:1 8:1:2 9:1:2"
WO_PLUS_MO,15,31,"15:1:2 16:0:2",16,0,2,7,15,1,2,6,4,"6:2:2 7:0:1 8:1:2 8:1:2"
WO_PLUS_MO,15,31,"15:1:2 16:0:2",16,0,2,7,15,1,2,7,4,"7:0:1 7:1:2 7:2:2 8:1:2"
WO_PLUS_MO,15,31,"15:1:2 16:0:2",16,0,2,7,15,1,2,9,4,"5:1:2 7:0:1 8:1:2 9:2:2"
WO_PLUS_MO,15,31,"15:1:2 16:0:2",16,0,2,7,15,1,2,12,4,"2:1:2 7:0:1 8:1:2 12:2:2"
WO_PLUS_MO,15,31,"15:1:2 16:0:2",16,0,2,8,7,1,2,2,4,"2:2:2 4:1:2 8:0:1 15:1:2"
WO_PLUS_MO,15,31,"15:1:2 16:0:2",16,0,2,8,8,0,2,5,4,"2:1:2 5:0:2 7:1:2 15:1:2"
WO_PLUS_MO,15,31,"15:1:2 16:0:2",16,0,2,8,15,1,2,2,4,"2:2:2 7:1:2 8:0:1 12:1:2"
WO_PLUS_MO,15,31,"15:1:2 16:0:2",16,0,2,8,15,1,2,7,4,"7:1:2 7:1:2 7:2:2 8:0:1"
WO_PLUS_MO,15,31,"15:1:2 16:0:2",16,0,2,8,15,1,2,9,4,"5:1:2 7:1:2 8:0:1 9:2:2"
WO_PLUS_MO,15,31,"15:1:2 16:0:2",16,0,2,8,15,1,2,12,4,"2:1:2 7:1:2 8:0:1 12:2:2"
WO_PLUS_MO,15,31,"15:1:2 16:0:2",16,0,2,9,6,1,2,2,4,"2:2:2 3:1:2 9:0:1 15:1:2"
WO_PLUS_MO,15,31,"15:1:2 16:0:2",16,0,2,9,15,1,2,2,4,"2:2:2 6:1:2 9:0:1 12:1:2"
WO_PLUS_MO,15,31,"15:1:2 16:0:2",16,0,2,9,15,1,2,5,4,"5:2:2 6:1:2 9:0:1 9:1:2"
WO_PLUS_MO,15,31,"15:1:2 16:0:2",16,0,2,9,15,1,2,8,4,"6:1:2 6:1:2 8:2:2 9:0:1"
WO_PLUS_MO,15,31,"15:1:2 16:0:2",16,0,2,9,15,1,2,11,4,"3:1:2 6:1:2 9:0:1 11:2:2"
WO_PLUS_MO,15,31,"15:1:2 16:0:2",16,0,2,10,5,1,2,2,4,"2:1:2 2:2:2 10:0:1 15:1:2"
WO_PLUS_MO,15,31,"15:1:2 16:0:2",16,0,2,10,10,0,2,5,4,"4:1:2 5:0:2 5:1:2 15:1:2"
WO_PLUS_MO,15,31,"15:1:2 16:0:2",16,0,2,10,10,0,2,7,4,"2:1:2 5:1:2 7:0:2 15:1:2"
WO_PLUS_MO,15,31,"15:1:2 16:0:2",16,0,2,10,10,0,2,8,4,"1:1:2 5:1:2 8:0:2 15:1:2"
WO_PLUS_MO,15,31,"15:1:2 16:0:2",16,0,2,10,15,1,2,2,4,"2:2:2 5:1:2 10:0:1 12:1:2"
WO_PLUS_MO,15,31,"15:1:2 16:0:2",16,0,2,10,15,1,2,9,4,"5:1:2 5:1:2 9:2:2 10:0:1"
WO_PLUS_MO,15,31,"15:1:2 16:0:2",16,0,2,10,15,1,2,12,4,"2:1:2 5:1:2 10:0:1 12:2:2"
WO_PLUS_MO,15,31,"15:1:2 16:0:2",16,0,2,11,4,1,2,2,4,"1:1:2 2:2:2 11:0:1 15:1:2"
WO_PLUS_MO,15,31,"15:1:2 16:0:2",16,0,2,11,11,0,2,5,4,"4:1:2 5:0:2 5:1:2 15:1:2"
WO_PLUS_MO,15,31,"15:1:2 16:0:2",16,0,2,11,11,0,2,8,4,"2:1:2 4:1:2 8:0:2 15:1:2"
WO_PLUS_MO,15,31,"15:1:2 16:0:2",16,0,2,11,15,1,2,2,4,"2:2:2 4:1:2 11:0:1 12:1:2"
WO_PLUS_MO,15,31,"15:1:2 16:0:2",16,0,2,11,15,1,2,4,4,"4:1:2 4:2:2 10:1:2 11:0:1"
WO_PLUS_MO,15,31,"15:1:2 16:0:2",16,0,2,11,15,1,2,5,4,"4:1:2 5:2:2 9:1:2 11:0:1"
WO_PLUS_MO,15,31,"15:1:2 16:0:2",16,0,2,11,15,1,2,8,4,"4:1:2 6:1:2 8:2:2 11:0:1"
WO_PLUS_MO,15,31,"15:1:2 16:0:2",16,0,2,11,15,1,2,9,4,"4:1:2 5:1:2 9:2:2 11:0:1"
WO_PLUS_MO,15,31,"15:1:2 16:0:2",16,0,2,11,15,1,2,10,4,"4:1:2 4:1:2 10:2:2 11:0:1"
WO_PLUS_MO,15,31,"15:1:2 16:0:2",16,0,2,11,15,1,2,12,4,"2:1:2 4:1:2 11:0:1 12:2:2"
WO_PLUS_MO,15,31,"15:1:2 16:0:2",16,0,2,12,15,1,2,2,4,"2:2:2 3:1:2 12:0:1 12:1:2"
WO_PLUS_MO,15,31,"15:1:2 16:0:2",16,0,2,12,15,1,2,5,4,"3:1:2 5:2:2 9:1:2 12:0:1"
WO_PLUS_MO,15,31,"15:1:2 16:0:2",16,0,2,12,15,1,2,8,4,"3:1:2 6:1:2 8:2:2 12:0:1"
WO_PLUS_MO,15,31,"15:1:2 16:0:2",16,0,2,12,15,1,2,11,4,"3:1:2 3:1:2 11:2:2 12:0:1"
WO_PLUS_MO,15,31,"15:1:2 16:0:2",16,0,2,13,13,0,2,5,4,"2:1:2 5:0:2 7:1:2 15:1:2"
WO_PLUS_MO,15,31,"15:1:2 16:0:2",16,0,2,13,13,0,2,7,4,"2:1:2 5:1:2 7:0:2 15:1:2"
WO_PLUS_MO,15,31,"15:1:2 16:0:2",16,0,2,13,13,0,2,8,4,"2:1:2 4:1:2 8:0:2 15:1:2"
WO_PLUS_MO,15,31,"15:1:2 16:0:2",16,0,2,13,13,0,2,10,4,"2:1:2 2:1:2 10:0:2 15:1:2"
WO_PLUS_MO,15,31,"15:1:2 16:0:2",16,0,2,13,15,1,2,2,4,"2:1:2 2:2:2 12:1:2 13:0:1"
WO_PLUS_MO,15,31,"15:1:2 16:0:2",16,0,2,13,15,1,2,4,4,"2:1:2 4:2:2 10:1:2 13:0:1"
WO_PLUS_MO,15,31,"15:1:2 16:0:2",16,0,2,13,15,1,2,7,4,"2:1:2 7:1:2 7:2:2 13:0:1"
WO_PLUS_MO,15,31,"15:1:2 16:0:2",16,0,2,13,15,1,2,9,4,"2:1:2 5:1:2 9:2:2 13:0:1"
WO_PLUS_MO,15,31,"15:1:2 16:0:2",16,0,2,13,15,1,2,12,4,"2:1:2 2:1:2 12:2:2 13:0:1"
WO_PLUS_MO,15,31,"15:1:2 16:0:2",16,0,2,14,14,0,2,5,4,"1:1:2 5:0:2 8:1:2 15:1:2"
WO_PLUS_MO,15,31,"15:1:2 16:0:2",16,0,2,14,14,0,2,8,4,"1:1:2 5:1:2 8:0:2 15:1:2"
WO_PLUS_MO,15,31,"15:1:2 16:0:2",16,0,2,14,15,1,2,2,4,"1:1:2 2:2:2 12:1:2 14:0:1"
WO_PLUS_MO,15,31,"15:1:2 16:0:2",16,0,2,14,15,1,2,5,4,"1:1:2 5:2:2 9:1:2 14:0:1"
WO_PLUS_MO,15,31,"15:1:2 16:0:2",16,0,2,14,15,1,2,8,4,"1:1:2 6:1:2 8:2:2 14:0:1"
WO_PLUS_MO,15,31,"15:1:2 16:0:2",16,0,2,14,15,1,2,11,4,"1:1:2 3:1:2 11:2:2 14:0:1"
WO_PLUS_MO,15,31,"15:1:2 16:0:2",16,0,2,14,15,1,2,12,4,"1:1:2 2:1:2 12:2:2 14:0:1"
WO_PLUS_MO,15,31,"15:1:2 16:0:2",16,0,2,14,15,1,2,13,4,"1:1:2 1:1:2 13:2:2 14:0:1"
MO_MO,16,32,"16:1:2 16:1:2",16,1,2,0,15,1,2,2,3,"2:2:2 12:1:2 16:1:2"
MO_MO,16,32,"16:1:2 16:1:2",16,1,2,0,15,1,2,3,3,"3:2:2 11:1:2 16:1:2"
MO_MO,16,32,"16:1:2 16:1:2",16,1,2,0,15,1,2,4,3,"4:2:2 10:1:2 16:1:2"
MO_MO,16,32,"16:1:2 16:1:2",16,1,2,0,15,1,2,5,3,"5:2:2 9:1:2 16:1:2"
MO_MO,16,32,"16:1:2 16:1:2",16,1,2,0,15,1,2,6,3,"6:2:2 8:1:2 16:1:2"
MO_MO,16,32,"16:1:2 16:1:2",16,1,2,0,15,1,2,7,3,"7:1:2 7:2:2 16:1:2"
MO_MO,16,32,"16:1:2 16:1:2",16,1,2,0,15,1,2,8,3,"6:1:2 8:2:2 16:1:2"
MO_MO,16,32,"16:1:2 16:1:2",16,1,2,0,15,1,2,9,3,"5:1:2 9:2:2 16:1:2"
MO_MO,16,32,"16:1:2 16:1:2",16,1,2,0,15,1,2,10,3,"4:1:2 10:2:2 16:1:2"
MO_MO,16,32,"16:1:2 16:1:2",16,1,2,0,15,1,2,11,3,"3:1:2 11:2:2 16:1:2"
MO_MO,16,32,"16:1:2 16:1:2",16,1,2,0,15,1,2,12,3,"2:1:2 12:2:2 16:1:2"
MO_MO,16,32,"16:1:2 16:1:2",16,1,2,0,15,1,2,13,3,"1:1:2 13:2:2 16:1:2"
MO_MO,16,32,"16:1:2 16:1:2",16,1,2,0,16,1,2,0,2,"15:1:2 15:1:2"
MO_MO,16,32,"16:1:2 16:1:2",16,1,2,0,16,1,2,1,3,"1:2:2 14:1:2 15:1:2"
MO_MO,16,32,"16:1:2 16:1:2",16,1,2,0,16,1,2,2,3,"2:2:2 13:1:2 15:1:2"
MO_MO,16,32,"16:1:2 16:1:2",16,1,2,0,16,1,2,3,3,"3:2:2 12:1:2 15:1:2"
MO_MO,16,32,"16:1:2 16:1:2",16,1,2,0,16,1,2,4,3,"4:2:2 11:1:2 15:1:2"
MO_MO,16,32,"16:1:2 16:1:2",16,1,2,0,16,1,2,5,3,"5:2:2 10:1:2 15:1:2"
MO_MO,16,32,"16:1:2 16:1:2",16,1,2,0,16,1,2,6,3,"6:2:2 9:1:2 15:1:2"
MO_MO,16,32,"16:1:2 16:1:2",16,1,2,0,16,1,2,7,3,"7:2:2 8:1:2 15:1:2"
MO_MO,16,32,"16:1:2 16:1:2",16,1,2,0,16,1,2,8,3,"7:1:2 8:2:2 15:1:2"
MO_MO,16,32,"16:1:2 16:1:2",16,1,2,0,16,1,2,9,3,"6:1:2 9:2:2 15:1:2"
MO_MO,16,32,"16:1:2 16:1:2",16,1,2,0,16,1,2,10,3,"5:1:2 10:2:2 15:1:2"
MO_MO,16,32,"16:1:2 16:1:2",16,1,2,0,16,1,2,11,3,"4:1:2 11:2:2 15:1:2"
MO_MO,16,32,"16:1:2 16:1:2",16,1,2,0,16,1,2,12,3,"3:1:2 12:2:2 15:1:2"
MO_MO,16,32,"16:1:2 16:1:2",16,1,2,0,16,1,2,13,3,"2:1:2 13:2:2 15:1:2"
MO_MO,16,32,"16:1:2 16:1:2",16,1,2,0,16,1,2,14,3,"1:1:2 14:2:2 15:1:2"
MO_MO,16,32,"16:1:2 16:1:2",16,1,2,1,14,1,2,2,4,"1:1:1 2:2:2 11:1:2 16:1:2"
MO_MO,16,32,"16:1:2 16:1:2",16,1,2,1,14,1,2,4,4,"1:1:1 4:2:2 9:1:2 16:1:2"
MO_MO,16,32,"16:1:2 16:1:2",16,1,2,1,14,1,2,5,4,"1:1:1 5:2:2 8:1:2 16:1:2"
MO_MO,16,32,"16:1:2 16:1:2",16,1,2,1,14,1,2,6,4,"1:1:1 6:2:2 7:1:2 16:1:2"
MO_MO,16,32,"16:1:2 16:1:2",16,1,2,1,14,1,2,7,4,"1:1:1 6:1:2 7:2:2 16:1:2"
MO_MO,16,32,"16:1:2 16:1:2",16,1,2,1,14,1,2,8,4,"1:1:1 5:1:2 8:2:2 16:1:2"
MO_MO,16,32,"16:1:2 16:1:2",16,1,2,1,14,1,2,9,4,"1:1:1 4:1:2 9:2:2 16:1:2"
MO_MO,16,32,"16:1:2 16:1:2",16,1,2,1,14,1,2,10,4,"1:1:1 3:1:2 10:2:2 16:1:2"
MO_MO,16,32,"16:1:2 16:1:2",16,1,2,1,14,1,2,11,4,"1:1:1 2:1:2 11:2:2 16:1:2"
MO_MO,16,32,"16:1:2 16:1:2",16,1,2,1,14,1,2,12,4,"1:1:1 1:1:2 12:2:2 16:1:2"
MO_MO,16,32,"16:1:2 16:1:2",16,1,2,1,16,1,2,1,4,"1:1:1 1:2:2 14:1:2 14:1:2"
MO_MO,16,32,"16:1:2 16:1:2",16,1,2,1,16,1,2,2,4,"1:1:1 2:2:2 13:1:2 14:1:2"
MO_MO,16,32,"16:1:2 16:1:2",16,1,2,1,16,1,2,4,4,"1:1:1 4:2:2 11:1:2 14:1:2"
MO_MO,16,32,"16:1:2 16:1:2",16,1,2,1,16,1,2,5,4,"1:1:1 5:2:2 10:1:2 14:1:2"
MO_MO,16,32,"16:1:2 16:1:2",16,1,2,1,16,1,2,6,4,"1:1:1 6:2:2 9:1:2 14:1:2"
MO_MO,16,32,"16:1:2 16:1:2",16,1,2,1,16,1,2,7,4,"1:1:1 7:2:2 8:1:2 14:1:2"
MO_MO,16,32,"16:1:2 16:1:2",16,1,2,1,16,1,2,8,4,"1:1:1 7:1:2 8:2:2 14:1:2"
MO_MO,16,32,"16:1:2 16:1:2",16,1,2,1,16,1,2,9,4,"1:1:1 6:1:2 9:2:2 14:1:2"
MO_MO,16,32,"16:1:2 16:1:2",16,1,2,1,16,1,2,10,4,"1:1:1 5:1:2 10:2:2 14:1:2"
MO_MO,16,32,"16:1:2 16:1:2",16,1,2,1,16,1,2,11,4,"1:1:1 4:1:2 11:2:2 14:1:2"
MO_MO,16,32,"16:1:2 16:1:2",16,1,2,1,16,1,2,12,4,"1:1:1 3:1:2 12:2:2 14:1:2"
MO_MO,16,32,"16:1:2 16:1:2",16,1,2,1,16,1,2,13,4,"1:1:1 2:1:2 13:2:2 14:1:2"
MO_MO,16,32,"16:1:2 16:1:2",16,1,2,1,16,1,2,14,4,"1:1:1 1:1:2 14:1:2 14:2:2"
MO_MO,16,32,"16:1:2 16:1:2",16,1,2,2,16,1,2,2,4,"2:1:1 2:2:2 13:1:2 13:1:2"
MO_MO,16,32,"16:1:2 16:1:2",16,1,2,3,12,1,2,2,4,"2:2:2 3:1:1 9:1:2 16:1:2"
MO_MO,16,32,"16:1:2 16:1:2",16,1,2,3,12,1,2,4,4,"3:1:1 4:2:2 7:1:2 16:1:2"
MO_MO,16,32,"16:1:2 16:1:2",16,1,2,3,12,1,2,5,4,"3:1:1 5:2:2 6:1:2 16:1:2"
MO_MO,16,32,"16:1:2 16:1:2",16,1,2,3,12,1,2,6,4,"3:1:1 5:1:2 6:2:2 16:1:2"
MO_MO,16,32,"16:1:2 16:1:2",16,1,2,3,12,1,2,7,4,"3:1:1 4:1:2 7:2:2 16:1:2"
MO_MO,16,32,"16:1:2 16:1:2",16,1,2,3,12,1,2,8,4,"3:1:1 3:1:2 8:2:2 16:1:2"
MO_MO,16,32,"16:1:2 16:1:2",16,1,2,3,12,1,2,9,4,"2:1:2 3:1:1 9:2:2 16:1:2"
MO_MO,16,32,"16:1:2 16:1:2",16,1,2,3,12,1,2,10,4,"1:1:2 3:1:1 10:2:2 16:1:2"
MO_MO,16,32,"16:1:2 16:1:2",16,1,2,3,16,1,2,2,4,"2:2:2 3:1:1 12:1:2 13:1:2"
MO_MO,16,32,"16:1:2 16:1:2",16,1,2,3,16,1,2,3,4,"3:1:1 3:2:2 12:1:2 12:1:2"
MO_MO,16,32,"16:1:2 16:1:2",16,1,2,3,16,1,2,5,4,"3:1:1 5:2:2 10:1:2 12:1:2"
MO_MO,16,32,"16:1:2 16:1:2",16,1,2,3,16,1,2,6,4,"3:1:1 6:2:2 9:1:2 12:1:2"
MO_MO,16,32,"16:1:2 16:1:2",16,1,2,3,16,1,2,9,4,"3:1:1 6:1:2 9:2:2 12:1:2"
MO_MO,16,32,"16:1:2 16:1:2",16,1,2,3,16,1,2,10,4,"3:1:1 5:1:2 10:2:2 12:1:2"
MO_MO,16,32,"16:1:2 16:1:2",16,1,2,3,16,1,2,12,4,"3:1:1 3:1:2 12:1:2 12:2:2"
MO_MO,16,32,"16:1:2 16:1:2",16,1,2,3,16,1,2,13,4,"2:1:2 3:1:1 12:1:2 13:2:2"
MO_MO,16,32,"16:1:2 16:1:2",16,1,2,3,16,1,2,14,4,"1:1:2 3:1:1 12:1:2 14:2:2"
MO_MO,16,32,"16:1:2 16:1:2",16,1,2,4,16,1,2,2,4,"2:2:2 4:1:1 11:1:2 13:1:2"
MO_MO,16,32,"16:1:2 16:1:2",16,1,2,4,16,1,2,4,4,"4:1:1 4:2:2 11:1:2 11:1:2"
MO_MO,16,32,"16:1:2 16:1:2",16,1,2,5,16,1,2,5,4,"5:1:1 5:2:2 10:1:2 10:1:2"
MO_MO,16,32,"16:1:2 16:1:2",16,1,2,6,9,1,2,2,4,"2:2:2 6:1:1 6:1:2 16:1:2"
MO_MO,16,32,"16:1:2 16:1:2",16,1,2,6,9,1,2,5,4,"3:1:2 5:2:2 6:1:1 16:1:2"
MO_MO,16,32,"16:1:2 16:1:2",16,1,2,6,16,1,2,6,4,"6:1:1 6:2:2 9:1:2 9:1:2"
MO_MO,16,32,"16:1:2 16:1:2",16,1,2,6,16,1,2,9,4,"6:1:1 6:1:2 9:1:2 9:2:2"
MO_MO,16,32,"16:1:2 16:1:2",16,1,2,6,16,1,2,12,4,"3:1:2 6:1:1 9:1:2 12:2:2"
MO_MO,16,32,"16:1:2 16:1:2",16,1,2,7,16,1,2,7,4,"7:1:1 7:2:2 8:1:2 8:1:2"
MO_MO,16,32,"16:1:2 16:1:2",16,1,2,8,16,1,2,2,4,"2:2:2 7:1:2 8:1:1 13:1:2"
MO_MO,16,32,"16:1:2 16:1:2",16,1,2,8,16,1,2,5,4,"5:2:2 7:1:2 8:1:1 10:1:2"
MO_MO,16,32,"16:1:2 16:1:2",16,1,2,8,16,1,2,8,4,"7:1:2 7:1:2 8:1:1 8:2:2"
MO_MO,16,32,"16:1:2 16:1:2",16,1,2,9,16,1,2,9,4,"6:1:2 6:1:2 9:1:1 9:2:2"
MO_MO,16,32,"16:1:2 16:1:2",16,1,2,9,16,1,2,12,4,"3:1:2 6:1:2 9:1:1 12:2:2"
MO_MO,16,32,"16:1:2 16:1:2",16,1,2,10,16,1,2,2,4,"2:2:2 5:1:2 10:1:1 13:1:2"
MO_MO,16,32,"16:1:2 16:1:2",16,1,2,10,16,1,2,10,4,"5:1:2 5:1:2 10:1:1 10:2:2"
MO_MO,16,32,"16:1:2 16:1:2",16,1,2,11,16,1,2,2,4,"2:2:2 4:1:2 11:1:1 13:1:2"
MO_MO,16,32,"16:1:2 16:1:2",16,1,2,11,16,1,2,5,4,"4:1:2 5:2:2 10:1:2 11:1:1"
MO_MO,16,32,"16:1:2 16:1:2",16,1,2,11,16,1,2,8,4,"4:1:2 7:1:2 8:2:2 11:1:1"
MO_MO,16,32,"16:1:2 16:1:2",16,1,2,11,16,1,2,11,4,"4:1:2 4:1:2 11:1:1 11:2:2"
MO_MO,16,32,"16:1:2 16:1:2",16,1,2,12,16,1,2,12,4,"3:1:2 3:1:2 12:1:1 12:2:2"
MO_MO,16,32,"16:1:2 16:1:2",16,1,2,13,16,1,2,2,4,"2:1:2 2:2:2 13:1:1 13:1:2"
MO_MO,16,32,"16:1:2 16:1:2",16,1,2,13,16,1,2,13,4,"2:1:2 2:1:2 13:1:1 13:2:2"
MO_MO,16,32,"16:1:2 16:1:2",16,1,2,14,16,1,2,14,4,"1:1:2 1:1:2 14:1:1 14:2:2"
OO_MM,16,32,"16:1:1 16:2:2",16,1,1,0,15,2,2,1,3,"1:1:2 13:1:2 16:2:2"
OO_MM,16,32,"16:1:1 16:2:2",16,1,1,0,15,2,2,2,3,"2:1:2 12:1:2 16:2:2"
OO_MM,16,32,"16:1:1 16:2:2",16,1,1,0,15,2,2,3,3,"3:1:2 11:1:2 16:2:2"
OO_MM,16,32,"16:1:1 16:2:2",16,1,1,0,15,2,2,4,3,"4:1:2 10:1:2 16:2:2"
OO_MM,16,32,"16:1:1 16:2:2",16,1,1,0,15,2,2,5,3,"5:1:2 9:1:2 16:2:2"
OO_MM,16,32,"16:1:1 16:2:2",16,1,1,0,15,2,2,6,3,"6:1:2 8:1:2 16:2:2"
OO_MM,16,32,"16:1:1 16:2:2",16,1,1,0,15,2,2,7,3,"7:1:2 7:1:2 16:2:2"
OO_MM,16,32,"16:1:1 16:2:2",16,1,1,0,16,1,1,0,2,"15:1:1 15:2:2"
OO_MM,16,32,"16:1:1 16:2:2",16,1,1,0,16,1,1,1,3,"1:2:2 14:2:2 15:1:1"
OO_MM,16,32,"16:1:1 16:2:2",16,1,1,0,16,1,1,2,3,"2:2:2 13:2:2 15:1:1"
OO_MM,16,32,"16:1:1 16:2:2",16,1,1,0,16,1,1,3,3,"3:2:2 12:2:2 15:1:1"
OO_MM,16,32,"16:1:1 16:2:2",16,1,1,0,16,1,1,4,3,"4:2:2 11:2:2 15:1:1"
OO_MM,16,32,"16:1:1 16:2:2",16,1,1,0,16,1,1,5,3,"5:2:2 10:2:2 15:1:1"
OO_MM,16,32,"16:1:1 16:2:2",16,1,1,0,16,1,1,6,3,"6:2:2 9:2:2 15:1:1"
OO_MM,16,32,"16:1:1 16:2:2",16,1,1,0,16,1,1,7,3,"7:2:2 8:2:2 15:1:1"
OO_MM,16,32,"16:1:1 16:2:2",16,1,1,1,14,2,2,1,4,"1:1:1 1:1:2 12:1:2 16:2:2"
OO_MM,16,32,"16:1:1 16:2:2",16,1,1,1,14,2,2,3,4,"1:1:1 3:1:2 10:1:2 16:2:2"
OO_MM,16,32,"16:1:1 16:2:2",16,1,1,1,14,2,2,4,4,"1:1:1 4:1:2 9:1:2 16:2:2"
OO_MM,16,32,"16:1:1 16:2:2",16,1,1,1,14,2,2,6,4,"1:1:1 6:1:2 7:1:2 16:2:2"
OO_MM,16,32,"16:1:1 16:2:2",16,1,1,1,16,1,1,1,4,"1:1:1 1:2:2 14:1:1 14:2:2"
OO_MM,16,32,"16:1:1 16:2:2",16,1,1,1,16,1,1,2,4,"1:1:1 2:2:2 13:2:2 14:1:1"
OO_MM,16,32,"16:1:1 16:2:2",16,1,1,1,16,1,1,4,4,"1:1:1 4:2:2 11:2:2 14:1:1"
OO_MM,16,32,"16:1:1 16:2:2",16,1,1,1,16,1,1,5,4,"1:1:1 5:2:2 10:2:2 14:1:1"
OO_MM,16,32,"16:1:1 16:2:2",16,1,1,1,16,1,1,6,4,"1:1:1 6:2:2 9:2:2 14:1:1"
OO_MM,16,32,"16:1:1 16:2:2",16,1,1,1,16,1,1,7,4,"1:1:1 7:2:2 8:2:2 14:1:1"
OO_MM,16,32,"16:1:1 16:2:2",16,1,1,2,16,1,1,2,4,"2:1:1 2:2:2 13:1:1 13:2:2"
OO_MM,16,32,"16:1:1 16:2:2",16,1,1,3,12,2,2,1,4,"1:1:2 3:1:1 10:1:2 16:2:2"
OO_MM,16,32,"16:1:1 16:2:2",16,1,1,3,12,2,2,2,4,"2:1:2 3:1:1 9:1:2 16:2:2"
OO_MM,16,32,"16:1:1 16:2:2",16,1,1,3,12,2,2,3,4,"3:1:1 3:1:2 8:1:2 16:2:2"
OO_MM,16,32,"16:1:1 16:2:2",16,1,1,3,12,2,2,4,4,"3:1:1 4:1:2 7:1:2 16:2:2"
OO_MM,16,32,"16:1:1 16:2:2",16,1,1,3,12,2,2,5,4,"3:1:1 5:1:2 6:1:2 16:2:2"
OO_MM,16,32,"16:1:1 16:2:2",16,1,1,3,16,1,1,2,4,"2:2:2 3:1:1 12:1:1 13:2:2"
OO_MM,16,32,"16:1:1 16:2:2",16,1,1,3,16,1,1,3,4,"3:1:1 3:2:2 12:1:1 12:2:2"
OO_MM,16,32,"16:1:1 16:2:2",16,1,1,3,16,1,1,5,4,"3:1:1 5:2:2 10:2:2 12:1:1"
OO_MM,16,32,"16:1:1 16:2:2",16,1,1,3,16,1,1,6,4,"3:1:1 6:2:2 9:2:2 12:1:1"
OO_MM,16,32,"16:1:1 16:2:2",16,1,1,3,16,1,1,7,4,"3:1:1 7:2:2 8:2:2 12:1:1"
OO_MM,16,32,"16:1:1 16:2:2",16,1,1,4,16,1,1,2,4,"2:2:2 4:1:1 11:1:1 13:2:2"
OO_MM,16,32,"16:1:1 16:2:2",16,1,1,4,16,1,1,4,4,"4:1:1 4:2:2 11:1:1 11:2:2"
OO_MM,16,32,"16:1:1 16:2:2",16,1,1,4,16,1,1,5,4,"4:1:1 5:2:2 10:2:2 11:1:1"
OO_MM,16,32,"16:1:1 16:2:2",16,1,1,4,16,1,1,7,4,"4:1:1 7:2:2 8:2:2 11:1:1"
OO_MM,16,32,"16:1:1 16:2:2",16,1,1,5,16,1,1,2,4,"2:2:2 5:1:1 10:1:1 13:2:2"
OO_MM,16,32,"16:1:1 16:2:2",16,1,1,5,16,1,1,5,4,"5:1:1 5:2:2 10:1:1 10:2:2"
OO_MM,16,32,"16:1:1 16:2:2",16,1,1,6,16,1,1,6,4,"6:1:1 6:2:2 9:1:1 9:2:2"
OO_MM,16,32,"16:1:1 16:2:2",16,1,1,7,16,1,1,2,4,"2:2:2 7:1:1 8:1:1 13:2:2"
OO_MM,16,32,"16:1:1 16:2:2",16,1,1,7,16,1,1,5,4,"5:2:2 7:1:1 8:1:1 10:2:2"
OO_MM,16,32,"16:1:1 16:2:2",16,1,1,7,16,1,1,7,4,"7:1:1 7:2:2 8:1:1 8:2:2"
OO_MM,16,32,"16:1:1 16:2:2",16,2,2,1,16,2,2,1,4,"1:1:2 1:1:2 14:1:2 14:1:2"
OO_MM,16,32,"16:1:1 16:2:2",16,2,2,2,16,2,2,2,4,"2:1:2 2:1:2 13:1:2 13:1:2"
OO_MM,16,32,"16:1:1 16:2:2",16,2,2,3,12,1,2,2,4,"2:2:2 3:1:2 9:1:2 16:1:1"
OO_MM,16,32,"16:1:1 16:2:2",16,2,2,3,16,2,2,3,4,"3:1:2 3:1:2 12:1:2 12:1:2"
OO_MM,16,32,"16:1:1 16:2:2",16,2,2,4,16,2,2,4,4,"4:1:2 4:1:2 11:1:2 11:1:2"
OO_MM,16,32,"16:1:1 16:2:2",16,2,2,5,16,2,2,5,4,"5:1:2 5:1:2 10:1:2 10:1:2"
OO_MM,16,32,"16:1:1 16:2:2",16,2,2,6,6,1,2,2,4,"2:2:2 3:1:2 9:1:2 16:1:1"
OO_MM,16,32,"16:1:1 16:2:2",16,2,2,6,9,1,2,2,4,"2:2:2 6:1:2 6:1:2 16:1:1"
OO_MM,16,32,"16:1:1 16:2:2",16,2,2,6,16,2,2,6,4,"6:1:2 6:1:2 9:1:2 9:1:2"
OO_MM,16,32,"16:1:1 16:2:2",16,2,2,7,16,2,2,7,4,"7:1:2 7:1:2 8:1:2 8:1:2"
OO_WM,16,32,"16:0:1 16:2:2",16,0,1,1,14,2,2,1,4,"1:0:1 1:1:2 12:1:2 16:2:2"
OO_WM,16,32,"16:0:1 16:2:2",16,0,1,1,14,2,2,3,4,"1:0:1 3:1:2 10:1:2 16:2:2"
OO_WM,16,32,"16:0:1 16:2:2",16,0,1,1,14,2,2,4,4,"1:0:1 4:1:2 9:1:2 16:2:2"
OO_WM,16,32,"16:0:1 16:2:2",16,0,1,1,14,2,2,6,4,"1:0:1 6:1:2 7:1:2 16:2:2"
OO_WM,16,32,"16:0:1 16:2:2",16,0,1,1,16,1,1,1,4,"1:0:1 1:2:2 14:1:1 14:2:2"
OO_WM,16,32,"16:0:1 16:2:2",16,0,1,1,16,1,1,2,4,"1:0:1 2:2:2 13:2:2 14:1:1"
OO_WM,16,32,"16:0:1 16:2:2",16,0,1,1,16,1,1,4,4,"1:0:1 4:2:2 11:2:2 14:1:1"
OO_WM,16,32,"16:0:1 16:2:2",16,0,1,1,16,1,1,5,4,"1:0:1 5:2:2 10:2:2 14:1:1"
OO_WM,16,32,"16:0:1 16:2:2",16,0,1,1,16,1,1,6,4,"1:0:1 6:2:2 9:2:2 14:1:1"
OO_WM,16,32,"16:0:1 16:2:2",16,0,1,1,16,1,1,7,4,"1:0:1 7:2:2 8:2:2 14:1:1"
OO_WM,16,32,"16:0:1 16:2:2",16,0,1,2,16,1,1,2,4,"2:0:1 2:2:2 13:1:1 13:2:2"
OO_WM,16,32,"16:0:1 16:2:2",16,0,1,3,12,2,2,1,4,"1:1:2 3:0:1 10:1:2 16:2:2"
OO_WM,16,32,"16:0:1 16:2:2",16,0,1,3,12,2,2,2,4,"2:1:2 3:0:1 9:1:2 16:2:2"
OO_WM,16,32,"16:0:1 16:2:2",16,0,1,3,12,2,2,3,4,"3:0:1 3:1:2 8:1:2 16:2:2"
OO_WM,16,32,"16:0:1 16:2:2",16,0,1,3,12,2,2,4,4,"3:0:1 4:1:2 7:1:2 16:2:2"
OO_WM,16,32,"16:0:1 16:2:2",16,0,1,3,12,2,2,5,4,"3:0:1 5:1:2 6:1:2 16:2:2"
OO_WM,16,32,"16:0:1 16:2:2",16,0,1,3,16,1,1,2,4,"2:2:2 3:0:1 12:1:1 13:2:2"
OO_WM,16,32,"16:0:1 16:2:2",16,0,1,3,16,1,1,3,4,"3:0:1 3:2:2 12:1:1 12:2:2"
OO_WM,16,32,"16:0:1 16:2:2",16,0,1,3,16,1,1,5,4,"3:0:1 5:2:2 10:2:2 12:1:1"
OO_WM,16,32,"16:0:1 16:2:2",16,0,1,3,16,1,1,6,4,"3:0:1 6:2:2 9:2:2 12:1:1"
OO_WM,16,32,"16:0:1 16:2:2",16,0,1,3,16,1,1,7,4,"3:0:1 7:2:2 8:2:2 12:1:1"
OO_WM,16,32,"16:0:1 16:2:2",16,0,1,4,4,0,2,2,4,"1:1:2 2:0:2 11:1:1 16:2:2"
OO_WM,16,32,"16:0:1 16:2:2",16,0,1,4,11,2,2,1,4,"1:1:2 4:0:1 9:1:2 16:2:2"
OO_WM,16,32,"16:0:1 16:2:2",16,0,1,4,11,2,2,3,4,"3:1:2 4:0:1 7:1:2 16:2:2"
OO_WM,16,32,"16:0:1 16:2:2",16,0,1,4,11,2,2,4,4,"4:0:1 4:1:2 6:1:2 16:2:2"
OO_WM,16,32,"16:0:1 16:2:2",16,0,1,4,16,1,1,2,4,"2:2:2 4:0:1 11:1:1 13:2:2"
OO_WM,16,32,"16:0:1 16:2:2",16,0,1,4,16,1,1,4,4,"4:0:1 4:2:2 11:1:1 11:2:2"
OO_WM,16,32,"16:0:1 16:2:2",16,0,1,4,16,1,1,5,4,"4:0:1 5:2:2 10:2:2 11:1:1"
OO_WM,16,32,"16:0:1 16:2:2",16,0,1,4,16,1,1,6,4,"4:0:1 6:2:2 9:2:2 11:1:1"
OO_WM,16,32,"16:0:1 16:2:2",16,0,1,4,16,1,1,7,4,"4:0:1 7:2:2 8:2:2 11:1:1"
OO_WM,16,32,"16:0:1 16:2:2",16,0,1,5,5,0,2,2,4,"2:0:2 2:1:2 10:1:1 16:2:2"
OO_WM,16,32,"16:0:1 16:2:2",16,0,1,5,16,1,1,2,4,"2:2:2 5:0:1 10:1:1 13:2:2"
OO_WM,16,32,"16:0:1 16:2:2",16,0,1,5,16,1,1,5,4,"5:0:1 5:2:2 10:1:1 10:2:2"
OO_WM,16,32,"16:0:1 16:2:2",16,0,1,6,6,0,2,2,4,"2:0:2 3:1:2 9:1:1 16:2:2"
OO_WM,16,32,"16:0:1 16:2:2",16,0,1,6,9,2,2,1,4,"1:1:2 6:0:1 7:1:2 16:2:2"
OO_WM,16,32,"16:0:1 16:2:2",16,0,1,6,9,2,2,2,4,"2:1:2 6:0:1 6:1:2 16:2:2"
OO_WM,16,32,"16:0:1 16:2:2",16,0,1,6,9,2,2,3,4,"3:1:2 5:1:2 6:0:1 16:2:2"
OO_WM,16,32,"16:0:1 16:2:2",16,0,1,6,9,2,2,4,4,"4:1:2 4:1:2 6:0:1 16:2:2"
OO_WM,16,32,"16:0:1 16:2:2",16,0,1,6,16,1,1,2,4,"2:2:2 6:0:1 9:1:1 13:2:2"
OO_WM,16,32,"16:0:1 16:2:2",16,0,1,6,16,1,1,3,4,"3:2:2 6:0:1 9:1:1 12:2:2"
OO_WM,16,32,"16:0:1 16:2:2",16,0,1,6,16,1,1,5,4,"5:2:2 6:0:1 9:1:1 10:2:2"
OO_WM,16,32,"16:0:1 16:2:2",16,0,1,6,16,1,1,6,4,"6:0:1 6:2:2 9:1:1 9:2:2"
OO_WM,16,32,"16:0:1 16:2:2",16,0,1,6,16,1,1,7,4,"6:0:1 7:2:2 8:2:2 9:1:1"
OO_WM,16,32,"16:0:1 16:2:2",16,0,1,7,7,0,2,2,4,"2:0:2 4:1:2 8:1:1 16:2:2"
OO_WM,16,32,"16:0:1 16:2:2",16,0,1,7,16,1,1,2,4,"2:2:2 7:0:1 8:1:1 13:2:2"
OO_WM,16,32,"16:0:1 16:2:2",16,0,1,7,16,1,1,5,4,"5:2:2 7:0:1 8:1:1 10:2:2"
OO_WM,16,32,"16:0:1 16:2:2",16,0,1,7,16,1,1,7,4,"7:0:1 7:2:2 8:1:1 8:2:2"
OO_WM,16,32,"16:0:1 16:2:2",16,0,1,8,8,0,2,2,4,"2:0:2 5:1:2 7:1:1 16:2:2"
OO_WM,16,32,"16:0:1 16:2:2",16,0,1,8,16,1,1,2,4,"2:2:2 7:1:1 8:0:1 13:2:2"
OO_WM,16,32,"16:0:1 16:2:2",16,0,1,8,16,1,1,5,4,"5:2:2 7:1:1 8:0:1 10:2:2"
OO_WM,16,32,"16:0:1 16:2:2",16,0,1,8,16,1,1,7,4,"7:1:1 7:2:2 8:0:1 8:2:2"
OO_WM,16,32,"16:0:1 16:2:2",16,0,1,9,9,0,2,2,4,"2:0:2 6:1:1 6:1:2 16:2:2"
OO_WM,16,32,"16:0:1 16:2:2",16,0,1,9,16,1,1,2,4,"2:2:2 6:1:1 9:0:1 13:2:2"
OO_WM,16,32,"16:0:1 16:2:2",16,0,1,9,16,1,1,6,4,"6:1:1 6:2:2 9:0:1 9:2:2"
OO_WM,16,32,"16:0:1 16:2:2",16,0,1,10,16,1,1,2,4,"2:2:2 5:1:1 10:0:1 13:2:2"
OO_WM,16,32,"16:0:1 16:2:2",16,0,1,10,16,1,1,5,4,"5:1:1 5:2:2 10:0:1 10:2:2"
OO_WM,16,32,"16:0:1 16:2:2",16,0,1,10,16,1,1,7,4,"5:1:1 7:2:2 8:2:2 10:0:1"
OO_WM,16,32,"16:0:1 16:2:2",16,0,1,11,11,0,2,2,4,"2:0:2 4:1:1 8:1:2 16:2:2"
OO_WM,16,32,"16:0:1 16:2:2",16,0,1,11,16,1,1,2,4,"2:2:2 4:1:1 11:0:1 13:2:2"
OO_WM,16,32,"16:0:1 16:2:2",16,0,1,11,16,1,1,4,4,"4:1:1 4:2:2 11:0:1 11:2:2"
OO_WM,16,32,"16:0:1 16:2:2",16,0,1,11,16,1,1,5,4,"4:1:1 5:2:2 10:2:2 11:0:1"
OO_WM,16,32,"16:0:1 16:2:2",16,0,1,11,16,1,1,7,4,"4:1:1 7:2:2 8:2:2 11:0:1"
OO_WM,16,32,"16:0:1 16:2:2",16,0,1,12,12,0,2,1,4,"1:0:2 3:1:1 10:1:2 16:2:2"
OO_WM,16,32,"16:0:1 16:2:2",16,0,1,12,12,0,2,2,4,"2:0:2 3:1:1 9:1:2 16:2:2"
OO_WM,16,32,"16:0:1 16:2:2",16,0,1,12,12,0,2,3,4,"3:0:2 3:1:1 8:1:2 16:2:2"
OO_WM,16,32,"16:0:1 16:2:2",16,0,1,12,12,0,2,4,4,"3:1:1 4:0:2 7:1:2 16:2:2"
OO_WM,16,32,"16:0:1 16:2:2",16,0,1,12,12,0,2,5,4,"3:1:1 5:0:2 6:1:2 16:2:2"
OO_WM,16,32,"16:0:1 16:2:2",16,0,1,12,12,0,2,6,4,"3:1:1 5:1:2 6:0:2 16:2:2"
OO_WM,16,32,"16:0:1 16:2:2",16,0,1,12,12,0,2,7,4,"3:1:1 4:1:2 7:0:2 16:2:2"
OO_WM,16,32,"16:0:1 16:2:2",16,0,1,12,12,0,2,8,4,"3:1:1 3:1:2 8:0:2 16:2:2"
OO_WM,16,32,"16:0:1 16:2:2",16,0,1,12,12,0,2,9,4,"2:1:2 3:1:1 9:0:2 16:2:2"
OO_WM,16,32,"16:0:1 16:2:2",16,0,1,12,12,0,2,10,4,"1:1:2 3:1:1 10:0:2 16:2:2"
OO_WM,16,32,"16:0:1 16:2:2",16,0,1,12,16,1,1,2,4,"2:2:2 3:1:1 12:0:1 13:2:2"
OO_WM,16,32,"16:0:1 16:2:2",16,0,1,12,16,1,1,3,4,"3:1:1 3:2:2 12:0:1 12:2:2"
OO_WM,16,32,"16:0:1 16:2:2",16,0,1,12,16,1,1,5,4,"3:1:1 5:2:2 10:2:2 12:0:1"
OO_WM,16,32,"16:0:1 16:2:2",16,0,1,12,16,1,1,6,4,"3:1:1 6:2:2 9:2:2 12:0:1"
OO_WM,16,32,"16:0:1 16:2:2",16,0,1,12,16,1,1,7,4,"3:1:1 7:2:2 8:2:2 12:0:1"
OO_WM,16,32,"16:0:1 16:2:2",16,0,1,13,16,1,1,2,4,"2:1:1 2:2:2 13:0:1 13:2:2"
OO_WM,16,32,"16:0:1 16:2:2",16,0,1,13,16,1,1,5,4,"2:1:1 5:2:2 10:2:2 13:0:1"
OO_WM,16,32,"16:0:1 16:2:2",16,0,1,14,14,0,2,1,4,"1:0:2 1:1:1 12:1:2 16:2:2"
OO_WM,16,32,"16:0:1 16:2:2",16,0,1,14,14,0,2,2,4,"1:1:1 2:0:2 11:1:2 16:2:2"
OO_WM,16,32,"16:0:1 16:2:2",16,0,1,14,14,0,2,3,4,"1:1:1 3:0:2 10:1:2 16:2:2"
OO_WM,16,32,"16:0:1 16:2:2",16,0,1,14,14,0,2,4,4,"1:1:1 4:0:2 9:1:2 16:2:2"
OO_WM,16,32,"16:0:1 16:2:2",16,0,1,14,14,0,2,6,4,"1:1:1 6:0:2 7:1:2 16:2:2"
OO_WM,16,32,"16:0:1 16:2:2",16,0,1,14,14,0,2,7,4,"1:1:1 6:1:2 7:0:2 16:2:2"
OO_WM,16,32,"16:0:1 16:2:2",16,0,1,14,14,0,2,9,4,"1:1:1 4:1:2 9:0:2 16:2:2"
OO_WM,16,32,"16:0:1 16:2:2",16,0,1,14,14,0,2,10,4,"1:1:1 3:1:2 10:0:2 16:2:2"
OO_WM,16,32,"16:0:1 16:2:2",16,0,1,14,14,0,2,12,4,"1:1:1 1:1:2 12:0:2 16:2:2"
OO_WM,16,32,"16:0:1 16:2:2",16,0,1,14,16,1,1,1,4,"1:1:1 1:2:2 14:0:1 14:2:2"
OO_WM,16,32,"16:0:1 16:2:2",16,0,1,14,16,1,1,2,4,"1:1:1 2:2:2 13:2:2 14:0:1"
OO_WM,16,32,"16:0:1 16:2:2",16,0,1,14,16,1,1,4,4,"1:1:1 4:2:2 11:2:2 14:0:1"
OO_WM,16,32,"16:0:1 16:2:2",16,0,1,14,16,1,1,5,4,"1:1:1 5:2:2 10:2:2 14:0:1"
OO_WM,16,32,"16:0:1 16:2:2",16,0,1,14,16,1,1,6,4,"1:1:1 6:2:2 9:2:2 14:0:1"
OO_WM,16,32,"16:0:1 16:2:2",16,0,1,14,16,1,1,7,4,"1:1:1 7:2:2 8:2:2 14:0:1"
OO_WM,16,32,"16:0:1 16:2:2",16,0,1,15,15,0,2,1,3,"1:0:2 13:1:2 16:2:2"
OO_WM,16,32,"16:0:1 16:2:2",16,0,1,15,15,0,2,2,3,"2:0:2 12:1:2 16:2:2"
OO_WM,16,32,"16:0:1 16:2:2",16,0,1,15,15,0,2,3,3,"3:0:2 11:1:2 16:2:2"
OO_WM,16,32,"16:0:1 16:2:2",16,0,1,15,15,0,2,4,3,"4:0:2 10:1:2 16:2:2"
OO_WM,16,32,"16:0:1 16:2:2",16,0,1,15,15,0,2,5,3,"5:0:2 9:1:2 16:2:2"
OO_WM,16,32,"16:0:1 16:2:2",16,0,1,15,15,0,2,6,3,"6:0:2 8:1:2 16:2:2"
OO_WM,16,32,"16:0:1 16:2:2",16,0,1,15,15,0,2,7,3,"7:0:2 7:1:2 16:2:2"
OO_WM,16,32,"16:0:1 16:2:2",16,0,1,15,15,0,2,8,3,"6:1:2 8:0:2 16:2:2"
OO_WM,16,32,"16:0:1 16:2:2",16,0,1,15,15,0,2,9,3,"5:1:2 9:0:2 16:2:2"
OO_WM,16,32,"16:0:1 16:2:2",16,0,1,15,15,0,2,10,3,"4:1:2 10:0:2 16:2:2"
OO_WM,16,32,"16:0:1 16:2:2",16,0,1,15,15,0,2,11,3,"3:1:2 11:0:2 16:2:2"
OO_WM,16,32,"16:0:1 16:2:2",16,0,1,15,15,0,2,12,3,"2:1:2 12:0:2 16:2:2"
OO_WM,16,32,"16:0:1 16:2:2",16,0,1,15,15,0,2,13,3,"1:1:2 13:0:2 16:2:2"
OO_WM,16,32,"16:0:1 16:2:2",16,0,1,15,16,1,1,0,2,"15:0:1 15:2:2"
OO_WM,16,32,"16:0:1 16:2:2",16,0,1,15,16,1,1,1,3,"1:2:2 14:2:2 15:0:1"
OO_WM,16,32,"16:0:1 16:2:2",16,0,1,15,16,1,1,2,3,"2:2:2 13:2:2 15:0:1"
OO_WM,16,32,"16:0:1 16:2:2",16,0,1,15,16,1,1,3,3,"3:2:2 12:2:2 15:0:1"
OO_WM,16,32,"16:0:1 16:2:2",16,0,1,15,16,1,1,4,3,"4:2:2 11:2:2 15:0:1"
OO_WM,16,32,"16:0:1 16:2:2",16,0,1,15,16,1,1,5,3,"5:2:2 10:2:2 15:0:1"
OO_WM,16,32,"16:0:1 16:2:2",16,0,1,15,16,1,1,6,3,"6:2:2 9:2:2 15:0:1"
OO_WM,16,32,"16:0:1 16:2:2",16,0,1,15,16,1,1,7,3,"7:2:2 8:2:2 15:0:1"
OO_WM,16,32,"16:0:1 16:2:2",16,2,2,1,14,1,2,2,4,"1:1:2 2:2:2 11:1:2 16:0:1"
OO_WM,16,32,"16:0:1 16:2:2",16,2,2,1,16,0,2,1,4,"1:0:2 1:1:2 14:1:2 14:1:2"
OO_WM,16,32,"16:0:1 16:2:2",16,2,2,1,16,0,2,2,4,"1:1:2 2:0:2 13:1:2 14:1:2"
OO_WM,16,32,"16:0:1 16:2:2",16,2,2,1,16,0,2,14,4,"1:1:2 1:1:2 14:0:2 14:1:2"
OO_WM,16,32,"16:0:1 16:2:2",16,2,2,2,13,1,2,2,4,"2:1:2 2:2:2 10:1:2 16:0:1"
OO_WM,16,32,"16:0:1 16:2:2",16,2,2,2,16,0,2,2,4,"2:0:2 2:1:2 13:1:2 13:1:2"
OO_WM,16,32,"16:0:1 16:2:2",16,2,2,2,16,0,2,5,4,"2:1:2 5:0:2 10:1:2 13:1:2"
OO_WM,16,32,"16:0:1 16:2:2",16,2,2,2,16,0,2,13,4,"2:1:2 2:1:2 13:0:2 13:1:2"
OO_WM,16,32,"16:0:1 16:2:2",16,2,2,3,12,1,2,2,4,"2:2:2 3:1:2 9:1:2 16:0:1"
OO_WM,16,32,"16:0:1 16:2:2",16,2,2,3,12,1,2,5,4,"3:1:2 5:2:2 6:1:2 16:0:1"
OO_WM,16,32,"16:0:1 16:2:2",16,2,2,3,16,0,2,2,4,"2:0:2 3:1:2 12:1:2 13:1:2"
OO_WM,16,32,"16:0:1 16:2:2",16,2,2,3,16,0,2,3,4,"3:0:2 3:1:2 12:1:2 12:1:2"
OO_WM,16,32,"16:0:1 16:2:2",16,2,2,3,16,0,2,12,4,"3:1:2 3:1:2 12:0:2 12:1:2"
OO_WM,16,32,"16:0:1 16:2:2",16,2,2,4,4,1,2,2,4,"1:1:2 2:2:2 11:1:2 16:0:1"
OO_WM,16,32,"16:0:1 16:2:2",16,2,2,4,11,1,2,2,4,"2:2:2 4:1:2 8:1:2 16:0:1"
OO_WM,16,32,"16:0:1 16:2:2",16,2,2,4,16,0,2,2,4,"2:0:2 4:1:2 11:1:2 13:1:2"
OO_WM,16,32,"16:0:1 16:2:2",16,2,2,4,16,0,2,4,4,"4:0:2 4:1:2 11:1:2 11:1:2"
OO_WM,16,32,"16:0:1 16:2:2",16,2,2,4,16,0,2,11,4,"4:1:2 4:1:2 11:0:2 11:1:2"
OO_WM,16,32,"16:0:1 16:2:2",16,2,2,4,16,0,2,14,4,"1:1:2 4:1:2 11:1:2 14:0:2"
OO_WM,16,32,"16:0:1 16:2:2",16,2,2,5,5,1,2,2,4,"2:1:2 2:2:2 10:1:2 16:0:1"
OO_WM,16,32,"16:0:1 16:2:2",16,2,2,5,10,1,2,2,4,"2:2:2 5:1:2 7:1:2 16:0:1"
OO_WM,16,32,"16:0:1 16:2:2",16,2,2,5,16,0,2,2,4,"2:0:2 5:1:2 10:1:2 13:1:2"
OO_WM,16,32,"16:0:1 16:2:2",16,2,2,5,16,0,2,5,4,"5:0:2 5:1:2 10:1:2 10:1:2"
OO_WM,16,32,"16:0:1 16:2:2",16,2,2,5,16,0,2,8,4,"5:1:2 7:1:2 8:0:2 10:1:2"
OO_WM,16,32,"16:0:1 16:2:2",16,2,2,5,16,0,2,10,4,"5:1:2 5:1:2 10:0:2 10:1:2"
OO_WM,16,32,"16:0:1 16:2:2",16,2,2,6,6,1,2,2,4,"2:2:2 3:1:2 9:1:2 16:0:1"
OO_WM,16,32,"16:0:1 16:2:2",16,2,2,6,9,1,2,2,4,"2:2:2 6:1:2 6:1:2 16:0:1"
OO_WM,16,32,"16:0:1 16:2:2",16,2,2,6,9,1,2,5,4,"3:1:2 5:2:2 6:1:2 16:0:1"
OO_WM,16,32,"16:0:1 16:2:2",16,2,2,6,16,0,2,2,4,"2:0:2 6:1:2 9:1:2 13:1:2"
OO_WM,16,32,"16:0:1 16:2:2",16,2,2,6,16,0,2,6,4,"6:0:2 6:1:2 9:1:2 9:1:2"
OO_WM,16,32,"16:0:1 16:2:2",16,2,2,6,16,0,2,9,4,"6:1:2 6:1:2 9:0:2 9:1:2"
OO_WM,16,32,"16:0:1 16:2:2",16,2,2,6,16,0,2,12,4,"3:1:2 6:1:2 9:1:2 12:0:2"
OO_WM,16,32,"16:0:1 16:2:2",16,2,2,7,7,1,2,2,4,"2:2:2 4:1:2 8:1:2 16:0:1"
OO_WM,16,32,"16:0:1 16:2:2",16,2,2,7,8,1,2,2,4,"2:2:2 5:1:2 7:1:2 16:0:1"
OO_WM,16,32,"16:0:1 16:2:2",16,2,2,7,16,0,2,2,4,"2:0:2 7:1:2 8:1:2 13:1:2"
OO_WM,16,32,"16:0:1 16:2:2",16,2,2,7,16,0,2,7,4,"7:0:2 7:1:2 8:1:2 8:1:2"
OO_WM,16,32,"16:0:1 16:2:2",16,2,2,7,16,0,2,8,4,"7:1:2 7:1:2 8:0:2 8:1:2"
OO_WM,16,32,"16:0:1 16:2:2",16,2,2,7,16,0,2,10,4,"5:1:2 7:1:2 8:1:2 10:0:2"
OO_WM,16,32,"16:0:1 16:2:2",16,2,2,7,16,0,2,11,4,"4:1:2 7:1:2 8:1:2 11:0:2"
OO_WM_PLUS,16,33,"16:2:2 17:0:1",16,2,2,1,14,1,2,2,4,"1:1:2 2:2:2 11:1:2 17:0:1"
OO_WM_PLUS,16,33,"16:2:2 17:0:1",16,2,2,1,14,1,2,5,4,"1:1:2 5:2:2 8:1:2 17:0:1"
OO_WM_PLUS,16,33,"16:2:2 17:0:1",16,2,2,1,14,1,2,8,4,"1:1:2 5:1:2 8:2:2 17:0:1"
OO_WM_PLUS,16,33,"16:2:2 17:0:1",16,2,2,1,14,1,2,9,4,"1:1:2 4:1:2 9:2:2 17:0:1"
OO_WM_PLUS,16,33,"16:2:2 17:0:1",16,2,2,1,14,1,2,11,4,"1:1:2 2:1:2 11:2:2 17:0:1"
OO_WM_PLUS,16,33,"16:2:2 17:0:1",16,2,2,1,14,1,2,12,4,"1:1:2 1:1:2 12:2:2 17:0:1"
OO_WM_PLUS,16,33,"16:2:2 17:0:1",16,2,2,1,17,0,2,2,4,"1:1:2 2:0:2 14:1:2 14:1:2"
OO_WM_PLUS,16,33,"16:2:2 17:0:1",16,2,2,1,17,0,2,5,4,"1:1:2 5:0:2 11:1:2 14:1:2"
OO_WM_PLUS,16,33,"16:2:2 17:0:1",16,2,2,1,17,0,2,9,4,"1:1:2 7:1:2 9:0:2 14:1:2"
OO_WM_PLUS,16,33,"16:2:2 17:0:1",16,2,2,1,17,0,2,10,4,"1:1:2 6:1:2 10:0:2 14:1:2"
OO_WM_PLUS,16,33,"16:2:2 17:0:1",16,2,2,1,17,0,2,12,4,"1:1:2 4:1:2 12:0:2 14:1:2"
OO_WM_PLUS,16,33,"16:2:2 17:0:1",16,2,2,1,17,0,2,15,4,"1:1:2 1:1:2 14:1:2 15:0:2"
OO_WM_PLUS,16,33,"16:2:2 17:0:1",16,2,2,2,13,1,2,2,4,"2:1:2 2:2:2 10:1:2 17:0:1"
OO_WM_PLUS,16,33,"16:2:2 17:0:1",16,2,2,2,13,1,2,5,4,"2:1:2 5:2:2 7:1:2 17:0:1"
OO_WM_PLUS,16,33,"16:2:2 17:0:1",16,2,2,2,13,1,2,8,4,"2:1:2 4:1:2 8:2:2 17:0:1"
OO_WM_PLUS,16,33,"16:2:2 17:0:1",16,2,2,2,13,1,2,9,4,"2:1:2 3:1:2 9:2:2 17:0:1"
OO_WM_PLUS,16,33,"16:2:2 17:0:1",16,2,2,2,13,1,2,11,4,"1:1:2 2:1:2 11:2:2 17:0:1"
OO_WM_PLUS,16,33,"16:2:2 17:0:1",16,2,2,2,17,0,2,3,4,"2:1:2 3:0:2 13:1:2 13:1:2"
OO_WM_PLUS,16,33,"16:2:2 17:0:1",16,2,2,2,17,0,2,5,4,"2:1:2 5:0:2 11:1:2 13:1:2"
OO_WM_PLUS,16,33,"16:2:2 17:0:1",16,2,2,2,17,0,2,14,4,"2:1:2 2:1:2 13:1:2 14:0:2"
OO_WM_PLUS,16,33,"16:2:2 17:0:1",16,2,2,3,12,1,2,2,4,"2:2:2 3:1:2 9:1:2 17:0:1"
OO_WM_PLUS,16,33,"16:2:2 17:0:1",16,2,2,3,12,1,2,9,4,"2:1:2 3:1:2 9:2:2 17:0:1"
OO_WM_PLUS,16,33,"16:2:2 17:0:1",16,2,2,3,17,0,2,4,4,"3:1:2 4:0:2 12:1:2 12:1:2"
OO_WM_PLUS,16,33,"16:2:2 17:0:1",16,2,2,3,17,0,2,7,4,"3:1:2 7:0:2 9:1:2 12:1:2"
OO_WM_PLUS,16,33,"16:2:2 17:0:1",16,2,2,3,17,0,2,10,4,"3:1:2 6:1:2 10:0:2 12:1:2"
OO_WM_PLUS,16,33,"16:2:2 17:0:1",16,2,2,3,17,0,2,13,4,"3:1:2 3:1:2 12:1:2 13:0:2"
OO_WM_PLUS,16,33,"16:2:2 17:0:1",16,2,2,3,17,0,2,15,4,"1:1:2 3:1:2 12:1:2 15:0:2"
OO_WM_PLUS,16,33,"16:2:2 17:0:1",16,2,2,4,4,1,2,2,4,"1:1:2 2:2:2 11:1:2 17:0:1"
OO_WM_PLUS,16,33,"16:2:2 17:0:1",16,2,2,4,11,1,2,2,4,"2:2:2 4:1:2 8:1:2 17:0:1"
OO_WM_PLUS,16,33,"16:2:2 17:0:1",16,2,2,4,11,1,2,5,4,"4:1:2 5:1:2 5:2:2 17:0:1"
OO_WM_PLUS,16,33,"16:2:2 17:0:1",16,2,2,4,11,1,2,8,4,"2:1:2 4:1:2 8:2:2 17:0:1"
OO_WM_PLUS,16,33,"16:2:2 17:0:1",16,2,2,4,11,1,2,9,4,"1:1:2 4:1:2 9:2:2 17:0:1"
OO_WM_PLUS,16,33,"16:2:2 17:0:1",16,2,2,4,17,0,2,5,4,"4:1:2 5:0:2 11:1:2 11:1:2"
OO_WM_PLUS,16,33,"16:2:2 17:0:1",16,2,2,4,17,0,2,9,4,"4:1:2 7:1:2 9:0:2 11:1:2"
OO_WM_PLUS,16,33,"16:2:2 17:0:1",16,2,2,4,17,0,2,12,4,"4:1:2 4:1:2 11:1:2 12:0:2"
OO_WM_PLUS,16,33,"16:2:2 17:0:1",16,2,2,5,5,1,2,2,4,"2:1:2 2:2:2 10:1:2 17:0:1"
OO_WM_PLUS,16,33,"16:2:2 17:0:1",16,2,2,5,10,1,2,2,4,"2:2:2 5:1:2 7:1:2 17:0:1"
OO_WM_PLUS,16,33,"16:2:2 17:0:1",16,2,2,5,10,1,2,5,4,"4:1:2 5:1:2 5:2:2 17:0:1"
OO_WM_PLUS,16,33,"16:2:2 17:0:1",16,2,2,5,10,1,2,8,4,"1:1:2 5:1:2 8:2:2 17:0:1"
OO_WM_PLUS,16,33,"16:2:2 17:0:1",16,2,2,5,17,0,2,5,4,"5:0:2 5:1:2 10:1:2 11:1:2"
OO_WM_PLUS,16,33,"16:2:2 17:0:1",16,2,2,5,17,0,2,6,4,"5:1:2 6:0:2 10:1:2 10:1:2"
OO_WM_PLUS,16,33,"16:2:2 17:0:1",16,2,2,5,17,0,2,8,4,"5:1:2 8:0:2 8:1:2 10:1:2"
OO_WM_PLUS,16,33,"16:2:2 17:0:1",16,2,2,5,17,0,2,11,4,"5:1:2 5:1:2 10:1:2 11:0:2"
OO_WM_PLUS,16,33,"16:2:2 17:0:1",16,2,2,6,6,1,2,2,4,"2:2:2 3:1:2 9:1:2 17:0:1"
OO_WM_PLUS,16,33,"16:2:2 17:0:1",16,2,2,6,9,1,2,2,4,"2:2:2 6:1:2 6:1:2 17:0:1"
OO_WM_PLUS,16,33,"16:2:2 17:0:1",16,2,2,6,17,0,2,7,4,"6:1:2 7:0:2 9:1:2 9:1:2"
OO_WM_PLUS,16,33,"16:2:2 17:0:1",16,2,2,6,17,0,2,10,4,"6:1:2 6:1:2 9:1:2 10:0:2"
OO_WM_PLUS,16,33,"16:2:2 17:0:1",16,2,2,6,17,0,2,13,4,"3:1:2 6:1:2 9:1:2 13:0:2"
OO_WM_PLUS,16,33,"16:2:2 17:0:1",16,2,2,7,7,1,2,2,4,"2:2:2 4:1:2 8:1:2 17:0:1"
OO_WM_PLUS,16,33,"16:2:2 17:0:1",16,2,2,7,7,1,2,5,4,"1:1:2 5:2:2 8:1:2 17:0:1"
OO_WM_PLUS,16,33,"16:2:2 17:0:1",16,2,2,7,8,1,2,2,4,"2:2:2 5:1:2 7:1:2 17:0:1"
OO_WM_PLUS,16,33,"16:2:2 17:0:1",16,2,2,7,8,1,2,5,4,"2:1:2 5:2:2 7:1:2 17:0:1"
OO_WM_PLUS,16,33,"16:2:2 17:0:1",16,2,2,7,17,0,2,5,4,"5:0:2 7:1:2 8:1:2 11:1:2"
OO_WM_PLUS,16,33,"16:2:2 17:0:1",16,2,2,7,17,0,2,8,4,"7:1:2 8:0:2 8:1:2 8:1:2"
OO_WM_PLUS,16,33,"16:2:2 17:0:1",16,2,2,7,17,0,2,9,4,"7:1:2 7:1:2 8:1:2 9:0:2"
OO_WM_PLUS,16,33,"16:2:2 17:0:1",16,2,2,7,17,0,2,11,4,"5:1:2 7:1:2 8:1:2 11:0:2"
OO_WM_PLUS,16,33,"16:2:2 17:0:1",17,0,1,1,15,2,2,1,4,"1:0:1 1:1:2 13:1:2 16:2:2"
OO_WM_PLUS,16,33,"16:2:2 17:0:1",17,0,1,1,15,2,2,2,4,"1:0:1 2:1:2 12:1:2 16:2:2"
OO_WM_PLUS,16,33,"16:2:2 17:0:1",17,0,1,1,15,2,2,3,4,"1:0:1 3:1:2 11:1:2 16:2:2"
OO_WM_PLUS,16,33,"16:2:2 17:0:1",17,0,1,1,15,2,2,4,4,"1:0:1 4:1:2 10:1:2 16:2:2"
OO_WM_PLUS,16,33,"16:2:2 17:0:1",17,0,1,1,15,2,2,5,4,"1:0:1 5:1:2 9:1:2 16:2:2"
OO_WM_PLUS,16,33,"16:2:2 17:0:1",17,0,1,1,15,2,2,6,4,"1:0:1 6:1:2 8:1:2 16:2:2"
OO_WM_PLUS,16,33,"16:2:2 17:0:1",17,0,1,1,15,2,2,7,4,"1:0:1 7:1:2 7:1:2 16:2:2"
OO_WM_PLUS,16,33,"16:2:2 17:0:1",17,0,1,1,16,1,1,0,3,"1:0:1 15:1:1 15:2:2"
OO_WM_PLUS,16,33,"16:2:2 17:0:1",17,0,1,1,16,1,1,1,4,"1:0:1 1:2:2 14:2:2 15:1:1"
OO_WM_PLUS,16,33,"16:2:2 17:0:1",17,0,1,1,16,1,1,2,4,"1:0:1 2:2:2 13:2:2 15:1:1"
OO_WM_PLUS,16,33,"16:2:2 17:0:1",17,0,1,1,16,1,1,3,4,"1:0:1 3:2:2 12:2:2 15:1:1"
OO_WM_PLUS,16,33,"16:2:2 17:0:1",17,0,1,1,16,1,1,4,4,"1:0:1 4:2:2 11:2:2 15:1:1"
OO_WM_PLUS,16,33,"16:2:2 17:0:1",17,0,1,1,16,1,1,5,4,"1:0:1 5:2:2 10:2:2 15:1:1"
OO_WM_PLUS,16,33,"16:2:2 17:0:1",17,0,1,1,16,1,1,6,4,"1:0:1 6:2:2 9:2:2 15:1:1"
OO_WM_PLUS,16,33,"16:2:2 17:0:1",17,0,1,1,16,1,1,7,4,"1:0:1 7:2:2 8:2:2 15:1:1"
OO_WM_PLUS,16,33,"16:2:2 17:0:1",17,0,1,2,14,2,2,1,4,"1:1:2 2:0:1 12:1:2 16:2:2"
OO_WM_PLUS,16,33,"16:2:2 17:0:1",17,0,1,2,14,2,2,3,4,"2:0:1 3:1:2 10:1:2 16:2:2"
OO_WM_PLUS,16,33,"16:2:2 17:0:1",17,0,1,2,14,2,2,4,4,"2:0:1 4:1:2 9:1:2 16:2:2"
OO_WM_PLUS,16,33,"16:2:2 17:0:1",17,0,1,2,14,2,2,6,4,"2:0:1 6:1:2 7:1:2 16:2:2"
OO_WM_PLUS,16,33,"16:2:2 17:0:1",17,0,1,2,16,1,1,1,4,"1:2:2 2:0:1 14:1:1 14:2:2"
OO_WM_PLUS,16,33,"16:2:2 17:0:1",17,0,1,2,16,1,1,2,4,"2:0:1 2:2:2 13:2:2 14:1:1"
OO_WM_PLUS,16,33,"16:2:2 17:0:1",17,0,1,2,16,1,1,4,4,"2:0:1 4:2:2 11:2:2 14:1:1"
OO_WM_PLUS,16,33,"16:2:2 17:0:1",17,0,1,2,16,1,1,5,4,"2:0:1 5:2:2 10:2:2 14:1:1"
OO_WM_PLUS,16,33,"16:2:2 17:0:1",17,0,1,2,16,1,1,6,4,"2:0:1 6:2:2 9:2:2 14:1:1"
OO_WM_PLUS,16,33,"16:2:2 17:0:1",17,0,1,2,16,1,1,7,4,"2:0:1 7:2:2 8:2:2 14:1:1"
OO_WM_PLUS,16,33,"16:2:2 17:0:1",17,0,1,3,13,2,2,3,4,"3:0:1 3:1:2 9:1:2 16:2:2"
OO_WM_PLUS,16,33,"16:2:2 17:0:1",17,0,1,3,13,2,2,6,4,"3:0:1 6:1:2 6:1:2 16:2:2"
OO_WM_PLUS,16,33,"16:2:2 17:0:1",17,0,1,3,16,1,1,2,4,"2:2:2 3:0:1 13:1:1 13:2:2"
OO_WM_PLUS,16,33,"16:2:2 17:0:1",17,0,1,3,16,1,1,4,4,"3:0:1 4:2:2 11:2:2 13:1:1"
OO_WM_PLUS,16,33,"16:2:2 17:0:1",17,0,1,3,16,1,1,5,4,"3:0:1 5:2:2 10:2:2 13:1:1"
OO_WM_PLUS,16,33,"16:2:2 17:0:1",17,0,1,3,16,1,1,6,4,"3:0:1 6:2:2 9:2:2 13:1:1"
OO_WM_PLUS,16,33,"16:2:2 17:0:1",17,0,1,3,16,1,1,7,4,"3:0:1 7:2:2 8:2:2 13:1:1"
OO_WM_PLUS,16,33,"16:2:2 17:0:1",17,0,1,4,12,2,2,1,4,"1:1:2 4:0:1 10:1:2 16:2:2"
OO_WM_PLUS,16,33,"16:2:2 17:0:1",17,0,1,4,12,2,2,2,4,"2:1:2 4:0:1 9:1:2 16:2:2"
OO_WM_PLUS,16,33,"16:2:2 17:0:1",17,0,1,4,12,2,2,3,4,"3:1:2 4:0:1 8:1:2 16:2:2"
OO_WM_PLUS,16,33,"16:2:2 17:0:1",17,0,1,4,12,2,2,4,4,"4:0:1 4:1:2 7:1:2 16:2:2"
OO_WM_PLUS,16,33,"16:2:2 17:0:1",17,0,1,4,12,2,2,5,4,"4:0:1 5:1:2 6:1:2 16:2:2"
OO_WM_PLUS,16,33,"16:2:2 17:0:1",17,0,1,4,16,1,1,2,4,"2:2:2 4:0:1 12:1:1 13:2:2"
OO_WM_PLUS,16,33,"16:2:2 17:0:1",17,0,1,4,16,1,1,3,4,"3:2:2 4:0:1 12:1:1 12:2:2"
OO_WM_PLUS,16,33,"16:2:2 17:0:1",17,0,1,4,16,1,1,5,4,"4:0:1 5:2:2 10:2:2 12:1:1"
OO_WM_PLUS,16,33,"16:2:2 17:0:1",17,0,1,4,16,1,1,6,4,"4:0:1 6:2:2 9:2:2 12:1:1"
OO_WM_PLUS,16,33,"16:2:2 17:0:1",17,0,1,4,16,1,1,7,4,"4:0:1 7:2:2 8:2:2 12:1:1"
OO_WM_PLUS,16,33,"16:2:2 17:0:1",17,0,1,5,16,1,1,2,4,"2:2:2 5:0:1 11:1:1 13:2:2"
OO_WM_PLUS,16,33,"16:2:2 17:0:1",17,0,1,5,16,1,1,4,4,"4:2:2 5:0:1 11:1:1 11:2:2"
OO_WM_PLUS,16,33,"16:2:2 17:0:1",17,0,1,5,16,1,1,5,4,"5:0:1 5:2:2 10:2:2 11:1:1"
OO_WM_PLUS,16,33,"16:2:2 17:0:1",17,0,1,5,16,1,1,7,4,"5:0:1 7:2:2 8:2:2 11:1:1"
OO_WM_PLUS,16,33,"16:2:2 17:0:1",17,0,1,6,16,1,1,2,4,"2:2:2 6:0:1 10:1:1 13:2:2"
OO_WM_PLUS,16,33,"16:2:2 17:0:1",17,0,1,6,16,1,1,5,4,"5:2:2 6:0:1 10:1:1 10:2:2"
OO_WM_PLUS,16,33,"16:2:2 17:0:1",17,0,1,6,16,1,1,7,4,"6:0:1 7:2:2 8:2:2 10:1:1"
OO_WM_PLUS,16,33,"16:2:2 17:0:1",17,0,1,7,7,0,2,5,4,"1:1:2 5:0:2 9:1:1 16:2:2"
OO_WM_PLUS,16,33,"16:2:2 17:0:1",17,0,1,7,9,2,2,1,4,"1:1:2 7:0:1 7:1:2 16:2:2"
OO_WM_PLUS,16,33,"16:2:2 17:0:1",17,0,1,7,9,2,2,2,4,"2:1:2 6:1:2 7:0:1 16:2:2"
OO_WM_PLUS,16,33,"16:2:2 17:0:1",17,0,1,7,9,2,2,3,4,"3:1:2 5:1:2 7:0:1 16:2:2"
OO_WM_PLUS,16,33,"16:2:2 17:0:1",17,0,1,7,9,2,2,4,4,"4:1:2 4:1:2 7:0:1 16:2:2"
OO_WM_PLUS,16,33,"16:2:2 17:0:1",17,0,1,7,16,1,1,2,4,"2:2:2 7:0:1 9:1:1 13:2:2"
OO_WM_PLUS,16,33,"16:2:2 17:0:1",17,0,1,7,16,1,1,6,4,"6:2:2 7:0:1 9:1:1 9:2:2"
OO_WM_PLUS,16,33,"16:2:2 17:0:1",17,0,1,8,16,1,1,2,4,"2:2:2 8:0:1 8:1:1 13:2:2"
OO_WM_PLUS,16,33,"16:2:2 17:0:1",17,0,1,8,16,1,1,5,4,"5:2:2 8:0:1 8:1:1 10:2:2"
OO_WM_PLUS,16,33,"16:2:2 17:0:1",17,0,1,8,16,1,1,7,4,"7:2:2 8:0:1 8:1:1 8:2:2"
OO_WM_PLUS,16,33,"16:2:2 17:0:1",17,0,1,9,9,0,2,5,4,"3:1:2 5:0:2 7:1:1 16:2:2"
OO_WM_PLUS,16,33,"16:2:2 17:0:1",17,0,1,9,16,1,1,2,4,"2:2:2 7:1:1 9:0:1 13:2:2"
OO_WM_PLUS,16,33,"16:2:2 17:0:1",17,0,1,9,16,1,1,4,4,"4:2:2 7:1:1 9:0:1 11:2:2"
OO_WM_PLUS,16,33,"16:2:2 17:0:1",17,0,1,9,16,1,1,5,4,"5:2:2 7:1:1 9:0:1 10:2:2"
OO_WM_PLUS,16,33,"16:2:2 17:0:1",17,0,1,9,16,1,1,7,4,"7:1:1 7:2:2 8:2:2 9:0:1"
OO_WM_PLUS,16,33,"16:2:2 17:0:1",17,0,1,10,10,0,2,5,4,"4:1:2 5:0:2 6:1:1 16:2:2"
OO_WM_PLUS,16,33,"16:2:2 17:0:1",17,0,1,10,10,0,2,7,4,"2:1:2 6:1:1 7:0:2 16:2:2"
OO_WM_PLUS,16,33,"16:2:2 17:0:1",17,0,1,10,10,0,2,8,4,"1:1:2 6:1:1 8:0:2 16:2:2"
OO_WM_PLUS,16,33,"16:2:2 17:0:1",17,0,1,10,16,1,1,2,4,"2:2:2 6:1:1 10:0:1 13:2:2"
OO_WM_PLUS,16,33,"16:2:2 17:0:1",17,0,1,10,16,1,1,5,4,"5:2:2 6:1:1 10:0:1 10:2:2"
OO_WM_PLUS,16,33,"16:2:2 17:0:1",17,0,1,10,16,1,1,6,4,"6:1:1 6:2:2 9:2:2 10:0:1"
OO_WM_PLUS,16,33,"16:2:2 17:0:1",17,0,1,10,16,1,1,7,4,"6:1:1 7:2:2 8:2:2 10:0:1"
OO_WM_PLUS,16,33,"16:2:2 17:0:1",17,0,1,11,16,1,1,2,4,"2:2:2 5:1:1 11:0:1 13:2:2"
OO_WM_PLUS,16,33,"16:2:2 17:0:1",17,0,1,11,16,1,1,5,4,"5:1:1 5:2:2 10:2:2 11:0:1"
OO_WM_PLUS,16,33,"16:2:2 17:0:1",17,0,1,12,12,0,2,5,4,"4:1:1 5:0:2 6:1:2 16:2:2"
OO_WM_PLUS,16,33,"16:2:2 17:0:1",17,0,1,12,12,0,2,7,4,"4:1:1 4:1:2 7:0:2 16:2:2"
OO_WM_PLUS,16,33,"16:2:2 17:0:1",17,0,1,12,12,0,2,8,4,"3:1:2 4:1:1 8:0:2 16:2:2"
OO_WM_PLUS,16,33,"16:2:2 17:0:1",17,0,1,12,12,0,2,9,4,"2:1:2 4:1:1 9:0:2 16:2:2"
OO_WM_PLUS,16,33,"16:2:2 17:0:1",17,0,1,12,12,0,2,10,4,"1:1:2 4:1:1 10:0:2 16:2:2"
OO_WM_PLUS,16,33,"16:2:2 17:0:1",17,0,1,12,16,1,1,2,4,"2:2:2 4:1:1 12:0:1 13:2:2"
OO_WM_PLUS,16,33,"16:2:2 17:0:1",17,0,1,12,16,1,1,4,4,"4:1:1 4:2:2 11:2:2 12:0:1"
OO_WM_PLUS,16,33,"16:2:2 17:0:1",17,0,1,12,16,1,1,5,4,"4:1:1 5:2:2 10:2:2 12:0:1"
OO_WM_PLUS,16,33,"16:2:2 17:0:1",17,0,1,12,16,1,1,6,4,"4:1:1 6:2:2 9:2:2 12:0:1"
OO_WM_PLUS,16,33,"16:2:2 17:0:1",17,0,1,12,16,1,1,7,4,"4:1:1 7:2:2 8:2:2 12:0:1"
OO_WM_PLUS,16,33,"16:2:2 17:0:1",17,0,1,13,13,0,2,2,4,"2:0:2 3:1:1 10:1:2 16:2:2"
OO_WM_PLUS,16,33,"16:2:2 17:0:1",17,0,1,13,13,0,2,3,4,"3:0:2 3:1:1 9:1:2 16:2:2"
OO_WM_PLUS,16,33,"16:2:2 17:0:1",17,0,1,13,13,0,2,4,4,"3:1:1 4:0:2 8:1:2 16:2:2"
OO_WM_PLUS,16,33,"16:2:2 17:0:1",17,0,1,13,13,0,2,5,4,"3:1:1 5:0:2 7:1:2 16:2:2"
OO_WM_PLUS,16,33,"16:2:2 17:0:1",17,0,1,13,13,0,2,6,4,"3:1:1 6:0:2 6:1:2 16:2:2"
OO_WM_PLUS,16,33,"16:2:2 17:0:1",17,0,1,13,13,0,2,7,4,"3:1:1 5:1:2 7:0:2 16:2:2"
OO_WM_PLUS,16,33,"16:2:2 17:0:1",17,0,1,13,13,0,2,8,4,"3:1:1 4:1:2 8:0:2 16:2:2"
OO_WM_PLUS,16,33,"16:2:2 17:0:1",17,0,1,13,13,0,2,9,4,"3:1:1 3:1:2 9:0:2 16:2:2"
OO_WM_PLUS,16,33,"16:2:2 17:0:1",17,0,1,13,13,0,2,10,4,"2:1:2 3:1:1 10:0:2 16:2:2"
OO_WM_PLUS,16,33,"16:2:2 17:0:1",17,0,1,13,13,0,2,11,4,"1:1:2 3:1:1 11:0:2 16:2:2"
OO_WM_PLUS,16,33,"16:2:2 17:0:1",17,0,1,13,16,1,1,2,4,"2:2:2 3:1:1 13:0:1 13:2:2"
OO_WM_PLUS,16,33,"16:2:2 17:0:1",17,0,1,13,16,1,1,3,4,"3:1:1 3:2:2 12:2:2 13:0:1"
OO_WM_PLUS,16,33,"16:2:2 17:0:1",17,0,1,13,16,1,1,4,4,"3:1:1 4:2:2 11:2:2 13:0:1"
OO_WM_PLUS,16,33,"16:2:2 17:0:1",17,0,1,13,16,1,1,5,4,"3:1:1 5:2:2 10:2:2 13:0:1"
OO_WM_PLUS,16,33,"16:2:2 17:0:1",17,0,1,13,16,1,1,6,4,"3:1:1 6:2:2 9:2:2 13:0:1"
OO_WM_PLUS,16,33,"16:2:2 17:0:1",17,0,1,13,16,1,1,7,4,"3:1:1 7:2:2 8:2:2 13:0:1"
OO_WM_PLUS,16,33,"16:2:2 17:0:1",17,0,1,14,16,1,1,2,4,"2:1:1 2:2:2 13:2:2 14:0:1"
OO_WM_PLUS,16,33,"16:2:2 17:0:1",17,0,1,15,15,0,2,2,4,"1:1:1 2:0:2 12:1:2 16:2:2"
OO_WM_PLUS,16,33,"16:2:2 17:0:1",17,0,1,15,15,0,2,4,4,"1:1:1 4:0:2 10:1:2 16:2:2"
OO_WM_PLUS,16,33,"16:2:2 17:0:1",17,0,1,15,15,0,2,5,4,"1:1:1 5:0:2 9:1:2 16:2:2"
OO_WM_PLUS,16,33,"16:2:2 17:0:1",17,0,1,15,15,0,2,6,4,"1:1:1 6:0:2 8:1:2 16:2:2"
OO_WM_PLUS,16,33,"16:2:2 17:0:1",17,0,1,15,15,0,2,7,4,"1:1:1 7:0:2 7:1:2 16:2:2"
OO_WM_PLUS,16,33,"16:2:2 17:0:1",17,0,1,15,15,0,2,8,4,"1:1:1 6:1:2 8:0:2 16:2:2"
OO_WM_PLUS,16,33,"16:2:2 17:0:1",17,0,1,15,15,0,2,9,4,"1:1:1 5:1:2 9:0:2 16:2:2"
OO_WM_PLUS,16,33,"16:2:2 17:0:1",17,0,1,15,15,0,2,10,4,"1:1:1 4:1:2 10:0:2 16:2:2"
OO_WM_PLUS,16,33,"16:2:2 17:0:1",17,0,1,15,15,0,2,11,4,"1:1:1 3:1:2 11:0:2 16:2:2"
OO_WM_PLUS,16,33,"16:2:2 17:0:1",17,0,1,15,15,0,2,12,4,"1:1:1 2:1:2 12:0:2 16:2:2"
OO_WM_PLUS,16,33,"16:2:2 17:0:1",17,0,1,15,15,0,2,13,4,"1:1:1 1:1:2 13:0:2 16:2:2"
OO_WM_PLUS,16,33,"16:2:2 17:0:1",17,0,1,15,16,1,1,1,4,"1:1:1 1:2:2 14:2:2 15:0:1"
OO_WM_PLUS,16,33,"16:2:2 17:0:1",17,0,1,15,16,1,1,2,4,"1:1:1 2:2:2 13:2:2 15:0:1"
OO_WM_PLUS,16,33,"16:2:2 17:0:1",17,0,1,15,16,1,1,3,4,"1:1:1 3:2:2 12:2:2 15:0:1"
OO_WM_PLUS,16,33,"16:2:2 17:0:1",17,0,1,15,16,1,1,4,4,"1:1:1 4:2:2 11:2:2 15:0:1"
OO_WM_PLUS,16,33,"16:2:2 17:0:1",17,0,1,15,16,1,1,5,4,"1:1:1 5:2:2 10:2:2 15:0:1"
OO_WM_PLUS,16,33,"16:2:2 17:0:1",17,0,1,15,16,1,1,6,4,"1:1:1 6:2:2 9:2:2 15:0:1"
OO_WM_PLUS,16,33,"16:2:2 17:0:1",17,0,1,15,16,1,1,7,4,"1:1:1 7:2:2 8:2:2 15:0:1"
OO_WM_PLUS,16,33,"16:2:2 17:0:1",17,0,1,16,16,0,2,2,3,"2:0:2 13:1:2 16:2:2"
OO_WM_PLUS,16,33,"16:2:2 17:0:1",17,0,1,16,16,0,2,3,3,"3:0:2 12:1:2 16:2:2"
OO_WM_PLUS,16,33,"16:2:2 17:0:1",17,0,1,16,16,0,2,4,3,"4:0:2 11:1:2 16:2:2"
OO_WM_PLUS,16,33,"16:2:2 17:0:1",17,0,1,16,16,0,2,5,3,"5:0:2 10:1:2 16:2:2"
OO_WM_PLUS,16,33,"16:2:2 17:0:1",17,0,1,16,16,0,2,6,3,"6:0:2 9:1:2 16:2:2"
OO_WM_PLUS,16,33,"16:2:2 17:0:1",17,0,1,16,16,0,2,7,3,"7:0:2 8:1:2 16:2:2"
OO_WM_PLUS,16,33,"16:2:2 17:0:1",17,0,1,16,16,0,2,8,3,"7:1:2 8:0:2 16:2:2"
OO_WM_PLUS,16,33,"16:2:2 17:0:1",17,0,1,16,16,0,2,9,3,"6:1:2 9:0:2 16:2:2"
OO_WM_PLUS,16,33,"16:2:2 17:0:1",17,0,1,16,16,0,2,10,3,"5:1:2 10:0:2 16:2:2"
OO_WM_PLUS,16,33,"16:2:2 17:0:1",17,0,1,16,16,0,2,11,3,"4:1:2 11:0:2 16:2:2"
OO_WM_PLUS,16,33,"16:2:2 17:0:1",17,0,1,16,16,0,2,12,3,"3:1:2 12:0:2 16:2:2"
OO_WM_PLUS,16,33,"16:2:2 17:0:1",17,0,1,16,16,0,2,13,3,"2:1:2 13:0:2 16:2:2"
OO_WM_PLUS,16,33,"16:2:2 17:0:1",17,0,1,16,16,0,2,14,3,"1:1:2 14:0:2 16:2:2"
OO_WM_PLUS,16,33,"16:2:2 17:0:1",17,0,1,16,16,1,1,0,2,"15:2:2 16:0:1"
OO_WM_PLUS,16,33,"16:2:2 17:0:1",17,0,1,16,16,1,1,1,3,"1:2:2 14:2:2 16:0:1"
OO_WM_PLUS,16,33,"16:2:2 17:0:1",17,0,1,16,16,1,1,2,3,"2:2:2 13:2:2 16:0:1"
OO_WM_PLUS,16,33,"16:2:2 17:0:1",17,0,1,16,16,1,1,3,3,"3:2:2 12:2:2 16:0:1"
OO_WM_PLUS,16,33,"16:2:2 17:0:1",17,0,1,16,16,1,1,4,3,"4:2:2 11:2:2 16:0:1"
OO_WM_PLUS,16,33,"16:2:2 17:0:1",17,0,1,16,16,1,1,5,3,"5:2:2 10:2:2 16:0:1"
OO_WM_PLUS,16,33,"16:2:2 17:0:1",17,0,1,16,16,1,1,6,3,"6:2:2 9:2:2 16:0:1"
OO_WM_PLUS,16,33,"16:2:2 17:0:1",17,0,1,16,16,1,1,7,3,"7:2:2 8:2:2 16:0:1"
WO_MO,16,32,"16:0:2 16:1:2",16,0,2,1,14,1,2,2,4,"1:0:1 2:2:2 11:1:2 16:1:2"
WO_MO,16,32,"16:0:2 16:1:2",16,0,2,1,14,1,2,4,4,"1:0:1 4:2:2 9:1:2 16:1:2"
WO_MO,16,32,"16:0:2 16:1:2",16,0,2,1,14,1,2,5,4,"1:0:1 5:2:2 8:1:2 16:1:2"
WO_MO,16,32,"16:0:2 16:1:2",16,0,2,1,14,1,2,6,4,"1:0:1 6:2:2 7:1:2 16:1:2"
WO_MO,16,32,"16:0:2 16:1:2",16,0,2,1,14,1,2,7,4,"1:0:1 6:1:2 7:2:2 16:1:2"
WO_MO,16,32,"16:0:2 16:1:2",16,0,2,1,14,1,2,8,4,"1:0:1 5:1:2 8:2:2 16:1:2"
WO_MO,16,32,"16:0:2 16:1:2",16,0,2,1,14,1,2,9,4,"1:0:1 4:1:2 9:2:2 16:1:2"
WO_MO,16,32,"16:0:2 16:1:2",16,0,2,1,14,1,2,10,4,"1:0:1 3:1:2 10:2:2 16:1:2"
WO_MO,16,32,"16:0:2 16:1:2",16,0,2,1,14,1,2,11,4,"1:0:1 2:1:2 11:2:2 16:1:2"
WO_MO,16,32,"16:0:2 16:1:2",16,0,2,1,14,1,2,12,4,"1:0:1 1:1:2 12:2:2 16:1:2"
WO_MO,16,32,"16:0:2 16:1:2",16,0,2,1,16,1,2,1,4,"1:0:1 1:2:2 14:1:2 14:1:2"
WO_MO,16,32,"16:0:2 16:1:2",16,0,2,1,16,1,2,2,4,"1:0:1 2:2:2 13:1:2 14:1:2"
WO_MO,16,32,"16:0:2 16:1:2",16,0,2,1,16,1,2,4,4,"1:0:1 4:2:2 11:1:2 14:1:2"
WO_MO,16,32,"16:0:2 16:1:2",16,0,2,1,16,1,2,5,4,"1:0:1 5:2:2 10:1:2 14:1:2"
WO_MO,16,32,"16:0:2 16:1:2",16,0,2,1,16,1,2,6,4,"1:0:1 6:2:2 9:1:2 14:1:2"
WO_MO,16,32,"16:0:2 16:1:2",16,0,2,1,16,1,2,7,4,"1:0:1 7:2:2 8:1:2 14:1:2"
WO_MO,16,32,"16:0:2 16:1:2",16,0,2,1,16,1,2,8,4,"1:0:1 7:1:2 8:2:2 14:1:2"
WO_MO,16,32,"16:0:2 16:1:2",16,0,2,1,16,1,2,9,4,"1:0:1 6:1:2 9:2:2 14:1:2"
WO_MO,16,32,"16:0:2 16:1:2",16,0,2,1,16,1,2,10,4,"1:0:1 5:1:2 10:2:2 14:1:2"
WO_MO,16,32,"16:0:2 16:1:2",16,0,2,1,16,1,2,11,4,"1:0:1 4:1:2 11:2:2 14:1:2"
WO_MO,16,32,"16:0:2 16:1:2",16,0,2,1,16,1,2,12,4,"1:0:1 3:1:2 12:2:2 14:1:2"
WO_MO,16,32,"16:0:2 16:1:2",16,0,2,1,16,1,2,13,4,"1:0:1 2:1:2 13:2:2 14:1:2"
WO_MO,16,32,"16:0:2 16:1:2",16,0,2,1,16,1,2,14,4,"1:0:1 1:1:2 14:1:2 14:2:2"
WO_MO,16,32,"16:0:2 16:1:2",16,0,2,2,16,1,2,2,4,"2:0:1 2:2:2 13:1:2 13:1:2"
WO_MO,16,32,"16:0:2 16:1:2",16,0,2,3,12,1,2,2,4,"2:2:2 3:0:1 9:1:2 16:1:2"
WO_MO,16,32,"16:0:2 16:1:2",16,0,2,3,12,1,2,4,4,"3:0:1 4:2:2 7:1:2 16:1:2"
WO_MO,16,32,"16:0:2 16:1:2",16,0,2,3,12,1,2,5,4,"3:0:1 5:2:2 6:1:2 16:1:2"
WO_MO,16,32,"16:0:2 16:1:2",16,0,2,3,12,1,2,6,4,"3:0:1 5:1:2 6:2:2 16:1:2"
WO_MO,16,32,"16:0:2 16:1:2",16,0,2,3,12,1,2,7,4,"3:0:1 4:1:2 7:2:2 16:1:2"
WO_MO,16,32,"16:0:2 16:1:2",16,0,2,3,12,1,2,8,4,"3:0:1 3:1:2 8:2:2 16:1:2"
WO_MO,16,32,"16:0:2 16:1:2",16,0,2,3,12,1,2,9,4,"2:1:2 3:0:1 9:2:2 16:1:2"
WO_MO,16,32,"16:0:2 16:1:2",16,0,2,3,12,1,2,10,4,"1:1:2 3:0:1 10:2:2 16:1:2"
WO_MO,16,32,"16:0:2 16:1:2",16,0,2,3,16,1,2,2,4,"2:2:2 3:0:1 12:1:2 13:1:2"
WO_MO,16,32,"16:0:2 16:1:2",16,0,2,3,16,1,2,3,4,"3:0:1 3:2:2 12:1:2 12:1:2"
WO_MO,16,32,"16:0:2 16:1:2",16,0,2,3,16,1,2,5,4,"3:0:1 5:2:2 10:1:2 12:1:2"
WO_MO,16,32,"16:0:2 16:1:2",16,0,2,3,16,1,2,6,4,"3:0:1 6:2:2 9:1:2 12:1:2"
WO_MO,16,32,"16:0:2 16:1:2",16,0,2,3,16,1,2,9,4,"3:0:1 6:1:2 9:2:2 12:1:2"
WO_MO,16,32,"16:0:2 16:1:2",16,0,2,3,16,1,2,10,4,"3:0:1 5:1:2 10:2:2 12:1:2"
WO_MO,16,32,"16:0:2 16:1:2",16,0,2,3,16,1,2,12,4,"3:0:1 3:1:2 12:1:2 12:2:2"
WO_MO,16,32,"16:0:2 16:1:2",16,0,2,3,16,1,2,13,4,"2:1:2 3:0:1 12:1:2 13:2:2"
WO_MO,16,32,"16:0:2 16:1:2",16,0,2,3,16,1,2,14,4,"1:1:2 3:0:1 12:1:2 14:2:2"
WO_MO,16,32,"16:0:2 16:1:2",16,0,2,4,4,0,2,2,4,"1:1:2 2:0:2 11:1:2 16:1:2"
WO_MO,16,32,"16:0:2 16:1:2",16,0,2,4,11,1,2,2,4,"2:2:2 4:0:1 8:1:2 16:1:2"
WO_MO,16,32,"16:0:2 16:1:2",16,0,2,4,11,1,2,5,4,"4:0:1 5:1:2 5:2:2 16:1:2"
WO_MO,16,32,"16:0:2 16:1:2",16,0,2,4,11,1,2,7,4,"3:1:2 4:0:1 7:2:2 16:1:2"
WO_MO,16,32,"16:0:2 16:1:2",16,0,2,4,11,1,2,8,4,"2:1:2 4:0:1 8:2:2 16:1:2"
WO_MO,16,32,"16:0:2 16:1:2",16,0,2,4,11,1,2,9,4,"1:1:2 4:0:1 9:2:2 16:1:2"
WO_MO,16,32,"16:0:2 16:1:2",16,0,2,4,16,1,2,2,4,"2:2:2 4:0:1 11:1:2 13:1:2"
WO_MO,16,32,"16:0:2 16:1:2",16,0,2,4,16,1,2,4,4,"4:0:1 4:2:2 11:1:2 11:1:2"
WO_MO,16,32,"16:0:2 16:1:2",16,0,2,4,16,1,2,5,4,"4:0:1 5:2:2 10:1:2 11:1:2"
WO_MO,16,32,"16:0:2 16:1:2",16,0,2,4,16,1,2,7,4,"4:0:1 7:2:2 8:1:2 11:1:2"
WO_MO,16,32,"16:0:2 16:1:2",16,0,2,4,16,1,2,8,4,"4:0:1 7:1:2 8:2:2 11:1:2"
WO_MO,16,32,"16:0:2 16:1:2",16,0,2,4,16,1,2,9,4,"4:0:1 6:1:2 9:2:2 11:1:2"
WO_MO,16,32,"16:0:2 16:1:2",16,0,2,4,16,1,2,10,4,"4:0:1 5:1:2 10:2:2 11:1:2"
WO_MO,16,32,"16:0:2 16:1:2",16,0,2,4,16,1,2,11,4,"4:0:1 4:1:2 11:1:2 11:2:2"
WO_MO,16,32,"16:0:2 16:1:2",16,0,2,4,16,1,2,12,4,"3:1:2 4:0:1 11:1:2 12:2:2"
WO_MO,16,32,"16:0:2 16:1:2",16,0,2,4,16,1,2,14,4,"1:1:2 4:0:1 11:1:2 14:2:2"
WO_MO,16,32,"16:0:2 16:1:2",16,0,2,5,5,0,2,2,4,"2:0:2 2:1:2 10:1:2 16:1:2"
WO_MO,16,32,"16:0:2 16:1:2",16,0,2,5,16,1,2,2,4,"2:2:2 5:0:1 10:1:2 13:1:2"
WO_MO,16,32,"16:0:2 16:1:2",16,0,2,5,16,1,2,5,4,"5:0:1 5:2:2 10:1:2 10:1:2"
WO_MO,16,32,"16:0:2 16:1:2",16,0,2,6,6,0,2,2,4,"2:0:2 3:1:2 9:1:2 16:1:2"
WO_MO,16,32,"16:0:2 16:1:2",16,0,2,6,9,1,2,2,4,"2:2:2 6:0:1 6:1:2 16:1:2"
WO_MO,16,32,"16:0:2 16:1:2",16,0,2,6,9,1,2,5,4,"3:1:2 5:2:2 6:0:1 16:1:2"
WO_MO,16,32,"16:0:2 16:1:2",16,0,2,6,9,1,2,6,4,"2:1:2 6:0:1 6:2:2 16:1:2"
WO_MO,16,32,"16:0:2 16:1:2",16,0,2,6,9,1,2,7,4,"1:1:2 6:0:1 7:2:2 16:1:2"
WO_MO,16,32,"16:0:2 16:1:2",16,0,2,6,16,1,2,2,4,"2:2:2 6:0:1 9:1:2 13:1:2"
WO_MO,16,32,"16:0:2 16:1:2",16,0,2,6,16,1,2,5,4,"5:2:2 6:0:1 9:1:2 10:1:2"
WO_MO,16,32,"16:0:2 16:1:2",16,0,2,6,16,1,2,6,4,"6:0:1 6:2:2 9:1:2 9:1:2"
WO_MO,16,32,"16:0:2 16:1:2",16,0,2,6,16,1,2,9,4,"6:0:1 6:1:2 9:1:2 9:2:2"
WO_MO,16,32,"16:0:2 16:1:2",16,0,2,6,16,1,2,12,4,"3:1:2 6:0:1 9:1:2 12:2:2"
WO_MO,16,32,"16:0:2 16:1:2",16,0,2,6,16,1,2,13,4,"2:1:2 6:0:1 9:1:2 13:2:2"
WO_MO,16,32,"16:0:2 16:1:2",16,0,2,6,16,1,2,14,4,"1:1:2 6:0:1 9:1:2 14:2:2"
WO_MO,16,32,"16:0:2 16:1:2",16,0,2,7,7,0,2,2,4,"2:0:2 4:1:2 8:1:2 16:1:2"
WO_MO,16,32,"16:0:2 16:1:2",16,0,2,7,16,1,2,2,4,"2:2:2 7:0:1 8:1:2 13:1:2"
WO_MO,16,32,"16:0:2 16:1:2",16,0,2,7,16,1,2,5,4,"5:2:2 7:0:1 8:1:2 10:1:2"
WO_MO,16,32,"16:0:2 16:1:2",16,0,2,7,16,1,2,7,4,"7:0:1 7:2:2 8:1:2 8:1:2"
WO_MO,16,32,"16:0:2 16:1:2",16,0,2,8,8,0,2,2,4,"2:0:2 5:1:2 7:1:2 16:1:2"
WO_MO,16,32,"16:0:2 16:1:2",16,0,2,8,16,1,2,2,4,"2:2:2 7:1:2 8:0:1 13:1:2"
WO_MO,16,32,"16:0:2 16:1:2",16,0,2,8,16,1,2,5,4,"5:2:2 7:1:2 8:0:1 10:1:2"
WO_MO,16,32,"16:0:2 16:1:2",16,0,2,8,16,1,2,8,4,"7:1:2 7:1:2 8:0:1 8:2:2"
WO_MO,16,32,"16:0:2 16:1:2",16,0,2,9,6,1,2,2,4,"2:2:2 3:1:2 9:0:1 16:1:2"
WO_MO,16,32,"16:0:2 16:1:2",16,0,2,9,9,0,2,2,4,"2:0:2 6:1:2 6:1:2 16:1:2"
WO_MO,16,32,"16:0:2 16:1:2",16,0,2,9,16,1,2,2,4,"2:2:2 6:1:2 9:0:1 13:1:2"
WO_MO,16,32,"16:0:2 16:1:2",16,0,2,9,16,1,2,6,4,"6:1:2 6:2:2 9:0:1 9:1:2"
WO_MO,16,32,"16:0:2 16:1:2",16,0,2,9,16,1,2,9,4,"6:1:2 6:1:2 9:0:1 9:2:2"
WO_MO,16,32,"16:0:2 16:1:2",16,0,2,9,16,1,2,12,4,"3:1:2 6:1:2 9:0:1 12:2:2"
WO_MO,16,32,"16:0:2 16:1:2",16,0,2,10,10,0,2,2,4,"2:0:2 5:1:2 7:1:2 16:1:2"
WO_MO,16,32,"16:0:2 16:1:2",16,0,2,10,16,1,2,2,4,"2:2:2 5:1:2 10:0:1 13:1:2"
WO_MO,16,32,"16:0:2 16:1:2",16,0,2,10,16,1,2,5,4,"5:1:2 5:2:2 10:0:1 10:1:2"
WO_MO,16,32,"16:0:2 16:1:2",16,0,2,10,16,1,2,7,4,"5:1:2 7:2:2 8:1:2 10:0:1"
WO_MO,16,32,"16:0:2 16:1:2",16,0,2,10,16,1,2,10,4,"5:1:2 5:1:2 10:0:1 10:2:2"
WO_MO,16,32,"16:0:2 16:1:2",16,0,2,11,11,0,2,2,4,"2:0:2 4:1:2 8:1:2 16:1:2"
WO_MO,16,32,"16:0:2 16:1:2",16,0,2,11,16,1,2,2,4,"2:2:2 4:1:2 11:0:1 13:1:2"
WO_MO,16,32,"16:0:2 16:1:2",16,0,2,11,16,1,2,5,4,"4:1:2 5:2:2 10:1:2 11:0:1"
WO_MO,16,32,"16:0:2 16:1:2",16,0,2,11,16,1,2,8,4,"4:1:2 7:1:2 8:2:2 11:0:1"
WO_MO,16,32,"16:0:2 16:1:2",16,0,2,11,16,1,2,11,4,"4:1:2 4:1:2 11:0:1 11:2:2"
WO_MO,16,32,"16:0:2 16:1:2",16,0,2,12,12,0,2,2,4,"2:0:2 3:1:2 9:1:2 16:1:2"
WO_MO,16,32,"16:0:2 16:1:2",16,0,2,12,16,1,2,2,4,"2:2:2 3:1:2 12:0:1 13:1:2"
WO_MO,16,32,"16:0:2 16:1:2",16,0,2,12,16,1,2,9,4,"3:1:2 6:1:2 9:2:2 12:0:1"
WO_MO,16,32,"16:0:2 16:1:2",16,0,2,12,16,1,2,12,4,"3:1:2 3:1:2 12:0:1 12:2:2"
WO_MO,16,32,"16:0:2 16:1:2",16,0,2,13,13,0,2,2,4,"2:0:2 2:1:2 10:1:2 16:1:2"
WO_MO,16,32,"16:0:2 16:1:2",16,0,2,13,16,1,2,2,4,"2:1:2 2:2:2 13:0:1 13:1:2"
WO_MO,16,32,"16:0:2 16:1:2",16,0,2,13,16,1,2,5,4,"2:1:2 5:2:2 10:1:2 13:0:1"
WO_MO,16,32,"16:0:2 16:1:2",16,0,2,13,16,1,2,10,4,"2:1:2 5:1:2 10:2:2 13:0:1"
WO_MO,16,32,"16:0:2 16:1:2",16,0,2,13,16,1,2,13,4,"2:1:2 2:1:2 13:0:1 13:2:2"
WO_MO,16,32,"16:0:2 16:1:2",16,0,2,14,14,0,2,2,4,"1:1:2 2:0:2 11:1:2 16:1:2"
WO_MO,16,32,"16:0:2 16:1:2",16,0,2,14,16,1,2,2,4,"1:1:2 2:2:2 13:1:2 14:0:1"
WO_MO,16,32,"16:0:2 16:1:2",16,0,2,14,16,1,2,5,4,"1:1:2 5:2:2 10:1:2 14:0:1"
WO_MO,16,32,"16:0:2 16:1:2",16,0,2,14,16,1,2,8,4,"1:1:2 7:1:2 8:2:2 14:0:1"
WO_MO,16,32,"16:0:2 16:1:2",16,0,2,14,16,1,2,11,4,"1:1:2 4:1:2 11:2:2 14:0:1"
WO_MO,16,32,"16:0:2 16:1:2",16,0,2,14,16,1,2,14,4,"1:1:2 1:1:2 14:0:1 14:2:2"
WO_MO,16,32,"16:0:2 16:1:2",16,1,2,0,15,1,2,2,3,"2:2:2 12:1:2 16:0:2"
WO_MO,16,32,"16:0:2 16:1:2",16,1,2,0,15,1,2,3,3,"3:2:2 11:1:2 16:0:2"
WO_MO,16,32,"16:0:2 16:1:2",16,1,2,0,15,1,2,4,3,"4:2:2 10:1:2 16:0:2"
WO_MO,16,32,"16:0:2 16:1:2",16,1,2,0,15,1,2,5,3,"5:2:2 9:1:2 16:0:2"
WO_MO,16,32,"16:0:2 16:1:2",16,1,2,0,15,1,2,6,3,"6:2:2 8:1:2 16:0:2"
WO_MO,16,32,"16:0:2 16:1:2",16,1,2,0,15,1,2,7,3,"7:1:2 7:2:2 16:0:2"
WO_MO,16,32,"16:0:2 16:1:2",16,1,2,0,15,1,2,8,3,"6:1:2 8:2:2 16:0:2"
WO_MO,16,32,"16:0:2 16:1:2",16,1,2,0,15,1,2,9,3,"5:1:2 9:2:2 16:0:2"
WO_MO,16,32,"16:0:2 16:1:2",16,1,2,0,15,1,2,10,3,"4:1:2 10:2:2 16:0:2"
WO_MO,16,32,"16:0:2 16:1:2",16,1,2,0,15,1,2,11,3,"3:1:2 11:2:2 16:0:2"
WO_MO,16,32,"16:0:2 16:1:2",16,1,2,0,15,1,2,12,3,"2:1:2 12:2:2 16:0:2"
WO_MO,16,32,"16:0:2 16:1:2",16,1,2,0,15,1,2,13,3,"1:1:2 13:2:2 16:0:2"
WO_MO,16,32,"16:0:2 16:1:2",16,1,2,0,16,0,1,1,3,"1:0:2 14:2:2 15:1:2"
WO_MO,16,32,"16:0:2 16:1:2",16,1,2,0,16,0,1,2,3,"2:0:2 13:2:2 15:1:2"
WO_MO,16,32,"16:0:2 16:1:2",16,1,2,0,16,0,1,3,3,"3:0:2 12:2:2 15:1:2"
WO_MO,16,32,"16:0:2 16:1:2",16,1,2,0,16,0,1,4,3,"4:0:2 11:2:2 15:1:2"
WO_MO,16,32,"16:0:2 16:1:2",16,1,2,0,16,0,1,5,3,"5:0:2 10:2:2 15:1:2"
WO_MO,16,32,"16:0:2 16:1:2",16,1,2,0,16,0,1,6,3,"6:0:2 9:2:2 15:1:2"
WO_MO,16,32,"16:0:2 16:1:2",16,1,2,0,16,0,1,7,3,"7:0:2 8:2:2 15:1:2"
WO_MO,16,32,"16:0:2 16:1:2",16,1,2,0,16,0,1,8,3,"7:2:2 8:0:2 15:1:2"
WO_MO,16,32,"16:0:2 16:1:2",16,1,2,0,16,0,1,9,3,"6:2:2 9:0:2 15:1:2"
WO_MO,16,32,"16:0:2 16:1:2",16,1,2,0,16,0,1,10,3,"5:2:2 10:0:2 15:1:2"
WO_MO,16,32,"16:0:2 16:1:2",16,1,2,0,16,0,1,11,3,"4:2:2 11:0:2 15:1:2"
WO_MO,16,32,"16:0:2 16:1:2",16,1,2,0,16,0,1,12,3,"3:2:2 12:0:2 15:1:2"
WO_MO,16,32,"16:0:2 16:1:2",16,1,2,0,16,0,1,13,3,"2:2:2 13:0:2 15:1:2"
WO_MO,16,32,"16:0:2 16:1:2",16,1,2,0,16,0,1,14,3,"1:2:2 14:0:2 15:1:2"
WO_MO,16,32,"16:0:2 16:1:2",16,1,2,0,16,0,1,15,2,"15:0:2 15:1:2"
WO_MO,16,32,"16:0:2 16:1:2",16,1,2,1,14,1,2,2,4,"1:1:1 2:2:2 11:1:2 16:0:2"
WO_MO,16,32,"16:0:2 16:1:2",16,1,2,1,14,1,2,4,4,"1:1:1 4:2:2 9:1:2 16:0:2"
WO_MO,16,32,"16:0:2 16:1:2",16,1,2,1,14,1,2,5,4,"1:1:1 5:2:2 8:1:2 16:0:2"
WO_MO,16,32,"16:0:2 16:1:2",16,1,2,1,14,1,2,6,4,"1:1:1 6:2:2 7:1:2 16:0:2"
WO_MO,16,32,"16:0:2 16:1:2",16,1,2,1,14,1,2,7,4,"1:1:1 6:1:2 7:2:2 16:0:2"
WO_MO,16,32,"16:0:2 16:1:2",16,1,2,1,14,1,2,8,4,"1:1:1 5:1:2 8:2:2 16:0:2"
WO_MO,16,32,"16:0:2 16:1:2",16,1,2,1,14,1,2,9,4,"1:1:1 4:1:2 9:2:2 16:0:2"
WO_MO,16,32,"16:0:2 16:1:2",16,1,2,1,14,1,2,10,4,"1:1:1 3:1:2 10:2:2 16:0:2"
WO_MO,16,32,"16:0:2 16:1:2",16,1,2,1,14,1,2,11,4,"1:1:1 2:1:2 11:2:2 16:0:2"
WO_MO,16,32,"16:0:2 16:1:2",16,1,2,1,14,1,2,12,4,"1:1:1 1:1:2 12:2:2 16:0:2"
WO_MO,16,32,"16:0:2 16:1:2",16,1,2,1,16,0,1,1,4,"1:0:2 1:1:1 14:1:2 14:2:2"
WO_MO,16,32,"16:0:2 16:1:2",16,1,2,1,16,0,1,2,4,"1:1:1 2:0:2 13:2:2 14:1:2"
WO_MO,16,32,"16:0:2 16:1:2",16,1,2,1,16,0,1,3,4,"1:1:1 3:0:2 12:2:2 14:1:2"
WO_MO,16,32,"16:0:2 16:1:2",16,1,2,1,16,0,1,4,4,"1:1:1 4:0:2 11:2:2 14:1:2"
WO_MO,16,32,"16:0:2 16:1:2",16,1,2,1,16,0,1,5,4,"1:1:1 5:0:2 10:2:2 14:1:2"
WO_MO,16,32,"16:0:2 16:1:2",16,1,2,1,16,0,1,6,4,"1:1:1 6:0:2 9:2:2 14:1:2"
WO_MO,16,32,"16:0:2 16:1:2",16,1,2,1,16,0,1,7,4,"1:1:1 7:0:2 8:2:2 14:1:2"
WO_MO,16,32,"16:0:2 16:1:2",16,1,2,1,16,0,1,8,4,"1:1:1 7:2:2 8:0:2 14:1:2"
WO_MO,16,32,"16:0:2 16:1:2",16,1,2,1,16,0,1,9,4,"1:1:1 6:2:2 9:0:2 14:1:2"
WO_MO,16,32,"16:0:2 16:1:2",16,1,2,1,16,0,1,10,4,"1:1:1 5:2:2 10:0:2 14:1:2"
WO_MO,16,32,"16:0:2 16:1:2",16,1,2,1,16,0,1,11,4,"1:1:1 4:2:2 11:0:2 14:1:2"
WO_MO,16,32,"16:0:2 16:1:2",16,1,2,1,16,0,1,13,4,"1:1:1 2:2:2 13:0:2 14:1:2"
WO_MO,16,32,"16:0:2 16:1:2",16,1,2,1,16,0,1,14,4,"1:1:1 1:2:2 14:0:2 14:1:2"
WO_MO,16,32,"16:0:2 16:1:2",16,1,2,2,16,0,1,2,4,"2:0:2 2:1:1 13:1:2 13:2:2"
WO_MO,16,32,"16:0:2 16:1:2",16,1,2,2,16,0,1,13,4,"2:1:1 2:2:2 13:0:2 13:1:2"
WO_MO,16,32,"16:0:2 16:1:2",16,1,2,3,12,1,2,2,4,"2:2:2 3:1:1 9:1:2 16:0:2"
WO_MO,16,32,"16:0:2 16:1:2",16,1,2,3,12,1,2,4,4,"3:1:1 4:2:2 7:1:2 16:0:2"
WO_MO,16,32,"16:0:2 16:1:2",16,1,2,3,12,1,2,5,4,"3:1:1 5:2:2 6:1:2 16:0:2"
WO_MO,16,32,"16:0:2 16:1:2",16,1,2,3,12,1,2,6,4,"3:1:1 5:1:2 6:2:2 16:0:2"
WO_MO,16,32,"16:0:2 16:1:2",16,1,2,3,12,1,2,7,4,"3:1:1 4:1:2 7:2:2 16:0:2"
WO_MO,16,32,"16:0:2 16:1:2",16,1,2,3,12,1,2,8,4,"3:1:1 3:1:2 8:2:2 16:0:2"
WO_MO,16,32,"16:0:2 16:1:2",16,1,2,3,12,1,2,9,4,"2:1:2 3:1:1 9:2:2 16:0:2"
WO_MO,16,32,"16:0:2 16:1:2",16,1,2,3,12,1,2,10,4,"1:1:2 3:1:1 10:2:2 16:0:2"
WO_MO,16,32,"16:0:2 16:1:2",16,1,2,3,16,0,1,1,4,"1:0:2 3:1:1 12:1:2 14:2:2"
WO_MO,16,32,"16:0:2 16:1:2",16,1,2,3,16,0,1,2,4,"2:0:2 3:1:1 12:1:2 13:2:2"
WO_MO,16,32,"16:0:2 16:1:2",16,1,2,3,16,0,1,3,4,"3:0:2 3:1:1 12:1:2 12:2:2"
WO_MO,16,32,"16:0:2 16:1:2",16,1,2,3,16,0,1,5,4,"3:1:1 5:0:2 10:2:2 12:1:2"
WO_MO,16,32,"16:0:2 16:1:2",16,1,2,3,16,0,1,6,4,"3:1:1 6:0:2 9:2:2 12:1:2"
WO_MO,16,32,"16:0:2 16:1:2",16,1,2,3,16,0,1,8,4,"3:1:1 7:2:2 8:0:2 12:1:2"
WO_MO,16,32,"16:0:2 16:1:2",16,1,2,3,16,0,1,9,4,"3:1:1 6:2:2 9:0:2 12:1:2"
WO_MO,16,32,"16:0:2 16:1:2",16,1,2,3,16,0,1,10,4,"3:1:1 5:2:2 10:0:2 12:1:2"
WO_MO,16,32,"16:0:2 16:1:2",16,1,2,3,16,0,1,12,4,"3:1:1 3:2:2 12:0:2 12:1:2"
WO_MO,16,32,"16:0:2 16:1:2",16,1,2,3,16,0,1,13,4,"2:2:2 3:1:1 12:1:2 13:0:2"
WO_MO,16,32,"16:0:2 16:1:2",16,1,2,4,11,1,2,2,4,"2:2:2 4:1:1 8:1:2 16:0:2"
WO_MO,16,32,"16:0:2 16:1:2",16,1,2,4,11,1,2,9,4,"1:1:2 4:1:1 9:2:2 16:0:2"
WO_MO,16,32,"16:0:2 16:1:2",16,1,2,4,16,0,1,2,4,"2:0:2 4:1:1 11:1:2 13:2:2"
WO_MO,16,32,"16:0:2 16:1:2",16,1,2,4,16,0,1,11,4,"4:1:1 4:2:2 11:0:2 11:1:2"
WO_MO,16,32,"16:0:2 16:1:2",16,1,2,4,16,0,1,13,4,"2:2:2 4:1:1 11:1:2 13:0:2"
WO_MO,16,32,"16:0:2 16:1:2",16,1,2,5,16,0,1,2,4,"2:0:2 5:1:1 10:1:2 13:2:2"
WO_MO,16,32,"16:0:2 16:1:2",16,1,2,5,16,0,1,10,4,"5:1:1 5:2:2 10:0:2 10:1:2"
WO_MO,16,32,"16:0:2 16:1:2",16,1,2,5,16,0,1,13,4,"2:2:2 5:1:1 10:1:2 13:0:2"
WO_MO,16,32,"16:0:2 16:1:2",16,1,2,6,9,1,2,2,4,"2:2:2 6:1:1 6:1:2 16:0:2"
WO_MO,16,32,"16:0:2 16:1:2",16,1,2,6,9,1,2,5,4,"3:1:2 5:2:2 6:1:1 16:0:2"
WO_MO,16,32,"16:0:2 16:1:2",16,1,2,6,16,0,1,2,4,"2:0:2 6:1:1 9:1:2 13:2:2"
WO_MO,16,32,"16:0:2 16:1:2",16,1,2,6,16,0,1,3,4,"3:0:2 6:1:1 9:1:2 12:2:2"
WO_MO,16,32,"16:0:2 16:1:2",16,1,2,6,16,0,1,6,4,"6:0:2 6:1:1 9:1:2 9:2:2"
WO_MO,16,32,"16:0:2 16:1:2",16,1,2,6,16,0,1,9,4,"6:1:1 6:2:2 9:0:2 9:1:2"
WO_MO,16,32,"16:0:2 16:1:2",16,1,2,7,8,1,2,2,4,"2:2:2 5:1:2 7:1:1 16:0:2"
WO_MO,16,32,"16:0:2 16:1:2",16,1,2,7,16,0,1,2,4,"2:0:2 7:1:1 8:1:2 13:2:2"
WO_MO,16,32,"16:0:2 16:1:2",16,1,2,7,16,0,1,8,4,"7:1:1 7:2:2 8:0:2 8:1:2"
WO_MO,16,32,"16:0:2 16:1:2",16,1,2,7,16,0,1,10,4,"5:2:2 7:1:1 8:1:2 10:0:2"
WO_MO,16,32,"16:0:2 16:1:2",16,1,2,7,16,0,1,13,4,"2:2:2 7:1:1 8:1:2 13:0:2"
WO_MO,16,32,"16:0:2 16:1:2",16,1,2,8,16,0,1,2,4,"2:0:2 7:1:2 8:1:1 13:2:2"
WO_MO,16,32,"16:0:2 16:1:2",16,1,2,8,16,0,1,7,4,"7:0:2 7:1:2 8:1:1 8:2:2"
WO_MO,16,32,"16:0:2 16:1:2",16,1,2,8,16,0,1,10,4,"5:2:2 7:1:2 8:1:1 10:0:2"
WO_MO,16,32,"16:0:2 16:1:2",16,1,2,8,16,0,1,13,4,"2:2:2 7:1:2 8:1:1 13:0:2"
WO_MO,16,32,"16:0:2 16:1:2",16,1,2,9,6,1,2,2,4,"2:2:2 3:1:2 9:1:1 16:0:2"
WO_MO,16,32,"16:0:2 16:1:2",16,1,2,9,16,0,1,2,4,"2:0:2 6:1:2 9:1:1 13:2:2"
WO_MO,16,32,"16:0:2 16:1:2",16,1,2,9,16,0,1,3,4,"3:0:2 6:1:2 9:1:1 12:2:2"
WO_MO,16,32,"16:0:2 16:1:2",16,1,2,9,16,0,1,6,4,"6:0:2 6:1:2 9:1:1 9:2:2"
WO_MO,16,32,"16:0:2 16:1:2",16,1,2,10,5,1,2,2,4,"2:1:2 2:2:2 10:1:1 16:0:2"
WO_MO,16,32,"16:0:2 16:1:2",16,1,2,10,16,0,1,2,4,"2:0:2 5:1:2 10:1:1 13:2:2"
WO_MO,16,32,"16:0:2 16:1:2",16,1,2,10,16,0,1,5,4,"5:0:2 5:1:2 10:1:1 10:2:2"
WO_MO,16,32,"16:0:2 16:1:2",16,1,2,10,16,0,1,10,4,"5:1:2 5:2:2 10:0:2 10:1:1"
WO_MO,16,32,"16:0:2 16:1:2",16,1,2,10,16,0,1,13,4,"2:2:2 5:1:2 10:1:1 13:0:2"
WO_MO,16,32,"16:0:2 16:1:2",16,1,2,11,4,1,2,2,4,"1:1:2 2:2:2 11:1:1 16:0:2"
WO_MO,16,32,"16:0:2 16:1:2",16,1,2,11,16,0,1,2,4,"2:0:2 4:1:2 11:1:1 13:2:2"
WO_MO,16,32,"16:0:2 16:1:2",16,1,2,11,16,0,1,4,4,"4:0:2 4:1:2 11:1:1 11:2:2"
WO_MO,16,32,"16:0:2 16:1:2",16,1,2,11,16,0,1,7,4,"4:1:2 7:0:2 8:2:2 11:1:1"
WO_MO,16,32,"16:0:2 16:1:2",16,1,2,11,16,0,1,10,4,"4:1:2 5:2:2 10:0:2 11:1:1"
WO_MO,16,32,"16:0:2 16:1:2",16,1,2,11,16,0,1,13,4,"2:2:2 4:1:2 11:1:1 13:0:2"
WO_MO,16,32,"16:0:2 16:1:2",16,1,2,12,16,0,1,2,4,"2:0:2 3:1:2 12:1:1 13:2:2"
WO_MO,16,32,"16:0:2 16:1:2",16,1,2,12,16,0,1,3,4,"3:0:2 3:1:2 12:1:1 12:2:2"
WO_MO,16,32,"16:0:2 16:1:2",16,1,2,13,16,0,1,2,4,"2:0:2 2:1:2 13:1:1 13:2:2"
WO_MO,16,32,"16:0:2 16:1:2",16,1,2,13,16,0,1,13,4,"2:1:2 2:2:2 13:0:2 13:1:1"
WO_MO,16,32,"16:0:2 16:1:2",16,1,2,14,16,0,1,1,4,"1:0:2 1:1:2 14:1:1 14:2:2"
WO_MO,16,32,"16:0:2 16:1:2",16,1,2,14,16,0,1,2,4,"1:1:2 2:0:2 13:2:2 14:1:1"
WO_PLUS_MO,16,33,"16:1:2 17:0:2",16,1,2,0,15,1,2,1,3,"1:2:2 13:1:2 17:0:2"
WO_PLUS_MO,16,33,"16:1:2 17:0:2",16,1,2,0,15,1,2,2,3,"2:2:2 12:1:2 17:0:2"
WO_PLUS_MO,16,33,"16:1:2 17:0:2",16,1,2,0,15,1,2,3,3,"3:2:2 11:1:2 17:0:2"
WO_PLUS_MO,16,33,"16:1:2 17:0:2",16,1,2,0,15,1,2,4,3,"4:2:2 10:1:2 17:0:2"
WO_PLUS_MO,16,33,"16:1:2 17:0:2",16,1,2,0,15,1,2,5,3,"5:2:2 9:1:2 17:0:2"
WO_PLUS_MO,16,33,"16:1:2 17:0:2",16,1,2,0,15,1,2,6,3,"6:2:2 8:1:2 17:0:2"
WO_PLUS_MO,16,33,"16:1:2 17:0:2",16,1,2,0,15,1,2,7,3,"7:1:2 7:2:2 17:0:2"
WO_PLUS_MO,16,33,"16:1:2 17:0:2",16,1,2,0,15,1,2,8,3,"6:1:2 8:2:2 17:0:2"
WO_PLUS_MO,16,33,"16:1:2 17:0:2",16,1,2,0,15,1,2,9,3,"5:1:2 9:2:2 17:0:2"
WO_PLUS_MO,16,33,"16:1:2 17:0:2",16,1,2,0,15,1,2,10,3,"4:1:2 10:2:2 17:0:2"
WO_PLUS_MO,16,33,"16:1:2 17:0:2",16,1,2,0,15,1,2,11,3,"3:1:2 11:2:2 17:0:2"
WO_PLUS_MO,16,33,"16:1:2 17:0:2",16,1,2,0,15,1,2,12,3,"2:1:2 12:2:2 17:0:2"
WO_PLUS_MO,16,33,"16:1:2 17:0:2",16,1,2,0,15,1,2,13,3,"1:1:2 13:2:2 17:0:2"
WO_PLUS_MO,16,33,"16:1:2 17:0:2",16,1,2,0,17,0,1,1,3,"1:0:2 15:1:2 15:2:2"
WO_PLUS_MO,16,33,"16:1:2 17:0:2",16,1,2,0,17,0,1,2,3,"2:0:2 14:2:2 15:1:2"
WO_PLUS_MO,16,33,"16:1:2 17:0:2",16,1,2,0,17,0,1,3,3,"3:0:2 13:2:2 15:1:2"
WO_PLUS_MO,16,33,"16:1:2 17:0:2",16,1,2,0,17,0,1,4,3,"4:0:2 12:2:2 15:1:2"
WO_PLUS_MO,16,33,"16:1:2 17:0:2",16,1,2,0,17,0,1,5,3,"5:0:2 11:2:2 15:1:2"
WO_PLUS_MO,16,33,"16:1:2 17:0:2",16,1,2,0,17,0,1,6,3,"6:0:2 10:2:2 15:1:2"
WO_PLUS_MO,16,33,"16:1:2 17:0:2",16,1,2,0,17,0,1,7,3,"7:0:2 9:2:2 15:1:2"
WO_PLUS_MO,16,33,"16:1:2 17:0:2",16,1,2,0,17,0,1,8,3,"8:0:2 8:2:2 15:1:2"
WO_PLUS_MO,16,33,"16:1:2 17:0:2",16,1,2,0,17,0,1,9,3,"7:2:2 9:0:2 15:1:2"
WO_PLUS_MO,16,33,"16:1:2 17:0:2",16,1,2,0,17,0,1,10,3,"6:2:2 10:0:2 15:1:2"
WO_PLUS_MO,16,33,"16:1:2 17:0:2",16,1,2,0,17,0,1,11,3,"5:2:2 11:0:2 15:1:2"
WO_PLUS_MO,16,33,"16:1:2 17:0:2",16,1,2,0,17,0,1,12,3,"4:2:2 12:0:2 15:1:2"
WO_PLUS_MO,16,33,"16:1:2 17:0:2",16,1,2,0,17,0,1,13,3,"3:2:2 13:0:2 15:1:2"
WO_PLUS_MO,16,33,"16:1:2 17:0:2",16,1,2,0,17,0,1,14,3,"2:2:2 14:0:2 15:1:2"
WO_PLUS_MO,16,33,"16:1:2 17:0:2",16,1,2,0,17,0,1,15,3,"1:2:2 15:0:2 15:1:2"
WO_PLUS_MO,16,33,"16:1:2 17:0:2",16,1,2,0,17,0,1,16,2,"15:1:2 16:0:2"
WO_PLUS_MO,16,33,"16:1:2 17:0:2",16,1,2,1,14,1,2,2,4,"1:1:1 2:2:2 11:1:2 17:0:2"
WO_PLUS_MO,16,33,"16:1:2 17:0:2",16,1,2,1,14,1,2,4,4,"1:1:1 4:2:2 9:1:2 17:0:2"
WO_PLUS_MO,16,33,"16:1:2 17:0:2",16,1,2,1,14,1,2,5,4,"1:1:1 5:2:2 8:1:2 17:0:2"
WO_PLUS_MO,16,33,"16:1:2 17:0:2",16,1,2,1,14,1,2,6,4,"1:1:1 6:2:2 7:1:2 17:0:2"
WO_PLUS_MO,16,33,"16:1:2 17:0:2",16,1,2,1,14,1,2,7,4,"1:1:1 6:1:2 7:2:2 17:0:2"
WO_PLUS_MO,16,33,"16:1:2 17:0:2",16,1,2,1,14,1,2,8,4,"1:1:1 5:1:2 8:2:2 17:0:2"
WO_PLUS_MO,16,33,"16:1:2 17:0:2",16,1,2,1,14,1,2,9,4,"1:1:1 4:1:2 9:2:2 17:0:2"
WO_PLUS_MO,16,33,"16:1:2 17:0:2",16,1,2,1,14,1,2,10,4,"1:1:1 3:1:2 10:2:2 17:0:2"
WO_PLUS_MO,16,33,"16:1:2 17:0:2",16,1,2,1,14,1,2,11,4,"1:1:1 2:1:2 11:2:2 17:0:2"
WO_PLUS_MO,16,33,"16:1:2 17:0:2",16,1,2,1,14,1,2,12,4,"1:1:1 1:1:2 12:2:2 17:0:2"
WO_PLUS_MO,16,33,"16:1:2 17:0:2",16,1,2,1,17,0,1,2,4,"1:1:1 2:0:2 14:1:2 14:2:2"
WO_PLUS_MO,16,33,"16:1:2 17:0:2",16,1,2,1,17,0,1,3,4,"1:1:1 3:0:2 13:2:2 14:1:2"
WO_PLUS_MO,16,33,"16:1:2 17:0:2",16,1,2,1,17,0,1,4,4,"1:1:1 4:0:2 12:2:2 14:1:2"
WO_PLUS_MO,16,33,"16:1:2 17:0:2",16,1,2,1,17,0,1,5,4,"1:1:1 5:0:2 11:2:2 14:1:2"
WO_PLUS_MO,16,33,"16:1:2 17:0:2",16,1,2,1,17,0,1,6,4,"1:1:1 6:0:2 10:2:2 14:1:2"
WO_PLUS_MO,16,33,"16:1:2 17:0:2",16,1,2,1,17,0,1,7,4,"1:1:1 7:0:2 9:2:2 14:1:2"
WO_PLUS_MO,16,33,"16:1:2 17:0:2",16,1,2,1,17,0,1,8,4,"1:1:1 8:0:2 8:2:2 14:1:2"
WO_PLUS_MO,16,33,"16:1:2 17:0:2",16,1,2,1,17,0,1,9,4,"1:1:1 7:2:2 9:0:2 14:1:2"
WO_PLUS_MO,16,33,"16:1:2 17:0:2",16,1,2,1,17,0,1,10,4,"1:1:1 6:2:2 10:0:2 14:1:2"
WO_PLUS_MO,16,33,"16:1:2 17:0:2",16,1,2,1,17,0,1,11,4,"1:1:1 5:2:2 11:0:2 14:1:2"
WO_PLUS_MO,16,33,"16:1:2 17:0:2",16,1,2,1,17,0,1,12,4,"1:1:1 4:2:2 12:0:2 14:1:2"
WO_PLUS_MO,16,33,"16:1:2 17:0:2",16,1,2,1,17,0,1,14,4,"1:1:1 2:2:2 14:0:2 14:1:2"
WO_PLUS_MO,16,33,"16:1:2 17:0:2",16,1,2,1,17,0,1,15,4,"1:1:1 1:2:2 14:1:2 15:0:2"
WO_PLUS_MO,16,33,"16:1:2 17:0:2",16,1,2,2,17,0,1,14,4,"2:1:1 2:2:2 13:1:2 14:0:2"
WO_PLUS_MO,16,33,"16:1:2 17:0:2",16,1,2,3,12,1,2,2,4,"2:2:2 3:1:1 9:1:2 17:0:2"
WO_PLUS_MO,16,33,"16:1:2 17:0:2",16,1,2,3,12,1,2,4,4,"3:1:1 4:2:2 7:1:2 17:0:2"
WO_PLUS_MO,16,33,"16:1:2 17:0:2",16,1,2,3,12,1,2,5,4,"3:1:1 5:2:2 6:1:2 17:0:2"
WO_PLUS_MO,16,33,"16:1:2 17:0:2",16,1,2,3,12,1,2,6,4,"3:1:1 5:1:2 6:2:2 17:0:2"
WO_PLUS_MO,16,33,"16:1:2 17:0:2",16,1,2,3,12,1,2,7,4,"3:1:1 4:1:2 7:2:2 17:0:2"
WO_PLUS_MO,16,33,"16:1:2 17:0:2",16,1,2,3,12,1,2,8,4,"3:1:1 3:1:2 8:2:2 17:0:2"
WO_PLUS_MO,16,33,"16:1:2 17:0:2",16,1,2,3,12,1,2,9,4,"2:1:2 3:1:1 9:2:2 17:0:2"
WO_PLUS_MO,16,33,"16:1:2 17:0:2",16,1,2,3,12,1,2,10,4,"1:1:2 3:1:1 10:2:2 17:0:2"
WO_PLUS_MO,16,33,"16:1:2 17:0:2",16,1,2,3,17,0,1,2,4,"2:0:2 3:1:1 12:1:2 14:2:2"
WO_PLUS_MO,16,33,"16:1:2 17:0:2",16,1,2,3,17,0,1,3,4,"3:0:2 3:1:1 12:1:2 13:2:2"
WO_PLUS_MO,16,33,"16:1:2 17:0:2",16,1,2,3,17,0,1,4,4,"3:1:1 4:0:2 12:1:2 12:2:2"
WO_PLUS_MO,16,33,"16:1:2 17:0:2",16,1,2,3,17,0,1,5,4,"3:1:1 5:0:2 11:2:2 12:1:2"
WO_PLUS_MO,16,33,"16:1:2 17:0:2",16,1,2,3,17,0,1,6,4,"3:1:1 6:0:2 10:2:2 12:1:2"
WO_PLUS_MO,16,33,"16:1:2 17:0:2",16,1,2,3,17,0,1,7,4,"3:1:1 7:0:2 9:2:2 12:1:2"
WO_PLUS_MO,16,33,"16:1:2 17:0:2",16,1,2,3,17,0,1,8,4,"3:1:1 8:0:2 8:2:2 12:1:2"
WO_PLUS_MO,16,33,"16:1:2 17:0:2",16,1,2,3,17,0,1,9,4,"3:1:1 7:2:2 9:0:2 12:1:2"
WO_PLUS_MO,16,33,"16:1:2 17:0:2",16,1,2,3,17,0,1,10,4,"3:1:1 6:2:2 10:0:2 12:1:2"
WO_PLUS_MO,16,33,"16:1:2 17:0:2",16,1,2,3,17,0,1,11,4,"3:1:1 5:2:2 11:0:2 12:1:2"
WO_PLUS_MO,16,33,"16:1:2 17:0:2",16,1,2,3,17,0,1,12,4,"3:1:1 4:2:2 12:0:2 12:1:2"
WO_PLUS_MO,16,33,"16:1:2 17:0:2",16,1,2,3,17,0,1,13,4,"3:1:1 3:2:2 12:1:2 13:0:2"
WO_PLUS_MO,16,33,"16:1:2 17:0:2",16,1,2,3,17,0,1,14,4,"2:2:2 3:1:1 12:1:2 14:0:2"
WO_PLUS_MO,16,33,"16:1:2 17:0:2",16,1,2,3,17,0,1,15,4,"1:2:2 3:1:1 12:1:2 15:0:2"
WO_PLUS_MO,16,33,"16:1:2 17:0:2",16,1,2,4,11,1,2,2,4,"2:2:2 4:1:1 8:1:2 17:0:2"
WO_PLUS_MO,16,33,"16:1:2 17:0:2",16,1,2,4,11,1,2,4,4,"4:1:1 4:2:2 6:1:2 17:0:2"
WO_PLUS_MO,16,33,"16:1:2 17:0:2",16,1,2,4,11,1,2,5,4,"4:1:1 5:1:2 5:2:2 17:0:2"
WO_PLUS_MO,16,33,"16:1:2 17:0:2",16,1,2,4,11,1,2,6,4,"4:1:1 4:1:2 6:2:2 17:0:2"
WO_PLUS_MO,16,33,"16:1:2 17:0:2",16,1,2,4,11,1,2,7,4,"3:1:2 4:1:1 7:2:2 17:0:2"
WO_PLUS_MO,16,33,"16:1:2 17:0:2",16,1,2,4,11,1,2,8,4,"2:1:2 4:1:1 8:2:2 17:0:2"
WO_PLUS_MO,16,33,"16:1:2 17:0:2",16,1,2,4,11,1,2,9,4,"1:1:2 4:1:1 9:2:2 17:0:2"
WO_PLUS_MO,16,33,"16:1:2 17:0:2",16,1,2,4,17,0,1,5,4,"4:1:1 5:0:2 11:1:2 11:2:2"
WO_PLUS_MO,16,33,"16:1:2 17:0:2",16,1,2,4,17,0,1,7,4,"4:1:1 7:0:2 9:2:2 11:1:2"
WO_PLUS_MO,16,33,"16:1:2 17:0:2",16,1,2,4,17,0,1,8,4,"4:1:1 8:0:2 8:2:2 11:1:2"
WO_PLUS_MO,16,33,"16:1:2 17:0:2",16,1,2,4,17,0,1,9,4,"4:1:1 7:2:2 9:0:2 11:1:2"
WO_PLUS_MO,16,33,"16:1:2 17:0:2",16,1,2,4,17,0,1,11,4,"4:1:1 5:2:2 11:0:2 11:1:2"
WO_PLUS_MO,16,33,"16:1:2 17:0:2",16,1,2,4,17,0,1,12,4,"4:1:1 4:2:2 11:1:2 12:0:2"
WO_PLUS_MO,16,33,"16:1:2 17:0:2",16,1,2,4,17,0,1,14,4,"2:2:2 4:1:1 11:1:2 14:0:2"
WO_PLUS_MO,16,33,"16:1:2 17:0:2",16,1,2,5,17,0,1,11,4,"5:1:1 5:2:2 10:1:2 11:0:2"
WO_PLUS_MO,16,33,"16:1:2 17:0:2",16,1,2,5,17,0,1,14,4,"2:2:2 5:1:1 10:1:2 14:0:2"
WO_PLUS_MO,16,33,"16:1:2 17:0:2",16,1,2,6,9,1,2,2,4,"2:2:2 6:1:1 6:1:2 17:0:2"
WO_PLUS_MO,16,33,"16:1:2 17:0:2",16,1,2,6,9,1,2,4,4,"4:1:2 4:2:2 6:1:1 17:0:2"
WO_PLUS_MO,16,33,"16:1:2 17:0:2",16,1,2,6,9,1,2,5,4,"3:1:2 5:2:2 6:1:1 17:0:2"
WO_PLUS_MO,16,33,"16:1:2 17:0:2",16,1,2,6,9,1,2,7,4,"1:1:2 6:1:1 7:2:2 17:0:2"
WO_PLUS_MO,16,33,"16:1:2 17:0:2",16,1,2,6,17,0,1,4,4,"4:0:2 6:1:1 9:1:2 12:2:2"
WO_PLUS_MO,16,33,"16:1:2 17:0:2",16,1,2,6,17,0,1,7,4,"6:1:1 7:0:2 9:1:2 9:2:2"
WO_PLUS_MO,16,33,"16:1:2 17:0:2",16,1,2,6,17,0,1,10,4,"6:1:1 6:2:2 9:1:2 10:0:2"
WO_PLUS_MO,16,33,"16:1:2 17:0:2",16,1,2,6,17,0,1,14,4,"2:2:2 6:1:1 9:1:2 14:0:2"
WO_PLUS_MO,16,33,"16:1:2 17:0:2",16,1,2,7,8,1,2,2,4,"2:2:2 5:1:2 7:1:1 17:0:2"
WO_PLUS_MO,16,33,"16:1:2 17:0:2",16,1,2,7,8,1,2,5,4,"2:1:2 5:2:2 7:1:1 17:0:2"
WO_PLUS_MO,16,33,"16:1:2 17:0:2",16,1,2,7,17,0,1,5,4,"5:0:2 7:1:1 8:1:2 11:2:2"
WO_PLUS_MO,16,33,"16:1:2 17:0:2",16,1,2,7,17,0,1,8,4,"7:1:1 8:0:2 8:1:2 8:2:2"
WO_PLUS_MO,16,33,"16:1:2 17:0:2",16,1,2,7,17,0,1,9,4,"7:1:1 7:2:2 8:1:2 9:0:2"
WO_PLUS_MO,16,33,"16:1:2 17:0:2",16,1,2,7,17,0,1,11,4,"5:2:2 7:1:1 8:1:2 11:0:2"
WO_PLUS_MO,16,33,"16:1:2 17:0:2",16,1,2,7,17,0,1,14,4,"2:2:2 7:1:1 8:1:2 14:0:2"
WO_PLUS_MO,16,33,"16:1:2 17:0:2",16,1,2,8,7,1,2,2,4,"2:2:2 4:1:2 8:1:1 17:0:2"
WO_PLUS_MO,16,33,"16:1:2 17:0:2",16,1,2,8,8,2,2,1,4,"1:1:2 6:1:2 7:1:2 17:0:2"
WO_PLUS_MO,16,33,"16:1:2 17:0:2",16,1,2,8,8,2,2,3,4,"3:1:2 4:1:2 7:1:2 17:0:2"
WO_PLUS_MO,16,33,"16:1:2 17:0:2",16,1,2,8,17,0,1,8,4,"7:1:2 8:0:2 8:1:1 8:2:2"
WO_PLUS_MO,16,33,"16:1:2 17:0:2",16,1,2,8,17,0,1,11,4,"5:2:2 7:1:2 8:1:1 11:0:2"
WO_PLUS_MO,16,33,"16:1:2 17:0:2",16,1,2,8,17,0,1,14,4,"2:2:2 7:1:2 8:1:1 14:0:2"
WO_PLUS_MO,16,33,"16:1:2 17:0:2",16,1,2,9,6,1,2,2,4,"2:2:2 3:1:2 9:1:1 17:0:2"
WO_PLUS_MO,16,33,"16:1:2 17:0:2",16,1,2,9,9,2,2,1,4,"1:1:2 6:1:2 7:1:2 17:0:2"
WO_PLUS_MO,16,33,"16:1:2 17:0:2",16,1,2,9,9,2,2,4,4,"4:1:2 4:1:2 6:1:2 17:0:2"
WO_PLUS_MO,16,33,"16:1:2 17:0:2",16,1,2,9,17,0,1,4,4,"4:0:2 6:1:2 9:1:1 12:2:2"
WO_PLUS_MO,16,33,"16:1:2 17:0:2",16,1,2,9,17,0,1,7,4,"6:1:2 7:0:2 9:1:1 9:2:2"
WO_PLUS_MO,16,33,"16:1:2 17:0:2",16,1,2,9,17,0,1,10,4,"6:1:2 6:2:2 9:1:1 10:0:2"
WO_PLUS_MO,16,33,"16:1:2 17:0:2",16,1,2,9,17,0,1,14,4,"2:2:2 6:1:2 9:1:1 14:0:2"
WO_PLUS_MO,16,33,"16:1:2 17:0:2",16,1,2,10,5,1,2,2,4,"2:1:2 2:2:2 10:1:1 17:0:2"
WO_PLUS_MO,16,33,"16:1:2 17:0:2",16,1,2,10,17,0,1,5,4,"5:0:2 5:1:2 10:1:1 11:2:2"
WO_PLUS_MO,16,33,"16:1:2 17:0:2",16,1,2,10,17,0,1,6,4,"5:1:2 6:0:2 10:1:1 10:2:2"
WO_PLUS_MO,16,33,"16:1:2 17:0:2",16,1,2,10,17,0,1,8,4,"5:1:2 8:0:2 8:2:2 10:1:1"
WO_PLUS_MO,16,33,"16:1:2 17:0:2",16,1,2,10,17,0,1,11,4,"5:1:2 5:2:2 10:1:1 11:0:2"
WO_PLUS_MO,16,33,"16:1:2 17:0:2",16,1,2,10,17,0,1,14,4,"2:2:2 5:1:2 10:1:1 14:0:2"
WO_PLUS_MO,16,33,"16:1:2 17:0:2",16,1,2,11,4,1,2,2,4,"1:1:2 2:2:2 11:1:1 17:0:2"
WO_PLUS_MO,16,33,"16:1:2 17:0:2",16,1,2,11,11,2,2,3,4,"3:1:2 4:1:2 7:1:2 17:0:2"
WO_PLUS_MO,16,33,"16:1:2 17:0:2",16,1,2,11,11,2,2,4,4,"4:1:2 4:1:2 6:1:2 17:0:2"
WO_PLUS_MO,16,33,"16:1:2 17:0:2",16,1,2,11,17,0,1,5,4,"4:1:2 5:0:2 11:1:1 11:2:2"
WO_PLUS_MO,16,33,"16:1:2 17:0:2",16,1,2,11,17,0,1,7,4,"4:1:2 7:0:2 9:2:2 11:1:1"
WO_PLUS_MO,16,33,"16:1:2 17:0:2",16,1,2,11,17,0,1,8,4,"4:1:2 8:0:2 8:2:2 11:1:1"
WO_PLUS_MO,16,33,"16:1:2 17:0:2",16,1,2,11,17,0,1,11,4,"4:1:2 5:2:2 11:0:2 11:1:1"
WO_PLUS_MO,16,33,"16:1:2 17:0:2",16,1,2,11,17,0,1,14,4,"2:2:2 4:1:2 11:1:1 14:0:2"
WO_PLUS_MO,16,33,"16:1:2 17:0:2",16,1,2,12,12,2,2,4,4,"3:1:2 4:1:2 7:1:2 17:0:2"
WO_PLUS_MO,16,33,"16:1:2 17:0:2",16,1,2,12,17,0,1,4,4,"3:1:2 4:0:2 12:1:1 12:2:2"
WO_PLUS_MO,16,33,"16:1:2 17:0:2",16,1,2,12,17,0,1,7,4,"3:1:2 7:0:2 9:2:2 12:1:1"
WO_PLUS_MO,16,33,"16:1:2 17:0:2",16,1,2,12,17,0,1,10,4,"3:1:2 6:2:2 10:0:2 12:1:1"
WO_PLUS_MO,16,33,"16:1:2 17:0:2",16,1,2,12,17,0,1,14,4,"2:2:2 3:1:2 12:1:1 14:0:2"
WO_PLUS_MO,16,33,"16:1:2 17:0:2",16,1,2,13,17,0,1,3,4,"2:1:2 3:0:2 13:1:1 13:2:2"
WO_PLUS_MO,16,33,"16:1:2 17:0:2",16,1,2,13,17,0,1,5,4,"2:1:2 5:0:2 11:2:2 13:1:1"
WO_PLUS_MO,16,33,"16:1:2 17:0:2",16,1,2,13,17,0,1,6,4,"2:1:2 6:0:2 10:2:2 13:1:1"
WO_PLUS_MO,16,33,"16:1:2 17:0:2",16,1,2,13,17,0,1,8,4,"2:1:2 8:0:2 8:2:2 13:1:1"
WO_PLUS_MO,16,33,"16:1:2 17:0:2",16,1,2,13,17,0,1,11,4,"2:1:2 5:2:2 11:0:2 13:1:1"
WO_PLUS_MO,16,33,"16:1:2 17:0:2",16,1,2,13,17,0,1,14,4,"2:1:2 2:2:2 13:1:1 14:0:2"
WO_PLUS_MO,16,33,"16:1:2 17:0:2",16,1,2,14,14,2,2,6,4,"1:1:2 6:1:2 7:1:2 17:0:2"
WO_PLUS_MO,16,33,"16:1:2 17:0:2",16,1,2,14,17,0,1,2,4,"1:1:2 2:0:2 14:1:1 14:2:2"
WO_PLUS_MO,16,33,"16:1:2 17:0:2",16,1,2,14,17,0,1,5,4,"1:1:2 5:0:2 11:2:2 14:1:1"
WO_PLUS_MO,16,33,"16:1:2 17:0:2",16,1,2,14,17,0,1,7,4,"1:1:2 7:0:2 9:2:2 14:1:1"
WO_PLUS_MO,16,33,"16:1:2 17:0:2",16,1,2,14,17,0,1,8,4,"1:1:2 8:0:2 8:2:2 14:1:1"
WO_PLUS_MO,16,33,"16:1:2 17:0:2",16,1,2,14,17,0,1,11,4,"1:1:2 5:2:2 11:0:2 14:1:1"
WO_PLUS_MO,16,33,"16:1:2 17:0:2",16,1,2,14,17,0,1,14,4,"1:1:2 2:2:2 14:0:2 14:1:1"
WO_PLUS_MO,16,33,"16:1:2 17:0:2",17,0,2,1,15,1,2,2,4,"1:0:1 2:2:2 12:1:2 16:1:2"
WO_PLUS_MO,16,33,"16:1:2 17:0:2",17,0,2,1,15,1,2,3,4,"1:0:1 3:2:2 11:1:2 16:1:2"
WO_PLUS_MO,16,33,"16:1:2 17:0:2",17,0,2,1,15,1,2,4,4,"1:0:1 4:2:2 10:1:2 16:1:2"
WO_PLUS_MO,16,33,"16:1:2 17:0:2",17,0,2,1,15,1,2,5,4,"1:0:1 5:2:2 9:1:2 16:1:2"
WO_PLUS_MO,16,33,"16:1:2 17:0:2",17,0,2,1,15,1,2,6,4,"1:0:1 6:2:2 8:1:2 16:1:2"
WO_PLUS_MO,16,33,"16:1:2 17:0:2",17,0,2,1,15,1,2,7,4,"1:0:1 7:1:2 7:2:2 16:1:2"
WO_PLUS_MO,16,33,"16:1:2 17:0:2",17,0,2,1,15,1,2,8,4,"1:0:1 6:1:2 8:2:2 16:1:2"
WO_PLUS_MO,16,33,"16:1:2 17:0:2",17,0,2,1,15,1,2,9,4,"1:0:1 5:1:2 9:2:2 16:1:2"
WO_PLUS_MO,16,33,"16:1:2 17:0:2",17,0,2,1,15,1,2,10,4,"1:0:1 4:1:2 10:2:2 16:1:2"
WO_PLUS_MO,16,33,"16:1:2 17:0:2",17,0,2,1,15,1,2,11,4,"1:0:1 3:1:2 11:2:2 16:1:2"
WO_PLUS_MO,16,33,"16:1:2 17:0:2",17,0,2,1,15,1,2,12,4,"1:0:1 2:1:2 12:2:2 16:1:2"
WO_PLUS_MO,16,33,"16:1:2 17:0:2",17,0,2,1,15,1,2,13,4,"1:0:1 1:1:2 13:2:2 16:1:2"
WO_PLUS_MO,16,33,"16:1:2 17:0:2",17,0,2,1,16,1,2,0,3,"1:0:1 15:1:2 15:1:2"
WO_PLUS_MO,16,33,"16:1:2 17:0:2",17,0,2,1,16,1,2,1,4,"1:0:1 1:2:2 14:1:2 15:1:2"
WO_PLUS_MO,16,33,"16:1:2 17:0:2",17,0,2,1,16,1,2,2,4,"1:0:1 2:2:2 13:1:2 15:1:2"
WO_PLUS_MO,16,33,"16:1:2 17:0:2",17,0,2,1,16,1,2,3,4,"1:0:1 3:2:2 12:1:2 15:1:2"
WO_PLUS_MO,16,33,"16:1:2 17:0:2",17,0,2,1,16,1,2,4,4,"1:0:1 4:2:2 11:1:2 15:1:2"
WO_PLUS_MO,16,33,"16:1:2 17:0:2",17,0,2,1,16,1,2,5,4,"1:0:1 5:2:2 10:1:2 15:1:2"
WO_PLUS_MO,16,33,"16:1:2 17:0:2",17,0,2,1,16,1,2,6,4,"1:0:1 6:2:2 9:1:2 15:1:2"
WO_PLUS_MO,16,33,"16:1:2 17:0:2",17,0,2,1,16,1,2,7,4,"1:0:1 7:2:2 8:1:2 15:1:2"
WO_PLUS_MO,16,33,"16:1:2 17:0:2",17,0,2,1,16,1,2,8,4,"1:0:1 7:1:2 8:2:2 15:1:2"
WO_PLUS_MO,16,33,"16:1:2 17:0:2",17,0,2,1,16,1,2,9,4,"1:0:1 6:1:2 9:2:2 15:1:2"
WO_PLUS_MO,16,33,"16:1:2 17:0:2",17,0,2,1,16,1,2,10,4,"1:0:1 5:1:2 10:2:2 15:1:2"
WO_PLUS_MO,16,33,"16:1:2 17:0:2",17,0,2,1,16,1,2,11,4,"1:0:1 4:1:2 11:2:2 15:1:2"
WO_PLUS_MO,16,33,"16:1:2 17:0:2",17,0,2,1,16,1,2,12,4,"1:0:1 3:1:2 12:2:2 15:1:2"
WO_PLUS_MO,16,33,"16:1:2 17:0:2",17,0,2,1,16,1,2,13,4,"1:0:1 2:1:2 13:2:2 15:1:2"
WO_PLUS_MO,16,33,"16:1:2 17:0:2",17,0,2,1,16,1,2,14,4,"1:0:1 1:1:2 14:2:2 15:1:2"
WO_PLUS_MO,16,33,"16:1:2 17:0:2",17,0,2,2,14,1,2,2,4,"2:0:1 2:2:2 11:1:2 16:1:2"
WO_PLUS_MO,16,33,"16:1:2 17:0:2",17,0,2,2,14,1,2,4,4,"2:0:1 4:2:2 9:1:2 16:1:2"
WO_PLUS_MO,16,33,"16:1:2 17:0:2",17,0,2,2,14,1,2,5,4,"2:0:1 5:2:2 8:1:2 16:1:2"
WO_PLUS_MO,16,33,"16:1:2 17:0:2",17,0,2,2,14,1,2,6,4,"2:0:1 6:2:2 7:1:2 16:1:2"
WO_PLUS_MO,16,33,"16:1:2 17:0:2",17,0,2,2,14,1,2,7,4,"2:0:1 6:1:2 7:2:2 16:1:2"
WO_PLUS_MO,16,33,"16:1:2 17:0:2",17,0,2,2,14,1,2,8,4,"2:0:1 5:1:2 8:2:2 16:1:2"
WO_PLUS_MO,16,33,"16:1:2 17:0:2",17,0,2,2,14,1,2,9,4,"2:0:1 4:1:2 9:2:2 16:1:2"
WO_PLUS_MO,16,33,"16:1:2 17:0:2",17,0,2,2,14,1,2,10,4,"2:0:1 3:1:2 10:2:2 16:1:2"
WO_PLUS_MO,16,33,"16:1:2 17:0:2",17,0,2,2,14,1,2,11,4,"2:0:1 2:1:2 11:2:2 16:1:2"
WO_PLUS_MO,16,33,"16:1:2 17:0:2",17,0,2,2,14,1,2,12,4,"1:1:2 2:0:1 12:2:2 16:1:2"
WO_PLUS_MO,16,33,"16:1:2 17:0:2",17,0,2,2,16,1,2,1,4,"1:2:2 2:0:1 14:1:2 14:1:2"
WO_PLUS_MO,16,33,"16:1:2 17:0:2",17,0,2,2,16,1,2,2,4,"2:0:1 2:2:2 13:1:2 14:1:2"
WO_PLUS_MO,16,33,"16:1:2 17:0:2",17,0,2,2,16,1,2,4,4,"2:0:1 4:2:2 11:1:2 14:1:2"
WO_PLUS_MO,16,33,"16:1:2 17:0:2",17,0,2,2,16,1,2,5,4,"2:0:1 5:2:2 10:1:2 14:1:2"
WO_PLUS_MO,16,33,"16:1:2 17:0:2",17,0,2,2,16,1,2,6,4,"2:0:1 6:2:2 9:1:2 14:1:2"
WO_PLUS_MO,16,33,"16:1:2 17:0:2",17,0,2,2,16,1,2,7,4,"2:0:1 7:2:2 8:1:2 14:1:2"
WO_PLUS_MO,16,33,"16:1:2 17:0:2",17,0,2,2,16,1,2,8,4,"2:0:1 7:1:2 8:2:2 14:1:2"
WO_PLUS_MO,16,33,"16:1:2 17:0:2",17,0,2,2,16,1,2,9,4,"2:0:1 6:1:2 9:2:2 14:1:2"
WO_PLUS_MO,16,33,"16:1:2 17:0:2",17,0,2,2,16,1,2,10,4,"2:0:1 5:1:2 10:2:2 14:1:2"
WO_PLUS_MO,16,33,"16:1:2 17:0:2",17,0,2,2,16,1,2,11,4,"2:0:1 4:1:2 11:2:2 14:1:2"
WO_PLUS_MO,16,33,"16:1:2 17:0:2",17,0,2,2,16,1,2,12,4,"2:0:1 3:1:2 12:2:2 14:1:2"
WO_PLUS_MO,16,33,"16:1:2 17:0:2",17,0,2,2,16,1,2,13,4,"2:0:1 2:1:2 13:2:2 14:1:2"
WO_PLUS_MO,16,33,"16:1:2 17:0:2",17,0,2,2,16,1,2,14,4,"1:1:2 2:0:1 14:1:2 14:2:2"
WO_PLUS_MO,16,33,"16:1:2 17:0:2",17,0,2,3,13,1,2,2,4,"2:2:2 3:0:1 10:1:2 16:1:2"
WO_PLUS_MO,16,33,"16:1:2 17:0:2",17,0,2,3,13,1,2,5,4,"3:0:1 5:2:2 7:1:2 16:1:2"
WO_PLUS_MO,16,33,"16:1:2 17:0:2",17,0,2,3,13,1,2,6,4,"3:0:1 6:1:2 6:2:2 16:1:2"
WO_PLUS_MO,16,33,"16:1:2 17:0:2",17,0,2,3,13,1,2,7,4,"3:0:1 5:1:2 7:2:2 16:1:2"
WO_PLUS_MO,16,33,"16:1:2 17:0:2",17,0,2,3,13,1,2,8,4,"3:0:1 4:1:2 8:2:2 16:1:2"
WO_PLUS_MO,16,33,"16:1:2 17:0:2",17,0,2,3,13,1,2,9,4,"3:0:1 3:1:2 9:2:2 16:1:2"
WO_PLUS_MO,16,33,"16:1:2 17:0:2",17,0,2,3,13,1,2,10,4,"2:1:2 3:0:1 10:2:2 16:1:2"
WO_PLUS_MO,16,33,"16:1:2 17:0:2",17,0,2,3,13,1,2,11,4,"1:1:2 3:0:1 11:2:2 16:1:2"
WO_PLUS_MO,16,33,"16:1:2 17:0:2",17,0,2,3,16,1,2,2,4,"2:2:2 3:0:1 13:1:2 13:1:2"
WO_PLUS_MO,16,33,"16:1:2 17:0:2",17,0,2,3,16,1,2,4,4,"3:0:1 4:2:2 11:1:2 13:1:2"
WO_PLUS_MO,16,33,"16:1:2 17:0:2",17,0,2,3,16,1,2,5,4,"3:0:1 5:2:2 10:1:2 13:1:2"
WO_PLUS_MO,16,33,"16:1:2 17:0:2",17,0,2,3,16,1,2,7,4,"3:0:1 7:2:2 8:1:2 13:1:2"
WO_PLUS_MO,16,33,"16:1:2 17:0:2",17,0,2,3,16,1,2,8,4,"3:0:1 7:1:2 8:2:2 13:1:2"
WO_PLUS_MO,16,33,"16:1:2 17:0:2",17,0,2,3,16,1,2,9,4,"3:0:1 6:1:2 9:2:2 13:1:2"
WO_PLUS_MO,16,33,"16:1:2 17:0:2",17,0,2,3,16,1,2,10,4,"3:0:1 5:1:2 10:2:2 13:1:2"
WO_PLUS_MO,16,33,"16:1:2 17:0:2",17,0,2,3,16,1,2,11,4,"3:0:1 4:1:2 11:2:2 13:1:2"
WO_PLUS_MO,16,33,"16:1:2 17:0:2",17,0,2,3,16,1,2,12,4,"3:0:1 3:1:2 12:2:2 13:1:2"
WO_PLUS_MO,16,33,"16:1:2 17:0:2",17,0,2,3,16,1,2,13,4,"2:1:2 3:0:1 13:1:2 13:2:2"
WO_PLUS_MO,16,33,"16:1:2 17:0:2",17,0,2,3,16,1,2,14,4,"1:1:2 3:0:1 13:1:2 14:2:2"
WO_PLUS_MO,16,33,"16:1:2 17:0:2",17,0,2,4,12,1,2,2,4,"2:2:2 4:0:1 9:1:2 16:1:2"
WO_PLUS_MO,16,33,"16:1:2 17:0:2",17,0,2,4,12,1,2,4,4,"4:0:1 4:2:2 7:1:2 16:1:2"
WO_PLUS_MO,16,33,"16:1:2 17:0:2",17,0,2,4,12,1,2,5,4,"4:0:1 5:2:2 6:1:2 16:1:2"
WO_PLUS_MO,16,33,"16:1:2 17:0:2",17,0,2,4,12,1,2,6,4,"4:0:1 5:1:2 6:2:2 16:1:2"
WO_PLUS_MO,16,33,"16:1:2 17:0:2",17,0,2,4,12,1,2,7,4,"4:0:1 4:1:2 7:2:2 16:1:2"
WO_PLUS_MO,16,33,"16:1:2 17:0:2",17,0,2,4,12,1,2,8,4,"3:1:2 4:0:1 8:2:2 16:1:2"
WO_PLUS_MO,16,33,"16:1:2 17:0:2",17,0,2,4,12,1,2,9,4,"2:1:2 4:0:1 9:2:2 16:1:2"
WO_PLUS_MO,16,33,"16:1:2 17:0:2",17,0,2,4,12,1,2,10,4,"1:1:2 4:0:1 10:2:2 16:1:2"
WO_PLUS_MO,16,33,"16:1:2 17:0:2",17,0,2,4,16,1,2,2,4,"2:2:2 4:0:1 12:1:2 13:1:2"
WO_PLUS_MO,16,33,"16:1:2 17:0:2",17,0,2,4,16,1,2,3,4,"3:2:2 4:0:1 12:1:2 12:1:2"
WO_PLUS_MO,16,33,"16:1:2 17:0:2",17,0,2,4,16,1,2,5,4,"4:0:1 5:2:2 10:1:2 12:1:2"
WO_PLUS_MO,16,33,"16:1:2 17:0:2",17,0,2,4,16,1,2,6,4,"4:0:1 6:2:2 9:1:2 12:1:2"
WO_PLUS_MO,16,33,"16:1:2 17:0:2",17,0,2,4,16,1,2,9,4,"4:0:1 6:1:2 9:2:2 12:1:2"
WO_PLUS_MO,16,33,"16:1:2 17:0:2",17,0,2,4,16,1,2,10,4,"4:0:1 5:1:2 10:2:2 12:1:2"
WO_PLUS_MO,16,33,"16:1:2 17:0:2",17,0,2,4,16,1,2,12,4,"3:1:2 4:0:1 12:1:2 12:2:2"
WO_PLUS_MO,16,33,"16:1:2 17:0:2",17,0,2,4,16,1,2,13,4,"2:1:2 4:0:1 12:1:2 13:2:2"
WO_PLUS_MO,16,33,"16:1:2 17:0:2",17,0,2,4,16,1,2,14,4,"1:1:2 4:0:1 12:1:2 14:2:2"
WO_PLUS_MO,16,33,"16:1:2 17:0:2",17,0,2,5,16,1,2,2,4,"2:2:2 5:0:1 11:1:2 13:1:2"
WO_PLUS_MO,16,33,"16:1:2 17:0:2",17,0,2,5,16,1,2,4,4,"4:2:2 5:0:1 11:1:2 11:1:2"
WO_PLUS_MO,16,33,"16:1:2 17:0:2",17,0,2,6,10,1,2,2,4,"2:2:2 6:0:1 7:1:2 16:1:2"
WO_PLUS_MO,16,33,"16:1:2 17:0:2",17,0,2,6,10,1,2,5,4,"4:1:2 5:2:2 6:0:1 16:1:2"
WO_PLUS_MO,16,33,"16:1:2 17:0:2",17,0,2,6,10,1,2,8,4,"1:1:2 6:0:1 8:2:2 16:1:2"
WO_PLUS_MO,16,33,"16:1:2 17:0:2",17,0,2,6,16,1,2,2,4,"2:2:2 6:0:1 10:1:2 13:1:2"
WO_PLUS_MO,16,33,"16:1:2 17:0:2",17,0,2,6,16,1,2,5,4,"5:2:2 6:0:1 10:1:2 10:1:2"
WO_PLUS_MO,16,33,"16:1:2 17:0:2",17,0,2,6,16,1,2,8,4,"6:0:1 7:1:2 8:2:2 10:1:2"
WO_PLUS_MO,16,33,"16:1:2 17:0:2",17,0,2,6,16,1,2,11,4,"4:1:2 6:0:1 10:1:2 11:2:2"
WO_PLUS_MO,16,33,"16:1:2 17:0:2",17,0,2,6,16,1,2,14,4,"1:1:2 6:0:1 10:1:2 14:2:2"
WO_PLUS_MO,16,33,"16:1:2 17:0:2",17,0,2,7,7,0,2,5,4,"1:1:2 5:0:2 9:1:2 16:1:2"
WO_PLUS_MO,16,33,"16:1:2 17:0:2",17,0,2,7,9,1,2,2,4,"2:2:2 6:1:2 7:0:1 16:1:2"
WO_PLUS_MO,16,33,"16:1:2 17:0:2",17,0,2,7,9,1,2,5,4,"3:1:2 5:2:2 7:0:1 16:1:2"
WO_PLUS_MO,16,33,"16:1:2 17:0:2",17,0,2,7,16,1,2,2,4,"2:2:2 7:0:1 9:1:2 13:1:2"
WO_PLUS_MO,16,33,"16:1:2 17:0:2",17,0,2,7,16,1,2,6,4,"6:2:2 7:0:1 9:1:2 9:1:2"
WO_PLUS_MO,16,33,"16:1:2 17:0:2",17,0,2,7,16,1,2,9,4,"6:1:2 7:0:1 9:1:2 9:2:2"
WO_PLUS_MO,16,33,"16:1:2 17:0:2",17,0,2,7,16,1,2,12,4,"3:1:2 7:0:1 9:1:2 12:2:2"
WO_PLUS_MO,16,33,"16:1:2 17:0:2",17,0,2,7,16,1,2,14,4,"1:1:2 7:0:1 9:1:2 14:2:2"
WO_PLUS_MO,16,33,"16:1:2 17:0:2",17,0,2,8,16,1,2,2,4,"2:2:2 8:0:1 8:1:2 13:1:2"
WO_PLUS_MO,16,33,"16:1:2 17:0:2",17,0,2,8,16,1,2,7,4,"7:2:2 8:0:1 8:1:2 8:1:2"
WO_PLUS_MO,16,33,"16:1:2 17:0:2",17,0,2,9,7,1,2,2,4,"2:2:2 4:1:2 9:0:1 16:1:2"
WO_PLUS_MO,16,33,"16:1:2 17:0:2",17,0,2,9,7,1,2,5,4,"1:1:2 5:2:2 9:0:1 16:1:2"
WO_PLUS_MO,16,33,"16:1:2 17:0:2",17,0,2,9,9,0,2,5,4,"3:1:2 5:0:2 7:1:2 16:1:2"
WO_PLUS_MO,16,33,"16:1:2 17:0:2",17,0,2,9,16,1,2,2,4,"2:2:2 7:1:2 9:0:1 13:1:2"
WO_PLUS_MO,16,33,"16:1:2 17:0:2",17,0,2,9,16,1,2,5,4,"5:2:2 7:1:2 9:0:1 10:1:2"
WO_PLUS_MO,16,33,"16:1:2 17:0:2",17,0,2,9,16,1,2,7,4,"7:1:2 7:2:2 8:1:2 9:0:1"
WO_PLUS_MO,16,33,"16:1:2 17:0:2",17,0,2,9,16,1,2,8,4,"7:1:2 7:1:2 8:2:2 9:0:1"
WO_PLUS_MO,16,33,"16:1:2 17:0:2",17,0,2,9,16,1,2,11,4,"4:1:2 7:1:2 9:0:1 11:2:2"
WO_PLUS_MO,16,33,"16:1:2 17:0:2",17,0,2,9,16,1,2,14,4,"1:1:2 7:1:2 9:0:1 14:2:2"
WO_PLUS_MO,16,33,"16:1:2 17:0:2",17,0,2,10,6,1,2,2,4,"2:2:2 3:1:2 10:0:1 16:1:2"
WO_PLUS_MO,16,33,"16:1:2 17:0:2",17,0,2,10,16,1,2,9,4,"6:1:2 6:1:2 9:2:2 10:0:1"
WO_PLUS_MO,16,33,"16:1:2 17:0:2",17,0,2,10,16,1,2,12,4,"3:1:2 6:1:2 10:0:1 12:2:2"
WO_PLUS_MO,16,33,"16:1:2 17:0:2",17,0,2,11,16,1,2,2,4,"2:2:2 5:1:2 11:0:1 13:1:2"
WO_PLUS_MO,16,33,"16:1:2 17:0:2",17,0,2,11,16,1,2,5,4,"5:1:2 5:2:2 10:1:2 11:0:1"
WO_PLUS_MO,16,33,"16:1:2 17:0:2",17,0,2,11,16,1,2,10,4,"5:1:2 5:1:2 10:2:2 11:0:1"
WO_PLUS_MO,16,33,"16:1:2 17:0:2",17,0,2,12,4,1,2,2,4,"1:1:2 2:2:2 12:0:1 16:1:2"
WO_PLUS_MO,16,33,"16:1:2 17:0:2",17,0,2,12,12,0,2,10,4,"1:1:2 4:1:2 10:0:2 16:1:2"
WO_PLUS_MO,16,33,"16:1:2 17:0:2",17,0,2,12,16,1,2,2,4,"2:2:2 4:1:2 12:0:1 13:1:2"
WO_PLUS_MO,16,33,"16:1:2 17:0:2",17,0,2,12,16,1,2,5,4,"4:1:2 5:2:2 10:1:2 12:0:1"
WO_PLUS_MO,16,33,"16:1:2 17:0:2",17,0,2,12,16,1,2,8,4,"4:1:2 7:1:2 8:2:2 12:0:1"
WO_PLUS_MO,16,33,"16:1:2 17:0:2",17,0,2,12,16,1,2,9,4,"4:1:2 6:1:2 9:2:2 12:0:1"
WO_PLUS_MO,16,33,"16:1:2 17:0:2",17,0,2,12,16,1,2,10,4,"4:1:2 5:1:2 10:2:2 12:0:1"
WO_PLUS_MO,16,33,"16:1:2 17:0:2",17,0,2,12,16,1,2,11,4,"4:1:2 4:1:2 11:2:2 12:0:1"
WO_PLUS_MO,16,33,"16:1:2 17:0:2",17,0,2,12,16,1,2,12,4,"3:1:2 4:1:2 12:0:1 12:2:2"
WO_PLUS_MO,16,33,"16:1:2 17:0:2",17,0,2,12,16,1,2,14,4,"1:1:2 4:1:2 12:0:1 14:2:2"
WO_PLUS_MO,16,33,"16:1:2 17:0:2",17,0,2,13,13,0,2,5,4,"3:1:2 5:0:2 7:1:2 16:1:2"
WO_PLUS_MO,16,33,"16:1:2 17:0:2",17,0,2,13,16,1,2,9,4,"3:1:2 6:1:2 9:2:2 13:0:1"
WO_PLUS_MO,16,33,"16:1:2 17:0:2",17,0,2,13,16,1,2,12,4,"3:1:2 3:1:2 12:2:2 13:0:1"
WO_PLUS_MO,16,33,"16:1:2 17:0:2",17,0,2,14,16,1,2,2,4,"2:1:2 2:2:2 13:1:2 14:0:1"
WO_PLUS_MO,16,33,"16:1:2 17:0:2",17,0,2,14,16,1,2,4,4,"2:1:2 4:2:2 11:1:2 14:0:1"
WO_PLUS_MO,16,33,"16:1:2 17:0:2",17,0,2,14,16,1,2,5,4,"2:1:2 5:2:2 10:1:2 14:0:1"
WO_PLUS_MO,16,33,"16:1:2 17:0:2",17,0,2,14,16,1,2,8,4,"2:1:2 7:1:2 8:2:2 14:0:1"
WO_PLUS_MO,16,33,"16:1:2 17:0:2",17,0,2,14,16,1,2,12,4,"2:1:2 3:1:2 12:2:2 14:0:1"
WO_PLUS_MO,16,33,"16:1:2 17:0:2",17,0,2,14,16,1,2,13,4,"2:1:2 2:1:2 13:2:2 14:0:1"
WO_PLUS_MO,16,33,"16:1:2 17:0:2",17,0,2,15,15,0,2,5,4,"1:1:2 5:0:2 9:1:2 16:1:2"
WO_PLUS_MO,16,33,"16:1:2 17:0:2",17,0,2,15,15,0,2,10,4,"1:1:2 4:1:2 10:0:2 16:1:2"
WO_PLUS_MO,16,33,"16:1:2 17:0:2",17,0,2,15,16,1,2,9,4,"1:1:2 6:1:2 9:2:2 15:0:1"
WO_PLUS_MO,16,33,"16:1:2 17:0:2",17,0,2,15,16,1,2,12,4,"1:1:2 3:1:2 12:2:2 15:0:1"
WO_PLUS_MO,16,33,"16:1:2 17:0:2",17,0,2,15,16,1,2,14,4,"1:1:2 1:1:2 14:2:2 15:0:1"
MO_MO,17,34,"17:1:2 17:1:2",17,1,2,0,16,1,2,2,3,"2:2:2 13:1:2 17:1:2"
MO_MO,17,34,"17:1:2 17:1:2",17,1,2,0,16,1,2,3,3,"3:2:2 12:1:2 17:1:2"
MO_MO,17,34,"17:1:2 17:1:2",17,1,2,0,16,1,2,4,3,"4:2:2 11:1:2 17:1:2"
MO_MO,17,34,"17:1:2 17:1:2",17,1,2,0,16,1,2,5,3,"5:2:2 10:1:2 17:1:2"
MO_MO,17,34,"17:1:2 17:1:2",17,1,2,0,16,1,2,6,3,"6:2:2 9:1:2 17:1:2"
MO_MO,17,34,"17:1:2 17:1:2",17,1,2,0,16,1,2,7,3,"7:2:2 8:1:2 17:1:2"
MO_MO,17,34,"17:1:2 17:1:2",17,1,2,0,16,1,2,8,3,"7:1:2 8:2:2 17:1:2"
MO_MO,17,34,"17:1:2 17:1:2",17,1,2,0,16,1,2,9,3,"6:1:2 9:2:2 17:1:2"
MO_MO,17,34,"17:1:2 17:1:2",17,1,2,0,16,1,2,10,3,"5:1:2 10:2:2 17:1:2"
MO_MO,17,34,"17:1:2 17:1:2",17,1,2,0,16,1,2,11,3,"4:1:2 11:2:2 17:1:2"
MO_MO,17,34,"17:1:2 17:1:2",17,1,2,0,16,1,2,12,3,"3:1:2 12:2:2 17:1:2"
MO_MO,17,34,"17:1:2 17:1:2",17,1,2,0,16,1,2,13,3,"2:1:2 13:2:2 17:1:2"
MO_MO,17,34,"17:1:2 17:1:2",17,1,2,0,16,1,2,14,3,"1:1:2 14:2:2 17:1:2"
MO_MO,17,34,"17:1:2 17:1:2",17,1,2,0,17,1,2,0,2,"16:1:2 16:1:2"
MO_MO,17,34,"17:1:2 17:1:2",17,1,2,0,17,1,2,1,3,"1:2:2 15:1:2 16:1:2"
MO_MO,17,34,"17:1:2 17:1:2",17,1,2,0,17,1,2,2,3,"2:2:2 14:1:2 16:1:2"
MO_MO,17,34,"17:1:2 17:1:2",17,1,2,0,17,1,2,3,3,"3:2:2 13:1:2 16:1:2"
MO_MO,17,34,"17:1:2 17:1:2",17,1,2,0,17,1,2,4,3,"4:2:2 12:1:2 16:1:2"
MO_MO,17,34,"17:1:2 17:1:2",17,1,2,0,17,1,2,5,3,"5:2:2 11:1:2 16:1:2"
MO_MO,17,34,"17:1:2 17:1:2",17,1,2,0,17,1,2,6,3,"6:2:2 10:1:2 16:1:2"
MO_MO,17,34,"17:1:2 17:1:2",17,1,2,0,17,1,2,7,3,"7:2:2 9:1:2 16:1:2"
MO_MO,17,34,"17:1:2 17:1:2",17,1,2,0,17,1,2,8,3,"8:1:2 8:2:2 16:1:2"
MO_MO,17,34,"17:1:2 17:1:2",17,1,2,0,17,1,2,9,3,"7:1:2 9:2:2 16:1:2"
MO_MO,17,34,"17:1:2 17:1:2",17,1,2,0,17,1,2,10,3,"6:1:2 10:2:2 16:1:2"
MO_MO,17,34,"17:1:2 17:1:2",17,1,2,0,17,1,2,11,3,"5:1:2 11:2:2 16:1:2"
MO_MO,17,34,"17:1:2 17:1:2",17,1,2,0,17,1,2,12,3,"4:1:2 12:2:2 16:1:2"
MO_MO,17,34,"17:1:2 17:1:2",17,1,2,0,17,1,2,13,3,"3:1:2 13:2:2 16:1:2"
MO_MO,17,34,"17:1:2 17:1:2",17,1,2,0,17,1,2,14,3,"2:1:2 14:2:2 16:1:2"
MO_MO,17,34,"17:1:2 17:1:2",17,1,2,0,17,1,2,15,3,"1:1:2 15:2:2 16:1:2"
MO_MO,17,34,"17:1:2 17:1:2",17,1,2,1,15,1,2,2,4,"1:1:1 2:2:2 12:1:2 17:1:2"
MO_MO,17,34,"17:1:2 17:1:2",17,1,2,1,15,1,2,4,4,"1:1:1 4:2:2 10:1:2 17:1:2"
MO_MO,17,34,"17:1:2 17:1:2",17,1,2,1,15,1,2,5,4,"1:1:1 5:2:2 9:1:2 17:1:2"
MO_MO,17,34,"17:1:2 17:1:2",17,1,2,1,15,1,2,6,4,"1:1:1 6:2:2 8:1:2 17:1:2"
MO_MO,17,34,"17:1:2 17:1:2",17,1,2,1,15,1,2,7,4,"1:1:1 7:1:2 7:2:2 17:1:2"
MO_MO,17,34,"17:1:2 17:1:2",17,1,2,1,15,1,2,8,4,"1:1:1 6:1:2 8:2:2 17:1:2"
MO_MO,17,34,"17:1:2 17:1:2",17,1,2,1,15,1,2,9,4,"1:1:1 5:1:2 9:2:2 17:1:2"
MO_MO,17,34,"17:1:2 17:1:2",17,1,2,1,15,1,2,10,4,"1:1:1 4:1:2 10:2:2 17:1:2"
MO_MO,17,34,"17:1:2 17:1:2",17,1,2,1,15,1,2,11,4,"1:1:1 3:1:2 11:2:2 17:1:2"
MO_MO,17,34,"17:1:2 17:1:2",17,1,2,1,15,1,2,12,4,"1:1:1 2:1:2 12:2:2 17:1:2"
MO_MO,17,34,"17:1:2 17:1:2",17,1,2,1,15,1,2,13,4,"1:1:1 1:1:2 13:2:2 17:1:2"
MO_MO,17,34,"17:1:2 17:1:2",17,1,2,1,17,1,2,1,4,"1:1:1 1:2:2 15:1:2 15:1:2"
MO_MO,17,34,"17:1:2 17:1:2",17,1,2,1,17,1,2,2,4,"1:1:1 2:2:2 14:1:2 15:1:2"
MO_MO,17,34,"17:1:2 17:1:2",17,1,2,1,17,1,2,4,4,"1:1:1 4:2:2 12:1:2 15:1:2"
MO_MO,17,34,"17:1:2 17:1:2",17,1,2,1,17,1,2,5,4,"1:1:1 5:2:2 11:1:2 15:1:2"
MO_MO,17,34,"17:1:2 17:1:2",17,1,2,1,17,1,2,6,4,"1:1:1 6:2:2 10:1:2 15:1:2"
MO_MO,17,34,"17:1:2 17:1:2",17,1,2,1,17,1,2,7,4,"1:1:1 7:2:2 9:1:2 15:1:2"
MO_MO,17,34,"17:1:2 17:1:2",17,1,2,1,17,1,2,8,4,"1:1:1 8:1:2 8:2:2 15:1:2"
MO_MO,17,34,"17:1:2 17:1:2",17,1,2,1,17,1,2,9,4,"1:1:1 7:1:2 9:2:2 15:1:2"
MO_MO,17,34,"17:1:2 17:1:2",17,1,2,1,17,1,2,10,4,"1:1:1 6:1:2 10:2:2 15:1:2"
MO_MO,17,34,"17:1:2 17:1:2",17,1,2,1,17,1,2,11,4,"1:1:1 5:1:2 11:2:2 15:1:2"
MO_MO,17,34,"17:1:2 17:1:2",17,1,2,1,17,1,2,12,4,"1:1:1 4:1:2 12:2:2 15:1:2"
MO_MO,17,34,"17:1:2 17:1:2",17,1,2,1,17,1,2,13,4,"1:1:1 3:1:2 13:2:2 15:1:2"
MO_MO,17,34,"17:1:2 17:1:2",17,1,2,1,17,1,2,14,4,"1:1:1 2:1:2 14:2:2 15:1:2"
MO_MO,17,34,"17:1:2 17:1:2",17,1,2,1,17,1,2,15,4,"1:1:1 1:1:2 15:1:2 15:2:2"
MO_MO,17,34,"17:1:2 17:1:2",17,1,2,2,17,1,2,2,4,"2:1:1 2:2:2 14:1:2 14:1:2"
MO_MO,17,34,"17:1:2 17:1:2",17,1,2,3,13,1,2,2,4,"2:2:2 3:1:1 10:1:2 17:1:2"
MO_MO,17,34,"17:1:2 17:1:2",17,1,2,3,13,1,2,4,4,"3:1:1 4:2:2 8:1:2 17:1:2"
MO_MO,17,34,"17:1:2 17:1:2",17,1,2,3,13,1,2,5,4,"3:1:1 5:2:2 7:1:2 17:1:2"
MO_MO,17,34,"17:1:2 17:1:2",17,1,2,3,13,1,2,7,4,"3:1:1 5:1:2 7:2:2 17:1:2"
MO_MO,17,34,"17:1:2 17:1:2",17,1,2,3,13,1,2,8,4,"3:1:1 4:1:2 8:2:2 17:1:2"
MO_MO,17,34,"17:1:2 17:1:2",17,1,2,3,13,1,2,10,4,"2:1:2 3:1:1 10:2:2 17:1:2"
MO_MO,17,34,"17:1:2 17:1:2",17,1,2,3,13,1,2,11,4,"1:1:2 3:1:1 11:2:2 17:1:2"
MO_MO,17,34,"17:1:2 17:1:2",17,1,2,3,17,1,2,2,4,"2:2:2 3:1:1 13:1:2 14:1:2"
MO_MO,17,34,"17:1:2 17:1:2",17,1,2,3,17,1,2,3,4,"3:1:1 3:2:2 13:1:2 13:1:2"
MO_MO,17,34,"17:1:2 17:1:2",17,1,2,3,17,1,2,5,4,"3:1:1 5:2:2 11:1:2 13:1:2"
MO_MO,17,34,"17:1:2 17:1:2",17,1,2,3,17,1,2,6,4,"3:1:1 6:2:2 10:1:2 13:1:2"
MO_MO,17,34,"17:1:2 17:1:2",17,1,2,3,17,1,2,7,4,"3:1:1 7:2:2 9:1:2 13:1:2"
MO_MO,17,34,"17:1:2 17:1:2",17,1,2,3,17,1,2,8,4,"3:1:1 8:1:2 8:2:2 13:1:2"
MO_MO,17,34,"17:1:2 17:1:2",17,1,2,3,17,1,2,9,4,"3:1:1 7:1:2 9:2:2 13:1:2"
MO_MO,17,34,"17:1:2 17:1:2",17,1,2,3,17,1,2,10,4,"3:1:1 6:1:2 10:2:2 13:1:2"
MO_MO,17,34,"17:1:2 17:1:2",17,1,2,3,17,1,2,11,4,"3:1:1 5:1:2 11:2:2 13:1:2"
MO_MO,17,34,"17:1:2 17:1:2",17,1,2,3,17,1,2,12,4,"3:1:1 4:1:2 12:2:2 13:1:2"
MO_MO,17,34,"17:1:2 17:1:2",17,1,2,3,17,1,2,13,4,"3:1:1 3:1:2 13:1:2 13:2:2"
MO_MO,17,34,"17:1:2 17:1:2",17,1,2,3,17,1,2,14,4,"2:1:2 3:1:1 13:1:2 14:2:2"
MO_MO,17,34,"17:1:2 17:1:2",17,1,2,3,17,1,2,15,4,"1:1:2 3:1:1 13:1:2 15:2:2"
MO_MO,17,34,"17:1:2 17:1:2",17,1,2,4,12,1,2,2,4,"2:2:2 4:1:1 9:1:2 17:1:2"
MO_MO,17,34,"17:1:2 17:1:2",17,1,2,4,17,1,2,2,4,"2:2:2 4:1:1 12:1:2 14:1:2"
MO_MO,17,34,"17:1:2 17:1:2",17,1,2,4,17,1,2,4,4,"4:1:1 4:2:2 12:1:2 12:1:2"
MO_MO,17,34,"17:1:2 17:1:2",17,1,2,4,17,1,2,9,4,"4:1:1 7:1:2 9:2:2 12:1:2"
MO_MO,17,34,"17:1:2 17:1:2",17,1,2,4,17,1,2,12,4,"4:1:1 4:1:2 12:1:2 12:2:2"
MO_MO,17,34,"17:1:2 17:1:2",17,1,2,4,17,1,2,15,4,"1:1:2 4:1:1 12:1:2 15:2:2"
MO_MO,17,34,"17:1:2 17:1:2",17,1,2,5,17,1,2,5,4,"5:1:1 5:2:2 11:1:2 11:1:2"
MO_MO,17,34,"17:1:2 17:1:2",17,1,2,6,10,1,2,2,4,"2:2:2 6:1:1 7:1:2 17:1:2"
MO_MO,17,34,"17:1:2 17:1:2",17,1,2,6,17,1,2,6,4,"6:1:1 6:2:2 10:1:2 10:1:2"
MO_MO,17,34,"17:1:2 17:1:2",17,1,2,6,17,1,2,15,4,"1:1:2 6:1:1 10:1:2 15:2:2"
MO_MO,17,34,"17:1:2 17:1:2",17,1,2,7,9,1,2,2,4,"2:2:2 6:1:2 7:1:1 17:1:2"
MO_MO,17,34,"17:1:2 17:1:2",17,1,2,7,17,1,2,7,4,"7:1:1 7:2:2 9:1:2 9:1:2"
MO_MO,17,34,"17:1:2 17:1:2",17,1,2,8,17,1,2,2,4,"2:2:2 8:1:1 8:1:2 14:1:2"
MO_MO,17,34,"17:1:2 17:1:2",17,1,2,8,17,1,2,8,4,"8:1:1 8:1:2 8:1:2 8:2:2"
MO_MO,17,34,"17:1:2 17:1:2",17,1,2,9,7,1,2,2,4,"2:2:2 4:1:2 9:1:1 17:1:2"
MO_MO,17,34,"17:1:2 17:1:2",17,1,2,9,17,1,2,9,4,"7:1:2 7:1:2 9:1:1 9:2:2"
MO_MO,17,34,"17:1:2 17:1:2",17,1,2,9,17,1,2,12,4,"4:1:2 7:1:2 9:1:1 12:2:2"
MO_MO,17,34,"17:1:2 17:1:2",17,1,2,10,17,1,2,10,4,"6:1:2 6:1:2 10:1:1 10:2:2"
MO_MO,17,34,"17:1:2 17:1:2",17,1,2,11,17,1,2,2,4,"2:2:2 5:1:2 11:1:1 14:1:2"
MO_MO,17,34,"17:1:2 17:1:2",17,1,2,11,17,1,2,5,4,"5:1:2 5:2:2 11:1:1 11:1:2"
MO_MO,17,34,"17:1:2 17:1:2",17,1,2,11,17,1,2,8,4,"5:1:2 8:1:2 8:2:2 11:1:1"
MO_MO,17,34,"17:1:2 17:1:2",17,1,2,11,17,1,2,11,4,"5:1:2 5:1:2 11:1:1 11:2:2"
MO_MO,17,34,"17:1:2 17:1:2",17,1,2,12,17,1,2,12,4,"4:1:2 4:1:2 12:1:1 12:2:2"
MO_MO,17,34,"17:1:2 17:1:2",17,1,2,13,17,1,2,13,4,"3:1:2 3:1:2 13:1:1 13:2:2"
MO_MO,17,34,"17:1:2 17:1:2",17,1,2,14,17,1,2,2,4,"2:1:2 2:2:2 14:1:1 14:1:2"
MO_MO,17,34,"17:1:2 17:1:2",17,1,2,14,17,1,2,14,4,"2:1:2 2:1:2 14:1:1 14:2:2"
MO_MO,17,34,"17:1:2 17:1:2",17,1,2,15,17,1,2,15,4,"1:1:2 1:1:2 15:1:1 15:2:2"
OO_MM,17,34,"17:1:1 17:2:2",17,1,1,0,16,2,2,1,3,"1:1:2 14:1:2 17:2:2"
OO_MM,17,34,"17:1:1 17:2:2",17,1,1,0,16,2,2,2,3,"2:1:2 13:1:2 17:2:2"
OO_MM,17,34,"17:1:1 17:2:2",17,1,1,0,16,2,2,3,3,"3:1:2 12:1:2 17:2:2"
OO_MM,17,34,"17:1:1 17:2:2",17,1,1,0,16,2,2,4,3,"4:1:2 11:1:2 17:2:2"
OO_MM,17,34,"17:1:1 17:2:2",17,1,1,0,16,2,2,5,3,"5:1:2 10:1:2 17:2:2"
OO_MM,17,34,"17:1:1 17:2:2",17,1,1,0,16,2,2,6,3,"6:1:2 9:1:2 17:2:2"
OO_MM,17,34,"17:1:1 17:2:2",17,1,1,0,16,2,2,7,3,"7:1:2 8:1:2 17:2:2"
OO_MM,17,34,"17:1:1 17:2:2",17,1,1,0,17,1,1,0,2,"16:1:1 16:2:2"
OO_MM,17,34,"17:1:1 17:2:2",17,1,1,0,17,1,1,1,3,"1:2:2 15:2:2 16:1:1"
OO_MM,17,34,"17:1:1 17:2:2",17,1,1,0,17,1,1,2,3,"2:2:2 14:2:2 16:1:1"
OO_MM,17,34,"17:1:1 17:2:2",17,1,1,0,17,1,1,3,3,"3:2:2 13:2:2 16:1:1"
OO_MM,17,34,"17:1:1 17:2:2",17,1,1,0,17,1,1,4,3,"4:2:2 12:2:2 16:1:1"
OO_MM,17,34,"17:1:1 17:2:2",17,1,1,0,17,1,1,5,3,"5:2:2 11:2:2 16:1:1"
OO_MM,17,34,"17:1:1 17:2:2",17,1,1,0,17,1,1,6,3,"6:2:2 10:2:2 16:1:1"
OO_MM,17,34,"17:1:1 17:2:2",17,1,1,0,17,1,1,7,3,"7:2:2 9:2:2 16:1:1"
OO_MM,17,34,"17:1:1 17:2:2",17,1,1,0,17,1,1,8,3,"8:2:2 8:2:2 16:1:1"
OO_MM,17,34,"17:1:1 17:2:2",17,1,1,1,15,2,2,1,4,"1:1:1 1:1:2 13:1:2 17:2:2"
OO_MM,17,34,"17:1:1 17:2:2",17,1,1,1,15,2,2,2,4,"1:1:1 2:1:2 12:1:2 17:2:2"
OO_MM,17,34,"17:1:1 17:2:2",17,1,1,1,15,2,2,3,4,"1:1:1 3:1:2 11:1:2 17:2:2"
OO_MM,17,34,"17:1:1 17:2:2",17,1,1,1,15,2,2,4,4,"1:1:1 4:1:2 10:1:2 17:2:2"
OO_MM,17,34,"17:1:1 17:2:2",17,1,1,1,15,2,2,5,4,"1:1:1 5:1:2 9:1:2 17:2:2"
OO_MM,17,34,"17:1:1 17:2:2",17,1,1,1,15,2,2,6,4,"1:1:1 6:1:2 8:1:2 17:2:2"
OO_MM,17,34,"17:1:1 17:2:2",17,1,1,1,17,1,1,1,4,"1:1:1 1:2:2 15:1:1 15:2:2"
OO_MM,17,34,"17:1:1 17:2:2",17,1,1,1,17,1,1,2,4,"1:1:1 2:2:2 14:2:2 15:1:1"
OO_MM,17,34,"17:1:1 17:2:2",17,1,1,1,17,1,1,4,4,"1:1:1 4:2:2 12:2:2 15:1:1"
OO_MM,17,34,"17:1:1 17:2:2",17,1,1,1,17,1,1,5,4,"1:1:1 5:2:2 11:2:2 15:1:1"
OO_MM,17,34,"17:1:1 17:2:2",17,1,1,1,17,1,1,7,4,"1:1:1 7:2:2 9:2:2 15:1:1"
OO_MM,17,34,"17:1:1 17:2:2",17,1,1,1,17,1,1,8,4,"1:1:1 8:2:2 8:2:2 15:1:1"
OO_MM,17,34,"17:1:1 17:2:2",17,1,1,2,17,1,1,2,4,"2:1:1 2:2:2 14:1:1 14:2:2"
OO_MM,17,34,"17:1:1 17:2:2",17,1,1,3,13,2,2,1,4,"1:1:2 3:1:1 11:1:2 17:2:2"
OO_MM,17,34,"17:1:1 17:2:2",17,1,1,3,13,2,2,2,4,"2:1:2 3:1:1 10:1:2 17:2:2"
OO_MM,17,34,"17:1:1 17:2:2",17,1,1,3,13,2,2,3,4,"3:1:1 3:1:2 9:1:2 17:2:2"
OO_MM,17,34,"17:1:1 17:2:2",17,1,1,3,13,2,2,4,4,"3:1:1 4:1:2 8:1:2 17:2:2"
OO_MM,17,34,"17:1:1 17:2:2",17,1,1,3,13,2,2,5,4,"3:1:1 5:1:2 7:1:2 17:2:2"
OO_MM,17,34,"17:1:1 17:2:2",17,1,1,3,13,2,2,6,4,"3:1:1 6:1:2 6:1:2 17:2:2"
OO_MM,17,34,"17:1:1 17:2:2",17,1,1,3,17,1,1,2,4,"2:2:2 3:1:1 13:1:1 14:2:2"
OO_MM,17,34,"17:1:1 17:2:2",17,1,1,3,17,1,1,3,4,"3:1:1 3:2:2 13:1:1 13:2:2"
OO_MM,17,34,"17:1:1 17:2:2",17,1,1,3,17,1,1,4,4,"3:1:1 4:2:2 12:2:2 13:1:1"
OO_MM,17,34,"17:1:1 17:2:2",17,1,1,3,17,1,1,5,4,"3:1:1 5:2:2 11:2:2 13:1:1"
OO_MM,17,34,"17:1:1 17:2:2",17,1,1,3,17,1,1,6,4,"3:1:1 6:2:2 10:2:2 13:1:1"
OO_MM,17,34,"17:1:1 17:2:2",17,1,1,3,17,1,1,7,4,"3:1:1 7:2:2 9:2:2 13:1:1"
OO_MM,17,34,"17:1:1 17:2:2",17,1,1,3,17,1,1,8,4,"3:1:1 8:2:2 8:2:2 13:1:1"
OO_MM,17,34,"17:1:1 17:2:2",17,1,1,4,17,1,1,2,4,"2:2:2 4:1:1 12:1:1 14:2:2"
OO_MM,17,34,"17:1:1 17:2:2",17,1,1,4,17,1,1,4,4,"4:1:1 4:2:2 12:1:1 12:2:2"
OO_MM,17,34,"17:1:1 17:2:2",17,1,1,5,17,1,1,2,4,"2:2:2 5:1:1 11:1:1 14:2:2"
OO_MM,17,34,"17:1:1 17:2:2",17,1,1,5,17,1,1,5,4,"5:1:1 5:2:2 11:1:1 11:2:2"
OO_MM,17,34,"17:1:1 17:2:2",17,1,1,5,17,1,1,8,4,"5:1:1 8:2:2 8:2:2 11:1:1"
OO_MM,17,34,"17:1:1 17:2:2",17,1,1,6,17,1,1,2,4,"2:2:2 6:1:1 10:1:1 14:2:2"
OO_MM,17,34,"17:1:1 17:2:2",17,1,1,6,17,1,1,5,4,"5:2:2 6:1:1 10:1:1 11:2:2"
OO_MM,17,34,"17:1:1 17:2:2",17,1,1,6,17,1,1,6,4,"6:1:1 6:2:2 10:1:1 10:2:2"
OO_MM,17,34,"17:1:1 17:2:2",17,1,1,6,17,1,1,8,4,"6:1:1 8:2:2 8:2:2 10:1:1"
OO_MM,17,34,"17:1:1 17:2:2",17,1,1,7,17,1,1,2,4,"2:2:2 7:1:1 9:1:1 14:2:2"
OO_MM,17,34,"17:1:1 17:2:2",17,1,1,7,17,1,1,7,4,"7:1:1 7:2:2 9:1:1 9:2:2"
OO_MM,17,34,"17:1:1 17:2:2",17,1,1,8,17,1,1,2,4,"2:2:2 8:1:1 8:1:1 14:2:2"
OO_MM,17,34,"17:1:1 17:2:2",17,1,1,8,17,1,1,5,4,"5:2:2 8:1:1 8:1:1 11:2:2"
OO_MM,17,34,"17:1:1 17:2:2",17,1,1,8,17,1,1,8,4,"8:1:1 8:1:1 8:2:2 8:2:2"
OO_MM,17,34,"17:1:1 17:2:2",17,2,2,1,17,2,2,1,4,"1:1:2 1:1:2 15:1:2 15:1:2"
OO_MM,17,34,"17:1:1 17:2:2",17,2,2,2,17,2,2,2,4,"2:1:2 2:1:2 14:1:2 14:1:2"
OO_MM,17,34,"17:1:1 17:2:2",17,2,2,3,17,2,2,3,4,"3:1:2 3:1:2 13:1:2 13:1:2"
OO_MM,17,34,"17:1:1 17:2:2",17,2,2,4,17,2,2,4,4,"4:1:2 4:1:2 12:1:2 12:1:2"
OO_MM,17,34,"17:1:1 17:2:2",17,2,2,5,17,2,2,5,4,"5:1:2 5:1:2 11:1:2 11:1:2"
OO_MM,17,34,"17:1:1 17:2:2",17,2,2,6,17,2,2,6,4,"6:1:2 6:1:2 10:1:2 10:1:2"
OO_MM,17,34,"17:1:1 17:2:2",17,2,2,7,17,2,2,7,4,"7:1:2 7:1:2 9:1:2 9:1:2"
OO_MM,17,34,"17:1:1 17:2:2",17,2,2,8,17,2,2,8,4,"8:1:2 8:1:2 8:1:2 8:1:2"
OO_WM,17,34,"17:0:1 17:2:2",17,0,1,1,15,2,2,1,4,"1:0:1 1:1:2 13:1:2 17:2:2"
OO_WM,17,34,"17:0:1 17:2:2",17,0,1,1,15,2,2,2,4,"1:0:1 2:1:2 12:1:2 17:2:2"
OO_WM,17,34,"17:0:1 17:2:2",17,0,1,1,15,2,2,3,4,"1:0:1 3:1:2 11:1:2 17:2:2"
OO_WM,17,34,"17:0:1 17:2:2",17,0,1,1,15,2,2,4,4,"1:0:1 4:1:2 10:1:2 17:2:2"
OO_WM,17,34,"17:0:1 17:2:2",17,0,1,1,15,2,2,5,4,"1:0:1 5:1:2 9:1:2 17:2:2"
OO_WM,17,34,"17:0:1 17:2:2",17,0,1,1,15,2,2,6,4,"1:0:1 6:1:2 8:1:2 17:2:2"
OO_WM,17,34,"17:0:1 17:2:2",17,0,1,1,17,1,1,1,4,"1:0:1 1:2:2 15:1:1 15:2:2"
OO_WM,17,34,"17:0:1 17:2:2",17,0,1,1,17,1,1,2,4,"1:0:1 2:2:2 14:2:2 15:1:1"
OO_WM,17,34,"17:0:1 17:2:2",17,0,1,1,17,1,1,4,4,"1:0:1 4:2:2 12:2:2 15:1:1"
OO_WM,17,34,"17:0:1 17:2:2",17,0,1,1,17,1,1,5,4,"1:0:1 5:2:2 11:2:2 15:1:1"
OO_WM,17,34,"17:0:1 17:2:2",17,0,1,1,17,1,1,7,4,"1:0:1 7:2:2 9:2:2 15:1:1"
OO_WM,17,34,"17:0:1 17:2:2",17,0,1,1,17,1,1,8,4,"1:0:1 8:2:2 8:2:2 15:1:1"
OO_WM,17,34,"17:0:1 17:2:2",17,0,1,2,17,1,1,2,4,"2:0:1 2:2:2 14:1:1 14:2:2"
OO_WM,17,34,"17:0:1 17:2:2",17,0,1,3,13,2,2,1,4,"1:1:2 3:0:1 11:1:2 17:2:2"
OO_WM,17,34,"17:0:1 17:2:2",17,0,1,3,13,2,2,2,4,"2:1:2 3:0:1 10:1:2 17:2:2"
OO_WM,17,34,"17:0:1 17:2:2",17,0,1,3,13,2,2,3,4,"3:0:1 3:1:2 9:1:2 17:2:2"
OO_WM,17,34,"17:0:1 17:2:2",17,0,1,3,13,2,2,4,4,"3:0:1 4:1:2 8:1:2 17:2:2"
OO_WM,17,34,"17:0:1 17:2:2",17,0,1,3,13,2,2,5,4,"3:0:1 5:1:2 7:1:2 17:2:2"
OO_WM,17,34,"17:0:1 17:2:2",17,0,1,3,13,2,2,6,4,"3:0:1 6:1:2 6:1:2 17:2:2"
OO_WM,17,34,"17:0:1 17:2:2",17,0,1,3,17,1,1,2,4,"2:2:2 3:0:1 13:1:1 14:2:2"
OO_WM,17,34,"17:0:1 17:2:2",17,0,1,3,17,1,1,3,4,"3:0:1 3:2:2 13:1:1 13:2:2"
OO_WM,17,34,"17:0:1 17:2:2",17,0,1,3,17,1,1,4,4,"3:0:1 4:2:2 12:2:2 13:1:1"
OO_WM,17,34,"17:0:1 17:2:2",17,0,1,3,17,1,1,5,4,"3:0:1 5:2:2 11:2:2 13:1:1"
OO_WM,17,34,"17:0:1 17:2:2",17,0,1,3,17,1,1,6,4,"3:0:1 6:2:2 10:2:2 13:1:1"
OO_WM,17,34,"17:0:1 17:2:2",17,0,1,3,17,1,1,7,4,"3:0:1 7:2:2 9:2:2 13:1:1"
OO_WM,17,34,"17:0:1 17:2:2",17,0,1,3,17,1,1,8,4,"3:0:1 8:2:2 8:2:2 13:1:1"
OO_WM,17,34,"17:0:1 17:2:2",17,0,1,4,4,0,2,2,4,"1:1:2 2:0:2 12:1:1 17:2:2"
OO_WM,17,34,"17:0:1 17:2:2",17,0,1,4,12,2,2,1,4,"1:1:2 4:0:1 10:1:2 17:2:2"
OO_WM,17,34,"17:0:1 17:2:2",17,0,1,4,12,2,2,2,4,"2:1:2 4:0:1 9:1:2 17:2:2"
OO_WM,17,34,"17:0:1 17:2:2",17,0,1,4,12,2,2,3,4,"3:1:2 4:0:1 8:1:2 17:2:2"
OO_WM,17,34,"17:0:1 17:2:2",17,0,1,4,12,2,2,4,4,"4:0:1 4:1:2 7:1:2 17:2:2"
OO_WM,17,34,"17:0:1 17:2:2",17,0,1,4,12,2,2,5,4,"4:0:1 5:1:2 6:1:2 17:2:2"
OO_WM,17,34,"17:0:1 17:2:2",17,0,1,4,17,1,1,2,4,"2:2:2 4:0:1 12:1:1 14:2:2"
OO_WM,17,34,"17:0:1 17:2:2",17,0,1,4,17,1,1,4,4,"4:0:1 4:2:2 12:1:1 12:2:2"
OO_WM,17,34,"17:0:1 17:2:2",17,0,1,4,17,1,1,5,4,"4:0:1 5:2:2 11:2:2 12:1:1"
OO_WM,17,34,"17:0:1 17:2:2",17,0,1,4,17,1,1,8,4,"4:0:1 8:2:2 8:2:2 12:1:1"
OO_WM,17,34,"17:0:1 17:2:2",17,0,1,5,5,0,2,2,4,"2:0:2 2:1:2 11:1:1 17:2:2"
OO_WM,17,34,"17:0:1 17:2:2",17,0,1,5,17,1,1,2,4,"2:2:2 5:0:1 11:1:1 14:2:2"
OO_WM,17,34,"17:0:1 17:2:2",17,0,1,5,17,1,1,5,4,"5:0:1 5:2:2 11:1:1 11:2:2"
OO_WM,17,34,"17:0:1 17:2:2",17,0,1,5,17,1,1,8,4,"5:0:1 8:2:2 8:2:2 11:1:1"
OO_WM,17,34,"17:0:1 17:2:2",17,0,1,6,6,0,2,2,4,"2:0:2 3:1:2 10:1:1 17:2:2"
OO_WM,17,34,"17:0:1 17:2:2",17,0,1,6,10,2,2,1,4,"1:1:2 6:0:1 8:1:2 17:2:2"
OO_WM,17,34,"17:0:1 17:2:2",17,0,1,6,10,2,2,2,4,"2:1:2 6:0:1 7:1:2 17:2:2"
OO_WM,17,34,"17:0:1 17:2:2",17,0,1,6,10,2,2,3,4,"3:1:2 6:0:1 6:1:2 17:2:2"
OO_WM,17,34,"17:0:1 17:2:2",17,0,1,6,10,2,2,4,4,"4:1:2 5:1:2 6:0:1 17:2:2"
OO_WM,17,34,"17:0:1 17:2:2",17,0,1,6,17,1,1,2,4,"2:2:2 6:0:1 10:1:1 14:2:2"
OO_WM,17,34,"17:0:1 17:2:2",17,0,1,6,17,1,1,4,4,"4:2:2 6:0:1 10:1:1 12:2:2"
OO_WM,17,34,"17:0:1 17:2:2",17,0,1,6,17,1,1,5,4,"5:2:2 6:0:1 10:1:1 11:2:2"
OO_WM,17,34,"17:0:1 17:2:2",17,0,1,6,17,1,1,6,4,"6:0:1 6:2:2 10:1:1 10:2:2"
OO_WM,17,34,"17:0:1 17:2:2",17,0,1,6,17,1,1,7,4,"6:0:1 7:2:2 9:2:2 10:1:1"
OO_WM,17,34,"17:0:1 17:2:2",17,0,1,6,17,1,1,8,4,"6:0:1 8:2:2 8:2:2 10:1:1"
OO_WM,17,34,"17:0:1 17:2:2",17,0,1,7,7,0,2,2,4,"2:0:2 4:1:2 9:1:1 17:2:2"
OO_WM,17,34,"17:0:1 17:2:2",17,0,1,7,17,1,1,2,4,"2:2:2 7:0:1 9:1:1 14:2:2"
OO_WM,17,34,"17:0:1 17:2:2",17,0,1,7,17,1,1,4,4,"4:2:2 7:0:1 9:1:1 12:2:2"
OO_WM,17,34,"17:0:1 17:2:2",17,0,1,7,17,1,1,7,4,"7:0:1 7:2:2 9:1:1 9:2:2"
OO_WM,17,34,"17:0:1 17:2:2",17,0,1,8,8,0,2,2,4,"2:0:2 5:1:2 8:1:1 17:2:2"
OO_WM,17,34,"17:0:1 17:2:2",17,0,1,8,17,1,1,2,4,"2:2:2 8:0:1 8:1:1 14:2:2"
OO_WM,17,34,"17:0:1 17:2:2",17,0,1,8,17,1,1,5,4,"5:2:2 8:0:1 8:1:1 11:2:2"
OO_WM,17,34,"17:0:1 17:2:2",17,0,1,8,17,1,1,8,4,"8:0:1 8:1:1 8:2:2 8:2:2"
OO_WM,17,34,"17:0:1 17:2:2",17,0,1,9,9,0,2,2,4,"2:0:2 6:1:2 7:1:1 17:2:2"
OO_WM,17,34,"17:0:1 17:2:2",17,0,1,9,17,1,1,2,4,"2:2:2 7:1:1 9:0:1 14:2:2"
OO_WM,17,34,"17:0:1 17:2:2",17,0,1,9,17,1,1,5,4,"5:2:2 7:1:1 9:0:1 11:2:2"
OO_WM,17,34,"17:0:1 17:2:2",17,0,1,9,17,1,1,7,4,"7:1:1 7:2:2 9:0:1 9:2:2"
OO_WM,17,34,"17:0:1 17:2:2",17,0,1,9,17,1,1,8,4,"7:1:1 8:2:2 8:2:2 9:0:1"
OO_WM,17,34,"17:0:1 17:2:2",17,0,1,10,10,0,2,2,4,"2:0:2 6:1:1 7:1:2 17:2:2"
OO_WM,17,34,"17:0:1 17:2:2",17,0,1,10,17,1,1,2,4,"2:2:2 6:1:1 10:0:1 14:2:2"
OO_WM,17,34,"17:0:1 17:2:2",17,0,1,10,17,1,1,5,4,"5:2:2 6:1:1 10:0:1 11:2:2"
OO_WM,17,34,"17:0:1 17:2:2",17,0,1,10,17,1,1,6,4,"6:1:1 6:2:2 10:0:1 10:2:2"
OO_WM,17,34,"17:0:1 17:2:2",17,0,1,10,17,1,1,7,4,"6:1:1 7:2:2 9:2:2 10:0:1"
OO_WM,17,34,"17:0:1 17:2:2",17,0,1,10,17,1,1,8,4,"6:1:1 8:2:2 8:2:2 10:0:1"
OO_WM,17,34,"17:0:1 17:2:2",17,0,1,11,11,0,2,2,4,"2:0:2 5:1:1 8:1:2 17:2:2"
OO_WM,17,34,"17:0:1 17:2:2",17,0,1,11,17,1,1,2,4,"2:2:2 5:1:1 11:0:1 14:2:2"
OO_WM,17,34,"17:0:1 17:2:2",17,0,1,11,17,1,1,5,4,"5:1:1 5:2:2 11:0:1 11:2:2"
OO_WM,17,34,"17:0:1 17:2:2",17,0,1,11,17,1,1,8,4,"5:1:1 8:2:2 8:2:2 11:0:1"
OO_WM,17,34,"17:0:1 17:2:2",17,0,1,12,12,0,2,2,4,"2:0:2 4:1:1 9:1:2 17:2:2"
OO_WM,17,34,"17:0:1 17:2:2",17,0,1,12,17,1,1,2,4,"2:2:2 4:1:1 12:0:1 14:2:2"
OO_WM,17,34,"17:0:1 17:2:2",17,0,1,12,17,1,1,4,4,"4:1:1 4:2:2 12:0:1 12:2:2"
OO_WM,17,34,"17:0:1 17:2:2",17,0,1,12,17,1,1,7,4,"4:1:1 7:2:2 9:2:2 12:0:1"
OO_WM,17,34,"17:0:1 17:2:2",17,0,1,13,13,0,2,1,4,"1:0:2 3:1:1 11:1:2 17:2:2"
OO_WM,17,34,"17:0:1 17:2:2",17,0,1,13,13,0,2,2,4,"2:0:2 3:1:1 10:1:2 17:2:2"
OO_WM,17,34,"17:0:1 17:2:2",17,0,1,13,13,0,2,3,4,"3:0:2 3:1:1 9:1:2 17:2:2"
OO_WM,17,34,"17:0:1 17:2:2",17,0,1,13,13,0,2,4,4,"3:1:1 4:0:2 8:1:2 17:2:2"
OO_WM,17,34,"17:0:1 17:2:2",17,0,1,13,13,0,2,5,4,"3:1:1 5:0:2 7:1:2 17:2:2"
OO_WM,17,34,"17:0:1 17:2:2",17,0,1,13,13,0,2,6,4,"3:1:1 6:0:2 6:1:2 17:2:2"
OO_WM,17,34,"17:0:1 17:2:2",17,0,1,13,13,0,2,7,4,"3:1:1 5:1:2 7:0:2 17:2:2"
OO_WM,17,34,"17:0:1 17:2:2",17,0,1,13,13,0,2,8,4,"3:1:1 4:1:2 8:0:2 17:2:2"
OO_WM,17,34,"17:0:1 17:2:2",17,0,1,13,13,0,2,9,4,"3:1:1 3:1:2 9:0:2 17:2:2"
OO_WM,17,34,"17:0:1 17:2:2",17,0,1,13,13,0,2,10,4,"2:1:2 3:1:1 10:0:2 17:2:2"
OO_WM,17,34,"17:0:1 17:2:2",17,0,1,13,13,0,2,11,4,"1:1:2 3:1:1 11:0:2 17:2:2"
OO_WM,17,34,"17:0:1 17:2:2",17,0,1,13,17,1,1,2,4,"2:2:2 3:1:1 13:0:1 14:2:2"
OO_WM,17,34,"17:0:1 17:2:2",17,0,1,13,17,1,1,3,4,"3:1:1 3:2:2 13:0:1 13:2:2"
OO_WM,17,34,"17:0:1 17:2:2",17,0,1,13,17,1,1,4,4,"3:1:1 4:2:2 12:2:2 13:0:1"
OO_WM,17,34,"17:0:1 17:2:2",17,0,1,13,17,1,1,5,4,"3:1:1 5:2:2 11:2:2 13:0:1"
OO_WM,17,34,"17:0:1 17:2:2",17,0,1,13,17,1,1,6,4,"3:1:1 6:2:2 10:2:2 13:0:1"
OO_WM,17,34,"17:0:1 17:2:2",17,0,1,13,17,1,1,7,4,"3:1:1 7:2:2 9:2:2 13:0:1"
OO_WM,17,34,"17:0:1 17:2:2",17,0,1,13,17,1,1,8,4,"3:1:1 8:2:2 8:2:2 13:0:1"
OO_WM,17,34,"17:0:1 17:2:2",17,0,1,14,14,0,2,2,4,"2:0:2 2:1:1 11:1:2 17:2:2"
OO_WM,17,34,"17:0:1 17:2:2",17,0,1,14,17,1,1,2,4,"2:1:1 2:2:2 14:0:1 14:2:2"
OO_WM,17,34,"17:0:1 17:2:2",17,0,1,14,17,1,1,5,4,"2:1:1 5:2:2 11:2:2 14:0:1"
OO_WM,17,34,"17:0:1 17:2:2",17,0,1,14,17,1,1,8,4,"2:1:1 8:2:2 8:2:2 14:0:1"
OO_WM,17,34,"17:0:1 17:2:2",17,0,1,15,15,0,2,1,4,"1:0:2 1:1:1 13:1:2 17:2:2"
OO_WM,17,34,"17:0:1 17:2:2",17,0,1,15,15,0,2,2,4,"1:1:1 2:0:2 12:1:2 17:2:2"
OO_WM,17,34,"17:0:1 17:2:2",17,0,1,15,15,0,2,3,4,"1:1:1 3:0:2 11:1:2 17:2:2"
OO_WM,17,34,"17:0:1 17:2:2",17,0,1,15,15,0,2,4,4,"1:1:1 4:0:2 10:1:2 17:2:2"
OO_WM,17,34,"17:0:1 17:2:2",17,0,1,15,15,0,2,5,4,"1:1:1 5:0:2 9:1:2 17:2:2"
OO_WM,17,34,"17:0:1 17:2:2",17,0,1,15,15,0,2,6,4,"1:1:1 6:0:2 8:1:2 17:2:2"
OO_WM,17,34,"17:0:1 17:2:2",17,0,1,15,15,0,2,7,4,"1:1:1 7:0:2 7:1:2 17:2:2"
OO_WM,17,34,"17:0:1 17:2:2",17,0,1,15,15,0,2,8,4,"1:1:1 6:1:2 8:0:2 17:2:2"
OO_WM,17,34,"17:0:1 17:2:2",17,0,1,15,15,0,2,9,4,"1:1:1 5:1:2 9:0:2 17:2:2"
OO_WM,17,34,"17:0:1 17:2:2",17,0,1,15,15,0,2,10,4,"1:1:1 4:1:2 10:0:2 17:2:2"
OO_WM,17,34,"17:0:1 17:2:2",17,0,1,15,15,0,2,11,4,"1:1:1 3:1:2 11:0:2 17:2:2"
OO_WM,17,34,"17:0:1 17:2:2",17,0,1,15,15,0,2,12,4,"1:1:1 2:1:2 12:0:2 17:2:2"
OO_WM,17,34,"17:0:1 17:2:2",17,0,1,15,15,0,2,13,4,"1:1:1 1:1:2 13:0:2 17:2:2"
OO_WM,17,34,"17:0:1 17:2:2",17,0,1,15,17,1,1,1,4,"1:1:1 1:2:2 15:0:1 15:2:2"
OO_WM,17,34,"17:0:1 17:2:2",17,0,1,15,17,1,1,2,4,"1:1:1 2:2:2 14:2:2 15:0:1"
OO_WM,17,34,"17:0:1 17:2:2",17,0,1,15,17,1,1,4,4,"1:1:1 4:2:2 12:2:2 15:0:1"
OO_WM,17,34,"17:0:1 17:2:2",17,0,1,15,17,1,1,5,4,"1:1:1 5:2:2 11:2:2 15:0:1"
OO_WM,17,34,"17:0:1 17:2:2",17,0,1,15,17,1,1,7,4,"1:1:1 7:2:2 9:2:2 15:0:1"
OO_WM,17,34,"17:0:1 17:2:2",17,0,1,15,17,1,1,8,4,"1:1:1 8:2:2 8:2:2 15:0:1"
OO_WM,17,34,"17:0:1 17:2:2",17,0,1,16,16,0,2,1,3,"1:0:2 14:1:2 17:2:2"
OO_WM,17,34,"17:0:1 17:2:2",17,0,1,16,16,0,2,2,3,"2:0:2 13:1:2 17:2:2"
OO_WM,17,34,"17:0:1 17:2:2",17,0,1,16,16,0,2,3,3,"3:0:2 12:1:2 17:2:2"
OO_WM,17,34,"17:0:1 17:2:2",17,0,1,16,16,0,2,4,3,"4:0:2 11:1:2 17:2:2"
OO_WM,17,34,"17:0:1 17:2:2",17,0,1,16,16,0,2,5,3,"5:0:2 10:1:2 17:2:2"
OO_WM,17,34,"17:0:1 17:2:2",17,0,1,16,16,0,2,6,3,"6:0:2 9:1:2 17:2:2"
OO_WM,17,34,"17:0:1 17:2:2",17,0,1,16,16,0,2,7,3,"7:0:2 8:1:2 17:2:2"
OO_WM,17,34,"17:0:1 17:2:2",17,0,1,16,16,0,2,8,3,"7:1:2 8:0:2 17:2:2"
OO_WM,17,34,"17:0:1 17:2:2",17,0,1,16,16,0,2,9,3,"6:1:2 9:0:2 17:2:2"
OO_WM,17,34,"17:0:1 17:2:2",17,0,1,16,16,0,2,10,3,"5:1:2 10:0:2 17:2:2"
OO_WM,17,34,"17:0:1 17:2:2",17,0,1,16,16,0,2,11,3,"4:1:2 11:0:2 17:2:2"
OO_WM,17,34,"17:0:1 17:2:2",17,0,1,16,16,0,2,12,3,"3:1:2 12:0:2 17:2:2"
OO_WM,17,34,"17:0:1 17:2:2",17,0,1,16,16,0,2,13,3,"2:1:2 13:0:2 17:2:2"
OO_WM,17,34,"17:0:1 17:2:2",17,0,1,16,16,0,2,14,3,"1:1:2 14:0:2 17:2:2"
OO_WM,17,34,"17:0:1 17:2:2",17,0,1,16,17,1,1,0,2,"16:0:1 16:2:2"
OO_WM,17,34,"17:0:1 17:2:2",17,0,1,16,17,1,1,1,3,"1:2:2 15:2:2 16:0:1"
OO_WM,17,34,"17:0:1 17:2:2",17,0,1,16,17,1,1,2,3,"2:2:2 14:2:2 16:0:1"
OO_WM,17,34,"17:0:1 17:2:2",17,0,1,16,17,1,1,3,3,"3:2:2 13:2:2 16:0:1"
OO_WM,17,34,"17:0:1 17:2:2",17,0,1,16,17,1,1,4,3,"4:2:2 12:2:2 16:0:1"
OO_WM,17,34,"17:0:1 17:2:2",17,0,1,16,17,1,1,5,3,"5:2:2 11:2:2 16:0:1"
OO_WM,17,34,"17:0:1 17:2:2",17,0,1,16,17,1,1,6,3,"6:2:2 10:2:2 16:0:1"
OO_WM,17,34,"17:0:1 17:2:2",17,0,1,16,17,1,1,7,3,"7:2:2 9:2:2 16:0:1"
OO_WM,17,34,"17:0:1 17:2:2",17,0,1,16,17,1,1,8,3,"8:2:2 8:2:2 16:0:1"
OO_WM,17,34,"17:0:1 17:2:2",17,2,2,1,15,1,2,2,4,"1:1:2 2:2:2 12:1:2 17:0:1"
OO_WM,17,34,"17:0:1 17:2:2",17,2,2,1,17,0,2,1,4,"1:0:2 1:1:2 15:1:2 15:1:2"
OO_WM,17,34,"17:0:1 17:2:2",17,2,2,1,17,0,2,2,4,"1:1:2 2:0:2 14:1:2 15:1:2"
OO_WM,17,34,"17:0:1 17:2:2",17,2,2,1,17,0,2,15,4,"1:1:2 1:1:2 15:0:2 15:1:2"
OO_WM,17,34,"17:0:1 17:2:2",17,2,2,2,14,1,2,2,4,"2:1:2 2:2:2 11:1:2 17:0:1"
OO_WM,17,34,"17:0:1 17:2:2",17,2,2,2,17,0,2,2,4,"2:0:2 2:1:2 14:1:2 14:1:2"
OO_WM,17,34,"17:0:1 17:2:2",17,2,2,2,17,0,2,5,4,"2:1:2 5:0:2 11:1:2 14:1:2"
OO_WM,17,34,"17:0:1 17:2:2",17,2,2,2,17,0,2,14,4,"2:1:2 2:1:2 14:0:2 14:1:2"
OO_WM,17,34,"17:0:1 17:2:2",17,2,2,3,13,1,2,2,4,"2:2:2 3:1:2 10:1:2 17:0:1"
OO_WM,17,34,"17:0:1 17:2:2",17,2,2,3,13,1,2,5,4,"3:1:2 5:2:2 7:1:2 17:0:1"
OO_WM,17,34,"17:0:1 17:2:2",17,2,2,3,17,0,2,2,4,"2:0:2 3:1:2 13:1:2 14:1:2"
OO_WM,17,34,"17:0:1 17:2:2",17,2,2,3,17,0,2,3,4,"3:0:2 3:1:2 13:1:2 13:1:2"
OO_WM,17,34,"17:0:1 17:2:2",17,2,2,3,17,0,2,13,4,"3:1:2 3:1:2 13:0:2 13:1:2"
OO_WM,17,34,"17:0:1 17:2:2",17,2,2,4,4,1,2,2,4,"1:1:2 2:2:2 12:1:2 17:0:1"
OO_WM,17,34,"17:0:1 17:2:2",17,2,2,4,12,1,2,2,4,"2:2:2 4:1:2 9:1:2 17:0:1"
OO_WM,17,34,"17:0:1 17:2:2",17,2,2,4,12,1,2,5,4,"4:1:2 5:2:2 6:1:2 17:0:1"
OO_WM,17,34,"17:0:1 17:2:2",17,2,2,4,17,0,2,2,4,"2:0:2 4:1:2 12:1:2 14:1:2"
OO_WM,17,34,"17:0:1 17:2:2",17,2,2,4,17,0,2,4,4,"4:0:2 4:1:2 12:1:2 12:1:2"
OO_WM,17,34,"17:0:1 17:2:2",17,2,2,4,17,0,2,7,4,"4:1:2 7:0:2 9:1:2 12:1:2"
OO_WM,17,34,"17:0:1 17:2:2",17,2,2,4,17,0,2,12,4,"4:1:2 4:1:2 12:0:2 12:1:2"
OO_WM,17,34,"17:0:1 17:2:2",17,2,2,4,17,0,2,15,4,"1:1:2 4:1:2 12:1:2 15:0:2"
OO_WM,17,34,"17:0:1 17:2:2",17,2,2,5,5,1,2,2,4,"2:1:2 2:2:2 11:1:2 17:0:1"
OO_WM,17,34,"17:0:1 17:2:2",17,2,2,5,11,1,2,2,4,"2:2:2 5:1:2 8:1:2 17:0:1"
OO_WM,17,34,"17:0:1 17:2:2",17,2,2,5,17,0,2,2,4,"2:0:2 5:1:2 11:1:2 14:1:2"
OO_WM,17,34,"17:0:1 17:2:2",17,2,2,5,17,0,2,5,4,"5:0:2 5:1:2 11:1:2 11:1:2"
OO_WM,17,34,"17:0:1 17:2:2",17,2,2,5,17,0,2,8,4,"5:1:2 8:0:2 8:1:2 11:1:2"
OO_WM,17,34,"17:0:1 17:2:2",17,2,2,5,17,0,2,11,4,"5:1:2 5:1:2 11:0:2 11:1:2"
OO_WM,17,34,"17:0:1 17:2:2",17,2,2,5,17,0,2,14,4,"2:1:2 5:1:2 11:1:2 14:0:2"
OO_WM,17,34,"17:0:1 17:2:2",17,2,2,6,6,1,2,2,4,"2:2:2 3:1:2 10:1:2 17:0:1"
OO_WM,17,34,"17:0:1 17:2:2",17,2,2,6,10,1,2,2,4,"2:2:2 6:1:2 7:1:2 17:0:1"
OO_WM,17,34,"17:0:1 17:2:2",17,2,2,6,10,1,2,5,4,"4:1:2 5:2:2 6:1:2 17:0:1"
OO_WM,17,34,"17:0:1 17:2:2",17,2,2,6,17,0,2,2,4,"2:0:2 6:1:2 10:1:2 14:1:2"
OO_WM,17,34,"17:0:1 17:2:2",17,2,2,6,17,0,2,6,4,"6:0:2 6:1:2 10:1:2 10:1:2"
OO_WM,17,34,"17:0:1 17:2:2",17,2,2,6,17,0,2,10,4,"6:1:2 6:1:2 10:0:2 10:1:2"
OO_WM,17,34,"17:0:1 17:2:2",17,2,2,7,7,1,2,2,4,"2:2:2 4:1:2 9:1:2 17:0:1"
OO_WM,17,34,"17:0:1 17:2:2",17,2,2,7,9,1,2,2,4,"2:2:2 6:1:2 7:1:2 17:0:1"
OO_WM,17,34,"17:0:1 17:2:2",17,2,2,7,9,1,2,5,4,"3:1:2 5:2:2 7:1:2 17:0:1"
OO_WM,17,34,"17:0:1 17:2:2",17,2,2,7,17,0,2,2,4,"2:0:2 7:1:2 9:1:2 14:1:2"
OO_WM,17,34,"17:0:1 17:2:2",17,2,2,7,17,0,2,7,4,"7:0:2 7:1:2 9:1:2 9:1:2"
OO_WM,17,34,"17:0:1 17:2:2",17,2,2,7,17,0,2,9,4,"7:1:2 7:1:2 9:0:2 9:1:2"
OO_WM,17,34,"17:0:1 17:2:2",17,2,2,7,17,0,2,10,4,"6:1:2 7:1:2 9:1:2 10:0:2"
OO_WM,17,34,"17:0:1 17:2:2",17,2,2,7,17,0,2,12,4,"4:1:2 7:1:2 9:1:2 12:0:2"
OO_WM,17,34,"17:0:1 17:2:2",17,2,2,8,8,1,2,2,4,"2:2:2 5:1:2 8:1:2 17:0:1"
OO_WM,17,34,"17:0:1 17:2:2",17,2,2,8,17,0,2,2,4,"2:0:2 8:1:2 8:1:2 14:1:2"
OO_WM,17,34,"17:0:1 17:2:2",17,2,2,8,17,0,2,8,4,"8:0:2 8:1:2 8:1:2 8:1:2"
OO_WM,17,34,"17:0:1 17:2:2",17,2,2,8,17,0,2,11,4,"5:1:2 8:1:2 8:1:2 11:0:2"
OO_WM_PLUS,17,35,"17:2:2 18:0:1",17,2,2,1,15,1,2,2,4,"1:1:2 2:2:2 12:1:2 18:0:1"
OO_WM_PLUS,17,35,"17:2:2 18:0:1",17,2,2,1,15,1,2,9,4,"1:1:2 5:1:2 9:2:2 18:0:1"
OO_WM_PLUS,17,35,"17:2:2 18:0:1",17,2,2,1,15,1,2,12,4,"1:1:2 2:1:2 12:2:2 18:0:1"
OO_WM_PLUS,17,35,"17:2:2 18:0:1",17,2,2,1,18,0,2,2,4,"1:1:2 2:0:2 15:1:2 15:1:2"
OO_WM_PLUS,17,35,"17:2:2 18:0:1",17,2,2,1,18,0,2,5,4,"1:1:2 5:0:2 12:1:2 15:1:2"
OO_WM_PLUS,17,35,"17:2:2 18:0:1",17,2,2,1,18,0,2,8,4,"1:1:2 8:0:2 9:1:2 15:1:2"
OO_WM_PLUS,17,35,"17:2:2 18:0:1",17,2,2,1,18,0,2,10,4,"1:1:2 7:1:2 10:0:2 15:1:2"
OO_WM_PLUS,17,35,"17:2:2 18:0:1",17,2,2,1,18,0,2,13,4,"1:1:2 4:1:2 13:0:2 15:1:2"
OO_WM_PLUS,17,35,"17:2:2 18:0:1",17,2,2,1,18,0,2,15,4,"1:1:2 2:1:2 15:0:2 15:1:2"
OO_WM_PLUS,17,35,"17:2:2 18:0:1",17,2,2,1,18,0,2,16,4,"1:1:2 1:1:2 15:1:2 16:0:2"
OO_WM_PLUS,17,35,"17:2:2 18:0:1",17,2,2,2,14,1,2,9,4,"2:1:2 4:1:2 9:2:2 18:0:1"
OO_WM_PLUS,17,35,"17:2:2 18:0:1",17,2,2,2,14,1,2,12,4,"1:1:2 2:1:2 12:2:2 18:0:1"
OO_WM_PLUS,17,35,"17:2:2 18:0:1",17,2,2,2,18,0,2,3,4,"2:1:2 3:0:2 14:1:2 14:1:2"
OO_WM_PLUS,17,35,"17:2:2 18:0:1",17,2,2,2,18,0,2,5,4,"2:1:2 5:0:2 12:1:2 14:1:2"
OO_WM_PLUS,17,35,"17:2:2 18:0:1",17,2,2,2,18,0,2,9,4,"2:1:2 8:1:2 9:0:2 14:1:2"
OO_WM_PLUS,17,35,"17:2:2 18:0:1",17,2,2,2,18,0,2,12,4,"2:1:2 5:1:2 12:0:2 14:1:2"
OO_WM_PLUS,17,35,"17:2:2 18:0:1",17,2,2,2,18,0,2,15,4,"2:1:2 2:1:2 14:1:2 15:0:2"
OO_WM_PLUS,17,35,"17:2:2 18:0:1",17,2,2,3,13,1,2,2,4,"2:2:2 3:1:2 10:1:2 18:0:1"
OO_WM_PLUS,17,35,"17:2:2 18:0:1",17,2,2,3,18,0,2,4,4,"3:1:2 4:0:2 13:1:2 13:1:2"
OO_WM_PLUS,17,35,"17:2:2 18:0:1",17,2,2,3,18,0,2,9,4,"3:1:2 8:1:2 9:0:2 13:1:2"
OO_WM_PLUS,17,35,"17:2:2 18:0:1",17,2,2,3,18,0,2,14,4,"3:1:2 3:1:2 13:1:2 14:0:2"
OO_WM_PLUS,17,35,"17:2:2 18:0:1",17,2,2,4,4,1,2,2,4,"1:1:2 2:2:2 12:1:2 18:0:1"
OO_WM_PLUS,17,35,"17:2:2 18:0:1",17,2,2,4,12,1,2,2,4,"2:2:2 4:1:2 9:1:2 18:0:1"
OO_WM_PLUS,17,35,"17:2:2 18:0:1",17,2,2,4,12,1,2,5,4,"4:1:2 5:2:2 6:1:2 18:0:1"
OO_WM_PLUS,17,35,"17:2:2 18:0:1",17,2,2,4,12,1,2,9,4,"2:1:2 4:1:2 9:2:2 18:0:1"
OO_WM_PLUS,17,35,"17:2:2 18:0:1",17,2,2,4,18,0,2,5,4,"4:1:2 5:0:2 12:1:2 12:1:2"
OO_WM_PLUS,17,35,"17:2:2 18:0:1",17,2,2,4,18,0,2,8,4,"4:1:2 8:0:2 9:1:2 12:1:2"
OO_WM_PLUS,17,35,"17:2:2 18:0:1",17,2,2,4,18,0,2,9,4,"4:1:2 8:1:2 9:0:2 12:1:2"
OO_WM_PLUS,17,35,"17:2:2 18:0:1",17,2,2,4,18,0,2,10,4,"4:1:2 7:1:2 10:0:2 12:1:2"
OO_WM_PLUS,17,35,"17:2:2 18:0:1",17,2,2,4,18,0,2,13,4,"4:1:2 4:1:2 12:1:2 13:0:2"
OO_WM_PLUS,17,35,"17:2:2 18:0:1",17,2,2,4,18,0,2,15,4,"2:1:2 4:1:2 12:1:2 15:0:2"
OO_WM_PLUS,17,35,"17:2:2 18:0:1",17,2,2,4,18,0,2,16,4,"1:1:2 4:1:2 12:1:2 16:0:2"
OO_WM_PLUS,17,35,"17:2:2 18:0:1",17,2,2,5,11,1,2,9,4,"1:1:2 5:1:2 9:2:2 18:0:1"
OO_WM_PLUS,17,35,"17:2:2 18:0:1",17,2,2,5,18,0,2,6,4,"5:1:2 6:0:2 11:1:2 11:1:2"
OO_WM_PLUS,17,35,"17:2:2 18:0:1",17,2,2,5,18,0,2,9,4,"5:1:2 8:1:2 9:0:2 11:1:2"
OO_WM_PLUS,17,35,"17:2:2 18:0:1",17,2,2,5,18,0,2,12,4,"5:1:2 5:1:2 11:1:2 12:0:2"
OO_WM_PLUS,17,35,"17:2:2 18:0:1",17,2,2,6,6,1,2,2,4,"2:2:2 3:1:2 10:1:2 18:0:1"
OO_WM_PLUS,17,35,"17:2:2 18:0:1",17,2,2,6,10,1,2,2,4,"2:2:2 6:1:2 7:1:2 18:0:1"
OO_WM_PLUS,17,35,"17:2:2 18:0:1",17,2,2,6,10,1,2,5,4,"4:1:2 5:2:2 6:1:2 18:0:1"
OO_WM_PLUS,17,35,"17:2:2 18:0:1",17,2,2,6,18,0,2,5,4,"5:0:2 6:1:2 10:1:2 12:1:2"
OO_WM_PLUS,17,35,"17:2:2 18:0:1",17,2,2,6,18,0,2,7,4,"6:1:2 7:0:2 10:1:2 10:1:2"
OO_WM_PLUS,17,35,"17:2:2 18:0:1",17,2,2,6,18,0,2,8,4,"6:1:2 8:0:2 9:1:2 10:1:2"
OO_WM_PLUS,17,35,"17:2:2 18:0:1",17,2,2,6,18,0,2,9,4,"6:1:2 8:1:2 9:0:2 10:1:2"
OO_WM_PLUS,17,35,"17:2:2 18:0:1",17,2,2,6,18,0,2,10,4,"6:1:2 7:1:2 10:0:2 10:1:2"
OO_WM_PLUS,17,35,"17:2:2 18:0:1",17,2,2,6,18,0,2,11,4,"6:1:2 6:1:2 10:1:2 11:0:2"
OO_WM_PLUS,17,35,"17:2:2 18:0:1",17,2,2,6,18,0,2,13,4,"4:1:2 6:1:2 10:1:2 13:0:2"
OO_WM_PLUS,17,35,"17:2:2 18:0:1",17,2,2,6,18,0,2,15,4,"2:1:2 6:1:2 10:1:2 15:0:2"
OO_WM_PLUS,17,35,"17:2:2 18:0:1",17,2,2,6,18,0,2,16,4,"1:1:2 6:1:2 10:1:2 16:0:2"
OO_WM_PLUS,17,35,"17:2:2 18:0:1",17,2,2,7,7,1,2,2,4,"2:2:2 4:1:2 9:1:2 18:0:1"
OO_WM_PLUS,17,35,"17:2:2 18:0:1",17,2,2,7,9,1,2,2,4,"2:2:2 6:1:2 7:1:2 18:0:1"
OO_WM_PLUS,17,35,"17:2:2 18:0:1",17,2,2,7,18,0,2,5,4,"5:0:2 7:1:2 9:1:2 12:1:2"
OO_WM_PLUS,17,35,"17:2:2 18:0:1",17,2,2,7,18,0,2,8,4,"7:1:2 8:0:2 9:1:2 9:1:2"
OO_WM_PLUS,17,35,"17:2:2 18:0:1",17,2,2,7,18,0,2,10,4,"7:1:2 7:1:2 9:1:2 10:0:2"
OO_WM_PLUS,17,35,"17:2:2 18:0:1",17,2,2,7,18,0,2,12,4,"5:1:2 7:1:2 9:1:2 12:0:2"
OO_WM_PLUS,17,35,"17:2:2 18:0:1",17,2,2,7,18,0,2,13,4,"4:1:2 7:1:2 9:1:2 13:0:2"
OO_WM_PLUS,17,35,"17:2:2 18:0:1",17,2,2,7,18,0,2,15,4,"2:1:2 7:1:2 9:1:2 15:0:2"
OO_WM_PLUS,17,35,"17:2:2 18:0:1",17,2,2,7,18,0,2,16,4,"1:1:2 7:1:2 9:1:2 16:0:2"
OO_WM_PLUS,17,35,"17:2:2 18:0:1",17,2,2,8,18,0,2,9,4,"8:1:2 8:1:2 8:1:2 9:0:2"
OO_WM_PLUS,17,35,"17:2:2 18:0:1",18,0,1,1,16,2,2,1,4,"1:0:1 1:1:2 14:1:2 17:2:2"
OO_WM_PLUS,17,35,"17:2:2 18:0:1",18,0,1,1,16,2,2,2,4,"1:0:1 2:1:2 13:1:2 17:2:2"
OO_WM_PLUS,17,35,"17:2:2 18:0:1",18,0,1,1,16,2,2,3,4,"1:0:1 3:1:2 12:1:2 17:2:2"
OO_WM_PLUS,17,35,"17:2:2 18:0:1",18,0,1,1,16,2,2,4,4,"1:0:1 4:1:2 11:1:2 17:2:2"
OO_WM_PLUS,17,35,"17:2:2 18:0:1",18,0,1,1,16,2,2,5,4,"1:0:1 5:1:2 10:1:2 17:2:2"
OO_WM_PLUS,17,35,"17:2:2 18:0:1",18,0,1,1,16,2,2,6,4,"1:0:1 6:1:2 9:1:2 17:2:2"
OO_WM_PLUS,17,35,"17:2:2 18:0:1",18,0,1,1,16,2,2,7,4,"1:0:1 7:1:2 8:1:2 17:2:2"
OO_WM_PLUS,17,35,"17:2:2 18:0:1",18,0,1,1,17,1,1,0,3,"1:0:1 16:1:1 16:2:2"
OO_WM_PLUS,17,35,"17:2:2 18:0:1",18,0,1,1,17,1,1,1,4,"1:0:1 1:2:2 15:2:2 16:1:1"
OO_WM_PLUS,17,35,"17:2:2 18:0:1",18,0,1,1,17,1,1,2,4,"1:0:1 2:2:2 14:2:2 16:1:1"
OO_WM_PLUS,17,35,"17:2:2 18:0:1",18,0,1,1,17,1,1,3,4,"1:0:1 3:2:2 13:2:2 16:1:1"
OO_WM_PLUS,17,35,"17:2:2 18:0:1",18,0,1,1,17,1,1,4,4,"1:0:1 4:2:2 12:2:2 16:1:1"
OO_WM_PLUS,17,35,"17:2:2 18:0:1",18,0,1,1,17,1,1,5,4,"1:0:1 5:2:2 11:2:2 16:1:1"
OO_WM_PLUS,17,35,"17:2:2 18:0:1",18,0,1,1,17,1,1,6,4,"1:0:1 6:2:2 10:2:2 16:1:1"
OO_WM_PLUS,17,35,"17:2:2 18:0:1",18,0,1,1,17,1,1,7,4,"1:0:1 7:2:2 9:2:2 16:1:1"
OO_WM_PLUS,17,35,"17:2:2 18:0:1",18,0,1,1,17,1,1,8,4,"1:0:1 8:2:2 8:2:2 16:1:1"
OO_WM_PLUS,17,35,"17:2:2 18:0:1",18,0,1,2,15,2,2,1,4,"1:1:2 2:0:1 13:1:2 17:2:2"
OO_WM_PLUS,17,35,"17:2:2 18:0:1",18,0,1,2,15,2,2,2,4,"2:0:1 2:1:2 12:1:2 17:2:2"
OO_WM_PLUS,17,35,"17:2:2 18:0:1",18,0,1,2,15,2,2,3,4,"2:0:1 3:1:2 11:1:2 17:2:2"
OO_WM_PLUS,17,35,"17:2:2 18:0:1",18,0,1,2,15,2,2,4,4,"2:0:1 4:1:2 10:1:2 17:2:2"
OO_WM_PLUS,17,35,"17:2:2 18:0:1",18,0,1,2,15,2,2,5,4,"2:0:1 5:1:2 9:1:2 17:2:2"
OO_WM_PLUS,17,35,"17:2:2 18:0:1",18,0,1,2,15,2,2,6,4,"2:0:1 6:1:2 8:1:2 17:2:2"
OO_WM_PLUS,17,35,"17:2:2 18:0:1",18,0,1,2,17,1,1,1,4,"1:2:2 2:0:1 15:1:1 15:2:2"
OO_WM_PLUS,17,35,"17:2:2 18:0:1",18,0,1,2,17,1,1,2,4,"2:0:1 2:2:2 14:2:2 15:1:1"
OO_WM_PLUS,17,35,"17:2:2 18:0:1",18,0,1,2,17,1,1,4,4,"2:0:1 4:2:2 12:2:2 15:1:1"
OO_WM_PLUS,17,35,"17:2:2 18:0:1",18,0,1,2,17,1,1,5,4,"2:0:1 5:2:2 11:2:2 15:1:1"
OO_WM_PLUS,17,35,"17:2:2 18:0:1",18,0,1,2,17,1,1,7,4,"2:0:1 7:2:2 9:2:2 15:1:1"
OO_WM_PLUS,17,35,"17:2:2 18:0:1",18,0,1,2,17,1,1,8,4,"2:0:1 8:2:2 8:2:2 15:1:1"
OO_WM_PLUS,17,35,"17:2:2 18:0:1",18,0,1,3,14,2,2,1,4,"1:1:2 3:0:1 12:1:2 17:2:2"
OO_WM_PLUS,17,35,"17:2:2 18:0:1",18,0,1,3,14,2,2,2,4,"2:1:2 3:0:1 11:1:2 17:2:2"
OO_WM_PLUS,17,35,"17:2:2 18:0:1",18,0,1,3,14,2,2,3,4,"3:0:1 3:1:2 10:1:2 17:2:2"
OO_WM_PLUS,17,35,"17:2:2 18:0:1",18,0,1,3,14,2,2,4,4,"3:0:1 4:1:2 9:1:2 17:2:2"
OO_WM_PLUS,17,35,"17:2:2 18:0:1",18,0,1,3,14,2,2,5,4,"3:0:1 5:1:2 8:1:2 17:2:2"
OO_WM_PLUS,17,35,"17:2:2 18:0:1",18,0,1,3,14,2,2,6,4,"3:0:1 6:1:2 7:1:2 17:2:2"
OO_WM_PLUS,17,35,"17:2:2 18:0:1",18,0,1,3,17,1,1,2,4,"2:2:2 3:0:1 14:1:1 14:2:2"
OO_WM_PLUS,17,35,"17:2:2 18:0:1",18,0,1,3,17,1,1,4,4,"3:0:1 4:2:2 12:2:2 14:1:1"
OO_WM_PLUS,17,35,"17:2:2 18:0:1",18,0,1,3,17,1,1,5,4,"3:0:1 5:2:2 11:2:2 14:1:1"
OO_WM_PLUS,17,35,"17:2:2 18:0:1",18,0,1,3,17,1,1,6,4,"3:0:1 6:2:2 10:2:2 14:1:1"
OO_WM_PLUS,17,35,"17:2:2 18:0:1",18,0,1,3,17,1,1,7,4,"3:0:1 7:2:2 9:2:2 14:1:1"
OO_WM_PLUS,17,35,"17:2:2 18:0:1",18,0,1,3,17,1,1,8,4,"3:0:1 8:2:2 8:2:2 14:1:1"
OO_WM_PLUS,17,35,"17:2:2 18:0:1",18,0,1,4,13,2,2,1,4,"1:1:2 4:0:1 11:1:2 17:2:2"
OO_WM_PLUS,17,35,"17:2:2 18:0:1",18,0,1,4,13,2,2,2,4,"2:1:2 4:0:1 10:1:2 17:2:2"
OO_WM_PLUS,17,35,"17:2:2 18:0:1",18,0,1,4,13,2,2,3,4,"3:1:2 4:0:1 9:1:2 17:2:2"
OO_WM_PLUS,17,35,"17:2:2 18:0:1",18,0,1,4,13,2,2,4,4,"4:0:1 4:1:2 8:1:2 17:2:2"
OO_WM_PLUS,17,35,"17:2:2 18:0:1",18,0,1,4,13,2,2,5,4,"4:0:1 5:1:2 7:1:2 17:2:2"
OO_WM_PLUS,17,35,"17:2:2 18:0:1",18,0,1,4,13,2,2,6,4,"4:0:1 6:1:2 6:1:2 17:2:2"
OO_WM_PLUS,17,35,"17:2:2 18:0:1",18,0,1,4,17,1,1,2,4,"2:2:2 4:0:1 13:1:1 14:2:2"
OO_WM_PLUS,17,35,"17:2:2 18:0:1",18,0,1,4,17,1,1,3,4,"3:2:2 4:0:1 13:1:1 13:2:2"
OO_WM_PLUS,17,35,"17:2:2 18:0:1",18,0,1,4,17,1,1,4,4,"4:0:1 4:2:2 12:2:2 13:1:1"
OO_WM_PLUS,17,35,"17:2:2 18:0:1",18,0,1,4,17,1,1,5,4,"4:0:1 5:2:2 11:2:2 13:1:1"
OO_WM_PLUS,17,35,"17:2:2 18:0:1",18,0,1,4,17,1,1,6,4,"4:0:1 6:2:2 10:2:2 13:1:1"
OO_WM_PLUS,17,35,"17:2:2 18:0:1",18,0,1,4,17,1,1,7,4,"4:0:1 7:2:2 9:2:2 13:1:1"
OO_WM_PLUS,17,35,"17:2:2 18:0:1",18,0,1,4,17,1,1,8,4,"4:0:1 8:2:2 8:2:2 13:1:1"
OO_WM_PLUS,17,35,"17:2:2 18:0:1",18,0,1,5,17,1,1,2,4,"2:2:2 5:0:1 12:1:1 14:2:2"
OO_WM_PLUS,17,35,"17:2:2 18:0:1",18,0,1,5,17,1,1,4,4,"4:2:2 5:0:1 12:1:1 12:2:2"
OO_WM_PLUS,17,35,"17:2:2 18:0:1",18,0,1,6,11,2,2,1,4,"1:1:2 6:0:1 9:1:2 17:2:2"
OO_WM_PLUS,17,35,"17:2:2 18:0:1",18,0,1,6,11,2,2,2,4,"2:1:2 6:0:1 8:1:2 17:2:2"
OO_WM_PLUS,17,35,"17:2:2 18:0:1",18,0,1,6,11,2,2,3,4,"3:1:2 6:0:1 7:1:2 17:2:2"
OO_WM_PLUS,17,35,"17:2:2 18:0:1",18,0,1,6,11,2,2,4,4,"4:1:2 6:0:1 6:1:2 17:2:2"
OO_WM_PLUS,17,35,"17:2:2 18:0:1",18,0,1,6,11,2,2,5,4,"5:1:2 5:1:2 6:0:1 17:2:2"
OO_WM_PLUS,17,35,"17:2:2 18:0:1",18,0,1,6,17,1,1,2,4,"2:2:2 6:0:1 11:1:1 14:2:2"
OO_WM_PLUS,17,35,"17:2:2 18:0:1",18,0,1,6,17,1,1,5,4,"5:2:2 6:0:1 11:1:1 11:2:2"
OO_WM_PLUS,17,35,"17:2:2 18:0:1",18,0,1,6,17,1,1,8,4,"6:0:1 8:2:2 8:2:2 11:1:1"
OO_WM_PLUS,17,35,"17:2:2 18:0:1",18,0,1,7,7,0,2,5,4,"1:1:2 5:0:2 10:1:1 17:2:2"
OO_WM_PLUS,17,35,"17:2:2 18:0:1",18,0,1,7,10,2,2,1,4,"1:1:2 7:0:1 8:1:2 17:2:2"
OO_WM_PLUS,17,35,"17:2:2 18:0:1",18,0,1,7,17,1,1,2,4,"2:2:2 7:0:1 10:1:1 14:2:2"
OO_WM_PLUS,17,35,"17:2:2 18:0:1",18,0,1,7,17,1,1,4,4,"4:2:2 7:0:1 10:1:1 12:2:2"
OO_WM_PLUS,17,35,"17:2:2 18:0:1",18,0,1,7,17,1,1,5,4,"5:2:2 7:0:1 10:1:1 11:2:2"
OO_WM_PLUS,17,35,"17:2:2 18:0:1",18,0,1,7,17,1,1,6,4,"6:2:2 7:0:1 10:1:1 10:2:2"
OO_WM_PLUS,17,35,"17:2:2 18:0:1",18,0,1,7,17,1,1,7,4,"7:0:1 7:2:2 9:2:2 10:1:1"
OO_WM_PLUS,17,35,"17:2:2 18:0:1",18,0,1,7,17,1,1,8,4,"7:0:1 8:2:2 8:2:2 10:1:1"
OO_WM_PLUS,17,35,"17:2:2 18:0:1",18,0,1,8,17,1,1,2,4,"2:2:2 8:0:1 9:1:1 14:2:2"
OO_WM_PLUS,17,35,"17:2:2 18:0:1",18,0,1,8,17,1,1,4,4,"4:2:2 8:0:1 9:1:1 12:2:2"
OO_WM_PLUS,17,35,"17:2:2 18:0:1",18,0,1,8,17,1,1,7,4,"7:2:2 8:0:1 9:1:1 9:2:2"
OO_WM_PLUS,17,35,"17:2:2 18:0:1",18,0,1,9,8,2,2,1,4,"1:1:2 6:1:2 9:0:1 17:2:2"
OO_WM_PLUS,17,35,"17:2:2 18:0:1",18,0,1,9,8,2,2,2,4,"2:1:2 5:1:2 9:0:1 17:2:2"
OO_WM_PLUS,17,35,"17:2:2 18:0:1",18,0,1,9,8,2,2,3,4,"3:1:2 4:1:2 9:0:1 17:2:2"
OO_WM_PLUS,17,35,"17:2:2 18:0:1",18,0,1,9,17,1,1,2,4,"2:2:2 8:1:1 9:0:1 14:2:2"
OO_WM_PLUS,17,35,"17:2:2 18:0:1",18,0,1,9,17,1,1,5,4,"5:2:2 8:1:1 9:0:1 11:2:2"
OO_WM_PLUS,17,35,"17:2:2 18:0:1",18,0,1,9,17,1,1,8,4,"8:1:1 8:2:2 8:2:2 9:0:1"
OO_WM_PLUS,17,35,"17:2:2 18:0:1",18,0,1,10,10,0,2,5,4,"4:1:2 5:0:2 7:1:1 17:2:2"
OO_WM_PLUS,17,35,"17:2:2 18:0:1",18,0,1,10,10,0,2,7,4,"2:1:2 7:0:2 7:1:1 17:2:2"
OO_WM_PLUS,17,35,"17:2:2 18:0:1",18,0,1,10,17,1,1,2,4,"2:2:2 7:1:1 10:0:1 14:2:2"
OO_WM_PLUS,17,35,"17:2:2 18:0:1",18,0,1,10,17,1,1,4,4,"4:2:2 7:1:1 10:0:1 12:2:2"
OO_WM_PLUS,17,35,"17:2:2 18:0:1",18,0,1,10,17,1,1,5,4,"5:2:2 7:1:1 10:0:1 11:2:2"
OO_WM_PLUS,17,35,"17:2:2 18:0:1",18,0,1,10,17,1,1,7,4,"7:1:1 7:2:2 9:2:2 10:0:1"
OO_WM_PLUS,17,35,"17:2:2 18:0:1",18,0,1,10,17,1,1,8,4,"7:1:1 8:2:2 8:2:2 10:0:1"
OO_WM_PLUS,17,35,"17:2:2 18:0:1",18,0,1,11,11,0,2,5,4,"5:0:2 5:1:2 6:1:1 17:2:2"
OO_WM_PLUS,17,35,"17:2:2 18:0:1",18,0,1,11,11,0,2,6,4,"4:1:2 6:0:2 6:1:1 17:2:2"
OO_WM_PLUS,17,35,"17:2:2 18:0:1",18,0,1,11,11,0,2,8,4,"2:1:2 6:1:1 8:0:2 17:2:2"
OO_WM_PLUS,17,35,"17:2:2 18:0:1",18,0,1,11,11,0,2,9,4,"1:1:2 6:1:1 9:0:2 17:2:2"
OO_WM_PLUS,17,35,"17:2:2 18:0:1",18,0,1,11,17,1,1,2,4,"2:2:2 6:1:1 11:0:1 14:2:2"
OO_WM_PLUS,17,35,"17:2:2 18:0:1",18,0,1,11,17,1,1,4,4,"4:2:2 6:1:1 11:0:1 12:2:2"
OO_WM_PLUS,17,35,"17:2:2 18:0:1",18,0,1,11,17,1,1,5,4,"5:2:2 6:1:1 11:0:1 11:2:2"
OO_WM_PLUS,17,35,"17:2:2 18:0:1",18,0,1,11,17,1,1,6,4,"6:1:1 6:2:2 10:2:2 11:0:1"
OO_WM_PLUS,17,35,"17:2:2 18:0:1",18,0,1,11,17,1,1,7,4,"6:1:1 7:2:2 9:2:2 11:0:1"
OO_WM_PLUS,17,35,"17:2:2 18:0:1",18,0,1,11,17,1,1,8,4,"6:1:1 8:2:2 8:2:2 11:0:1"
OO_WM_PLUS,17,35,"17:2:2 18:0:1",18,0,1,12,5,2,2,1,4,"1:1:2 3:1:2 12:0:1 17:2:2"
OO_WM_PLUS,17,35,"17:2:2 18:0:1",18,0,1,12,5,2,2,2,4,"2:1:2 2:1:2 12:0:1 17:2:2"
OO_WM_PLUS,17,35,"17:2:2 18:0:1",18,0,1,12,17,1,1,2,4,"2:2:2 5:1:1 12:0:1 14:2:2"
OO_WM_PLUS,17,35,"17:2:2 18:0:1",18,0,1,12,17,1,1,5,4,"5:1:1 5:2:2 11:2:2 12:0:1"
OO_WM_PLUS,17,35,"17:2:2 18:0:1",18,0,1,12,17,1,1,8,4,"5:1:1 8:2:2 8:2:2 12:0:1"
OO_WM_PLUS,17,35,"17:2:2 18:0:1",18,0,1,13,13,0,2,5,4,"4:1:1 5:0:2 7:1:2 17:2:2"
OO_WM_PLUS,17,35,"17:2:2 18:0:1",18,0,1,13,13,0,2,6,4,"4:1:1 6:0:2 6:1:2 17:2:2"
OO_WM_PLUS,17,35,"17:2:2 18:0:1",18,0,1,13,13,0,2,9,4,"3:1:2 4:1:1 9:0:2 17:2:2"
OO_WM_PLUS,17,35,"17:2:2 18:0:1",18,0,1,13,13,0,2,11,4,"1:1:2 4:1:1 11:0:2 17:2:2"
OO_WM_PLUS,17,35,"17:2:2 18:0:1",18,0,1,13,17,1,1,2,4,"2:2:2 4:1:1 13:0:1 14:2:2"
OO_WM_PLUS,17,35,"17:2:2 18:0:1",18,0,1,13,17,1,1,4,4,"4:1:1 4:2:2 12:2:2 13:0:1"
OO_WM_PLUS,17,35,"17:2:2 18:0:1",18,0,1,13,17,1,1,5,4,"4:1:1 5:2:2 11:2:2 13:0:1"
OO_WM_PLUS,17,35,"17:2:2 18:0:1",18,0,1,13,17,1,1,7,4,"4:1:1 7:2:2 9:2:2 13:0:1"
OO_WM_PLUS,17,35,"17:2:2 18:0:1",18,0,1,13,17,1,1,8,4,"4:1:1 8:2:2 8:2:2 13:0:1"
OO_WM_PLUS,17,35,"17:2:2 18:0:1",18,0,1,14,14,0,2,2,4,"2:0:2 3:1:1 11:1:2 17:2:2"
OO_WM_PLUS,17,35,"17:2:2 18:0:1",18,0,1,14,14,0,2,3,4,"3:0:2 3:1:1 10:1:2 17:2:2"
OO_WM_PLUS,17,35,"17:2:2 18:0:1",18,0,1,14,14,0,2,4,4,"3:1:1 4:0:2 9:1:2 17:2:2"
OO_WM_PLUS,17,35,"17:2:2 18:0:1",18,0,1,14,14,0,2,5,4,"3:1:1 5:0:2 8:1:2 17:2:2"
OO_WM_PLUS,17,35,"17:2:2 18:0:1",18,0,1,14,14,0,2,6,4,"3:1:1 6:0:2 7:1:2 17:2:2"
OO_WM_PLUS,17,35,"17:2:2 18:0:1",18,0,1,14,14,0,2,7,4,"3:1:1 6:1:2 7:0:2 17:2:2"
OO_WM_PLUS,17,35,"17:2:2 18:0:1",18,0,1,14,14,0,2,8,4,"3:1:1 5:1:2 8:0:2 17:2:2"
OO_WM_PLUS,17,35,"17:2:2 18:0:1",18,0,1,14,14,0,2,9,4,"3:1:1 4:1:2 9:0:2 17:2:2"
OO_WM_PLUS,17,35,"17:2:2 18:0:1",18,0,1,14,14,0,2,10,4,"3:1:1 3:1:2 10:0:2 17:2:2"
OO_WM_PLUS,17,35,"17:2:2 18:0:1",18,0,1,14,14,0,2,11,4,"2:1:2 3:1:1 11:0:2 17:2:2"
OO_WM_PLUS,17,35,"17:2:2 18:0:1",18,0,1,14,14,0,2,12,4,"1:1:2 3:1:1 12:0:2 17:2:2"
OO_WM_PLUS,17,35,"17:2:2 18:0:1",18,0,1,14,17,1,1,1,4,"1:2:2 3:1:1 14:0:1 15:2:2"
OO_WM_PLUS,17,35,"17:2:2 18:0:1",18,0,1,14,17,1,1,2,4,"2:2:2 3:1:1 14:0:1 14:2:2"
OO_WM_PLUS,17,35,"17:2:2 18:0:1",18,0,1,14,17,1,1,3,4,"3:1:1 3:2:2 13:2:2 14:0:1"
OO_WM_PLUS,17,35,"17:2:2 18:0:1",18,0,1,14,17,1,1,4,4,"3:1:1 4:2:2 12:2:2 14:0:1"
OO_WM_PLUS,17,35,"17:2:2 18:0:1",18,0,1,14,17,1,1,5,4,"3:1:1 5:2:2 11:2:2 14:0:1"
OO_WM_PLUS,17,35,"17:2:2 18:0:1",18,0,1,14,17,1,1,6,4,"3:1:1 6:2:2 10:2:2 14:0:1"
OO_WM_PLUS,17,35,"17:2:2 18:0:1",18,0,1,14,17,1,1,7,4,"3:1:1 7:2:2 9:2:2 14:0:1"
OO_WM_PLUS,17,35,"17:2:2 18:0:1",18,0,1,14,17,1,1,8,4,"3:1:1 8:2:2 8:2:2 14:0:1"
OO_WM_PLUS,17,35,"17:2:2 18:0:1",18,0,1,15,17,1,1,2,4,"2:1:1 2:2:2 14:2:2 15:0:1"
OO_WM_PLUS,17,35,"17:2:2 18:0:1",18,0,1,16,16,0,2,2,4,"1:1:1 2:0:2 13:1:2 17:2:2"
OO_WM_PLUS,17,35,"17:2:2 18:0:1",18,0,1,16,16,0,2,3,4,"1:1:1 3:0:2 12:1:2 17:2:2"
OO_WM_PLUS,17,35,"17:2:2 18:0:1",18,0,1,16,16,0,2,4,4,"1:1:1 4:0:2 11:1:2 17:2:2"
OO_WM_PLUS,17,35,"17:2:2 18:0:1",18,0,1,16,16,0,2,5,4,"1:1:1 5:0:2 10:1:2 17:2:2"
OO_WM_PLUS,17,35,"17:2:2 18:0:1",18,0,1,16,16,0,2,6,4,"1:1:1 6:0:2 9:1:2 17:2:2"
OO_WM_PLUS,17,35,"17:2:2 18:0:1",18,0,1,16,16,0,2,7,4,"1:1:1 7:0:2 8:1:2 17:2:2"
OO_WM_PLUS,17,35,"17:2:2 18:0:1",18,0,1,16,16,0,2,8,4,"1:1:1 7:1:2 8:0:2 17:2:2"
OO_WM_PLUS,17,35,"17:2:2 18:0:1",18,0,1,16,16,0,2,9,4,"1:1:1 6:1:2 9:0:2 17:2:2"
OO_WM_PLUS,17,35,"17:2:2 18:0:1",18,0,1,16,16,0,2,10,4,"1:1:1 5:1:2 10:0:2 17:2:2"
OO_WM_PLUS,17,35,"17:2:2 18:0:1",18,0,1,16,16,0,2,11,4,"1:1:1 4:1:2 11:0:2 17:2:2"
OO_WM_PLUS,17,35,"17:2:2 18:0:1",18,0,1,16,16,0,2,12,4,"1:1:1 3:1:2 12:0:2 17:2:2"
OO_WM_PLUS,17,35,"17:2:2 18:0:1",18,0,1,16,16,0,2,13,4,"1:1:1 2:1:2 13:0:2 17:2:2"
OO_WM_PLUS,17,35,"17:2:2 18:0:1",18,0,1,16,16,0,2,14,4,"1:1:1 1:1:2 14:0:2 17:2:2"
OO_WM_PLUS,17,35,"17:2:2 18:0:1",18,0,1,16,17,1,1,1,4,"1:1:1 1:2:2 15:2:2 16:0:1"
OO_WM_PLUS,17,35,"17:2:2 18:0:1",18,0,1,16,17,1,1,2,4,"1:1:1 2:2:2 14:2:2 16:0:1"
OO_WM_PLUS,17,35,"17:2:2 18:0:1",18,0,1,16,17,1,1,4,4,"1:1:1 4:2:2 12:2:2 16:0:1"
OO_WM_PLUS,17,35,"17:2:2 18:0:1",18,0,1,16,17,1,1,5,4,"1:1:1 5:2:2 11:2:2 16:0:1"
OO_WM_PLUS,17,35,"17:2:2 18:0:1",18,0,1,16,17,1,1,6,4,"1:1:1 6:2:2 10:2:2 16:0:1"
OO_WM_PLUS,17,35,"17:2:2 18:0:1",18,0,1,16,17,1,1,7,4,"1:1:1 7:2:2 9:2:2 16:0:1"
OO_WM_PLUS,17,35,"17:2:2 18:0:1",18,0,1,16,17,1,1,8,4,"1:1:1 8:2:2 8:2:2 16:0:1"
OO_WM_PLUS,17,35,"17:2:2 18:0:1",18,0,1,17,17,0,2,2,3,"2:0:2 14:1:2 17:2:2"
OO_WM_PLUS,17,35,"17:2:2 18:0:1",18,0,1,17,17,0,2,3,3,"3:0:2 13:1:2 17:2:2"
OO_WM_PLUS,17,35,"17:2:2 18:0:1",18,0,1,17,17,0,2,4,3,"4:0:2 12:1:2 17:2:2"
OO_WM_PLUS,17,35,"17:2:2 18:0:1",18,0,1,17,17,0,2,5,3,"5:0:2 11:1:2 17:2:2"
OO_WM_PLUS,17,35,"17:2:2 18:0:1",18,0,1,17,17,0,2,6,3,"6:0:2 10:1:2 17:2:2"
OO_WM_PLUS,17,35,"17:2:2 18:0:1",18,0,1,17,17,0,2,7,3,"7:0:2 9:1:2 17:2:2"
OO_WM_PLUS,17,35,"17:2:2 18:0:1",18,0,1,17,17,0,2,8,3,"8:0:2 8:1:2 17:2:2"
OO_WM_PLUS,17,35,"17:2:2 18:0:1",18,0,1,17,17,0,2,9,3,"7:1:2 9:0:2 17:2:2"
OO_WM_PLUS,17,35,"17:2:2 18:0:1",18,0,1,17,17,0,2,10,3,"6:1:2 10:0:2 17:2:2"
OO_WM_PLUS,17,35,"17:2:2 18:0:1",18,0,1,17,17,0,2,11,3,"5:1:2 11:0:2 17:2:2"
OO_WM_PLUS,17,35,"17:2:2 18:0:1",18,0,1,17,17,0,2,12,3,"4:1:2 12:0:2 17:2:2"
OO_WM_PLUS,17,35,"17:2:2 18:0:1",18,0,1,17,17,0,2,13,3,"3:1:2 13:0:2 17:2:2"
OO_WM_PLUS,17,35,"17:2:2 18:0:1",18,0,1,17,17,0,2,14,3,"2:1:2 14:0:2 17:2:2"
OO_WM_PLUS,17,35,"17:2:2 18:0:1",18,0,1,17,17,0,2,15,3,"1:1:2 15:0:2 17:2:2"
OO_WM_PLUS,17,35,"17:2:2 18:0:1",18,0,1,17,17,1,1,0,2,"16:2:2 17:0:1"
OO_WM_PLUS,17,35,"17:2:2 18:0:1",18,0,1,17,17,1,1,1,3,"1:2:2 15:2:2 17:0:1"
OO_WM_PLUS,17,35,"17:2:2 18:0:1",18,0,1,17,17,1,1,2,3,"2:2:2 14:2:2 17:0:1"
OO_WM_PLUS,17,35,"17:2:2 18:0:1",18,0,1,17,17,1,1,3,3,"3:2:2 13:2:2 17:0:1"
OO_WM_PLUS,17,35,"17:2:2 18:0:1",18,0,1,17,17,1,1,4,3,"4:2:2 12:2:2 17:0:1"
OO_WM_PLUS,17,35,"17:2:2 18:0:1",18,0,1,17,17,1,1,5,3,"5:2:2 11:2:2 17:0:1"
OO_WM_PLUS,17,35,"17:2:2 18:0:1",18,0,1,17,17,1,1,6,3,"6:2:2 10:2:2 17:0:1"
OO_WM_PLUS,17,35,"17:2:2 18:0:1",18,0,1,17,17,1,1,7,3,"7:2:2 9:2:2 17:0:1"
OO_WM_PLUS,17,35,"17:2:2 18:0:1",18,0,1,17,17,1,1,8,3,"8:2:2 8:2:2 17:0:1"
WO_MO,17,34,"17:0:2 17:1:2",17,0,2,1,15,1,2,2,4,"1:0:1 2:2:2 12:1:2 17:1:2"
WO_MO,17,34,"17:0:2 17:1:2",17,0,2,1,15,1,2,4,4,"1:0:1 4:2:2 10:1:2 17:1:2"
WO_MO,17,34,"17:0:2 17:1:2",17,0,2,1,15,1,2,5,4,"1:0:1 5:2:2 9:1:2 17:1:2"
WO_MO,17,34,"17:0:2 17:1:2",17,0,2,1,15,1,2,6,4,"1:0:1 6:2:2 8:1:2 17:1:2"
WO_MO,17,34,"17:0:2 17:1:2",17,0,2,1,15,1,2,7,4,"1:0:1 7:1:2 7:2:2 17:1:2"
WO_MO,17,34,"17:0:2 17:1:2",17,0,2,1,15,1,2,8,4,"1:0:1 6:1:2 8:2:2 17:1:2"
WO_MO,17,34,"17:0:2 17:1:2",17,0,2,1,15,1,2,9,4,"1:0:1 5:1:2 9:2:2 17:1:2"
WO_MO,17,34,"17:0:2 17:1:2",17,0,2,1,15,1,2,10,4,"1:0:1 4:1:2 10:2:2 17:1:2"
WO_MO,17,34,"17:0:2 17:1:2",17,0,2,1,15,1,2,11,4,"1:0:1 3:1:2 11:2:2 17:1:2"
WO_MO,17,34,"17:0:2 17:1:2",17,0,2,1,15,1,2,12,4,"1:0:1 2:1:2 12:2:2 17:1:2"
WO_MO,17,34,"17:0:2 17:1:2",17,0,2,1,15,1,2,13,4,"1:0:1 1:1:2 13:2:2 17:1:2"
WO_MO,17,34,"17:0:2 17:1:2",17,0,2,1,17,1,2,1,4,"1:0:1 1:2:2 15:1:2 15:1:2"
WO_MO,17,34,"17:0:2 17:1:2",17,0,2,1,17,1,2,2,4,"1:0:1 2:2:2 14:1:2 15:1:2"
WO_MO,17,34,"17:0:2 17:1:2",17,0,2,1,17,1,2,4,4,"1:0:1 4:2:2 12:1:2 15:1:2"
WO_MO,17,34,"17:0:2 17:1:2",17,0,2,1,17,1,2,5,4,"1:0:1 5:2:2 11:1:2 15:1:2"
WO_MO,17,34,"17:0:2 17:1:2",17,0,2,1,17,1,2,6,4,"1:0:1 6:2:2 10:1:2 15:1:2"
WO_MO,17,34,"17:0:2 17:1:2",17,0,2,1,17,1,2,7,4,"1:0:1 7:2:2 9:1:2 15:1:2"
WO_MO,17,34,"17:0:2 17:1:2",17,0,2,1,17,1,2,8,4,"1:0:1 8:1:2 8:2:2 15:1:2"
WO_MO,17,34,"17:0:2 17:1:2",17,0,2,1,17,1,2,9,4,"1:0:1 7:1:2 9:2:2 15:1:2"
WO_MO,17,34,"17:0:2 17:1:2",17,0,2,1,17,1,2,10,4,"1:0:1 6:1:2 10:2:2 15:1:2"
WO_MO,17,34,"17:0:2 17:1:2",17,0,2,1,17,1,2,11,4,"1:0:1 5:1:2 11:2:2 15:1:2"
WO_MO,17,34,"17:0:2 17:1:2",17,0,2,1,17,1,2,12,4,"1:0:1 4:1:2 12:2:2 15:1:2"
WO_MO,17,34,"17:0:2 17:1:2",17,0,2,1,17,1,2,13,4,"1:0:1 3:1:2 13:2:2 15:1:2"
WO_MO,17,34,"17:0:2 17:1:2",17,0,2,1,17,1,2,14,4,"1:0:1 2:1:2 14:2:2 15:1:2"
WO_MO,17,34,"17:0:2 17:1:2",17,0,2,1,17,1,2,15,4,"1:0:1 1:1:2 15:1:2 15:2:2"
WO_MO,17,34,"17:0:2 17:1:2",17,0,2,2,17,1,2,2,4,"2:0:1 2:2:2 14:1:2 14:1:2"
WO_MO,17,34,"17:0:2 17:1:2",17,0,2,3,13,1,2,2,4,"2:2:2 3:0:1 10:1:2 17:1:2"
WO_MO,17,34,"17:0:2 17:1:2",17,0,2,3,13,1,2,4,4,"3:0:1 4:2:2 8:1:2 17:1:2"
WO_MO,17,34,"17:0:2 17:1:2",17,0,2,3,13,1,2,5,4,"3:0:1 5:2:2 7:1:2 17:1:2"
WO_MO,17,34,"17:0:2 17:1:2",17,0,2,3,13,1,2,7,4,"3:0:1 5:1:2 7:2:2 17:1:2"
WO_MO,17,34,"17:0:2 17:1:2",17,0,2,3,13,1,2,8,4,"3:0:1 4:1:2 8:2:2 17:1:2"
WO_MO,17,34,"17:0:2 17:1:2",17,0,2,3,13,1,2,10,4,"2:1:2 3:0:1 10:2:2 17:1:2"
WO_MO,17,34,"17:0:2 17:1:2",17,0,2,3,13,1,2,11,4,"1:1:2 3:0:1 11:2:2 17:1:2"
WO_MO,17,34,"17:0:2 17:1:2",17,0,2,3,17,1,2,2,4,"2:2:2 3:0:1 13:1:2 14:1:2"
WO_MO,17,34,"17:0:2 17:1:2",17,0,2,3,17,1,2,3,4,"3:0:1 3:2:2 13:1:2 13:1:2"
WO_MO,17,34,"17:0:2 17:1:2",17,0,2,3,17,1,2,5,4,"3:0:1 5:2:2 11:1:2 13:1:2"
WO_MO,17,34,"17:0:2 17:1:2",17,0,2,3,17,1,2,6,4,"3:0:1 6:2:2 10:1:2 13:1:2"
WO_MO,17,34,"17:0:2 17:1:2",17,0,2,3,17,1,2,7,4,"3:0:1 7:2:2 9:1:2 13:1:2"
WO_MO,17,34,"17:0:2 17:1:2",17,0,2,3,17,1,2,8,4,"3:0:1 8:1:2 8:2:2 13:1:2"
WO_MO,17,34,"17:0:2 17:1:2",17,0,2,3,17,1,2,9,4,"3:0:1 7:1:2 9:2:2 13:1:2"
WO_MO,17,34,"17:0:2 17:1:2",17,0,2,3,17,1,2,10,4,"3:0:1 6:1:2 10:2:2 13:1:2"
WO_MO,17,34,"17:0:2 17:1:2",17,0,2,3,17,1,2,11,4,"3:0:1 5:1:2 11:2:2 13:1:2"
WO_MO,17,34,"17:0:2 17:1:2",17,0,2,3,17,1,2,12,4,"3:0:1 4:1:2 12:2:2 13:1:2"
WO_MO,17,34,"17:0:2 17:1:2",17,0,2,3,17,1,2,13,4,"3:0:1 3:1:2 13:1:2 13:2:2"
WO_MO,17,34,"17:0:2 17:1:2",17,0,2,3,17,1,2,14,4,"2:1:2 3:0:1 13:1:2 14:2:2"
WO_MO,17,34,"17:0:2 17:1:2",17,0,2,3,17,1,2,15,4,"1:1:2 3:0:1 13:1:2 15:2:2"
WO_MO,17,34,"17:0:2 17:1:2",17,0,2,4,4,0,2,2,4,"1:1:2 2:0:2 12:1:2 17:1:2"
WO_MO,17,34,"17:0:2 17:1:2",17,0,2,4,12,1,2,2,4,"2:2:2 4:0:1 9:1:2 17:1:2"
WO_MO,17,34,"17:0:2 17:1:2",17,0,2,4,12,1,2,4,4,"4:0:1 4:2:2 7:1:2 17:1:2"
WO_MO,17,34,"17:0:2 17:1:2",17,0,2,4,12,1,2,5,4,"4:0:1 5:2:2 6:1:2 17:1:2"
WO_MO,17,34,"17:0:2 17:1:2",17,0,2,4,12,1,2,6,4,"4:0:1 5:1:2 6:2:2 17:1:2"
WO_MO,17,34,"17:0:2 17:1:2",17,0,2,4,12,1,2,7,4,"4:0:1 4:1:2 7:2:2 17:1:2"
WO_MO,17,34,"17:0:2 17:1:2",17,0,2,4,12,1,2,8,4,"3:1:2 4:0:1 8:2:2 17:1:2"
WO_MO,17,34,"17:0:2 17:1:2",17,0,2,4,12,1,2,9,4,"2:1:2 4:0:1 9:2:2 17:1:2"
WO_MO,17,34,"17:0:2 17:1:2",17,0,2,4,12,1,2,10,4,"1:1:2 4:0:1 10:2:2 17:1:2"
WO_MO,17,34,"17:0:2 17:1:2",17,0,2,4,17,1,2,2,4,"2:2:2 4:0:1 12:1:2 14:1:2"
WO_MO,17,34,"17:0:2 17:1:2",17,0,2,4,17,1,2,4,4,"4:0:1 4:2:2 12:1:2 12:1:2"
WO_MO,17,34,"17:0:2 17:1:2",17,0,2,4,17,1,2,5,4,"4:0:1 5:2:2 11:1:2 12:1:2"
WO_MO,17,34,"17:0:2 17:1:2",17,0,2,4,17,1,2,6,4,"4:0:1 6:2:2 10:1:2 12:1:2"
WO_MO,17,34,"17:0:2 17:1:2",17,0,2,4,17,1,2,7,4,"4:0:1 7:2:2 9:1:2 12:1:2"
WO_MO,17,34,"17:0:2 17:1:2",17,0,2,4,17,1,2,8,4,"4:0:1 8:1:2 8:2:2 12:1:2"
WO_MO,17,34,"17:0:2 17:1:2",17,0,2,4,17,1,2,9,4,"4:0:1 7:1:2 9:2:2 12:1:2"
WO_MO,17,34,"17:0:2 17:1:2",17,0,2,4,17,1,2,10,4,"4:0:1 6:1:2 10:2:2 12:1:2"
WO_MO,17,34,"17:0:2 17:1:2",17,0,2,4,17,1,2,11,4,"4:0:1 5:1:2 11:2:2 12:1:2"
WO_MO,17,34,"17:0:2 17:1:2",17,0,2,4,17,1,2,12,4,"4:0:1 4:1:2 12:1:2 12:2:2"
WO_MO,17,34,"17:0:2 17:1:2",17,0,2,4,17,1,2,13,4,"3:1:2 4:0:1 12:1:2 13:2:2"
WO_MO,17,34,"17:0:2 17:1:2",17,0,2,4,17,1,2,14,4,"2:1:2 4:0:1 12:1:2 14:2:2"
WO_MO,17,34,"17:0:2 17:1:2",17,0,2,4,17,1,2,15,4,"1:1:2 4:0:1 12:1:2 15:2:2"
WO_MO,17,34,"17:0:2 17:1:2",17,0,2,5,5,0,2,2,4,"2:0:2 2:1:2 11:1:2 17:1:2"
WO_MO,17,34,"17:0:2 17:1:2",17,0,2,5,17,1,2,2,4,"2:2:2 5:0:1 11:1:2 14:1:2"
WO_MO,17,34,"17:0:2 17:1:2",17,0,2,5,17,1,2,5,4,"5:0:1 5:2:2 11:1:2 11:1:2"
WO_MO,17,34,"17:0:2 17:1:2",17,0,2,6,6,0,2,2,4,"2:0:2 3:1:2 10:1:2 17:1:2"
WO_MO,17,34,"17:0:2 17:1:2",17,0,2,6,10,1,2,2,4,"2:2:2 6:0:1 7:1:2 17:1:2"
WO_MO,17,34,"17:0:2 17:1:2",17,0,2,6,10,1,2,4,4,"4:2:2 5:1:2 6:0:1 17:1:2"
WO_MO,17,34,"17:0:2 17:1:2",17,0,2,6,10,1,2,5,4,"4:1:2 5:2:2 6:0:1 17:1:2"
WO_MO,17,34,"17:0:2 17:1:2",17,0,2,6,10,1,2,7,4,"2:1:2 6:0:1 7:2:2 17:1:2"
WO_MO,17,34,"17:0:2 17:1:2",17,0,2,6,10,1,2,8,4,"1:1:2 6:0:1 8:2:2 17:1:2"
WO_MO,17,34,"17:0:2 17:1:2",17,0,2,6,17,1,2,2,4,"2:2:2 6:0:1 10:1:2 14:1:2"
WO_MO,17,34,"17:0:2 17:1:2",17,0,2,6,17,1,2,4,4,"4:2:2 6:0:1 10:1:2 12:1:2"
WO_MO,17,34,"17:0:2 17:1:2",17,0,2,6,17,1,2,5,4,"5:2:2 6:0:1 10:1:2 11:1:2"
WO_MO,17,34,"17:0:2 17:1:2",17,0,2,6,17,1,2,6,4,"6:0:1 6:2:2 10:1:2 10:1:2"
WO_MO,17,34,"17:0:2 17:1:2",17,0,2,6,17,1,2,7,4,"6:0:1 7:2:2 9:1:2 10:1:2"
WO_MO,17,34,"17:0:2 17:1:2",17,0,2,6,17,1,2,8,4,"6:0:1 8:1:2 8:2:2 10:1:2"
WO_MO,17,34,"17:0:2 17:1:2",17,0,2,6,17,1,2,9,4,"6:0:1 7:1:2 9:2:2 10:1:2"
WO_MO,17,34,"17:0:2 17:1:2",17,0,2,6,17,1,2,10,4,"6:0:1 6:1:2 10:1:2 10:2:2"
WO_MO,17,34,"17:0:2 17:1:2",17,0,2,6,17,1,2,11,4,"5:1:2 6:0:1 10:1:2 11:2:2"
WO_MO,17,34,"17:0:2 17:1:2",17,0,2,6,17,1,2,12,4,"4:1:2 6:0:1 10:1:2 12:2:2"
WO_MO,17,34,"17:0:2 17:1:2",17,0,2,6,17,1,2,14,4,"2:1:2 6:0:1 10:1:2 14:2:2"
WO_MO,17,34,"17:0:2 17:1:2",17,0,2,6,17,1,2,15,4,"1:1:2 6:0:1 10:1:2 15:2:2"
WO_MO,17,34,"17:0:2 17:1:2",17,0,2,7,7,0,2,2,4,"2:0:2 4:1:2 9:1:2 17:1:2"
WO_MO,17,34,"17:0:2 17:1:2",17,0,2,7,9,1,2,2,4,"2:2:2 6:1:2 7:0:1 17:1:2"
WO_MO,17,34,"17:0:2 17:1:2",17,0,2,7,9,1,2,5,4,"3:1:2 5:2:2 7:0:1 17:1:2"
WO_MO,17,34,"17:0:2 17:1:2",17,0,2,7,17,1,2,2,4,"2:2:2 7:0:1 9:1:2 14:1:2"
WO_MO,17,34,"17:0:2 17:1:2",17,0,2,7,17,1,2,4,4,"4:2:2 7:0:1 9:1:2 12:1:2"
WO_MO,17,34,"17:0:2 17:1:2",17,0,2,7,17,1,2,7,4,"7:0:1 7:2:2 9:1:2 9:1:2"
WO_MO,17,34,"17:0:2 17:1:2",17,0,2,7,17,1,2,9,4,"7:0:1 7:1:2 9:1:2 9:2:2"
WO_MO,17,34,"17:0:2 17:1:2",17,0,2,7,17,1,2,12,4,"4:1:2 7:0:1 9:1:2 12:2:2"
WO_MO,17,34,"17:0:2 17:1:2",17,0,2,7,17,1,2,15,4,"1:1:2 7:0:1 9:1:2 15:2:2"
WO_MO,17,34,"17:0:2 17:1:2",17,0,2,8,8,0,2,2,4,"2:0:2 5:1:2 8:1:2 17:1:2"
WO_MO,17,34,"17:0:2 17:1:2",17,0,2,8,17,1,2,2,4,"2:2:2 8:0:1 8:1:2 14:1:2"
WO_MO,17,34,"17:0:2 17:1:2",17,0,2,8,17,1,2,5,4,"5:2:2 8:0:1 8:1:2 11:1:2"
WO_MO,17,34,"17:0:2 17:1:2",17,0,2,8,17,1,2,8,4,"8:0:1 8:1:2 8:1:2 8:2:2"
WO_MO,17,34,"17:0:2 17:1:2",17,0,2,9,7,1,2,2,4,"2:2:2 4:1:2 9:0:1 17:1:2"
WO_MO,17,34,"17:0:2 17:1:2",17,0,2,9,7,1,2,5,4,"1:1:2 5:2:2 9:0:1 17:1:2"
WO_MO,17,34,"17:0:2 17:1:2",17,0,2,9,9,0,2,2,4,"2:0:2 6:1:2 7:1:2 17:1:2"
WO_MO,17,34,"17:0:2 17:1:2",17,0,2,9,17,1,2,2,4,"2:2:2 7:1:2 9:0:1 14:1:2"
WO_MO,17,34,"17:0:2 17:1:2",17,0,2,9,17,1,2,9,4,"7:1:2 7:1:2 9:0:1 9:2:2"
WO_MO,17,34,"17:0:2 17:1:2",17,0,2,9,17,1,2,12,4,"4:1:2 7:1:2 9:0:1 12:2:2"
WO_MO,17,34,"17:0:2 17:1:2",17,0,2,9,17,1,2,15,4,"1:1:2 7:1:2 9:0:1 15:2:2"
WO_MO,17,34,"17:0:2 17:1:2",17,0,2,10,6,1,2,2,4,"2:2:2 3:1:2 10:0:1 17:1:2"
WO_MO,17,34,"17:0:2 17:1:2",17,0,2,10,10,0,2,2,4,"2:0:2 6:1:2 7:1:2 17:1:2"
WO_MO,17,34,"17:0:2 17:1:2",17,0,2,10,17,1,2,2,4,"2:2:2 6:1:2 10:0:1 14:1:2"
WO_MO,17,34,"17:0:2 17:1:2",17,0,2,10,17,1,2,7,4,"6:1:2 7:2:2 9:1:2 10:0:1"
WO_MO,17,34,"17:0:2 17:1:2",17,0,2,10,17,1,2,10,4,"6:1:2 6:1:2 10:0:1 10:2:2"
WO_MO,17,34,"17:0:2 17:1:2",17,0,2,11,11,0,2,2,4,"2:0:2 5:1:2 8:1:2 17:1:2"
WO_MO,17,34,"17:0:2 17:1:2",17,0,2,11,17,1,2,2,4,"2:2:2 5:1:2 11:0:1 14:1:2"
WO_MO,17,34,"17:0:2 17:1:2",17,0,2,11,17,1,2,5,4,"5:1:2 5:2:2 11:0:1 11:1:2"
WO_MO,17,34,"17:0:2 17:1:2",17,0,2,11,17,1,2,8,4,"5:1:2 8:1:2 8:2:2 11:0:1"
WO_MO,17,34,"17:0:2 17:1:2",17,0,2,11,17,1,2,11,4,"5:1:2 5:1:2 11:0:1 11:2:2"
WO_MO,17,34,"17:0:2 17:1:2",17,0,2,12,4,1,2,2,4,"1:1:2 2:2:2 12:0:1 17:1:2"
WO_MO,17,34,"17:0:2 17:1:2",17,0,2,12,12,0,2,2,4,"2:0:2 4:1:2 9:1:2 17:1:2"
WO_MO,17,34,"17:0:2 17:1:2",17,0,2,12,17,1,2,2,4,"2:2:2 4:1:2 12:0:1 14:1:2"
WO_MO,17,34,"17:0:2 17:1:2",17,0,2,12,17,1,2,9,4,"4:1:2 7:1:2 9:2:2 12:0:1"
WO_MO,17,34,"17:0:2 17:1:2",17,0,2,12,17,1,2,12,4,"4:1:2 4:1:2 12:0:1 12:2:2"
WO_MO,17,34,"17:0:2 17:1:2",17,0,2,12,17,1,2,15,4,"1:1:2 4:1:2 12:0:1 15:2:2"
WO_MO,17,34,"17:0:2 17:1:2",17,0,2,13,13,0,2,2,4,"2:0:2 3:1:2 10:1:2 17:1:2"
WO_MO,17,34,"17:0:2 17:1:2",17,0,2,13,17,1,2,2,4,"2:2:2 3:1:2 13:0:1 14:1:2"
WO_MO,17,34,"17:0:2 17:1:2",17,0,2,13,17,1,2,10,4,"3:1:2 6:1:2 10:2:2 13:0:1"
WO_MO,17,34,"17:0:2 17:1:2",17,0,2,13,17,1,2,13,4,"3:1:2 3:1:2 13:0:1 13:2:2"
WO_MO,17,34,"17:0:2 17:1:2",17,0,2,14,14,0,2,2,4,"2:0:2 2:1:2 11:1:2 17:1:2"
WO_MO,17,34,"17:0:2 17:1:2",17,0,2,14,17,1,2,2,4,"2:1:2 2:2:2 14:0:1 14:1:2"
WO_MO,17,34,"17:0:2 17:1:2",17,0,2,14,17,1,2,5,4,"2:1:2 5:2:2 11:1:2 14:0:1"
WO_MO,17,34,"17:0:2 17:1:2",17,0,2,14,17,1,2,8,4,"2:1:2 8:1:2 8:2:2 14:0:1"
WO_MO,17,34,"17:0:2 17:1:2",17,0,2,14,17,1,2,11,4,"2:1:2 5:1:2 11:2:2 14:0:1"
WO_MO,17,34,"17:0:2 17:1:2",17,0,2,14,17,1,2,14,4,"2:1:2 2:1:2 14:0:1 14:2:2"
WO_MO,17,34,"17:0:2 17:1:2",17,0,2,15,15,0,2,2,4,"1:1:2 2:0:2 12:1:2 17:1:2"
WO_MO,17,34,"17:0:2 17:1:2",17,0,2,15,17,1,2,2,4,"1:1:2 2:2:2 14:1:2 15:0:1"
WO_MO,17,34,"17:0:2 17:1:2",17,0,2,15,17,1,2,12,4,"1:1:2 4:1:2 12:2:2 15:0:1"
WO_MO,17,34,"17:0:2 17:1:2",17,0,2,15,17,1,2,15,4,"1:1:2 1:1:2 15:0:1 15:2:2"
WO_MO,17,34,"17:0:2 17:1:2",17,1,2,0,16,1,2,2,3,"2:2:2 13:1:2 17:0:2"
WO_MO,17,34,"17:0:2 17:1:2",17,1,2,0,16,1,2,3,3,"3:2:2 12:1:2 17:0:2"
WO_MO,17,34,"17:0:2 17:1:2",17,1,2,0,16,1,2,4,3,"4:2:2 11:1:2 17:0:2"
WO_MO,17,34,"17:0:2 17:1:2",17,1,2,0,16,1,2,5,3,"5:2:2 10:1:2 17:0:2"
WO_MO,17,34,"17:0:2 17:1:2",17,1,2,0,16,1,2,6,3,"6:2:2 9:1:2 17:0:2"
WO_MO,17,34,"17:0:2 17:1:2",17,1,2,0,16,1,2,7,3,"7:2:2 8:1:2 17:0:2"
WO_MO,17,34,"17:0:2 17:1:2",17,1,2,0,16,1,2,8,3,"7:1:2 8:2:2 17:0:2"
WO_MO,17,34,"17:0:2 17:1:2",17,1,2,0,16,1,2,9,3,"6:1:2 9:2:2 17:0:2"
WO_MO,17,34,"17:0:2 17:1:2",17,1,2,0,16,1,2,10,3,"5:1:2 10:2:2 17:0:2"
WO_MO,17,34,"17:0:2 17:1:2",17,1,2,0,16,1,2,11,3,"4:1:2 11:2:2 17:0:2"
WO_MO,17,34,"17:0:2 17:1:2",17,1,2,0,16,1,2,12,3,"3:1:2 12:2:2 17:0:2"
WO_MO,17,34,"17:0:2 17:1:2",17,1,2,0,16,1,2,13,3,"2:1:2 13:2:2 17:0:2"
WO_MO,17,34,"17:0:2 17:1:2",17,1,2,0,16,1,2,14,3,"1:1:2 14:2:2 17:0:2"
WO_MO,17,34,"17:0:2 17:1:2",17,1,2,0,17,0,1,1,3,"1:0:2 15:2:2 16:1:2"
WO_MO,17,34,"17:0:2 17:1:2",17,1,2,0,17,0,1,2,3,"2:0:2 14:2:2 16:1:2"
WO_MO,17,34,"17:0:2 17:1:2",17,1,2,0,17,0,1,3,3,"3:0:2 13:2:2 16:1:2"
WO_MO,17,34,"17:0:2 17:1:2",17,1,2,0,17,0,1,4,3,"4:0:2 12:2:2 16:1:2"
WO_MO,17,34,"17:0:2 17:1:2",17,1,2,0,17,0,1,5,3,"5:0:2 11:2:2 16:1:2"
WO_MO,17,34,"17:0:2 17:1:2",17,1,2,0,17,0,1,6,3,"6:0:2 10:2:2 16:1:2"
WO_MO,17,34,"17:0:2 17:1:2",17,1,2,0,17,0,1,7,3,"7:0:2 9:2:2 16:1:2"
WO_MO,17,34,"17:0:2 17:1:2",17,1,2,0,17,0,1,8,3,"8:0:2 8:2:2 16:1:2"
WO_MO,17,34,"17:0:2 17:1:2",17,1,2,0,17,0,1,9,3,"7:2:2 9:0:2 16:1:2"
WO_MO,17,34,"17:0:2 17:1:2",17,1,2,0,17,0,1,10,3,"6:2:2 10:0:2 16:1:2"
WO_MO,17,34,"17:0:2 17:1:2",17,1,2,0,17,0,1,11,3,"5:2:2 11:0:2 16:1:2"
WO_MO,17,34,"17:0:2 17:1:2",17,1,2,0,17,0,1,12,3,"4:2:2 12:0:2 16:1:2"
WO_MO,17,34,"17:0:2 17:1:2",17,1,2,0,17,0,1,13,3,"3:2:2 13:0:2 16:1:2"
WO_MO,17,34,"17:0:2 17:1:2",17,1,2,0,17,0,1,14,3,"2:2:2 14:0:2 16:1:2"
WO_MO,17,34,"17:0:2 17:1:2",17,1,2,0,17,0,1,15,3,"1:2:2 15:0:2 16:1:2"
WO_MO,17,34,"17:0:2 17:1:2",17,1,2,0,17,0,1,16,2,"16:0:2 16:1:2"
WO_MO,17,34,"17:0:2 17:1:2",17,1,2,1,15,1,2,2,4,"1:1:1 2:2:2 12:1:2 17:0:2"
WO_MO,17,34,"17:0:2 17:1:2",17,1,2,1,15,1,2,4,4,"1:1:1 4:2:2 10:1:2 17:0:2"
WO_MO,17,34,"17:0:2 17:1:2",17,1,2,1,15,1,2,5,4,"1:1:1 5:2:2 9:1:2 17:0:2"
WO_MO,17,34,"17:0:2 17:1:2",17,1,2,1,15,1,2,6,4,"1:1:1 6:2:2 8:1:2 17:0:2"
WO_MO,17,34,"17:0:2 17:1:2",17,1,2,1,15,1,2,7,4,"1:1:1 7:1:2 7:2:2 17:0:2"
WO_MO,17,34,"17:0:2 17:1:2",17,1,2,1,15,1,2,8,4,"1:1:1 6:1:2 8:2:2 17:0:2"
WO_MO,17,34,"17:0:2 17:1:2",17,1,2,1,15,1,2,9,4,"1:1:1 5:1:2 9:2:2 17:0:2"
WO_MO,17,34,"17:0:2 17:1:2",17,1,2,1,15,1,2,10,4,"1:1:1 4:1:2 10:2:2 17:0:2"
WO_MO,17,34,"17:0:2 17:1:2",17,1,2,1,15,1,2,11,4,"1:1:1 3:1:2 11:2:2 17:0:2"
WO_MO,17,34,"17:0:2 17:1:2",17,1,2,1,15,1,2,12,4,"1:1:1 2:1:2 12:2:2 17:0:2"
WO_MO,17,34,"17:0:2 17:1:2",17,1,2,1,15,1,2,13,4,"1:1:1 1:1:2 13:2:2 17:0:2"
WO_MO,17,34,"17:0:2 17:1:2",17,1,2,1,17,0,1,1,4,"1:0:2 1:1:1 15:1:2 15:2:2"
WO_MO,17,34,"17:0:2 17:1:2",17,1,2,1,17,0,1,2,4,"1:1:1 2:0:2 14:2:2 15:1:2"
WO_MO,17,34,"17:0:2 17:1:2",17,1,2,1,17,0,1,3,4,"1:1:1 3:0:2 13:2:2 15:1:2"
WO_MO,17,34,"17:0:2 17:1:2",17,1,2,1,17,0,1,4,4,"1:1:1 4:0:2 12:2:2 15:1:2"
WO_MO,17,34,"17:0:2 17:1:2",17,1,2,1,17,0,1,5,4,"1:1:1 5:0:2 11:2:2 15:1:2"
WO_MO,17,34,"17:0:2 17:1:2",17,1,2,1,17,0,1,6,4,"1:1:1 6:0:2 10:2:2 15:1:2"
WO_MO,17,34,"17:0:2 17:1:2",17,1,2,1,17,0,1,7,4,"1:1:1 7:0:2 9:2:2 15:1:2"
WO_MO,17,34,"17:0:2 17:1:2",17,1,2,1,17,0,1,8,4,"1:1:1 8:0:2 8:2:2 15:1:2"
WO_MO,17,34,"17:0:2 17:1:2",17,1,2,1,17,0,1,9,4,"1:1:1 7:2:2 9:0:2 15:1:2"
WO_MO,17,34,"17:0:2 17:1:2",17,1,2,1,17,0,1,10,4,"1:1:1 6:2:2 10:0:2 15:1:2"
WO_MO,17,34,"17:0:2 17:1:2",17,1,2,1,17,0,1,11,4,"1:1:1 5:2:2 11:0:2 15:1:2"
WO_MO,17,34,"17:0:2 17:1:2",17,1,2,1,17,0,1,12,4,"1:1:1 4:2:2 12:0:2 15:1:2"
WO_MO,17,34,"17:0:2 17:1:2",17,1,2,1,17,0,1,14,4,"1:1:1 2:2:2 14:0:2 15:1:2"
WO_MO,17,34,"17:0:2 17:1:2",17,1,2,1,17,0,1,15,4,"1:1:1 1:2:2 15:0:2 15:1:2"
WO_MO,17,34,"17:0:2 17:1:2",17,1,2,2,14,1,2,2,4,"2:1:1 2:2:2 11:1:2 17:0:2"
WO_MO,17,34,"17:0:2 17:1:2",17,1,2,2,17,0,1,2,4,"2:0:2 2:1:1 14:1:2 14:2:2"
WO_MO,17,34,"17:0:2 17:1:2",17,1,2,2,17,0,1,14,4,"2:1:1 2:2:2 14:0:2 14:1:2"
WO_MO,17,34,"17:0:2 17:1:2",17,1,2,3,13,1,2,2,4,"2:2:2 3:1:1 10:1:2 17:0:2"
WO_MO,17,34,"17:0:2 17:1:2",17,1,2,3,13,1,2,4,4,"3:1:1 4:2:2 8:1:2 17:0:2"
WO_MO,17,34,"17:0:2 17:1:2",17,1,2,3,13,1,2,5,4,"3:1:1 5:2:2 7:1:2 17:0:2"
WO_MO,17,34,"17:0:2 17:1:2",17,1,2,3,13,1,2,7,4,"3:1:1 5:1:2 7:2:2 17:0:2"
WO_MO,17,34,"17:0:2 17:1:2",17,1,2,3,13,1,2,8,4,"3:1:1 4:1:2 8:2:2 17:0:2"
WO_MO,17,34,"17:0:2 17:1:2",17,1,2,3,13,1,2,9,4,"3:1:1 3:1:2 9:2:2 17:0:2"
WO_MO,17,34,"17:0:2 17:1:2",17,1,2,3,13,1,2,10,4,"2:1:2 3:1:1 10:2:2 17:0:2"
WO_MO,17,34,"17:0:2 17:1:2",17,1,2,3,13,1,2,11,4,"1:1:2 3:1:1 11:2:2 17:0:2"
WO_MO,17,34,"17:0:2 17:1:2",17,1,2,3,17,0,1,1,4,"1:0:2 3:1:1 13:1:2 15:2:2"
WO_MO,17,34,"17:0:2 17:1:2",17,1,2,3,17,0,1,2,4,"2:0:2 3:1:1 13:1:2 14:2:2"
WO_MO,17,34,"17:0:2 17:1:2",17,1,2,3,17,0,1,3,4,"3:0:2 3:1:1 13:1:2 13:2:2"
WO_MO,17,34,"17:0:2 17:1:2",17,1,2,3,17,0,1,4,4,"3:1:1 4:0:2 12:2:2 13:1:2"
WO_MO,17,34,"17:0:2 17:1:2",17,1,2,3,17,0,1,5,4,"3:1:1 5:0:2 11:2:2 13:1:2"
WO_MO,17,34,"17:0:2 17:1:2",17,1,2,3,17,0,1,6,4,"3:1:1 6:0:2 10:2:2 13:1:2"
WO_MO,17,34,"17:0:2 17:1:2",17,1,2,3,17,0,1,7,4,"3:1:1 7:0:2 9:2:2 13:1:2"
WO_MO,17,34,"17:0:2 17:1:2",17,1,2,3,17,0,1,8,4,"3:1:1 8:0:2 8:2:2 13:1:2"
WO_MO,17,34,"17:0:2 17:1:2",17,1,2,3,17,0,1,9,4,"3:1:1 7:2:2 9:0:2 13:1:2"
WO_MO,17,34,"17:0:2 17:1:2",17,1,2,3,17,0,1,10,4,"3:1:1 6:2:2 10:0:2 13:1:2"
WO_MO,17,34,"17:0:2 17:1:2",17,1,2,3,17,0,1,11,4,"3:1:1 5:2:2 11:0:2 13:1:2"
WO_MO,17,34,"17:0:2 17:1:2",17,1,2,3,17,0,1,12,4,"3:1:1 4:2:2 12:0:2 13:1:2"
WO_MO,17,34,"17:0:2 17:1:2",17,1,2,3,17,0,1,13,4,"3:1:1 3:2:2 13:0:2 13:1:2"
WO_MO,17,34,"17:0:2 17:1:2",17,1,2,3,17,0,1,14,4,"2:2:2 3:1:1 13:1:2 14:0:2"
WO_MO,17,34,"17:0:2 17:1:2",17,1,2,4,12,1,2,2,4,"2:2:2 4:1:1 9:1:2 17:0:2"
WO_MO,17,34,"17:0:2 17:1:2",17,1,2,4,12,1,2,5,4,"4:1:1 5:2:2 6:1:2 17:0:2"
WO_MO,17,34,"17:0:2 17:1:2",17,1,2,4,12,1,2,8,4,"3:1:2 4:1:1 8:2:2 17:0:2"
WO_MO,17,34,"17:0:2 17:1:2",17,1,2,4,12,1,2,9,4,"2:1:2 4:1:1 9:2:2 17:0:2"
WO_MO,17,34,"17:0:2 17:1:2",17,1,2,4,17,0,1,1,4,"1:0:2 4:1:1 12:1:2 15:2:2"
WO_MO,17,34,"17:0:2 17:1:2",17,1,2,4,17,0,1,2,4,"2:0:2 4:1:1 12:1:2 14:2:2"
WO_MO,17,34,"17:0:2 17:1:2",17,1,2,4,17,0,1,4,4,"4:0:2 4:1:1 12:1:2 12:2:2"
WO_MO,17,34,"17:0:2 17:1:2",17,1,2,4,17,0,1,7,4,"4:1:1 7:0:2 9:2:2 12:1:2"
WO_MO,17,34,"17:0:2 17:1:2",17,1,2,4,17,0,1,12,4,"4:1:1 4:2:2 12:0:2 12:1:2"
WO_MO,17,34,"17:0:2 17:1:2",17,1,2,4,17,0,1,14,4,"2:2:2 4:1:1 12:1:2 14:0:2"
WO_MO,17,34,"17:0:2 17:1:2",17,1,2,5,5,2,2,2,4,"2:1:2 2:1:2 11:1:2 17:0:2"
WO_MO,17,34,"17:0:2 17:1:2",17,1,2,5,11,1,2,2,4,"2:2:2 5:1:1 8:1:2 17:0:2"
WO_MO,17,34,"17:0:2 17:1:2",17,1,2,5,17,0,1,2,4,"2:0:2 5:1:1 11:1:2 14:2:2"
WO_MO,17,34,"17:0:2 17:1:2",17,1,2,5,17,0,1,11,4,"5:1:1 5:2:2 11:0:2 11:1:2"
WO_MO,17,34,"17:0:2 17:1:2",17,1,2,5,17,0,1,14,4,"2:2:2 5:1:1 11:1:2 14:0:2"
WO_MO,17,34,"17:0:2 17:1:2",17,1,2,6,10,1,2,2,4,"2:2:2 6:1:1 7:1:2 17:0:2"
WO_MO,17,34,"17:0:2 17:1:2",17,1,2,6,10,1,2,5,4,"4:1:2 5:2:2 6:1:1 17:0:2"
WO_MO,17,34,"17:0:2 17:1:2",17,1,2,6,10,1,2,8,4,"1:1:2 6:1:1 8:2:2 17:0:2"
WO_MO,17,34,"17:0:2 17:1:2",17,1,2,6,17,0,1,1,4,"1:0:2 6:1:1 10:1:2 15:2:2"
WO_MO,17,34,"17:0:2 17:1:2",17,1,2,6,17,0,1,2,4,"2:0:2 6:1:1 10:1:2 14:2:2"
WO_MO,17,34,"17:0:2 17:1:2",17,1,2,6,17,0,1,7,4,"6:1:1 7:0:2 9:2:2 10:1:2"
WO_MO,17,34,"17:0:2 17:1:2",17,1,2,6,17,0,1,10,4,"6:1:1 6:2:2 10:0:2 10:1:2"
WO_MO,17,34,"17:0:2 17:1:2",17,1,2,7,9,1,2,2,4,"2:2:2 6:1:2 7:1:1 17:0:2"
WO_MO,17,34,"17:0:2 17:1:2",17,1,2,7,9,1,2,5,4,"3:1:2 5:2:2 7:1:1 17:0:2"
WO_MO,17,34,"17:0:2 17:1:2",17,1,2,7,17,0,1,2,4,"2:0:2 7:1:1 9:1:2 14:2:2"
WO_MO,17,34,"17:0:2 17:1:2",17,1,2,7,17,0,1,9,4,"7:1:1 7:2:2 9:0:2 9:1:2"
WO_MO,17,34,"17:0:2 17:1:2",17,1,2,8,8,1,2,2,4,"2:2:2 5:1:2 8:1:1 17:0:2"
WO_MO,17,34,"17:0:2 17:1:2",17,1,2,8,17,0,1,2,4,"2:0:2 8:1:1 8:1:2 14:2:2"
WO_MO,17,34,"17:0:2 17:1:2",17,1,2,8,17,0,1,8,4,"8:0:2 8:1:1 8:1:2 8:2:2"
WO_MO,17,34,"17:0:2 17:1:2",17,1,2,8,17,0,1,11,4,"5:2:2 8:1:1 8:1:2 11:0:2"
WO_MO,17,34,"17:0:2 17:1:2",17,1,2,8,17,0,1,14,4,"2:2:2 8:1:1 8:1:2 14:0:2"
WO_MO,17,34,"17:0:2 17:1:2",17,1,2,9,7,1,2,2,4,"2:2:2 4:1:2 9:1:1 17:0:2"
WO_MO,17,34,"17:0:2 17:1:2",17,1,2,9,17,0,1,2,4,"2:0:2 7:1:2 9:1:1 14:2:2"
WO_MO,17,34,"17:0:2 17:1:2",17,1,2,9,17,0,1,4,4,"4:0:2 7:1:2 9:1:1 12:2:2"
WO_MO,17,34,"17:0:2 17:1:2",17,1,2,9,17,0,1,7,4,"7:0:2 7:1:2 9:1:1 9:2:2"
WO_MO,17,34,"17:0:2 17:1:2",17,1,2,10,6,1,2,2,4,"2:2:2 3:1:2 10:1:1 17:0:2"
WO_MO,17,34,"17:0:2 17:1:2",17,1,2,10,17,0,1,2,4,"2:0:2 6:1:2 10:1:1 14:2:2"
WO_MO,17,34,"17:0:2 17:1:2",17,1,2,10,17,0,1,6,4,"6:0:2 6:1:2 10:1:1 10:2:2"
WO_MO,17,34,"17:0:2 17:1:2",17,1,2,11,5,1,2,2,4,"2:1:2 2:2:2 11:1:1 17:0:2"
WO_MO,17,34,"17:0:2 17:1:2",17,1,2,11,17,0,1,2,4,"2:0:2 5:1:2 11:1:1 14:2:2"
WO_MO,17,34,"17:0:2 17:1:2",17,1,2,11,17,0,1,5,4,"5:0:2 5:1:2 11:1:1 11:2:2"
WO_MO,17,34,"17:0:2 17:1:2",17,1,2,11,17,0,1,8,4,"5:1:2 8:0:2 8:2:2 11:1:1"
WO_MO,17,34,"17:0:2 17:1:2",17,1,2,11,17,0,1,11,4,"5:1:2 5:2:2 11:0:2 11:1:1"
WO_MO,17,34,"17:0:2 17:1:2",17,1,2,11,17,0,1,14,4,"2:2:2 5:1:2 11:1:1 14:0:2"
WO_MO,17,34,"17:0:2 17:1:2",17,1,2,12,4,1,2,2,4,"1:1:2 2:2:2 12:1:1 17:0:2"
WO_MO,17,34,"17:0:2 17:1:2",17,1,2,12,17,0,1,2,4,"2:0:2 4:1:2 12:1:1 14:2:2"
WO_MO,17,34,"17:0:2 17:1:2",17,1,2,12,17,0,1,4,4,"4:0:2 4:1:2 12:1:1 12:2:2"
WO_MO,17,34,"17:0:2 17:1:2",17,1,2,13,17,0,1,2,4,"2:0:2 3:1:2 13:1:1 14:2:2"
WO_MO,17,34,"17:0:2 17:1:2",17,1,2,13,17,0,1,3,4,"3:0:2 3:1:2 13:1:1 13:2:2"
WO_MO,17,34,"17:0:2 17:1:2",17,1,2,14,14,2,2,2,4,"2:1:2 2:1:2 11:1:2 17:0:2"
WO_MO,17,34,"17:0:2 17:1:2",17,1,2,14,17,0,1,2,4,"2:0:2 2:1:2 14:1:1 14:2:2"
WO_MO,17,34,"17:0:2 17:1:2",17,1,2,14,17,0,1,14,4,"2:1:2 2:2:2 14:0:2 14:1:1"
WO_MO,17,34,"17:0:2 17:1:2",17,1,2,15,17,0,1,1,4,"1:0:2 1:1:2 15:1:1 15:2:2"
WO_MO,17,34,"17:0:2 17:1:2",17,1,2,15,17,0,1,2,4,"1:1:2 2:0:2 14:2:2 15:1:1"
WO_PLUS_MO,17,35,"17:1:2 18:0:2",17,1,2,0,16,1,2,1,3,"1:2:2 14:1:2 18:0:2"
WO_PLUS_MO,17,35,"17:1:2 18:0:2",17,1,2,0,16,1,2,2,3,"2:2:2 13:1:2 18:0:2"
WO_PLUS_MO,17,35,"17:1:2 18:0:2",17,1,2,0,16,1,2,3,3,"3:2:2 12:1:2 18:0:2"
WO_PLUS_MO,17,35,"17:1:2 18:0:2",17,1,2,0,16,1,2,4,3,"4:2:2 11:1:2 18:0:2"
WO_PLUS_MO,17,35,"17:1:2 18:0:2",17,1,2,0,16,1,2,5,3,"5:2:2 10:1:2 18:0:2"
WO_PLUS_MO,17,35,"17:1:2 18:0:2",17,1,2,0,16,1,2,6,3,"6:2:2 9:1:2 18:0:2"
WO_PLUS_MO,17,35,"17:1:2 18:0:2",17,1,2,0,16,1,2,7,3,"7:2:2 8:1:2 18:0:2"
WO_PLUS_MO,17,35,"17:1:2 18:0:2",17,1,2,0,16,1,2,8,3,"7:1:2 8:2:2 18:0:2"
WO_PLUS_MO,17,35,"17:1:2 18:0:2",17,1,2,0,16,1,2,9,3,"6:1:2 9:2:2 18:0:2"
WO_PLUS_MO,17,35,"17:1:2 18:0:2",17,1,2,0,16,1,2,10,3,"5:1:2 10:2:2 18:0:2"
WO_PLUS_MO,17,35,"17:1:2 18:0:2",17,1,2,0,16,1,2,11,3,"4:1:2 11:2:2 18:0:2"
WO_PLUS_MO,17,35,"17:1:2 18:0:2",17,1,2,0,16,1,2,12,3,"3:1:2 12:2:2 18:0:2"
WO_PLUS_MO,17,35,"17:1:2 18:0:2",17,1,2,0,16,1,2,13,3,"2:1:2 13:2:2 18:0:2"
WO_PLUS_MO,17,35,"17:1:2 18:0:2",17,1,2,0,16,1,2,14,3,"1:1:2 14:2:2 18:0:2"
WO_PLUS_MO,17,35,"17:1:2 18:0:2",17,1,2,0,18,0,1,1,3,"1:0:2 16:1:2 16:2:2"
WO_PLUS_MO,17,35,"17:1:2 18:0:2",17,1,2,0,18,0,1,2,3,"2:0:2 15:2:2 16:1:2"
WO_PLUS_MO,17,35,"17:1:2 18:0:2",17,1,2,0,18,0,1,3,3,"3:0:2 14:2:2 16:1:2"
WO_PLUS_MO,17,35,"17:1:2 18:0:2",17,1,2,0,18,0,1,4,3,"4:0:2 13:2:2 16:1:2"
WO_PLUS_MO,17,35,"17:1:2 18:0:2",17,1,2,0,18,0,1,5,3,"5:0:2 12:2:2 16:1:2"
WO_PLUS_MO,17,35,"17:1:2 18:0:2",17,1,2,0,18,0,1,6,3,"6:0:2 11:2:2 16:1:2"
WO_PLUS_MO,17,35,"17:1:2 18:0:2",17,1,2,0,18,0,1,7,3,"7:0:2 10:2:2 16:1:2"
WO_PLUS_MO,17,35,"17:1:2 18:0:2",17,1,2,0,18,0,1,8,3,"8:0:2 9:2:2 16:1:2"
WO_PLUS_MO,17,35,"17:1:2 18:0:2",17,1,2,0,18,0,1,9,3,"8:2:2 9:0:2 16:1:2"
WO_PLUS_MO,17,35,"17:1:2 18:0:2",17,1,2,0,18,0,1,10,3,"7:2:2 10:0:2 16:1:2"
WO_PLUS_MO,17,35,"17:1:2 18:0:2",17,1,2,0,18,0,1,11,3,"6:2:2 11:0:2 16:1:2"
WO_PLUS_MO,17,35,"17:1:2 18:0:2",17,1,2,0,18,0,1,12,3,"5:2:2 12:0:2 16:1:2"
WO_PLUS_MO,17,35,"17:1:2 18:0:2",17,1,2,0,18,0,1,13,3,"4:2:2 13:0:2 16:1:2"
WO_PLUS_MO,17,35,"17:1:2 18:0:2",17,1,2,0,18,0,1,14,3,"3:2:2 14:0:2 16:1:2"
WO_PLUS_MO,17,35,"17:1:2 18:0:2",17,1,2,0,18,0,1,15,3,"2:2:2 15:0:2 16:1:2"
WO_PLUS_MO,17,35,"17:1:2 18:0:2",17,1,2,0,18,0,1,16,3,"1:2:2 16:0:2 16:1:2"
WO_PLUS_MO,17,35,"17:1:2 18:0:2",17,1,2,0,18,0,1,17,2,"16:1:2 17:0:2"
WO_PLUS_MO,17,35,"17:1:2 18:0:2",17,1,2,1,15,1,2,2,4,"1:1:1 2:2:2 12:1:2 18:0:2"
WO_PLUS_MO,17,35,"17:1:2 18:0:2",17,1,2,1,15,1,2,4,4,"1:1:1 4:2:2 10:1:2 18:0:2"
WO_PLUS_MO,17,35,"17:1:2 18:0:2",17,1,2,1,15,1,2,5,4,"1:1:1 5:2:2 9:1:2 18:0:2"
WO_PLUS_MO,17,35,"17:1:2 18:0:2",17,1,2,1,15,1,2,6,4,"1:1:1 6:2:2 8:1:2 18:0:2"
WO_PLUS_MO,17,35,"17:1:2 18:0:2",17,1,2,1,15,1,2,7,4,"1:1:1 7:1:2 7:2:2 18:0:2"
WO_PLUS_MO,17,35,"17:1:2 18:0:2",17,1,2,1,15,1,2,8,4,"1:1:1 6:1:2 8:2:2 18:0:2"
WO_PLUS_MO,17,35,"17:1:2 18:0:2",17,1,2,1,15,1,2,9,4,"1:1:1 5:1:2 9:2:2 18:0:2"
WO_PLUS_MO,17,35,"17:1:2 18:0:2",17,1,2,1,15,1,2,10,4,"1:1:1 4:1:2 10:2:2 18:0:2"
WO_PLUS_MO,17,35,"17:1:2 18:0:2",17,1,2,1,15,1,2,11,4,"1:1:1 3:1:2 11:2:2 18:0:2"
WO_PLUS_MO,17,35,"17:1:2 18:0:2",17,1,2,1,15,1,2,12,4,"1:1:1 2:1:2 12:2:2 18:0:2"
WO_PLUS_MO,17,35,"17:1:2 18:0:2",17,1,2,1,15,1,2,13,4,"1:1:1 1:1:2 13:2:2 18:0:2"
WO_PLUS_MO,17,35,"17:1:2 18:0:2",17,1,2,1,18,0,1,2,4,"1:1:1 2:0:2 15:1:2 15:2:2"
WO_PLUS_MO,17,35,"17:1:2 18:0:2",17,1,2,1,18,0,1,3,4,"1:1:1 3:0:2 14:2:2 15:1:2"
WO_PLUS_MO,17,35,"17:1:2 18:0:2",17,1,2,1,18,0,1,4,4,"1:1:1 4:0:2 13:2:2 15:1:2"
WO_PLUS_MO,17,35,"17:1:2 18:0:2",17,1,2,1,18,0,1,5,4,"1:1:1 5:0:2 12:2:2 15:1:2"
WO_PLUS_MO,17,35,"17:1:2 18:0:2",17,1,2,1,18,0,1,6,4,"1:1:1 6:0:2 11:2:2 15:1:2"
WO_PLUS_MO,17,35,"17:1:2 18:0:2",17,1,2,1,18,0,1,7,4,"1:1:1 7:0:2 10:2:2 15:1:2"
WO_PLUS_MO,17,35,"17:1:2 18:0:2",17,1,2,1,18,0,1,8,4,"1:1:1 8:0:2 9:2:2 15:1:2"
WO_PLUS_MO,17,35,"17:1:2 18:0:2",17,1,2,1,18,0,1,9,4,"1:1:1 8:2:2 9:0:2 15:1:2"
WO_PLUS_MO,17,35,"17:1:2 18:0:2",17,1,2,1,18,0,1,10,4,"1:1:1 7:2:2 10:0:2 15:1:2"
WO_PLUS_MO,17,35,"17:1:2 18:0:2",17,1,2,1,18,0,1,11,4,"1:1:1 6:2:2 11:0:2 15:1:2"
WO_PLUS_MO,17,35,"17:1:2 18:0:2",17,1,2,1,18,0,1,12,4,"1:1:1 5:2:2 12:0:2 15:1:2"
WO_PLUS_MO,17,35,"17:1:2 18:0:2",17,1,2,1,18,0,1,13,4,"1:1:1 4:2:2 13:0:2 15:1:2"
WO_PLUS_MO,17,35,"17:1:2 18:0:2",17,1,2,1,18,0,1,15,4,"1:1:1 2:2:2 15:0:2 15:1:2"
WO_PLUS_MO,17,35,"17:1:2 18:0:2",17,1,2,1,18,0,1,16,4,"1:1:1 1:2:2 15:1:2 16:0:2"
WO_PLUS_MO,17,35,"17:1:2 18:0:2",17,1,2,2,18,0,1,9,4,"2:1:1 8:2:2 9:0:2 14:1:2"
WO_PLUS_MO,17,35,"17:1:2 18:0:2",17,1,2,2,18,0,1,12,4,"2:1:1 5:2:2 12:0:2 14:1:2"
WO_PLUS_MO,17,35,"17:1:2 18:0:2",17,1,2,2,18,0,1,15,4,"2:1:1 2:2:2 14:1:2 15:0:2"
WO_PLUS_MO,17,35,"17:1:2 18:0:2",17,1,2,3,13,1,2,2,4,"2:2:2 3:1:1 10:1:2 18:0:2"
WO_PLUS_MO,17,35,"17:1:2 18:0:2",17,1,2,3,13,1,2,4,4,"3:1:1 4:2:2 8:1:2 18:0:2"
WO_PLUS_MO,17,35,"17:1:2 18:0:2",17,1,2,3,13,1,2,5,4,"3:1:1 5:2:2 7:1:2 18:0:2"
WO_PLUS_MO,17,35,"17:1:2 18:0:2",17,1,2,3,13,1,2,6,4,"3:1:1 6:1:2 6:2:2 18:0:2"
WO_PLUS_MO,17,35,"17:1:2 18:0:2",17,1,2,3,13,1,2,7,4,"3:1:1 5:1:2 7:2:2 18:0:2"
WO_PLUS_MO,17,35,"17:1:2 18:0:2",17,1,2,3,13,1,2,8,4,"3:1:1 4:1:2 8:2:2 18:0:2"
WO_PLUS_MO,17,35,"17:1:2 18:0:2",17,1,2,3,13,1,2,9,4,"3:1:1 3:1:2 9:2:2 18:0:2"
WO_PLUS_MO,17,35,"17:1:2 18:0:2",17,1,2,3,13,1,2,10,4,"2:1:2 3:1:1 10:2:2 18:0:2"
WO_PLUS_MO,17,35,"17:1:2 18:0:2",17,1,2,3,13,1,2,11,4,"1:1:2 3:1:1 11:2:2 18:0:2"
WO_PLUS_MO,17,35,"17:1:2 18:0:2",17,1,2,3,18,0,1,2,4,"2:0:2 3:1:1 13:1:2 15:2:2"
WO_PLUS_MO,17,35,"17:1:2 18:0:2",17,1,2,3,18,0,1,3,4,"3:0:2 3:1:1 13:1:2 14:2:2"
WO_PLUS_MO,17,35,"17:1:2 18:0:2",17,1,2,3,18,0,1,4,4,"3:1:1 4:0:2 13:1:2 13:2:2"
WO_PLUS_MO,17,35,"17:1:2 18:0:2",17,1,2,3,18,0,1,5,4,"3:1:1 5:0:2 12:2:2 13:1:2"
WO_PLUS_MO,17,35,"17:1:2 18:0:2",17,1,2,3,18,0,1,6,4,"3:1:1 6:0:2 11:2:2 13:1:2"
WO_PLUS_MO,17,35,"17:1:2 18:0:2",17,1,2,3,18,0,1,7,4,"3:1:1 7:0:2 10:2:2 13:1:2"
WO_PLUS_MO,17,35,"17:1:2 18:0:2",17,1,2,3,18,0,1,8,4,"3:1:1 8:0:2 9:2:2 13:1:2"
WO_PLUS_MO,17,35,"17:1:2 18:0:2",17,1,2,3,18,0,1,9,4,"3:1:1 8:2:2 9:0:2 13:1:2"
WO_PLUS_MO,17,35,"17:1:2 18:0:2",17,1,2,3,18,0,1,10,4,"3:1:1 7:2:2 10:0:2 13:1:2"
WO_PLUS_MO,17,35,"17:1:2 18:0:2",17,1,2,3,18,0,1,11,4,"3:1:1 6:2:2 11:0:2 13:1:2"
WO_PLUS_MO,17,35,"17:1:2 18:0:2",17,1,2,3,18,0,1,12,4,"3:1:1 5:2:2 12:0:2 13:1:2"
WO_PLUS_MO,17,35,"17:1:2 18:0:2",17,1,2,3,18,0,1,13,4,"3:1:1 4:2:2 13:0:2 13:1:2"
WO_PLUS_MO,17,35,"17:1:2 18:0:2",17,1,2,3,18,0,1,14,4,"3:1:1 3:2:2 13:1:2 14:0:2"
WO_PLUS_MO,17,35,"17:1:2 18:0:2",17,1,2,3,18,0,1,15,4,"2:2:2 3:1:1 13:1:2 15:0:2"
WO_PLUS_MO,17,35,"17:1:2 18:0:2",17,1,2,4,4,2,2,1,4,"1:1:2 2:1:2 12:1:2 18:0:2"
WO_PLUS_MO,17,35,"17:1:2 18:0:2",17,1,2,4,12,1,2,2,4,"2:2:2 4:1:1 9:1:2 18:0:2"
WO_PLUS_MO,17,35,"17:1:2 18:0:2",17,1,2,4,12,1,2,4,4,"4:1:1 4:2:2 7:1:2 18:0:2"
WO_PLUS_MO,17,35,"17:1:2 18:0:2",17,1,2,4,12,1,2,5,4,"4:1:1 5:2:2 6:1:2 18:0:2"
WO_PLUS_MO,17,35,"17:1:2 18:0:2",17,1,2,4,12,1,2,6,4,"4:1:1 5:1:2 6:2:2 18:0:2"
WO_PLUS_MO,17,35,"17:1:2 18:0:2",17,1,2,4,12,1,2,7,4,"4:1:1 4:1:2 7:2:2 18:0:2"
WO_PLUS_MO,17,35,"17:1:2 18:0:2",17,1,2,4,12,1,2,8,4,"3:1:2 4:1:1 8:2:2 18:0:2"
WO_PLUS_MO,17,35,"17:1:2 18:0:2",17,1,2,4,12,1,2,9,4,"2:1:2 4:1:1 9:2:2 18:0:2"
WO_PLUS_MO,17,35,"17:1:2 18:0:2",17,1,2,4,12,1,2,10,4,"1:1:2 4:1:1 10:2:2 18:0:2"
WO_PLUS_MO,17,35,"17:1:2 18:0:2",17,1,2,4,18,0,1,2,4,"2:0:2 4:1:1 12:1:2 15:2:2"
WO_PLUS_MO,17,35,"17:1:2 18:0:2",17,1,2,4,18,0,1,5,4,"4:1:1 5:0:2 12:1:2 12:2:2"
WO_PLUS_MO,17,35,"17:1:2 18:0:2",17,1,2,4,18,0,1,6,4,"4:1:1 6:0:2 11:2:2 12:1:2"
WO_PLUS_MO,17,35,"17:1:2 18:0:2",17,1,2,4,18,0,1,8,4,"4:1:1 8:0:2 9:2:2 12:1:2"
WO_PLUS_MO,17,35,"17:1:2 18:0:2",17,1,2,4,18,0,1,9,4,"4:1:1 8:2:2 9:0:2 12:1:2"
WO_PLUS_MO,17,35,"17:1:2 18:0:2",17,1,2,4,18,0,1,10,4,"4:1:1 7:2:2 10:0:2 12:1:2"
WO_PLUS_MO,17,35,"17:1:2 18:0:2",17,1,2,4,18,0,1,12,4,"4:1:1 5:2:2 12:0:2 12:1:2"
WO_PLUS_MO,17,35,"17:1:2 18:0:2",17,1,2,4,18,0,1,13,4,"4:1:1 4:2:2 12:1:2 13:0:2"
WO_PLUS_MO,17,35,"17:1:2 18:0:2",17,1,2,4,18,0,1,15,4,"2:2:2 4:1:1 12:1:2 15:0:2"
WO_PLUS_MO,17,35,"17:1:2 18:0:2",17,1,2,5,11,1,2,9,4,"1:1:2 5:1:1 9:2:2 18:0:2"
WO_PLUS_MO,17,35,"17:1:2 18:0:2",17,1,2,5,18,0,1,9,4,"5:1:1 8:2:2 9:0:2 11:1:2"
WO_PLUS_MO,17,35,"17:1:2 18:0:2",17,1,2,5,18,0,1,12,4,"5:1:1 5:2:2 11:1:2 12:0:2"
WO_PLUS_MO,17,35,"17:1:2 18:0:2",17,1,2,5,18,0,1,15,4,"2:2:2 5:1:1 11:1:2 15:0:2"
WO_PLUS_MO,17,35,"17:1:2 18:0:2",17,1,2,6,6,2,2,1,4,"1:1:2 4:1:2 10:1:2 18:0:2"
WO_PLUS_MO,17,35,"17:1:2 18:0:2",17,1,2,6,6,2,2,2,4,"2:1:2 3:1:2 10:1:2 18:0:2"
WO_PLUS_MO,17,35,"17:1:2 18:0:2",17,1,2,6,10,1,2,2,4,"2:2:2 6:1:1 7:1:2 18:0:2"
WO_PLUS_MO,17,35,"17:1:2 18:0:2",17,1,2,6,10,1,2,4,4,"4:2:2 5:1:2 6:1:1 18:0:2"
WO_PLUS_MO,17,35,"17:1:2 18:0:2",17,1,2,6,10,1,2,5,4,"4:1:2 5:2:2 6:1:1 18:0:2"
WO_PLUS_MO,17,35,"17:1:2 18:0:2",17,1,2,6,10,1,2,7,4,"2:1:2 6:1:1 7:2:2 18:0:2"
WO_PLUS_MO,17,35,"17:1:2 18:0:2",17,1,2,6,10,1,2,8,4,"1:1:2 6:1:1 8:2:2 18:0:2"
WO_PLUS_MO,17,35,"17:1:2 18:0:2",17,1,2,6,18,0,1,2,4,"2:0:2 6:1:1 10:1:2 15:2:2"
WO_PLUS_MO,17,35,"17:1:2 18:0:2",17,1,2,6,18,0,1,5,4,"5:0:2 6:1:1 10:1:2 12:2:2"
WO_PLUS_MO,17,35,"17:1:2 18:0:2",17,1,2,6,18,0,1,6,4,"6:0:2 6:1:1 10:1:2 11:2:2"
WO_PLUS_MO,17,35,"17:1:2 18:0:2",17,1,2,6,18,0,1,8,4,"6:1:1 8:0:2 9:2:2 10:1:2"
WO_PLUS_MO,17,35,"17:1:2 18:0:2",17,1,2,6,18,0,1,9,4,"6:1:1 8:2:2 9:0:2 10:1:2"
WO_PLUS_MO,17,35,"17:1:2 18:0:2",17,1,2,6,18,0,1,10,4,"6:1:1 7:2:2 10:0:2 10:1:2"
WO_PLUS_MO,17,35,"17:1:2 18:0:2",17,1,2,6,18,0,1,11,4,"6:1:1 6:2:2 10:1:2 11:0:2"
WO_PLUS_MO,17,35,"17:1:2 18:0:2",17,1,2,6,18,0,1,12,4,"5:2:2 6:1:1 10:1:2 12:0:2"
WO_PLUS_MO,17,35,"17:1:2 18:0:2",17,1,2,6,18,0,1,13,4,"4:2:2 6:1:1 10:1:2 13:0:2"
WO_PLUS_MO,17,35,"17:1:2 18:0:2",17,1,2,6,18,0,1,15,4,"2:2:2 6:1:1 10:1:2 15:0:2"
WO_PLUS_MO,17,35,"17:1:2 18:0:2",17,1,2,7,7,2,2,1,4,"1:1:2 5:1:2 9:1:2 18:0:2"
WO_PLUS_MO,17,35,"17:1:2 18:0:2",17,1,2,7,7,2,2,2,4,"2:1:2 4:1:2 9:1:2 18:0:2"
WO_PLUS_MO,17,35,"17:1:2 18:0:2",17,1,2,7,9,1,2,2,4,"2:2:2 6:1:2 7:1:1 18:0:2"
WO_PLUS_MO,17,35,"17:1:2 18:0:2",17,1,2,7,9,1,2,5,4,"3:1:2 5:2:2 7:1:1 18:0:2"
WO_PLUS_MO,17,35,"17:1:2 18:0:2",17,1,2,7,18,0,1,5,4,"5:0:2 7:1:1 9:1:2 12:2:2"
WO_PLUS_MO,17,35,"17:1:2 18:0:2",17,1,2,7,18,0,1,8,4,"7:1:1 8:0:2 9:1:2 9:2:2"
WO_PLUS_MO,17,35,"17:1:2 18:0:2",17,1,2,7,18,0,1,9,4,"7:1:1 8:2:2 9:0:2 9:1:2"
WO_PLUS_MO,17,35,"17:1:2 18:0:2",17,1,2,7,18,0,1,10,4,"7:1:1 7:2:2 9:1:2 10:0:2"
WO_PLUS_MO,17,35,"17:1:2 18:0:2",17,1,2,7,18,0,1,12,4,"5:2:2 7:1:1 9:1:2 12:0:2"
WO_PLUS_MO,17,35,"17:1:2 18:0:2",17,1,2,7,18,0,1,15,4,"2:2:2 7:1:1 9:1:2 15:0:2"
WO_PLUS_MO,17,35,"17:1:2 18:0:2",17,1,2,8,8,1,2,2,4,"2:2:2 5:1:2 8:1:1 18:0:2"
WO_PLUS_MO,17,35,"17:1:2 18:0:2",17,1,2,8,8,2,2,1,4,"1:1:2 6:1:2 8:1:2 18:0:2"
WO_PLUS_MO,17,35,"17:1:2 18:0:2",17,1,2,8,8,2,2,3,4,"3:1:2 4:1:2 8:1:2 18:0:2"
WO_PLUS_MO,17,35,"17:1:2 18:0:2",17,1,2,8,18,0,1,9,4,"8:1:1 8:1:2 8:2:2 9:0:2"
WO_PLUS_MO,17,35,"17:1:2 18:0:2",17,1,2,8,18,0,1,12,4,"5:2:2 8:1:1 8:1:2 12:0:2"
WO_PLUS_MO,17,35,"17:1:2 18:0:2",17,1,2,8,18,0,1,15,4,"2:2:2 8:1:1 8:1:2 15:0:2"
WO_PLUS_MO,17,35,"17:1:2 18:0:2",17,1,2,9,7,1,2,2,4,"2:2:2 4:1:2 9:1:1 18:0:2"
WO_PLUS_MO,17,35,"17:1:2 18:0:2",17,1,2,9,9,2,2,2,4,"2:1:2 6:1:2 7:1:2 18:0:2"
WO_PLUS_MO,17,35,"17:1:2 18:0:2",17,1,2,9,9,2,2,3,4,"3:1:2 5:1:2 7:1:2 18:0:2"
WO_PLUS_MO,17,35,"17:1:2 18:0:2",17,1,2,9,9,2,2,4,4,"4:1:2 4:1:2 7:1:2 18:0:2"
WO_PLUS_MO,17,35,"17:1:2 18:0:2",17,1,2,9,18,0,1,5,4,"5:0:2 7:1:2 9:1:1 12:2:2"
WO_PLUS_MO,17,35,"17:1:2 18:0:2",17,1,2,9,18,0,1,8,4,"7:1:2 8:0:2 9:1:1 9:2:2"
WO_PLUS_MO,17,35,"17:1:2 18:0:2",17,1,2,9,18,0,1,15,4,"2:2:2 7:1:2 9:1:1 15:0:2"
WO_PLUS_MO,17,35,"17:1:2 18:0:2",17,1,2,10,6,1,2,2,4,"2:2:2 3:1:2 10:1:1 18:0:2"
WO_PLUS_MO,17,35,"17:1:2 18:0:2",17,1,2,10,10,2,2,1,4,"1:1:2 6:1:2 8:1:2 18:0:2"
WO_PLUS_MO,17,35,"17:1:2 18:0:2",17,1,2,10,10,2,2,2,4,"2:1:2 6:1:2 7:1:2 18:0:2"
WO_PLUS_MO,17,35,"17:1:2 18:0:2",17,1,2,10,10,2,2,4,4,"4:1:2 5:1:2 6:1:2 18:0:2"
WO_PLUS_MO,17,35,"17:1:2 18:0:2",17,1,2,10,18,0,1,5,4,"5:0:2 6:1:2 10:1:1 12:2:2"
WO_PLUS_MO,17,35,"17:1:2 18:0:2",17,1,2,10,18,0,1,7,4,"6:1:2 7:0:2 10:1:1 10:2:2"
WO_PLUS_MO,17,35,"17:1:2 18:0:2",17,1,2,10,18,0,1,8,4,"6:1:2 8:0:2 9:2:2 10:1:1"
WO_PLUS_MO,17,35,"17:1:2 18:0:2",17,1,2,10,18,0,1,9,4,"6:1:2 8:2:2 9:0:2 10:1:1"
WO_PLUS_MO,17,35,"17:1:2 18:0:2",17,1,2,10,18,0,1,11,4,"6:1:2 6:2:2 10:1:1 11:0:2"
WO_PLUS_MO,17,35,"17:1:2 18:0:2",17,1,2,10,18,0,1,12,4,"5:2:2 6:1:2 10:1:1 12:0:2"
WO_PLUS_MO,17,35,"17:1:2 18:0:2",17,1,2,10,18,0,1,15,4,"2:2:2 6:1:2 10:1:1 15:0:2"
WO_PLUS_MO,17,35,"17:1:2 18:0:2",17,1,2,11,5,1,2,2,4,"2:1:2 2:2:2 11:1:1 18:0:2"
WO_PLUS_MO,17,35,"17:1:2 18:0:2",17,1,2,11,11,2,2,1,4,"1:1:2 5:1:2 9:1:2 18:0:2"
WO_PLUS_MO,17,35,"17:1:2 18:0:2",17,1,2,11,11,2,2,3,4,"3:1:2 5:1:2 7:1:2 18:0:2"
WO_PLUS_MO,17,35,"17:1:2 18:0:2",17,1,2,11,11,2,2,4,4,"4:1:2 5:1:2 6:1:2 18:0:2"
WO_PLUS_MO,17,35,"17:1:2 18:0:2",17,1,2,11,18,0,1,5,4,"5:0:2 5:1:2 11:1:1 12:2:2"
WO_PLUS_MO,17,35,"17:1:2 18:0:2",17,1,2,11,18,0,1,6,4,"5:1:2 6:0:2 11:1:1 11:2:2"
WO_PLUS_MO,17,35,"17:1:2 18:0:2",17,1,2,11,18,0,1,8,4,"5:1:2 8:0:2 9:2:2 11:1:1"
WO_PLUS_MO,17,35,"17:1:2 18:0:2",17,1,2,11,18,0,1,9,4,"5:1:2 8:2:2 9:0:2 11:1:1"
WO_PLUS_MO,17,35,"17:1:2 18:0:2",17,1,2,11,18,0,1,12,4,"5:1:2 5:2:2 11:1:1 12:0:2"
WO_PLUS_MO,17,35,"17:1:2 18:0:2",17,1,2,11,18,0,1,15,4,"2:2:2 5:1:2 11:1:1 15:0:2"
WO_PLUS_MO,17,35,"17:1:2 18:0:2",17,1,2,12,4,1,2,2,4,"1:1:2 2:2:2 12:1:1 18:0:2"
WO_PLUS_MO,17,35,"17:1:2 18:0:2",17,1,2,12,12,2,2,1,4,"1:1:2 4:1:2 10:1:2 18:0:2"
WO_PLUS_MO,17,35,"17:1:2 18:0:2",17,1,2,12,12,2,2,2,4,"2:1:2 4:1:2 9:1:2 18:0:2"
WO_PLUS_MO,17,35,"17:1:2 18:0:2",17,1,2,12,12,2,2,3,4,"3:1:2 4:1:2 8:1:2 18:0:2"
WO_PLUS_MO,17,35,"17:1:2 18:0:2",17,1,2,12,12,2,2,4,4,"4:1:2 4:1:2 7:1:2 18:0:2"
WO_PLUS_MO,17,35,"17:1:2 18:0:2",17,1,2,12,12,2,2,5,4,"4:1:2 5:1:2 6:1:2 18:0:2"
WO_PLUS_MO,17,35,"17:1:2 18:0:2",17,1,2,12,18,0,1,5,4,"4:1:2 5:0:2 12:1:1 12:2:2"
WO_PLUS_MO,17,35,"17:1:2 18:0:2",17,1,2,12,18,0,1,15,4,"2:2:2 4:1:2 12:1:1 15:0:2"
WO_PLUS_MO,17,35,"17:1:2 18:0:2",17,1,2,13,13,2,2,2,4,"2:1:2 3:1:2 10:1:2 18:0:2"
WO_PLUS_MO,17,35,"17:1:2 18:0:2",17,1,2,13,13,2,2,4,4,"3:1:2 4:1:2 8:1:2 18:0:2"
WO_PLUS_MO,17,35,"17:1:2 18:0:2",17,1,2,13,13,2,2,5,4,"3:1:2 5:1:2 7:1:2 18:0:2"
WO_PLUS_MO,17,35,"17:1:2 18:0:2",17,1,2,13,18,0,1,4,4,"3:1:2 4:0:2 13:1:1 13:2:2"
WO_PLUS_MO,17,35,"17:1:2 18:0:2",17,1,2,13,18,0,1,5,4,"3:1:2 5:0:2 12:2:2 13:1:1"
WO_PLUS_MO,17,35,"17:1:2 18:0:2",17,1,2,13,18,0,1,8,4,"3:1:2 8:0:2 9:2:2 13:1:1"
WO_PLUS_MO,17,35,"17:1:2 18:0:2",17,1,2,13,18,0,1,9,4,"3:1:2 8:2:2 9:0:2 13:1:1"
WO_PLUS_MO,17,35,"17:1:2 18:0:2",17,1,2,13,18,0,1,12,4,"3:1:2 5:2:2 12:0:2 13:1:1"
WO_PLUS_MO,17,35,"17:1:2 18:0:2",17,1,2,13,18,0,1,15,4,"2:2:2 3:1:2 13:1:1 15:0:2"
WO_PLUS_MO,17,35,"17:1:2 18:0:2",17,1,2,14,14,2,2,1,4,"1:1:2 2:1:2 12:1:2 18:0:2"
WO_PLUS_MO,17,35,"17:1:2 18:0:2",17,1,2,14,14,2,2,3,4,"2:1:2 3:1:2 10:1:2 18:0:2"
WO_PLUS_MO,17,35,"17:1:2 18:0:2",17,1,2,14,14,2,2,4,4,"2:1:2 4:1:2 9:1:2 18:0:2"
WO_PLUS_MO,17,35,"17:1:2 18:0:2",17,1,2,14,14,2,2,6,4,"2:1:2 6:1:2 7:1:2 18:0:2"
WO_PLUS_MO,17,35,"17:1:2 18:0:2",17,1,2,14,18,0,1,3,4,"2:1:2 3:0:2 14:1:1 14:2:2"
WO_PLUS_MO,17,35,"17:1:2 18:0:2",17,1,2,14,18,0,1,5,4,"2:1:2 5:0:2 12:2:2 14:1:1"
WO_PLUS_MO,17,35,"17:1:2 18:0:2",17,1,2,14,18,0,1,6,4,"2:1:2 6:0:2 11:2:2 14:1:1"
WO_PLUS_MO,17,35,"17:1:2 18:0:2",17,1,2,14,18,0,1,8,4,"2:1:2 8:0:2 9:2:2 14:1:1"
WO_PLUS_MO,17,35,"17:1:2 18:0:2",17,1,2,14,18,0,1,9,4,"2:1:2 8:2:2 9:0:2 14:1:1"
WO_PLUS_MO,17,35,"17:1:2 18:0:2",17,1,2,14,18,0,1,12,4,"2:1:2 5:2:2 12:0:2 14:1:1"
WO_PLUS_MO,17,35,"17:1:2 18:0:2",17,1,2,14,18,0,1,15,4,"2:1:2 2:2:2 14:1:1 15:0:2"
WO_PLUS_MO,17,35,"17:1:2 18:0:2",17,1,2,15,15,2,2,2,4,"1:1:2 2:1:2 12:1:2 18:0:2"
WO_PLUS_MO,17,35,"17:1:2 18:0:2",17,1,2,15,15,2,2,4,4,"1:1:2 4:1:2 10:1:2 18:0:2"
WO_PLUS_MO,17,35,"17:1:2 18:0:2",17,1,2,15,15,2,2,5,4,"1:1:2 5:1:2 9:1:2 18:0:2"
WO_PLUS_MO,17,35,"17:1:2 18:0:2",17,1,2,15,15,2,2,6,4,"1:1:2 6:1:2 8:1:2 18:0:2"
WO_PLUS_MO,17,35,"17:1:2 18:0:2",17,1,2,15,18,0,1,2,4,"1:1:2 2:0:2 15:1:1 15:2:2"
WO_PLUS_MO,17,35,"17:1:2 18:0:2",17,1,2,15,18,0,1,5,4,"1:1:2 5:0:2 12:2:2 15:1:1"
WO_PLUS_MO,17,35,"17:1:2 18:0:2",17,1,2,15,18,0,1,8,4,"1:1:2 8:0:2 9:2:2 15:1:1"
WO_PLUS_MO,17,35,"17:1:2 18:0:2",17,1,2,15,18,0,1,9,4,"1:1:2 8:2:2 9:0:2 15:1:1"
WO_PLUS_MO,17,35,"17:1:2 18:0:2",17,1,2,15,18,0,1,12,4,"1:1:2 5:2:2 12:0:2 15:1:1"
WO_PLUS_MO,17,35,"17:1:2 18:0:2",17,1,2,15,18,0,1,15,4,"1:1:2 2:2:2 15:0:2 15:1:1"
WO_PLUS_MO,17,35,"17:1:2 18:0:2",18,0,2,1,16,1,2,2,4,"1:0:1 2:2:2 13:1:2 17:1:2"
WO_PLUS_MO,17,35,"17:1:2 18:0:2",18,0,2,1,16,1,2,3,4,"1:0:1 3:2:2 12:1:2 17:1:2"
WO_PLUS_MO,17,35,"17:1:2 18:0:2",18,0,2,1,16,1,2,4,4,"1:0:1 4:2:2 11:1:2 17:1:2"
WO_PLUS_MO,17,35,"17:1:2 18:0:2",18,0,2,1,16,1,2,5,4,"1:0:1 5:2:2 10:1:2 17:1:2"
WO_PLUS_MO,17,35,"17:1:2 18:0:2",18,0,2,1,16,1,2,6,4,"1:0:1 6:2:2 9:1:2 17:1:2"
WO_PLUS_MO,17,35,"17:1:2 18:0:2",18,0,2,1,16,1,2,7,4,"1:0:1 7:2:2 8:1:2 17:1:2"
WO_PLUS_MO,17,35,"17:1:2 18:0:2",18,0,2,1,16,1,2,8,4,"1:0:1 7:1:2 8:2:2 17:1:2"
WO_PLUS_MO,17,35,"17:1:2 18:0:2",18,0,2,1,16,1,2,9,4,"1:0:1 6:1:2 9:2:2 17:1:2"
WO_PLUS_MO,17,35,"17:1:2 18:0:2",18,0,2,1,16,1,2,10,4,"1:0:1 5:1:2 10:2:2 17:1:2"
WO_PLUS_MO,17,35,"17:1:2 18:0:2",18,0,2,1,16,1,2,11,4,"1:0:1 4:1:2 11:2:2 17:1:2"
WO_PLUS_MO,17,35,"17:1:2 18:0:2",18,0,2,1,16,1,2,12,4,"1:0:1 3:1:2 12:2:2 17:1:2"
WO_PLUS_MO,17,35,"17:1:2 18:0:2",18,0,2,1,16,1,2,13,4,"1:0:1 2:1:2 13:2:2 17:1:2"
WO_PLUS_MO,17,35,"17:1:2 18:0:2",18,0,2,1,16,1,2,14,4,"1:0:1 1:1:2 14:2:2 17:1:2"
WO_PLUS_MO,17,35,"17:1:2 18:0:2",18,0,2,1,17,1,2,0,3,"1:0:1 16:1:2 16:1:2"
WO_PLUS_MO,17,35,"17:1:2 18:0:2",18,0,2,1,17,1,2,1,4,"1:0:1 1:2:2 15:1:2 16:1:2"
WO_PLUS_MO,17,35,"17:1:2 18:0:2",18,0,2,1,17,1,2,2,4,"1:0:1 2:2:2 14:1:2 16:1:2"
WO_PLUS_MO,17,35,"17:1:2 18:0:2",18,0,2,1,17,1,2,3,4,"1:0:1 3:2:2 13:1:2 16:1:2"
WO_PLUS_MO,17,35,"17:1:2 18:0:2",18,0,2,1,17,1,2,4,4,"1:0:1 4:2:2 12:1:2 16:1:2"
WO_PLUS_MO,17,35,"17:1:2 18:0:2",18,0,2,1,17,1,2,5,4,"1:0:1 5:2:2 11:1:2 16:1:2"
WO_PLUS_MO,17,35,"17:1:2 18:0:2",18,0,2,1,17,1,2,6,4,"1:0:1 6:2:2 10:1:2 16:1:2"
WO_PLUS_MO,17,35,"17:1:2 18:0:2",18,0,2,1,17,1,2,7,4,"1:0:1 7:2:2 9:1:2 16:1:2"
WO_PLUS_MO,17,35,"17:1:2 18:0:2",18,0,2,1,17,1,2,8,4,"1:0:1 8:1:2 8:2:2 16:1:2"
WO_PLUS_MO,17,35,"17:1:2 18:0:2",18,0,2,1,17,1,2,9,4,"1:0:1 7:1:2 9:2:2 16:1:2"
WO_PLUS_MO,17,35,"17:1:2 18:0:2",18,0,2,1,17,1,2,10,4,"1:0:1 6:1:2 10:2:2 16:1:2"
WO_PLUS_MO,17,35,"17:1:2 18:0:2",18,0,2,1,17,1,2,11,4,"1:0:1 5:1:2 11:2:2 16:1:2"
WO_PLUS_MO,17,35,"17:1:2 18:0:2",18,0,2,1,17,1,2,12,4,"1:0:1 4:1:2 12:2:2 16:1:2"
WO_PLUS_MO,17,35,"17:1:2 18:0:2",18,0,2,1,17,1,2,13,4,"1:0:1 3:1:2 13:2:2 16:1:2"
WO_PLUS_MO,17,35,"17:1:2 18:0:2",18,0,2,1,17,1,2,14,4,"1:0:1 2:1:2 14:2:2 16:1:2"
WO_PLUS_MO,17,35,"17:1:2 18:0:2",18,0,2,1,17,1,2,15,4,"1:0:1 1:1:2 15:2:2 16:1:2"
WO_PLUS_MO,17,35,"17:1:2 18:0:2",18,0,2,2,15,1,2,2,4,"2:0:1 2:2:2 12:1:2 17:1:2"
WO_PLUS_MO,17,35,"17:1:2 18:0:2",18,0,2,2,15,1,2,4,4,"2:0:1 4:2:2 10:1:2 17:1:2"
WO_PLUS_MO,17,35,"17:1:2 18:0:2",18,0,2,2,15,1,2,5,4,"2:0:1 5:2:2 9:1:2 17:1:2"
WO_PLUS_MO,17,35,"17:1:2 18:0:2",18,0,2,2,15,1,2,6,4,"2:0:1 6:2:2 8:1:2 17:1:2"
WO_PLUS_MO,17,35,"17:1:2 18:0:2",18,0,2,2,15,1,2,7,4,"2:0:1 7:1:2 7:2:2 17:1:2"
WO_PLUS_MO,17,35,"17:1:2 18:0:2",18,0,2,2,15,1,2,8,4,"2:0:1 6:1:2 8:2:2 17:1:2"
WO_PLUS_MO,17,35,"17:1:2 18:0:2",18,0,2,2,15,1,2,9,4,"2:0:1 5:1:2 9:2:2 17:1:2"
WO_PLUS_MO,17,35,"17:1:2 18:0:2",18,0,2,2,15,1,2,10,4,"2:0:1 4:1:2 10:2:2 17:1:2"
WO_PLUS_MO,17,35,"17:1:2 18:0:2",18,0,2,2,15,1,2,11,4,"2:0:1 3:1:2 11:2:2 17:1:2"
WO_PLUS_MO,17,35,"17:1:2 18:0:2",18,0,2,2,15,1,2,12,4,"2:0:1 2:1:2 12:2:2 17:1:2"
WO_PLUS_MO,17,35,"17:1:2 18:0:2",18,0,2,2,15,1,2,13,4,"1:1:2 2:0:1 13:2:2 17:1:2"
WO_PLUS_MO,17,35,"17:1:2 18:0:2",18,0,2,2,17,1,2,1,4,"1:2:2 2:0:1 15:1:2 15:1:2"
WO_PLUS_MO,17,35,"17:1:2 18:0:2",18,0,2,2,17,1,2,2,4,"2:0:1 2:2:2 14:1:2 15:1:2"
WO_PLUS_MO,17,35,"17:1:2 18:0:2",18,0,2,2,17,1,2,4,4,"2:0:1 4:2:2 12:1:2 15:1:2"
WO_PLUS_MO,17,35,"17:1:2 18:0:2",18,0,2,2,17,1,2,5,4,"2:0:1 5:2:2 11:1:2 15:1:2"
WO_PLUS_MO,17,35,"17:1:2 18:0:2",18,0,2,2,17,1,2,6,4,"2:0:1 6:2:2 10:1:2 15:1:2"
WO_PLUS_MO,17,35,"17:1:2 18:0:2",18,0,2,2,17,1,2,7,4,"2:0:1 7:2:2 9:1:2 15:1:2"
WO_PLUS_MO,17,35,"17:1:2 18:0:2",18,0,2,2,17,1,2,8,4,"2:0:1 8:1:2 8:2:2 15:1:2"
WO_PLUS_MO,17,35,"17:1:2 18:0:2",18,0,2,2,17,1,2,9,4,"2:0:1 7:1:2 9:2:2 15:1:2"
WO_PLUS_MO,17,35,"17:1:2 18:0:2",18,0,2,2,17,1,2,10,4,"2:0:1 6:1:2 10:2:2 15:1:2"
WO_PLUS_MO,17,35,"17:1:2 18:0:2",18,0,2,2,17,1,2,11,4,"2:0:1 5:1:2 11:2:2 15:1:2"
WO_PLUS_MO,17,35,"17:1:2 18:0:2",18,0,2,2,17,1,2,12,4,"2:0:1 4:1:2 12:2:2 15:1:2"
WO_PLUS_MO,17,35,"17:1:2 18:0:2",18,0,2,2,17,1,2,13,4,"2:0:1 3:1:2 13:2:2 15:1:2"
WO_PLUS_MO,17,35,"17:1:2 18:0:2",18,0,2,2,17,1,2,14,4,"2:0:1 2:1:2 14:2:2 15:1:2"
WO_PLUS_MO,17,35,"17:1:2 18:0:2",18,0,2,2,17,1,2,15,4,"1:1:2 2:0:1 15:1:2 15:2:2"
WO_PLUS_MO,17,35,"17:1:2 18:0:2",18,0,2,3,14,1,2,2,4,"2:2:2 3:0:1 11:1:2 17:1:2"
WO_PLUS_MO,17,35,"17:1:2 18:0:2",18,0,2,3,14,1,2,4,4,"3:0:1 4:2:2 9:1:2 17:1:2"
WO_PLUS_MO,17,35,"17:1:2 18:0:2",18,0,2,3,14,1,2,5,4,"3:0:1 5:2:2 8:1:2 17:1:2"
WO_PLUS_MO,17,35,"17:1:2 18:0:2",18,0,2,3,14,1,2,6,4,"3:0:1 6:2:2 7:1:2 17:1:2"
WO_PLUS_MO,17,35,"17:1:2 18:0:2",18,0,2,3,14,1,2,7,4,"3:0:1 6:1:2 7:2:2 17:1:2"
WO_PLUS_MO,17,35,"17:1:2 18:0:2",18,0,2,3,14,1,2,8,4,"3:0:1 5:1:2 8:2:2 17:1:2"
WO_PLUS_MO,17,35,"17:1:2 18:0:2",18,0,2,3,14,1,2,9,4,"3:0:1 4:1:2 9:2:2 17:1:2"
WO_PLUS_MO,17,35,"17:1:2 18:0:2",18,0,2,3,14,1,2,10,4,"3:0:1 3:1:2 10:2:2 17:1:2"
WO_PLUS_MO,17,35,"17:1:2 18:0:2",18,0,2,3,14,1,2,11,4,"2:1:2 3:0:1 11:2:2 17:1:2"
WO_PLUS_MO,17,35,"17:1:2 18:0:2",18,0,2,3,14,1,2,12,4,"1:1:2 3:0:1 12:2:2 17:1:2"
WO_PLUS_MO,17,35,"17:1:2 18:0:2",18,0,2,3,17,1,2,2,4,"2:2:2 3:0:1 14:1:2 14:1:2"
WO_PLUS_MO,17,35,"17:1:2 18:0:2",18,0,2,3,17,1,2,4,4,"3:0:1 4:2:2 12:1:2 14:1:2"
WO_PLUS_MO,17,35,"17:1:2 18:0:2",18,0,2,3,17,1,2,5,4,"3:0:1 5:2:2 11:1:2 14:1:2"
WO_PLUS_MO,17,35,"17:1:2 18:0:2",18,0,2,3,17,1,2,7,4,"3:0:1 7:2:2 9:1:2 14:1:2"
WO_PLUS_MO,17,35,"17:1:2 18:0:2",18,0,2,3,17,1,2,8,4,"3:0:1 8:1:2 8:2:2 14:1:2"
WO_PLUS_MO,17,35,"17:1:2 18:0:2",18,0,2,3,17,1,2,9,4,"3:0:1 7:1:2 9:2:2 14:1:2"
WO_PLUS_MO,17,35,"17:1:2 18:0:2",18,0,2,3,17,1,2,10,4,"3:0:1 6:1:2 10:2:2 14:1:2"
WO_PLUS_MO,17,35,"17:1:2 18:0:2",18,0,2,3,17,1,2,11,4,"3:0:1 5:1:2 11:2:2 14:1:2"
WO_PLUS_MO,17,35,"17:1:2 18:0:2",18,0,2,3,17,1,2,12,4,"3:0:1 4:1:2 12:2:2 14:1:2"
WO_PLUS_MO,17,35,"17:1:2 18:0:2",18,0,2,3,17,1,2,13,4,"3:0:1 3:1:2 13:2:2 14:1:2"
WO_PLUS_MO,17,35,"17:1:2 18:0:2",18,0,2,3,17,1,2,14,4,"2:1:2 3:0:1 14:1:2 14:2:2"
WO_PLUS_MO,17,35,"17:1:2 18:0:2",18,0,2,3,17,1,2,15,4,"1:1:2 3:0:1 14:1:2 15:2:2"
WO_PLUS_MO,17,35,"17:1:2 18:0:2",18,0,2,4,13,1,2,2,4,"2:2:2 4:0:1 10:1:2 17:1:2"
WO_PLUS_MO,17,35,"17:1:2 18:0:2",18,0,2,4,13,1,2,4,4,"4:0:1 4:2:2 8:1:2 17:1:2"
WO_PLUS_MO,17,35,"17:1:2 18:0:2",18,0,2,4,13,1,2,5,4,"4:0:1 5:2:2 7:1:2 17:1:2"
WO_PLUS_MO,17,35,"17:1:2 18:0:2",18,0,2,4,13,1,2,7,4,"4:0:1 5:1:2 7:2:2 17:1:2"
WO_PLUS_MO,17,35,"17:1:2 18:0:2",18,0,2,4,13,1,2,8,4,"4:0:1 4:1:2 8:2:2 17:1:2"
WO_PLUS_MO,17,35,"17:1:2 18:0:2",18,0,2,4,13,1,2,10,4,"2:1:2 4:0:1 10:2:2 17:1:2"
WO_PLUS_MO,17,35,"17:1:2 18:0:2",18,0,2,4,13,1,2,11,4,"1:1:2 4:0:1 11:2:2 17:1:2"
WO_PLUS_MO,17,35,"17:1:2 18:0:2",18,0,2,4,17,1,2,2,4,"2:2:2 4:0:1 13:1:2 14:1:2"
WO_PLUS_MO,17,35,"17:1:2 18:0:2",18,0,2,4,17,1,2,3,4,"3:2:2 4:0:1 13:1:2 13:1:2"
WO_PLUS_MO,17,35,"17:1:2 18:0:2",18,0,2,4,17,1,2,5,4,"4:0:1 5:2:2 11:1:2 13:1:2"
WO_PLUS_MO,17,35,"17:1:2 18:0:2",18,0,2,4,17,1,2,6,4,"4:0:1 6:2:2 10:1:2 13:1:2"
WO_PLUS_MO,17,35,"17:1:2 18:0:2",18,0,2,4,17,1,2,7,4,"4:0:1 7:2:2 9:1:2 13:1:2"
WO_PLUS_MO,17,35,"17:1:2 18:0:2",18,0,2,4,17,1,2,8,4,"4:0:1 8:1:2 8:2:2 13:1:2"
WO_PLUS_MO,17,35,"17:1:2 18:0:2",18,0,2,4,17,1,2,9,4,"4:0:1 7:1:2 9:2:2 13:1:2"
WO_PLUS_MO,17,35,"17:1:2 18:0:2",18,0,2,4,17,1,2,10,4,"4:0:1 6:1:2 10:2:2 13:1:2"
WO_PLUS_MO,17,35,"17:1:2 18:0:2",18,0,2,4,17,1,2,11,4,"4:0:1 5:1:2 11:2:2 13:1:2"
WO_PLUS_MO,17,35,"17:1:2 18:0:2",18,0,2,4,17,1,2,12,4,"4:0:1 4:1:2 12:2:2 13:1:2"
WO_PLUS_MO,17,35,"17:1:2 18:0:2",18,0,2,4,17,1,2,13,4,"3:1:2 4:0:1 13:1:2 13:2:2"
WO_PLUS_MO,17,35,"17:1:2 18:0:2",18,0,2,4,17,1,2,14,4,"2:1:2 4:0:1 13:1:2 14:2:2"
WO_PLUS_MO,17,35,"17:1:2 18:0:2",18,0,2,4,17,1,2,15,4,"1:1:2 4:0:1 13:1:2 15:2:2"
WO_PLUS_MO,17,35,"17:1:2 18:0:2",18,0,2,5,12,1,2,2,4,"2:2:2 5:0:1 9:1:2 17:1:2"
WO_PLUS_MO,17,35,"17:1:2 18:0:2",18,0,2,5,17,1,2,2,4,"2:2:2 5:0:1 12:1:2 14:1:2"
WO_PLUS_MO,17,35,"17:1:2 18:0:2",18,0,2,5,17,1,2,4,4,"4:2:2 5:0:1 12:1:2 12:1:2"
WO_PLUS_MO,17,35,"17:1:2 18:0:2",18,0,2,5,17,1,2,9,4,"5:0:1 7:1:2 9:2:2 12:1:2"
WO_PLUS_MO,17,35,"17:1:2 18:0:2",18,0,2,5,17,1,2,12,4,"4:1:2 5:0:1 12:1:2 12:2:2"
WO_PLUS_MO,17,35,"17:1:2 18:0:2",18,0,2,5,17,1,2,15,4,"1:1:2 5:0:1 12:1:2 15:2:2"
WO_PLUS_MO,17,35,"17:1:2 18:0:2",18,0,2,6,11,1,2,2,4,"2:2:2 6:0:1 8:1:2 17:1:2"
WO_PLUS_MO,17,35,"17:1:2 18:0:2",18,0,2,6,11,1,2,5,4,"5:1:2 5:2:2 6:0:1 17:1:2"
WO_PLUS_MO,17,35,"17:1:2 18:0:2",18,0,2,6,11,1,2,8,4,"2:1:2 6:0:1 8:2:2 17:1:2"
WO_PLUS_MO,17,35,"17:1:2 18:0:2",18,0,2,6,11,1,2,9,4,"1:1:2 6:0:1 9:2:2 17:1:2"
WO_PLUS_MO,17,35,"17:1:2 18:0:2",18,0,2,6,17,1,2,2,4,"2:2:2 6:0:1 11:1:2 14:1:2"
WO_PLUS_MO,17,35,"17:1:2 18:0:2",18,0,2,6,17,1,2,5,4,"5:2:2 6:0:1 11:1:2 11:1:2"
WO_PLUS_MO,17,35,"17:1:2 18:0:2",18,0,2,6,17,1,2,8,4,"6:0:1 8:1:2 8:2:2 11:1:2"
WO_PLUS_MO,17,35,"17:1:2 18:0:2",18,0,2,6,17,1,2,10,4,"6:0:1 6:1:2 10:2:2 11:1:2"
WO_PLUS_MO,17,35,"17:1:2 18:0:2",18,0,2,6,17,1,2,11,4,"5:1:2 6:0:1 11:1:2 11:2:2"
WO_PLUS_MO,17,35,"17:1:2 18:0:2",18,0,2,6,17,1,2,13,4,"3:1:2 6:0:1 11:1:2 13:2:2"
WO_PLUS_MO,17,35,"17:1:2 18:0:2",18,0,2,6,17,1,2,14,4,"2:1:2 6:0:1 11:1:2 14:2:2"
WO_PLUS_MO,17,35,"17:1:2 18:0:2",18,0,2,7,7,0,2,5,4,"1:1:2 5:0:2 10:1:2 17:1:2"
WO_PLUS_MO,17,35,"17:1:2 18:0:2",18,0,2,7,10,1,2,2,4,"2:2:2 7:0:1 7:1:2 17:1:2"
WO_PLUS_MO,17,35,"17:1:2 18:0:2",18,0,2,7,10,1,2,4,4,"4:2:2 5:1:2 7:0:1 17:1:2"
WO_PLUS_MO,17,35,"17:1:2 18:0:2",18,0,2,7,17,1,2,2,4,"2:2:2 7:0:1 10:1:2 14:1:2"
WO_PLUS_MO,17,35,"17:1:2 18:0:2",18,0,2,7,17,1,2,5,4,"5:2:2 7:0:1 10:1:2 11:1:2"
WO_PLUS_MO,17,35,"17:1:2 18:0:2",18,0,2,7,17,1,2,6,4,"6:2:2 7:0:1 10:1:2 10:1:2"
WO_PLUS_MO,17,35,"17:1:2 18:0:2",18,0,2,7,17,1,2,7,4,"7:0:1 7:2:2 9:1:2 10:1:2"
WO_PLUS_MO,17,35,"17:1:2 18:0:2",18,0,2,7,17,1,2,9,4,"7:0:1 7:1:2 9:2:2 10:1:2"
WO_PLUS_MO,17,35,"17:1:2 18:0:2",18,0,2,7,17,1,2,12,4,"4:1:2 7:0:1 10:1:2 12:2:2"
WO_PLUS_MO,17,35,"17:1:2 18:0:2",18,0,2,7,17,1,2,14,4,"2:1:2 7:0:1 10:1:2 14:2:2"
WO_PLUS_MO,17,35,"17:1:2 18:0:2",18,0,2,7,17,1,2,15,4,"1:1:2 7:0:1 10:1:2 15:2:2"
WO_PLUS_MO,17,35,"17:1:2 18:0:2",18,0,2,8,8,0,2,5,4,"2:1:2 5:0:2 9:1:2 17:1:2"
WO_PLUS_MO,17,35,"17:1:2 18:0:2",18,0,2,8,9,1,2,2,4,"2:2:2 6:1:2 8:0:1 17:1:2"
WO_PLUS_MO,17,35,"17:1:2 18:0:2",18,0,2,8,9,1,2,5,4,"3:1:2 5:2:2 8:0:1 17:1:2"
WO_PLUS_MO,17,35,"17:1:2 18:0:2",18,0,2,8,17,1,2,2,4,"2:2:2 8:0:1 9:1:2 14:1:2"
WO_PLUS_MO,17,35,"17:1:2 18:0:2",18,0,2,8,17,1,2,7,4,"7:2:2 8:0:1 9:1:2 9:1:2"
WO_PLUS_MO,17,35,"17:1:2 18:0:2",18,0,2,8,17,1,2,9,4,"7:1:2 8:0:1 9:1:2 9:2:2"
WO_PLUS_MO,17,35,"17:1:2 18:0:2",18,0,2,8,17,1,2,12,4,"4:1:2 8:0:1 9:1:2 12:2:2"
WO_PLUS_MO,17,35,"17:1:2 18:0:2",18,0,2,8,17,1,2,15,4,"1:1:2 8:0:1 9:1:2 15:2:2"
WO_PLUS_MO,17,35,"17:1:2 18:0:2",18,0,2,9,8,1,2,2,4,"2:2:2 5:1:2 9:0:1 17:1:2"
WO_PLUS_MO,17,35,"17:1:2 18:0:2",18,0,2,9,8,1,2,5,4,"2:1:2 5:2:2 9:0:1 17:1:2"
WO_PLUS_MO,17,35,"17:1:2 18:0:2",18,0,2,9,9,0,2,5,4,"3:1:2 5:0:2 8:1:2 17:1:2"
WO_PLUS_MO,17,35,"17:1:2 18:0:2",18,0,2,9,17,1,2,2,4,"2:2:2 8:1:2 9:0:1 14:1:2"
WO_PLUS_MO,17,35,"17:1:2 18:0:2",18,0,2,9,17,1,2,5,4,"5:2:2 8:1:2 9:0:1 11:1:2"
WO_PLUS_MO,17,35,"17:1:2 18:0:2",18,0,2,9,17,1,2,8,4,"8:1:2 8:1:2 8:2:2 9:0:1"
WO_PLUS_MO,17,35,"17:1:2 18:0:2",18,0,2,9,17,1,2,11,4,"5:1:2 8:1:2 9:0:1 11:2:2"
WO_PLUS_MO,17,35,"17:1:2 18:0:2",18,0,2,9,17,1,2,14,4,"2:1:2 8:1:2 9:0:1 14:2:2"
WO_PLUS_MO,17,35,"17:1:2 18:0:2",18,0,2,10,7,1,2,2,4,"2:2:2 4:1:2 10:0:1 17:1:2"
WO_PLUS_MO,17,35,"17:1:2 18:0:2",18,0,2,10,10,0,2,5,4,"4:1:2 5:0:2 7:1:2 17:1:2"
WO_PLUS_MO,17,35,"17:1:2 18:0:2",18,0,2,10,10,0,2,8,4,"1:1:2 7:1:2 8:0:2 17:1:2"
WO_PLUS_MO,17,35,"17:1:2 18:0:2",18,0,2,10,17,1,2,2,4,"2:2:2 7:1:2 10:0:1 14:1:2"
WO_PLUS_MO,17,35,"17:1:2 18:0:2",18,0,2,10,17,1,2,9,4,"7:1:2 7:1:2 9:2:2 10:0:1"
WO_PLUS_MO,17,35,"17:1:2 18:0:2",18,0,2,10,17,1,2,12,4,"4:1:2 7:1:2 10:0:1 12:2:2"
WO_PLUS_MO,17,35,"17:1:2 18:0:2",18,0,2,10,17,1,2,15,4,"1:1:2 7:1:2 10:0:1 15:2:2"
WO_PLUS_MO,17,35,"17:1:2 18:0:2",18,0,2,11,6,1,2,2,4,"2:2:2 3:1:2 11:0:1 17:1:2"
WO_PLUS_MO,17,35,"17:1:2 18:0:2",18,0,2,11,11,0,2,5,4,"5:0:2 5:1:2 6:1:2 17:1:2"
WO_PLUS_MO,17,35,"17:1:2 18:0:2",18,0,2,11,11,0,2,8,4,"2:1:2 6:1:2 8:0:2 17:1:2"
WO_PLUS_MO,17,35,"17:1:2 18:0:2",18,0,2,11,17,1,2,2,4,"2:2:2 6:1:2 11:0:1 14:1:2"
WO_PLUS_MO,17,35,"17:1:2 18:0:2",18,0,2,11,17,1,2,5,4,"5:2:2 6:1:2 11:0:1 11:1:2"
WO_PLUS_MO,17,35,"17:1:2 18:0:2",18,0,2,11,17,1,2,6,4,"6:1:2 6:2:2 10:1:2 11:0:1"
WO_PLUS_MO,17,35,"17:1:2 18:0:2",18,0,2,11,17,1,2,9,4,"6:1:2 7:1:2 9:2:2 11:0:1"
WO_PLUS_MO,17,35,"17:1:2 18:0:2",18,0,2,11,17,1,2,10,4,"6:1:2 6:1:2 10:2:2 11:0:1"
WO_PLUS_MO,17,35,"17:1:2 18:0:2",18,0,2,11,17,1,2,12,4,"4:1:2 6:1:2 11:0:1 12:2:2"
WO_PLUS_MO,17,35,"17:1:2 18:0:2",18,0,2,11,17,1,2,15,4,"1:1:2 6:1:2 11:0:1 15:2:2"
WO_PLUS_MO,17,35,"17:1:2 18:0:2",18,0,2,12,5,1,2,2,4,"2:1:2 2:2:2 12:0:1 17:1:2"
WO_PLUS_MO,17,35,"17:1:2 18:0:2",18,0,2,12,12,0,2,5,4,"5:0:2 5:1:2 6:1:2 17:1:2"
WO_PLUS_MO,17,35,"17:1:2 18:0:2",18,0,2,12,12,0,2,8,4,"3:1:2 5:1:2 8:0:2 17:1:2"
WO_PLUS_MO,17,35,"17:1:2 18:0:2",18,0,2,12,12,0,2,9,4,"2:1:2 5:1:2 9:0:2 17:1:2"
WO_PLUS_MO,17,35,"17:1:2 18:0:2",18,0,2,12,12,0,2,10,4,"1:1:2 5:1:2 10:0:2 17:1:2"
WO_PLUS_MO,17,35,"17:1:2 18:0:2",18,0,2,12,17,1,2,2,4,"2:2:2 5:1:2 12:0:1 14:1:2"
WO_PLUS_MO,17,35,"17:1:2 18:0:2",18,0,2,12,17,1,2,5,4,"5:1:2 5:2:2 11:1:2 12:0:1"
WO_PLUS_MO,17,35,"17:1:2 18:0:2",18,0,2,12,17,1,2,8,4,"5:1:2 8:1:2 8:2:2 12:0:1"
WO_PLUS_MO,17,35,"17:1:2 18:0:2",18,0,2,12,17,1,2,9,4,"5:1:2 7:1:2 9:2:2 12:0:1"
WO_PLUS_MO,17,35,"17:1:2 18:0:2",18,0,2,12,17,1,2,11,4,"5:1:2 5:1:2 11:2:2 12:0:1"
WO_PLUS_MO,17,35,"17:1:2 18:0:2",18,0,2,12,17,1,2,12,4,"4:1:2 5:1:2 12:0:1 12:2:2"
WO_PLUS_MO,17,35,"17:1:2 18:0:2",18,0,2,12,17,1,2,14,4,"2:1:2 5:1:2 12:0:1 14:2:2"
WO_PLUS_MO,17,35,"17:1:2 18:0:2",18,0,2,12,17,1,2,15,4,"1:1:2 5:1:2 12:0:1 15:2:2"
WO_PLUS_MO,17,35,"17:1:2 18:0:2",18,0,2,13,4,1,2,2,4,"1:1:2 2:2:2 13:0:1 17:1:2"
WO_PLUS_MO,17,35,"17:1:2 18:0:2",18,0,2,13,13,0,2,5,4,"4:1:2 5:0:2 7:1:2 17:1:2"
WO_PLUS_MO,17,35,"17:1:2 18:0:2",18,0,2,13,13,0,2,10,4,"2:1:2 4:1:2 10:0:2 17:1:2"
WO_PLUS_MO,17,35,"17:1:2 18:0:2",18,0,2,13,17,1,2,2,4,"2:2:2 4:1:2 13:0:1 14:1:2"
WO_PLUS_MO,17,35,"17:1:2 18:0:2",18,0,2,13,17,1,2,9,4,"4:1:2 7:1:2 9:2:2 13:0:1"
WO_PLUS_MO,17,35,"17:1:2 18:0:2",18,0,2,13,17,1,2,12,4,"4:1:2 4:1:2 12:2:2 13:0:1"
WO_PLUS_MO,17,35,"17:1:2 18:0:2",18,0,2,13,17,1,2,15,4,"1:1:2 4:1:2 13:0:1 15:2:2"
WO_PLUS_MO,17,35,"17:1:2 18:0:2",18,0,2,14,14,0,2,5,4,"3:1:2 5:0:2 8:1:2 17:1:2"
WO_PLUS_MO,17,35,"17:1:2 18:0:2",18,0,2,14,14,0,2,8,4,"3:1:2 5:1:2 8:0:2 17:1:2"
WO_PLUS_MO,17,35,"17:1:2 18:0:2",18,0,2,14,14,0,2,11,4,"2:1:2 3:1:2 11:0:2 17:1:2"
WO_PLUS_MO,17,35,"17:1:2 18:0:2",18,0,2,14,17,1,2,2,4,"2:2:2 3:1:2 14:0:1 14:1:2"
WO_PLUS_MO,17,35,"17:1:2 18:0:2",18,0,2,14,17,1,2,5,4,"3:1:2 5:2:2 11:1:2 14:0:1"
WO_PLUS_MO,17,35,"17:1:2 18:0:2",18,0,2,14,17,1,2,13,4,"3:1:2 3:1:2 13:2:2 14:0:1"
WO_PLUS_MO,17,35,"17:1:2 18:0:2",18,0,2,14,17,1,2,15,4,"1:1:2 3:1:2 14:0:1 15:2:2"
WO_PLUS_MO,17,35,"17:1:2 18:0:2",18,0,2,15,15,0,2,5,4,"2:1:2 5:0:2 9:1:2 17:1:2"
WO_PLUS_MO,17,35,"17:1:2 18:0:2",18,0,2,15,15,0,2,8,4,"2:1:2 6:1:2 8:0:2 17:1:2"
WO_PLUS_MO,17,35,"17:1:2 18:0:2",18,0,2,15,15,0,2,9,4,"2:1:2 5:1:2 9:0:2 17:1:2"
WO_PLUS_MO,17,35,"17:1:2 18:0:2",18,0,2,15,15,0,2,10,4,"2:1:2 4:1:2 10:0:2 17:1:2"
WO_PLUS_MO,17,35,"17:1:2 18:0:2",18,0,2,15,15,0,2,11,4,"2:1:2 3:1:2 11:0:2 17:1:2"
WO_PLUS_MO,17,35,"17:1:2 18:0:2",18,0,2,15,15,0,2,12,4,"2:1:2 2:1:2 12:0:2 17:1:2"
WO_PLUS_MO,17,35,"17:1:2 18:0:2",18,0,2,15,17,1,2,2,4,"2:1:2 2:2:2 14:1:2 15:0:1"
WO_PLUS_MO,17,35,"17:1:2 18:0:2",18,0,2,15,17,1,2,5,4,"2:1:2 5:2:2 11:1:2 15:0:1"
WO_PLUS_MO,17,35,"17:1:2 18:0:2",18,0,2,15,17,1,2,9,4,"2:1:2 7:1:2 9:2:2 15:0:1"
WO_PLUS_MO,17,35,"17:1:2 18:0:2",18,0,2,15,17,1,2,12,4,"2:1:2 4:1:2 12:2:2 15:0:1"
WO_PLUS_MO,17,35,"17:1:2 18:0:2",18,0,2,15,17,1,2,14,4,"2:1:2 2:1:2 14:2:2 15:0:1"
WO_PLUS_MO,17,35,"17:1:2 18:0:2",18,0,2,15,17,1,2,15,4,"1:1:2 2:1:2 15:0:1 15:2:2"
WO_PLUS_MO,17,35,"17:1:2 18:0:2",18,0,2,16,16,0,2,5,4,"1:1:2 5:0:2 10:1:2 17:1:2"
WO_PLUS_MO,17,35,"17:1:2 18:0:2",18,0,2,16,16,0,2,8,4,"1:1:2 7:1:2 8:0:2 17:1:2"
WO_PLUS_MO,17,35,"17:1:2 18:0:2",18,0,2,16,16,0,2,10,4,"1:1:2 5:1:2 10:0:2 17:1:2"
WO_PLUS_MO,17,35,"17:1:2 18:0:2",18,0,2,16,17,1,2,2,4,"1:1:2 2:2:2 14:1:2 16:0:1"
WO_PLUS_MO,17,35,"17:1:2 18:0:2",18,0,2,16,17,1,2,5,4,"1:1:2 5:2:2 11:1:2 16:0:1"
WO_PLUS_MO,17,35,"17:1:2 18:0:2",18,0,2,16,17,1,2,9,4,"1:1:2 7:1:2 9:2:2 16:0:1"
WO_PLUS_MO,17,35,"17:1:2 18:0:2",18,0,2,16,17,1,2,12,4,"1:1:2 4:1:2 12:2:2 16:0:1"
WO_PLUS_MO,17,35,"17:1:2 18:0:2",18,0,2,16,17,1,2,15,4,"1:1:2 1:1:2 15:2:2 16:0:1"
MO_MO,18,36,"18:1:2 18:1:2",18,1,2,0,17,1,2,2,3,"2:2:2 14:1:2 18:1:2"
MO_MO,18,36,"18:1:2 18:1:2",18,1,2,0,17,1,2,3,3,"3:2:2 13:1:2 18:1:2"
MO_MO,18,36,"18:1:2 18:1:2",18,1,2,0,17,1,2,4,3,"4:2:2 12:1:2 18:1:2"
MO_MO,18,36,"18:1:2 18:1:2",18,1,2,0,17,1,2,5,3,"5:2:2 11:1:2 18:1:2"
MO_MO,18,36,"18:1:2 18:1:2",18,1,2,0,17,1,2,6,3,"6:2:2 10:1:2 18:1:2"
MO_MO,18,36,"18:1:2 18:1:2",18,1,2,0,17,1,2,7,3,"7:2:2 9:1:2 18:1:2"
MO_MO,18,36,"18:1:2 18:1:2",18,1,2,0,17,1,2,8,3,"8:1:2 8:2:2 18:1:2"
MO_MO,18,36,"18:1:2 18:1:2",18,1,2,0,17,1,2,9,3,"7:1:2 9:2:2 18:1:2"
MO_MO,18,36,"18:1:2 18:1:2",18,1,2,0,17,1,2,10,3,"6:1:2 10:2:2 18:1:2"
MO_MO,18,36,"18:1:2 18:1:2",18,1,2,0,17,1,2,11,3,"5:1:2 11:2:2 18:1:2"
MO_MO,18,36,"18:1:2 18:1:2",18,1,2,0,17,1,2,12,3,"4:1:2 12:2:2 18:1:2"
MO_MO,18,36,"18:1:2 18:1:2",18,1,2,0,17,1,2,13,3,"3:1:2 13:2:2 18:1:2"
MO_MO,18,36,"18:1:2 18:1:2",18,1,2,0,17,1,2,14,3,"2:1:2 14:2:2 18:1:2"
MO_MO,18,36,"18:1:2 18:1:2",18,1,2,0,17,1,2,15,3,"1:1:2 15:2:2 18:1:2"
MO_MO,18,36,"18:1:2 18:1:2",18,1,2,0,18,1,2,0,2,"17:1:2 17:1:2"
MO_MO,18,36,"18:1:2 18:1:2",18,1,2,0,18,1,2,1,3,"1:2:2 16:1:2 17:1:2"
MO_MO,18,36,"18:1:2 18:1:2",18,1,2,0,18,1,2,2,3,"2:2:2 15:1:2 17:1:2"
MO_MO,18,36,"18:1:2 18:1:2",18,1,2,0,18,1,2,3,3,"3:2:2 14:1:2 17:1:2"
MO_MO,18,36,"18:1:2 18:1:2",18,1,2,0,18,1,2,4,3,"4:2:2 13:1:2 17:1:2"
MO_MO,18,36,"18:1:2 18:1:2",18,1,2,0,18,1,2,5,3,"5:2:2 12:1:2 17:1:2"
MO_MO,18,36,"18:1:2 18:1:2",18,1,2,0,18,1,2,6,3,"6:2:2 11:1:2 17:1:2"
MO_MO,18,36,"18:1:2 18:1:2",18,1,2,0,18,1,2,7,3,"7:2:2 10:1:2 17:1:2"
MO_MO,18,36,"18:1:2 18:1:2",18,1,2,0,18,1,2,8,3,"8:2:2 9:1:2 17:1:2"
MO_MO,18,36,"18:1:2 18:1:2",18,1,2,0,18,1,2,9,3,"8:1:2 9:2:2 17:1:2"
MO_MO,18,36,"18:1:2 18:1:2",18,1,2,0,18,1,2,10,3,"7:1:2 10:2:2 17:1:2"
MO_MO,18,36,"18:1:2 18:1:2",18,1,2,0,18,1,2,11,3,"6:1:2 11:2:2 17:1:2"
MO_MO,18,36,"18:1:2 18:1:2",18,1,2,0,18,1,2,12,3,"5:1:2 12:2:2 17:1:2"
MO_MO,18,36,"18:1:2 18:1:2",18,1,2,0,18,1,2,13,3,"4:1:2 13:2:2 17:1:2"
MO_MO,18,36,"18:1:2 18:1:2",18,1,2,0,18,1,2,14,3,"3:1:2 14:2:2 17:1:2"
MO_MO,18,36,"18:1:2 18:1:2",18,1,2,0,18,1,2,15,3,"2:1:2 15:2:2 17:1:2"
MO_MO,18,36,"18:1:2 18:1:2",18,1,2,0,18,1,2,16,3,"1:1:2 16:2:2 17:1:2"
MO_MO,18,36,"18:1:2 18:1:2",18,1,2,1,16,1,2,2,4,"1:1:1 2:2:2 13:1:2 18:1:2"
MO_MO,18,36,"18:1:2 18:1:2",18,1,2,1,16,1,2,4,4,"1:1:1 4:2:2 11:1:2 18:1:2"
MO_MO,18,36,"18:1:2 18:1:2",18,1,2,1,16,1,2,5,4,"1:1:1 5:2:2 10:1:2 18:1:2"
MO_MO,18,36,"18:1:2 18:1:2",18,1,2,1,16,1,2,7,4,"1:1:1 7:2:2 8:1:2 18:1:2"
MO_MO,18,36,"18:1:2 18:1:2",18,1,2,1,16,1,2,8,4,"1:1:1 7:1:2 8:2:2 18:1:2"
MO_MO,18,36,"18:1:2 18:1:2",18,1,2,1,16,1,2,10,4,"1:1:1 5:1:2 10:2:2 18:1:2"
MO_MO,18,36,"18:1:2 18:1:2",18,1,2,1,16,1,2,11,4,"1:1:1 4:1:2 11:2:2 18:1:2"
MO_MO,18,36,"18:1:2 18:1:2",18,1,2,1,16,1,2,13,4,"1:1:1 2:1:2 13:2:2 18:1:2"
MO_MO,18,36,"18:1:2 18:1:2",18,1,2,1,16,1,2,14,4,"1:1:1 1:1:2 14:2:2 18:1:2"
MO_MO,18,36,"18:1:2 18:1:2",18,1,2,1,18,1,2,1,4,"1:1:1 1:2:2 16:1:2 16:1:2"
MO_MO,18,36,"18:1:2 18:1:2",18,1,2,1,18,1,2,2,4,"1:1:1 2:2:2 15:1:2 16:1:2"
MO_MO,18,36,"18:1:2 18:1:2",18,1,2,1,18,1,2,4,4,"1:1:1 4:2:2 13:1:2 16:1:2"
MO_MO,18,36,"18:1:2 18:1:2",18,1,2,1,18,1,2,5,4,"1:1:1 5:2:2 12:1:2 16:1:2"
MO_MO,18,36,"18:1:2 18:1:2",18,1,2,1,18,1,2,6,4,"1:1:1 6:2:2 11:1:2 16:1:2"
MO_MO,18,36,"18:1:2 18:1:2",18,1,2,1,18,1,2,7,4,"1:1:1 7:2:2 10:1:2 16:1:2"
MO_MO,18,36,"18:1:2 18:1:2",18,1,2,1,18,1,2,8,4,"1:1:1 8:2:2 9:1:2 16:1:2"
MO_MO,18,36,"18:1:2 18:1:2",18,1,2,1,18,1,2,9,4,"1:1:1 8:1:2 9:2:2 16:1:2"
MO_MO,18,36,"18:1:2 18:1:2",18,1,2,1,18,1,2,10,4,"1:1:1 7:1:2 10:2:2 16:1:2"
MO_MO,18,36,"18:1:2 18:1:2",18,1,2,1,18,1,2,11,4,"1:1:1 6:1:2 11:2:2 16:1:2"
MO_MO,18,36,"18:1:2 18:1:2",18,1,2,1,18,1,2,12,4,"1:1:1 5:1:2 12:2:2 16:1:2"
MO_MO,18,36,"18:1:2 18:1:2",18,1,2,1,18,1,2,13,4,"1:1:1 4:1:2 13:2:2 16:1:2"
MO_MO,18,36,"18:1:2 18:1:2",18,1,2,1,18,1,2,14,4,"1:1:1 3:1:2 14:2:2 16:1:2"
MO_MO,18,36,"18:1:2 18:1:2",18,1,2,1,18,1,2,15,4,"1:1:1 2:1:2 15:2:2 16:1:2"
MO_MO,18,36,"18:1:2 18:1:2",18,1,2,1,18,1,2,16,4,"1:1:1 1:1:2 16:1:2 16:2:2"
MO_MO,18,36,"18:1:2 18:1:2",18,1,2,2,18,1,2,2,4,"2:1:1 2:2:2 15:1:2 15:1:2"
MO_MO,18,36,"18:1:2 18:1:2",18,1,2,3,14,1,2,2,4,"2:2:2 3:1:1 11:1:2 18:1:2"
MO_MO,18,36,"18:1:2 18:1:2",18,1,2,3,14,1,2,5,4,"3:1:1 5:2:2 8:1:2 18:1:2"
MO_MO,18,36,"18:1:2 18:1:2",18,1,2,3,14,1,2,7,4,"3:1:1 6:1:2 7:2:2 18:1:2"
MO_MO,18,36,"18:1:2 18:1:2",18,1,2,3,14,1,2,8,4,"3:1:1 5:1:2 8:2:2 18:1:2"
MO_MO,18,36,"18:1:2 18:1:2",18,1,2,3,14,1,2,10,4,"3:1:1 3:1:2 10:2:2 18:1:2"
MO_MO,18,36,"18:1:2 18:1:2",18,1,2,3,14,1,2,11,4,"2:1:2 3:1:1 11:2:2 18:1:2"
MO_MO,18,36,"18:1:2 18:1:2",18,1,2,3,18,1,2,2,4,"2:2:2 3:1:1 14:1:2 15:1:2"
MO_MO,18,36,"18:1:2 18:1:2",18,1,2,3,18,1,2,3,4,"3:1:1 3:2:2 14:1:2 14:1:2"
MO_MO,18,36,"18:1:2 18:1:2",18,1,2,3,18,1,2,4,4,"3:1:1 4:2:2 13:1:2 14:1:2"
MO_MO,18,36,"18:1:2 18:1:2",18,1,2,3,18,1,2,5,4,"3:1:1 5:2:2 12:1:2 14:1:2"
MO_MO,18,36,"18:1:2 18:1:2",18,1,2,3,18,1,2,6,4,"3:1:1 6:2:2 11:1:2 14:1:2"
MO_MO,18,36,"18:1:2 18:1:2",18,1,2,3,18,1,2,7,4,"3:1:1 7:2:2 10:1:2 14:1:2"
MO_MO,18,36,"18:1:2 18:1:2",18,1,2,3,18,1,2,8,4,"3:1:1 8:2:2 9:1:2 14:1:2"
MO_MO,18,36,"18:1:2 18:1:2",18,1,2,3,18,1,2,9,4,"3:1:1 8:1:2 9:2:2 14:1:2"
MO_MO,18,36,"18:1:2 18:1:2",18,1,2,3,18,1,2,10,4,"3:1:1 7:1:2 10:2:2 14:1:2"
MO_MO,18,36,"18:1:2 18:1:2",18,1,2,3,18,1,2,11,4,"3:1:1 6:1:2 11:2:2 14:1:2"
MO_MO,18,36,"18:1:2 18:1:2",18,1,2,3,18,1,2,12,4,"3:1:1 5:1:2 12:2:2 14:1:2"
MO_MO,18,36,"18:1:2 18:1:2",18,1,2,3,18,1,2,13,4,"3:1:1 4:1:2 13:2:2 14:1:2"
MO_MO,18,36,"18:1:2 18:1:2",18,1,2,3,18,1,2,14,4,"3:1:1 3:1:2 14:1:2 14:2:2"
MO_MO,18,36,"18:1:2 18:1:2",18,1,2,3,18,1,2,15,4,"2:1:2 3:1:1 14:1:2 15:2:2"
MO_MO,18,36,"18:1:2 18:1:2",18,1,2,3,18,1,2,16,4,"1:1:2 3:1:1 14:1:2 16:2:2"
MO_MO,18,36,"18:1:2 18:1:2",18,1,2,4,13,1,2,2,4,"2:2:2 4:1:1 10:1:2 18:1:2"
MO_MO,18,36,"18:1:2 18:1:2",18,1,2,4,18,1,2,4,4,"4:1:1 4:2:2 13:1:2 13:1:2"
MO_MO,18,36,"18:1:2 18:1:2",18,1,2,5,18,1,2,5,4,"5:1:1 5:2:2 12:1:2 12:1:2"
MO_MO,18,36,"18:1:2 18:1:2",18,1,2,6,11,1,2,2,4,"2:2:2 6:1:1 8:1:2 18:1:2"
MO_MO,18,36,"18:1:2 18:1:2",18,1,2,6,18,1,2,6,4,"6:1:1 6:2:2 11:1:2 11:1:2"
MO_MO,18,36,"18:1:2 18:1:2",18,1,2,7,18,1,2,7,4,"7:1:1 7:2:2 10:1:2 10:1:2"
MO_MO,18,36,"18:1:2 18:1:2",18,1,2,8,18,1,2,2,4,"2:2:2 8:1:1 9:1:2 15:1:2"
MO_MO,18,36,"18:1:2 18:1:2",18,1,2,8,18,1,2,8,4,"8:1:1 8:2:2 9:1:2 9:1:2"
MO_MO,18,36,"18:1:2 18:1:2",18,1,2,9,18,1,2,9,4,"8:1:2 8:1:2 9:1:1 9:2:2"
MO_MO,18,36,"18:1:2 18:1:2",18,1,2,10,18,1,2,10,4,"7:1:2 7:1:2 10:1:1 10:2:2"
MO_MO,18,36,"18:1:2 18:1:2",18,1,2,11,18,1,2,2,4,"2:2:2 6:1:2 11:1:1 15:1:2"
MO_MO,18,36,"18:1:2 18:1:2",18,1,2,11,18,1,2,5,4,"5:2:2 6:1:2 11:1:1 12:1:2"
MO_MO,18,36,"18:1:2 18:1:2",18,1,2,11,18,1,2,11,4,"6:1:2 6:1:2 11:1:1 11:2:2"
MO_MO,18,36,"18:1:2 18:1:2",18,1,2,12,18,1,2,2,4,"2:2:2 5:1:2 12:1:1 15:1:2"
MO_MO,18,36,"18:1:2 18:1:2",18,1,2,12,18,1,2,12,4,"5:1:2 5:1:2 12:1:1 12:2:2"
MO_MO,18,36,"18:1:2 18:1:2",18,1,2,13,18,1,2,13,4,"4:1:2 4:1:2 13:1:1 13:2:2"
MO_MO,18,36,"18:1:2 18:1:2",18,1,2,14,18,1,2,14,4,"3:1:2 3:1:2 14:1:1 14:2:2"
MO_MO,18,36,"18:1:2 18:1:2",18,1,2,15,18,1,2,2,4,"2:1:2 2:2:2 15:1:1 15:1:2"
MO_MO,18,36,"18:1:2 18:1:2",18,1,2,15,18,1,2,15,4,"2:1:2 2:1:2 15:1:1 15:2:2"
MO_MO,18,36,"18:1:2 18:1:2",18,1,2,16,18,1,2,16,4,"1:1:2 1:1:2 16:1:1 16:2:2"
OO_MM,18,36,"18:1:1 18:2:2",18,1,1,0,17,2,2,1,3,"1:1:2 15:1:2 18:2:2"
OO_MM,18,36,"18:1:1 18:2:2",18,1,1,0,17,2,2,2,3,"2:1:2 14:1:2 18:2:2"
OO_MM,18,36,"18:1:1 18:2:2",18,1,1,0,17,2,2,3,3,"3:1:2 13:1:2 18:2:2"
OO_MM,18,36,"18:1:1 18:2:2",18,1,1,0,17,2,2,4,3,"4:1:2 12:1:2 18:2:2"
OO_MM,18,36,"18:1:1 18:2:2",18,1,1,0,17,2,2,5,3,"5:1:2 11:1:2 18:2:2"
OO_MM,18,36,"18:1:1 18:2:2",18,1,1,0,17,2,2,6,3,"6:1:2 10:1:2 18:2:2"
OO_MM,18,36,"18:1:1 18:2:2",18,1,1,0,17,2,2,7,3,"7:1:2 9:1:2 18:2:2"
OO_MM,18,36,"18:1:1 18:2:2",18,1,1,0,17,2,2,8,3,"8:1:2 8:1:2 18:2:2"
OO_MM,18,36,"18:1:1 18:2:2",18,1,1,0,18,1,1,0,2,"17:1:1 17:2:2"
OO_MM,18,36,"18:1:1 18:2:2",18,1,1,0,18,1,1,1,3,"1:2:2 16:2:2 17:1:1"
OO_MM,18,36,"18:1:1 18:2:2",18,1,1,0,18,1,1,2,3,"2:2:2 15:2:2 17:1:1"
OO_MM,18,36,"18:1:1 18:2:2",18,1,1,0,18,1,1,3,3,"3:2:2 14:2:2 17:1:1"
OO_MM,18,36,"18:1:1 18:2:2",18,1,1,0,18,1,1,4,3,"4:2:2 13:2:2 17:1:1"
OO_MM,18,36,"18:1:1 18:2:2",18,1,1,0,18,1,1,5,3,"5:2:2 12:2:2 17:1:1"
OO_MM,18,36,"18:1:1 18:2:2",18,1,1,0,18,1,1,6,3,"6:2:2 11:2:2 17:1:1"
OO_MM,18,36,"18:1:1 18:2:2",18,1,1,0,18,1,1,7,3,"7:2:2 10:2:2 17:1:1"
OO_MM,18,36,"18:1:1 18:2:2",18,1,1,0,18,1,1,8,3,"8:2:2 9:2:2 17:1:1"
OO_MM,18,36,"18:1:1 18:2:2",18,1,1,1,16,2,2,1,4,"1:1:1 1:1:2 14:1:2 18:2:2"
OO_MM,18,36,"18:1:1 18:2:2",18,1,1,1,16,2,2,2,4,"1:1:1 2:1:2 13:1:2 18:2:2"
OO_MM,18,36,"18:1:1 18:2:2",18,1,1,1,16,2,2,4,4,"1:1:1 4:1:2 11:1:2 18:2:2"
OO_MM,18,36,"18:1:1 18:2:2",18,1,1,1,16,2,2,5,4,"1:1:1 5:1:2 10:1:2 18:2:2"
OO_MM,18,36,"18:1:1 18:2:2",18,1,1,1,16,2,2,7,4,"1:1:1 7:1:2 8:1:2 18:2:2"
OO_MM,18,36,"18:1:1 18:2:2",18,1,1,1,18,1,1,1,4,"1:1:1 1:2:2 16:1:1 16:2:2"
OO_MM,18,36,"18:1:1 18:2:2",18,1,1,1,18,1,1,2,4,"1:1:1 2:2:2 15:2:2 16:1:1"
OO_MM,18,36,"18:1:1 18:2:2",18,1,1,1,18,1,1,4,4,"1:1:1 4:2:2 13:2:2 16:1:1"
OO_MM,18,36,"18:1:1 18:2:2",18,1,1,1,18,1,1,5,4,"1:1:1 5:2:2 12:2:2 16:1:1"
OO_MM,18,36,"18:1:1 18:2:2",18,1,1,1,18,1,1,6,4,"1:1:1 6:2:2 11:2:2 16:1:1"
OO_MM,18,36,"18:1:1 18:2:2",18,1,1,1,18,1,1,7,4,"1:1:1 7:2:2 10:2:2 16:1:1"
OO_MM,18,36,"18:1:1 18:2:2",18,1,1,1,18,1,1,8,4,"1:1:1 8:2:2 9:2:2 16:1:1"
OO_MM,18,36,"18:1:1 18:2:2",18,1,1,2,18,1,1,2,4,"2:1:1 2:2:2 15:1:1 15:2:2"
OO_MM,18,36,"18:1:1 18:2:2",18,1,1,3,14,2,2,2,4,"2:1:2 3:1:1 11:1:2 18:2:2"
OO_MM,18,36,"18:1:1 18:2:2",18,1,1,3,14,2,2,5,4,"3:1:1 5:1:2 8:1:2 18:2:2"
OO_MM,18,36,"18:1:1 18:2:2",18,1,1,3,18,1,1,2,4,"2:2:2 3:1:1 14:1:1 15:2:2"
OO_MM,18,36,"18:1:1 18:2:2",18,1,1,3,18,1,1,3,4,"3:1:1 3:2:2 14:1:1 14:2:2"
OO_MM,18,36,"18:1:1 18:2:2",18,1,1,3,18,1,1,5,4,"3:1:1 5:2:2 12:2:2 14:1:1"
OO_MM,18,36,"18:1:1 18:2:2",18,1,1,3,18,1,1,6,4,"3:1:1 6:2:2 11:2:2 14:1:1"
OO_MM,18,36,"18:1:1 18:2:2",18,1,1,3,18,1,1,7,4,"3:1:1 7:2:2 10:2:2 14:1:1"
OO_MM,18,36,"18:1:1 18:2:2",18,1,1,3,18,1,1,8,4,"3:1:1 8:2:2 9:2:2 14:1:1"
OO_MM,18,36,"18:1:1 18:2:2",18,1,1,4,18,1,1,2,4,"2:2:2 4:1:1 13:1:1 15:2:2"
OO_MM,18,36,"18:1:1 18:2:2",18,1,1,4,18,1,1,4,4,"4:1:1 4:2:2 13:1:1 13:2:2"
OO_MM,18,36,"18:1:1 18:2:2",18,1,1,4,18,1,1,5,4,"4:1:1 5:2:2 12:2:2 13:1:1"
OO_MM,18,36,"18:1:1 18:2:2",18,1,1,4,18,1,1,8,4,"4:1:1 8:2:2 9:2:2 13:1:1"
OO_MM,18,36,"18:1:1 18:2:2",18,1,1,5,18,1,1,2,4,"2:2:2 5:1:1 12:1:1 15:2:2"
OO_MM,18,36,"18:1:1 18:2:2",18,1,1,5,18,1,1,5,4,"5:1:1 5:2:2 12:1:1 12:2:2"
OO_MM,18,36,"18:1:1 18:2:2",18,1,1,6,11,2,2,5,4,"5:1:2 5:1:2 6:1:1 18:2:2"
OO_MM,18,36,"18:1:1 18:2:2",18,1,1,6,18,1,1,2,4,"2:2:2 6:1:1 11:1:1 15:2:2"
OO_MM,18,36,"18:1:1 18:2:2",18,1,1,6,18,1,1,5,4,"5:2:2 6:1:1 11:1:1 12:2:2"
OO_MM,18,36,"18:1:1 18:2:2",18,1,1,6,18,1,1,6,4,"6:1:1 6:2:2 11:1:1 11:2:2"
OO_MM,18,36,"18:1:1 18:2:2",18,1,1,6,18,1,1,8,4,"6:1:1 8:2:2 9:2:2 11:1:1"
OO_MM,18,36,"18:1:1 18:2:2",18,1,1,7,18,1,1,7,4,"7:1:1 7:2:2 10:1:1 10:2:2"
OO_MM,18,36,"18:1:1 18:2:2",18,1,1,8,18,1,1,2,4,"2:2:2 8:1:1 9:1:1 15:2:2"
OO_MM,18,36,"18:1:1 18:2:2",18,1,1,8,18,1,1,5,4,"5:2:2 8:1:1 9:1:1 12:2:2"
OO_MM,18,36,"18:1:1 18:2:2",18,1,1,8,18,1,1,8,4,"8:1:1 8:2:2 9:1:1 9:2:2"
OO_MM,18,36,"18:1:1 18:2:2",18,2,2,1,18,2,2,1,4,"1:1:2 1:1:2 16:1:2 16:1:2"
OO_MM,18,36,"18:1:1 18:2:2",18,2,2,2,18,2,2,2,4,"2:1:2 2:1:2 15:1:2 15:1:2"
OO_MM,18,36,"18:1:1 18:2:2",18,2,2,3,18,2,2,3,4,"3:1:2 3:1:2 14:1:2 14:1:2"
OO_MM,18,36,"18:1:1 18:2:2",18,2,2,4,13,1,2,2,4,"2:2:2 4:1:2 10:1:2 18:1:1"
OO_MM,18,36,"18:1:1 18:2:2",18,2,2,4,18,2,2,4,4,"4:1:2 4:1:2 13:1:2 13:1:2"
OO_MM,18,36,"18:1:1 18:2:2",18,2,2,5,18,2,2,5,4,"5:1:2 5:1:2 12:1:2 12:1:2"
OO_MM,18,36,"18:1:1 18:2:2",18,2,2,6,18,2,2,6,4,"6:1:2 6:1:2 11:1:2 11:1:2"
OO_MM,18,36,"18:1:1 18:2:2",18,2,2,7,7,1,2,2,4,"2:2:2 4:1:2 10:1:2 18:1:1"
OO_MM,18,36,"18:1:1 18:2:2",18,2,2,7,10,1,2,2,4,"2:2:2 7:1:2 7:1:2 18:1:1"
OO_MM,18,36,"18:1:1 18:2:2",18,2,2,7,18,2,2,7,4,"7:1:2 7:1:2 10:1:2 10:1:2"
OO_MM,18,36,"18:1:1 18:2:2",18,2,2,8,18,2,2,8,4,"8:1:2 8:1:2 9:1:2 9:1:2"
OO_WM,18,36,"18:0:1 18:2:2",18,0,1,1,16,2,2,1,4,"1:0:1 1:1:2 14:1:2 18:2:2"
OO_WM,18,36,"18:0:1 18:2:2",18,0,1,1,16,2,2,2,4,"1:0:1 2:1:2 13:1:2 18:2:2"
OO_WM,18,36,"18:0:1 18:2:2",18,0,1,1,16,2,2,4,4,"1:0:1 4:1:2 11:1:2 18:2:2"
OO_WM,18,36,"18:0:1 18:2:2",18,0,1,1,16,2,2,5,4,"1:0:1 5:1:2 10:1:2 18:2:2"
OO_WM,18,36,"18:0:1 18:2:2",18,0,1,1,16,2,2,7,4,"1:0:1 7:1:2 8:1:2 18:2:2"
OO_WM,18,36,"18:0:1 18:2:2",18,0,1,1,18,1,1,1,4,"1:0:1 1:2:2 16:1:1 16:2:2"
OO_WM,18,36,"18:0:1 18:2:2",18,0,1,1,18,1,1,2,4,"1:0:1 2:2:2 15:2:2 16:1:1"
OO_WM,18,36,"18:0:1 18:2:2",18,0,1,1,18,1,1,4,4,"1:0:1 4:2:2 13:2:2 16:1:1"
OO_WM,18,36,"18:0:1 18:2:2",18,0,1,1,18,1,1,5,4,"1:0:1 5:2:2 12:2:2 16:1:1"
OO_WM,18,36,"18:0:1 18:2:2",18,0,1,1,18,1,1,6,4,"1:0:1 6:2:2 11:2:2 16:1:1"
OO_WM,18,36,"18:0:1 18:2:2",18,0,1,1,18,1,1,7,4,"1:0:1 7:2:2 10:2:2 16:1:1"
OO_WM,18,36,"18:0:1 18:2:2",18,0,1,1,18,1,1,8,4,"1:0:1 8:2:2 9:2:2 16:1:1"
OO_WM,18,36,"18:0:1 18:2:2",18,0,1,2,18,1,1,2,4,"2:0:1 2:2:2 15:1:1 15:2:2"
OO_WM,18,36,"18:0:1 18:2:2",18,0,1,3,14,2,2,2,4,"2:1:2 3:0:1 11:1:2 18:2:2"
OO_WM,18,36,"18:0:1 18:2:2",18,0,1,3,14,2,2,5,4,"3:0:1 5:1:2 8:1:2 18:2:2"
OO_WM,18,36,"18:0:1 18:2:2",18,0,1,3,18,1,1,2,4,"2:2:2 3:0:1 14:1:1 15:2:2"
OO_WM,18,36,"18:0:1 18:2:2",18,0,1,3,18,1,1,3,4,"3:0:1 3:2:2 14:1:1 14:2:2"
OO_WM,18,36,"18:0:1 18:2:2",18,0,1,3,18,1,1,5,4,"3:0:1 5:2:2 12:2:2 14:1:1"
OO_WM,18,36,"18:0:1 18:2:2",18,0,1,3,18,1,1,6,4,"3:0:1 6:2:2 11:2:2 14:1:1"
OO_WM,18,36,"18:0:1 18:2:2",18,0,1,3,18,1,1,7,4,"3:0:1 7:2:2 10:2:2 14:1:1"
OO_WM,18,36,"18:0:1 18:2:2",18,0,1,3,18,1,1,8,4,"3:0:1 8:2:2 9:2:2 14:1:1"
OO_WM,18,36,"18:0:1 18:2:2",18,0,1,4,4,0,2,2,4,"1:1:2 2:0:2 13:1:1 18:2:2"
OO_WM,18,36,"18:0:1 18:2:2",18,0,1,4,13,2,2,1,4,"1:1:2 4:0:1 11:1:2 18:2:2"
OO_WM,18,36,"18:0:1 18:2:2",18,0,1,4,13,2,2,2,4,"2:1:2 4:0:1 10:1:2 18:2:2"
OO_WM,18,36,"18:0:1 18:2:2",18,0,1,4,13,2,2,4,4,"4:0:1 4:1:2 8:1:2 18:2:2"
OO_WM,18,36,"18:0:1 18:2:2",18,0,1,4,13,2,2,5,4,"4:0:1 5:1:2 7:1:2 18:2:2"
OO_WM,18,36,"18:0:1 18:2:2",18,0,1,4,18,1,1,2,4,"2:2:2 4:0:1 13:1:1 15:2:2"
OO_WM,18,36,"18:0:1 18:2:2",18,0,1,4,18,1,1,4,4,"4:0:1 4:2:2 13:1:1 13:2:2"
OO_WM,18,36,"18:0:1 18:2:2",18,0,1,4,18,1,1,5,4,"4:0:1 5:2:2 12:2:2 13:1:1"
OO_WM,18,36,"18:0:1 18:2:2",18,0,1,4,18,1,1,6,4,"4:0:1 6:2:2 11:2:2 13:1:1"
OO_WM,18,36,"18:0:1 18:2:2",18,0,1,4,18,1,1,7,4,"4:0:1 7:2:2 10:2:2 13:1:1"
OO_WM,18,36,"18:0:1 18:2:2",18,0,1,4,18,1,1,8,4,"4:0:1 8:2:2 9:2:2 13:1:1"
OO_WM,18,36,"18:0:1 18:2:2",18,0,1,5,5,0,2,2,4,"2:0:2 2:1:2 12:1:1 18:2:2"
OO_WM,18,36,"18:0:1 18:2:2",18,0,1,5,18,1,1,2,4,"2:2:2 5:0:1 12:1:1 15:2:2"
OO_WM,18,36,"18:0:1 18:2:2",18,0,1,5,18,1,1,5,4,"5:0:1 5:2:2 12:1:1 12:2:2"
OO_WM,18,36,"18:0:1 18:2:2",18,0,1,6,6,0,2,2,4,"2:0:2 3:1:2 11:1:1 18:2:2"
OO_WM,18,36,"18:0:1 18:2:2",18,0,1,6,11,2,2,2,4,"2:1:2 6:0:1 8:1:2 18:2:2"
OO_WM,18,36,"18:0:1 18:2:2",18,0,1,6,11,2,2,5,4,"5:1:2 5:1:2 6:0:1 18:2:2"
OO_WM,18,36,"18:0:1 18:2:2",18,0,1,6,18,1,1,2,4,"2:2:2 6:0:1 11:1:1 15:2:2"
OO_WM,18,36,"18:0:1 18:2:2",18,0,1,6,18,1,1,5,4,"5:2:2 6:0:1 11:1:1 12:2:2"
OO_WM,18,36,"18:0:1 18:2:2",18,0,1,6,18,1,1,6,4,"6:0:1 6:2:2 11:1:1 11:2:2"
OO_WM,18,36,"18:0:1 18:2:2",18,0,1,6,18,1,1,7,4,"6:0:1 7:2:2 10:2:2 11:1:1"
OO_WM,18,36,"18:0:1 18:2:2",18,0,1,6,18,1,1,8,4,"6:0:1 8:2:2 9:2:2 11:1:1"
OO_WM,18,36,"18:0:1 18:2:2",18,0,1,7,7,0,2,2,4,"2:0:2 4:1:2 10:1:1 18:2:2"
OO_WM,18,36,"18:0:1 18:2:2",18,0,1,7,10,2,2,1,4,"1:1:2 7:0:1 8:1:2 18:2:2"
OO_WM,18,36,"18:0:1 18:2:2",18,0,1,7,10,2,2,2,4,"2:1:2 7:0:1 7:1:2 18:2:2"
OO_WM,18,36,"18:0:1 18:2:2",18,0,1,7,18,1,1,2,4,"2:2:2 7:0:1 10:1:1 15:2:2"
OO_WM,18,36,"18:0:1 18:2:2",18,0,1,7,18,1,1,4,4,"4:2:2 7:0:1 10:1:1 13:2:2"
OO_WM,18,36,"18:0:1 18:2:2",18,0,1,7,18,1,1,5,4,"5:2:2 7:0:1 10:1:1 12:2:2"
OO_WM,18,36,"18:0:1 18:2:2",18,0,1,7,18,1,1,7,4,"7:0:1 7:2:2 10:1:1 10:2:2"
OO_WM,18,36,"18:0:1 18:2:2",18,0,1,7,18,1,1,8,4,"7:0:1 8:2:2 9:2:2 10:1:1"
OO_WM,18,36,"18:0:1 18:2:2",18,0,1,8,8,0,2,2,4,"2:0:2 5:1:2 9:1:1 18:2:2"
OO_WM,18,36,"18:0:1 18:2:2",18,0,1,8,18,1,1,2,4,"2:2:2 8:0:1 9:1:1 15:2:2"
OO_WM,18,36,"18:0:1 18:2:2",18,0,1,8,18,1,1,5,4,"5:2:2 8:0:1 9:1:1 12:2:2"
OO_WM,18,36,"18:0:1 18:2:2",18,0,1,8,18,1,1,8,4,"8:0:1 8:2:2 9:1:1 9:2:2"
OO_WM,18,36,"18:0:1 18:2:2",18,0,1,9,8,2,2,2,4,"2:1:2 5:1:2 9:0:1 18:2:2"
OO_WM,18,36,"18:0:1 18:2:2",18,0,1,9,9,0,2,2,4,"2:0:2 6:1:2 8:1:1 18:2:2"
OO_WM,18,36,"18:0:1 18:2:2",18,0,1,9,18,1,1,2,4,"2:2:2 8:1:1 9:0:1 15:2:2"
OO_WM,18,36,"18:0:1 18:2:2",18,0,1,9,18,1,1,5,4,"5:2:2 8:1:1 9:0:1 12:2:2"
OO_WM,18,36,"18:0:1 18:2:2",18,0,1,9,18,1,1,8,4,"8:1:1 8:2:2 9:0:1 9:2:2"
OO_WM,18,36,"18:0:1 18:2:2",18,0,1,10,10,0,2,2,4,"2:0:2 7:1:1 7:1:2 18:2:2"
OO_WM,18,36,"18:0:1 18:2:2",18,0,1,10,18,1,1,2,4,"2:2:2 7:1:1 10:0:1 15:2:2"
OO_WM,18,36,"18:0:1 18:2:2",18,0,1,10,18,1,1,7,4,"7:1:1 7:2:2 10:0:1 10:2:2"
OO_WM,18,36,"18:0:1 18:2:2",18,0,1,11,11,0,2,2,4,"2:0:2 6:1:1 8:1:2 18:2:2"
OO_WM,18,36,"18:0:1 18:2:2",18,0,1,11,11,0,2,5,4,"5:0:2 5:1:2 6:1:1 18:2:2"
OO_WM,18,36,"18:0:1 18:2:2",18,0,1,11,11,0,2,8,4,"2:1:2 6:1:1 8:0:2 18:2:2"
OO_WM,18,36,"18:0:1 18:2:2",18,0,1,11,18,1,1,2,4,"2:2:2 6:1:1 11:0:1 15:2:2"
OO_WM,18,36,"18:0:1 18:2:2",18,0,1,11,18,1,1,5,4,"5:2:2 6:1:1 11:0:1 12:2:2"
OO_WM,18,36,"18:0:1 18:2:2",18,0,1,11,18,1,1,6,4,"6:1:1 6:2:2 11:0:1 11:2:2"
OO_WM,18,36,"18:0:1 18:2:2",18,0,1,11,18,1,1,8,4,"6:1:1 8:2:2 9:2:2 11:0:1"
OO_WM,18,36,"18:0:1 18:2:2",18,0,1,12,12,0,2,2,4,"2:0:2 5:1:1 9:1:2 18:2:2"
OO_WM,18,36,"18:0:1 18:2:2",18,0,1,12,18,1,1,2,4,"2:2:2 5:1:1 12:0:1 15:2:2"
OO_WM,18,36,"18:0:1 18:2:2",18,0,1,12,18,1,1,5,4,"5:1:1 5:2:2 12:0:1 12:2:2"
OO_WM,18,36,"18:0:1 18:2:2",18,0,1,13,13,0,2,2,4,"2:0:2 4:1:1 10:1:2 18:2:2"
OO_WM,18,36,"18:0:1 18:2:2",18,0,1,13,13,0,2,5,4,"4:1:1 5:0:2 7:1:2 18:2:2"
OO_WM,18,36,"18:0:1 18:2:2",18,0,1,13,13,0,2,10,4,"2:1:2 4:1:1 10:0:2 18:2:2"
OO_WM,18,36,"18:0:1 18:2:2",18,0,1,13,13,0,2,11,4,"1:1:2 4:1:1 11:0:2 18:2:2"
OO_WM,18,36,"18:0:1 18:2:2",18,0,1,13,18,1,1,2,4,"2:2:2 4:1:1 13:0:1 15:2:2"
OO_WM,18,36,"18:0:1 18:2:2",18,0,1,13,18,1,1,4,4,"4:1:1 4:2:2 13:0:1 13:2:2"
OO_WM,18,36,"18:0:1 18:2:2",18,0,1,13,18,1,1,5,4,"4:1:1 5:2:2 12:2:2 13:0:1"
OO_WM,18,36,"18:0:1 18:2:2",18,0,1,13,18,1,1,7,4,"4:1:1 7:2:2 10:2:2 13:0:1"
OO_WM,18,36,"18:0:1 18:2:2",18,0,1,13,18,1,1,8,4,"4:1:1 8:2:2 9:2:2 13:0:1"
OO_WM,18,36,"18:0:1 18:2:2",18,0,1,14,14,0,2,2,4,"2:0:2 3:1:1 11:1:2 18:2:2"
OO_WM,18,36,"18:0:1 18:2:2",18,0,1,14,14,0,2,5,4,"3:1:1 5:0:2 8:1:2 18:2:2"
OO_WM,18,36,"18:0:1 18:2:2",18,0,1,14,14,0,2,8,4,"3:1:1 5:1:2 8:0:2 18:2:2"
OO_WM,18,36,"18:0:1 18:2:2",18,0,1,14,14,0,2,11,4,"2:1:2 3:1:1 11:0:2 18:2:2"
OO_WM,18,36,"18:0:1 18:2:2",18,0,1,14,18,1,1,2,4,"2:2:2 3:1:1 14:0:1 15:2:2"
OO_WM,18,36,"18:0:1 18:2:2",18,0,1,14,18,1,1,3,4,"3:1:1 3:2:2 14:0:1 14:2:2"
OO_WM,18,36,"18:0:1 18:2:2",18,0,1,14,18,1,1,5,4,"3:1:1 5:2:2 12:2:2 14:0:1"
OO_WM,18,36,"18:0:1 18:2:2",18,0,1,14,18,1,1,6,4,"3:1:1 6:2:2 11:2:2 14:0:1"
OO_WM,18,36,"18:0:1 18:2:2",18,0,1,14,18,1,1,7,4,"3:1:1 7:2:2 10:2:2 14:0:1"
OO_WM,18,36,"18:0:1 18:2:2",18,0,1,14,18,1,1,8,4,"3:1:1 8:2:2 9:2:2 14:0:1"
OO_WM,18,36,"18:0:1 18:2:2",18,0,1,15,15,0,2,2,4,"2:0:2 2:1:1 12:1:2 18:2:2"
OO_WM,18,36,"18:0:1 18:2:2",18,0,1,15,18,1,1,2,4,"2:1:1 2:2:2 15:0:1 15:2:2"
OO_WM,18,36,"18:0:1 18:2:2",18,0,1,16,16,0,2,1,4,"1:0:2 1:1:1 14:1:2 18:2:2"
OO_WM,18,36,"18:0:1 18:2:2",18,0,1,16,16,0,2,2,4,"1:1:1 2:0:2 13:1:2 18:2:2"
OO_WM,18,36,"18:0:1 18:2:2",18,0,1,16,16,0,2,4,4,"1:1:1 4:0:2 11:1:2 18:2:2"
OO_WM,18,36,"18:0:1 18:2:2",18,0,1,16,16,0,2,5,4,"1:1:1 5:0:2 10:1:2 18:2:2"
OO_WM,18,36,"18:0:1 18:2:2",18,0,1,16,16,0,2,7,4,"1:1:1 7:0:2 8:1:2 18:2:2"
OO_WM,18,36,"18:0:1 18:2:2",18,0,1,16,16,0,2,8,4,"1:1:1 7:1:2 8:0:2 18:2:2"
OO_WM,18,36,"18:0:1 18:2:2",18,0,1,16,16,0,2,10,4,"1:1:1 5:1:2 10:0:2 18:2:2"
OO_WM,18,36,"18:0:1 18:2:2",18,0,1,16,16,0,2,11,4,"1:1:1 4:1:2 11:0:2 18:2:2"
OO_WM,18,36,"18:0:1 18:2:2",18,0,1,16,16,0,2,13,4,"1:1:1 2:1:2 13:0:2 18:2:2"
OO_WM,18,36,"18:0:1 18:2:2",18,0,1,16,16,0,2,14,4,"1:1:1 1:1:2 14:0:2 18:2:2"
OO_WM,18,36,"18:0:1 18:2:2",18,0,1,16,18,1,1,1,4,"1:1:1 1:2:2 16:0:1 16:2:2"
OO_WM,18,36,"18:0:1 18:2:2",18,0,1,16,18,1,1,2,4,"1:1:1 2:2:2 15:2:2 16:0:1"
OO_WM,18,36,"18:0:1 18:2:2",18,0,1,16,18,1,1,4,4,"1:1:1 4:2:2 13:2:2 16:0:1"
OO_WM,18,36,"18:0:1 18:2:2",18,0,1,16,18,1,1,5,4,"1:1:1 5:2:2 12:2:2 16:0:1"
OO_WM,18,36,"18:0:1 18:2:2",18,0,1,16,18,1,1,6,4,"1:1:1 6:2:2 11:2:2 16:0:1"
OO_WM,18,36,"18:0:1 18:2:2",18,0,1,16,18,1,1,7,4,"1:1:1 7:2:2 10:2:2 16:0:1"
OO_WM,18,36,"18:0:1 18:2:2",18,0,1,16,18,1,1,8,4,"1:1:1 8:2:2 9:2:2 16:0:1"
OO_WM,18,36,"18:0:1 18:2:2",18,0,1,17,17,0,2,1,3,"1:0:2 15:1:2 18:2:2"
OO_WM,18,36,"18:0:1 18:2:2",18,0,1,17,17,0,2,2,3,"2:0:2 14:1:2 18:2:2"
OO_WM,18,36,"18:0:1 18:2:2",18,0,1,17,17,0,2,3,3,"3:0:2 13:1:2 18:2:2"
OO_WM,18,36,"18:0:1 18:2:2",18,0,1,17,17,0,2,4,3,"4:0:2 12:1:2 18:2:2"
OO_WM,18,36,"18:0:1 18:2:2",18,0,1,17,17,0,2,5,3,"5:0:2 11:1:2 18:2:2"
OO_WM,18,36,"18:0:1 18:2:2",18,0,1,17,17,0,2,6,3,"6:0:2 10:1:2 18:2:2"
OO_WM,18,36,"18:0:1 18:2:2",18,0,1,17,17,0,2,7,3,"7:0:2 9:1:2 18:2:2"
OO_WM,18,36,"18:0:1 18:2:2",18,0,1,17,17,0,2,8,3,"8:0:2 8:1:2 18:2:2"
OO_WM,18,36,"18:0:1 18:2:2",18,0,1,17,17,0,2,9,3,"7:1:2 9:0:2 18:2:2"
OO_WM,18,36,"18:0:1 18:2:2",18,0,1,17,17,0,2,10,3,"6:1:2 10:0:2 18:2:2"
OO_WM,18,36,"18:0:1 18:2:2",18,0,1,17,17,0,2,11,3,"5:1:2 11:0:2 18:2:2"
OO_WM,18,36,"18:0:1 18:2:2",18,0,1,17,17,0,2,12,3,"4:1:2 12:0:2 18:2:2"
OO_WM,18,36,"18:0:1 18:2:2",18,0,1,17,17,0,2,13,3,"3:1:2 13:0:2 18:2:2"
OO_WM,18,36,"18:0:1 18:2:2",18,0,1,17,17,0,2,14,3,"2:1:2 14:0:2 18:2:2"
OO_WM,18,36,"18:0:1 18:2:2",18,0,1,17,17,0,2,15,3,"1:1:2 15:0:2 18:2:2"
OO_WM,18,36,"18:0:1 18:2:2",18,0,1,17,18,1,1,0,2,"17:0:1 17:2:2"
OO_WM,18,36,"18:0:1 18:2:2",18,0,1,17,18,1,1,1,3,"1:2:2 16:2:2 17:0:1"
OO_WM,18,36,"18:0:1 18:2:2",18,0,1,17,18,1,1,2,3,"2:2:2 15:2:2 17:0:1"
OO_WM,18,36,"18:0:1 18:2:2",18,0,1,17,18,1,1,3,3,"3:2:2 14:2:2 17:0:1"
OO_WM,18,36,"18:0:1 18:2:2",18,0,1,17,18,1,1,4,3,"4:2:2 13:2:2 17:0:1"
OO_WM,18,36,"18:0:1 18:2:2",18,0,1,17,18,1,1,5,3,"5:2:2 12:2:2 17:0:1"
OO_WM,18,36,"18:0:1 18:2:2",18,0,1,17,18,1,1,6,3,"6:2:2 11:2:2 17:0:1"
OO_WM,18,36,"18:0:1 18:2:2",18,0,1,17,18,1,1,7,3,"7:2:2 10:2:2 17:0:1"
OO_WM,18,36,"18:0:1 18:2:2",18,0,1,17,18,1,1,8,3,"8:2:2 9:2:2 17:0:1"
OO_WM,18,36,"18:0:1 18:2:2",18,2,2,1,16,1,2,2,4,"1:1:2 2:2:2 13:1:2 18:0:1"
OO_WM,18,36,"18:0:1 18:2:2",18,2,2,1,16,1,2,5,4,"1:1:2 5:2:2 10:1:2 18:0:1"
OO_WM,18,36,"18:0:1 18:2:2",18,2,2,1,18,0,2,1,4,"1:0:2 1:1:2 16:1:2 16:1:2"
OO_WM,18,36,"18:0:1 18:2:2",18,2,2,1,18,0,2,2,4,"1:1:2 2:0:2 15:1:2 16:1:2"
OO_WM,18,36,"18:0:1 18:2:2",18,2,2,1,18,0,2,16,4,"1:1:2 1:1:2 16:0:2 16:1:2"
OO_WM,18,36,"18:0:1 18:2:2",18,2,2,2,15,1,2,2,4,"2:1:2 2:2:2 12:1:2 18:0:1"
OO_WM,18,36,"18:0:1 18:2:2",18,2,2,2,18,0,2,2,4,"2:0:2 2:1:2 15:1:2 15:1:2"
OO_WM,18,36,"18:0:1 18:2:2",18,2,2,2,18,0,2,5,4,"2:1:2 5:0:2 12:1:2 15:1:2"
OO_WM,18,36,"18:0:1 18:2:2",18,2,2,2,18,0,2,15,4,"2:1:2 2:1:2 15:0:2 15:1:2"
OO_WM,18,36,"18:0:1 18:2:2",18,2,2,3,14,1,2,2,4,"2:2:2 3:1:2 11:1:2 18:0:1"
OO_WM,18,36,"18:0:1 18:2:2",18,2,2,3,18,0,2,2,4,"2:0:2 3:1:2 14:1:2 15:1:2"
OO_WM,18,36,"18:0:1 18:2:2",18,2,2,3,18,0,2,3,4,"3:0:2 3:1:2 14:1:2 14:1:2"
OO_WM,18,36,"18:0:1 18:2:2",18,2,2,3,18,0,2,14,4,"3:1:2 3:1:2 14:0:2 14:1:2"
OO_WM,18,36,"18:0:1 18:2:2",18,2,2,4,4,1,2,2,4,"1:1:2 2:2:2 13:1:2 18:0:1"
OO_WM,18,36,"18:0:1 18:2:2",18,2,2,4,13,1,2,2,4,"2:2:2 4:1:2 10:1:2 18:0:1"
OO_WM,18,36,"18:0:1 18:2:2",18,2,2,4,13,1,2,5,4,"4:1:2 5:2:2 7:1:2 18:0:1"
OO_WM,18,36,"18:0:1 18:2:2",18,2,2,4,18,0,2,2,4,"2:0:2 4:1:2 13:1:2 15:1:2"
OO_WM,18,36,"18:0:1 18:2:2",18,2,2,4,18,0,2,4,4,"4:0:2 4:1:2 13:1:2 13:1:2"
OO_WM,18,36,"18:0:1 18:2:2",18,2,2,4,18,0,2,13,4,"4:1:2 4:1:2 13:0:2 13:1:2"
OO_WM,18,36,"18:0:1 18:2:2",18,2,2,5,5,1,2,2,4,"2:1:2 2:2:2 12:1:2 18:0:1"
OO_WM,18,36,"18:0:1 18:2:2",18,2,2,5,12,1,2,2,4,"2:2:2 5:1:2 9:1:2 18:0:1"
OO_WM,18,36,"18:0:1 18:2:2",18,2,2,5,18,0,2,2,4,"2:0:2 5:1:2 12:1:2 15:1:2"
OO_WM,18,36,"18:0:1 18:2:2",18,2,2,5,18,0,2,5,4,"5:0:2 5:1:2 12:1:2 12:1:2"
OO_WM,18,36,"18:0:1 18:2:2",18,2,2,5,18,0,2,8,4,"5:1:2 8:0:2 9:1:2 12:1:2"
OO_WM,18,36,"18:0:1 18:2:2",18,2,2,5,18,0,2,12,4,"5:1:2 5:1:2 12:0:2 12:1:2"
OO_WM,18,36,"18:0:1 18:2:2",18,2,2,5,18,0,2,15,4,"2:1:2 5:1:2 12:1:2 15:0:2"
OO_WM,18,36,"18:0:1 18:2:2",18,2,2,6,6,1,2,2,4,"2:2:2 3:1:2 11:1:2 18:0:1"
OO_WM,18,36,"18:0:1 18:2:2",18,2,2,6,11,1,2,2,4,"2:2:2 6:1:2 8:1:2 18:0:1"
OO_WM,18,36,"18:0:1 18:2:2",18,2,2,6,18,0,2,2,4,"2:0:2 6:1:2 11:1:2 15:1:2"
OO_WM,18,36,"18:0:1 18:2:2",18,2,2,6,18,0,2,6,4,"6:0:2 6:1:2 11:1:2 11:1:2"
OO_WM,18,36,"18:0:1 18:2:2",18,2,2,6,18,0,2,11,4,"6:1:2 6:1:2 11:0:2 11:1:2"
OO_WM,18,36,"18:0:1 18:2:2",18,2,2,6,18,0,2,14,4,"3:1:2 6:1:2 11:1:2 14:0:2"
OO_WM,18,36,"18:0:1 18:2:2",18,2,2,7,7,1,2,2,4,"2:2:2 4:1:2 10:1:2 18:0:1"
OO_WM,18,36,"18:0:1 18:2:2",18,2,2,7,7,1,2,5,4,"1:1:2 5:2:2 10:1:2 18:0:1"
OO_WM,18,36,"18:0:1 18:2:2",18,2,2,7,10,1,2,2,4,"2:2:2 7:1:2 7:1:2 18:0:1"
OO_WM,18,36,"18:0:1 18:2:2",18,2,2,7,10,1,2,5,4,"4:1:2 5:2:2 7:1:2 18:0:1"
OO_WM,18,36,"18:0:1 18:2:2",18,2,2,7,18,0,2,2,4,"2:0:2 7:1:2 10:1:2 15:1:2"
OO_WM,18,36,"18:0:1 18:2:2",18,2,2,7,18,0,2,7,4,"7:0:2 7:1:2 10:1:2 10:1:2"
OO_WM,18,36,"18:0:1 18:2:2",18,2,2,7,18,0,2,10,4,"7:1:2 7:1:2 10:0:2 10:1:2"
OO_WM,18,36,"18:0:1 18:2:2",18,2,2,8,8,1,2,2,4,"2:2:2 5:1:2 9:1:2 18:0:1"
OO_WM,18,36,"18:0:1 18:2:2",18,2,2,8,9,1,2,2,4,"2:2:2 6:1:2 8:1:2 18:0:1"
OO_WM,18,36,"18:0:1 18:2:2",18,2,2,8,18,0,2,2,4,"2:0:2 8:1:2 9:1:2 15:1:2"
OO_WM,18,36,"18:0:1 18:2:2",18,2,2,8,18,0,2,8,4,"8:0:2 8:1:2 9:1:2 9:1:2"
OO_WM,18,36,"18:0:1 18:2:2",18,2,2,8,18,0,2,9,4,"8:1:2 8:1:2 9:0:2 9:1:2"
OO_WM,18,36,"18:0:1 18:2:2",18,2,2,8,18,0,2,11,4,"6:1:2 8:1:2 9:1:2 11:0:2"
OO_WM,18,36,"18:0:1 18:2:2",18,2,2,8,18,0,2,12,4,"5:1:2 8:1:2 9:1:2 12:0:2"
OO_WM_PLUS,18,37,"18:2:2 19:0:1",18,2,2,1,16,1,2,2,4,"1:1:2 2:2:2 13:1:2 19:0:1"
OO_WM_PLUS,18,37,"18:2:2 19:0:1",18,2,2,1,16,1,2,5,4,"1:1:2 5:2:2 10:1:2 19:0:1"
OO_WM_PLUS,18,37,"18:2:2 19:0:1",18,2,2,1,16,1,2,13,4,"1:1:2 2:1:2 13:2:2 19:0:1"
OO_WM_PLUS,18,37,"18:2:2 19:0:1",18,2,2,1,19,0,2,2,4,"1:1:2 2:0:2 16:1:2 16:1:2"
OO_WM_PLUS,18,37,"18:2:2 19:0:1",18,2,2,1,19,0,2,5,4,"1:1:2 5:0:2 13:1:2 16:1:2"
OO_WM_PLUS,18,37,"18:2:2 19:0:1",18,2,2,1,19,0,2,17,4,"1:1:2 1:1:2 16:1:2 17:0:2"
OO_WM_PLUS,18,37,"18:2:2 19:0:1",18,2,2,2,15,1,2,2,4,"2:1:2 2:2:2 12:1:2 19:0:1"
OO_WM_PLUS,18,37,"18:2:2 19:0:1",18,2,2,2,15,1,2,5,4,"2:1:2 5:2:2 9:1:2 19:0:1"
OO_WM_PLUS,18,37,"18:2:2 19:0:1",18,2,2,2,15,1,2,8,4,"2:1:2 6:1:2 8:2:2 19:0:1"
OO_WM_PLUS,18,37,"18:2:2 19:0:1",18,2,2,2,15,1,2,11,4,"2:1:2 3:1:2 11:2:2 19:0:1"
OO_WM_PLUS,18,37,"18:2:2 19:0:1",18,2,2,2,15,1,2,12,4,"2:1:2 2:1:2 12:2:2 19:0:1"
OO_WM_PLUS,18,37,"18:2:2 19:0:1",18,2,2,2,15,1,2,13,4,"1:1:2 2:1:2 13:2:2 19:0:1"
OO_WM_PLUS,18,37,"18:2:2 19:0:1",18,2,2,2,19,0,2,3,4,"2:1:2 3:0:2 15:1:2 15:1:2"
OO_WM_PLUS,18,37,"18:2:2 19:0:1",18,2,2,2,19,0,2,6,4,"2:1:2 6:0:2 12:1:2 15:1:2"
OO_WM_PLUS,18,37,"18:2:2 19:0:1",18,2,2,2,19,0,2,8,4,"2:1:2 8:0:2 10:1:2 15:1:2"
OO_WM_PLUS,18,37,"18:2:2 19:0:1",18,2,2,2,19,0,2,10,4,"2:1:2 8:1:2 10:0:2 15:1:2"
OO_WM_PLUS,18,37,"18:2:2 19:0:1",18,2,2,2,19,0,2,13,4,"2:1:2 5:1:2 13:0:2 15:1:2"
OO_WM_PLUS,18,37,"18:2:2 19:0:1",18,2,2,2,19,0,2,16,4,"2:1:2 2:1:2 15:1:2 16:0:2"
OO_WM_PLUS,18,37,"18:2:2 19:0:1",18,2,2,3,14,1,2,2,4,"2:2:2 3:1:2 11:1:2 19:0:1"
OO_WM_PLUS,18,37,"18:2:2 19:0:1",18,2,2,3,14,1,2,5,4,"3:1:2 5:2:2 8:1:2 19:0:1"
OO_WM_PLUS,18,37,"18:2:2 19:0:1",18,2,2,3,14,1,2,8,4,"3:1:2 5:1:2 8:2:2 19:0:1"
OO_WM_PLUS,18,37,"18:2:2 19:0:1",18,2,2,3,14,1,2,11,4,"2:1:2 3:1:2 11:2:2 19:0:1"
OO_WM_PLUS,18,37,"18:2:2 19:0:1",18,2,2,3,19,0,2,4,4,"3:1:2 4:0:2 14:1:2 14:1:2"
OO_WM_PLUS,18,37,"18:2:2 19:0:1",18,2,2,3,19,0,2,5,4,"3:1:2 5:0:2 13:1:2 14:1:2"
OO_WM_PLUS,18,37,"18:2:2 19:0:1",18,2,2,3,19,0,2,9,4,"3:1:2 9:0:2 9:1:2 14:1:2"
OO_WM_PLUS,18,37,"18:2:2 19:0:1",18,2,2,3,19,0,2,12,4,"3:1:2 6:1:2 12:0:2 14:1:2"
OO_WM_PLUS,18,37,"18:2:2 19:0:1",18,2,2,3,19,0,2,15,4,"3:1:2 3:1:2 14:1:2 15:0:2"
OO_WM_PLUS,18,37,"18:2:2 19:0:1",18,2,2,4,4,1,2,2,4,"1:1:2 2:2:2 13:1:2 19:0:1"
OO_WM_PLUS,18,37,"18:2:2 19:0:1",18,2,2,4,13,1,2,2,4,"2:2:2 4:1:2 10:1:2 19:0:1"
OO_WM_PLUS,18,37,"18:2:2 19:0:1",18,2,2,4,13,1,2,5,4,"4:1:2 5:2:2 7:1:2 19:0:1"
OO_WM_PLUS,18,37,"18:2:2 19:0:1",18,2,2,4,19,0,2,5,4,"4:1:2 5:0:2 13:1:2 13:1:2"
OO_WM_PLUS,18,37,"18:2:2 19:0:1",18,2,2,4,19,0,2,14,4,"4:1:2 4:1:2 13:1:2 14:0:2"
OO_WM_PLUS,18,37,"18:2:2 19:0:1",18,2,2,5,5,1,2,2,4,"2:1:2 2:2:2 12:1:2 19:0:1"
OO_WM_PLUS,18,37,"18:2:2 19:0:1",18,2,2,5,12,1,2,2,4,"2:2:2 5:1:2 9:1:2 19:0:1"
OO_WM_PLUS,18,37,"18:2:2 19:0:1",18,2,2,5,12,1,2,5,4,"5:1:2 5:2:2 6:1:2 19:0:1"
OO_WM_PLUS,18,37,"18:2:2 19:0:1",18,2,2,5,12,1,2,8,4,"3:1:2 5:1:2 8:2:2 19:0:1"
OO_WM_PLUS,18,37,"18:2:2 19:0:1",18,2,2,5,19,0,2,6,4,"5:1:2 6:0:2 12:1:2 12:1:2"
OO_WM_PLUS,18,37,"18:2:2 19:0:1",18,2,2,5,19,0,2,8,4,"5:1:2 8:0:2 10:1:2 12:1:2"
OO_WM_PLUS,18,37,"18:2:2 19:0:1",18,2,2,5,19,0,2,13,4,"5:1:2 5:1:2 12:1:2 13:0:2"
OO_WM_PLUS,18,37,"18:2:2 19:0:1",18,2,2,5,19,0,2,16,4,"2:1:2 5:1:2 12:1:2 16:0:2"
OO_WM_PLUS,18,37,"18:2:2 19:0:1",18,2,2,6,6,1,2,2,4,"2:2:2 3:1:2 11:1:2 19:0:1"
OO_WM_PLUS,18,37,"18:2:2 19:0:1",18,2,2,6,11,1,2,2,4,"2:2:2 6:1:2 8:1:2 19:0:1"
OO_WM_PLUS,18,37,"18:2:2 19:0:1",18,2,2,6,11,1,2,5,4,"5:1:2 5:2:2 6:1:2 19:0:1"
OO_WM_PLUS,18,37,"18:2:2 19:0:1",18,2,2,6,11,1,2,8,4,"2:1:2 6:1:2 8:2:2 19:0:1"
OO_WM_PLUS,18,37,"18:2:2 19:0:1",18,2,2,6,19,0,2,5,4,"5:0:2 6:1:2 11:1:2 13:1:2"
OO_WM_PLUS,18,37,"18:2:2 19:0:1",18,2,2,6,19,0,2,7,4,"6:1:2 7:0:2 11:1:2 11:1:2"
OO_WM_PLUS,18,37,"18:2:2 19:0:1",18,2,2,6,19,0,2,9,4,"6:1:2 9:0:2 9:1:2 11:1:2"
OO_WM_PLUS,18,37,"18:2:2 19:0:1",18,2,2,6,19,0,2,12,4,"6:1:2 6:1:2 11:1:2 12:0:2"
OO_WM_PLUS,18,37,"18:2:2 19:0:1",18,2,2,7,7,1,2,2,4,"2:2:2 4:1:2 10:1:2 19:0:1"
OO_WM_PLUS,18,37,"18:2:2 19:0:1",18,2,2,7,7,1,2,5,4,"1:1:2 5:2:2 10:1:2 19:0:1"
OO_WM_PLUS,18,37,"18:2:2 19:0:1",18,2,2,7,10,1,2,2,4,"2:2:2 7:1:2 7:1:2 19:0:1"
OO_WM_PLUS,18,37,"18:2:2 19:0:1",18,2,2,7,10,1,2,5,4,"4:1:2 5:2:2 7:1:2 19:0:1"
OO_WM_PLUS,18,37,"18:2:2 19:0:1",18,2,2,7,19,0,2,8,4,"7:1:2 8:0:2 10:1:2 10:1:2"
OO_WM_PLUS,18,37,"18:2:2 19:0:1",18,2,2,7,19,0,2,10,4,"7:1:2 8:1:2 10:0:2 10:1:2"
OO_WM_PLUS,18,37,"18:2:2 19:0:1",18,2,2,7,19,0,2,11,4,"7:1:2 7:1:2 10:1:2 11:0:2"
OO_WM_PLUS,18,37,"18:2:2 19:0:1",18,2,2,8,8,1,2,2,4,"2:2:2 5:1:2 9:1:2 19:0:1"
OO_WM_PLUS,18,37,"18:2:2 19:0:1",18,2,2,8,8,1,2,5,4,"2:1:2 5:2:2 9:1:2 19:0:1"
OO_WM_PLUS,18,37,"18:2:2 19:0:1",18,2,2,8,9,1,2,2,4,"2:2:2 6:1:2 8:1:2 19:0:1"
OO_WM_PLUS,18,37,"18:2:2 19:0:1",18,2,2,8,9,1,2,5,4,"3:1:2 5:2:2 8:1:2 19:0:1"
OO_WM_PLUS,18,37,"18:2:2 19:0:1",18,2,2,8,19,0,2,5,4,"5:0:2 8:1:2 9:1:2 13:1:2"
OO_WM_PLUS,18,37,"18:2:2 19:0:1",18,2,2,8,19,0,2,6,4,"6:0:2 8:1:2 9:1:2 12:1:2"
OO_WM_PLUS,18,37,"18:2:2 19:0:1",18,2,2,8,19,0,2,8,4,"8:0:2 8:1:2 9:1:2 10:1:2"
OO_WM_PLUS,18,37,"18:2:2 19:0:1",18,2,2,8,19,0,2,9,4,"8:1:2 9:0:2 9:1:2 9:1:2"
OO_WM_PLUS,18,37,"18:2:2 19:0:1",18,2,2,8,19,0,2,10,4,"8:1:2 8:1:2 9:1:2 10:0:2"
OO_WM_PLUS,18,37,"18:2:2 19:0:1",18,2,2,8,19,0,2,13,4,"5:1:2 8:1:2 9:1:2 13:0:2"
OO_WM_PLUS,18,37,"18:2:2 19:0:1",18,2,2,8,19,0,2,16,4,"2:1:2 8:1:2 9:1:2 16:0:2"
OO_WM_PLUS,18,37,"18:2:2 19:0:1",19,0,1,1,17,2,2,1,4,"1:0:1 1:1:2 15:1:2 18:2:2"
OO_WM_PLUS,18,37,"18:2:2 19:0:1",19,0,1,1,17,2,2,2,4,"1:0:1 2:1:2 14:1:2 18:2:2"
OO_WM_PLUS,18,37,"18:2:2 19:0:1",19,0,1,1,17,2,2,3,4,"1:0:1 3:1:2 13:1:2 18:2:2"
OO_WM_PLUS,18,37,"18:2:2 19:0:1",19,0,1,1,17,2,2,4,4,"1:0:1 4:1:2 12:1:2 18:2:2"
OO_WM_PLUS,18,37,"18:2:2 19:0:1",19,0,1,1,17,2,2,5,4,"1:0:1 5:1:2 11:1:2 18:2:2"
OO_WM_PLUS,18,37,"18:2:2 19:0:1",19,0,1,1,17,2,2,6,4,"1:0:1 6:1:2 10:1:2 18:2:2"
OO_WM_PLUS,18,37,"18:2:2 19:0:1",19,0,1,1,17,2,2,7,4,"1:0:1 7:1:2 9:1:2 18:2:2"
OO_WM_PLUS,18,37,"18:2:2 19:0:1",19,0,1,1,17,2,2,8,4,"1:0:1 8:1:2 8:1:2 18:2:2"
OO_WM_PLUS,18,37,"18:2:2 19:0:1",19,0,1,1,18,1,1,0,3,"1:0:1 17:1:1 17:2:2"
OO_WM_PLUS,18,37,"18:2:2 19:0:1",19,0,1,1,18,1,1,1,4,"1:0:1 1:2:2 16:2:2 17:1:1"
OO_WM_PLUS,18,37,"18:2:2 19:0:1",19,0,1,1,18,1,1,2,4,"1:0:1 2:2:2 15:2:2 17:1:1"
OO_WM_PLUS,18,37,"18:2:2 19:0:1",19,0,1,1,18,1,1,3,4,"1:0:1 3:2:2 14:2:2 17:1:1"
OO_WM_PLUS,18,37,"18:2:2 19:0:1",19,0,1,1,18,1,1,4,4,"1:0:1 4:2:2 13:2:2 17:1:1"
OO_WM_PLUS,18,37,"18:2:2 19:0:1",19,0,1,1,18,1,1,5,4,"1:0:1 5:2:2 12:2:2 17:1:1"
OO_WM_PLUS,18,37,"18:2:2 19:0:1",19,0,1,1,18,1,1,6,4,"1:0:1 6:2:2 11:2:2 17:1:1"
OO_WM_PLUS,18,37,"18:2:2 19:0:1",19,0,1,1,18,1,1,7,4,"1:0:1 7:2:2 10:2:2 17:1:1"
OO_WM_PLUS,18,37,"18:2:2 19:0:1",19,0,1,1,18,1,1,8,4,"1:0:1 8:2:2 9:2:2 17:1:1"
OO_WM_PLUS,18,37,"18:2:2 19:0:1",19,0,1,2,16,2,2,1,4,"1:1:2 2:0:1 14:1:2 18:2:2"
OO_WM_PLUS,18,37,"18:2:2 19:0:1",19,0,1,2,16,2,2,2,4,"2:0:1 2:1:2 13:1:2 18:2:2"
OO_WM_PLUS,18,37,"18:2:2 19:0:1",19,0,1,2,16,2,2,4,4,"2:0:1 4:1:2 11:1:2 18:2:2"
OO_WM_PLUS,18,37,"18:2:2 19:0:1",19,0,1,2,16,2,2,5,4,"2:0:1 5:1:2 10:1:2 18:2:2"
OO_WM_PLUS,18,37,"18:2:2 19:0:1",19,0,1,2,16,2,2,7,4,"2:0:1 7:1:2 8:1:2 18:2:2"
OO_WM_PLUS,18,37,"18:2:2 19:0:1",19,0,1,2,18,1,1,1,4,"1:2:2 2:0:1 16:1:1 16:2:2"
OO_WM_PLUS,18,37,"18:2:2 19:0:1",19,0,1,2,18,1,1,2,4,"2:0:1 2:2:2 15:2:2 16:1:1"
OO_WM_PLUS,18,37,"18:2:2 19:0:1",19,0,1,2,18,1,1,4,4,"2:0:1 4:2:2 13:2:2 16:1:1"
OO_WM_PLUS,18,37,"18:2:2 19:0:1",19,0,1,2,18,1,1,5,4,"2:0:1 5:2:2 12:2:2 16:1:1"
OO_WM_PLUS,18,37,"18:2:2 19:0:1",19,0,1,2,18,1,1,6,4,"2:0:1 6:2:2 11:2:2 16:1:1"
OO_WM_PLUS,18,37,"18:2:2 19:0:1",19,0,1,2,18,1,1,7,4,"2:0:1 7:2:2 10:2:2 16:1:1"
OO_WM_PLUS,18,37,"18:2:2 19:0:1",19,0,1,2,18,1,1,8,4,"2:0:1 8:2:2 9:2:2 16:1:1"
OO_WM_PLUS,18,37,"18:2:2 19:0:1",19,0,1,3,15,2,2,1,4,"1:1:2 3:0:1 13:1:2 18:2:2"
OO_WM_PLUS,18,37,"18:2:2 19:0:1",19,0,1,3,15,2,2,2,4,"2:1:2 3:0:1 12:1:2 18:2:2"
OO_WM_PLUS,18,37,"18:2:2 19:0:1",19,0,1,3,15,2,2,3,4,"3:0:1 3:1:2 11:1:2 18:2:2"
OO_WM_PLUS,18,37,"18:2:2 19:0:1",19,0,1,3,15,2,2,4,4,"3:0:1 4:1:2 10:1:2 18:2:2"
OO_WM_PLUS,18,37,"18:2:2 19:0:1",19,0,1,3,15,2,2,5,4,"3:0:1 5:1:2 9:1:2 18:2:2"
OO_WM_PLUS,18,37,"18:2:2 19:0:1",19,0,1,3,15,2,2,6,4,"3:0:1 6:1:2 8:1:2 18:2:2"
OO_WM_PLUS,18,37,"18:2:2 19:0:1",19,0,1,3,15,2,2,7,4,"3:0:1 7:1:2 7:1:2 18:2:2"
OO_WM_PLUS,18,37,"18:2:2 19:0:1",19,0,1,3,18,1,1,2,4,"2:2:2 3:0:1 15:1:1 15:2:2"
OO_WM_PLUS,18,37,"18:2:2 19:0:1",19,0,1,3,18,1,1,5,4,"3:0:1 5:2:2 12:2:2 15:1:1"
OO_WM_PLUS,18,37,"18:2:2 19:0:1",19,0,1,3,18,1,1,7,4,"3:0:1 7:2:2 10:2:2 15:1:1"
OO_WM_PLUS,18,37,"18:2:2 19:0:1",19,0,1,4,14,2,2,2,4,"2:1:2 4:0:1 11:1:2 18:2:2"
OO_WM_PLUS,18,37,"18:2:2 19:0:1",19,0,1,4,14,2,2,5,4,"4:0:1 5:1:2 8:1:2 18:2:2"
OO_WM_PLUS,18,37,"18:2:2 19:0:1",19,0,1,4,18,1,1,2,4,"2:2:2 4:0:1 14:1:1 15:2:2"
OO_WM_PLUS,18,37,"18:2:2 19:0:1",19,0,1,4,18,1,1,3,4,"3:2:2 4:0:1 14:1:1 14:2:2"
OO_WM_PLUS,18,37,"18:2:2 19:0:1",19,0,1,4,18,1,1,5,4,"4:0:1 5:2:2 12:2:2 14:1:1"
OO_WM_PLUS,18,37,"18:2:2 19:0:1",19,0,1,4,18,1,1,6,4,"4:0:1 6:2:2 11:2:2 14:1:1"
OO_WM_PLUS,18,37,"18:2:2 19:0:1",19,0,1,4,18,1,1,7,4,"4:0:1 7:2:2 10:2:2 14:1:1"
OO_WM_PLUS,18,37,"18:2:2 19:0:1",19,0,1,4,18,1,1,8,4,"4:0:1 8:2:2 9:2:2 14:1:1"
OO_WM_PLUS,18,37,"18:2:2 19:0:1",19,0,1,5,18,1,1,2,4,"2:2:2 5:0:1 13:1:1 15:2:2"
OO_WM_PLUS,18,37,"18:2:2 19:0:1",19,0,1,5,18,1,1,4,4,"4:2:2 5:0:1 13:1:1 13:2:2"
OO_WM_PLUS,18,37,"18:2:2 19:0:1",19,0,1,5,18,1,1,5,4,"5:0:1 5:2:2 12:2:2 13:1:1"
OO_WM_PLUS,18,37,"18:2:2 19:0:1",19,0,1,5,18,1,1,8,4,"5:0:1 8:2:2 9:2:2 13:1:1"
OO_WM_PLUS,18,37,"18:2:2 19:0:1",19,0,1,6,12,2,2,1,4,"1:1:2 6:0:1 10:1:2 18:2:2"
OO_WM_PLUS,18,37,"18:2:2 19:0:1",19,0,1,6,12,2,2,2,4,"2:1:2 6:0:1 9:1:2 18:2:2"
OO_WM_PLUS,18,37,"18:2:2 19:0:1",19,0,1,6,12,2,2,3,4,"3:1:2 6:0:1 8:1:2 18:2:2"
OO_WM_PLUS,18,37,"18:2:2 19:0:1",19,0,1,6,12,2,2,4,4,"4:1:2 6:0:1 7:1:2 18:2:2"
OO_WM_PLUS,18,37,"18:2:2 19:0:1",19,0,1,6,12,2,2,5,4,"5:1:2 6:0:1 6:1:2 18:2:2"
OO_WM_PLUS,18,37,"18:2:2 19:0:1",19,0,1,6,18,1,1,2,4,"2:2:2 6:0:1 12:1:1 15:2:2"
OO_WM_PLUS,18,37,"18:2:2 19:0:1",19,0,1,6,18,1,1,5,4,"5:2:2 6:0:1 12:1:1 12:2:2"
OO_WM_PLUS,18,37,"18:2:2 19:0:1",19,0,1,7,7,0,2,5,4,"1:1:2 5:0:2 11:1:1 18:2:2"
OO_WM_PLUS,18,37,"18:2:2 19:0:1",19,0,1,7,11,2,2,2,4,"2:1:2 7:0:1 8:1:2 18:2:2"
OO_WM_PLUS,18,37,"18:2:2 19:0:1",19,0,1,7,11,2,2,5,4,"5:1:2 5:1:2 7:0:1 18:2:2"
OO_WM_PLUS,18,37,"18:2:2 19:0:1",19,0,1,7,18,1,1,2,4,"2:2:2 7:0:1 11:1:1 15:2:2"
OO_WM_PLUS,18,37,"18:2:2 19:0:1",19,0,1,7,18,1,1,5,4,"5:2:2 7:0:1 11:1:1 12:2:2"
OO_WM_PLUS,18,37,"18:2:2 19:0:1",19,0,1,7,18,1,1,6,4,"6:2:2 7:0:1 11:1:1 11:2:2"
OO_WM_PLUS,18,37,"18:2:2 19:0:1",19,0,1,7,18,1,1,8,4,"7:0:1 8:2:2 9:2:2 11:1:1"
OO_WM_PLUS,18,37,"18:2:2 19:0:1",19,0,1,8,8,0,2,5,4,"2:1:2 5:0:2 10:1:1 18:2:2"
OO_WM_PLUS,18,37,"18:2:2 19:0:1",19,0,1,8,10,2,2,1,4,"1:1:2 8:0:1 8:1:2 18:2:2"
OO_WM_PLUS,18,37,"18:2:2 19:0:1",19,0,1,8,10,2,2,2,4,"2:1:2 7:1:2 8:0:1 18:2:2"
OO_WM_PLUS,18,37,"18:2:2 19:0:1",19,0,1,8,18,1,1,2,4,"2:2:2 8:0:1 10:1:1 15:2:2"
OO_WM_PLUS,18,37,"18:2:2 19:0:1",19,0,1,8,18,1,1,4,4,"4:2:2 8:0:1 10:1:1 13:2:2"
OO_WM_PLUS,18,37,"18:2:2 19:0:1",19,0,1,8,18,1,1,5,4,"5:2:2 8:0:1 10:1:1 12:2:2"
OO_WM_PLUS,18,37,"18:2:2 19:0:1",19,0,1,8,18,1,1,7,4,"7:2:2 8:0:1 10:1:1 10:2:2"
OO_WM_PLUS,18,37,"18:2:2 19:0:1",19,0,1,8,18,1,1,8,4,"8:0:1 8:2:2 9:2:2 10:1:1"
OO_WM_PLUS,18,37,"18:2:2 19:0:1",19,0,1,9,18,1,1,2,4,"2:2:2 9:0:1 9:1:1 15:2:2"
OO_WM_PLUS,18,37,"18:2:2 19:0:1",19,0,1,9,18,1,1,5,4,"5:2:2 9:0:1 9:1:1 12:2:2"
OO_WM_PLUS,18,37,"18:2:2 19:0:1",19,0,1,9,18,1,1,8,4,"8:2:2 9:0:1 9:1:1 9:2:2"
OO_WM_PLUS,18,37,"18:2:2 19:0:1",19,0,1,10,10,0,2,5,4,"4:1:2 5:0:2 8:1:1 18:2:2"
OO_WM_PLUS,18,37,"18:2:2 19:0:1",19,0,1,10,10,0,2,7,4,"2:1:2 7:0:2 8:1:1 18:2:2"
OO_WM_PLUS,18,37,"18:2:2 19:0:1",19,0,1,10,18,1,1,2,4,"2:2:2 8:1:1 10:0:1 15:2:2"
OO_WM_PLUS,18,37,"18:2:2 19:0:1",19,0,1,10,18,1,1,5,4,"5:2:2 8:1:1 10:0:1 12:2:2"
OO_WM_PLUS,18,37,"18:2:2 19:0:1",19,0,1,10,18,1,1,8,4,"8:1:1 8:2:2 9:2:2 10:0:1"
OO_WM_PLUS,18,37,"18:2:2 19:0:1",19,0,1,11,7,2,2,1,4,"1:1:2 5:1:2 11:0:1 18:2:2"
OO_WM_PLUS,18,37,"18:2:2 19:0:1",19,0,1,11,7,2,2,2,4,"2:1:2 4:1:2 11:0:1 18:2:2"
OO_WM_PLUS,18,37,"18:2:2 19:0:1",19,0,1,11,11,0,2,5,4,"5:0:2 5:1:2 7:1:1 18:2:2"
OO_WM_PLUS,18,37,"18:2:2 19:0:1",19,0,1,11,11,0,2,6,4,"4:1:2 6:0:2 7:1:1 18:2:2"
OO_WM_PLUS,18,37,"18:2:2 19:0:1",19,0,1,11,11,0,2,8,4,"2:1:2 7:1:1 8:0:2 18:2:2"
OO_WM_PLUS,18,37,"18:2:2 19:0:1",19,0,1,11,11,0,2,9,4,"1:1:2 7:1:1 9:0:2 18:2:2"
OO_WM_PLUS,18,37,"18:2:2 19:0:1",19,0,1,11,18,1,1,2,4,"2:2:2 7:1:1 11:0:1 15:2:2"
OO_WM_PLUS,18,37,"18:2:2 19:0:1",19,0,1,11,18,1,1,5,4,"5:2:2 7:1:1 11:0:1 12:2:2"
OO_WM_PLUS,18,37,"18:2:2 19:0:1",19,0,1,11,18,1,1,7,4,"7:1:1 7:2:2 10:2:2 11:0:1"
OO_WM_PLUS,18,37,"18:2:2 19:0:1",19,0,1,11,18,1,1,8,4,"7:1:1 8:2:2 9:2:2 11:0:1"
OO_WM_PLUS,18,37,"18:2:2 19:0:1",19,0,1,12,12,0,2,6,4,"5:1:2 6:0:2 6:1:1 18:2:2"
OO_WM_PLUS,18,37,"18:2:2 19:0:1",19,0,1,12,18,1,1,2,4,"2:2:2 6:1:1 12:0:1 15:2:2"
OO_WM_PLUS,18,37,"18:2:2 19:0:1",19,0,1,12,18,1,1,5,4,"5:2:2 6:1:1 12:0:1 12:2:2"
OO_WM_PLUS,18,37,"18:2:2 19:0:1",19,0,1,12,18,1,1,6,4,"6:1:1 6:2:2 11:2:2 12:0:1"
OO_WM_PLUS,18,37,"18:2:2 19:0:1",19,0,1,12,18,1,1,8,4,"6:1:1 8:2:2 9:2:2 12:0:1"
OO_WM_PLUS,18,37,"18:2:2 19:0:1",19,0,1,13,5,2,2,2,4,"2:1:2 2:1:2 13:0:1 18:2:2"
OO_WM_PLUS,18,37,"18:2:2 19:0:1",19,0,1,13,13,0,2,5,4,"5:0:2 5:1:1 7:1:2 18:2:2"
OO_WM_PLUS,18,37,"18:2:2 19:0:1",19,0,1,13,18,1,1,2,4,"2:2:2 5:1:1 13:0:1 15:2:2"
OO_WM_PLUS,18,37,"18:2:2 19:0:1",19,0,1,13,18,1,1,5,4,"5:1:1 5:2:2 12:2:2 13:0:1"
OO_WM_PLUS,18,37,"18:2:2 19:0:1",19,0,1,14,4,2,2,1,4,"1:1:2 2:1:2 14:0:1 18:2:2"
OO_WM_PLUS,18,37,"18:2:2 19:0:1",19,0,1,14,14,0,2,5,4,"4:1:1 5:0:2 8:1:2 18:2:2"
OO_WM_PLUS,18,37,"18:2:2 19:0:1",19,0,1,14,14,0,2,6,4,"4:1:1 6:0:2 7:1:2 18:2:2"
OO_WM_PLUS,18,37,"18:2:2 19:0:1",19,0,1,14,14,0,2,8,4,"4:1:1 5:1:2 8:0:2 18:2:2"
OO_WM_PLUS,18,37,"18:2:2 19:0:1",19,0,1,14,14,0,2,9,4,"4:1:1 4:1:2 9:0:2 18:2:2"
OO_WM_PLUS,18,37,"18:2:2 19:0:1",19,0,1,14,14,0,2,11,4,"2:1:2 4:1:1 11:0:2 18:2:2"
OO_WM_PLUS,18,37,"18:2:2 19:0:1",19,0,1,14,14,0,2,12,4,"1:1:2 4:1:1 12:0:2 18:2:2"
OO_WM_PLUS,18,37,"18:2:2 19:0:1",19,0,1,14,18,1,1,2,4,"2:2:2 4:1:1 14:0:1 15:2:2"
OO_WM_PLUS,18,37,"18:2:2 19:0:1",19,0,1,14,18,1,1,4,4,"4:1:1 4:2:2 13:2:2 14:0:1"
OO_WM_PLUS,18,37,"18:2:2 19:0:1",19,0,1,14,18,1,1,5,4,"4:1:1 5:2:2 12:2:2 14:0:1"
OO_WM_PLUS,18,37,"18:2:2 19:0:1",19,0,1,14,18,1,1,6,4,"4:1:1 6:2:2 11:2:2 14:0:1"
OO_WM_PLUS,18,37,"18:2:2 19:0:1",19,0,1,14,18,1,1,7,4,"4:1:1 7:2:2 10:2:2 14:0:1"
OO_WM_PLUS,18,37,"18:2:2 19:0:1",19,0,1,14,18,1,1,8,4,"4:1:1 8:2:2 9:2:2 14:0:1"
OO_WM_PLUS,18,37,"18:2:2 19:0:1",19,0,1,15,15,0,2,3,4,"3:0:2 3:1:1 11:1:2 18:2:2"
OO_WM_PLUS,18,37,"18:2:2 19:0:1",19,0,1,15,15,0,2,5,4,"3:1:1 5:0:2 9:1:2 18:2:2"
OO_WM_PLUS,18,37,"18:2:2 19:0:1",19,0,1,15,15,0,2,6,4,"3:1:1 6:0:2 8:1:2 18:2:2"
OO_WM_PLUS,18,37,"18:2:2 19:0:1",19,0,1,15,15,0,2,7,4,"3:1:1 7:0:2 7:1:2 18:2:2"
OO_WM_PLUS,18,37,"18:2:2 19:0:1",19,0,1,15,15,0,2,8,4,"3:1:1 6:1:2 8:0:2 18:2:2"
OO_WM_PLUS,18,37,"18:2:2 19:0:1",19,0,1,15,15,0,2,9,4,"3:1:1 5:1:2 9:0:2 18:2:2"
OO_WM_PLUS,18,37,"18:2:2 19:0:1",19,0,1,15,15,0,2,10,4,"3:1:1 4:1:2 10:0:2 18:2:2"
OO_WM_PLUS,18,37,"18:2:2 19:0:1",19,0,1,15,15,0,2,11,4,"3:1:1 3:1:2 11:0:2 18:2:2"
OO_WM_PLUS,18,37,"18:2:2 19:0:1",19,0,1,15,15,0,2,12,4,"2:1:2 3:1:1 12:0:2 18:2:2"
OO_WM_PLUS,18,37,"18:2:2 19:0:1",19,0,1,15,15,0,2,13,4,"1:1:2 3:1:1 13:0:2 18:2:2"
OO_WM_PLUS,18,37,"18:2:2 19:0:1",19,0,1,15,18,1,1,2,4,"2:2:2 3:1:1 15:0:1 15:2:2"
OO_WM_PLUS,18,37,"18:2:2 19:0:1",19,0,1,15,18,1,1,3,4,"3:1:1 3:2:2 14:2:2 15:0:1"
OO_WM_PLUS,18,37,"18:2:2 19:0:1",19,0,1,15,18,1,1,4,4,"3:1:1 4:2:2 13:2:2 15:0:1"
OO_WM_PLUS,18,37,"18:2:2 19:0:1",19,0,1,15,18,1,1,5,4,"3:1:1 5:2:2 12:2:2 15:0:1"
OO_WM_PLUS,18,37,"18:2:2 19:0:1",19,0,1,15,18,1,1,6,4,"3:1:1 6:2:2 11:2:2 15:0:1"
OO_WM_PLUS,18,37,"18:2:2 19:0:1",19,0,1,15,18,1,1,7,4,"3:1:1 7:2:2 10:2:2 15:0:1"
OO_WM_PLUS,18,37,"18:2:2 19:0:1",19,0,1,15,18,1,1,8,4,"3:1:1 8:2:2 9:2:2 15:0:1"
OO_WM_PLUS,18,37,"18:2:2 19:0:1",19,0,1,16,18,1,1,2,4,"2:1:1 2:2:2 15:2:2 16:0:1"
OO_WM_PLUS,18,37,"18:2:2 19:0:1",19,0,1,17,17,0,2,2,4,"1:1:1 2:0:2 14:1:2 18:2:2"
OO_WM_PLUS,18,37,"18:2:2 19:0:1",19,0,1,17,17,0,2,3,4,"1:1:1 3:0:2 13:1:2 18:2:2"
OO_WM_PLUS,18,37,"18:2:2 19:0:1",19,0,1,17,17,0,2,5,4,"1:1:1 5:0:2 11:1:2 18:2:2"
OO_WM_PLUS,18,37,"18:2:2 19:0:1",19,0,1,17,17,0,2,6,4,"1:1:1 6:0:2 10:1:2 18:2:2"
OO_WM_PLUS,18,37,"18:2:2 19:0:1",19,0,1,17,17,0,2,7,4,"1:1:1 7:0:2 9:1:2 18:2:2"
OO_WM_PLUS,18,37,"18:2:2 19:0:1",19,0,1,17,17,0,2,8,4,"1:1:1 8:0:2 8:1:2 18:2:2"
OO_WM_PLUS,18,37,"18:2:2 19:0:1",19,0,1,17,17,0,2,9,4,"1:1:1 7:1:2 9:0:2 18:2:2"
OO_WM_PLUS,18,37,"18:2:2 19:0:1",19,0,1,17,17,0,2,10,4,"1:1:1 6:1:2 10:0:2 18:2:2"
OO_WM_PLUS,18,37,"18:2:2 19:0:1",19,0,1,17,17,0,2,11,4,"1:1:1 5:1:2 11:0:2 18:2:2"
OO_WM_PLUS,18,37,"18:2:2 19:0:1",19,0,1,17,17,0,2,12,4,"1:1:1 4:1:2 12:0:2 18:2:2"
OO_WM_PLUS,18,37,"18:2:2 19:0:1",19,0,1,17,17,0,2,13,4,"1:1:1 3:1:2 13:0:2 18:2:2"
OO_WM_PLUS,18,37,"18:2:2 19:0:1",19,0,1,17,17,0,2,14,4,"1:1:1 2:1:2 14:0:2 18:2:2"
OO_WM_PLUS,18,37,"18:2:2 19:0:1",19,0,1,17,17,0,2,15,4,"1:1:1 1:1:2 15:0:2 18:2:2"
OO_WM_PLUS,18,37,"18:2:2 19:0:1",19,0,1,17,18,1,1,1,4,"1:1:1 1:2:2 16:2:2 17:0:1"
OO_WM_PLUS,18,37,"18:2:2 19:0:1",19,0,1,17,18,1,1,2,4,"1:1:1 2:2:2 15:2:2 17:0:1"
OO_WM_PLUS,18,37,"18:2:2 19:0:1",19,0,1,17,18,1,1,3,4,"1:1:1 3:2:2 14:2:2 17:0:1"
OO_WM_PLUS,18,37,"18:2:2 19:0:1",19,0,1,17,18,1,1,4,4,"1:1:1 4:2:2 13:2:2 17:0:1"
OO_WM_PLUS,18,37,"18:2:2 19:0:1",19,0,1,17,18,1,1,5,4,"1:1:1 5:2:2 12:2:2 17:0:1"
OO_WM_PLUS,18,37,"18:2:2 19:0:1",19,0,1,17,18,1,1,6,4,"1:1:1 6:2:2 11:2:2 17:0:1"
OO_WM_PLUS,18,37,"18:2:2 19:0:1",19,0,1,17,18,1,1,7,4,"1:1:1 7:2:2 10:2:2 17:0:1"
OO_WM_PLUS,18,37,"18:2:2 19:0:1",19,0,1,17,18,1,1,8,4,"1:1:1 8:2:2 9:2:2 17:0:1"
OO_WM_PLUS,18,37,"18:2:2 19:0:1",19,0,1,18,18,0,2,2,3,"2:0:2 15:1:2 18:2:2"
OO_WM_PLUS,18,37,"18:2:2 19:0:1",19,0,1,18,18,0,2,3,3,"3:0:2 14:1:2 18:2:2"
OO_WM_PLUS,18,37,"18:2:2 19:0:1",19,0,1,18,18,0,2,4,3,"4:0:2 13:1:2 18:2:2"
OO_WM_PLUS,18,37,"18:2:2 19:0:1",19,0,1,18,18,0,2,5,3,"5:0:2 12:1:2 18:2:2"
OO_WM_PLUS,18,37,"18:2:2 19:0:1",19,0,1,18,18,0,2,6,3,"6:0:2 11:1:2 18:2:2"
OO_WM_PLUS,18,37,"18:2:2 19:0:1",19,0,1,18,18,0,2,7,3,"7:0:2 10:1:2 18:2:2"
OO_WM_PLUS,18,37,"18:2:2 19:0:1",19,0,1,18,18,0,2,8,3,"8:0:2 9:1:2 18:2:2"
OO_WM_PLUS,18,37,"18:2:2 19:0:1",19,0,1,18,18,0,2,9,3,"8:1:2 9:0:2 18:2:2"
OO_WM_PLUS,18,37,"18:2:2 19:0:1",19,0,1,18,18,0,2,10,3,"7:1:2 10:0:2 18:2:2"
OO_WM_PLUS,18,37,"18:2:2 19:0:1",19,0,1,18,18,0,2,11,3,"6:1:2 11:0:2 18:2:2"
OO_WM_PLUS,18,37,"18:2:2 19:0:1",19,0,1,18,18,0,2,12,3,"5:1:2 12:0:2 18:2:2"
OO_WM_PLUS,18,37,"18:2:2 19:0:1",19,0,1,18,18,0,2,13,3,"4:1:2 13:0:2 18:2:2"
OO_WM_PLUS,18,37,"18:2:2 19:0:1",19,0,1,18,18,0,2,14,3,"3:1:2 14:0:2 18:2:2"
OO_WM_PLUS,18,37,"18:2:2 19:0:1",19,0,1,18,18,0,2,15,3,"2:1:2 15:0:2 18:2:2"
OO_WM_PLUS,18,37,"18:2:2 19:0:1",19,0,1,18,18,0,2,16,3,"1:1:2 16:0:2 18:2:2"
OO_WM_PLUS,18,37,"18:2:2 19:0:1",19,0,1,18,18,1,1,0,2,"17:2:2 18:0:1"
OO_WM_PLUS,18,37,"18:2:2 19:0:1",19,0,1,18,18,1,1,1,3,"1:2:2 16:2:2 18:0:1"
OO_WM_PLUS,18,37,"18:2:2 19:0:1",19,0,1,18,18,1,1,2,3,"2:2:2 15:2:2 18:0:1"
OO_WM_PLUS,18,37,"18:2:2 19:0:1",19,0,1,18,18,1,1,3,3,"3:2:2 14:2:2 18:0:1"
OO_WM_PLUS,18,37,"18:2:2 19:0:1",19,0,1,18,18,1,1,4,3,"4:2:2 13:2:2 18:0:1"
OO_WM_PLUS,18,37,"18:2:2 19:0:1",19,0,1,18,18,1,1,5,3,"5:2:2 12:2:2 18:0:1"
OO_WM_PLUS,18,37,"18:2:2 19:0:1",19,0,1,18,18,1,1,6,3,"6:2:2 11:2:2 18:0:1"
OO_WM_PLUS,18,37,"18:2:2 19:0:1",19,0,1,18,18,1,1,7,3,"7:2:2 10:2:2 18:0:1"
OO_WM_PLUS,18,37,"18:2:2 19:0:1",19,0,1,18,18,1,1,8,3,"8:2:2 9:2:2 18:0:1"
WO_MO,18,36,"18:0:2 18:1:2",18,0,2,1,16,1,2,2,4,"1:0:1 2:2:2 13:1:2 18:1:2"
WO_MO,18,36,"18:0:2 18:1:2",18,0,2,1,16,1,2,4,4,"1:0:1 4:2:2 11:1:2 18:1:2"
WO_MO,18,36,"18:0:2 18:1:2",18,0,2,1,16,1,2,5,4,"1:0:1 5:2:2 10:1:2 18:1:2"
WO_MO,18,36,"18:0:2 18:1:2",18,0,2,1,16,1,2,7,4,"1:0:1 7:2:2 8:1:2 18:1:2"
WO_MO,18,36,"18:0:2 18:1:2",18,0,2,1,16,1,2,8,4,"1:0:1 7:1:2 8:2:2 18:1:2"
WO_MO,18,36,"18:0:2 18:1:2",18,0,2,1,16,1,2,10,4,"1:0:1 5:1:2 10:2:2 18:1:2"
WO_MO,18,36,"18:0:2 18:1:2",18,0,2,1,16,1,2,11,4,"1:0:1 4:1:2 11:2:2 18:1:2"
WO_MO,18,36,"18:0:2 18:1:2",18,0,2,1,16,1,2,13,4,"1:0:1 2:1:2 13:2:2 18:1:2"
WO_MO,18,36,"18:0:2 18:1:2",18,0,2,1,16,1,2,14,4,"1:0:1 1:1:2 14:2:2 18:1:2"
WO_MO,18,36,"18:0:2 18:1:2",18,0,2,1,18,1,2,1,4,"1:0:1 1:2:2 16:1:2 16:1:2"
WO_MO,18,36,"18:0:2 18:1:2",18,0,2,1,18,1,2,2,4,"1:0:1 2:2:2 15:1:2 16:1:2"
WO_MO,18,36,"18:0:2 18:1:2",18,0,2,1,18,1,2,4,4,"1:0:1 4:2:2 13:1:2 16:1:2"
WO_MO,18,36,"18:0:2 18:1:2",18,0,2,1,18,1,2,5,4,"1:0:1 5:2:2 12:1:2 16:1:2"
WO_MO,18,36,"18:0:2 18:1:2",18,0,2,1,18,1,2,6,4,"1:0:1 6:2:2 11:1:2 16:1:2"
WO_MO,18,36,"18:0:2 18:1:2",18,0,2,1,18,1,2,7,4,"1:0:1 7:2:2 10:1:2 16:1:2"
WO_MO,18,36,"18:0:2 18:1:2",18,0,2,1,18,1,2,8,4,"1:0:1 8:2:2 9:1:2 16:1:2"
WO_MO,18,36,"18:0:2 18:1:2",18,0,2,1,18,1,2,9,4,"1:0:1 8:1:2 9:2:2 16:1:2"
WO_MO,18,36,"18:0:2 18:1:2",18,0,2,1,18,1,2,10,4,"1:0:1 7:1:2 10:2:2 16:1:2"
WO_MO,18,36,"18:0:2 18:1:2",18,0,2,1,18,1,2,11,4,"1:0:1 6:1:2 11:2:2 16:1:2"
WO_MO,18,36,"18:0:2 18:1:2",18,0,2,1,18,1,2,12,4,"1:0:1 5:1:2 12:2:2 16:1:2"
WO_MO,18,36,"18:0:2 18:1:2",18,0,2,1,18,1,2,13,4,"1:0:1 4:1:2 13:2:2 16:1:2"
WO_MO,18,36,"18:0:2 18:1:2",18,0,2,1,18,1,2,14,4,"1:0:1 3:1:2 14:2:2 16:1:2"
WO_MO,18,36,"18:0:2 18:1:2",18,0,2,1,18,1,2,15,4,"1:0:1 2:1:2 15:2:2 16:1:2"
WO_MO,18,36,"18:0:2 18:1:2",18,0,2,1,18,1,2,16,4,"1:0:1 1:1:2 16:1:2 16:2:2"
WO_MO,18,36,"18:0:2 18:1:2",18,0,2,2,18,1,2,2,4,"2:0:1 2:2:2 15:1:2 15:1:2"
WO_MO,18,36,"18:0:2 18:1:2",18,0,2,3,14,1,2,2,4,"2:2:2 3:0:1 11:1:2 18:1:2"
WO_MO,18,36,"18:0:2 18:1:2",18,0,2,3,14,1,2,5,4,"3:0:1 5:2:2 8:1:2 18:1:2"
WO_MO,18,36,"18:0:2 18:1:2",18,0,2,3,14,1,2,7,4,"3:0:1 6:1:2 7:2:2 18:1:2"
WO_MO,18,36,"18:0:2 18:1:2",18,0,2,3,14,1,2,8,4,"3:0:1 5:1:2 8:2:2 18:1:2"
WO_MO,18,36,"18:0:2 18:1:2",18,0,2,3,14,1,2,10,4,"3:0:1 3:1:2 10:2:2 18:1:2"
WO_MO,18,36,"18:0:2 18:1:2",18,0,2,3,14,1,2,11,4,"2:1:2 3:0:1 11:2:2 18:1:2"
WO_MO,18,36,"18:0:2 18:1:2",18,0,2,3,18,1,2,2,4,"2:2:2 3:0:1 14:1:2 15:1:2"
WO_MO,18,36,"18:0:2 18:1:2",18,0,2,3,18,1,2,3,4,"3:0:1 3:2:2 14:1:2 14:1:2"
WO_MO,18,36,"18:0:2 18:1:2",18,0,2,3,18,1,2,4,4,"3:0:1 4:2:2 13:1:2 14:1:2"
WO_MO,18,36,"18:0:2 18:1:2",18,0,2,3,18,1,2,5,4,"3:0:1 5:2:2 12:1:2 14:1:2"
WO_MO,18,36,"18:0:2 18:1:2",18,0,2,3,18,1,2,6,4,"3:0:1 6:2:2 11:1:2 14:1:2"
WO_MO,18,36,"18:0:2 18:1:2",18,0,2,3,18,1,2,7,4,"3:0:1 7:2:2 10:1:2 14:1:2"
WO_MO,18,36,"18:0:2 18:1:2",18,0,2,3,18,1,2,8,4,"3:0:1 8:2:2 9:1:2 14:1:2"
WO_MO,18,36,"18:0:2 18:1:2",18,0,2,3,18,1,2,9,4,"3:0:1 8:1:2 9:2:2 14:1:2"
WO_MO,18,36,"18:0:2 18:1:2",18,0,2,3,18,1,2,10,4,"3:0:1 7:1:2 10:2:2 14:1:2"
WO_MO,18,36,"18:0:2 18:1:2",18,0,2,3,18,1,2,11,4,"3:0:1 6:1:2 11:2:2 14:1:2"
WO_MO,18,36,"18:0:2 18:1:2",18,0,2,3,18,1,2,12,4,"3:0:1 5:1:2 12:2:2 14:1:2"
WO_MO,18,36,"18:0:2 18:1:2",18,0,2,3,18,1,2,13,4,"3:0:1 4:1:2 13:2:2 14:1:2"
WO_MO,18,36,"18:0:2 18:1:2",18,0,2,3,18,1,2,14,4,"3:0:1 3:1:2 14:1:2 14:2:2"
WO_MO,18,36,"18:0:2 18:1:2",18,0,2,3,18,1,2,15,4,"2:1:2 3:0:1 14:1:2 15:2:2"
WO_MO,18,36,"18:0:2 18:1:2",18,0,2,3,18,1,2,16,4,"1:1:2 3:0:1 14:1:2 16:2:2"
WO_MO,18,36,"18:0:2 18:1:2",18,0,2,4,4,0,2,2,4,"1:1:2 2:0:2 13:1:2 18:1:2"
WO_MO,18,36,"18:0:2 18:1:2",18,0,2,4,13,1,2,2,4,"2:2:2 4:0:1 10:1:2 18:1:2"
WO_MO,18,36,"18:0:2 18:1:2",18,0,2,4,13,1,2,4,4,"4:0:1 4:2:2 8:1:2 18:1:2"
WO_MO,18,36,"18:0:2 18:1:2",18,0,2,4,13,1,2,5,4,"4:0:1 5:2:2 7:1:2 18:1:2"
WO_MO,18,36,"18:0:2 18:1:2",18,0,2,4,13,1,2,7,4,"4:0:1 5:1:2 7:2:2 18:1:2"
WO_MO,18,36,"18:0:2 18:1:2",18,0,2,4,13,1,2,8,4,"4:0:1 4:1:2 8:2:2 18:1:2"
WO_MO,18,36,"18:0:2 18:1:2",18,0,2,4,13,1,2,10,4,"2:1:2 4:0:1 10:2:2 18:1:2"
WO_MO,18,36,"18:0:2 18:1:2",18,0,2,4,13,1,2,11,4,"1:1:2 4:0:1 11:2:2 18:1:2"
WO_MO,18,36,"18:0:2 18:1:2",18,0,2,4,18,1,2,2,4,"2:2:2 4:0:1 13:1:2 15:1:2"
WO_MO,18,36,"18:0:2 18:1:2",18,0,2,4,18,1,2,4,4,"4:0:1 4:2:2 13:1:2 13:1:2"
WO_MO,18,36,"18:0:2 18:1:2",18,0,2,4,18,1,2,5,4,"4:0:1 5:2:2 12:1:2 13:1:2"
WO_MO,18,36,"18:0:2 18:1:2",18,0,2,4,18,1,2,6,4,"4:0:1 6:2:2 11:1:2 13:1:2"
WO_MO,18,36,"18:0:2 18:1:2",18,0,2,4,18,1,2,7,4,"4:0:1 7:2:2 10:1:2 13:1:2"
WO_MO,18,36,"18:0:2 18:1:2",18,0,2,4,18,1,2,8,4,"4:0:1 8:2:2 9:1:2 13:1:2"
WO_MO,18,36,"18:0:2 18:1:2",18,0,2,4,18,1,2,9,4,"4:0:1 8:1:2 9:2:2 13:1:2"
WO_MO,18,36,"18:0:2 18:1:2",18,0,2,4,18,1,2,10,4,"4:0:1 7:1:2 10:2:2 13:1:2"
WO_MO,18,36,"18:0:2 18:1:2",18,0,2,4,18,1,2,11,4,"4:0:1 6:1:2 11:2:2 13:1:2"
WO_MO,18,36,"18:0:2 18:1:2",18,0,2,4,18,1,2,12,4,"4:0:1 5:1:2 12:2:2 13:1:2"
WO_MO,18,36,"18:0:2 18:1:2",18,0,2,4,18,1,2,13,4,"4:0:1 4:1:2 13:1:2 13:2:2"
WO_MO,18,36,"18:0:2 18:1:2",18,0,2,4,18,1,2,15,4,"2:1:2 4:0:1 13:1:2 15:2:2"
WO_MO,18,36,"18:0:2 18:1:2",18,0,2,5,5,0,2,2,4,"2:0:2 2:1:2 12:1:2 18:1:2"
WO_MO,18,36,"18:0:2 18:1:2",18,0,2,5,18,1,2,2,4,"2:2:2 5:0:1 12:1:2 15:1:2"
WO_MO,18,36,"18:0:2 18:1:2",18,0,2,5,18,1,2,5,4,"5:0:1 5:2:2 12:1:2 12:1:2"
WO_MO,18,36,"18:0:2 18:1:2",18,0,2,6,6,0,2,2,4,"2:0:2 3:1:2 11:1:2 18:1:2"
WO_MO,18,36,"18:0:2 18:1:2",18,0,2,6,11,1,2,2,4,"2:2:2 6:0:1 8:1:2 18:1:2"
WO_MO,18,36,"18:0:2 18:1:2",18,0,2,6,11,1,2,5,4,"5:1:2 5:2:2 6:0:1 18:1:2"
WO_MO,18,36,"18:0:2 18:1:2",18,0,2,6,11,1,2,7,4,"3:1:2 6:0:1 7:2:2 18:1:2"
WO_MO,18,36,"18:0:2 18:1:2",18,0,2,6,11,1,2,8,4,"2:1:2 6:0:1 8:2:2 18:1:2"
WO_MO,18,36,"18:0:2 18:1:2",18,0,2,6,18,1,2,2,4,"2:2:2 6:0:1 11:1:2 15:1:2"
WO_MO,18,36,"18:0:2 18:1:2",18,0,2,6,18,1,2,4,4,"4:2:2 6:0:1 11:1:2 13:1:2"
WO_MO,18,36,"18:0:2 18:1:2",18,0,2,6,18,1,2,5,4,"5:2:2 6:0:1 11:1:2 12:1:2"
WO_MO,18,36,"18:0:2 18:1:2",18,0,2,6,18,1,2,6,4,"6:0:1 6:2:2 11:1:2 11:1:2"
WO_MO,18,36,"18:0:2 18:1:2",18,0,2,6,18,1,2,7,4,"6:0:1 7:2:2 10:1:2 11:1:2"
WO_MO,18,36,"18:0:2 18:1:2",18,0,2,6,18,1,2,8,4,"6:0:1 8:2:2 9:1:2 11:1:2"
WO_MO,18,36,"18:0:2 18:1:2",18,0,2,6,18,1,2,9,4,"6:0:1 8:1:2 9:2:2 11:1:2"
WO_MO,18,36,"18:0:2 18:1:2",18,0,2,6,18,1,2,10,4,"6:0:1 7:1:2 10:2:2 11:1:2"
WO_MO,18,36,"18:0:2 18:1:2",18,0,2,6,18,1,2,11,4,"6:0:1 6:1:2 11:1:2 11:2:2"
WO_MO,18,36,"18:0:2 18:1:2",18,0,2,6,18,1,2,12,4,"5:1:2 6:0:1 11:1:2 12:2:2"
WO_MO,18,36,"18:0:2 18:1:2",18,0,2,6,18,1,2,13,4,"4:1:2 6:0:1 11:1:2 13:2:2"
WO_MO,18,36,"18:0:2 18:1:2",18,0,2,6,18,1,2,14,4,"3:1:2 6:0:1 11:1:2 14:2:2"
WO_MO,18,36,"18:0:2 18:1:2",18,0,2,6,18,1,2,15,4,"2:1:2 6:0:1 11:1:2 15:2:2"
WO_MO,18,36,"18:0:2 18:1:2",18,0,2,6,18,1,2,16,4,"1:1:2 6:0:1 11:1:2 16:2:2"
WO_MO,18,36,"18:0:2 18:1:2",18,0,2,7,7,0,2,2,4,"2:0:2 4:1:2 10:1:2 18:1:2"
WO_MO,18,36,"18:0:2 18:1:2",18,0,2,7,10,1,2,2,4,"2:2:2 7:0:1 7:1:2 18:1:2"
WO_MO,18,36,"18:0:2 18:1:2",18,0,2,7,10,1,2,5,4,"4:1:2 5:2:2 7:0:1 18:1:2"
WO_MO,18,36,"18:0:2 18:1:2",18,0,2,7,18,1,2,2,4,"2:2:2 7:0:1 10:1:2 15:1:2"
WO_MO,18,36,"18:0:2 18:1:2",18,0,2,7,18,1,2,5,4,"5:2:2 7:0:1 10:1:2 12:1:2"
WO_MO,18,36,"18:0:2 18:1:2",18,0,2,7,18,1,2,7,4,"7:0:1 7:2:2 10:1:2 10:1:2"
WO_MO,18,36,"18:0:2 18:1:2",18,0,2,7,18,1,2,12,4,"5:1:2 7:0:1 10:1:2 12:2:2"
WO_MO,18,36,"18:0:2 18:1:2",18,0,2,7,18,1,2,15,4,"2:1:2 7:0:1 10:1:2 15:2:2"
WO_MO,18,36,"18:0:2 18:1:2",18,0,2,8,8,0,2,2,4,"2:0:2 5:1:2 9:1:2 18:1:2"
WO_MO,18,36,"18:0:2 18:1:2",18,0,2,8,18,1,2,2,4,"2:2:2 8:0:1 9:1:2 15:1:2"
WO_MO,18,36,"18:0:2 18:1:2",18,0,2,8,18,1,2,5,4,"5:2:2 8:0:1 9:1:2 12:1:2"
WO_MO,18,36,"18:0:2 18:1:2",18,0,2,8,18,1,2,8,4,"8:0:1 8:2:2 9:1:2 9:1:2"
WO_MO,18,36,"18:0:2 18:1:2",18,0,2,9,8,1,2,2,4,"2:2:2 5:1:2 9:0:1 18:1:2"
WO_MO,18,36,"18:0:2 18:1:2",18,0,2,9,8,1,2,5,4,"2:1:2 5:2:2 9:0:1 18:1:2"
WO_MO,18,36,"18:0:2 18:1:2",18,0,2,9,9,0,2,2,4,"2:0:2 6:1:2 8:1:2 18:1:2"
WO_MO,18,36,"18:0:2 18:1:2",18,0,2,9,18,1,2,2,4,"2:2:2 8:1:2 9:0:1 15:1:2"
WO_MO,18,36,"18:0:2 18:1:2",18,0,2,9,18,1,2,5,4,"5:2:2 8:1:2 9:0:1 12:1:2"
WO_MO,18,36,"18:0:2 18:1:2",18,0,2,9,18,1,2,9,4,"8:1:2 8:1:2 9:0:1 9:2:2"
WO_MO,18,36,"18:0:2 18:1:2",18,0,2,9,18,1,2,12,4,"5:1:2 8:1:2 9:0:1 12:2:2"
WO_MO,18,36,"18:0:2 18:1:2",18,0,2,9,18,1,2,15,4,"2:1:2 8:1:2 9:0:1 15:2:2"
WO_MO,18,36,"18:0:2 18:1:2",18,0,2,10,10,0,2,2,4,"2:0:2 7:1:2 7:1:2 18:1:2"
WO_MO,18,36,"18:0:2 18:1:2",18,0,2,10,18,1,2,2,4,"2:2:2 7:1:2 10:0:1 15:1:2"
WO_MO,18,36,"18:0:2 18:1:2",18,0,2,10,18,1,2,7,4,"7:1:2 7:2:2 10:0:1 10:1:2"
WO_MO,18,36,"18:0:2 18:1:2",18,0,2,10,18,1,2,10,4,"7:1:2 7:1:2 10:0:1 10:2:2"
WO_MO,18,36,"18:0:2 18:1:2",18,0,2,11,11,0,2,2,4,"2:0:2 6:1:2 8:1:2 18:1:2"
WO_MO,18,36,"18:0:2 18:1:2",18,0,2,11,18,1,2,2,4,"2:2:2 6:1:2 11:0:1 15:1:2"
WO_MO,18,36,"18:0:2 18:1:2",18,0,2,11,18,1,2,5,4,"5:2:2 6:1:2 11:0:1 12:1:2"
WO_MO,18,36,"18:0:2 18:1:2",18,0,2,11,18,1,2,8,4,"6:1:2 8:2:2 9:1:2 11:0:1"
WO_MO,18,36,"18:0:2 18:1:2",18,0,2,11,18,1,2,11,4,"6:1:2 6:1:2 11:0:1 11:2:2"
WO_MO,18,36,"18:0:2 18:1:2",18,0,2,12,5,1,2,2,4,"2:1:2 2:2:2 12:0:1 18:1:2"
WO_MO,18,36,"18:0:2 18:1:2",18,0,2,12,12,0,2,2,4,"2:0:2 5:1:2 9:1:2 18:1:2"
WO_MO,18,36,"18:0:2 18:1:2",18,0,2,12,18,1,2,2,4,"2:2:2 5:1:2 12:0:1 15:1:2"
WO_MO,18,36,"18:0:2 18:1:2",18,0,2,12,18,1,2,5,4,"5:1:2 5:2:2 12:0:1 12:1:2"
WO_MO,18,36,"18:0:2 18:1:2",18,0,2,12,18,1,2,9,4,"5:1:2 8:1:2 9:2:2 12:0:1"
WO_MO,18,36,"18:0:2 18:1:2",18,0,2,12,18,1,2,12,4,"5:1:2 5:1:2 12:0:1 12:2:2"
WO_MO,18,36,"18:0:2 18:1:2",18,0,2,12,18,1,2,15,4,"2:1:2 5:1:2 12:0:1 15:2:2"
WO_MO,18,36,"18:0:2 18:1:2",18,0,2,13,13,0,2,2,4,"2:0:2 4:1:2 10:1:2 18:1:2"
WO_MO,18,36,"18:0:2 18:1:2",18,0,2,13,18,1,2,2,4,"2:2:2 4:1:2 13:0:1 15:1:2"
WO_MO,18,36,"18:0:2 18:1:2",18,0,2,13,18,1,2,10,4,"4:1:2 7:1:2 10:2:2 13:0:1"
WO_MO,18,36,"18:0:2 18:1:2",18,0,2,13,18,1,2,13,4,"4:1:2 4:1:2 13:0:1 13:2:2"
WO_MO,18,36,"18:0:2 18:1:2",18,0,2,14,14,0,2,2,4,"2:0:2 3:1:2 11:1:2 18:1:2"
WO_MO,18,36,"18:0:2 18:1:2",18,0,2,14,18,1,2,2,4,"2:2:2 3:1:2 14:0:1 15:1:2"
WO_MO,18,36,"18:0:2 18:1:2",18,0,2,14,18,1,2,5,4,"3:1:2 5:2:2 12:1:2 14:0:1"
WO_MO,18,36,"18:0:2 18:1:2",18,0,2,14,18,1,2,8,4,"3:1:2 8:2:2 9:1:2 14:0:1"
WO_MO,18,36,"18:0:2 18:1:2",18,0,2,14,18,1,2,11,4,"3:1:2 6:1:2 11:2:2 14:0:1"
WO_MO,18,36,"18:0:2 18:1:2",18,0,2,14,18,1,2,14,4,"3:1:2 3:1:2 14:0:1 14:2:2"
WO_MO,18,36,"18:0:2 18:1:2",18,0,2,15,15,0,2,2,4,"2:0:2 2:1:2 12:1:2 18:1:2"
WO_MO,18,36,"18:0:2 18:1:2",18,0,2,15,18,1,2,2,4,"2:1:2 2:2:2 15:0:1 15:1:2"
WO_MO,18,36,"18:0:2 18:1:2",18,0,2,15,18,1,2,5,4,"2:1:2 5:2:2 12:1:2 15:0:1"
WO_MO,18,36,"18:0:2 18:1:2",18,0,2,15,18,1,2,12,4,"2:1:2 5:1:2 12:2:2 15:0:1"
WO_MO,18,36,"18:0:2 18:1:2",18,0,2,15,18,1,2,15,4,"2:1:2 2:1:2 15:0:1 15:2:2"
WO_MO,18,36,"18:0:2 18:1:2",18,0,2,16,16,0,2,2,4,"1:1:2 2:0:2 13:1:2 18:1:2"
WO_MO,18,36,"18:0:2 18:1:2",18,0,2,16,18,1,2,2,4,"1:1:2 2:2:2 15:1:2 16:0:1"
WO_MO,18,36,"18:0:2 18:1:2",18,0,2,16,18,1,2,13,4,"1:1:2 4:1:2 13:2:2 16:0:1"
WO_MO,18,36,"18:0:2 18:1:2",18,0,2,16,18,1,2,16,4,"1:1:2 1:1:2 16:0:1 16:2:2"
WO_MO,18,36,"18:0:2 18:1:2",18,1,2,0,17,1,2,2,3,"2:2:2 14:1:2 18:0:2"
WO_MO,18,36,"18:0:2 18:1:2",18,1,2,0,17,1,2,3,3,"3:2:2 13:1:2 18:0:2"
WO_MO,18,36,"18:0:2 18:1:2",18,1,2,0,17,1,2,4,3,"4:2:2 12:1:2 18:0:2"
WO_MO,18,36,"18:0:2 18:1:2",18,1,2,0,17,1,2,5,3,"5:2:2 11:1:2 18:0:2"
WO_MO,18,36,"18:0:2 18:1:2",18,1,2,0,17,1,2,6,3,"6:2:2 10:1:2 18:0:2"
WO_MO,18,36,"18:0:2 18:1:2",18,1,2,0,17,1,2,7,3,"7:2:2 9:1:2 18:0:2"
WO_MO,18,36,"18:0:2 18:1:2",18,1,2,0,17,1,2,8,3,"8:1:2 8:2:2 18:0:2"
WO_MO,18,36,"18:0:2 18:1:2",18,1,2,0,17,1,2,9,3,"7:1:2 9:2:2 18:0:2"
WO_MO,18,36,"18:0:2 18:1:2",18,1,2,0,17,1,2,10,3,"6:1:2 10:2:2 18:0:2"
WO_MO,18,36,"18:0:2 18:1:2",18,1,2,0,17,1,2,11,3,"5:1:2 11:2:2 18:0:2"
WO_MO,18,36,"18:0:2 18:1:2",18,1,2,0,17,1,2,12,3,"4:1:2 12:2:2 18:0:2"
WO_MO,18,36,"18:0:2 18:1:2",18,1,2,0,17,1,2,13,3,"3:1:2 13:2:2 18:0:2"
WO_MO,18,36,"18:0:2 18:1:2",18,1,2,0,17,1,2,14,3,"2:1:2 14:2:2 18:0:2"
WO_MO,18,36,"18:0:2 18:1:2",18,1,2,0,17,1,2,15,3,"1:1:2 15:2:2 18:0:2"
WO_MO,18,36,"18:0:2 18:1:2",18,1,2,0,18,0,1,1,3,"1:0:2 16:2:2 17:1:2"
WO_MO,18,36,"18:0:2 18:1:2",18,1,2,0,18,0,1,2,3,"2:0:2 15:2:2 17:1:2"
WO_MO,18,36,"18:0:2 18:1:2",18,1,2,0,18,0,1,3,3,"3:0:2 14:2:2 17:1:2"
WO_MO,18,36,"18:0:2 18:1:2",18,1,2,0,18,0,1,4,3,"4:0:2 13:2:2 17:1:2"
WO_MO,18,36,"18:0:2 18:1:2",18,1,2,0,18,0,1,5,3,"5:0:2 12:2:2 17:1:2"
WO_MO,18,36,"18:0:2 18:1:2",18,1,2,0,18,0,1,6,3,"6:0:2 11:2:2 17:1:2"
WO_MO,18,36,"18:0:2 18:1:2",18,1,2,0,18,0,1,7,3,"7:0:2 10:2:2 17:1:2"
WO_MO,18,36,"18:0:2 18:1:2",18,1,2,0,18,0,1,8,3,"8:0:2 9:2:2 17:1:2"
WO_MO,18,36,"18:0:2 18:1:2",18,1,2,0,18,0,1,9,3,"8:2:2 9:0:2 17:1:2"
WO_MO,18,36,"18:0:2 18:1:2",18,1,2,0,18,0,1,10,3,"7:2:2 10:0:2 17:1:2"
WO_MO,18,36,"18:0:2 18:1:2",18,1,2,0,18,0,1,11,3,"6:2:2 11:0:2 17:1:2"
WO_MO,18,36,"18:0:2 18:1:2",18,1,2,0,18,0,1,12,3,"5:2:2 12:0:2 17:1:2"
WO_MO,18,36,"18:0:2 18:1:2",18,1,2,0,18,0,1,13,3,"4:2:2 13:0:2 17:1:2"
WO_MO,18,36,"18:0:2 18:1:2",18,1,2,0,18,0,1,14,3,"3:2:2 14:0:2 17:1:2"
WO_MO,18,36,"18:0:2 18:1:2",18,1,2,0,18,0,1,15,3,"2:2:2 15:0:2 17:1:2"
WO_MO,18,36,"18:0:2 18:1:2",18,1,2,0,18,0,1,16,3,"1:2:2 16:0:2 17:1:2"
WO_MO,18,36,"18:0:2 18:1:2",18,1,2,0,18,0,1,17,2,"17:0:2 17:1:2"
WO_MO,18,36,"18:0:2 18:1:2",18,1,2,1,16,1,2,2,4,"1:1:1 2:2:2 13:1:2 18:0:2"
WO_MO,18,36,"18:0:2 18:1:2",18,1,2,1,16,1,2,4,4,"1:1:1 4:2:2 11:1:2 18:0:2"
WO_MO,18,36,"18:0:2 18:1:2",18,1,2,1,16,1,2,5,4,"1:1:1 5:2:2 10:1:2 18:0:2"
WO_MO,18,36,"18:0:2 18:1:2",18,1,2,1,16,1,2,7,4,"1:1:1 7:2:2 8:1:2 18:0:2"
WO_MO,18,36,"18:0:2 18:1:2",18,1,2,1,16,1,2,8,4,"1:1:1 7:1:2 8:2:2 18:0:2"
WO_MO,18,36,"18:0:2 18:1:2",18,1,2,1,16,1,2,10,4,"1:1:1 5:1:2 10:2:2 18:0:2"
WO_MO,18,36,"18:0:2 18:1:2",18,1,2,1,16,1,2,11,4,"1:1:1 4:1:2 11:2:2 18:0:2"
WO_MO,18,36,"18:0:2 18:1:2",18,1,2,1,16,1,2,13,4,"1:1:1 2:1:2 13:2:2 18:0:2"
WO_MO,18,36,"18:0:2 18:1:2",18,1,2,1,16,1,2,14,4,"1:1:1 1:1:2 14:2:2 18:0:2"
WO_MO,18,36,"18:0:2 18:1:2",18,1,2,1,18,0,1,1,4,"1:0:2 1:1:1 16:1:2 16:2:2"
WO_MO,18,36,"18:0:2 18:1:2",18,1,2,1,18,0,1,2,4,"1:1:1 2:0:2 15:2:2 16:1:2"
WO_MO,18,36,"18:0:2 18:1:2",18,1,2,1,18,0,1,3,4,"1:1:1 3:0:2 14:2:2 16:1:2"
WO_MO,18,36,"18:0:2 18:1:2",18,1,2,1,18,0,1,4,4,"1:1:1 4:0:2 13:2:2 16:1:2"
WO_MO,18,36,"18:0:2 18:1:2",18,1,2,1,18,0,1,5,4,"1:1:1 5:0:2 12:2:2 16:1:2"
WO_MO,18,36,"18:0:2 18:1:2",18,1,2,1,18,0,1,6,4,"1:1:1 6:0:2 11:2:2 16:1:2"
WO_MO,18,36,"18:0:2 18:1:2",18,1,2,1,18,0,1,7,4,"1:1:1 7:0:2 10:2:2 16:1:2"
WO_MO,18,36,"18:0:2 18:1:2",18,1,2,1,18,0,1,8,4,"1:1:1 8:0:2 9:2:2 16:1:2"
WO_MO,18,36,"18:0:2 18:1:2",18,1,2,1,18,0,1,9,4,"1:1:1 8:2:2 9:0:2 16:1:2"
WO_MO,18,36,"18:0:2 18:1:2",18,1,2,1,18,0,1,10,4,"1:1:1 7:2:2 10:0:2 16:1:2"
WO_MO,18,36,"18:0:2 18:1:2",18,1,2,1,18,0,1,11,4,"1:1:1 6:2:2 11:0:2 16:1:2"
WO_MO,18,36,"18:0:2 18:1:2",18,1,2,1,18,0,1,12,4,"1:1:1 5:2:2 12:0:2 16:1:2"
WO_MO,18,36,"18:0:2 18:1:2",18,1,2,1,18,0,1,13,4,"1:1:1 4:2:2 13:0:2 16:1:2"
WO_MO,18,36,"18:0:2 18:1:2",18,1,2,1,18,0,1,15,4,"1:1:1 2:2:2 15:0:2 16:1:2"
WO_MO,18,36,"18:0:2 18:1:2",18,1,2,1,18,0,1,16,4,"1:1:1 1:2:2 16:0:2 16:1:2"
WO_MO,18,36,"18:0:2 18:1:2",18,1,2,2,15,1,2,2,4,"2:1:1 2:2:2 12:1:2 18:0:2"
WO_MO,18,36,"18:0:2 18:1:2",18,1,2,2,18,0,1,2,4,"2:0:2 2:1:1 15:1:2 15:2:2"
WO_MO,18,36,"18:0:2 18:1:2",18,1,2,2,18,0,1,15,4,"2:1:1 2:2:2 15:0:2 15:1:2"
WO_MO,18,36,"18:0:2 18:1:2",18,1,2,3,14,1,2,2,4,"2:2:2 3:1:1 11:1:2 18:0:2"
WO_MO,18,36,"18:0:2 18:1:2",18,1,2,3,14,1,2,5,4,"3:1:1 5:2:2 8:1:2 18:0:2"
WO_MO,18,36,"18:0:2 18:1:2",18,1,2,3,14,1,2,7,4,"3:1:1 6:1:2 7:2:2 18:0:2"
WO_MO,18,36,"18:0:2 18:1:2",18,1,2,3,14,1,2,8,4,"3:1:1 5:1:2 8:2:2 18:0:2"
WO_MO,18,36,"18:0:2 18:1:2",18,1,2,3,14,1,2,10,4,"3:1:1 3:1:2 10:2:2 18:0:2"
WO_MO,18,36,"18:0:2 18:1:2",18,1,2,3,14,1,2,11,4,"2:1:2 3:1:1 11:2:2 18:0:2"
WO_MO,18,36,"18:0:2 18:1:2",18,1,2,3,18,0,1,1,4,"1:0:2 3:1:1 14:1:2 16:2:2"
WO_MO,18,36,"18:0:2 18:1:2",18,1,2,3,18,0,1,2,4,"2:0:2 3:1:1 14:1:2 15:2:2"
WO_MO,18,36,"18:0:2 18:1:2",18,1,2,3,18,0,1,3,4,"3:0:2 3:1:1 14:1:2 14:2:2"
WO_MO,18,36,"18:0:2 18:1:2",18,1,2,3,18,0,1,4,4,"3:1:1 4:0:2 13:2:2 14:1:2"
WO_MO,18,36,"18:0:2 18:1:2",18,1,2,3,18,0,1,5,4,"3:1:1 5:0:2 12:2:2 14:1:2"
WO_MO,18,36,"18:0:2 18:1:2",18,1,2,3,18,0,1,6,4,"3:1:1 6:0:2 11:2:2 14:1:2"
WO_MO,18,36,"18:0:2 18:1:2",18,1,2,3,18,0,1,7,4,"3:1:1 7:0:2 10:2:2 14:1:2"
WO_MO,18,36,"18:0:2 18:1:2",18,1,2,3,18,0,1,8,4,"3:1:1 8:0:2 9:2:2 14:1:2"
WO_MO,18,36,"18:0:2 18:1:2",18,1,2,3,18,0,1,9,4,"3:1:1 8:2:2 9:0:2 14:1:2"
WO_MO,18,36,"18:0:2 18:1:2",18,1,2,3,18,0,1,10,4,"3:1:1 7:2:2 10:0:2 14:1:2"
WO_MO,18,36,"18:0:2 18:1:2",18,1,2,3,18,0,1,11,4,"3:1:1 6:2:2 11:0:2 14:1:2"
WO_MO,18,36,"18:0:2 18:1:2",18,1,2,3,18,0,1,12,4,"3:1:1 5:2:2 12:0:2 14:1:2"
WO_MO,18,36,"18:0:2 18:1:2",18,1,2,3,18,0,1,13,4,"3:1:1 4:2:2 13:0:2 14:1:2"
WO_MO,18,36,"18:0:2 18:1:2",18,1,2,3,18,0,1,14,4,"3:1:1 3:2:2 14:0:2 14:1:2"
WO_MO,18,36,"18:0:2 18:1:2",18,1,2,3,18,0,1,15,4,"2:2:2 3:1:1 14:1:2 15:0:2"
WO_MO,18,36,"18:0:2 18:1:2",18,1,2,4,13,1,2,2,4,"2:2:2 4:1:1 10:1:2 18:0:2"
WO_MO,18,36,"18:0:2 18:1:2",18,1,2,4,13,1,2,5,4,"4:1:1 5:2:2 7:1:2 18:0:2"
WO_MO,18,36,"18:0:2 18:1:2",18,1,2,4,18,0,1,2,4,"2:0:2 4:1:1 13:1:2 15:2:2"
WO_MO,18,36,"18:0:2 18:1:2",18,1,2,4,18,0,1,13,4,"4:1:1 4:2:2 13:0:2 13:1:2"
WO_MO,18,36,"18:0:2 18:1:2",18,1,2,4,18,0,1,15,4,"2:2:2 4:1:1 13:1:2 15:0:2"
WO_MO,18,36,"18:0:2 18:1:2",18,1,2,5,5,2,2,2,4,"2:1:2 2:1:2 12:1:2 18:0:2"
WO_MO,18,36,"18:0:2 18:1:2",18,1,2,5,12,1,2,2,4,"2:2:2 5:1:1 9:1:2 18:0:2"
WO_MO,18,36,"18:0:2 18:1:2",18,1,2,5,18,0,1,2,4,"2:0:2 5:1:1 12:1:2 15:2:2"
WO_MO,18,36,"18:0:2 18:1:2",18,1,2,5,18,0,1,12,4,"5:1:1 5:2:2 12:0:2 12:1:2"
WO_MO,18,36,"18:0:2 18:1:2",18,1,2,5,18,0,1,15,4,"2:2:2 5:1:1 12:1:2 15:0:2"
WO_MO,18,36,"18:0:2 18:1:2",18,1,2,6,11,1,2,2,4,"2:2:2 6:1:1 8:1:2 18:0:2"
WO_MO,18,36,"18:0:2 18:1:2",18,1,2,6,11,1,2,5,4,"5:1:2 5:2:2 6:1:1 18:0:2"
WO_MO,18,36,"18:0:2 18:1:2",18,1,2,6,18,0,1,2,4,"2:0:2 6:1:1 11:1:2 15:2:2"
WO_MO,18,36,"18:0:2 18:1:2",18,1,2,6,18,0,1,11,4,"6:1:1 6:2:2 11:0:2 11:1:2"
WO_MO,18,36,"18:0:2 18:1:2",18,1,2,6,18,0,1,15,4,"2:2:2 6:1:1 11:1:2 15:0:2"
WO_MO,18,36,"18:0:2 18:1:2",18,1,2,7,10,1,2,2,4,"2:2:2 7:1:1 7:1:2 18:0:2"
WO_MO,18,36,"18:0:2 18:1:2",18,1,2,7,18,0,1,2,4,"2:0:2 7:1:1 10:1:2 15:2:2"
WO_MO,18,36,"18:0:2 18:1:2",18,1,2,7,18,0,1,10,4,"7:1:1 7:2:2 10:0:2 10:1:2"
WO_MO,18,36,"18:0:2 18:1:2",18,1,2,8,9,1,2,2,4,"2:2:2 6:1:2 8:1:1 18:0:2"
WO_MO,18,36,"18:0:2 18:1:2",18,1,2,8,18,0,1,2,4,"2:0:2 8:1:1 9:1:2 15:2:2"
WO_MO,18,36,"18:0:2 18:1:2",18,1,2,8,18,0,1,9,4,"8:1:1 8:2:2 9:0:2 9:1:2"
WO_MO,18,36,"18:0:2 18:1:2",18,1,2,8,18,0,1,12,4,"5:2:2 8:1:1 9:1:2 12:0:2"
WO_MO,18,36,"18:0:2 18:1:2",18,1,2,8,18,0,1,15,4,"2:2:2 8:1:1 9:1:2 15:0:2"
WO_MO,18,36,"18:0:2 18:1:2",18,1,2,9,8,1,2,2,4,"2:2:2 5:1:2 9:1:1 18:0:2"
WO_MO,18,36,"18:0:2 18:1:2",18,1,2,9,8,1,2,5,4,"2:1:2 5:2:2 9:1:1 18:0:2"
WO_MO,18,36,"18:0:2 18:1:2",18,1,2,9,18,0,1,2,4,"2:0:2 8:1:2 9:1:1 15:2:2"
WO_MO,18,36,"18:0:2 18:1:2",18,1,2,9,18,0,1,5,4,"5:0:2 8:1:2 9:1:1 12:2:2"
WO_MO,18,36,"18:0:2 18:1:2",18,1,2,9,18,0,1,8,4,"8:0:2 8:1:2 9:1:1 9:2:2"
WO_MO,18,36,"18:0:2 18:1:2",18,1,2,9,18,0,1,15,4,"2:2:2 8:1:2 9:1:1 15:0:2"
WO_MO,18,36,"18:0:2 18:1:2",18,1,2,10,7,1,2,2,4,"2:2:2 4:1:2 10:1:1 18:0:2"
WO_MO,18,36,"18:0:2 18:1:2",18,1,2,10,18,0,1,2,4,"2:0:2 7:1:2 10:1:1 15:2:2"
WO_MO,18,36,"18:0:2 18:1:2",18,1,2,10,18,0,1,7,4,"7:0:2 7:1:2 10:1:1 10:2:2"
WO_MO,18,36,"18:0:2 18:1:2",18,1,2,11,6,1,2,2,4,"2:2:2 3:1:2 11:1:1 18:0:2"
WO_MO,18,36,"18:0:2 18:1:2",18,1,2,11,18,0,1,2,4,"2:0:2 6:1:2 11:1:1 15:2:2"
WO_MO,18,36,"18:0:2 18:1:2",18,1,2,11,18,0,1,6,4,"6:0:2 6:1:2 11:1:1 11:2:2"
WO_MO,18,36,"18:0:2 18:1:2",18,1,2,11,18,0,1,9,4,"6:1:2 8:2:2 9:0:2 11:1:1"
WO_MO,18,36,"18:0:2 18:1:2",18,1,2,11,18,0,1,12,4,"5:2:2 6:1:2 11:1:1 12:0:2"
WO_MO,18,36,"18:0:2 18:1:2",18,1,2,11,18,0,1,15,4,"2:2:2 6:1:2 11:1:1 15:0:2"
WO_MO,18,36,"18:0:2 18:1:2",18,1,2,12,5,1,2,2,4,"2:1:2 2:2:2 12:1:1 18:0:2"
WO_MO,18,36,"18:0:2 18:1:2",18,1,2,12,18,0,1,2,4,"2:0:2 5:1:2 12:1:1 15:2:2"
WO_MO,18,36,"18:0:2 18:1:2",18,1,2,12,18,0,1,5,4,"5:0:2 5:1:2 12:1:1 12:2:2"
WO_MO,18,36,"18:0:2 18:1:2",18,1,2,12,18,0,1,15,4,"2:2:2 5:1:2 12:1:1 15:0:2"
WO_MO,18,36,"18:0:2 18:1:2",18,1,2,13,4,1,2,2,4,"1:1:2 2:2:2 13:1:1 18:0:2"
WO_MO,18,36,"18:0:2 18:1:2",18,1,2,13,18,0,1,2,4,"2:0:2 4:1:2 13:1:1 15:2:2"
WO_MO,18,36,"18:0:2 18:1:2",18,1,2,13,18,0,1,4,4,"4:0:2 4:1:2 13:1:1 13:2:2"
WO_MO,18,36,"18:0:2 18:1:2",18,1,2,14,18,0,1,2,4,"2:0:2 3:1:2 14:1:1 15:2:2"
WO_MO,18,36,"18:0:2 18:1:2",18,1,2,14,18,0,1,3,4,"3:0:2 3:1:2 14:1:1 14:2:2"
WO_MO,18,36,"18:0:2 18:1:2",18,1,2,15,15,2,2,2,4,"2:1:2 2:1:2 12:1:2 18:0:2"
WO_MO,18,36,"18:0:2 18:1:2",18,1,2,15,18,0,1,2,4,"2:0:2 2:1:2 15:1:1 15:2:2"
WO_MO,18,36,"18:0:2 18:1:2",18,1,2,15,18,0,1,15,4,"2:1:2 2:2:2 15:0:2 15:1:1"
WO_MO,18,36,"18:0:2 18:1:2",18,1,2,16,18,0,1,1,4,"1:0:2 1:1:2 16:1:1 16:2:2"
WO_MO,18,36,"18:0:2 18:1:2",18,1,2,16,18,0,1,2,4,"1:1:2 2:0:2 15:2:2 16:1:1"
WO_PLUS_MO,18,37,"18:1:2 19:0:2",18,1,2,0,17,1,2,1,3,"1:2:2 15:1:2 19:0:2"
WO_PLUS_MO,18,37,"18:1:2 19:0:2",18,1,2,0,17,1,2,2,3,"2:2:2 14:1:2 19:0:2"
WO_PLUS_MO,18,37,"18:1:2 19:0:2",18,1,2,0,17,1,2,3,3,"3:2:2 13:1:2 19:0:2"
WO_PLUS_MO,18,37,"18:1:2 19:0:2",18,1,2,0,17,1,2,4,3,"4:2:2 12:1:2 19:0:2"
WO_PLUS_MO,18,37,"18:1:2 19:0:2",18,1,2,0,17,1,2,5,3,"5:2:2 11:1:2 19:0:2"
WO_PLUS_MO,18,37,"18:1:2 19:0:2",18,1,2,0,17,1,2,6,3,"6:2:2 10:1:2 19:0:2"
WO_PLUS_MO,18,37,"18:1:2 19:0:2",18,1,2,0,17,1,2,7,3,"7:2:2 9:1:2 19:0:2"
WO_PLUS_MO,18,37,"18:1:2 19:0:2",18,1,2,0,17,1,2,8,3,"8:1:2 8:2:2 19:0:2"
WO_PLUS_MO,18,37,"18:1:2 19:0:2",18,1,2,0,17,1,2,9,3,"7:1:2 9:2:2 19:0:2"
WO_PLUS_MO,18,37,"18:1:2 19:0:2",18,1,2,0,17,1,2,10,3,"6:1:2 10:2:2 19:0:2"
WO_PLUS_MO,18,37,"18:1:2 19:0:2",18,1,2,0,17,1,2,11,3,"5:1:2 11:2:2 19:0:2"
WO_PLUS_MO,18,37,"18:1:2 19:0:2",18,1,2,0,17,1,2,12,3,"4:1:2 12:2:2 19:0:2"
WO_PLUS_MO,18,37,"18:1:2 19:0:2",18,1,2,0,17,1,2,13,3,"3:1:2 13:2:2 19:0:2"
WO_PLUS_MO,18,37,"18:1:2 19:0:2",18,1,2,0,17,1,2,14,3,"2:1:2 14:2:2 19:0:2"
WO_PLUS_MO,18,37,"18:1:2 19:0:2",18,1,2,0,17,1,2,15,3,"1:1:2 15:2:2 19:0:2"
WO_PLUS_MO,18,37,"18:1:2 19:0:2",18,1,2,0,19,0,1,1,3,"1:0:2 17:1:2 17:2:2"
WO_PLUS_MO,18,37,"18:1:2 19:0:2",18,1,2,0,19,0,1,2,3,"2:0:2 16:2:2 17:1:2"
WO_PLUS_MO,18,37,"18:1:2 19:0:2",18,1,2,0,19,0,1,3,3,"3:0:2 15:2:2 17:1:2"
WO_PLUS_MO,18,37,"18:1:2 19:0:2",18,1,2,0,19,0,1,4,3,"4:0:2 14:2:2 17:1:2"
WO_PLUS_MO,18,37,"18:1:2 19:0:2",18,1,2,0,19,0,1,5,3,"5:0:2 13:2:2 17:1:2"
WO_PLUS_MO,18,37,"18:1:2 19:0:2",18,1,2,0,19,0,1,6,3,"6:0:2 12:2:2 17:1:2"
WO_PLUS_MO,18,37,"18:1:2 19:0:2",18,1,2,0,19,0,1,7,3,"7:0:2 11:2:2 17:1:2"
WO_PLUS_MO,18,37,"18:1:2 19:0:2",18,1,2,0,19,0,1,8,3,"8:0:2 10:2:2 17:1:2"
WO_PLUS_MO,18,37,"18:1:2 19:0:2",18,1,2,0,19,0,1,9,3,"9:0:2 9:2:2 17:1:2"
WO_PLUS_MO,18,37,"18:1:2 19:0:2",18,1,2,0,19,0,1,10,3,"8:2:2 10:0:2 17:1:2"
WO_PLUS_MO,18,37,"18:1:2 19:0:2",18,1,2,0,19,0,1,11,3,"7:2:2 11:0:2 17:1:2"
WO_PLUS_MO,18,37,"18:1:2 19:0:2",18,1,2,0,19,0,1,12,3,"6:2:2 12:0:2 17:1:2"
WO_PLUS_MO,18,37,"18:1:2 19:0:2",18,1,2,0,19,0,1,13,3,"5:2:2 13:0:2 17:1:2"
WO_PLUS_MO,18,37,"18:1:2 19:0:2",18,1,2,0,19,0,1,14,3,"4:2:2 14:0:2 17:1:2"
WO_PLUS_MO,18,37,"18:1:2 19:0:2",18,1,2,0,19,0,1,15,3,"3:2:2 15:0:2 17:1:2"
WO_PLUS_MO,18,37,"18:1:2 19:0:2",18,1,2,0,19,0,1,16,3,"2:2:2 16:0:2 17:1:2"
WO_PLUS_MO,18,37,"18:1:2 19:0:2",18,1,2,0,19,0,1,17,3,"1:2:2 17:0:2 17:1:2"
WO_PLUS_MO,18,37,"18:1:2 19:0:2",18,1,2,0,19,0,1,18,2,"17:1:2 18:0:2"
WO_PLUS_MO,18,37,"18:1:2 19:0:2",18,1,2,1,16,1,2,2,4,"1:1:1 2:2:2 13:1:2 19:0:2"
WO_PLUS_MO,18,37,"18:1:2 19:0:2",18,1,2,1,16,1,2,4,4,"1:1:1 4:2:2 11:1:2 19:0:2"
WO_PLUS_MO,18,37,"18:1:2 19:0:2",18,1,2,1,16,1,2,5,4,"1:1:1 5:2:2 10:1:2 19:0:2"
WO_PLUS_MO,18,37,"18:1:2 19:0:2",18,1,2,1,16,1,2,6,4,"1:1:1 6:2:2 9:1:2 19:0:2"
WO_PLUS_MO,18,37,"18:1:2 19:0:2",18,1,2,1,16,1,2,7,4,"1:1:1 7:2:2 8:1:2 19:0:2"
WO_PLUS_MO,18,37,"18:1:2 19:0:2",18,1,2,1,16,1,2,8,4,"1:1:1 7:1:2 8:2:2 19:0:2"
WO_PLUS_MO,18,37,"18:1:2 19:0:2",18,1,2,1,16,1,2,9,4,"1:1:1 6:1:2 9:2:2 19:0:2"
WO_PLUS_MO,18,37,"18:1:2 19:0:2",18,1,2,1,16,1,2,10,4,"1:1:1 5:1:2 10:2:2 19:0:2"
WO_PLUS_MO,18,37,"18:1:2 19:0:2",18,1,2,1,16,1,2,11,4,"1:1:1 4:1:2 11:2:2 19:0:2"
WO_PLUS_MO,18,37,"18:1:2 19:0:2",18,1,2,1,16,1,2,12,4,"1:1:1 3:1:2 12:2:2 19:0:2"
WO_PLUS_MO,18,37,"18:1:2 19:0:2",18,1,2,1,16,1,2,13,4,"1:1:1 2:1:2 13:2:2 19:0:2"
WO_PLUS_MO,18,37,"18:1:2 19:0:2",18,1,2,1,16,1,2,14,4,"1:1:1 1:1:2 14:2:2 19:0:2"
WO_PLUS_MO,18,37,"18:1:2 19:0:2",18,1,2,1,19,0,1,2,4,"1:1:1 2:0:2 16:1:2 16:2:2"
WO_PLUS_MO,18,37,"18:1:2 19:0:2",18,1,2,1,19,0,1,3,4,"1:1:1 3:0:2 15:2:2 16:1:2"
WO_PLUS_MO,18,37,"18:1:2 19:0:2",18,1,2,1,19,0,1,4,4,"1:1:1 4:0:2 14:2:2 16:1:2"
WO_PLUS_MO,18,37,"18:1:2 19:0:2",18,1,2,1,19,0,1,5,4,"1:1:1 5:0:2 13:2:2 16:1:2"
WO_PLUS_MO,18,37,"18:1:2 19:0:2",18,1,2,1,19,0,1,6,4,"1:1:1 6:0:2 12:2:2 16:1:2"
WO_PLUS_MO,18,37,"18:1:2 19:0:2",18,1,2,1,19,0,1,7,4,"1:1:1 7:0:2 11:2:2 16:1:2"
WO_PLUS_MO,18,37,"18:1:2 19:0:2",18,1,2,1,19,0,1,8,4,"1:1:1 8:0:2 10:2:2 16:1:2"
WO_PLUS_MO,18,37,"18:1:2 19:0:2",18,1,2,1,19,0,1,9,4,"1:1:1 9:0:2 9:2:2 16:1:2"
WO_PLUS_MO,18,37,"18:1:2 19:0:2",18,1,2,1,19,0,1,10,4,"1:1:1 8:2:2 10:0:2 16:1:2"
WO_PLUS_MO,18,37,"18:1:2 19:0:2",18,1,2,1,19,0,1,11,4,"1:1:1 7:2:2 11:0:2 16:1:2"
WO_PLUS_MO,18,37,"18:1:2 19:0:2",18,1,2,1,19,0,1,12,4,"1:1:1 6:2:2 12:0:2 16:1:2"
WO_PLUS_MO,18,37,"18:1:2 19:0:2",18,1,2,1,19,0,1,13,4,"1:1:1 5:2:2 13:0:2 16:1:2"
WO_PLUS_MO,18,37,"18:1:2 19:0:2",18,1,2,1,19,0,1,14,4,"1:1:1 4:2:2 14:0:2 16:1:2"
WO_PLUS_MO,18,37,"18:1:2 19:0:2",18,1,2,1,19,0,1,16,4,"1:1:1 2:2:2 16:0:2 16:1:2"
WO_PLUS_MO,18,37,"18:1:2 19:0:2",18,1,2,1,19,0,1,17,4,"1:1:1 1:2:2 16:1:2 17:0:2"
WO_PLUS_MO,18,37,"18:1:2 19:0:2",18,1,2,2,19,0,1,16,4,"2:1:1 2:2:2 15:1:2 16:0:2"
WO_PLUS_MO,18,37,"18:1:2 19:0:2",18,1,2,3,14,1,2,2,4,"2:2:2 3:1:1 11:1:2 19:0:2"
WO_PLUS_MO,18,37,"18:1:2 19:0:2",18,1,2,3,14,1,2,4,4,"3:1:1 4:2:2 9:1:2 19:0:2"
WO_PLUS_MO,18,37,"18:1:2 19:0:2",18,1,2,3,14,1,2,5,4,"3:1:1 5:2:2 8:1:2 19:0:2"
WO_PLUS_MO,18,37,"18:1:2 19:0:2",18,1,2,3,14,1,2,6,4,"3:1:1 6:2:2 7:1:2 19:0:2"
WO_PLUS_MO,18,37,"18:1:2 19:0:2",18,1,2,3,14,1,2,7,4,"3:1:1 6:1:2 7:2:2 19:0:2"
WO_PLUS_MO,18,37,"18:1:2 19:0:2",18,1,2,3,14,1,2,8,4,"3:1:1 5:1:2 8:2:2 19:0:2"
WO_PLUS_MO,18,37,"18:1:2 19:0:2",18,1,2,3,14,1,2,9,4,"3:1:1 4:1:2 9:2:2 19:0:2"
WO_PLUS_MO,18,37,"18:1:2 19:0:2",18,1,2,3,14,1,2,10,4,"3:1:1 3:1:2 10:2:2 19:0:2"
WO_PLUS_MO,18,37,"18:1:2 19:0:2",18,1,2,3,14,1,2,11,4,"2:1:2 3:1:1 11:2:2 19:0:2"
WO_PLUS_MO,18,37,"18:1:2 19:0:2",18,1,2,3,14,1,2,12,4,"1:1:2 3:1:1 12:2:2 19:0:2"
WO_PLUS_MO,18,37,"18:1:2 19:0:2",18,1,2,3,19,0,1,2,4,"2:0:2 3:1:1 14:1:2 16:2:2"
WO_PLUS_MO,18,37,"18:1:2 19:0:2",18,1,2,3,19,0,1,3,4,"3:0:2 3:1:1 14:1:2 15:2:2"
WO_PLUS_MO,18,37,"18:1:2 19:0:2",18,1,2,3,19,0,1,4,4,"3:1:1 4:0:2 14:1:2 14:2:2"
WO_PLUS_MO,18,37,"18:1:2 19:0:2",18,1,2,3,19,0,1,5,4,"3:1:1 5:0:2 13:2:2 14:1:2"
WO_PLUS_MO,18,37,"18:1:2 19:0:2",18,1,2,3,19,0,1,6,4,"3:1:1 6:0:2 12:2:2 14:1:2"
WO_PLUS_MO,18,37,"18:1:2 19:0:2",18,1,2,3,19,0,1,7,4,"3:1:1 7:0:2 11:2:2 14:1:2"
WO_PLUS_MO,18,37,"18:1:2 19:0:2",18,1,2,3,19,0,1,8,4,"3:1:1 8:0:2 10:2:2 14:1:2"
WO_PLUS_MO,18,37,"18:1:2 19:0:2",18,1,2,3,19,0,1,9,4,"3:1:1 9:0:2 9:2:2 14:1:2"
WO_PLUS_MO,18,37,"18:1:2 19:0:2",18,1,2,3,19,0,1,10,4,"3:1:1 8:2:2 10:0:2 14:1:2"
WO_PLUS_MO,18,37,"18:1:2 19:0:2",18,1,2,3,19,0,1,11,4,"3:1:1 7:2:2 11:0:2 14:1:2"
WO_PLUS_MO,18,37,"18:1:2 19:0:2",18,1,2,3,19,0,1,12,4,"3:1:1 6:2:2 12:0:2 14:1:2"
WO_PLUS_MO,18,37,"18:1:2 19:0:2",18,1,2,3,19,0,1,13,4,"3:1:1 5:2:2 13:0:2 14:1:2"
WO_PLUS_MO,18,37,"18:1:2 19:0:2",18,1,2,3,19,0,1,14,4,"3:1:1 4:2:2 14:0:2 14:1:2"
WO_PLUS_MO,18,37,"18:1:2 19:0:2",18,1,2,3,19,0,1,15,4,"3:1:1 3:2:2 14:1:2 15:0:2"
WO_PLUS_MO,18,37,"18:1:2 19:0:2",18,1,2,3,19,0,1,16,4,"2:2:2 3:1:1 14:1:2 16:0:2"
WO_PLUS_MO,18,37,"18:1:2 19:0:2",18,1,2,4,13,1,2,2,4,"2:2:2 4:1:1 10:1:2 19:0:2"
WO_PLUS_MO,18,37,"18:1:2 19:0:2",18,1,2,4,13,1,2,5,4,"4:1:1 5:2:2 7:1:2 19:0:2"
WO_PLUS_MO,18,37,"18:1:2 19:0:2",18,1,2,4,13,1,2,8,4,"4:1:1 4:1:2 8:2:2 19:0:2"
WO_PLUS_MO,18,37,"18:1:2 19:0:2",18,1,2,4,13,1,2,9,4,"3:1:2 4:1:1 9:2:2 19:0:2"
WO_PLUS_MO,18,37,"18:1:2 19:0:2",18,1,2,4,13,1,2,10,4,"2:1:2 4:1:1 10:2:2 19:0:2"
WO_PLUS_MO,18,37,"18:1:2 19:0:2",18,1,2,4,13,1,2,11,4,"1:1:2 4:1:1 11:2:2 19:0:2"
WO_PLUS_MO,18,37,"18:1:2 19:0:2",18,1,2,4,19,0,1,5,4,"4:1:1 5:0:2 13:1:2 13:2:2"
WO_PLUS_MO,18,37,"18:1:2 19:0:2",18,1,2,4,19,0,1,6,4,"4:1:1 6:0:2 12:2:2 13:1:2"
WO_PLUS_MO,18,37,"18:1:2 19:0:2",18,1,2,4,19,0,1,8,4,"4:1:1 8:0:2 10:2:2 13:1:2"
WO_PLUS_MO,18,37,"18:1:2 19:0:2",18,1,2,4,19,0,1,9,4,"4:1:1 9:0:2 9:2:2 13:1:2"
WO_PLUS_MO,18,37,"18:1:2 19:0:2",18,1,2,4,19,0,1,10,4,"4:1:1 8:2:2 10:0:2 13:1:2"
WO_PLUS_MO,18,37,"18:1:2 19:0:2",18,1,2,4,19,0,1,11,4,"4:1:1 7:2:2 11:0:2 13:1:2"
WO_PLUS_MO,18,37,"18:1:2 19:0:2",18,1,2,4,19,0,1,13,4,"4:1:1 5:2:2 13:0:2 13:1:2"
WO_PLUS_MO,18,37,"18:1:2 19:0:2",18,1,2,4,19,0,1,14,4,"4:1:1 4:2:2 13:1:2 14:0:2"
WO_PLUS_MO,18,37,"18:1:2 19:0:2",18,1,2,4,19,0,1,16,4,"2:2:2 4:1:1 13:1:2 16:0:2"
WO_PLUS_MO,18,37,"18:1:2 19:0:2",18,1,2,5,12,1,2,2,4,"2:2:2 5:1:1 9:1:2 19:0:2"
WO_PLUS_MO,18,37,"18:1:2 19:0:2",18,1,2,5,19,0,1,13,4,"5:1:1 5:2:2 12:1:2 13:0:2"
WO_PLUS_MO,18,37,"18:1:2 19:0:2",18,1,2,5,19,0,1,16,4,"2:2:2 5:1:1 12:1:2 16:0:2"
WO_PLUS_MO,18,37,"18:1:2 19:0:2",18,1,2,6,6,2,2,2,4,"2:1:2 3:1:2 11:1:2 19:0:2"
WO_PLUS_MO,18,37,"18:1:2 19:0:2",18,1,2,6,11,1,2,2,4,"2:2:2 6:1:1 8:1:2 19:0:2"
WO_PLUS_MO,18,37,"18:1:2 19:0:2",18,1,2,6,11,1,2,5,4,"5:1:2 5:2:2 6:1:1 19:0:2"
WO_PLUS_MO,18,37,"18:1:2 19:0:2",18,1,2,6,11,1,2,8,4,"2:1:2 6:1:1 8:2:2 19:0:2"
WO_PLUS_MO,18,37,"18:1:2 19:0:2",18,1,2,6,11,1,2,9,4,"1:1:2 6:1:1 9:2:2 19:0:2"
WO_PLUS_MO,18,37,"18:1:2 19:0:2",18,1,2,6,19,0,1,5,4,"5:0:2 6:1:1 11:1:2 13:2:2"
WO_PLUS_MO,18,37,"18:1:2 19:0:2",18,1,2,6,19,0,1,6,4,"6:0:2 6:1:1 11:1:2 12:2:2"
WO_PLUS_MO,18,37,"18:1:2 19:0:2",18,1,2,6,19,0,1,8,4,"6:1:1 8:0:2 10:2:2 11:1:2"
WO_PLUS_MO,18,37,"18:1:2 19:0:2",18,1,2,6,19,0,1,9,4,"6:1:1 9:0:2 9:2:2 11:1:2"
WO_PLUS_MO,18,37,"18:1:2 19:0:2",18,1,2,6,19,0,1,10,4,"6:1:1 8:2:2 10:0:2 11:1:2"
WO_PLUS_MO,18,37,"18:1:2 19:0:2",18,1,2,6,19,0,1,11,4,"6:1:1 7:2:2 11:0:2 11:1:2"
WO_PLUS_MO,18,37,"18:1:2 19:0:2",18,1,2,6,19,0,1,12,4,"6:1:1 6:2:2 11:1:2 12:0:2"
WO_PLUS_MO,18,37,"18:1:2 19:0:2",18,1,2,6,19,0,1,13,4,"5:2:2 6:1:1 11:1:2 13:0:2"
WO_PLUS_MO,18,37,"18:1:2 19:0:2",18,1,2,6,19,0,1,16,4,"2:2:2 6:1:1 11:1:2 16:0:2"
WO_PLUS_MO,18,37,"18:1:2 19:0:2",18,1,2,7,10,1,2,2,4,"2:2:2 7:1:1 7:1:2 19:0:2"
WO_PLUS_MO,18,37,"18:1:2 19:0:2",18,1,2,7,10,1,2,5,4,"4:1:2 5:2:2 7:1:1 19:0:2"
WO_PLUS_MO,18,37,"18:1:2 19:0:2",18,1,2,7,10,1,2,8,4,"1:1:2 7:1:1 8:2:2 19:0:2"
WO_PLUS_MO,18,37,"18:1:2 19:0:2",18,1,2,7,19,0,1,5,4,"5:0:2 7:1:1 10:1:2 13:2:2"
WO_PLUS_MO,18,37,"18:1:2 19:0:2",18,1,2,7,19,0,1,6,4,"6:0:2 7:1:1 10:1:2 12:2:2"
WO_PLUS_MO,18,37,"18:1:2 19:0:2",18,1,2,7,19,0,1,8,4,"7:1:1 8:0:2 10:1:2 10:2:2"
WO_PLUS_MO,18,37,"18:1:2 19:0:2",18,1,2,7,19,0,1,10,4,"7:1:1 8:2:2 10:0:2 10:1:2"
WO_PLUS_MO,18,37,"18:1:2 19:0:2",18,1,2,7,19,0,1,11,4,"7:1:1 7:2:2 10:1:2 11:0:2"
WO_PLUS_MO,18,37,"18:1:2 19:0:2",18,1,2,7,19,0,1,13,4,"5:2:2 7:1:1 10:1:2 13:0:2"
WO_PLUS_MO,18,37,"18:1:2 19:0:2",18,1,2,7,19,0,1,16,4,"2:2:2 7:1:1 10:1:2 16:0:2"
WO_PLUS_MO,18,37,"18:1:2 19:0:2",18,1,2,8,8,2,2,2,4,"2:1:2 5:1:2 9:1:2 19:0:2"
WO_PLUS_MO,18,37,"18:1:2 19:0:2",18,1,2,8,9,1,2,2,4,"2:2:2 6:1:2 8:1:1 19:0:2"
WO_PLUS_MO,18,37,"18:1:2 19:0:2",18,1,2,8,9,1,2,5,4,"3:1:2 5:2:2 8:1:1 19:0:2"
WO_PLUS_MO,18,37,"18:1:2 19:0:2",18,1,2,8,19,0,1,10,4,"8:1:1 8:2:2 9:1:2 10:0:2"
WO_PLUS_MO,18,37,"18:1:2 19:0:2",18,1,2,8,19,0,1,13,4,"5:2:2 8:1:1 9:1:2 13:0:2"
WO_PLUS_MO,18,37,"18:1:2 19:0:2",18,1,2,8,19,0,1,16,4,"2:2:2 8:1:1 9:1:2 16:0:2"
WO_PLUS_MO,18,37,"18:1:2 19:0:2",18,1,2,9,8,1,2,2,4,"2:2:2 5:1:2 9:1:1 19:0:2"
WO_PLUS_MO,18,37,"18:1:2 19:0:2",18,1,2,9,9,2,2,2,4,"2:1:2 6:1:2 8:1:2 19:0:2"
WO_PLUS_MO,18,37,"18:1:2 19:0:2",18,1,2,9,9,2,2,3,4,"3:1:2 5:1:2 8:1:2 19:0:2"
WO_PLUS_MO,18,37,"18:1:2 19:0:2",18,1,2,9,19,0,1,6,4,"6:0:2 8:1:2 9:1:1 12:2:2"
WO_PLUS_MO,18,37,"18:1:2 19:0:2",18,1,2,9,19,0,1,9,4,"8:1:2 9:0:2 9:1:1 9:2:2"
WO_PLUS_MO,18,37,"18:1:2 19:0:2",18,1,2,9,19,0,1,16,4,"2:2:2 8:1:2 9:1:1 16:0:2"
WO_PLUS_MO,18,37,"18:1:2 19:0:2",18,1,2,10,7,1,2,2,4,"2:2:2 4:1:2 10:1:1 19:0:2"
WO_PLUS_MO,18,37,"18:1:2 19:0:2",18,1,2,10,7,1,2,5,4,"1:1:2 5:2:2 10:1:1 19:0:2"
WO_PLUS_MO,18,37,"18:1:2 19:0:2",18,1,2,10,19,0,1,5,4,"5:0:2 7:1:2 10:1:1 13:2:2"
WO_PLUS_MO,18,37,"18:1:2 19:0:2",18,1,2,10,19,0,1,8,4,"7:1:2 8:0:2 10:1:1 10:2:2"
WO_PLUS_MO,18,37,"18:1:2 19:0:2",18,1,2,10,19,0,1,9,4,"7:1:2 9:0:2 9:2:2 10:1:1"
WO_PLUS_MO,18,37,"18:1:2 19:0:2",18,1,2,10,19,0,1,10,4,"7:1:2 8:2:2 10:0:2 10:1:1"
WO_PLUS_MO,18,37,"18:1:2 19:0:2",18,1,2,10,19,0,1,11,4,"7:1:2 7:2:2 10:1:1 11:0:2"
WO_PLUS_MO,18,37,"18:1:2 19:0:2",18,1,2,10,19,0,1,13,4,"5:2:2 7:1:2 10:1:1 13:0:2"
WO_PLUS_MO,18,37,"18:1:2 19:0:2",18,1,2,10,19,0,1,16,4,"2:2:2 7:1:2 10:1:1 16:0:2"
WO_PLUS_MO,18,37,"18:1:2 19:0:2",18,1,2,11,6,1,2,2,4,"2:2:2 3:1:2 11:1:1 19:0:2"
WO_PLUS_MO,18,37,"18:1:2 19:0:2",18,1,2,11,11,2,2,2,4,"2:1:2 6:1:2 8:1:2 19:0:2"
WO_PLUS_MO,18,37,"18:1:2 19:0:2",18,1,2,11,19,0,1,7,4,"6:1:2 7:0:2 11:1:1 11:2:2"
WO_PLUS_MO,18,37,"18:1:2 19:0:2",18,1,2,11,19,0,1,10,4,"6:1:2 8:2:2 10:0:2 11:1:1"
WO_PLUS_MO,18,37,"18:1:2 19:0:2",18,1,2,11,19,0,1,13,4,"5:2:2 6:1:2 11:1:1 13:0:2"
WO_PLUS_MO,18,37,"18:1:2 19:0:2",18,1,2,11,19,0,1,16,4,"2:2:2 6:1:2 11:1:1 16:0:2"
WO_PLUS_MO,18,37,"18:1:2 19:0:2",18,1,2,12,5,1,2,2,4,"2:1:2 2:2:2 12:1:1 19:0:2"
WO_PLUS_MO,18,37,"18:1:2 19:0:2",18,1,2,12,12,2,2,2,4,"2:1:2 5:1:2 9:1:2 19:0:2"
WO_PLUS_MO,18,37,"18:1:2 19:0:2",18,1,2,12,12,2,2,3,4,"3:1:2 5:1:2 8:1:2 19:0:2"
WO_PLUS_MO,18,37,"18:1:2 19:0:2",18,1,2,12,19,0,1,6,4,"5:1:2 6:0:2 12:1:1 12:2:2"
WO_PLUS_MO,18,37,"18:1:2 19:0:2",18,1,2,12,19,0,1,16,4,"2:2:2 5:1:2 12:1:1 16:0:2"
WO_PLUS_MO,18,37,"18:1:2 19:0:2",18,1,2,13,4,1,2,2,4,"1:1:2 2:2:2 13:1:1 19:0:2"
WO_PLUS_MO,18,37,"18:1:2 19:0:2",18,1,2,13,19,0,1,5,4,"4:1:2 5:0:2 13:1:1 13:2:2"
WO_PLUS_MO,18,37,"18:1:2 19:0:2",18,1,2,13,19,0,1,7,4,"4:1:2 7:0:2 11:2:2 13:1:1"
WO_PLUS_MO,18,37,"18:1:2 19:0:2",18,1,2,13,19,0,1,8,4,"4:1:2 8:0:2 10:2:2 13:1:1"
WO_PLUS_MO,18,37,"18:1:2 19:0:2",18,1,2,13,19,0,1,10,4,"4:1:2 8:2:2 10:0:2 13:1:1"
WO_PLUS_MO,18,37,"18:1:2 19:0:2",18,1,2,13,19,0,1,13,4,"4:1:2 5:2:2 13:0:2 13:1:1"
WO_PLUS_MO,18,37,"18:1:2 19:0:2",18,1,2,13,19,0,1,16,4,"2:2:2 4:1:2 13:1:1 16:0:2"
WO_PLUS_MO,18,37,"18:1:2 19:0:2",18,1,2,14,14,2,2,2,4,"2:1:2 3:1:2 11:1:2 19:0:2"
WO_PLUS_MO,18,37,"18:1:2 19:0:2",18,1,2,14,14,2,2,5,4,"3:1:2 5:1:2 8:1:2 19:0:2"
WO_PLUS_MO,18,37,"18:1:2 19:0:2",18,1,2,14,19,0,1,4,4,"3:1:2 4:0:2 14:1:1 14:2:2"
WO_PLUS_MO,18,37,"18:1:2 19:0:2",18,1,2,14,19,0,1,10,4,"3:1:2 8:2:2 10:0:2 14:1:1"
WO_PLUS_MO,18,37,"18:1:2 19:0:2",18,1,2,14,19,0,1,13,4,"3:1:2 5:2:2 13:0:2 14:1:1"
WO_PLUS_MO,18,37,"18:1:2 19:0:2",18,1,2,14,19,0,1,16,4,"2:2:2 3:1:2 14:1:1 16:0:2"
WO_PLUS_MO,18,37,"18:1:2 19:0:2",18,1,2,15,15,2,2,3,4,"2:1:2 3:1:2 11:1:2 19:0:2"
WO_PLUS_MO,18,37,"18:1:2 19:0:2",18,1,2,15,15,2,2,5,4,"2:1:2 5:1:2 9:1:2 19:0:2"
WO_PLUS_MO,18,37,"18:1:2 19:0:2",18,1,2,15,15,2,2,6,4,"2:1:2 6:1:2 8:1:2 19:0:2"
WO_PLUS_MO,18,37,"18:1:2 19:0:2",18,1,2,15,19,0,1,3,4,"2:1:2 3:0:2 15:1:1 15:2:2"
WO_PLUS_MO,18,37,"18:1:2 19:0:2",18,1,2,15,19,0,1,6,4,"2:1:2 6:0:2 12:2:2 15:1:1"
WO_PLUS_MO,18,37,"18:1:2 19:0:2",18,1,2,15,19,0,1,16,4,"2:1:2 2:2:2 15:1:1 16:0:2"
WO_PLUS_MO,18,37,"18:1:2 19:0:2",18,1,2,16,19,0,1,2,4,"1:1:2 2:0:2 16:1:1 16:2:2"
WO_PLUS_MO,18,37,"18:1:2 19:0:2",18,1,2,16,19,0,1,5,4,"1:1:2 5:0:2 13:2:2 16:1:1"
WO_PLUS_MO,18,37,"18:1:2 19:0:2",18,1,2,16,19,0,1,10,4,"1:1:2 8:2:2 10:0:2 16:1:1"
WO_PLUS_MO,18,37,"18:1:2 19:0:2",18,1,2,16,19,0,1,13,4,"1:1:2 5:2:2 13:0:2 16:1:1"
WO_PLUS_MO,18,37,"18:1:2 19:0:2",18,1,2,16,19,0,1,16,4,"1:1:2 2:2:2 16:0:2 16:1:1"
WO_PLUS_MO,18,37,"18:1:2 19:0:2",19,0,2,1,17,1,2,2,4,"1:0:1 2:2:2 14:1:2 18:1:2"
WO_PLUS_MO,18,37,"18:1:2 19:0:2",19,0,2,1,17,1,2,3,4,"1:0:1 3:2:2 13:1:2 18:1:2"
WO_PLUS_MO,18,37,"18:1:2 19:0:2",19,0,2,1,17,1,2,4,4,"1:0:1 4:2:2 12:1:2 18:1:2"
WO_PLUS_MO,18,37,"18:1:2 19:0:2",19,0,2,1,17,1,2,5,4,"1:0:1 5:2:2 11:1:2 18:1:2"
WO_PLUS_MO,18,37,"18:1:2 19:0:2",19,0,2,1,17,1,2,6,4,"1:0:1 6:2:2 10:1:2 18:1:2"
WO_PLUS_MO,18,37,"18:1:2 19:0:2",19,0,2,1,17,1,2,7,4,"1:0:1 7:2:2 9:1:2 18:1:2"
WO_PLUS_MO,18,37,"18:1:2 19:0:2",19,0,2,1,17,1,2,8,4,"1:0:1 8:1:2 8:2:2 18:1:2"
WO_PLUS_MO,18,37,"18:1:2 19:0:2",19,0,2,1,17,1,2,9,4,"1:0:1 7:1:2 9:2:2 18:1:2"
WO_PLUS_MO,18,37,"18:1:2 19:0:2",19,0,2,1,17,1,2,10,4,"1:0:1 6:1:2 10:2:2 18:1:2"
WO_PLUS_MO,18,37,"18:1:2 19:0:2",19,0,2,1,17,1,2,11,4,"1:0:1 5:1:2 11:2:2 18:1:2"
WO_PLUS_MO,18,37,"18:1:2 19:0:2",19,0,2,1,17,1,2,12,4,"1:0:1 4:1:2 12:2:2 18:1:2"
WO_PLUS_MO,18,37,"18:1:2 19:0:2",19,0,2,1,17,1,2,13,4,"1:0:1 3:1:2 13:2:2 18:1:2"
WO_PLUS_MO,18,37,"18:1:2 19:0:2",19,0,2,1,17,1,2,14,4,"1:0:1 2:1:2 14:2:2 18:1:2"
WO_PLUS_MO,18,37,"18:1:2 19:0:2",19,0,2,1,17,1,2,15,4,"1:0:1 1:1:2 15:2:2 18:1:2"
WO_PLUS_MO,18,37,"18:1:2 19:0:2",19,0,2,1,18,1,2,0,3,"1:0:1 17:1:2 17:1:2"
WO_PLUS_MO,18,37,"18:1:2 19:0:2",19,0,2,1,18,1,2,1,4,"1:0:1 1:2:2 16:1:2 17:1:2"
WO_PLUS_MO,18,37,"18:1:2 19:0:2",19,0,2,1,18,1,2,2,4,"1:0:1 2:2:2 15:1:2 17:1:2"
WO_PLUS_MO,18,37,"18:1:2 19:0:2",19,0,2,1,18,1,2,3,4,"1:0:1 3:2:2 14:1:2 17:1:2"
WO_PLUS_MO,18,37,"18:1:2 19:0:2",19,0,2,1,18,1,2,4,4,"1:0:1 4:2:2 13:1:2 17:1:2"
WO_PLUS_MO,18,37,"18:1:2 19:0:2",19,0,2,1,18,1,2,5,4,"1:0:1 5:2:2 12:1:2 17:1:2"
WO_PLUS_MO,18,37,"18:1:2 19:0:2",19,0,2,1,18,1,2,6,4,"1:0:1 6:2:2 11:1:2 17:1:2"
WO_PLUS_MO,18,37,"18:1:2 19:0:2",19,0,2,1,18,1,2,7,4,"1:0:1 7:2:2 10:1:2 17:1:2"
WO_PLUS_MO,18,37,"18:1:2 19:0:2",19,0,2,1,18,1,2,8,4,"1:0:1 8:2:2 9:1:2 17:1:2"
WO_PLUS_MO,18,37,"18:1:2 19:0:2",19,0,2,1,18,1,2,9,4,"1:0:1 8:1:2 9:2:2 17:1:2"
WO_PLUS_MO,18,37,"18:1:2 19:0:2",19,0,2,1,18,1,2,10,4,"1:0:1 7:1:2 10:2:2 17:1:2"
WO_PLUS_MO,18,37,"18:1:2 19:0:2",19,0,2,1,18,1,2,11,4,"1:0:1 6:1:2 11:2:2 17:1:2"
WO_PLUS_MO,18,37,"18:1:2 19:0:2",19,0,2,1,18,1,2,12,4,"1:0:1 5:1:2 12:2:2 17:1:2"
WO_PLUS_MO,18,37,"18:1:2 19:0:2",19,0,2,1,18,1,2,13,4,"1:0:1 4:1:2 13:2:2 17:1:2"
WO_PLUS_MO,18,37,"18:1:2 19:0:2",19,0,2,1,18,1,2,14,4,"1:0:1 3:1:2 14:2:2 17:1:2"
WO_PLUS_MO,18,37,"18:1:2 19:0:2",19,0,2,1,18,1,2,15,4,"1:0:1 2:1:2 15:2:2 17:1:2"
WO_PLUS_MO,18,37,"18:1:2 19:0:2",19,0,2,1,18,1,2,16,4,"1:0:1 1:1:2 16:2:2 17:1:2"
WO_PLUS_MO,18,37,"18:1:2 19:0:2",19,0,2,2,16,1,2,2,4,"2:0:1 2:2:2 13:1:2 18:1:2"
WO_PLUS_MO,18,37,"18:1:2 19:0:2",19,0,2,2,16,1,2,4,4,"2:0:1 4:2:2 11:1:2 18:1:2"
WO_PLUS_MO,18,37,"18:1:2 19:0:2",19,0,2,2,16,1,2,5,4,"2:0:1 5:2:2 10:1:2 18:1:2"
WO_PLUS_MO,18,37,"18:1:2 19:0:2",19,0,2,2,16,1,2,7,4,"2:0:1 7:2:2 8:1:2 18:1:2"
WO_PLUS_MO,18,37,"18:1:2 19:0:2",19,0,2,2,16,1,2,8,4,"2:0:1 7:1:2 8:2:2 18:1:2"
WO_PLUS_MO,18,37,"18:1:2 19:0:2",19,0,2,2,16,1,2,10,4,"2:0:1 5:1:2 10:2:2 18:1:2"
WO_PLUS_MO,18,37,"18:1:2 19:0:2",19,0,2,2,16,1,2,11,4,"2:0:1 4:1:2 11:2:2 18:1:2"
WO_PLUS_MO,18,37,"18:1:2 19:0:2",19,0,2,2,16,1,2,13,4,"2:0:1 2:1:2 13:2:2 18:1:2"
WO_PLUS_MO,18,37,"18:1:2 19:0:2",19,0,2,2,16,1,2,14,4,"1:1:2 2:0:1 14:2:2 18:1:2"
WO_PLUS_MO,18,37,"18:1:2 19:0:2",19,0,2,2,18,1,2,1,4,"1:2:2 2:0:1 16:1:2 16:1:2"
WO_PLUS_MO,18,37,"18:1:2 19:0:2",19,0,2,2,18,1,2,2,4,"2:0:1 2:2:2 15:1:2 16:1:2"
WO_PLUS_MO,18,37,"18:1:2 19:0:2",19,0,2,2,18,1,2,4,4,"2:0:1 4:2:2 13:1:2 16:1:2"
WO_PLUS_MO,18,37,"18:1:2 19:0:2",19,0,2,2,18,1,2,5,4,"2:0:1 5:2:2 12:1:2 16:1:2"
WO_PLUS_MO,18,37,"18:1:2 19:0:2",19,0,2,2,18,1,2,6,4,"2:0:1 6:2:2 11:1:2 16:1:2"
WO_PLUS_MO,18,37,"18:1:2 19:0:2",19,0,2,2,18,1,2,7,4,"2:0:1 7:2:2 10:1:2 16:1:2"
WO_PLUS_MO,18,37,"18:1:2 19:0:2",19,0,2,2,18,1,2,8,4,"2:0:1 8:2:2 9:1:2 16:1:2"
WO_PLUS_MO,18,37,"18:1:2 19:0:2",19,0,2,2,18,1,2,9,4,"2:0:1 8:1:2 9:2:2 16:1:2"
WO_PLUS_MO,18,37,"18:1:2 19:0:2",19,0,2,2,18,1,2,10,4,"2:0:1 7:1:2 10:2:2 16:1:2"
WO_PLUS_MO,18,37,"18:1:2 19:0:2",19,0,2,2,18,1,2,11,4,"2:0:1 6:1:2 11:2:2 16:1:2"
WO_PLUS_MO,18,37,"18:1:2 19:0:2",19,0,2,2,18,1,2,12,4,"2:0:1 5:1:2 12:2:2 16:1:2"
WO_PLUS_MO,18,37,"18:1:2 19:0:2",19,0,2,2,18,1,2,13,4,"2:0:1 4:1:2 13:2:2 16:1:2"
WO_PLUS_MO,18,37,"18:1:2 19:0:2",19,0,2,2,18,1,2,14,4,"2:0:1 3:1:2 14:2:2 16:1:2"
WO_PLUS_MO,18,37,"18:1:2 19:0:2",19,0,2,2,18,1,2,15,4,"2:0:1 2:1:2 15:2:2 16:1:2"
WO_PLUS_MO,18,37,"18:1:2 19:0:2",19,0,2,2,18,1,2,16,4,"1:1:2 2:0:1 16:1:2 16:2:2"
WO_PLUS_MO,18,37,"18:1:2 19:0:2",19,0,2,3,15,1,2,2,4,"2:2:2 3:0:1 12:1:2 18:1:2"
WO_PLUS_MO,18,37,"18:1:2 19:0:2",19,0,2,3,15,1,2,4,4,"3:0:1 4:2:2 10:1:2 18:1:2"
WO_PLUS_MO,18,37,"18:1:2 19:0:2",19,0,2,3,15,1,2,5,4,"3:0:1 5:2:2 9:1:2 18:1:2"
WO_PLUS_MO,18,37,"18:1:2 19:0:2",19,0,2,3,15,1,2,6,4,"3:0:1 6:2:2 8:1:2 18:1:2"
WO_PLUS_MO,18,37,"18:1:2 19:0:2",19,0,2,3,15,1,2,7,4,"3:0:1 7:1:2 7:2:2 18:1:2"
WO_PLUS_MO,18,37,"18:1:2 19:0:2",19,0,2,3,15,1,2,8,4,"3:0:1 6:1:2 8:2:2 18:1:2"
WO_PLUS_MO,18,37,"18:1:2 19:0:2",19,0,2,3,15,1,2,9,4,"3:0:1 5:1:2 9:2:2 18:1:2"
WO_PLUS_MO,18,37,"18:1:2 19:0:2",19,0,2,3,15,1,2,10,4,"3:0:1 4:1:2 10:2:2 18:1:2"
WO_PLUS_MO,18,37,"18:1:2 19:0:2",19,0,2,3,15,1,2,11,4,"3:0:1 3:1:2 11:2:2 18:1:2"
WO_PLUS_MO,18,37,"18:1:2 19:0:2",19,0,2,3,15,1,2,12,4,"2:1:2 3:0:1 12:2:2 18:1:2"
WO_PLUS_MO,18,37,"18:1:2 19:0:2",19,0,2,3,15,1,2,13,4,"1:1:2 3:0:1 13:2:2 18:1:2"
WO_PLUS_MO,18,37,"18:1:2 19:0:2",19,0,2,3,18,1,2,2,4,"2:2:2 3:0:1 15:1:2 15:1:2"
WO_PLUS_MO,18,37,"18:1:2 19:0:2",19,0,2,3,18,1,2,5,4,"3:0:1 5:2:2 12:1:2 15:1:2"
WO_PLUS_MO,18,37,"18:1:2 19:0:2",19,0,2,3,18,1,2,7,4,"3:0:1 7:2:2 10:1:2 15:1:2"
WO_PLUS_MO,18,37,"18:1:2 19:0:2",19,0,2,3,18,1,2,8,4,"3:0:1 8:2:2 9:1:2 15:1:2"
WO_PLUS_MO,18,37,"18:1:2 19:0:2",19,0,2,3,18,1,2,9,4,"3:0:1 8:1:2 9:2:2 15:1:2"
WO_PLUS_MO,18,37,"18:1:2 19:0:2",19,0,2,3,18,1,2,10,4,"3:0:1 7:1:2 10:2:2 15:1:2"
WO_PLUS_MO,18,37,"18:1:2 19:0:2",19,0,2,3,18,1,2,11,4,"3:0:1 6:1:2 11:2:2 15:1:2"
WO_PLUS_MO,18,37,"18:1:2 19:0:2",19,0,2,3,18,1,2,12,4,"3:0:1 5:1:2 12:2:2 15:1:2"
WO_PLUS_MO,18,37,"18:1:2 19:0:2",19,0,2,3,18,1,2,13,4,"3:0:1 4:1:2 13:2:2 15:1:2"
WO_PLUS_MO,18,37,"18:1:2 19:0:2",19,0,2,3,18,1,2,14,4,"3:0:1 3:1:2 14:2:2 15:1:2"
WO_PLUS_MO,18,37,"18:1:2 19:0:2",19,0,2,3,18,1,2,15,4,"2:1:2 3:0:1 15:1:2 15:2:2"
WO_PLUS_MO,18,37,"18:1:2 19:0:2",19,0,2,3,18,1,2,16,4,"1:1:2 3:0:1 15:1:2 16:2:2"
WO_PLUS_MO,18,37,"18:1:2 19:0:2",19,0,2,4,14,1,2,2,4,"2:2:2 4:0:1 11:1:2 18:1:2"
WO_PLUS_MO,18,37,"18:1:2 19:0:2",19,0,2,4,14,1,2,5,4,"4:0:1 5:2:2 8:1:2 18:1:2"
WO_PLUS_MO,18,37,"18:1:2 19:0:2",19,0,2,4,14,1,2,7,4,"4:0:1 6:1:2 7:2:2 18:1:2"
WO_PLUS_MO,18,37,"18:1:2 19:0:2",19,0,2,4,14,1,2,8,4,"4:0:1 5:1:2 8:2:2 18:1:2"
WO_PLUS_MO,18,37,"18:1:2 19:0:2",19,0,2,4,14,1,2,10,4,"3:1:2 4:0:1 10:2:2 18:1:2"
WO_PLUS_MO,18,37,"18:1:2 19:0:2",19,0,2,4,14,1,2,11,4,"2:1:2 4:0:1 11:2:2 18:1:2"
WO_PLUS_MO,18,37,"18:1:2 19:0:2",19,0,2,4,18,1,2,2,4,"2:2:2 4:0:1 14:1:2 15:1:2"
WO_PLUS_MO,18,37,"18:1:2 19:0:2",19,0,2,4,18,1,2,3,4,"3:2:2 4:0:1 14:1:2 14:1:2"
WO_PLUS_MO,18,37,"18:1:2 19:0:2",19,0,2,4,18,1,2,4,4,"4:0:1 4:2:2 13:1:2 14:1:2"
WO_PLUS_MO,18,37,"18:1:2 19:0:2",19,0,2,4,18,1,2,5,4,"4:0:1 5:2:2 12:1:2 14:1:2"
WO_PLUS_MO,18,37,"18:1:2 19:0:2",19,0,2,4,18,1,2,6,4,"4:0:1 6:2:2 11:1:2 14:1:2"
WO_PLUS_MO,18,37,"18:1:2 19:0:2",19,0,2,4,18,1,2,7,4,"4:0:1 7:2:2 10:1:2 14:1:2"
WO_PLUS_MO,18,37,"18:1:2 19:0:2",19,0,2,4,18,1,2,8,4,"4:0:1 8:2:2 9:1:2 14:1:2"
WO_PLUS_MO,18,37,"18:1:2 19:0:2",19,0,2,4,18,1,2,9,4,"4:0:1 8:1:2 9:2:2 14:1:2"
WO_PLUS_MO,18,37,"18:1:2 19:0:2",19,0,2,4,18,1,2,10,4,"4:0:1 7:1:2 10:2:2 14:1:2"
WO_PLUS_MO,18,37,"18:1:2 19:0:2",19,0,2,4,18,1,2,11,4,"4:0:1 6:1:2 11:2:2 14:1:2"
WO_PLUS_MO,18,37,"18:1:2 19:0:2",19,0,2,4,18,1,2,12,4,"4:0:1 5:1:2 12:2:2 14:1:2"
WO_PLUS_MO,18,37,"18:1:2 19:0:2",19,0,2,4,18,1,2,13,4,"4:0:1 4:1:2 13:2:2 14:1:2"
WO_PLUS_MO,18,37,"18:1:2 19:0:2",19,0,2,4,18,1,2,14,4,"3:1:2 4:0:1 14:1:2 14:2:2"
WO_PLUS_MO,18,37,"18:1:2 19:0:2",19,0,2,4,18,1,2,15,4,"2:1:2 4:0:1 14:1:2 15:2:2"
WO_PLUS_MO,18,37,"18:1:2 19:0:2",19,0,2,4,18,1,2,16,4,"1:1:2 4:0:1 14:1:2 16:2:2"
WO_PLUS_MO,18,37,"18:1:2 19:0:2",19,0,2,5,13,1,2,2,4,"2:2:2 5:0:1 10:1:2 18:1:2"
WO_PLUS_MO,18,37,"18:1:2 19:0:2",19,0,2,5,18,1,2,4,4,"4:2:2 5:0:1 13:1:2 13:1:2"
WO_PLUS_MO,18,37,"18:1:2 19:0:2",19,0,2,6,12,1,2,2,4,"2:2:2 6:0:1 9:1:2 18:1:2"
WO_PLUS_MO,18,37,"18:1:2 19:0:2",19,0,2,6,12,1,2,5,4,"5:2:2 6:0:1 6:1:2 18:1:2"
WO_PLUS_MO,18,37,"18:1:2 19:0:2",19,0,2,6,12,1,2,7,4,"4:1:2 6:0:1 7:2:2 18:1:2"
WO_PLUS_MO,18,37,"18:1:2 19:0:2",19,0,2,6,12,1,2,8,4,"3:1:2 6:0:1 8:2:2 18:1:2"
WO_PLUS_MO,18,37,"18:1:2 19:0:2",19,0,2,6,12,1,2,9,4,"2:1:2 6:0:1 9:2:2 18:1:2"
WO_PLUS_MO,18,37,"18:1:2 19:0:2",19,0,2,6,12,1,2,10,4,"1:1:2 6:0:1 10:2:2 18:1:2"
WO_PLUS_MO,18,37,"18:1:2 19:0:2",19,0,2,6,18,1,2,2,4,"2:2:2 6:0:1 12:1:2 15:1:2"
WO_PLUS_MO,18,37,"18:1:2 19:0:2",19,0,2,6,18,1,2,5,4,"5:2:2 6:0:1 12:1:2 12:1:2"
WO_PLUS_MO,18,37,"18:1:2 19:0:2",19,0,2,6,18,1,2,7,4,"6:0:1 7:2:2 10:1:2 12:1:2"
WO_PLUS_MO,18,37,"18:1:2 19:0:2",19,0,2,6,18,1,2,8,4,"6:0:1 8:2:2 9:1:2 12:1:2"
WO_PLUS_MO,18,37,"18:1:2 19:0:2",19,0,2,6,18,1,2,9,4,"6:0:1 8:1:2 9:2:2 12:1:2"
WO_PLUS_MO,18,37,"18:1:2 19:0:2",19,0,2,6,18,1,2,10,4,"6:0:1 7:1:2 10:2:2 12:1:2"
WO_PLUS_MO,18,37,"18:1:2 19:0:2",19,0,2,6,18,1,2,11,4,"6:0:1 6:1:2 11:2:2 12:1:2"
WO_PLUS_MO,18,37,"18:1:2 19:0:2",19,0,2,6,18,1,2,12,4,"5:1:2 6:0:1 12:1:2 12:2:2"
WO_PLUS_MO,18,37,"18:1:2 19:0:2",19,0,2,6,18,1,2,13,4,"4:1:2 6:0:1 12:1:2 13:2:2"
WO_PLUS_MO,18,37,"18:1:2 19:0:2",19,0,2,6,18,1,2,14,4,"3:1:2 6:0:1 12:1:2 14:2:2"
WO_PLUS_MO,18,37,"18:1:2 19:0:2",19,0,2,6,18,1,2,15,4,"2:1:2 6:0:1 12:1:2 15:2:2"
WO_PLUS_MO,18,37,"18:1:2 19:0:2",19,0,2,6,18,1,2,16,4,"1:1:2 6:0:1 12:1:2 16:2:2"
WO_PLUS_MO,18,37,"18:1:2 19:0:2",19,0,2,7,7,0,2,5,4,"1:1:2 5:0:2 11:1:2 18:1:2"
WO_PLUS_MO,18,37,"18:1:2 19:0:2",19,0,2,7,11,1,2,2,4,"2:2:2 7:0:1 8:1:2 18:1:2"
WO_PLUS_MO,18,37,"18:1:2 19:0:2",19,0,2,7,11,1,2,5,4,"5:1:2 5:2:2 7:0:1 18:1:2"
WO_PLUS_MO,18,37,"18:1:2 19:0:2",19,0,2,7,18,1,2,2,4,"2:2:2 7:0:1 11:1:2 15:1:2"
WO_PLUS_MO,18,37,"18:1:2 19:0:2",19,0,2,7,18,1,2,4,4,"4:2:2 7:0:1 11:1:2 13:1:2"
WO_PLUS_MO,18,37,"18:1:2 19:0:2",19,0,2,7,18,1,2,5,4,"5:2:2 7:0:1 11:1:2 12:1:2"
WO_PLUS_MO,18,37,"18:1:2 19:0:2",19,0,2,7,18,1,2,6,4,"6:2:2 7:0:1 11:1:2 11:1:2"
WO_PLUS_MO,18,37,"18:1:2 19:0:2",19,0,2,7,18,1,2,7,4,"7:0:1 7:2:2 10:1:2 11:1:2"
WO_PLUS_MO,18,37,"18:1:2 19:0:2",19,0,2,7,18,1,2,9,4,"7:0:1 8:1:2 9:2:2 11:1:2"
WO_PLUS_MO,18,37,"18:1:2 19:0:2",19,0,2,7,18,1,2,10,4,"7:0:1 7:1:2 10:2:2 11:1:2"
WO_PLUS_MO,18,37,"18:1:2 19:0:2",19,0,2,7,18,1,2,15,4,"2:1:2 7:0:1 11:1:2 15:2:2"
WO_PLUS_MO,18,37,"18:1:2 19:0:2",19,0,2,8,8,0,2,5,4,"2:1:2 5:0:2 10:1:2 18:1:2"
WO_PLUS_MO,18,37,"18:1:2 19:0:2",19,0,2,8,10,1,2,2,4,"2:2:2 7:1:2 8:0:1 18:1:2"
WO_PLUS_MO,18,37,"18:1:2 19:0:2",19,0,2,8,18,1,2,2,4,"2:2:2 8:0:1 10:1:2 15:1:2"
WO_PLUS_MO,18,37,"18:1:2 19:0:2",19,0,2,8,18,1,2,7,4,"7:2:2 8:0:1 10:1:2 10:1:2"
WO_PLUS_MO,18,37,"18:1:2 19:0:2",19,0,2,8,18,1,2,12,4,"5:1:2 8:0:1 10:1:2 12:2:2"
WO_PLUS_MO,18,37,"18:1:2 19:0:2",19,0,2,9,9,1,2,2,4,"2:2:2 6:1:2 9:0:1 18:1:2"
WO_PLUS_MO,18,37,"18:1:2 19:0:2",19,0,2,9,9,1,2,5,4,"3:1:2 5:2:2 9:0:1 18:1:2"
WO_PLUS_MO,18,37,"18:1:2 19:0:2",19,0,2,9,18,1,2,2,4,"2:2:2 9:0:1 9:1:2 15:1:2"
WO_PLUS_MO,18,37,"18:1:2 19:0:2",19,0,2,9,18,1,2,5,4,"5:2:2 9:0:1 9:1:2 12:1:2"
WO_PLUS_MO,18,37,"18:1:2 19:0:2",19,0,2,9,18,1,2,8,4,"8:2:2 9:0:1 9:1:2 9:1:2"
WO_PLUS_MO,18,37,"18:1:2 19:0:2",19,0,2,9,18,1,2,11,4,"6:1:2 9:0:1 9:1:2 11:2:2"
WO_PLUS_MO,18,37,"18:1:2 19:0:2",19,0,2,9,18,1,2,14,4,"3:1:2 9:0:1 9:1:2 14:2:2"
WO_PLUS_MO,18,37,"18:1:2 19:0:2",19,0,2,10,8,1,2,2,4,"2:2:2 5:1:2 10:0:1 18:1:2"
WO_PLUS_MO,18,37,"18:1:2 19:0:2",19,0,2,10,10,0,2,5,4,"4:1:2 5:0:2 8:1:2 18:1:2"
WO_PLUS_MO,18,37,"18:1:2 19:0:2",19,0,2,10,10,0,2,7,4,"2:1:2 7:0:2 8:1:2 18:1:2"
WO_PLUS_MO,18,37,"18:1:2 19:0:2",19,0,2,10,10,0,2,8,4,"1:1:2 8:0:2 8:1:2 18:1:2"
WO_PLUS_MO,18,37,"18:1:2 19:0:2",19,0,2,10,18,1,2,2,4,"2:2:2 8:1:2 10:0:1 15:1:2"
WO_PLUS_MO,18,37,"18:1:2 19:0:2",19,0,2,10,18,1,2,9,4,"8:1:2 8:1:2 9:2:2 10:0:1"
WO_PLUS_MO,18,37,"18:1:2 19:0:2",19,0,2,10,18,1,2,12,4,"5:1:2 8:1:2 10:0:1 12:2:2"
WO_PLUS_MO,18,37,"18:1:2 19:0:2",19,0,2,10,18,1,2,15,4,"2:1:2 8:1:2 10:0:1 15:2:2"
WO_PLUS_MO,18,37,"18:1:2 19:0:2",19,0,2,11,7,1,2,2,4,"2:2:2 4:1:2 11:0:1 18:1:2"
WO_PLUS_MO,18,37,"18:1:2 19:0:2",19,0,2,11,11,0,2,5,4,"5:0:2 5:1:2 7:1:2 18:1:2"
WO_PLUS_MO,18,37,"18:1:2 19:0:2",19,0,2,11,11,0,2,8,4,"2:1:2 7:1:2 8:0:2 18:1:2"
WO_PLUS_MO,18,37,"18:1:2 19:0:2",19,0,2,11,18,1,2,2,4,"2:2:2 7:1:2 11:0:1 15:1:2"
WO_PLUS_MO,18,37,"18:1:2 19:0:2",19,0,2,11,18,1,2,5,4,"5:2:2 7:1:2 11:0:1 12:1:2"
WO_PLUS_MO,18,37,"18:1:2 19:0:2",19,0,2,11,18,1,2,9,4,"7:1:2 8:1:2 9:2:2 11:0:1"
WO_PLUS_MO,18,37,"18:1:2 19:0:2",19,0,2,11,18,1,2,10,4,"7:1:2 7:1:2 10:2:2 11:0:1"
WO_PLUS_MO,18,37,"18:1:2 19:0:2",19,0,2,11,18,1,2,12,4,"5:1:2 7:1:2 11:0:1 12:2:2"
WO_PLUS_MO,18,37,"18:1:2 19:0:2",19,0,2,11,18,1,2,15,4,"2:1:2 7:1:2 11:0:1 15:2:2"
WO_PLUS_MO,18,37,"18:1:2 19:0:2",19,0,2,12,6,1,2,2,4,"2:2:2 3:1:2 12:0:1 18:1:2"
WO_PLUS_MO,18,37,"18:1:2 19:0:2",19,0,2,12,18,1,2,2,4,"2:2:2 6:1:2 12:0:1 15:1:2"
WO_PLUS_MO,18,37,"18:1:2 19:0:2",19,0,2,12,18,1,2,5,4,"5:2:2 6:1:2 12:0:1 12:1:2"
WO_PLUS_MO,18,37,"18:1:2 19:0:2",19,0,2,12,18,1,2,8,4,"6:1:2 8:2:2 9:1:2 12:0:1"
WO_PLUS_MO,18,37,"18:1:2 19:0:2",19,0,2,12,18,1,2,11,4,"6:1:2 6:1:2 11:2:2 12:0:1"
WO_PLUS_MO,18,37,"18:1:2 19:0:2",19,0,2,12,18,1,2,14,4,"3:1:2 6:1:2 12:0:1 14:2:2"
WO_PLUS_MO,18,37,"18:1:2 19:0:2",19,0,2,13,5,1,2,2,4,"2:1:2 2:2:2 13:0:1 18:1:2"
WO_PLUS_MO,18,37,"18:1:2 19:0:2",19,0,2,13,13,0,2,5,4,"5:0:2 5:1:2 7:1:2 18:1:2"
WO_PLUS_MO,18,37,"18:1:2 19:0:2",19,0,2,13,13,0,2,8,4,"4:1:2 5:1:2 8:0:2 18:1:2"
WO_PLUS_MO,18,37,"18:1:2 19:0:2",19,0,2,13,13,0,2,10,4,"2:1:2 5:1:2 10:0:2 18:1:2"
WO_PLUS_MO,18,37,"18:1:2 19:0:2",19,0,2,13,13,0,2,11,4,"1:1:2 5:1:2 11:0:2 18:1:2"
WO_PLUS_MO,18,37,"18:1:2 19:0:2",19,0,2,13,18,1,2,2,4,"2:2:2 5:1:2 13:0:1 15:1:2"
WO_PLUS_MO,18,37,"18:1:2 19:0:2",19,0,2,13,18,1,2,9,4,"5:1:2 8:1:2 9:2:2 13:0:1"
WO_PLUS_MO,18,37,"18:1:2 19:0:2",19,0,2,13,18,1,2,12,4,"5:1:2 5:1:2 12:2:2 13:0:1"
WO_PLUS_MO,18,37,"18:1:2 19:0:2",19,0,2,13,18,1,2,15,4,"2:1:2 5:1:2 13:0:1 15:2:2"
WO_PLUS_MO,18,37,"18:1:2 19:0:2",19,0,2,14,4,1,2,2,4,"1:1:2 2:2:2 14:0:1 18:1:2"
WO_PLUS_MO,18,37,"18:1:2 19:0:2",19,0,2,14,14,0,2,5,4,"4:1:2 5:0:2 8:1:2 18:1:2"
WO_PLUS_MO,18,37,"18:1:2 19:0:2",19,0,2,14,14,0,2,8,4,"4:1:2 5:1:2 8:0:2 18:1:2"
WO_PLUS_MO,18,37,"18:1:2 19:0:2",19,0,2,14,14,0,2,11,4,"2:1:2 4:1:2 11:0:2 18:1:2"
WO_PLUS_MO,18,37,"18:1:2 19:0:2",19,0,2,14,18,1,2,2,4,"2:2:2 4:1:2 14:0:1 15:1:2"
WO_PLUS_MO,18,37,"18:1:2 19:0:2",19,0,2,14,18,1,2,5,4,"4:1:2 5:2:2 12:1:2 14:0:1"
WO_PLUS_MO,18,37,"18:1:2 19:0:2",19,0,2,14,18,1,2,8,4,"4:1:2 8:2:2 9:1:2 14:0:1"
WO_PLUS_MO,18,37,"18:1:2 19:0:2",19,0,2,14,18,1,2,11,4,"4:1:2 6:1:2 11:2:2 14:0:1"
WO_PLUS_MO,18,37,"18:1:2 19:0:2",19,0,2,14,18,1,2,12,4,"4:1:2 5:1:2 12:2:2 14:0:1"
WO_PLUS_MO,18,37,"18:1:2 19:0:2",19,0,2,14,18,1,2,13,4,"4:1:2 4:1:2 13:2:2 14:0:1"
WO_PLUS_MO,18,37,"18:1:2 19:0:2",19,0,2,14,18,1,2,15,4,"2:1:2 4:1:2 14:0:1 15:2:2"
WO_PLUS_MO,18,37,"18:1:2 19:0:2",19,0,2,15,18,1,2,14,4,"3:1:2 3:1:2 14:2:2 15:0:1"
WO_PLUS_MO,18,37,"18:1:2 19:0:2",19,0,2,16,16,0,2,5,4,"2:1:2 5:0:2 10:1:2 18:1:2"
WO_PLUS_MO,18,37,"18:1:2 19:0:2",19,0,2,16,16,0,2,7,4,"2:1:2 7:0:2 8:1:2 18:1:2"
WO_PLUS_MO,18,37,"18:1:2 19:0:2",19,0,2,16,16,0,2,8,4,"2:1:2 7:1:2 8:0:2 18:1:2"
WO_PLUS_MO,18,37,"18:1:2 19:0:2",19,0,2,16,16,0,2,10,4,"2:1:2 5:1:2 10:0:2 18:1:2"
WO_PLUS_MO,18,37,"18:1:2 19:0:2",19,0,2,16,16,0,2,11,4,"2:1:2 4:1:2 11:0:2 18:1:2"
WO_PLUS_MO,18,37,"18:1:2 19:0:2",19,0,2,16,16,0,2,13,4,"2:1:2 2:1:2 13:0:2 18:1:2"
WO_PLUS_MO,18,37,"18:1:2 19:0:2",19,0,2,16,18,1,2,2,4,"2:1:2 2:2:2 15:1:2 16:0:1"
WO_PLUS_MO,18,37,"18:1:2 19:0:2",19,0,2,16,18,1,2,9,4,"2:1:2 8:1:2 9:2:2 16:0:1"
WO_PLUS_MO,18,37,"18:1:2 19:0:2",19,0,2,16,18,1,2,10,4,"2:1:2 7:1:2 10:2:2 16:0:1"
WO_PLUS_MO,18,37,"18:1:2 19:0:2",19,0,2,16,18,1,2,12,4,"2:1:2 5:1:2 12:2:2 16:0:1"
WO_PLUS_MO,18,37,"18:1:2 19:0:2",19,0,2,16,18,1,2,15,4,"2:1:2 2:1:2 15:2:2 16:0:1"
WO_PLUS_MO,18,37,"18:1:2 19:0:2",19,0,2,17,17,0,2,5,4,"1:1:2 5:0:2 11:1:2 18:1:2"
WO_PLUS_MO,18,37,"18:1:2 19:0:2",19,0,2,17,17,0,2,8,4,"1:1:2 8:0:2 8:1:2 18:1:2"
WO_PLUS_MO,18,37,"18:1:2 19:0:2",19,0,2,17,17,0,2,11,4,"1:1:2 5:1:2 11:0:2 18:1:2"
WO_PLUS_MO,18,37,"18:1:2 19:0:2",19,0,2,17,18,1,2,2,4,"1:1:2 2:2:2 15:1:2 17:0:1"
WO_PLUS_MO,18,37,"18:1:2 19:0:2",19,0,2,17,18,1,2,14,4,"1:1:2 3:1:2 14:2:2 17:0:1"
WO_PLUS_MO,18,37,"18:1:2 19:0:2",19,0,2,17,18,1,2,15,4,"1:1:2 2:1:2 15:2:2 17:0:1"
WO_PLUS_MO,18,37,"18:1:2 19:0:2",19,0,2,17,18,1,2,16,4,"1:1:2 1:1:2 16:2:2 17:0:1"
