family,n,total_empty,state,current_gap_m,current_gap_left,current_gap_right,current_pos,child_gap_count,child_gaps,best_response_gap_m,best_response_gap_left,best_response_gap_right,best_response_pos,best_response_edge_distance,winning_response_count,response_child_gap_count,response_child_gaps
OO_MM,1,2,"1:1:1 1:2:2",1,1,1,0,1,"1:1:1",1,1,1,0,0,1,0,""
OO_WM_PLUS,1,3,"1:2:2 2:0:1",2,0,1,1,2,"1:0:2 1:1:1",1,1,1,0,0,1,1,"1:0:1"
MO_MO,2,4,"2:1:2 2:1:2",2,1,2,0,2,"1:1:2 2:1:2",2,1,2,0,0,1,2,"1:1:2 1:1:2"
OO_MM,2,4,"2:1:1 2:2:2",2,1,1,0,2,"1:2:2 2:1:1",2,1,1,0,0,1,2,"1:1:1 1:2:2"
OO_WM,2,4,"2:0:1 2:2:2",2,0,1,1,2,"1:0:2 2:1:1",2,1,1,0,0,1,2,"1:0:1 1:2:2"
OO_WM_PLUS,2,5,"2:2:2 3:0:1",3,0,1,1,3,"1:0:2 1:2:2 2:1:1",2,1,1,0,0,1,3,"1:0:1 1:1:1 1:2:2"
OO_WM_PLUS,2,5,"2:2:2 3:0:1",3,0,1,2,2,"2:0:2 2:1:1",2,1,1,0,0,1,2,"1:2:2 2:0:1"
WO_MO,2,4,"2:0:2 2:1:2",2,1,2,0,2,"1:1:2 2:0:1",2,0,1,1,0,1,2,"1:0:2 1:1:2"
WO_PLUS_MO,2,5,"2:1:2 3:0:2",2,1,2,0,2,"1:1:2 3:0:1",3,0,1,2,0,2,2,"1:1:2 2:0:2"
WO_PLUS_MO,2,5,"2:1:2 3:0:2",3,0,2,1,3,"1:0:2 1:1:2 2:1:2",2,1,2,0,0,1,3,"1:0:1 1:1:2 1:1:2"
MO_MO,3,6,"3:1:2 3:1:2",3,1,2,0,2,"2:1:2 3:1:2",3,1,2,0,0,2,2,"2:1:2 2:1:2"
MO_MO,3,6,"3:1:2 3:1:2",3,1,2,1,3,"1:1:2 1:2:2 3:1:2",3,1,2,1,1,1,4,"1:1:1 1:1:2 1:1:2 1:2:2"
OO_MM,3,6,"3:1:1 3:2:2",3,1,1,0,2,"2:2:2 3:1:1",3,1,1,0,0,2,2,"2:1:1 2:2:2"
OO_MM,3,6,"3:1:1 3:2:2",3,1,1,1,3,"1:2:2 1:2:2 3:1:1",3,1,1,0,0,2,3,"1:1:1 1:1:1 2:2:2"
OO_MM,3,6,"3:1:1 3:2:2",3,2,2,1,3,"1:1:2 1:1:2 3:2:2",3,2,2,1,1,1,4,"1:1:2 1:1:2 1:1:2 1:1:2"
OO_WM,3,6,"3:0:1 3:2:2",3,0,1,1,3,"1:0:2 1:2:2 3:1:1",3,1,1,0,0,2,3,"1:0:1 1:1:1 2:2:2"
OO_WM,3,6,"3:0:1 3:2:2",3,0,1,2,2,"2:0:2 3:1:1",3,1,1,0,0,2,2,"2:0:1 2:2:2"
OO_WM,3,6,"3:0:1 3:2:2",3,2,2,1,3,"1:1:2 1:1:2 3:0:2",3,0,2,1,1,1,4,"1:0:2 1:1:2 1:1:2 1:1:2"
OO_WM_PLUS,3,7,"3:2:2 4:0:1",3,2,2,1,3,"1:1:2 1:1:2 4:0:2",4,0,2,2,1,1,4,"1:1:2 1:1:2 1:1:2 2:0:2"
OO_WM_PLUS,3,7,"3:2:2 4:0:1",4,0,1,1,3,"1:0:2 2:2:2 3:1:1",3,1,1,0,0,2,3,"1:0:1 2:1:1 2:2:2"
OO_WM_PLUS,3,7,"3:2:2 4:0:1",4,0,1,2,3,"1:2:2 2:0:2 3:1:1",3,1,1,0,0,2,3,"1:1:1 2:0:1 2:2:2"
OO_WM_PLUS,3,7,"3:2:2 4:0:1",4,0,1,3,2,"3:0:2 3:1:1",3,1,1,0,0,2,2,"2:2:2 3:0:1"
WO_MO,3,6,"3:0:2 3:1:2",3,0,2,1,3,"1:0:2 1:1:2 3:1:2",3,1,2,1,1,1,4,"1:0:1 1:1:2 1:1:2 1:2:2"
WO_MO,3,6,"3:0:2 3:1:2",3,1,2,0,2,"2:1:2 3:0:1",3,0,1,2,0,2,2,"2:0:2 2:1:2"
WO_MO,3,6,"3:0:2 3:1:2",3,1,2,1,3,"1:1:2 1:2:2 3:0:1",3,0,1,2,0,2,3,"1:1:1 1:1:2 2:0:2"
WO_PLUS_MO,3,7,"3:1:2 4:0:2",3,1,2,0,2,"2:1:2 4:0:1",4,0,1,3,0,3,2,"2:1:2 3:0:2"
WO_PLUS_MO,3,7,"3:1:2 4:0:2",3,1,2,1,3,"1:1:2 1:2:2 4:0:1",4,0,1,1,1,2,4,"1:0:2 1:1:1 1:1:2 2:2:2"
WO_PLUS_MO,3,7,"3:1:2 4:0:2",4,0,2,1,3,"1:0:2 2:1:2 3:1:2",3,1,2,0,0,2,3,"1:0:1 2:1:2 2:1:2"
WO_PLUS_MO,3,7,"3:1:2 4:0:2",4,0,2,2,3,"1:1:2 2:0:2 3:1:2",3,1,2,1,1,1,4,"1:1:2 1:1:2 1:2:2 2:0:1"
MO_MO,4,8,"4:1:2 4:1:2",4,1,2,0,2,"3:1:2 4:1:2",4,1,2,0,0,3,2,"3:1:2 3:1:2"
MO_MO,4,8,"4:1:2 4:1:2",4,1,2,1,3,"1:2:2 2:1:2 4:1:2",4,1,2,1,1,2,4,"1:1:1 1:2:2 2:1:2 2:1:2"
MO_MO,4,8,"4:1:2 4:1:2",4,1,2,2,3,"1:1:2 2:2:2 4:1:2",4,1,2,2,1,1,4,"1:1:2 1:1:2 2:1:1 2:2:2"
OO_MM,4,8,"4:1:1 4:2:2",4,1,1,0,2,"3:2:2 4:1:1",4,1,1,0,0,3,2,"3:1:1 3:2:2"
OO_MM,4,8,"4:1:1 4:2:2",4,1,1,1,3,"1:2:2 2:2:2 4:1:1",4,1,1,1,1,1,4,"1:1:1 1:2:2 2:1:1 2:2:2"
OO_MM,4,8,"4:1:1 4:2:2",4,2,2,1,3,"1:1:2 2:1:2 4:2:2",4,2,2,1,1,1,4,"1:1:2 1:1:2 2:1:2 2:1:2"
OO_WM,4,8,"4:0:1 4:2:2",4,0,1,1,3,"1:0:2 2:2:2 4:1:1",4,1,1,1,1,1,4,"1:0:1 1:2:2 2:1:1 2:2:2"
OO_WM,4,8,"4:0:1 4:2:2",4,0,1,2,3,"1:2:2 2:0:2 4:1:1",4,1,1,1,1,1,4,"1:1:1 1:2:2 2:0:1 2:2:2"
OO_WM,4,8,"4:0:1 4:2:2",4,0,1,3,2,"3:0:2 4:1:1",4,1,1,0,0,3,2,"3:0:1 3:2:2"
OO_WM,4,8,"4:0:1 4:2:2",4,2,2,1,3,"1:1:2 2:1:2 4:0:2",4,0,2,1,1,2,4,"1:0:2 1:1:2 2:1:2 2:1:2"
OO_WM_PLUS,4,9,"4:2:2 5:0:1",4,2,2,1,3,"1:1:2 2:1:2 5:0:2",5,0,2,3,1,2,4,"1:1:2 1:1:2 2:1:2 3:0:2"
OO_WM_PLUS,4,9,"4:2:2 5:0:1",5,0,1,1,3,"1:0:2 3:2:2 4:1:1",4,1,1,0,0,3,3,"1:0:1 3:1:1 3:2:2"
OO_WM_PLUS,4,9,"4:2:2 5:0:1",5,0,1,2,3,"2:0:2 2:2:2 4:1:1",4,1,1,1,1,1,4,"1:2:2 2:0:1 2:1:1 2:2:2"
OO_WM_PLUS,4,9,"4:2:2 5:0:1",5,0,1,3,3,"1:2:2 3:0:2 4:1:1",4,1,1,1,1,1,4,"1:1:1 1:2:2 2:2:2 3:0:1"
OO_WM_PLUS,4,9,"4:2:2 5:0:1",5,0,1,4,2,"4:0:2 4:1:1",4,1,1,0,0,3,2,"3:2:2 4:0:1"
WO_MO,4,8,"4:0:2 4:1:2",4,0,2,1,3,"1:0:2 2:1:2 4:1:2",4,1,2,1,1,2,4,"1:0:1 1:2:2 2:1:2 2:1:2"
WO_MO,4,8,"4:0:2 4:1:2",4,0,2,2,3,"1:1:2 2:0:2 4:1:2",4,1,2,2,1,1,4,"1:1:2 1:1:2 2:0:1 2:2:2"
WO_MO,4,8,"4:0:2 4:1:2",4,1,2,0,2,"3:1:2 4:0:1",4,0,1,3,0,3,2,"3:0:2 3:1:2"
WO_MO,4,8,"4:0:2 4:1:2",4,1,2,1,3,"1:2:2 2:1:2 4:0:1",4,0,1,1,1,2,4,"1:0:2 1:1:1 2:1:2 2:2:2"
WO_MO,4,8,"4:0:2 4:1:2",4,1,2,2,3,"1:1:2 2:2:2 4:0:1",4,0,1,1,1,2,4,"1:0:2 1:1:2 2:1:1 2:2:2"
WO_PLUS_MO,4,9,"4:1:2 5:0:2",4,1,2,0,2,"3:1:2 5:0:1",5,0,1,4,0,5,2,"3:1:2 4:0:2"
WO_PLUS_MO,4,9,"4:1:2 5:0:2",4,1,2,1,3,"1:2:2 2:1:2 5:0:1",5,0,1,3,1,2,4,"1:1:1 1:2:2 2:1:2 3:0:2"
WO_PLUS_MO,4,9,"4:1:2 5:0:2",4,1,2,2,3,"1:1:2 2:2:2 5:0:1",5,0,1,2,2,1,4,"1:1:2 2:0:2 2:1:1 2:2:2"
WO_PLUS_MO,4,9,"4:1:2 5:0:2",5,0,2,1,3,"1:0:2 3:1:2 4:1:2",4,1,2,0,0,3,3,"1:0:1 3:1:2 3:1:2"
WO_PLUS_MO,4,9,"4:1:2 5:0:2",5,0,2,2,3,"2:0:2 2:1:2 4:1:2",4,1,2,1,1,2,4,"1:2:2 2:0:1 2:1:2 2:1:2"
WO_PLUS_MO,4,9,"4:1:2 5:0:2",5,0,2,3,3,"1:1:2 3:0:2 4:1:2",4,1,2,1,1,2,4,"1:1:2 1:2:2 2:1:2 3:0:1"
MO_MO,5,10,"5:1:2 5:1:2",5,1,2,0,2,"4:1:2 5:1:2",5,1,2,0,0,5,2,"4:1:2 4:1:2"
MO_MO,5,10,"5:1:2 5:1:2",5,1,2,1,3,"1:2:2 3:1:2 5:1:2",5,1,2,1,1,3,4,"1:1:1 1:2:2 3:1:2 3:1:2"
MO_MO,5,10,"5:1:2 5:1:2",5,1,2,2,3,"2:1:2 2:2:2 5:1:2",5,1,2,2,2,1,4,"2:1:1 2:1:2 2:1:2 2:2:2"
MO_MO,5,10,"5:1:2 5:1:2",5,1,2,3,3,"1:1:2 3:2:2 5:1:2",5,1,2,1,1,3,4,"1:1:2 1:2:2 3:1:1 3:1:2"
OO_MM,5,10,"5:1:1 5:2:2",5,1,1,0,2,"4:2:2 5:1:1",5,1,1,0,0,4,2,"4:1:1 4:2:2"
OO_MM,5,10,"5:1:1 5:2:2",5,1,1,1,3,"1:2:2 3:2:2 5:1:1",5,1,1,1,1,2,4,"1:1:1 1:2:2 3:1:1 3:2:2"
OO_MM,5,10,"5:1:1 5:2:2",5,1,1,2,3,"2:2:2 2:2:2 5:1:1",5,1,1,2,2,1,4,"2:1:1 2:1:1 2:2:2 2:2:2"
OO_MM,5,10,"5:1:1 5:2:2",5,2,2,1,3,"1:1:2 3:1:2 5:2:2",5,2,2,1,1,1,4,"1:1:2 1:1:2 3:1:2 3:1:2"
OO_MM,5,10,"5:1:1 5:2:2",5,2,2,2,3,"2:1:2 2:1:2 5:2:2",5,2,2,2,2,1,4,"2:1:2 2:1:2 2:1:2 2:1:2"
OO_WM,5,10,"5:0:1 5:2:2",5,0,1,1,3,"1:0:2 3:2:2 5:1:1",5,1,1,1,1,2,4,"1:0:1 1:2:2 3:1:1 3:2:2"
OO_WM,5,10,"5:0:1 5:2:2",5,0,1,2,3,"2:0:2 2:2:2 5:1:1",5,1,1,2,2,1,4,"2:0:1 2:1:1 2:2:2 2:2:2"
OO_WM,5,10,"5:0:1 5:2:2",5,0,1,3,3,"1:2:2 3:0:2 5:1:1",5,1,1,1,1,2,4,"1:1:1 1:2:2 3:0:1 3:2:2"
OO_WM,5,10,"5:0:1 5:2:2",5,0,1,4,2,"4:0:2 5:1:1",5,1,1,0,0,5,2,"4:0:1 4:2:2"
OO_WM,5,10,"5:0:1 5:2:2",5,2,2,1,3,"1:1:2 3:1:2 5:0:2",5,0,2,1,1,3,4,"1:0:2 1:1:2 3:1:2 3:1:2"
OO_WM,5,10,"5:0:1 5:2:2",5,2,2,2,3,"2:1:2 2:1:2 5:0:2",5,0,2,2,2,1,4,"2:0:2 2:1:2 2:1:2 2:1:2"
OO_WM_PLUS,5,11,"5:2:2 6:0:1",5,2,2,1,3,"1:1:2 3:1:2 6:0:2",6,0,2,4,1,2,4,"1:1:2 1:1:2 3:1:2 4:0:2"
OO_WM_PLUS,5,11,"5:2:2 6:0:1",5,2,2,2,3,"2:1:2 2:1:2 6:0:2",6,0,2,3,2,1,4,"2:1:2 2:1:2 2:1:2 3:0:2"
OO_WM_PLUS,5,11,"5:2:2 6:0:1",6,0,1,1,3,"1:0:2 4:2:2 5:1:1",5,1,1,0,0,4,3,"1:0:1 4:1:1 4:2:2"
OO_WM_PLUS,5,11,"5:2:2 6:0:1",6,0,1,2,3,"2:0:2 3:2:2 5:1:1",5,1,1,1,1,2,4,"1:2:2 2:0:1 3:1:1 3:2:2"
OO_WM_PLUS,5,11,"5:2:2 6:0:1",6,0,1,3,3,"2:2:2 3:0:2 5:1:1",5,1,1,2,2,1,4,"2:1:1 2:2:2 2:2:2 3:0:1"
OO_WM_PLUS,5,11,"5:2:2 6:0:1",6,0,1,4,3,"1:2:2 4:0:2 5:1:1",5,1,1,1,1,2,4,"1:1:1 1:2:2 3:2:2 4:0:1"
OO_WM_PLUS,5,11,"5:2:2 6:0:1",6,0,1,5,2,"5:0:2 5:1:1",5,1,1,0,0,5,2,"4:2:2 5:0:1"
WO_MO,5,10,"5:0:2 5:1:2",5,0,2,1,3,"1:0:2 3:1:2 5:1:2",5,1,2,1,1,3,4,"1:0:1 1:2:2 3:1:2 3:1:2"
WO_MO,5,10,"5:0:2 5:1:2",5,0,2,2,3,"2:0:2 2:1:2 5:1:2",5,1,2,2,2,1,4,"2:0:1 2:1:2 2:1:2 2:2:2"
WO_MO,5,10,"5:0:2 5:1:2",5,0,2,3,3,"1:1:2 3:0:2 5:1:2",5,1,2,1,1,3,4,"1:1:2 1:2:2 3:0:1 3:1:2"
WO_MO,5,10,"5:0:2 5:1:2",5,1,2,0,2,"4:1:2 5:0:1",5,0,1,4,0,5,2,"4:0:2 4:1:2"
WO_MO,5,10,"5:0:2 5:1:2",5,1,2,1,3,"1:2:2 3:1:2 5:0:1",5,0,1,1,1,3,4,"1:0:2 1:1:1 3:1:2 3:2:2"
WO_MO,5,10,"5:0:2 5:1:2",5,1,2,2,3,"2:1:2 2:2:2 5:0:1",5,0,1,2,2,1,4,"2:0:2 2:1:1 2:1:2 2:2:2"
WO_MO,5,10,"5:0:2 5:1:2",5,1,2,3,3,"1:1:2 3:2:2 5:0:1",5,0,1,1,1,3,4,"1:0:2 1:1:2 3:1:1 3:2:2"
WO_PLUS_MO,5,11,"5:1:2 6:0:2",5,1,2,0,2,"4:1:2 6:0:1",6,0,1,5,0,7,2,"4:1:2 5:0:2"
WO_PLUS_MO,5,11,"5:1:2 6:0:2",5,1,2,1,3,"1:2:2 3:1:2 6:0:1",6,0,1,4,1,3,4,"1:1:1 1:2:2 3:1:2 4:0:2"
WO_PLUS_MO,5,11,"5:1:2 6:0:2",5,1,2,2,3,"2:1:2 2:2:2 6:0:1",6,0,1,3,2,1,4,"2:1:1 2:1:2 2:2:2 3:0:2"
WO_PLUS_MO,5,11,"5:1:2 6:0:2",5,1,2,3,3,"1:1:2 3:2:2 6:0:1",6,0,1,4,1,3,4,"1:1:2 1:2:2 3:1:1 4:0:2"
WO_PLUS_MO,5,11,"5:1:2 6:0:2",6,0,2,1,3,"1:0:2 4:1:2 5:1:2",5,1,2,0,0,5,3,"1:0:1 4:1:2 4:1:2"
WO_PLUS_MO,5,11,"5:1:2 6:0:2",6,0,2,2,3,"2:0:2 3:1:2 5:1:2",5,1,2,1,1,3,4,"1:2:2 2:0:1 3:1:2 3:1:2"
WO_PLUS_MO,5,11,"5:1:2 6:0:2",6,0,2,3,3,"2:1:2 3:0:2 5:1:2",5,1,2,2,2,1,4,"2:1:2 2:1:2 2:2:2 3:0:1"
WO_PLUS_MO,5,11,"5:1:2 6:0:2",6,0,2,4,3,"1:1:2 4:0:2 5:1:2",5,1,2,1,1,3,4,"1:1:2 1:2:2 3:1:2 4:0:1"
MO_MO,6,12,"6:1:2 6:1:2",6,1,2,0,2,"5:1:2 6:1:2",6,1,2,0,0,6,2,"5:1:2 5:1:2"
MO_MO,6,12,"6:1:2 6:1:2",6,1,2,1,3,"1:2:2 4:1:2 6:1:2",4,1,2,2,1,4,4,"1:1:1 1:1:2 2:2:2 6:1:2"
MO_MO,6,12,"6:1:2 6:1:2",6,1,2,2,3,"2:2:2 3:1:2 6:1:2",6,1,2,2,2,1,4,"2:1:1 2:2:2 3:1:2 3:1:2"
MO_MO,6,12,"6:1:2 6:1:2",6,1,2,3,3,"2:1:2 3:2:2 6:1:2",6,1,2,4,1,3,4,"1:1:2 2:1:2 3:1:1 4:2:2"
MO_MO,6,12,"6:1:2 6:1:2",6,1,2,4,3,"1:1:2 4:2:2 6:1:2",6,1,2,4,1,2,4,"1:1:2 1:1:2 4:1:1 4:2:2"
OO_MM,6,12,"6:1:1 6:2:2",6,1,1,0,2,"5:2:2 6:1:1",6,1,1,0,0,5,2,"5:1:1 5:2:2"
OO_MM,6,12,"6:1:1 6:2:2",6,1,1,1,3,"1:2:2 4:2:2 6:1:1",4,2,2,1,1,3,4,"1:1:1 1:1:2 2:1:2 6:2:2"
OO_MM,6,12,"6:1:1 6:2:2",6,1,1,2,3,"2:2:2 3:2:2 6:1:1",6,1,1,2,2,1,4,"2:1:1 2:2:2 3:1:1 3:2:2"
OO_MM,6,12,"6:1:1 6:2:2",6,2,2,1,3,"1:1:2 4:1:2 6:2:2",4,1,2,2,1,2,4,"1:1:2 1:1:2 2:2:2 6:1:1"
OO_MM,6,12,"6:1:1 6:2:2",6,2,2,2,3,"2:1:2 3:1:2 6:2:2",6,2,2,2,2,1,4,"2:1:2 2:1:2 3:1:2 3:1:2"
OO_WM,6,12,"6:0:1 6:2:2",6,0,1,1,3,"1:0:2 4:2:2 6:1:1",4,2,2,1,1,3,4,"1:0:1 1:1:2 2:1:2 6:2:2"
OO_WM,6,12,"6:0:1 6:2:2",6,0,1,2,3,"2:0:2 3:2:2 6:1:1",6,1,1,2,2,1,4,"2:0:1 2:2:2 3:1:1 3:2:2"
OO_WM,6,12,"6:0:1 6:2:2",6,0,1,3,3,"2:2:2 3:0:2 6:1:1",6,1,1,2,2,1,4,"2:1:1 2:2:2 3:0:1 3:2:2"
OO_WM,6,12,"6:0:1 6:2:2",6,0,1,4,3,"1:2:2 4:0:2 6:1:1",4,0,2,1,1,4,4,"1:0:2 1:1:1 2:1:2 6:2:2"
OO_WM,6,12,"6:0:1 6:2:2",6,0,1,5,2,"5:0:2 6:1:1",6,1,1,0,0,6,2,"5:0:1 5:2:2"
OO_WM,6,12,"6:0:1 6:2:2",6,2,2,1,3,"1:1:2 4:1:2 6:0:2",4,1,2,2,1,4,4,"1:1:2 1:1:2 2:2:2 6:0:1"
OO_WM,6,12,"6:0:1 6:2:2",6,2,2,2,3,"2:1:2 3:1:2 6:0:2",6,0,2,2,2,2,4,"2:0:2 2:1:2 3:1:2 3:1:2"
OO_WM_PLUS,6,13,"6:2:2 7:0:1",6,2,2,1,3,"1:1:2 4:1:2 7:0:2",4,1,2,2,1,3,4,"1:1:2 1:1:2 2:2:2 7:0:1"
OO_WM_PLUS,6,13,"6:2:2 7:0:1",6,2,2,2,3,"2:1:2 3:1:2 7:0:2",7,0,2,5,1,3,4,"1:1:2 2:1:2 3:1:2 5:0:2"
OO_WM_PLUS,6,13,"6:2:2 7:0:1",7,0,1,1,3,"1:0:2 5:2:2 6:1:1",6,1,1,0,0,5,3,"1:0:1 5:1:1 5:2:2"
OO_WM_PLUS,6,13,"6:2:2 7:0:1",7,0,1,2,3,"2:0:2 4:2:2 6:1:1",4,2,2,1,1,3,4,"1:1:2 2:0:1 2:1:2 6:2:2"
OO_WM_PLUS,6,13,"6:2:2 7:0:1",7,0,1,3,3,"3:0:2 3:2:2 6:1:1",3,2,2,1,1,3,4,"1:1:2 1:1:2 3:0:1 6:2:2"
OO_WM_PLUS,6,13,"6:2:2 7:0:1",7,0,1,4,3,"2:2:2 4:0:2 6:1:1",6,1,1,2,2,1,4,"2:1:1 2:2:2 3:2:2 4:0:1"
OO_WM_PLUS,6,13,"6:2:2 7:0:1",7,0,1,5,3,"1:2:2 5:0:2 6:1:1",5,0,2,3,1,4,4,"1:1:1 1:1:2 3:0:2 6:2:2"
OO_WM_PLUS,6,13,"6:2:2 7:0:1",7,0,1,6,2,"6:0:2 6:1:1",6,1,1,0,0,6,2,"5:2:2 6:0:1"
WO_MO,6,12,"6:0:2 6:1:2",6,0,2,1,3,"1:0:2 4:1:2 6:1:2",4,1,2,2,1,4,4,"1:0:1 1:1:2 2:2:2 6:1:2"
WO_MO,6,12,"6:0:2 6:1:2",6,0,2,2,3,"2:0:2 3:1:2 6:1:2",6,1,2,2,2,1,4,"2:0:1 2:2:2 3:1:2 3:1:2"
WO_MO,6,12,"6:0:2 6:1:2",6,0,2,3,3,"2:1:2 3:0:2 6:1:2",6,1,2,4,1,3,4,"1:1:2 2:1:2 3:0:1 4:2:2"
WO_MO,6,12,"6:0:2 6:1:2",6,0,2,4,3,"1:1:2 4:0:2 6:1:2",4,0,2,2,1,4,4,"1:1:2 1:1:2 2:0:2 6:1:2"
WO_MO,6,12,"6:0:2 6:1:2",6,1,2,0,2,"5:1:2 6:0:1",6,0,1,5,0,6,2,"5:0:2 5:1:2"
WO_MO,6,12,"6:0:2 6:1:2",6,1,2,1,3,"1:2:2 4:1:2 6:0:1",4,1,2,2,1,5,4,"1:1:1 1:1:2 2:2:2 6:0:2"
WO_MO,6,12,"6:0:2 6:1:2",6,1,2,2,3,"2:2:2 3:1:2 6:0:1",6,0,1,2,2,2,4,"2:0:2 2:1:1 3:1:2 3:2:2"
WO_MO,6,12,"6:0:2 6:1:2",6,1,2,3,3,"2:1:2 3:2:2 6:0:1",6,0,1,1,1,3,4,"1:0:2 2:1:2 3:1:1 4:2:2"
WO_MO,6,12,"6:0:2 6:1:2",6,1,2,4,3,"1:1:2 4:2:2 6:0:1",6,0,1,1,1,3,4,"1:0:2 1:1:2 4:1:1 4:2:2"
WO_PLUS_MO,6,13,"6:1:2 7:0:2",6,1,2,0,2,"5:1:2 7:0:1",7,0,1,6,0,9,2,"5:1:2 6:0:2"
WO_PLUS_MO,6,13,"6:1:2 7:0:2",6,1,2,1,3,"1:2:2 4:1:2 7:0:1",4,1,2,1,1,5,4,"1:1:1 1:2:2 2:1:2 7:0:2"
WO_PLUS_MO,6,13,"6:1:2 7:0:2",6,1,2,2,3,"2:2:2 3:1:2 7:0:1",7,0,1,4,2,1,4,"2:1:1 2:2:2 3:1:2 4:0:2"
WO_PLUS_MO,6,13,"6:1:2 7:0:2",6,1,2,3,3,"2:1:2 3:2:2 7:0:1",3,2,2,1,1,5,4,"1:1:2 1:1:2 2:1:2 7:0:2"
WO_PLUS_MO,6,13,"6:1:2 7:0:2",6,1,2,4,3,"1:1:2 4:2:2 7:0:1",4,2,2,1,1,4,4,"1:1:2 1:1:2 2:1:2 7:0:2"
WO_PLUS_MO,6,13,"6:1:2 7:0:2",7,0,2,1,3,"1:0:2 5:1:2 6:1:2",6,1,2,0,0,6,3,"1:0:1 5:1:2 5:1:2"
WO_PLUS_MO,6,13,"6:1:2 7:0:2",7,0,2,2,3,"2:0:2 4:1:2 6:1:2",4,1,2,2,1,4,4,"1:1:2 2:0:1 2:2:2 6:1:2"
WO_PLUS_MO,6,13,"6:1:2 7:0:2",7,0,2,3,3,"3:0:2 3:1:2 6:1:2",6,1,2,4,1,3,4,"1:1:2 3:0:1 3:1:2 4:2:2"
WO_PLUS_MO,6,13,"6:1:2 7:0:2",7,0,2,4,3,"2:1:2 4:0:2 6:1:2",6,1,2,4,1,3,4,"1:1:2 2:1:2 4:0:1 4:2:2"
WO_PLUS_MO,6,13,"6:1:2 7:0:2",7,0,2,5,3,"1:1:2 5:0:2 6:1:2",6,1,2,4,1,2,4,"1:1:2 1:1:2 4:2:2 5:0:1"
MO_MO,7,14,"7:1:2 7:1:2",7,1,2,0,2,"6:1:2 7:1:2",7,1,2,0,0,9,2,"6:1:2 6:1:2"
MO_MO,7,14,"7:1:2 7:1:2",7,1,2,1,3,"1:2:2 5:1:2 7:1:2",7,1,2,1,1,5,4,"1:1:1 1:2:2 5:1:2 5:1:2"
MO_MO,7,14,"7:1:2 7:1:2",7,1,2,2,3,"2:2:2 4:1:2 7:1:2",7,1,2,2,2,1,4,"2:1:1 2:2:2 4:1:2 4:1:2"
MO_MO,7,14,"7:1:2 7:1:2",7,1,2,3,3,"3:1:2 3:2:2 7:1:2",7,1,2,3,3,1,4,"3:1:1 3:1:2 3:1:2 3:2:2"
MO_MO,7,14,"7:1:2 7:1:2",7,1,2,4,3,"2:1:2 4:2:2 7:1:2",7,1,2,2,2,2,4,"2:1:2 2:2:2 4:1:1 4:1:2"
MO_MO,7,14,"7:1:2 7:1:2",7,1,2,5,3,"1:1:2 5:2:2 7:1:2",7,1,2,5,1,2,4,"1:1:2 1:1:2 5:1:1 5:2:2"
OO_MM,7,14,"7:1:1 7:2:2",7,1,1,0,2,"6:2:2 7:1:1",7,1,1,0,0,6,2,"6:1:1 6:2:2"
OO_MM,7,14,"7:1:1 7:2:2",7,1,1,1,3,"1:2:2 5:2:2 7:1:1",5,2,2,1,1,3,4,"1:1:1 1:1:2 3:1:2 7:2:2"
OO_MM,7,14,"7:1:1 7:2:2",7,1,1,2,3,"2:2:2 4:2:2 7:1:1",7,1,1,2,2,1,4,"2:1:1 2:2:2 4:1:1 4:2:2"
OO_MM,7,14,"7:1:1 7:2:2",7,1,1,3,3,"3:2:2 3:2:2 7:1:1",3,2,2,1,1,3,4,"1:1:2 1:1:2 3:1:1 7:2:2"
OO_MM,7,14,"7:1:1 7:2:2",7,2,2,1,3,"1:1:2 5:1:2 7:2:2",7,2,2,1,1,3,4,"1:1:2 1:1:2 5:1:2 5:1:2"
OO_MM,7,14,"7:1:1 7:2:2",7,2,2,2,3,"2:1:2 4:1:2 7:2:2",4,1,2,2,1,3,4,"1:1:2 2:1:2 2:2:2 7:1:1"
OO_MM,7,14,"7:1:1 7:2:2",7,2,2,3,3,"3:1:2 3:1:2 7:2:2",7,2,2,3,3,1,4,"3:1:2 3:1:2 3:1:2 3:1:2"
OO_WM,7,14,"7:0:1 7:2:2",7,0,1,1,3,"1:0:2 5:2:2 7:1:1",5,2,2,1,1,3,4,"1:0:1 1:1:2 3:1:2 7:2:2"
OO_WM,7,14,"7:0:1 7:2:2",7,0,1,2,3,"2:0:2 4:2:2 7:1:1",7,1,1,2,2,1,4,"2:0:1 2:2:2 4:1:1 4:2:2"
OO_WM,7,14,"7:0:1 7:2:2",7,0,1,3,3,"3:0:2 3:2:2 7:1:1",3,0,2,1,1,4,4,"1:0:2 1:1:2 3:1:1 7:2:2"
OO_WM,7,14,"7:0:1 7:2:2",7,0,1,4,3,"2:2:2 4:0:2 7:1:1",7,1,1,2,2,1,4,"2:1:1 2:2:2 4:0:1 4:2:2"
OO_WM,7,14,"7:0:1 7:2:2",7,0,1,5,3,"1:2:2 5:0:2 7:1:1",5,0,2,1,1,5,4,"1:0:2 1:1:1 3:1:2 7:2:2"
OO_WM,7,14,"7:0:1 7:2:2",7,0,1,6,2,"6:0:2 7:1:1",7,1,1,0,0,8,2,"6:0:1 6:2:2"
OO_WM,7,14,"7:0:1 7:2:2",7,2,2,1,3,"1:1:2 5:1:2 7:0:2",7,0,2,1,1,5,4,"1:0:2 1:1:2 5:1:2 5:1:2"
OO_WM,7,14,"7:0:1 7:2:2",7,2,2,2,3,"2:1:2 4:1:2 7:0:2",4,1,2,2,1,5,4,"1:1:2 2:1:2 2:2:2 7:0:1"
OO_WM,7,14,"7:0:1 7:2:2",7,2,2,3,3,"3:1:2 3:1:2 7:0:2",7,0,2,3,3,1,4,"3:0:2 3:1:2 3:1:2 3:1:2"
OO_WM_PLUS,7,15,"7:2:2 8:0:1",7,2,2,1,3,"1:1:2 5:1:2 8:0:2",8,0,2,6,1,5,4,"1:1:2 1:1:2 5:1:2 6:0:2"
OO_WM_PLUS,7,15,"7:2:2 8:0:1",7,2,2,2,3,"2:1:2 4:1:2 8:0:2",4,1,2,2,1,5,4,"1:1:2 2:1:2 2:2:2 8:0:1"
OO_WM_PLUS,7,15,"7:2:2 8:0:1",7,2,2,3,3,"3:1:2 3:1:2 8:0:2",8,0,2,4,3,1,4,"3:1:2 3:1:2 3:1:2 4:0:2"
OO_WM_PLUS,7,15,"7:2:2 8:0:1",8,0,1,1,3,"1:0:2 6:2:2 7:1:1",7,1,1,0,0,6,3,"1:0:1 6:1:1 6:2:2"
OO_WM_PLUS,7,15,"7:2:2 8:0:1",8,0,1,2,3,"2:0:2 5:2:2 7:1:1",5,2,2,1,1,3,4,"1:1:2 2:0:1 3:1:2 7:2:2"
OO_WM_PLUS,7,15,"7:2:2 8:0:1",8,0,1,3,3,"3:0:2 4:2:2 7:1:1",7,1,1,2,2,1,4,"2:2:2 3:0:1 4:1:1 4:2:2"
OO_WM_PLUS,7,15,"7:2:2 8:0:1",8,0,1,4,3,"3:2:2 4:0:2 7:1:1",3,2,2,1,1,4,4,"1:1:2 1:1:2 4:0:1 7:2:2"
OO_WM_PLUS,7,15,"7:2:2 8:0:1",8,0,1,5,3,"2:2:2 5:0:2 7:1:1",7,1,1,2,2,1,4,"2:1:1 2:2:2 4:2:2 5:0:1"
OO_WM_PLUS,7,15,"7:2:2 8:0:1",8,0,1,6,3,"1:2:2 6:0:2 7:1:1",6,0,2,4,1,4,4,"1:1:1 1:1:2 4:0:2 7:2:2"
OO_WM_PLUS,7,15,"7:2:2 8:0:1",8,0,1,7,2,"7:0:2 7:1:1",7,1,1,0,0,8,2,"6:2:2 7:0:1"
WO_MO,7,14,"7:0:2 7:1:2",7,0,2,1,3,"1:0:2 5:1:2 7:1:2",7,1,2,1,1,5,4,"1:0:1 1:2:2 5:1:2 5:1:2"
WO_MO,7,14,"7:0:2 7:1:2",7,0,2,2,3,"2:0:2 4:1:2 7:1:2",7,1,2,2,2,1,4,"2:0:1 2:2:2 4:1:2 4:1:2"
WO_MO,7,14,"7:0:2 7:1:2",7,0,2,3,3,"3:0:2 3:1:2 7:1:2",7,1,2,3,3,1,4,"3:0:1 3:1:2 3:1:2 3:2:2"
WO_MO,7,14,"7:0:2 7:1:2",7,0,2,4,3,"2:1:2 4:0:2 7:1:2",4,0,2,2,1,5,4,"1:1:2 2:0:2 2:1:2 7:1:2"
WO_MO,7,14,"7:0:2 7:1:2",7,0,2,5,3,"1:1:2 5:0:2 7:1:2",7,1,2,5,1,3,4,"1:1:2 1:1:2 5:0:1 5:2:2"
WO_MO,7,14,"7:0:2 7:1:2",7,1,2,0,2,"6:1:2 7:0:1",7,0,1,6,0,9,2,"6:0:2 6:1:2"
WO_MO,7,14,"7:0:2 7:1:2",7,1,2,1,3,"1:2:2 5:1:2 7:0:1",7,0,1,1,1,5,4,"1:0:2 1:1:1 5:1:2 5:2:2"
WO_MO,7,14,"7:0:2 7:1:2",7,1,2,2,3,"2:2:2 4:1:2 7:0:1",7,0,1,2,2,2,4,"2:0:2 2:1:1 4:1:2 4:2:2"
WO_MO,7,14,"7:0:2 7:1:2",7,1,2,3,3,"3:1:2 3:2:2 7:0:1",7,0,1,2,2,2,4,"2:0:2 3:1:1 3:1:2 4:2:2"
WO_MO,7,14,"7:0:2 7:1:2",7,1,2,4,3,"2:1:2 4:2:2 7:0:1",7,0,1,2,2,2,4,"2:0:2 2:1:2 4:1:1 4:2:2"
WO_MO,7,14,"7:0:2 7:1:2",7,1,2,5,3,"1:1:2 5:2:2 7:0:1",7,0,1,1,1,3,4,"1:0:2 1:1:2 5:1:1 5:2:2"
WO_PLUS_MO,7,15,"7:1:2 8:0:2",7,1,2,0,2,"6:1:2 8:0:1",8,0,1,7,0,11,2,"6:1:2 7:0:2"
WO_PLUS_MO,7,15,"7:1:2 8:0:2",7,1,2,1,3,"1:2:2 5:1:2 8:0:1",8,0,1,6,1,5,4,"1:1:1 1:2:2 5:1:2 6:0:2"
WO_PLUS_MO,7,15,"7:1:2 8:0:2",7,1,2,2,3,"2:2:2 4:1:2 8:0:1",8,0,1,5,2,1,4,"2:1:1 2:2:2 4:1:2 5:0:2"
WO_PLUS_MO,7,15,"7:1:2 8:0:2",7,1,2,3,3,"3:1:2 3:2:2 8:0:1",8,0,1,5,2,2,4,"2:2:2 3:1:1 3:1:2 5:0:2"
WO_PLUS_MO,7,15,"7:1:2 8:0:2",7,1,2,4,3,"2:1:2 4:2:2 8:0:1",8,0,1,5,2,2,4,"2:1:2 2:2:2 4:1:1 5:0:2"
WO_PLUS_MO,7,15,"7:1:2 8:0:2",7,1,2,5,3,"1:1:2 5:2:2 8:0:1",8,0,1,2,2,2,4,"1:1:2 2:0:2 5:1:1 5:2:2"
WO_PLUS_MO,7,15,"7:1:2 8:0:2",8,0,2,1,3,"1:0:2 6:1:2 7:1:2",7,1,2,0,0,9,3,"1:0:1 6:1:2 6:1:2"
WO_PLUS_MO,7,15,"7:1:2 8:0:2",8,0,2,2,3,"2:0:2 5:1:2 7:1:2",7,1,2,1,1,5,4,"1:2:2 2:0:1 5:1:2 5:1:2"
WO_PLUS_MO,7,15,"7:1:2 8:0:2",8,0,2,3,3,"3:0:2 4:1:2 7:1:2",4,1,2,2,1,5,4,"1:1:2 2:2:2 3:0:1 7:1:2"
WO_PLUS_MO,7,15,"7:1:2 8:0:2",8,0,2,4,3,"3:1:2 4:0:2 7:1:2",7,1,2,3,3,1,4,"3:1:2 3:1:2 3:2:2 4:0:1"
WO_PLUS_MO,7,15,"7:1:2 8:0:2",8,0,2,5,3,"2:1:2 5:0:2 7:1:2",7,1,2,2,2,2,4,"2:1:2 2:2:2 4:1:2 5:0:1"
WO_PLUS_MO,7,15,"7:1:2 8:0:2",8,0,2,6,3,"1:1:2 6:0:2 7:1:2",7,1,2,5,1,3,4,"1:1:2 1:1:2 5:2:2 6:0:1"
MO_MO,8,16,"8:1:2 8:1:2",8,1,2,0,2,"7:1:2 8:1:2",8,1,2,0,0,11,2,"7:1:2 7:1:2"
MO_MO,8,16,"8:1:2 8:1:2",8,1,2,1,3,"1:2:2 6:1:2 8:1:2",8,1,2,1,1,7,4,"1:1:1 1:2:2 6:1:2 6:1:2"
MO_MO,8,16,"8:1:2 8:1:2",8,1,2,2,3,"2:2:2 5:1:2 8:1:2",8,1,2,2,2,1,4,"2:1:1 2:2:2 5:1:2 5:1:2"
MO_MO,8,16,"8:1:2 8:1:2",8,1,2,3,3,"3:2:2 4:1:2 8:1:2",4,1,2,2,1,7,4,"1:1:2 2:2:2 3:1:1 8:1:2"
MO_MO,8,16,"8:1:2 8:1:2",8,1,2,4,3,"3:1:2 4:2:2 8:1:2",8,1,2,6,1,2,4,"1:1:2 3:1:2 4:1:1 6:2:2"
MO_MO,8,16,"8:1:2 8:1:2",8,1,2,5,3,"2:1:2 5:2:2 8:1:2",8,1,2,2,2,2,4,"2:1:2 2:2:2 5:1:1 5:1:2"
MO_MO,8,16,"8:1:2 8:1:2",8,1,2,6,3,"1:1:2 6:2:2 8:1:2",8,1,2,6,1,2,4,"1:1:2 1:1:2 6:1:1 6:2:2"
OO_MM,8,16,"8:1:1 8:2:2",8,1,1,0,2,"7:2:2 8:1:1",8,1,1,0,0,7,2,"7:1:1 7:2:2"
OO_MM,8,16,"8:1:1 8:2:2",8,1,1,1,3,"1:2:2 6:2:2 8:1:1",8,1,1,1,1,4,4,"1:1:1 1:2:2 6:1:1 6:2:2"
OO_MM,8,16,"8:1:1 8:2:2",8,1,1,2,3,"2:2:2 5:2:2 8:1:1",8,1,1,2,2,1,4,"2:1:1 2:2:2 5:1:1 5:2:2"
OO_MM,8,16,"8:1:1 8:2:2",8,1,1,3,3,"3:2:2 4:2:2 8:1:1",4,2,2,1,1,4,4,"1:1:2 2:1:2 3:1:1 8:2:2"
OO_MM,8,16,"8:1:1 8:2:2",8,2,2,1,3,"1:1:2 6:1:2 8:2:2",8,2,2,1,1,3,4,"1:1:2 1:1:2 6:1:2 6:1:2"
OO_MM,8,16,"8:1:1 8:2:2",8,2,2,2,3,"2:1:2 5:1:2 8:2:2",5,1,2,2,2,2,4,"2:1:2 2:1:2 2:2:2 8:1:1"
OO_MM,8,16,"8:1:1 8:2:2",8,2,2,3,3,"3:1:2 4:1:2 8:2:2",4,1,2,2,1,3,4,"1:1:2 2:2:2 3:1:2 8:1:1"
OO_WM,8,16,"8:0:1 8:2:2",8,0,1,1,3,"1:0:2 6:2:2 8:1:1",8,1,1,1,1,4,4,"1:0:1 1:2:2 6:1:1 6:2:2"
OO_WM,8,16,"8:0:1 8:2:2",8,0,1,2,3,"2:0:2 5:2:2 8:1:1",8,1,1,2,2,1,4,"2:0:1 2:2:2 5:1:1 5:2:2"
OO_WM,8,16,"8:0:1 8:2:2",8,0,1,3,3,"3:0:2 4:2:2 8:1:1",4,2,2,1,1,4,4,"1:1:2 2:1:2 3:0:1 8:2:2"
OO_WM,8,16,"8:0:1 8:2:2",8,0,1,4,3,"3:2:2 4:0:2 8:1:1",4,0,2,1,1,5,4,"1:0:2 2:1:2 3:1:1 8:2:2"
OO_WM,8,16,"8:0:1 8:2:2",8,0,1,5,3,"2:2:2 5:0:2 8:1:1",5,0,2,2,2,2,4,"2:0:2 2:1:1 2:1:2 8:2:2"
OO_WM,8,16,"8:0:1 8:2:2",8,0,1,6,3,"1:2:2 6:0:2 8:1:1",8,1,1,1,1,5,4,"1:1:1 1:2:2 6:0:1 6:2:2"
OO_WM,8,16,"8:0:1 8:2:2",8,0,1,7,2,"7:0:2 8:1:1",8,1,1,0,0,9,2,"7:0:1 7:2:2"
OO_WM,8,16,"8:0:1 8:2:2",8,2,2,1,3,"1:1:2 6:1:2 8:0:2",8,0,2,1,1,6,4,"1:0:2 1:1:2 6:1:2 6:1:2"
OO_WM,8,16,"8:0:1 8:2:2",8,2,2,2,3,"2:1:2 5:1:2 8:0:2",5,1,2,2,2,3,4,"2:1:2 2:1:2 2:2:2 8:0:1"
OO_WM,8,16,"8:0:1 8:2:2",8,2,2,3,3,"3:1:2 4:1:2 8:0:2",4,1,2,2,1,6,4,"1:1:2 2:2:2 3:1:2 8:0:1"
OO_WM_PLUS,8,17,"8:2:2 9:0:1",8,2,2,1,3,"1:1:2 6:1:2 9:0:2",9,0,2,7,1,5,4,"1:1:2 1:1:2 6:1:2 7:0:2"
OO_WM_PLUS,8,17,"8:2:2 9:0:1",8,2,2,2,3,"2:1:2 5:1:2 9:0:2",5,1,2,2,2,3,4,"2:1:2 2:1:2 2:2:2 9:0:1"
OO_WM_PLUS,8,17,"8:2:2 9:0:1",8,2,2,3,3,"3:1:2 4:1:2 9:0:2",4,1,2,2,1,5,4,"1:1:2 2:2:2 3:1:2 9:0:1"
OO_WM_PLUS,8,17,"8:2:2 9:0:1",9,0,1,1,3,"1:0:2 7:2:2 8:1:1",8,1,1,0,0,7,3,"1:0:1 7:1:1 7:2:2"
OO_WM_PLUS,8,17,"8:2:2 9:0:1",9,0,1,2,3,"2:0:2 6:2:2 8:1:1",8,1,1,1,1,4,4,"1:2:2 2:0:1 6:1:1 6:2:2"
OO_WM_PLUS,8,17,"8:2:2 9:0:1",9,0,1,3,3,"3:0:2 5:2:2 8:1:1",5,2,2,1,1,3,4,"1:1:2 3:0:1 3:1:2 8:2:2"
OO_WM_PLUS,8,17,"8:2:2 9:0:1",9,0,1,4,3,"4:0:2 4:2:2 8:1:1",4,2,2,1,1,4,4,"1:1:2 2:1:2 4:0:1 8:2:2"
OO_WM_PLUS,8,17,"8:2:2 9:0:1",9,0,1,5,3,"3:2:2 5:0:2 8:1:1",5,0,2,3,1,5,4,"1:1:2 3:0:2 3:1:1 8:2:2"
OO_WM_PLUS,8,17,"8:2:2 9:0:1",9,0,1,6,3,"2:2:2 6:0:2 8:1:1",8,1,1,2,2,1,4,"2:1:1 2:2:2 5:2:2 6:0:1"
OO_WM_PLUS,8,17,"8:2:2 9:0:1",9,0,1,7,3,"1:2:2 7:0:2 8:1:1",7,0,2,5,1,6,4,"1:1:1 1:1:2 5:0:2 8:2:2"
OO_WM_PLUS,8,17,"8:2:2 9:0:1",9,0,1,8,2,"8:0:2 8:1:1",8,1,1,0,0,9,2,"7:2:2 8:0:1"
WO_MO,8,16,"8:0:2 8:1:2",8,0,2,1,3,"1:0:2 6:1:2 8:1:2",8,1,2,1,1,7,4,"1:0:1 1:2:2 6:1:2 6:1:2"
WO_MO,8,16,"8:0:2 8:1:2",8,0,2,2,3,"2:0:2 5:1:2 8:1:2",8,1,2,2,2,1,4,"2:0:1 2:2:2 5:1:2 5:1:2"
WO_MO,8,16,"8:0:2 8:1:2",8,0,2,3,3,"3:0:2 4:1:2 8:1:2",4,1,2,2,1,7,4,"1:1:2 2:2:2 3:0:1 8:1:2"
WO_MO,8,16,"8:0:2 8:1:2",8,0,2,4,3,"3:1:2 4:0:2 8:1:2",4,0,2,2,1,7,4,"1:1:2 2:0:2 3:1:2 8:1:2"
WO_MO,8,16,"8:0:2 8:1:2",8,0,2,5,3,"2:1:2 5:0:2 8:1:2",5,0,2,2,2,3,4,"2:0:2 2:1:2 2:1:2 8:1:2"
WO_MO,8,16,"8:0:2 8:1:2",8,0,2,6,3,"1:1:2 6:0:2 8:1:2",8,1,2,1,1,7,4,"1:1:2 1:2:2 6:0:1 6:1:2"
WO_MO,8,16,"8:0:2 8:1:2",8,1,2,0,2,"7:1:2 8:0:1",8,0,1,7,0,11,2,"7:0:2 7:1:2"
WO_MO,8,16,"8:0:2 8:1:2",8,1,2,1,3,"1:2:2 6:1:2 8:0:1",8,0,1,1,1,7,4,"1:0:2 1:1:1 6:1:2 6:2:2"
WO_MO,8,16,"8:0:2 8:1:2",8,1,2,2,3,"2:2:2 5:1:2 8:0:1",5,1,2,2,2,3,4,"2:1:1 2:1:2 2:2:2 8:0:2"
WO_MO,8,16,"8:0:2 8:1:2",8,1,2,3,3,"3:2:2 4:1:2 8:0:1",4,1,2,2,1,7,4,"1:1:2 2:2:2 3:1:1 8:0:2"
WO_MO,8,16,"8:0:2 8:1:2",8,1,2,4,3,"3:1:2 4:2:2 8:0:1",8,0,1,1,1,3,4,"1:0:2 3:1:2 4:1:1 6:2:2"
WO_MO,8,16,"8:0:2 8:1:2",8,1,2,5,3,"2:1:2 5:2:2 8:0:1",5,2,2,2,2,3,4,"2:1:2 2:1:2 2:1:2 8:0:2"
WO_MO,8,16,"8:0:2 8:1:2",8,1,2,6,3,"1:1:2 6:2:2 8:0:1",8,0,1,1,1,3,4,"1:0:2 1:1:2 6:1:1 6:2:2"
WO_PLUS_MO,8,17,"8:1:2 9:0:2",8,1,2,0,2,"7:1:2 9:0:1",9,0,1,8,0,13,2,"7:1:2 8:0:2"
WO_PLUS_MO,8,17,"8:1:2 9:0:2",8,1,2,1,3,"1:2:2 6:1:2 9:0:1",6,1,2,4,1,9,4,"1:1:1 1:1:2 4:2:2 9:0:2"
WO_PLUS_MO,8,17,"8:1:2 9:0:2",8,1,2,2,3,"2:2:2 5:1:2 9:0:1",9,0,1,6,2,1,4,"2:1:1 2:2:2 5:1:2 6:0:2"
WO_PLUS_MO,8,17,"8:1:2 9:0:2",8,1,2,3,3,"3:2:2 4:1:2 9:0:1",4,1,2,1,1,8,4,"1:2:2 2:1:2 3:1:1 9:0:2"
WO_PLUS_MO,8,17,"8:1:2 9:0:2",8,1,2,4,3,"3:1:2 4:2:2 9:0:1",4,2,2,1,1,5,4,"1:1:2 2:1:2 3:1:2 9:0:2"
WO_PLUS_MO,8,17,"8:1:2 9:0:2",8,1,2,5,3,"2:1:2 5:2:2 9:0:1",5,2,2,1,1,3,4,"1:1:2 2:1:2 3:1:2 9:0:2"
WO_PLUS_MO,8,17,"8:1:2 9:0:2",8,1,2,6,3,"1:1:2 6:2:2 9:0:1",6,2,2,2,2,5,4,"1:1:2 2:1:2 3:1:2 9:0:2"
WO_PLUS_MO,8,17,"8:1:2 9:0:2",9,0,2,1,3,"1:0:2 7:1:2 8:1:2",8,1,2,0,0,11,3,"1:0:1 7:1:2 7:1:2"
WO_PLUS_MO,8,17,"8:1:2 9:0:2",9,0,2,2,3,"2:0:2 6:1:2 8:1:2",8,1,2,1,1,7,4,"1:2:2 2:0:1 6:1:2 6:1:2"
WO_PLUS_MO,8,17,"8:1:2 9:0:2",9,0,2,3,3,"3:0:2 5:1:2 8:1:2",5,1,2,2,2,3,4,"2:1:2 2:2:2 3:0:1 8:1:2"
WO_PLUS_MO,8,17,"8:1:2 9:0:2",9,0,2,4,3,"4:0:2 4:1:2 8:1:2",4,1,2,2,1,7,4,"1:1:2 2:2:2 4:0:1 8:1:2"
WO_PLUS_MO,8,17,"8:1:2 9:0:2",9,0,2,5,3,"3:1:2 5:0:2 8:1:2",8,1,2,6,1,2,4,"1:1:2 3:1:2 5:0:1 6:2:2"
WO_PLUS_MO,8,17,"8:1:2 9:0:2",9,0,2,6,3,"2:1:2 6:0:2 8:1:2",8,1,2,2,2,2,4,"2:1:2 2:2:2 5:1:2 6:0:1"
WO_PLUS_MO,8,17,"8:1:2 9:0:2",9,0,2,7,3,"1:1:2 7:0:2 8:1:2",8,1,2,6,1,2,4,"1:1:2 1:1:2 6:2:2 7:0:1"
MO_MO,9,18,"9:1:2 9:1:2",9,1,2,0,2,"8:1:2 9:1:2",9,1,2,0,0,12,2,"8:1:2 8:1:2"
MO_MO,9,18,"9:1:2 9:1:2",9,1,2,1,3,"1:2:2 7:1:2 9:1:2",7,1,2,5,1,9,4,"1:1:1 1:1:2 5:2:2 9:1:2"
MO_MO,9,18,"9:1:2 9:1:2",9,1,2,2,3,"2:2:2 6:1:2 9:1:2",9,1,2,2,2,1,4,"2:1:1 2:2:2 6:1:2 6:1:2"
MO_MO,9,18,"9:1:2 9:1:2",9,1,2,3,3,"3:2:2 5:1:2 9:1:2",9,1,2,7,1,7,4,"1:1:2 3:1:1 5:1:2 7:2:2"
MO_MO,9,18,"9:1:2 9:1:2",9,1,2,4,3,"4:1:2 4:2:2 9:1:2",4,1,2,2,1,3,4,"1:1:2 2:2:2 4:1:1 9:1:2"
MO_MO,9,18,"9:1:2 9:1:2",9,1,2,5,3,"3:1:2 5:2:2 9:1:2",9,1,2,2,2,2,4,"2:2:2 3:1:2 5:1:1 6:1:2"
MO_MO,9,18,"9:1:2 9:1:2",9,1,2,6,3,"2:1:2 6:2:2 9:1:2",9,1,2,2,2,2,4,"2:1:2 2:2:2 6:1:1 6:1:2"
MO_MO,9,18,"9:1:2 9:1:2",9,1,2,7,3,"1:1:2 7:2:2 9:1:2",9,1,2,7,1,1,4,"1:1:2 1:1:2 7:1:1 7:2:2"
OO_MM,9,18,"9:1:1 9:2:2",9,1,1,0,2,"8:2:2 9:1:1",9,1,1,0,0,8,2,"8:1:1 8:2:2"
OO_MM,9,18,"9:1:1 9:2:2",9,1,1,1,3,"1:2:2 7:2:2 9:1:1",7,2,2,1,1,5,4,"1:1:1 1:1:2 5:1:2 9:2:2"
OO_MM,9,18,"9:1:1 9:2:2",9,1,1,2,3,"2:2:2 6:2:2 9:1:1",9,1,1,2,2,1,4,"2:1:1 2:2:2 6:1:1 6:2:2"
OO_MM,9,18,"9:1:1 9:2:2",9,1,1,3,3,"3:2:2 5:2:2 9:1:1",5,2,2,2,2,3,4,"2:1:2 2:1:2 3:1:1 9:2:2"
OO_MM,9,18,"9:1:1 9:2:2",9,1,1,4,3,"4:2:2 4:2:2 9:1:1",4,2,2,1,1,3,4,"1:1:2 2:1:2 4:1:1 9:2:2"
OO_MM,9,18,"9:1:1 9:2:2",9,2,2,1,3,"1:1:2 7:1:2 9:2:2",9,2,2,1,1,2,4,"1:1:2 1:1:2 7:1:2 7:1:2"
OO_MM,9,18,"9:1:1 9:2:2",9,2,2,2,3,"2:1:2 6:1:2 9:2:2",6,1,2,2,2,3,4,"2:1:2 2:2:2 3:1:2 9:1:1"
OO_MM,9,18,"9:1:1 9:2:2",9,2,2,3,3,"3:1:2 5:1:2 9:2:2",5,1,2,2,2,3,4,"2:1:2 2:2:2 3:1:2 9:1:1"
OO_MM,9,18,"9:1:1 9:2:2",9,2,2,4,3,"4:1:2 4:1:2 9:2:2",4,1,2,2,1,2,4,"1:1:2 2:2:2 4:1:2 9:1:1"
OO_WM,9,18,"9:0:1 9:2:2",9,0,1,1,3,"1:0:2 7:2:2 9:1:1",7,2,2,1,1,5,4,"1:0:1 1:1:2 5:1:2 9:2:2"
OO_WM,9,18,"9:0:1 9:2:2",9,0,1,2,3,"2:0:2 6:2:2 9:1:1",9,1,1,2,2,1,4,"2:0:1 2:2:2 6:1:1 6:2:2"
OO_WM,9,18,"9:0:1 9:2:2",9,0,1,3,3,"3:0:2 5:2:2 9:1:1",5,2,2,2,2,3,4,"2:1:2 2:1:2 3:0:1 9:2:2"
OO_WM,9,18,"9:0:1 9:2:2",9,0,1,4,3,"4:0:2 4:2:2 9:1:1",4,0,2,1,1,5,4,"1:0:2 2:1:2 4:1:1 9:2:2"
OO_WM,9,18,"9:0:1 9:2:2",9,0,1,5,3,"3:2:2 5:0:2 9:1:1",5,0,2,2,2,3,4,"2:0:2 2:1:2 3:1:1 9:2:2"
OO_WM,9,18,"9:0:1 9:2:2",9,0,1,6,3,"2:2:2 6:0:2 9:1:1",6,0,2,2,2,2,4,"2:0:2 2:1:1 3:1:2 9:2:2"
OO_WM,9,18,"9:0:1 9:2:2",9,0,1,7,3,"1:2:2 7:0:2 9:1:1",7,0,2,1,1,8,4,"1:0:2 1:1:1 5:1:2 9:2:2"
OO_WM,9,18,"9:0:1 9:2:2",9,0,1,8,2,"8:0:2 9:1:1",9,1,1,0,0,11,2,"8:0:1 8:2:2"
OO_WM,9,18,"9:0:1 9:2:2",9,2,2,1,3,"1:1:2 7:1:2 9:0:2",9,0,2,1,1,4,4,"1:0:2 1:1:2 7:1:2 7:1:2"
OO_WM,9,18,"9:0:1 9:2:2",9,2,2,2,3,"2:1:2 6:1:2 9:0:2",6,1,2,2,2,5,4,"2:1:2 2:2:2 3:1:2 9:0:1"
OO_WM,9,18,"9:0:1 9:2:2",9,2,2,3,3,"3:1:2 5:1:2 9:0:2",5,1,2,2,2,5,4,"2:1:2 2:2:2 3:1:2 9:0:1"
OO_WM,9,18,"9:0:1 9:2:2",9,2,2,4,3,"4:1:2 4:1:2 9:0:2",4,1,2,2,1,3,4,"1:1:2 2:2:2 4:1:2 9:0:1"
OO_WM_PLUS,9,19,"9:2:2 10:0:1",9,2,2,1,3,"1:1:2 7:1:2 10:0:2",10,0,2,8,1,6,4,"1:1:2 1:1:2 7:1:2 8:0:2"
OO_WM_PLUS,9,19,"9:2:2 10:0:1",9,2,2,2,3,"2:1:2 6:1:2 10:0:2",6,1,2,4,1,8,4,"1:1:2 2:1:2 4:2:2 10:0:1"
OO_WM_PLUS,9,19,"9:2:2 10:0:1",9,2,2,3,3,"3:1:2 5:1:2 10:0:2",10,0,2,8,1,7,4,"1:1:2 3:1:2 5:1:2 8:0:2"
OO_WM_PLUS,9,19,"9:2:2 10:0:1",9,2,2,4,3,"4:1:2 4:1:2 10:0:2",4,1,2,2,1,3,4,"1:1:2 2:2:2 4:1:2 10:0:1"
OO_WM_PLUS,9,19,"9:2:2 10:0:1",10,0,1,1,3,"1:0:2 8:2:2 9:1:1",9,1,1,0,0,8,3,"1:0:1 8:1:1 8:2:2"
OO_WM_PLUS,9,19,"9:2:2 10:0:1",10,0,1,2,3,"2:0:2 7:2:2 9:1:1",7,2,2,1,1,5,4,"1:1:2 2:0:1 5:1:2 9:2:2"
OO_WM_PLUS,9,19,"9:2:2 10:0:1",10,0,1,3,3,"3:0:2 6:2:2 9:1:1",6,2,2,1,1,4,4,"1:1:2 3:0:1 4:1:2 9:2:2"
OO_WM_PLUS,9,19,"9:2:2 10:0:1",10,0,1,4,3,"4:0:2 5:2:2 9:1:1",5,2,2,2,2,3,4,"2:1:2 2:1:2 4:0:1 9:2:2"
OO_WM_PLUS,9,19,"9:2:2 10:0:1",10,0,1,5,3,"4:2:2 5:0:2 9:1:1",4,2,2,1,1,5,4,"1:1:2 2:1:2 5:0:1 9:2:2"
OO_WM_PLUS,9,19,"9:2:2 10:0:1",10,0,1,6,3,"3:2:2 6:0:2 9:1:1",3,2,2,1,1,6,4,"1:1:2 1:1:2 6:0:1 9:2:2"
OO_WM_PLUS,9,19,"9:2:2 10:0:1",10,0,1,7,3,"2:2:2 7:0:2 9:1:1",7,0,2,5,1,2,4,"1:1:2 2:1:1 5:0:2 9:2:2"
OO_WM_PLUS,9,19,"9:2:2 10:0:1",10,0,1,8,3,"1:2:2 8:0:2 9:1:1",8,0,2,6,1,8,4,"1:1:1 1:1:2 6:0:2 9:2:2"
OO_WM_PLUS,9,19,"9:2:2 10:0:1",10,0,1,9,2,"9:0:2 9:1:1",9,1,1,0,0,11,2,"8:2:2 9:0:1"
WO_MO,9,18,"9:0:2 9:1:2",9,0,2,1,3,"1:0:2 7:1:2 9:1:2",7,1,2,5,1,9,4,"1:0:1 1:1:2 5:2:2 9:1:2"
WO_MO,9,18,"9:0:2 9:1:2",9,0,2,2,3,"2:0:2 6:1:2 9:1:2",9,1,2,2,2,1,4,"2:0:1 2:2:2 6:1:2 6:1:2"
WO_MO,9,18,"9:0:2 9:1:2",9,0,2,3,3,"3:0:2 5:1:2 9:1:2",9,1,2,7,1,7,4,"1:1:2 3:0:1 5:1:2 7:2:2"
WO_MO,9,18,"9:0:2 9:1:2",9,0,2,4,3,"4:0:2 4:1:2 9:1:2",4,0,2,2,1,5,4,"1:1:2 2:0:2 4:1:2 9:1:2"
WO_MO,9,18,"9:0:2 9:1:2",9,0,2,5,3,"3:1:2 5:0:2 9:1:2",5,0,2,2,2,3,4,"2:0:2 2:1:2 3:1:2 9:1:2"
WO_MO,9,18,"9:0:2 9:1:2",9,0,2,6,3,"2:1:2 6:0:2 9:1:2",9,1,2,7,1,7,4,"1:1:2 2:1:2 6:0:1 7:2:2"
WO_MO,9,18,"9:0:2 9:1:2",9,0,2,7,3,"1:1:2 7:0:2 9:1:2",9,1,2,7,1,5,4,"1:1:2 1:1:2 7:0:1 7:2:2"
WO_MO,9,18,"9:0:2 9:1:2",9,1,2,0,2,"8:1:2 9:0:1",9,0,1,8,0,12,2,"8:0:2 8:1:2"
WO_MO,9,18,"9:0:2 9:1:2",9,1,2,1,3,"1:2:2 7:1:2 9:0:1",7,1,2,5,1,9,4,"1:1:1 1:1:2 5:2:2 9:0:2"
WO_MO,9,18,"9:0:2 9:1:2",9,1,2,2,3,"2:2:2 6:1:2 9:0:1",6,1,2,2,2,3,4,"2:1:1 2:2:2 3:1:2 9:0:2"
WO_MO,9,18,"9:0:2 9:1:2",9,1,2,3,3,"3:2:2 5:1:2 9:0:1",9,0,1,1,1,7,4,"1:0:2 3:1:1 5:1:2 7:2:2"
WO_MO,9,18,"9:0:2 9:1:2",9,1,2,4,3,"4:1:2 4:2:2 9:0:1",4,1,2,2,1,4,4,"1:1:2 2:2:2 4:1:1 9:0:2"
WO_MO,9,18,"9:0:2 9:1:2",9,1,2,5,3,"3:1:2 5:2:2 9:0:1",5,2,2,2,2,4,4,"2:1:2 2:1:2 3:1:2 9:0:2"
WO_MO,9,18,"9:0:2 9:1:2",9,1,2,6,3,"2:1:2 6:2:2 9:0:1",6,2,2,2,2,3,4,"2:1:2 2:1:2 3:1:2 9:0:2"
WO_MO,9,18,"9:0:2 9:1:2",9,1,2,7,3,"1:1:2 7:2:2 9:0:1",9,0,1,1,1,2,4,"1:0:2 1:1:2 7:1:1 7:2:2"
WO_PLUS_MO,9,19,"9:1:2 10:0:2",9,1,2,0,2,"8:1:2 10:0:1",10,0,1,9,0,15,2,"8:1:2 9:0:2"
WO_PLUS_MO,9,19,"9:1:2 10:0:2",9,1,2,1,3,"1:2:2 7:1:2 10:0:1",7,1,2,1,1,10,4,"1:1:1 1:2:2 5:1:2 10:0:2"
WO_PLUS_MO,9,19,"9:1:2 10:0:2",9,1,2,2,3,"2:2:2 6:1:2 10:0:1",6,1,2,2,2,2,4,"2:1:1 2:2:2 3:1:2 10:0:2"
WO_PLUS_MO,9,19,"9:1:2 10:0:2",9,1,2,3,3,"3:2:2 5:1:2 10:0:1",3,2,2,1,1,9,4,"1:1:2 1:1:2 5:1:2 10:0:2"
WO_PLUS_MO,9,19,"9:1:2 10:0:2",9,1,2,4,3,"4:1:2 4:2:2 10:0:1",4,1,2,2,1,4,4,"1:1:2 2:2:2 4:1:1 10:0:2"
WO_PLUS_MO,9,19,"9:1:2 10:0:2",9,1,2,5,3,"3:1:2 5:2:2 10:0:1",5,2,2,2,2,3,4,"2:1:2 2:1:2 3:1:2 10:0:2"
WO_PLUS_MO,9,19,"9:1:2 10:0:2",9,1,2,6,3,"2:1:2 6:2:2 10:0:1",6,2,2,1,1,5,4,"1:1:2 2:1:2 4:1:2 10:0:2"
WO_PLUS_MO,9,19,"9:1:2 10:0:2",9,1,2,7,3,"1:1:2 7:2:2 10:0:1",7,2,2,1,1,5,4,"1:1:2 1:1:2 5:1:2 10:0:2"
WO_PLUS_MO,9,19,"9:1:2 10:0:2",10,0,2,1,3,"1:0:2 8:1:2 9:1:2",9,1,2,0,0,12,3,"1:0:1 8:1:2 8:1:2"
WO_PLUS_MO,9,19,"9:1:2 10:0:2",10,0,2,2,3,"2:0:2 7:1:2 9:1:2",7,1,2,5,1,9,4,"1:1:2 2:0:1 5:2:2 9:1:2"
WO_PLUS_MO,9,19,"9:1:2 10:0:2",10,0,2,3,3,"3:0:2 6:1:2 9:1:2",6,1,2,4,1,8,4,"1:1:2 3:0:1 4:2:2 9:1:2"
WO_PLUS_MO,9,19,"9:1:2 10:0:2",10,0,2,4,3,"4:0:2 5:1:2 9:1:2",9,1,2,7,1,7,4,"1:1:2 4:0:1 5:1:2 7:2:2"
WO_PLUS_MO,9,19,"9:1:2 10:0:2",10,0,2,5,3,"4:1:2 5:0:2 9:1:2",4,1,2,2,1,3,4,"1:1:2 2:2:2 5:0:1 9:1:2"
WO_PLUS_MO,9,19,"9:1:2 10:0:2",10,0,2,6,3,"3:1:2 6:0:2 9:1:2",9,1,2,7,1,4,4,"1:1:2 3:1:2 6:0:1 7:2:2"
WO_PLUS_MO,9,19,"9:1:2 10:0:2",10,0,2,7,3,"2:1:2 7:0:2 9:1:2",7,0,2,5,1,4,4,"1:1:2 2:1:2 5:0:2 9:1:2"
WO_PLUS_MO,9,19,"9:1:2 10:0:2",10,0,2,8,3,"1:1:2 8:0:2 9:1:2",9,1,2,7,1,5,4,"1:1:2 1:1:2 7:2:2 8:0:1"
MO_MO,10,20,"10:1:2 10:1:2",10,1,2,0,2,"9:1:2 10:1:2",10,1,2,0,0,15,2,"9:1:2 9:1:2"
MO_MO,10,20,"10:1:2 10:1:2",10,1,2,1,3,"1:2:2 8:1:2 10:1:2",10,1,2,1,1,8,4,"1:1:1 1:2:2 8:1:2 8:1:2"
MO_MO,10,20,"10:1:2 10:1:2",10,1,2,2,3,"2:2:2 7:1:2 10:1:2",10,1,2,2,2,1,4,"2:1:1 2:2:2 7:1:2 7:1:2"
MO_MO,10,20,"10:1:2 10:1:2",10,1,2,3,3,"3:2:2 6:1:2 10:1:2",6,1,2,2,2,3,4,"2:2:2 3:1:1 3:1:2 10:1:2"
MO_MO,10,20,"10:1:2 10:1:2",10,1,2,4,3,"4:2:2 5:1:2 10:1:2",10,1,2,2,2,2,4,"2:2:2 4:1:1 5:1:2 7:1:2"
MO_MO,10,20,"10:1:2 10:1:2",10,1,2,5,3,"4:1:2 5:2:2 10:1:2",10,1,2,2,2,2,4,"2:2:2 4:1:2 5:1:1 7:1:2"
MO_MO,10,20,"10:1:2 10:1:2",10,1,2,6,3,"3:1:2 6:2:2 10:1:2",10,1,2,6,3,1,4,"3:1:2 3:1:2 6:1:1 6:2:2"
MO_MO,10,20,"10:1:2 10:1:2",10,1,2,7,3,"2:1:2 7:2:2 10:1:2",10,1,2,2,2,2,4,"2:1:2 2:2:2 7:1:1 7:1:2"
MO_MO,10,20,"10:1:2 10:1:2",10,1,2,8,3,"1:1:2 8:2:2 10:1:2",10,1,2,8,1,3,4,"1:1:2 1:1:2 8:1:1 8:2:2"
OO_MM,10,20,"10:1:1 10:2:2",10,1,1,0,2,"9:2:2 10:1:1",10,1,1,0,0,9,2,"9:1:1 9:2:2"
OO_MM,10,20,"10:1:1 10:2:2",10,1,1,1,3,"1:2:2 8:2:2 10:1:1",8,2,2,1,1,5,4,"1:1:1 1:1:2 6:1:2 10:2:2"
OO_MM,10,20,"10:1:1 10:2:2",10,1,1,2,3,"2:2:2 7:2:2 10:1:1",10,1,1,2,2,1,4,"2:1:1 2:2:2 7:1:1 7:2:2"
OO_MM,10,20,"10:1:1 10:2:2",10,1,1,3,3,"3:2:2 6:2:2 10:1:1",6,2,2,1,1,3,4,"1:1:2 3:1:1 4:1:2 10:2:2"
OO_MM,10,20,"10:1:1 10:2:2",10,1,1,4,3,"4:2:2 5:2:2 10:1:1",10,1,1,2,2,2,4,"2:2:2 4:1:1 5:1:1 7:2:2"
OO_MM,10,20,"10:1:1 10:2:2",10,2,2,1,3,"1:1:2 8:1:2 10:2:2",10,2,2,1,1,2,4,"1:1:2 1:1:2 8:1:2 8:1:2"
OO_MM,10,20,"10:1:1 10:2:2",10,2,2,2,3,"2:1:2 7:1:2 10:2:2",7,1,2,2,2,2,4,"2:1:2 2:2:2 4:1:2 10:1:1"
OO_MM,10,20,"10:1:1 10:2:2",10,2,2,3,3,"3:1:2 6:1:2 10:2:2",6,1,2,2,2,2,4,"2:2:2 3:1:2 3:1:2 10:1:1"
OO_MM,10,20,"10:1:1 10:2:2",10,2,2,4,3,"4:1:2 5:1:2 10:2:2",4,1,2,2,1,3,4,"1:1:2 2:2:2 5:1:2 10:1:1"
OO_WM,10,20,"10:0:1 10:2:2",10,0,1,1,3,"1:0:2 8:2:2 10:1:1",8,2,2,1,1,5,4,"1:0:1 1:1:2 6:1:2 10:2:2"
OO_WM,10,20,"10:0:1 10:2:2",10,0,1,2,3,"2:0:2 7:2:2 10:1:1",10,1,1,2,2,1,4,"2:0:1 2:2:2 7:1:1 7:2:2"
OO_WM,10,20,"10:0:1 10:2:2",10,0,1,3,3,"3:0:2 6:2:2 10:1:1",6,2,2,1,1,3,4,"1:1:2 3:0:1 4:1:2 10:2:2"
OO_WM,10,20,"10:0:1 10:2:2",10,0,1,4,3,"4:0:2 5:2:2 10:1:1",5,2,2,1,1,3,4,"1:1:2 3:1:2 4:0:1 10:2:2"
OO_WM,10,20,"10:0:1 10:2:2",10,0,1,5,3,"4:2:2 5:0:2 10:1:1",5,0,2,2,2,3,4,"2:0:2 2:1:2 4:1:1 10:2:2"
OO_WM,10,20,"10:0:1 10:2:2",10,0,1,6,3,"3:2:2 6:0:2 10:1:1",3,2,2,1,1,7,4,"1:1:2 1:1:2 6:0:1 10:2:2"
OO_WM,10,20,"10:0:1 10:2:2",10,0,1,7,3,"2:2:2 7:0:2 10:1:1",10,1,1,2,2,1,4,"2:1:1 2:2:2 7:0:1 7:2:2"
OO_WM,10,20,"10:0:1 10:2:2",10,0,1,8,3,"1:2:2 8:0:2 10:1:1",8,0,2,1,1,8,4,"1:0:2 1:1:1 6:1:2 10:2:2"
OO_WM,10,20,"10:0:1 10:2:2",10,0,1,9,2,"9:0:2 10:1:1",10,1,1,0,0,12,2,"9:0:1 9:2:2"
OO_WM,10,20,"10:0:1 10:2:2",10,2,2,1,3,"1:1:2 8:1:2 10:0:2",10,0,2,1,1,7,4,"1:0:2 1:1:2 8:1:2 8:1:2"
OO_WM,10,20,"10:0:1 10:2:2",10,2,2,2,3,"2:1:2 7:1:2 10:0:2",7,1,2,5,1,6,4,"1:1:2 2:1:2 5:2:2 10:0:1"
OO_WM,10,20,"10:0:1 10:2:2",10,2,2,3,3,"3:1:2 6:1:2 10:0:2",6,1,2,2,2,3,4,"2:2:2 3:1:2 3:1:2 10:0:1"
OO_WM,10,20,"10:0:1 10:2:2",10,2,2,4,3,"4:1:2 5:1:2 10:0:2",4,1,2,2,1,6,4,"1:1:2 2:2:2 5:1:2 10:0:1"
OO_WM_PLUS,10,21,"10:2:2 11:0:1",10,2,2,1,3,"1:1:2 8:1:2 11:0:2",11,0,2,9,1,7,4,"1:1:2 1:1:2 8:1:2 9:0:2"
OO_WM_PLUS,10,21,"10:2:2 11:0:1",10,2,2,2,3,"2:1:2 7:1:2 11:0:2",7,1,2,5,1,6,4,"1:1:2 2:1:2 5:2:2 11:0:1"
OO_WM_PLUS,10,21,"10:2:2 11:0:1",10,2,2,3,3,"3:1:2 6:1:2 11:0:2",6,1,2,2,2,3,4,"2:2:2 3:1:2 3:1:2 11:0:1"
OO_WM_PLUS,10,21,"10:2:2 11:0:1",10,2,2,4,3,"4:1:2 5:1:2 11:0:2",4,1,2,2,1,4,4,"1:1:2 2:2:2 5:1:2 11:0:1"
OO_WM_PLUS,10,21,"10:2:2 11:0:1",11,0,1,1,3,"1:0:2 9:2:2 10:1:1",10,1,1,0,0,9,3,"1:0:1 9:1:1 9:2:2"
OO_WM_PLUS,10,21,"10:2:2 11:0:1",11,0,1,2,3,"2:0:2 8:2:2 10:1:1",8,2,2,1,1,5,4,"1:1:2 2:0:1 6:1:2 10:2:2"
OO_WM_PLUS,10,21,"10:2:2 11:0:1",11,0,1,3,3,"3:0:2 7:2:2 10:1:1",10,1,1,2,2,2,4,"2:2:2 3:0:1 7:1:1 7:2:2"
OO_WM_PLUS,10,21,"10:2:2 11:0:1",11,0,1,4,3,"4:0:2 6:2:2 10:1:1",6,2,2,1,1,3,4,"1:1:2 4:0:1 4:1:2 10:2:2"
OO_WM_PLUS,10,21,"10:2:2 11:0:1",11,0,1,5,3,"5:0:2 5:2:2 10:1:1",10,1,1,2,2,2,4,"2:2:2 5:0:1 5:1:1 7:2:2"
OO_WM_PLUS,10,21,"10:2:2 11:0:1",11,0,1,6,3,"4:2:2 6:0:2 10:1:1",10,1,1,2,2,2,4,"2:2:2 4:1:1 6:0:1 7:2:2"
OO_WM_PLUS,10,21,"10:2:2 11:0:1",11,0,1,7,3,"3:2:2 7:0:2 10:1:1",7,0,2,5,1,5,4,"1:1:2 3:1:1 5:0:2 10:2:2"
OO_WM_PLUS,10,21,"10:2:2 11:0:1",11,0,1,8,3,"2:2:2 8:0:2 10:1:1",10,1,1,2,2,1,4,"2:1:1 2:2:2 7:2:2 8:0:1"
OO_WM_PLUS,10,21,"10:2:2 11:0:1",11,0,1,9,3,"1:2:2 9:0:2 10:1:1",9,0,2,7,1,8,4,"1:1:1 1:1:2 7:0:2 10:2:2"
OO_WM_PLUS,10,21,"10:2:2 11:0:1",11,0,1,10,2,"10:0:2 10:1:1",10,1,1,0,0,12,2,"9:2:2 10:0:1"
WO_MO,10,20,"10:0:2 10:1:2",10,0,2,1,3,"1:0:2 8:1:2 10:1:2",10,1,2,1,1,8,4,"1:0:1 1:2:2 8:1:2 8:1:2"
WO_MO,10,20,"10:0:2 10:1:2",10,0,2,2,3,"2:0:2 7:1:2 10:1:2",10,1,2,2,2,1,4,"2:0:1 2:2:2 7:1:2 7:1:2"
WO_MO,10,20,"10:0:2 10:1:2",10,0,2,3,3,"3:0:2 6:1:2 10:1:2",6,1,2,2,2,3,4,"2:2:2 3:0:1 3:1:2 10:1:2"
WO_MO,10,20,"10:0:2 10:1:2",10,0,2,4,3,"4:0:2 5:1:2 10:1:2",4,0,2,2,1,6,4,"1:1:2 2:0:2 5:1:2 10:1:2"
WO_MO,10,20,"10:0:2 10:1:2",10,0,2,5,3,"4:1:2 5:0:2 10:1:2",5,0,2,2,2,3,4,"2:0:2 2:1:2 4:1:2 10:1:2"
WO_MO,10,20,"10:0:2 10:1:2",10,0,2,6,3,"3:1:2 6:0:2 10:1:2",6,0,2,2,2,3,4,"2:0:2 3:1:2 3:1:2 10:1:2"
WO_MO,10,20,"10:0:2 10:1:2",10,0,2,7,3,"2:1:2 7:0:2 10:1:2",7,0,2,2,2,5,4,"2:0:2 2:1:2 4:1:2 10:1:2"
WO_MO,10,20,"10:0:2 10:1:2",10,0,2,8,3,"1:1:2 8:0:2 10:1:2",10,1,2,8,1,4,4,"1:1:2 1:1:2 8:0:1 8:2:2"
WO_MO,10,20,"10:0:2 10:1:2",10,1,2,0,2,"9:1:2 10:0:1",10,0,1,9,0,15,2,"9:0:2 9:1:2"
WO_MO,10,20,"10:0:2 10:1:2",10,1,2,1,3,"1:2:2 8:1:2 10:0:1",10,0,1,1,1,8,4,"1:0:2 1:1:1 8:1:2 8:2:2"
WO_MO,10,20,"10:0:2 10:1:2",10,1,2,2,3,"2:2:2 7:1:2 10:0:1",10,0,1,2,2,2,4,"2:0:2 2:1:1 7:1:2 7:2:2"
WO_MO,10,20,"10:0:2 10:1:2",10,1,2,3,3,"3:2:2 6:1:2 10:0:1",6,1,2,2,2,4,4,"2:2:2 3:1:1 3:1:2 10:0:2"
WO_MO,10,20,"10:0:2 10:1:2",10,1,2,4,3,"4:2:2 5:1:2 10:0:1",5,1,2,2,2,4,4,"2:1:2 2:2:2 4:1:1 10:0:2"
WO_MO,10,20,"10:0:2 10:1:2",10,1,2,5,3,"4:1:2 5:2:2 10:0:1",10,0,1,2,2,3,4,"2:0:2 4:1:2 5:1:1 7:2:2"
WO_MO,10,20,"10:0:2 10:1:2",10,1,2,6,3,"3:1:2 6:2:2 10:0:1",10,0,1,2,2,2,4,"2:0:2 3:1:2 6:1:1 7:2:2"
WO_MO,10,20,"10:0:2 10:1:2",10,1,2,7,3,"2:1:2 7:2:2 10:0:1",10,0,1,2,2,2,4,"2:0:2 2:1:2 7:1:1 7:2:2"
WO_MO,10,20,"10:0:2 10:1:2",10,1,2,8,3,"1:1:2 8:2:2 10:0:1",10,0,1,1,1,4,4,"1:0:2 1:1:2 8:1:1 8:2:2"
WO_PLUS_MO,10,21,"10:1:2 11:0:2",10,1,2,0,2,"9:1:2 11:0:1",11,0,1,10,0,17,2,"9:1:2 10:0:2"
WO_PLUS_MO,10,21,"10:1:2 11:0:2",10,1,2,1,3,"1:2:2 8:1:2 11:0:1",8,1,2,6,1,10,4,"1:1:1 1:1:2 6:2:2 11:0:2"
WO_PLUS_MO,10,21,"10:1:2 11:0:2",10,1,2,2,3,"2:2:2 7:1:2 11:0:1",11,0,1,8,2,1,4,"2:1:1 2:2:2 7:1:2 8:0:2"
WO_PLUS_MO,10,21,"10:1:2 11:0:2",10,1,2,3,3,"3:2:2 6:1:2 11:0:1",6,1,2,4,1,6,4,"1:1:2 3:1:1 4:2:2 11:0:2"
WO_PLUS_MO,10,21,"10:1:2 11:0:2",10,1,2,4,3,"4:2:2 5:1:2 11:0:1",5,1,2,2,2,4,4,"2:1:2 2:2:2 4:1:1 11:0:2"
WO_PLUS_MO,10,21,"10:1:2 11:0:2",10,1,2,5,3,"4:1:2 5:2:2 11:0:1",11,0,1,8,2,2,4,"2:2:2 4:1:2 5:1:1 8:0:2"
WO_PLUS_MO,10,21,"10:1:2 11:0:2",10,1,2,6,3,"3:1:2 6:2:2 11:0:1",11,0,1,4,4,1,4,"3:1:2 4:0:2 6:1:1 6:2:2"
WO_PLUS_MO,10,21,"10:1:2 11:0:2",10,1,2,7,3,"2:1:2 7:2:2 11:0:1",11,0,1,8,2,4,4,"2:1:2 2:2:2 7:1:1 8:0:2"
WO_PLUS_MO,10,21,"10:1:2 11:0:2",10,1,2,8,3,"1:1:2 8:2:2 11:0:1",11,0,1,2,2,3,4,"1:1:2 2:0:2 8:1:1 8:2:2"
WO_PLUS_MO,10,21,"10:1:2 11:0:2",11,0,2,1,3,"1:0:2 9:1:2 10:1:2",10,1,2,0,0,15,3,"1:0:1 9:1:2 9:1:2"
WO_PLUS_MO,10,21,"10:1:2 11:0:2",11,0,2,2,3,"2:0:2 8:1:2 10:1:2",10,1,2,1,1,8,4,"1:2:2 2:0:1 8:1:2 8:1:2"
WO_PLUS_MO,10,21,"10:1:2 11:0:2",11,0,2,3,3,"3:0:2 7:1:2 10:1:2",7,1,2,5,1,7,4,"1:1:2 3:0:1 5:2:2 10:1:2"
WO_PLUS_MO,10,21,"10:1:2 11:0:2",11,0,2,4,3,"4:0:2 6:1:2 10:1:2",6,1,2,2,2,3,4,"2:2:2 3:1:2 4:0:1 10:1:2"
WO_PLUS_MO,10,21,"10:1:2 11:0:2",11,0,2,5,3,"5:0:2 5:1:2 10:1:2",10,1,2,2,2,2,4,"2:2:2 5:0:1 5:1:2 7:1:2"
WO_PLUS_MO,10,21,"10:1:2 11:0:2",11,0,2,6,3,"4:1:2 6:0:2 10:1:2",4,1,2,2,1,5,4,"1:1:2 2:2:2 6:0:1 10:1:2"
WO_PLUS_MO,10,21,"10:1:2 11:0:2",11,0,2,7,3,"3:1:2 7:0:2 10:1:2",10,1,2,6,3,1,4,"3:1:2 3:1:2 6:2:2 7:0:1"
WO_PLUS_MO,10,21,"10:1:2 11:0:2",11,0,2,8,3,"2:1:2 8:0:2 10:1:2",10,1,2,2,2,3,4,"2:1:2 2:2:2 7:1:2 8:0:1"
WO_PLUS_MO,10,21,"10:1:2 11:0:2",11,0,2,9,3,"1:1:2 9:0:2 10:1:2",10,1,2,8,1,4,4,"1:1:2 1:1:2 8:2:2 9:0:1"
MO_MO,11,22,"11:1:2 11:1:2",11,1,2,0,2,"10:1:2 11:1:2",11,1,2,0,0,17,2,"10:1:2 10:1:2"
MO_MO,11,22,"11:1:2 11:1:2",11,1,2,1,3,"1:2:2 9:1:2 11:1:2",11,1,2,1,1,11,4,"1:1:1 1:2:2 9:1:2 9:1:2"
MO_MO,11,22,"11:1:2 11:1:2",11,1,2,2,3,"2:2:2 8:1:2 11:1:2",11,1,2,2,2,1,4,"2:1:1 2:2:2 8:1:2 8:1:2"
MO_MO,11,22,"11:1:2 11:1:2",11,1,2,3,3,"3:2:2 7:1:2 11:1:2",7,1,2,5,1,11,4,"1:1:2 3:1:1 5:2:2 11:1:2"
MO_MO,11,22,"11:1:2 11:1:2",11,1,2,4,3,"4:2:2 6:1:2 11:1:2",11,1,2,9,1,4,4,"1:1:2 4:1:1 6:1:2 9:2:2"
MO_MO,11,22,"11:1:2 11:1:2",11,1,2,5,3,"5:1:2 5:2:2 11:1:2",11,1,2,2,2,2,4,"2:2:2 5:1:1 5:1:2 8:1:2"
MO_MO,11,22,"11:1:2 11:1:2",11,1,2,6,3,"4:1:2 6:2:2 11:1:2",4,1,2,2,1,4,4,"1:1:2 2:2:2 6:1:1 11:1:2"
MO_MO,11,22,"11:1:2 11:1:2",11,1,2,7,3,"3:1:2 7:2:2 11:1:2",11,1,2,7,3,1,4,"3:1:2 3:1:2 7:1:1 7:2:2"
MO_MO,11,22,"11:1:2 11:1:2",11,1,2,8,3,"2:1:2 8:2:2 11:1:2",11,1,2,2,2,3,4,"2:1:2 2:2:2 8:1:1 8:1:2"
MO_MO,11,22,"11:1:2 11:1:2",11,1,2,9,3,"1:1:2 9:2:2 11:1:2",11,1,2,9,1,1,4,"1:1:2 1:1:2 9:1:1 9:2:2"
OO_MM,11,22,"11:1:1 11:2:2",11,1,1,0,2,"10:2:2 11:1:1",11,1,1,0,0,10,2,"10:1:1 10:2:2"
OO_MM,11,22,"11:1:1 11:2:2",11,1,1,1,3,"1:2:2 9:2:2 11:1:1",11,1,1,1,1,6,4,"1:1:1 1:2:2 9:1:1 9:2:2"
OO_MM,11,22,"11:1:1 11:2:2",11,1,1,2,3,"2:2:2 8:2:2 11:1:1",11,1,1,2,2,2,4,"2:1:1 2:2:2 8:1:1 8:2:2"
OO_MM,11,22,"11:1:1 11:2:2",11,1,1,3,3,"3:2:2 7:2:2 11:1:1",7,2,2,1,1,6,4,"1:1:2 3:1:1 5:1:2 11:2:2"
OO_MM,11,22,"11:1:1 11:2:2",11,1,1,4,3,"4:2:2 6:2:2 11:1:1",11,1,1,2,2,3,4,"2:2:2 4:1:1 6:1:1 8:2:2"
OO_MM,11,22,"11:1:1 11:2:2",11,1,1,5,3,"5:2:2 5:2:2 11:1:1",11,1,1,2,2,2,4,"2:2:2 5:1:1 5:1:1 8:2:2"
OO_MM,11,22,"11:1:1 11:2:2",11,2,2,1,3,"1:1:2 9:1:2 11:2:2",11,2,2,1,1,3,4,"1:1:2 1:1:2 9:1:2 9:1:2"
OO_MM,11,22,"11:1:1 11:2:2",11,2,2,2,3,"2:1:2 8:1:2 11:2:2",8,1,2,2,2,3,4,"2:1:2 2:2:2 5:1:2 11:1:1"
OO_MM,11,22,"11:1:1 11:2:2",11,2,2,3,3,"3:1:2 7:1:2 11:2:2",7,1,2,5,1,3,4,"1:1:2 3:1:2 5:2:2 11:1:1"
OO_MM,11,22,"11:1:1 11:2:2",11,2,2,4,3,"4:1:2 6:1:2 11:2:2",4,1,2,2,1,3,4,"1:1:2 2:2:2 6:1:2 11:1:1"
OO_MM,11,22,"11:1:1 11:2:2",11,2,2,5,3,"5:1:2 5:1:2 11:2:2",5,1,2,2,2,2,4,"2:1:2 2:2:2 5:1:2 11:1:1"
OO_WM,11,22,"11:0:1 11:2:2",11,0,1,1,3,"1:0:2 9:2:2 11:1:1",11,1,1,1,1,6,4,"1:0:1 1:2:2 9:1:1 9:2:2"
OO_WM,11,22,"11:0:1 11:2:2",11,0,1,2,3,"2:0:2 8:2:2 11:1:1",11,1,1,2,2,2,4,"2:0:1 2:2:2 8:1:1 8:2:2"
OO_WM,11,22,"11:0:1 11:2:2",11,0,1,3,3,"3:0:2 7:2:2 11:1:1",7,2,2,1,1,6,4,"1:1:2 3:0:1 5:1:2 11:2:2"
OO_WM,11,22,"11:0:1 11:2:2",11,0,1,4,3,"4:0:2 6:2:2 11:1:1",4,0,2,2,1,6,4,"1:1:2 2:0:2 6:1:1 11:2:2"
OO_WM,11,22,"11:0:1 11:2:2",11,0,1,5,3,"5:0:2 5:2:2 11:1:1",5,0,2,2,2,3,4,"2:0:2 2:1:2 5:1:1 11:2:2"
OO_WM,11,22,"11:0:1 11:2:2",11,0,1,6,3,"4:2:2 6:0:2 11:1:1",4,2,2,1,1,6,4,"1:1:2 2:1:2 6:0:1 11:2:2"
OO_WM,11,22,"11:0:1 11:2:2",11,0,1,7,3,"3:2:2 7:0:2 11:1:1",7,0,2,1,1,9,4,"1:0:2 3:1:1 5:1:2 11:2:2"
OO_WM,11,22,"11:0:1 11:2:2",11,0,1,8,3,"2:2:2 8:0:2 11:1:1",8,0,2,2,2,3,4,"2:0:2 2:1:1 5:1:2 11:2:2"
OO_WM,11,22,"11:0:1 11:2:2",11,0,1,9,3,"1:2:2 9:0:2 11:1:1",11,1,1,1,1,8,4,"1:1:1 1:2:2 9:0:1 9:2:2"
OO_WM,11,22,"11:0:1 11:2:2",11,0,1,10,2,"10:0:2 11:1:1",11,1,1,0,0,14,2,"10:0:1 10:2:2"
OO_WM,11,22,"11:0:1 11:2:2",11,2,2,1,3,"1:1:2 9:1:2 11:0:2",11,0,2,1,1,6,4,"1:0:2 1:1:2 9:1:2 9:1:2"
OO_WM,11,22,"11:0:1 11:2:2",11,2,2,2,3,"2:1:2 8:1:2 11:0:2",8,1,2,2,2,5,4,"2:1:2 2:2:2 5:1:2 11:0:1"
OO_WM,11,22,"11:0:1 11:2:2",11,2,2,3,3,"3:1:2 7:1:2 11:0:2",7,1,2,5,1,6,4,"1:1:2 3:1:2 5:2:2 11:0:1"
OO_WM,11,22,"11:0:1 11:2:2",11,2,2,4,3,"4:1:2 6:1:2 11:0:2",4,1,2,2,1,6,4,"1:1:2 2:2:2 6:1:2 11:0:1"
OO_WM,11,22,"11:0:1 11:2:2",11,2,2,5,3,"5:1:2 5:1:2 11:0:2",5,1,2,2,2,4,4,"2:1:2 2:2:2 5:1:2 11:0:1"
OO_WM_PLUS,11,23,"11:2:2 12:0:1",11,2,2,1,3,"1:1:2 9:1:2 12:0:2",12,0,2,10,1,8,4,"1:1:2 1:1:2 9:1:2 10:0:2"
OO_WM_PLUS,11,23,"11:2:2 12:0:1",11,2,2,2,3,"2:1:2 8:1:2 12:0:2",8,1,2,6,1,7,4,"1:1:2 2:1:2 6:2:2 12:0:1"
OO_WM_PLUS,11,23,"11:2:2 12:0:1",11,2,2,3,3,"3:1:2 7:1:2 12:0:2",7,1,2,5,1,9,4,"1:1:2 3:1:2 5:2:2 12:0:1"
OO_WM_PLUS,11,23,"11:2:2 12:0:1",11,2,2,4,3,"4:1:2 6:1:2 12:0:2",4,1,2,2,1,6,4,"1:1:2 2:2:2 6:1:2 12:0:1"
OO_WM_PLUS,11,23,"11:2:2 12:0:1",11,2,2,5,3,"5:1:2 5:1:2 12:0:2",5,1,2,2,2,2,4,"2:1:2 2:2:2 5:1:2 12:0:1"
OO_WM_PLUS,11,23,"11:2:2 12:0:1",12,0,1,1,3,"1:0:2 10:2:2 11:1:1",11,1,1,0,0,10,3,"1:0:1 10:1:1 10:2:2"
OO_WM_PLUS,11,23,"11:2:2 12:0:1",12,0,1,2,3,"2:0:2 9:2:2 11:1:1",11,1,1,1,1,6,4,"1:2:2 2:0:1 9:1:1 9:2:2"
OO_WM_PLUS,11,23,"11:2:2 12:0:1",12,0,1,3,3,"3:0:2 8:2:2 11:1:1",8,2,2,1,1,6,4,"1:1:2 3:0:1 6:1:2 11:2:2"
OO_WM_PLUS,11,23,"11:2:2 12:0:1",12,0,1,4,3,"4:0:2 7:2:2 11:1:1",7,2,2,1,1,6,4,"1:1:2 4:0:1 5:1:2 11:2:2"
OO_WM_PLUS,11,23,"11:2:2 12:0:1",12,0,1,5,3,"5:0:2 6:2:2 11:1:1",11,1,1,2,2,3,4,"2:2:2 5:0:1 6:1:1 8:2:2"
OO_WM_PLUS,11,23,"11:2:2 12:0:1",12,0,1,6,3,"5:2:2 6:0:2 11:1:1",5,2,2,1,1,4,4,"1:1:2 3:1:2 6:0:1 11:2:2"
OO_WM_PLUS,11,23,"11:2:2 12:0:1",12,0,1,7,3,"4:2:2 7:0:2 11:1:1",11,1,1,1,1,4,4,"1:2:2 4:1:1 7:0:1 9:2:2"
OO_WM_PLUS,11,23,"11:2:2 12:0:1",12,0,1,8,3,"3:2:2 8:0:2 11:1:1",8,0,2,6,1,9,4,"1:1:2 3:1:1 6:0:2 11:2:2"
OO_WM_PLUS,11,23,"11:2:2 12:0:1",12,0,1,9,3,"2:2:2 9:0:2 11:1:1",11,1,1,2,2,2,4,"2:1:1 2:2:2 8:2:2 9:0:1"
OO_WM_PLUS,11,23,"11:2:2 12:0:1",12,0,1,10,3,"1:2:2 10:0:2 11:1:1",10,0,2,8,1,10,4,"1:1:1 1:1:2 8:0:2 11:2:2"
OO_WM_PLUS,11,23,"11:2:2 12:0:1",12,0,1,11,2,"11:0:2 11:1:1",11,1,1,0,0,14,2,"10:2:2 11:0:1"
WO_MO,11,22,"11:0:2 11:1:2",11,0,2,1,3,"1:0:2 9:1:2 11:1:2",11,1,2,1,1,11,4,"1:0:1 1:2:2 9:1:2 9:1:2"
WO_MO,11,22,"11:0:2 11:1:2",11,0,2,2,3,"2:0:2 8:1:2 11:1:2",11,1,2,2,2,1,4,"2:0:1 2:2:2 8:1:2 8:1:2"
WO_MO,11,22,"11:0:2 11:1:2",11,0,2,3,3,"3:0:2 7:1:2 11:1:2",7,1,2,5,1,11,4,"1:1:2 3:0:1 5:2:2 11:1:2"
WO_MO,11,22,"11:0:2 11:1:2",11,0,2,4,3,"4:0:2 6:1:2 11:1:2",4,0,2,2,1,8,4,"1:1:2 2:0:2 6:1:2 11:1:2"
WO_MO,11,22,"11:0:2 11:1:2",11,0,2,5,3,"5:0:2 5:1:2 11:1:2",5,0,2,2,2,3,4,"2:0:2 2:1:2 5:1:2 11:1:2"
WO_MO,11,22,"11:0:2 11:1:2",11,0,2,6,3,"4:1:2 6:0:2 11:1:2",4,1,2,2,1,8,4,"1:1:2 2:2:2 6:0:1 11:1:2"
WO_MO,11,22,"11:0:2 11:1:2",11,0,2,7,3,"3:1:2 7:0:2 11:1:2",11,1,2,9,1,6,4,"1:1:2 3:1:2 7:0:1 9:2:2"
WO_MO,11,22,"11:0:2 11:1:2",11,0,2,8,3,"2:1:2 8:0:2 11:1:2",8,0,2,2,2,4,4,"2:0:2 2:1:2 5:1:2 11:1:2"
WO_MO,11,22,"11:0:2 11:1:2",11,0,2,9,3,"1:1:2 9:0:2 11:1:2",11,1,2,9,1,5,4,"1:1:2 1:1:2 9:0:1 9:2:2"
WO_MO,11,22,"11:0:2 11:1:2",11,1,2,0,2,"10:1:2 11:0:1",11,0,1,10,0,17,2,"10:0:2 10:1:2"
WO_MO,11,22,"11:0:2 11:1:2",11,1,2,1,3,"1:2:2 9:1:2 11:0:1",11,0,1,1,1,12,4,"1:0:2 1:1:1 9:1:2 9:2:2"
WO_MO,11,22,"11:0:2 11:1:2",11,1,2,2,3,"2:2:2 8:1:2 11:0:1",8,1,2,2,2,3,4,"2:1:1 2:2:2 5:1:2 11:0:2"
WO_MO,11,22,"11:0:2 11:1:2",11,1,2,3,3,"3:2:2 7:1:2 11:0:1",7,1,2,5,1,12,4,"1:1:2 3:1:1 5:2:2 11:0:2"
WO_MO,11,22,"11:0:2 11:1:2",11,1,2,4,3,"4:2:2 6:1:2 11:0:1",11,0,1,1,1,5,4,"1:0:2 4:1:1 6:1:2 9:2:2"
WO_MO,11,22,"11:0:2 11:1:2",11,1,2,5,3,"5:1:2 5:2:2 11:0:1",5,1,2,2,2,5,4,"2:1:2 2:2:2 5:1:1 11:0:2"
WO_MO,11,22,"11:0:2 11:1:2",11,1,2,6,3,"4:1:2 6:2:2 11:0:1",4,1,2,2,1,5,4,"1:1:2 2:2:2 6:1:1 11:0:2"
WO_MO,11,22,"11:0:2 11:1:2",11,1,2,7,3,"3:1:2 7:2:2 11:0:1",11,0,1,2,2,2,4,"2:0:2 3:1:2 7:1:1 8:2:2"
WO_MO,11,22,"11:0:2 11:1:2",11,1,2,8,3,"2:1:2 8:2:2 11:0:1",8,2,2,2,2,4,4,"2:1:2 2:1:2 5:1:2 11:0:2"
WO_MO,11,22,"11:0:2 11:1:2",11,1,2,9,3,"1:1:2 9:2:2 11:0:1",11,0,1,1,1,2,4,"1:0:2 1:1:2 9:1:1 9:2:2"
WO_PLUS_MO,11,23,"11:1:2 12:0:2",11,1,2,0,2,"10:1:2 12:0:1",12,0,1,11,0,19,2,"10:1:2 11:0:2"
WO_PLUS_MO,11,23,"11:1:2 12:0:2",11,1,2,1,3,"1:2:2 9:1:2 12:0:1",9,1,2,7,1,15,4,"1:1:1 1:1:2 7:2:2 12:0:2"
WO_PLUS_MO,11,23,"11:1:2 12:0:2",11,1,2,2,3,"2:2:2 8:1:2 12:0:1",12,0,1,9,2,1,4,"2:1:1 2:2:2 8:1:2 9:0:2"
WO_PLUS_MO,11,23,"11:1:2 12:0:2",11,1,2,3,3,"3:2:2 7:1:2 12:0:1",7,1,2,1,1,13,4,"1:2:2 3:1:1 5:1:2 12:0:2"
WO_PLUS_MO,11,23,"11:1:2 12:0:2",11,1,2,4,3,"4:2:2 6:1:2 12:0:1",4,2,2,1,1,7,4,"1:1:2 2:1:2 6:1:2 12:0:2"
WO_PLUS_MO,11,23,"11:1:2 12:0:2",11,1,2,5,3,"5:1:2 5:2:2 12:0:1",5,2,2,1,1,3,4,"1:1:2 3:1:2 5:1:2 12:0:2"
WO_PLUS_MO,11,23,"11:1:2 12:0:2",11,1,2,6,3,"4:1:2 6:2:2 12:0:1",4,1,2,2,1,7,4,"1:1:2 2:2:2 6:1:1 12:0:2"
WO_PLUS_MO,11,23,"11:1:2 12:0:2",11,1,2,7,3,"3:1:2 7:2:2 12:0:1",7,2,2,1,1,5,4,"1:1:2 3:1:2 5:1:2 12:0:2"
WO_PLUS_MO,11,23,"11:1:2 12:0:2",11,1,2,8,3,"2:1:2 8:2:2 12:0:1",8,2,2,1,1,6,4,"1:1:2 2:1:2 6:1:2 12:0:2"
WO_PLUS_MO,11,23,"11:1:2 12:0:2",11,1,2,9,3,"1:1:2 9:2:2 12:0:1",9,2,2,2,2,6,4,"1:1:2 2:1:2 6:1:2 12:0:2"
WO_PLUS_MO,11,23,"11:1:2 12:0:2",12,0,2,1,3,"1:0:2 10:1:2 11:1:2",11,1,2,0,0,17,3,"1:0:1 10:1:2 10:1:2"
WO_PLUS_MO,11,23,"11:1:2 12:0:2",12,0,2,2,3,"2:0:2 9:1:2 11:1:2",11,1,2,1,1,11,4,"1:2:2 2:0:1 9:1:2 9:1:2"
WO_PLUS_MO,11,23,"11:1:2 12:0:2",12,0,2,3,3,"3:0:2 8:1:2 11:1:2",8,1,2,6,1,8,4,"1:1:2 3:0:1 6:2:2 11:1:2"
WO_PLUS_MO,11,23,"11:1:2 12:0:2",12,0,2,4,3,"4:0:2 7:1:2 11:1:2",7,1,2,5,1,11,4,"1:1:2 4:0:1 5:2:2 11:1:2"
WO_PLUS_MO,11,23,"11:1:2 12:0:2",12,0,2,5,3,"5:0:2 6:1:2 11:1:2",11,1,2,9,1,4,4,"1:1:2 5:0:1 6:1:2 9:2:2"
WO_PLUS_MO,11,23,"11:1:2 12:0:2",12,0,2,6,3,"5:1:2 6:0:2 11:1:2",5,1,2,2,2,4,4,"2:1:2 2:2:2 6:0:1 11:1:2"
WO_PLUS_MO,11,23,"11:1:2 12:0:2",12,0,2,7,3,"4:1:2 7:0:2 11:1:2",4,1,2,2,1,4,4,"1:1:2 2:2:2 7:0:1 11:1:2"
WO_PLUS_MO,11,23,"11:1:2 12:0:2",12,0,2,8,3,"3:1:2 8:0:2 11:1:2",11,1,2,9,1,5,4,"1:1:2 3:1:2 8:0:1 9:2:2"
WO_PLUS_MO,11,23,"11:1:2 12:0:2",12,0,2,9,3,"2:1:2 9:0:2 11:1:2",11,1,2,2,2,4,4,"2:1:2 2:2:2 8:1:2 9:0:1"
WO_PLUS_MO,11,23,"11:1:2 12:0:2",12,0,2,10,3,"1:1:2 10:0:2 11:1:2",11,1,2,9,1,1,4,"1:1:2 1:1:2 9:2:2 10:0:1"
MO_MO,12,24,"12:1:2 12:1:2",12,1,2,0,2,"11:1:2 12:1:2",12,1,2,0,0,19,2,"11:1:2 11:1:2"
MO_MO,12,24,"12:1:2 12:1:2",12,1,2,1,3,"1:2:2 10:1:2 12:1:2",10,1,2,8,1,14,4,"1:1:1 1:1:2 8:2:2 12:1:2"
MO_MO,12,24,"12:1:2 12:1:2",12,1,2,2,3,"2:2:2 9:1:2 12:1:2",12,1,2,2,2,1,4,"2:1:1 2:2:2 9:1:2 9:1:2"
MO_MO,12,24,"12:1:2 12:1:2",12,1,2,3,3,"3:2:2 8:1:2 12:1:2",12,1,2,10,1,11,4,"1:1:2 3:1:1 8:1:2 10:2:2"
MO_MO,12,24,"12:1:2 12:1:2",12,1,2,4,3,"4:2:2 7:1:2 12:1:2",7,1,2,2,2,4,4,"2:2:2 4:1:1 4:1:2 12:1:2"
MO_MO,12,24,"12:1:2 12:1:2",12,1,2,5,3,"5:2:2 6:1:2 12:1:2",12,1,2,5,5,1,4,"5:1:1 5:2:2 6:1:2 6:1:2"
MO_MO,12,24,"12:1:2 12:1:2",12,1,2,6,3,"5:1:2 6:2:2 12:1:2",5,1,2,2,2,4,4,"2:1:2 2:2:2 6:1:1 12:1:2"
MO_MO,12,24,"12:1:2 12:1:2",12,1,2,7,3,"4:1:2 7:2:2 12:1:2",12,1,2,7,4,1,4,"4:1:2 4:1:2 7:1:1 7:2:2"
MO_MO,12,24,"12:1:2 12:1:2",12,1,2,8,3,"3:1:2 8:2:2 12:1:2",12,1,2,2,2,3,4,"2:2:2 3:1:2 8:1:1 9:1:2"
MO_MO,12,24,"12:1:2 12:1:2",12,1,2,9,3,"2:1:2 9:2:2 12:1:2",12,1,2,2,2,2,4,"2:1:2 2:2:2 9:1:1 9:1:2"
MO_MO,12,24,"12:1:2 12:1:2",12,1,2,10,3,"1:1:2 10:2:2 12:1:2",12,1,2,10,1,1,4,"1:1:2 1:1:2 10:1:1 10:2:2"
OO_MM,12,24,"12:1:1 12:2:2",12,1,1,0,2,"11:2:2 12:1:1",12,1,1,0,0,11,2,"11:1:1 11:2:2"
OO_MM,12,24,"12:1:1 12:2:2",12,1,1,1,3,"1:2:2 10:2:2 12:1:1",10,2,2,1,1,7,4,"1:1:1 1:1:2 8:1:2 12:2:2"
OO_MM,12,24,"12:1:1 12:2:2",12,1,1,2,3,"2:2:2 9:2:2 12:1:1",12,1,1,2,2,1,4,"2:1:1 2:2:2 9:1:1 9:2:2"
OO_MM,12,24,"12:1:1 12:2:2",12,1,1,3,3,"3:2:2 8:2:2 12:1:1",8,2,2,2,2,4,4,"2:1:2 3:1:1 5:1:2 12:2:2"
OO_MM,12,24,"12:1:1 12:2:2",12,1,1,4,3,"4:2:2 7:2:2 12:1:1",7,2,2,1,1,4,4,"1:1:2 4:1:1 5:1:2 12:2:2"
OO_MM,12,24,"12:1:1 12:2:2",12,1,1,5,3,"5:2:2 6:2:2 12:1:1",5,2,2,2,2,3,4,"2:1:2 2:1:2 6:1:1 12:2:2"
OO_MM,12,24,"12:1:1 12:2:2",12,2,2,1,3,"1:1:2 10:1:2 12:2:2",12,2,2,1,1,2,4,"1:1:2 1:1:2 10:1:2 10:1:2"
OO_MM,12,24,"12:1:1 12:2:2",12,2,2,2,3,"2:1:2 9:1:2 12:2:2",9,1,2,2,2,2,4,"2:1:2 2:2:2 6:1:2 12:1:1"
OO_MM,12,24,"12:1:1 12:2:2",12,2,2,3,3,"3:1:2 8:1:2 12:2:2",8,1,2,2,2,2,4,"2:2:2 3:1:2 5:1:2 12:1:1"
OO_MM,12,24,"12:1:1 12:2:2",12,2,2,4,3,"4:1:2 7:1:2 12:2:2",4,1,2,2,1,3,4,"1:1:2 2:2:2 7:1:2 12:1:1"
OO_MM,12,24,"12:1:1 12:2:2",12,2,2,5,3,"5:1:2 6:1:2 12:2:2",5,1,2,2,2,3,4,"2:1:2 2:2:2 6:1:2 12:1:1"
OO_WM,12,24,"12:0:1 12:2:2",12,0,1,1,3,"1:0:2 10:2:2 12:1:1",10,2,2,1,1,7,4,"1:0:1 1:1:2 8:1:2 12:2:2"
OO_WM,12,24,"12:0:1 12:2:2",12,0,1,2,3,"2:0:2 9:2:2 12:1:1",12,1,1,2,2,1,4,"2:0:1 2:2:2 9:1:1 9:2:2"
OO_WM,12,24,"12:0:1 12:2:2",12,0,1,3,3,"3:0:2 8:2:2 12:1:1",8,2,2,2,2,4,4,"2:1:2 3:0:1 5:1:2 12:2:2"
OO_WM,12,24,"12:0:1 12:2:2",12,0,1,4,3,"4:0:2 7:2:2 12:1:1",4,0,2,2,1,6,4,"1:1:2 2:0:2 7:1:1 12:2:2"
OO_WM,12,24,"12:0:1 12:2:2",12,0,1,5,3,"5:0:2 6:2:2 12:1:1",5,0,2,2,2,3,4,"2:0:2 2:1:2 6:1:1 12:2:2"
OO_WM,12,24,"12:0:1 12:2:2",12,0,1,6,3,"5:2:2 6:0:2 12:1:1",5,2,2,2,2,4,4,"2:1:2 2:1:2 6:0:1 12:2:2"
OO_WM,12,24,"12:0:1 12:2:2",12,0,1,7,3,"4:2:2 7:0:2 12:1:1",4,2,2,1,1,8,4,"1:1:2 2:1:2 7:0:1 12:2:2"
OO_WM,12,24,"12:0:1 12:2:2",12,0,1,8,3,"3:2:2 8:0:2 12:1:1",8,0,2,2,2,5,4,"2:0:2 3:1:1 5:1:2 12:2:2"
OO_WM,12,24,"12:0:1 12:2:2",12,0,1,9,3,"2:2:2 9:0:2 12:1:1",9,0,2,2,2,2,4,"2:0:2 2:1:1 6:1:2 12:2:2"
OO_WM,12,24,"12:0:1 12:2:2",12,0,1,10,3,"1:2:2 10:0:2 12:1:1",10,0,2,1,1,10,4,"1:0:2 1:1:1 8:1:2 12:2:2"
OO_WM,12,24,"12:0:1 12:2:2",12,0,1,11,2,"11:0:2 12:1:1",12,1,1,0,0,15,2,"11:0:1 11:2:2"
OO_WM,12,24,"12:0:1 12:2:2",12,2,2,1,3,"1:1:2 10:1:2 12:0:2",12,0,2,1,1,4,4,"1:0:2 1:1:2 10:1:2 10:1:2"
OO_WM,12,24,"12:0:1 12:2:2",12,2,2,2,3,"2:1:2 9:1:2 12:0:2",9,1,2,2,2,6,4,"2:1:2 2:2:2 6:1:2 12:0:1"
OO_WM,12,24,"12:0:1 12:2:2",12,2,2,3,3,"3:1:2 8:1:2 12:0:2",8,1,2,2,2,7,4,"2:2:2 3:1:2 5:1:2 12:0:1"
OO_WM,12,24,"12:0:1 12:2:2",12,2,2,4,3,"4:1:2 7:1:2 12:0:2",4,1,2,2,1,5,4,"1:1:2 2:2:2 7:1:2 12:0:1"
OO_WM,12,24,"12:0:1 12:2:2",12,2,2,5,3,"5:1:2 6:1:2 12:0:2",5,1,2,2,2,7,4,"2:1:2 2:2:2 6:1:2 12:0:1"
OO_WM_PLUS,12,25,"12:2:2 13:0:1",12,2,2,1,3,"1:1:2 10:1:2 13:0:2",13,0,2,11,1,5,4,"1:1:2 1:1:2 10:1:2 11:0:2"
OO_WM_PLUS,12,25,"12:2:2 13:0:1",12,2,2,2,3,"2:1:2 9:1:2 13:0:2",9,1,2,7,1,9,4,"1:1:2 2:1:2 7:2:2 13:0:1"
OO_WM_PLUS,12,25,"12:2:2 13:0:1",12,2,2,3,3,"3:1:2 8:1:2 13:0:2",8,1,2,2,2,6,4,"2:2:2 3:1:2 5:1:2 13:0:1"
OO_WM_PLUS,12,25,"12:2:2 13:0:1",12,2,2,4,3,"4:1:2 7:1:2 13:0:2",4,1,2,2,1,6,4,"1:1:2 2:2:2 7:1:2 13:0:1"
OO_WM_PLUS,12,25,"12:2:2 13:0:1",12,2,2,5,3,"5:1:2 6:1:2 13:0:2",5,1,2,2,2,7,4,"2:1:2 2:2:2 6:1:2 13:0:1"
OO_WM_PLUS,12,25,"12:2:2 13:0:1",13,0,1,1,3,"1:0:2 11:2:2 12:1:1",12,1,1,0,0,11,3,"1:0:1 11:1:1 11:2:2"
OO_WM_PLUS,12,25,"12:2:2 13:0:1",13,0,1,2,3,"2:0:2 10:2:2 12:1:1",10,2,2,1,1,7,4,"1:1:2 2:0:1 8:1:2 12:2:2"
OO_WM_PLUS,12,25,"12:2:2 13:0:1",13,0,1,3,3,"3:0:2 9:2:2 12:1:1",9,2,2,1,1,5,4,"1:1:2 3:0:1 7:1:2 12:2:2"
OO_WM_PLUS,12,25,"12:2:2 13:0:1",13,0,1,4,3,"4:0:2 8:2:2 12:1:1",8,2,2,2,2,4,4,"2:1:2 4:0:1 5:1:2 12:2:2"
OO_WM_PLUS,12,25,"12:2:2 13:0:1",13,0,1,5,3,"5:0:2 7:2:2 12:1:1",7,2,2,1,1,4,4,"1:1:2 5:0:1 5:1:2 12:2:2"
OO_WM_PLUS,12,25,"12:2:2 13:0:1",13,0,1,6,3,"6:0:2 6:2:2 12:1:1",6,2,2,1,1,6,4,"1:1:2 4:1:2 6:0:1 12:2:2"
OO_WM_PLUS,12,25,"12:2:2 13:0:1",13,0,1,7,3,"5:2:2 7:0:2 12:1:1",7,0,2,5,1,4,4,"1:1:2 5:0:2 5:1:1 12:2:2"
OO_WM_PLUS,12,25,"12:2:2 13:0:1",13,0,1,8,3,"4:2:2 8:0:2 12:1:1",4,2,2,1,1,8,4,"1:1:2 2:1:2 8:0:1 12:2:2"
OO_WM_PLUS,12,25,"12:2:2 13:0:1",13,0,1,9,3,"3:2:2 9:0:2 12:1:1",9,0,2,7,1,8,4,"1:1:2 3:1:1 7:0:2 12:2:2"
OO_WM_PLUS,12,25,"12:2:2 13:0:1",13,0,1,10,3,"2:2:2 10:0:2 12:1:1",10,0,2,7,2,3,4,"2:1:1 2:1:2 7:0:2 12:2:2"
OO_WM_PLUS,12,25,"12:2:2 13:0:1",13,0,1,11,3,"1:2:2 11:0:2 12:1:1",11,0,2,9,1,12,4,"1:1:1 1:1:2 9:0:2 12:2:2"
OO_WM_PLUS,12,25,"12:2:2 13:0:1",13,0,1,12,2,"12:0:2 12:1:1",12,1,1,0,0,15,2,"11:2:2 12:0:1"
WO_MO,12,24,"12:0:2 12:1:2",12,0,2,1,3,"1:0:2 10:1:2 12:1:2",10,1,2,8,1,14,4,"1:0:1 1:1:2 8:2:2 12:1:2"
WO_MO,12,24,"12:0:2 12:1:2",12,0,2,2,3,"2:0:2 9:1:2 12:1:2",12,1,2,2,2,1,4,"2:0:1 2:2:2 9:1:2 9:1:2"
WO_MO,12,24,"12:0:2 12:1:2",12,0,2,3,3,"3:0:2 8:1:2 12:1:2",12,1,2,10,1,11,4,"1:1:2 3:0:1 8:1:2 10:2:2"
WO_MO,12,24,"12:0:2 12:1:2",12,0,2,4,3,"4:0:2 7:1:2 12:1:2",4,0,2,2,1,10,4,"1:1:2 2:0:2 7:1:2 12:1:2"
WO_MO,12,24,"12:0:2 12:1:2",12,0,2,5,3,"5:0:2 6:1:2 12:1:2",5,0,2,2,2,3,4,"2:0:2 2:1:2 6:1:2 12:1:2"
WO_MO,12,24,"12:0:2 12:1:2",12,0,2,6,3,"5:1:2 6:0:2 12:1:2",12,1,2,10,1,10,4,"1:1:2 5:1:2 6:0:1 10:2:2"
WO_MO,12,24,"12:0:2 12:1:2",12,0,2,7,3,"4:1:2 7:0:2 12:1:2",4,1,2,2,1,7,4,"1:1:2 2:2:2 7:0:1 12:1:2"
WO_MO,12,24,"12:0:2 12:1:2",12,0,2,8,3,"3:1:2 8:0:2 12:1:2",8,0,2,2,2,4,4,"2:0:2 3:1:2 5:1:2 12:1:2"
WO_MO,12,24,"12:0:2 12:1:2",12,0,2,9,3,"2:1:2 9:0:2 12:1:2",9,0,2,2,2,5,4,"2:0:2 2:1:2 6:1:2 12:1:2"
WO_MO,12,24,"12:0:2 12:1:2",12,0,2,10,3,"1:1:2 10:0:2 12:1:2",12,1,2,10,1,4,4,"1:1:2 1:1:2 10:0:1 10:2:2"
WO_MO,12,24,"12:0:2 12:1:2",12,1,2,0,2,"11:1:2 12:0:1",12,0,1,11,0,19,2,"11:0:2 11:1:2"
WO_MO,12,24,"12:0:2 12:1:2",12,1,2,1,3,"1:2:2 10:1:2 12:0:1",10,1,2,8,1,14,4,"1:1:1 1:1:2 8:2:2 12:0:2"
WO_MO,12,24,"12:0:2 12:1:2",12,1,2,2,3,"2:2:2 9:1:2 12:0:1",9,1,2,2,2,3,4,"2:1:1 2:2:2 6:1:2 12:0:2"
WO_MO,12,24,"12:0:2 12:1:2",12,1,2,3,3,"3:2:2 8:1:2 12:0:1",12,0,1,1,1,11,4,"1:0:2 3:1:1 8:1:2 10:2:2"
WO_MO,12,24,"12:0:2 12:1:2",12,1,2,4,3,"4:2:2 7:1:2 12:0:1",7,1,2,5,1,5,4,"1:1:2 4:1:1 5:2:2 12:0:2"
WO_MO,12,24,"12:0:2 12:1:2",12,1,2,5,3,"5:2:2 6:1:2 12:0:1",5,2,2,2,2,5,4,"2:1:2 2:1:2 6:1:2 12:0:2"
WO_MO,12,24,"12:0:2 12:1:2",12,1,2,6,3,"5:1:2 6:2:2 12:0:1",5,1,2,2,2,5,4,"2:1:2 2:2:2 6:1:1 12:0:2"
WO_MO,12,24,"12:0:2 12:1:2",12,1,2,7,3,"4:1:2 7:2:2 12:0:1",4,1,2,2,1,3,4,"1:1:2 2:2:2 7:1:1 12:0:2"
WO_MO,12,24,"12:0:2 12:1:2",12,1,2,8,3,"3:1:2 8:2:2 12:0:1",8,2,2,2,2,5,4,"2:1:2 3:1:2 5:1:2 12:0:2"
WO_MO,12,24,"12:0:2 12:1:2",12,1,2,9,3,"2:1:2 9:2:2 12:0:1",9,2,2,2,2,4,4,"2:1:2 2:1:2 6:1:2 12:0:2"
WO_MO,12,24,"12:0:2 12:1:2",12,1,2,10,3,"1:1:2 10:2:2 12:0:1",12,0,1,1,1,2,4,"1:0:2 1:1:2 10:1:1 10:2:2"
WO_PLUS_MO,12,25,"12:1:2 13:0:2",12,1,2,0,2,"11:1:2 13:0:1",13,0,1,12,0,21,2,"11:1:2 12:0:2"
WO_PLUS_MO,12,25,"12:1:2 13:0:2",12,1,2,1,3,"1:2:2 10:1:2 13:0:1",10,1,2,8,1,15,4,"1:1:1 1:1:2 8:2:2 13:0:2"
WO_PLUS_MO,12,25,"12:1:2 13:0:2",12,1,2,2,3,"2:2:2 9:1:2 13:0:1",9,1,2,2,2,2,4,"2:1:1 2:2:2 6:1:2 13:0:2"
WO_PLUS_MO,12,25,"12:1:2 13:0:2",12,1,2,3,3,"3:2:2 8:1:2 13:0:1",8,1,2,6,1,13,4,"1:1:2 3:1:1 6:2:2 13:0:2"
WO_PLUS_MO,12,25,"12:1:2 13:0:2",12,1,2,4,3,"4:2:2 7:1:2 13:0:1",7,1,2,5,1,6,4,"1:1:2 4:1:1 5:2:2 13:0:2"
WO_PLUS_MO,12,25,"12:1:2 13:0:2",12,1,2,5,3,"5:2:2 6:1:2 13:0:1",5,2,2,2,2,4,4,"2:1:2 2:1:2 6:1:2 13:0:2"
WO_PLUS_MO,12,25,"12:1:2 13:0:2",12,1,2,6,3,"5:1:2 6:2:2 13:0:1",5,1,2,2,2,7,4,"2:1:2 2:2:2 6:1:1 13:0:2"
WO_PLUS_MO,12,25,"12:1:2 13:0:2",12,1,2,7,3,"4:1:2 7:2:2 13:0:1",4,1,2,2,1,5,4,"1:1:2 2:2:2 7:1:1 13:0:2"
WO_PLUS_MO,12,25,"12:1:2 13:0:2",12,1,2,8,3,"3:1:2 8:2:2 13:0:1",8,2,2,2,2,4,4,"2:1:2 3:1:2 5:1:2 13:0:2"
WO_PLUS_MO,12,25,"12:1:2 13:0:2",12,1,2,9,3,"2:1:2 9:2:2 13:0:1",9,2,2,2,2,4,4,"2:1:2 2:1:2 6:1:2 13:0:2"
WO_PLUS_MO,12,25,"12:1:2 13:0:2",12,1,2,10,3,"1:1:2 10:2:2 13:0:1",13,0,1,2,2,5,4,"1:1:2 2:0:2 10:1:1 10:2:2"
WO_PLUS_MO,12,25,"12:1:2 13:0:2",13,0,2,1,3,"1:0:2 11:1:2 12:1:2",12,1,2,0,0,19,3,"1:0:1 11:1:2 11:1:2"
WO_PLUS_MO,12,25,"12:1:2 13:0:2",13,0,2,2,3,"2:0:2 10:1:2 12:1:2",10,1,2,8,1,14,4,"1:1:2 2:0:1 8:2:2 12:1:2"
WO_PLUS_MO,12,25,"12:1:2 13:0:2",13,0,2,3,3,"3:0:2 9:1:2 12:1:2",9,1,2,7,1,13,4,"1:1:2 3:0:1 7:2:2 12:1:2"
WO_PLUS_MO,12,25,"12:1:2 13:0:2",13,0,2,4,3,"4:0:2 8:1:2 12:1:2",12,1,2,10,1,11,4,"1:1:2 4:0:1 8:1:2 10:2:2"
WO_PLUS_MO,12,25,"12:1:2 13:0:2",13,0,2,5,3,"5:0:2 7:1:2 12:1:2",7,1,2,2,2,4,4,"2:2:2 4:1:2 5:0:1 12:1:2"
WO_PLUS_MO,12,25,"12:1:2 13:0:2",13,0,2,6,3,"6:0:2 6:1:2 12:1:2",12,1,2,10,1,8,4,"1:1:2 6:0:1 6:1:2 10:2:2"
WO_PLUS_MO,12,25,"12:1:2 13:0:2",13,0,2,7,3,"5:1:2 7:0:2 12:1:2",7,0,2,5,1,6,4,"1:1:2 5:0:2 5:1:2 12:1:2"
WO_PLUS_MO,12,25,"12:1:2 13:0:2",13,0,2,8,3,"4:1:2 8:0:2 12:1:2",4,1,2,2,1,7,4,"1:1:2 2:2:2 8:0:1 12:1:2"
WO_PLUS_MO,12,25,"12:1:2 13:0:2",13,0,2,9,3,"3:1:2 9:0:2 12:1:2",12,1,2,2,2,3,4,"2:2:2 3:1:2 9:0:1 9:1:2"
WO_PLUS_MO,12,25,"12:1:2 13:0:2",13,0,2,10,3,"2:1:2 10:0:2 12:1:2",10,0,2,8,1,6,4,"1:1:2 2:1:2 8:0:2 12:1:2"
WO_PLUS_MO,12,25,"12:1:2 13:0:2",13,0,2,11,3,"1:1:2 11:0:2 12:1:2",12,1,2,10,1,8,4,"1:1:2 1:1:2 10:2:2 11:0:1"
MO_MO,13,26,"13:1:2 13:1:2",13,1,2,0,2,"12:1:2 13:1:2",13,1,2,0,0,21,2,"12:1:2 12:1:2"
MO_MO,13,26,"13:1:2 13:1:2",13,1,2,1,3,"1:2:2 11:1:2 13:1:2",11,1,2,9,1,14,4,"1:1:1 1:1:2 9:2:2 13:1:2"
MO_MO,13,26,"13:1:2 13:1:2",13,1,2,2,3,"2:2:2 10:1:2 13:1:2",13,1,2,2,2,1,4,"2:1:1 2:2:2 10:1:2 10:1:2"
MO_MO,13,26,"13:1:2 13:1:2",13,1,2,3,3,"3:2:2 9:1:2 13:1:2",9,1,2,7,1,8,4,"1:1:2 3:1:1 7:2:2 13:1:2"
MO_MO,13,26,"13:1:2 13:1:2",13,1,2,4,3,"4:2:2 8:1:2 13:1:2",13,1,2,2,2,2,4,"2:2:2 4:1:1 8:1:2 10:1:2"
MO_MO,13,26,"13:1:2 13:1:2",13,1,2,5,3,"5:2:2 7:1:2 13:1:2",13,1,2,2,2,2,4,"2:2:2 5:1:1 7:1:2 10:1:2"
MO_MO,13,26,"13:1:2 13:1:2",13,1,2,6,3,"6:1:2 6:2:2 13:1:2",6,1,2,2,2,3,4,"2:2:2 3:1:2 6:1:1 13:1:2"
MO_MO,13,26,"13:1:2 13:1:2",13,1,2,7,3,"5:1:2 7:2:2 13:1:2",13,1,2,2,2,2,4,"2:2:2 5:1:2 7:1:1 10:1:2"
MO_MO,13,26,"13:1:2 13:1:2",13,1,2,8,3,"4:1:2 8:2:2 13:1:2",13,1,2,2,2,3,4,"2:2:2 4:1:2 8:1:1 10:1:2"
MO_MO,13,26,"13:1:2 13:1:2",13,1,2,9,3,"3:1:2 9:2:2 13:1:2",13,1,2,9,3,1,4,"3:1:2 3:1:2 9:1:1 9:2:2"
MO_MO,13,26,"13:1:2 13:1:2",13,1,2,10,3,"2:1:2 10:2:2 13:1:2",13,1,2,2,2,2,4,"2:1:2 2:2:2 10:1:1 10:1:2"
MO_MO,13,26,"13:1:2 13:1:2",13,1,2,11,3,"1:1:2 11:2:2 13:1:2",13,1,2,11,1,4,4,"1:1:2 1:1:2 11:1:1 11:2:2"
OO_MM,13,26,"13:1:1 13:2:2",13,1,1,0,2,"12:2:2 13:1:1",13,1,1,0,0,12,2,"12:1:1 12:2:2"
OO_MM,13,26,"13:1:1 13:2:2",13,1,1,1,3,"1:2:2 11:2:2 13:1:1",11,2,2,1,1,7,4,"1:1:1 1:1:2 9:1:2 13:2:2"
OO_MM,13,26,"13:1:1 13:2:2",13,1,1,2,3,"2:2:2 10:2:2 13:1:1",13,1,1,2,2,1,4,"2:1:1 2:2:2 10:1:1 10:2:2"
OO_MM,13,26,"13:1:1 13:2:2",13,1,1,3,3,"3:2:2 9:2:2 13:1:1",9,2,2,1,1,8,4,"1:1:2 3:1:1 7:1:2 13:2:2"
OO_MM,13,26,"13:1:1 13:2:2",13,1,1,4,3,"4:2:2 8:2:2 13:1:1",13,1,1,2,2,3,4,"2:2:2 4:1:1 8:1:1 10:2:2"
OO_MM,13,26,"13:1:1 13:2:2",13,1,1,5,3,"5:2:2 7:2:2 13:1:1",13,1,1,2,2,2,4,"2:2:2 5:1:1 7:1:1 10:2:2"
OO_MM,13,26,"13:1:1 13:2:2",13,1,1,6,3,"6:2:2 6:2:2 13:1:1",13,1,1,6,6,1,4,"6:1:1 6:1:1 6:2:2 6:2:2"
OO_MM,13,26,"13:1:1 13:2:2",13,2,2,1,3,"1:1:2 11:1:2 13:2:2",13,2,2,1,1,1,4,"1:1:2 1:1:2 11:1:2 11:1:2"
OO_MM,13,26,"13:1:1 13:2:2",13,2,2,2,3,"2:1:2 10:1:2 13:2:2",13,2,2,2,2,1,4,"2:1:2 2:1:2 10:1:2 10:1:2"
OO_MM,13,26,"13:1:1 13:2:2",13,2,2,3,3,"3:1:2 9:1:2 13:2:2",9,1,2,2,2,2,4,"2:2:2 3:1:2 6:1:2 13:1:1"
OO_MM,13,26,"13:1:1 13:2:2",13,2,2,4,3,"4:1:2 8:1:2 13:2:2",13,2,2,4,4,1,4,"4:1:2 4:1:2 8:1:2 8:1:2"
OO_MM,13,26,"13:1:1 13:2:2",13,2,2,5,3,"5:1:2 7:1:2 13:2:2",13,2,2,5,5,1,4,"5:1:2 5:1:2 7:1:2 7:1:2"
OO_MM,13,26,"13:1:1 13:2:2",13,2,2,6,3,"6:1:2 6:1:2 13:2:2",6,1,2,2,2,2,4,"2:2:2 3:1:2 6:1:2 13:1:1"
OO_WM,13,26,"13:0:1 13:2:2",13,0,1,1,3,"1:0:2 11:2:2 13:1:1",11,2,2,1,1,7,4,"1:0:1 1:1:2 9:1:2 13:2:2"
OO_WM,13,26,"13:0:1 13:2:2",13,0,1,2,3,"2:0:2 10:2:2 13:1:1",13,1,1,2,2,1,4,"2:0:1 2:2:2 10:1:1 10:2:2"
OO_WM,13,26,"13:0:1 13:2:2",13,0,1,3,3,"3:0:2 9:2:2 13:1:1",9,2,2,1,1,8,4,"1:1:2 3:0:1 7:1:2 13:2:2"
OO_WM,13,26,"13:0:1 13:2:2",13,0,1,4,3,"4:0:2 8:2:2 13:1:1",4,0,2,2,1,6,4,"1:1:2 2:0:2 8:1:1 13:2:2"
OO_WM,13,26,"13:0:1 13:2:2",13,0,1,5,3,"5:0:2 7:2:2 13:1:1",5,0,2,2,2,3,4,"2:0:2 2:1:2 7:1:1 13:2:2"
OO_WM,13,26,"13:0:1 13:2:2",13,0,1,6,3,"6:0:2 6:2:2 13:1:1",6,2,2,1,1,7,4,"1:1:2 4:1:2 6:0:1 13:2:2"
OO_WM,13,26,"13:0:1 13:2:2",13,0,1,7,3,"5:2:2 7:0:2 13:1:1",13,1,1,2,2,2,4,"2:2:2 5:1:1 7:0:1 10:2:2"
OO_WM,13,26,"13:0:1 13:2:2",13,0,1,8,3,"4:2:2 8:0:2 13:1:1",8,0,2,2,2,4,4,"2:0:2 4:1:1 5:1:2 13:2:2"
OO_WM,13,26,"13:0:1 13:2:2",13,0,1,9,3,"3:2:2 9:0:2 13:1:1",9,0,2,1,1,11,4,"1:0:2 3:1:1 7:1:2 13:2:2"
OO_WM,13,26,"13:0:1 13:2:2",13,0,1,10,3,"2:2:2 10:0:2 13:1:1",13,1,1,2,2,2,4,"2:1:1 2:2:2 10:0:1 10:2:2"
OO_WM,13,26,"13:0:1 13:2:2",13,0,1,11,3,"1:2:2 11:0:2 13:1:1",11,0,2,1,1,11,4,"1:0:2 1:1:1 9:1:2 13:2:2"
OO_WM,13,26,"13:0:1 13:2:2",13,0,1,12,2,"12:0:2 13:1:1",13,1,1,0,0,17,2,"12:0:1 12:2:2"
OO_WM,13,26,"13:0:1 13:2:2",13,2,2,1,3,"1:1:2 11:1:2 13:0:2",13,0,2,1,1,5,4,"1:0:2 1:1:2 11:1:2 11:1:2"
OO_WM,13,26,"13:0:1 13:2:2",13,2,2,2,3,"2:1:2 10:1:2 13:0:2",10,1,2,2,2,5,4,"2:1:2 2:2:2 7:1:2 13:0:1"
OO_WM,13,26,"13:0:1 13:2:2",13,2,2,3,3,"3:1:2 9:1:2 13:0:2",9,1,2,2,2,5,4,"2:2:2 3:1:2 6:1:2 13:0:1"
OO_WM,13,26,"13:0:1 13:2:2",13,2,2,4,3,"4:1:2 8:1:2 13:0:2",4,1,2,2,1,8,4,"1:1:2 2:2:2 8:1:2 13:0:1"
OO_WM,13,26,"13:0:1 13:2:2",13,2,2,5,3,"5:1:2 7:1:2 13:0:2",7,1,2,5,1,7,4,"1:1:2 5:1:2 5:2:2 13:0:1"
OO_WM,13,26,"13:0:1 13:2:2",13,2,2,6,3,"6:1:2 6:1:2 13:0:2",6,1,2,2,2,4,4,"2:2:2 3:1:2 6:1:2 13:0:1"
OO_WM_PLUS,13,27,"13:2:2 14:0:1",13,2,2,1,3,"1:1:2 11:1:2 14:0:2",11,1,2,9,1,8,4,"1:1:2 1:1:2 9:2:2 14:0:1"
OO_WM_PLUS,13,27,"13:2:2 14:0:1",13,2,2,2,3,"2:1:2 10:1:2 14:0:2",10,1,2,8,1,6,4,"1:1:2 2:1:2 8:2:2 14:0:1"
OO_WM_PLUS,13,27,"13:2:2 14:0:1",13,2,2,3,3,"3:1:2 9:1:2 14:0:2",9,1,2,2,2,5,4,"2:2:2 3:1:2 6:1:2 14:0:1"
OO_WM_PLUS,13,27,"13:2:2 14:0:1",13,2,2,4,3,"4:1:2 8:1:2 14:0:2",4,1,2,2,1,7,4,"1:1:2 2:2:2 8:1:2 14:0:1"
OO_WM_PLUS,13,27,"13:2:2 14:0:1",13,2,2,5,3,"5:1:2 7:1:2 14:0:2",7,1,2,5,1,6,4,"1:1:2 5:1:2 5:2:2 14:0:1"
OO_WM_PLUS,13,27,"13:2:2 14:0:1",13,2,2,6,3,"6:1:2 6:1:2 14:0:2",6,1,2,2,2,3,4,"2:2:2 3:1:2 6:1:2 14:0:1"
OO_WM_PLUS,13,27,"13:2:2 14:0:1",14,0,1,1,3,"1:0:2 12:2:2 13:1:1",13,1,1,0,0,12,3,"1:0:1 12:1:1 12:2:2"
OO_WM_PLUS,13,27,"13:2:2 14:0:1",14,0,1,2,3,"2:0:2 11:2:2 13:1:1",11,2,2,1,1,7,4,"1:1:2 2:0:1 9:1:2 13:2:2"
OO_WM_PLUS,13,27,"13:2:2 14:0:1",14,0,1,3,3,"3:0:2 10:2:2 13:1:1",13,1,1,2,2,5,4,"2:2:2 3:0:1 10:1:1 10:2:2"
OO_WM_PLUS,13,27,"13:2:2 14:0:1",14,0,1,4,3,"4:0:2 9:2:2 13:1:1",9,2,2,1,1,8,4,"1:1:2 4:0:1 7:1:2 13:2:2"
OO_WM_PLUS,13,27,"13:2:2 14:0:1",14,0,1,5,3,"5:0:2 8:2:2 13:1:1",13,1,1,2,2,3,4,"2:2:2 5:0:1 8:1:1 10:2:2"
OO_WM_PLUS,13,27,"13:2:2 14:0:1",14,0,1,6,3,"6:0:2 7:2:2 13:1:1",13,1,1,2,2,3,4,"2:2:2 6:0:1 7:1:1 10:2:2"
OO_WM_PLUS,13,27,"13:2:2 14:0:1",14,0,1,7,3,"6:2:2 7:0:2 13:1:1",7,0,2,5,1,5,4,"1:1:2 5:0:2 6:1:1 13:2:2"
OO_WM_PLUS,13,27,"13:2:2 14:0:1",14,0,1,8,3,"5:2:2 8:0:2 13:1:1",13,1,1,2,2,2,4,"2:2:2 5:1:1 8:0:1 10:2:2"
OO_WM_PLUS,13,27,"13:2:2 14:0:1",14,0,1,9,3,"4:2:2 9:0:2 13:1:1",13,1,1,2,2,4,4,"2:2:2 4:1:1 9:0:1 10:2:2"
OO_WM_PLUS,13,27,"13:2:2 14:0:1",14,0,1,10,3,"3:2:2 10:0:2 13:1:1",10,0,2,8,1,12,4,"1:1:2 3:1:1 8:0:2 13:2:2"
OO_WM_PLUS,13,27,"13:2:2 14:0:1",14,0,1,11,3,"2:2:2 11:0:2 13:1:1",13,1,1,2,2,1,4,"2:1:1 2:2:2 10:2:2 11:0:1"
OO_WM_PLUS,13,27,"13:2:2 14:0:1",14,0,1,12,3,"1:2:2 12:0:2 13:1:1",12,0,2,10,1,14,4,"1:1:1 1:1:2 10:0:2 13:2:2"
OO_WM_PLUS,13,27,"13:2:2 14:0:1",14,0,1,13,2,"13:0:2 13:1:1",13,1,1,0,0,17,2,"12:2:2 13:0:1"
WO_MO,13,26,"13:0:2 13:1:2",13,0,2,1,3,"1:0:2 11:1:2 13:1:2",11,1,2,9,1,14,4,"1:0:1 1:1:2 9:2:2 13:1:2"
WO_MO,13,26,"13:0:2 13:1:2",13,0,2,2,3,"2:0:2 10:1:2 13:1:2",13,1,2,2,2,1,4,"2:0:1 2:2:2 10:1:2 10:1:2"
WO_MO,13,26,"13:0:2 13:1:2",13,0,2,3,3,"3:0:2 9:1:2 13:1:2",9,1,2,7,1,8,4,"1:1:2 3:0:1 7:2:2 13:1:2"
WO_MO,13,26,"13:0:2 13:1:2",13,0,2,4,3,"4:0:2 8:1:2 13:1:2",4,0,2,2,1,9,4,"1:1:2 2:0:2 8:1:2 13:1:2"
WO_MO,13,26,"13:0:2 13:1:2",13,0,2,5,3,"5:0:2 7:1:2 13:1:2",5,0,2,2,2,3,4,"2:0:2 2:1:2 7:1:2 13:1:2"
WO_MO,13,26,"13:0:2 13:1:2",13,0,2,6,3,"6:0:2 6:1:2 13:1:2",6,0,2,2,2,5,4,"2:0:2 3:1:2 6:1:2 13:1:2"
WO_MO,13,26,"13:0:2 13:1:2",13,0,2,7,3,"5:1:2 7:0:2 13:1:2",7,0,2,2,2,5,4,"2:0:2 4:1:2 5:1:2 13:1:2"
WO_MO,13,26,"13:0:2 13:1:2",13,0,2,8,3,"4:1:2 8:0:2 13:1:2",8,0,2,2,2,4,4,"2:0:2 4:1:2 5:1:2 13:1:2"
WO_MO,13,26,"13:0:2 13:1:2",13,0,2,9,3,"3:1:2 9:0:2 13:1:2",9,0,2,2,2,3,4,"2:0:2 3:1:2 6:1:2 13:1:2"
WO_MO,13,26,"13:0:2 13:1:2",13,0,2,10,3,"2:1:2 10:0:2 13:1:2",10,0,2,2,2,5,4,"2:0:2 2:1:2 7:1:2 13:1:2"
WO_MO,13,26,"13:0:2 13:1:2",13,0,2,11,3,"1:1:2 11:0:2 13:1:2",13,1,2,11,1,5,4,"1:1:2 1:1:2 11:0:1 11:2:2"
WO_MO,13,26,"13:0:2 13:1:2",13,1,2,0,2,"12:1:2 13:0:1",13,0,1,12,0,21,2,"12:0:2 12:1:2"
WO_MO,13,26,"13:0:2 13:1:2",13,1,2,1,3,"1:2:2 11:1:2 13:0:1",11,1,2,9,1,14,4,"1:1:1 1:1:2 9:2:2 13:0:2"
WO_MO,13,26,"13:0:2 13:1:2",13,1,2,2,3,"2:2:2 10:1:2 13:0:1",13,0,1,2,2,2,4,"2:0:2 2:1:1 10:1:2 10:2:2"
WO_MO,13,26,"13:0:2 13:1:2",13,1,2,3,3,"3:2:2 9:1:2 13:0:1",9,1,2,7,1,11,4,"1:1:2 3:1:1 7:2:2 13:0:2"
WO_MO,13,26,"13:0:2 13:1:2",13,1,2,4,3,"4:2:2 8:1:2 13:0:1",8,1,2,2,2,5,4,"2:2:2 4:1:1 5:1:2 13:0:2"
WO_MO,13,26,"13:0:2 13:1:2",13,1,2,5,3,"5:2:2 7:1:2 13:0:1",13,0,1,2,2,3,4,"2:0:2 5:1:1 7:1:2 10:2:2"
WO_MO,13,26,"13:0:2 13:1:2",13,1,2,6,3,"6:1:2 6:2:2 13:0:1",6,1,2,2,2,4,4,"2:2:2 3:1:2 6:1:1 13:0:2"
WO_MO,13,26,"13:0:2 13:1:2",13,1,2,7,3,"5:1:2 7:2:2 13:0:1",5,1,2,2,2,5,4,"2:1:2 2:2:2 7:1:1 13:0:2"
WO_MO,13,26,"13:0:2 13:1:2",13,1,2,8,3,"4:1:2 8:2:2 13:0:1",13,0,1,2,2,4,4,"2:0:2 4:1:2 8:1:1 10:2:2"
WO_MO,13,26,"13:0:2 13:1:2",13,1,2,9,3,"3:1:2 9:2:2 13:0:1",13,0,1,2,2,2,4,"2:0:2 3:1:2 9:1:1 10:2:2"
WO_MO,13,26,"13:0:2 13:1:2",13,1,2,10,3,"2:1:2 10:2:2 13:0:1",13,0,1,2,2,3,4,"2:0:2 2:1:2 10:1:1 10:2:2"
WO_MO,13,26,"13:0:2 13:1:2",13,1,2,11,3,"1:1:2 11:2:2 13:0:1",13,0,1,1,1,5,4,"1:0:2 1:1:2 11:1:1 11:2:2"
WO_PLUS_MO,13,27,"13:1:2 14:0:2",13,1,2,0,2,"12:1:2 14:0:1",14,0,1,13,0,23,2,"12:1:2 13:0:2"
WO_PLUS_MO,13,27,"13:1:2 14:0:2",13,1,2,1,3,"1:2:2 11:1:2 14:0:1",11,1,2,9,1,17,4,"1:1:1 1:1:2 9:2:2 14:0:2"
WO_PLUS_MO,13,27,"13:1:2 14:0:2",13,1,2,2,3,"2:2:2 10:1:2 14:0:1",14,0,1,11,2,1,4,"2:1:1 2:2:2 10:1:2 11:0:2"
WO_PLUS_MO,13,27,"13:1:2 14:0:2",13,1,2,3,3,"3:2:2 9:1:2 14:0:1",9,1,2,7,1,13,4,"1:1:2 3:1:1 7:2:2 14:0:2"
WO_PLUS_MO,13,27,"13:1:2 14:0:2",13,1,2,4,3,"4:2:2 8:1:2 14:0:1",8,1,2,2,2,6,4,"2:2:2 4:1:1 5:1:2 14:0:2"
WO_PLUS_MO,13,27,"13:1:2 14:0:2",13,1,2,5,3,"5:2:2 7:1:2 14:0:1",14,0,1,11,2,2,4,"2:2:2 5:1:1 7:1:2 11:0:2"
WO_PLUS_MO,13,27,"13:1:2 14:0:2",13,1,2,6,3,"6:1:2 6:2:2 14:0:1",6,1,2,2,2,3,4,"2:2:2 3:1:2 6:1:1 14:0:2"
WO_PLUS_MO,13,27,"13:1:2 14:0:2",13,1,2,7,3,"5:1:2 7:2:2 14:0:1",5,1,2,2,2,5,4,"2:1:2 2:2:2 7:1:1 14:0:2"
WO_PLUS_MO,13,27,"13:1:2 14:0:2",13,1,2,8,3,"4:1:2 8:2:2 14:0:1",14,0,1,11,2,3,4,"2:2:2 4:1:2 8:1:1 11:0:2"
WO_PLUS_MO,13,27,"13:1:2 14:0:2",13,1,2,9,3,"3:1:2 9:2:2 14:0:1",14,0,1,4,4,2,4,"3:1:2 4:0:2 9:1:1 9:2:2"
WO_PLUS_MO,13,27,"13:1:2 14:0:2",13,1,2,10,3,"2:1:2 10:2:2 14:0:1",14,0,1,11,2,5,4,"2:1:2 2:2:2 10:1:1 11:0:2"
WO_PLUS_MO,13,27,"13:1:2 14:0:2",13,1,2,11,3,"1:1:2 11:2:2 14:0:1",14,0,1,2,2,4,4,"1:1:2 2:0:2 11:1:1 11:2:2"
WO_PLUS_MO,13,27,"13:1:2 14:0:2",14,0,2,1,3,"1:0:2 12:1:2 13:1:2",13,1,2,0,0,21,3,"1:0:1 12:1:2 12:1:2"
WO_PLUS_MO,13,27,"13:1:2 14:0:2",14,0,2,2,3,"2:0:2 11:1:2 13:1:2",11,1,2,9,1,14,4,"1:1:2 2:0:1 9:2:2 13:1:2"
WO_PLUS_MO,13,27,"13:1:2 14:0:2",14,0,2,3,3,"3:0:2 10:1:2 13:1:2",10,1,2,8,1,12,4,"1:1:2 3:0:1 8:2:2 13:1:2"
WO_PLUS_MO,13,27,"13:1:2 14:0:2",14,0,2,4,3,"4:0:2 9:1:2 13:1:2",9,1,2,7,1,8,4,"1:1:2 4:0:1 7:2:2 13:1:2"
WO_PLUS_MO,13,27,"13:1:2 14:0:2",14,0,2,5,3,"5:0:2 8:1:2 13:1:2",13,1,2,2,2,2,4,"2:2:2 5:0:1 8:1:2 10:1:2"
WO_PLUS_MO,13,27,"13:1:2 14:0:2",14,0,2,6,3,"6:0:2 7:1:2 13:1:2",7,1,2,5,1,7,4,"1:1:2 5:2:2 6:0:1 13:1:2"
WO_PLUS_MO,13,27,"13:1:2 14:0:2",14,0,2,7,3,"6:1:2 7:0:2 13:1:2",6,1,2,2,2,3,4,"2:2:2 3:1:2 7:0:1 13:1:2"
WO_PLUS_MO,13,27,"13:1:2 14:0:2",14,0,2,8,3,"5:1:2 8:0:2 13:1:2",13,1,2,2,2,2,4,"2:2:2 5:1:2 8:0:1 10:1:2"
WO_PLUS_MO,13,27,"13:1:2 14:0:2",14,0,2,9,3,"4:1:2 9:0:2 13:1:2",4,1,2,2,1,6,4,"1:1:2 2:2:2 9:0:1 13:1:2"
WO_PLUS_MO,13,27,"13:1:2 14:0:2",14,0,2,10,3,"3:1:2 10:0:2 13:1:2",13,1,2,9,3,1,4,"3:1:2 3:1:2 9:2:2 10:0:1"
WO_PLUS_MO,13,27,"13:1:2 14:0:2",14,0,2,11,3,"2:1:2 11:0:2 13:1:2",13,1,2,2,2,4,4,"2:1:2 2:2:2 10:1:2 11:0:1"
WO_PLUS_MO,13,27,"13:1:2 14:0:2",14,0,2,12,3,"1:1:2 12:0:2 13:1:2",13,1,2,11,1,6,4,"1:1:2 1:1:2 11:2:2 12:0:1"
MO_MO,14,28,"14:1:2 14:1:2",14,1,2,0,2,"13:1:2 14:1:2",14,1,2,0,0,23,2,"13:1:2 13:1:2"
MO_MO,14,28,"14:1:2 14:1:2",14,1,2,1,3,"1:2:2 12:1:2 14:1:2",12,1,2,10,1,18,4,"1:1:1 1:1:2 10:2:2 14:1:2"
MO_MO,14,28,"14:1:2 14:1:2",14,1,2,2,3,"2:2:2 11:1:2 14:1:2",14,1,2,2,2,1,4,"2:1:1 2:2:2 11:1:2 11:1:2"
MO_MO,14,28,"14:1:2 14:1:2",14,1,2,3,3,"3:2:2 10:1:2 14:1:2",10,1,2,8,1,16,4,"1:1:2 3:1:1 8:2:2 14:1:2"
MO_MO,14,28,"14:1:2 14:1:2",14,1,2,4,3,"4:2:2 9:1:2 14:1:2",14,1,2,12,1,5,4,"1:1:2 4:1:1 9:1:2 12:2:2"
MO_MO,14,28,"14:1:2 14:1:2",14,1,2,5,3,"5:2:2 8:1:2 14:1:2",14,1,2,5,5,1,4,"5:1:1 5:2:2 8:1:2 8:1:2"
MO_MO,14,28,"14:1:2 14:1:2",14,1,2,6,3,"6:2:2 7:1:2 14:1:2",7,1,2,5,1,5,4,"1:1:2 5:2:2 6:1:1 14:1:2"
MO_MO,14,28,"14:1:2 14:1:2",14,1,2,7,3,"6:1:2 7:2:2 14:1:2",6,1,2,2,2,2,4,"2:2:2 3:1:2 7:1:1 14:1:2"
MO_MO,14,28,"14:1:2 14:1:2",14,1,2,8,3,"5:1:2 8:2:2 14:1:2",14,1,2,2,2,3,4,"2:2:2 5:1:2 8:1:1 11:1:2"
MO_MO,14,28,"14:1:2 14:1:2",14,1,2,9,3,"4:1:2 9:2:2 14:1:2",14,1,2,12,1,2,4,"1:1:2 4:1:2 9:1:1 12:2:2"
MO_MO,14,28,"14:1:2 14:1:2",14,1,2,10,3,"3:1:2 10:2:2 14:1:2",14,1,2,10,3,1,4,"3:1:2 3:1:2 10:1:1 10:2:2"
MO_MO,14,28,"14:1:2 14:1:2",14,1,2,11,3,"2:1:2 11:2:2 14:1:2",14,1,2,2,2,4,4,"2:1:2 2:2:2 11:1:1 11:1:2"
MO_MO,14,28,"14:1:2 14:1:2",14,1,2,12,3,"1:1:2 12:2:2 14:1:2",14,1,2,12,1,1,4,"1:1:2 1:1:2 12:1:1 12:2:2"
OO_MM,14,28,"14:1:1 14:2:2",14,1,1,0,2,"13:2:2 14:1:1",14,1,1,0,0,13,2,"13:1:1 13:2:2"
OO_MM,14,28,"14:1:1 14:2:2",14,1,1,1,3,"1:2:2 12:2:2 14:1:1",12,2,2,1,1,9,4,"1:1:1 1:1:2 10:1:2 14:2:2"
OO_MM,14,28,"14:1:1 14:2:2",14,1,1,2,3,"2:2:2 11:2:2 14:1:1",14,1,1,2,2,2,4,"2:1:1 2:2:2 11:1:1 11:2:2"
OO_MM,14,28,"14:1:1 14:2:2",14,1,1,3,3,"3:2:2 10:2:2 14:1:1",10,2,2,1,1,8,4,"1:1:2 3:1:1 8:1:2 14:2:2"
OO_MM,14,28,"14:1:1 14:2:2",14,1,1,4,3,"4:2:2 9:2:2 14:1:1",14,1,1,4,4,1,4,"4:1:1 4:2:2 9:1:1 9:2:2"
OO_MM,14,28,"14:1:1 14:2:2",14,1,1,5,3,"5:2:2 8:2:2 14:1:1",14,1,1,2,2,2,4,"2:2:2 5:1:1 8:1:1 11:2:2"
OO_MM,14,28,"14:1:1 14:2:2",14,1,1,6,3,"6:2:2 7:2:2 14:1:1",14,1,1,2,2,3,4,"2:2:2 6:1:1 7:1:1 11:2:2"
OO_MM,14,28,"14:1:1 14:2:2",14,2,2,1,3,"1:1:2 12:1:2 14:2:2",14,2,2,1,1,1,4,"1:1:2 1:1:2 12:1:2 12:1:2"
OO_MM,14,28,"14:1:1 14:2:2",14,2,2,2,3,"2:1:2 11:1:2 14:2:2",14,2,2,2,2,1,4,"2:1:2 2:1:2 11:1:2 11:1:2"
OO_MM,14,28,"14:1:1 14:2:2",14,2,2,3,3,"3:1:2 10:1:2 14:2:2",10,1,2,2,2,2,4,"2:2:2 3:1:2 7:1:2 14:1:1"
OO_MM,14,28,"14:1:1 14:2:2",14,2,2,4,3,"4:1:2 9:1:2 14:2:2",9,1,2,2,2,2,4,"2:2:2 4:1:2 6:1:2 14:1:1"
OO_MM,14,28,"14:1:1 14:2:2",14,2,2,5,3,"5:1:2 8:1:2 14:2:2",14,2,2,5,5,1,4,"5:1:2 5:1:2 8:1:2 8:1:2"
OO_MM,14,28,"14:1:1 14:2:2",14,2,2,6,3,"6:1:2 7:1:2 14:2:2",6,1,2,2,2,3,4,"2:2:2 3:1:2 7:1:2 14:1:1"
OO_WM,14,28,"14:0:1 14:2:2",14,0,1,1,3,"1:0:2 12:2:2 14:1:1",12,2,2,1,1,9,4,"1:0:1 1:1:2 10:1:2 14:2:2"
OO_WM,14,28,"14:0:1 14:2:2",14,0,1,2,3,"2:0:2 11:2:2 14:1:1",14,1,1,2,2,2,4,"2:0:1 2:2:2 11:1:1 11:2:2"
OO_WM,14,28,"14:0:1 14:2:2",14,0,1,3,3,"3:0:2 10:2:2 14:1:1",10,2,2,1,1,8,4,"1:1:2 3:0:1 8:1:2 14:2:2"
OO_WM,14,28,"14:0:1 14:2:2",14,0,1,4,3,"4:0:2 9:2:2 14:1:1",4,0,2,2,1,9,4,"1:1:2 2:0:2 9:1:1 14:2:2"
OO_WM,14,28,"14:0:1 14:2:2",14,0,1,5,3,"5:0:2 8:2:2 14:1:1",5,0,2,2,2,3,4,"2:0:2 2:1:2 8:1:1 14:2:2"
OO_WM,14,28,"14:0:1 14:2:2",14,0,1,6,3,"6:0:2 7:2:2 14:1:1",7,2,2,1,1,7,4,"1:1:2 5:1:2 6:0:1 14:2:2"
OO_WM,14,28,"14:0:1 14:2:2",14,0,1,7,3,"6:2:2 7:0:2 14:1:1",7,0,2,2,2,5,4,"2:0:2 4:1:2 6:1:1 14:2:2"
OO_WM,14,28,"14:0:1 14:2:2",14,0,1,8,3,"5:2:2 8:0:2 14:1:1",8,0,2,2,2,3,4,"2:0:2 5:1:1 5:1:2 14:2:2"
OO_WM,14,28,"14:0:1 14:2:2",14,0,1,9,3,"4:2:2 9:0:2 14:1:1",9,0,2,2,2,4,4,"2:0:2 4:1:1 6:1:2 14:2:2"
OO_WM,14,28,"14:0:1 14:2:2",14,0,1,10,3,"3:2:2 10:0:2 14:1:1",10,0,2,1,1,11,4,"1:0:2 3:1:1 8:1:2 14:2:2"
OO_WM,14,28,"14:0:1 14:2:2",14,0,1,11,3,"2:2:2 11:0:2 14:1:1",11,0,2,2,2,3,4,"2:0:2 2:1:1 8:1:2 14:2:2"
OO_WM,14,28,"14:0:1 14:2:2",14,0,1,12,3,"1:2:2 12:0:2 14:1:1",12,0,2,1,1,15,4,"1:0:2 1:1:1 10:1:2 14:2:2"
OO_WM,14,28,"14:0:1 14:2:2",14,0,1,13,2,"13:0:2 14:1:1",14,1,1,0,0,18,2,"13:0:1 13:2:2"
OO_WM,14,28,"14:0:1 14:2:2",14,2,2,1,3,"1:1:2 12:1:2 14:0:2",14,0,2,1,1,6,4,"1:0:2 1:1:2 12:1:2 12:1:2"
OO_WM,14,28,"14:0:1 14:2:2",14,2,2,2,3,"2:1:2 11:1:2 14:0:2",11,1,2,2,2,6,4,"2:1:2 2:2:2 8:1:2 14:0:1"
OO_WM,14,28,"14:0:1 14:2:2",14,2,2,3,3,"3:1:2 10:1:2 14:0:2",10,1,2,8,1,6,4,"1:1:2 3:1:2 8:2:2 14:0:1"
OO_WM,14,28,"14:0:1 14:2:2",14,2,2,4,3,"4:1:2 9:1:2 14:0:2",4,1,2,2,1,8,4,"1:1:2 2:2:2 9:1:2 14:0:1"
OO_WM,14,28,"14:0:1 14:2:2",14,2,2,5,3,"5:1:2 8:1:2 14:0:2",5,1,2,2,2,7,4,"2:1:2 2:2:2 8:1:2 14:0:1"
OO_WM,14,28,"14:0:1 14:2:2",14,2,2,6,3,"6:1:2 7:1:2 14:0:2",7,1,2,5,1,7,4,"1:1:2 5:2:2 6:1:2 14:0:1"
OO_WM_PLUS,14,29,"14:2:2 15:0:1",14,2,2,1,3,"1:1:2 12:1:2 15:0:2",15,0,2,13,1,9,4,"1:1:2 1:1:2 12:1:2 13:0:2"
OO_WM_PLUS,14,29,"14:2:2 15:0:1",14,2,2,2,3,"2:1:2 11:1:2 15:0:2",11,1,2,9,1,5,4,"1:1:2 2:1:2 9:2:2 15:0:1"
OO_WM_PLUS,14,29,"14:2:2 15:0:1",14,2,2,3,3,"3:1:2 10:1:2 15:0:2",15,0,2,13,1,8,4,"1:1:2 3:1:2 10:1:2 13:0:2"
OO_WM_PLUS,14,29,"14:2:2 15:0:1",14,2,2,4,3,"4:1:2 9:1:2 15:0:2",4,1,2,2,1,9,4,"1:1:2 2:2:2 9:1:2 15:0:1"
OO_WM_PLUS,14,29,"14:2:2 15:0:1",14,2,2,5,3,"5:1:2 8:1:2 15:0:2",5,1,2,2,2,3,4,"2:1:2 2:2:2 8:1:2 15:0:1"
OO_WM_PLUS,14,29,"14:2:2 15:0:1",14,2,2,6,3,"6:1:2 7:1:2 15:0:2",7,1,2,5,1,10,4,"1:1:2 5:2:2 6:1:2 15:0:1"
OO_WM_PLUS,14,29,"14:2:2 15:0:1",15,0,1,1,3,"1:0:2 13:2:2 14:1:1",14,1,1,0,0,13,3,"1:0:1 13:1:1 13:2:2"
OO_WM_PLUS,14,29,"14:2:2 15:0:1",15,0,1,2,3,"2:0:2 12:2:2 14:1:1",12,2,2,1,1,9,4,"1:1:2 2:0:1 10:1:2 14:2:2"
OO_WM_PLUS,14,29,"14:2:2 15:0:1",15,0,1,3,3,"3:0:2 11:2:2 14:1:1",11,2,2,1,1,9,4,"1:1:2 3:0:1 9:1:2 14:2:2"
OO_WM_PLUS,14,29,"14:2:2 15:0:1",15,0,1,4,3,"4:0:2 10:2:2 14:1:1",10,2,2,1,1,8,4,"1:1:2 4:0:1 8:1:2 14:2:2"
OO_WM_PLUS,14,29,"14:2:2 15:0:1",15,0,1,5,3,"5:0:2 9:2:2 14:1:1",14,1,1,4,4,1,4,"4:2:2 5:0:1 9:1:1 9:2:2"
OO_WM_PLUS,14,29,"14:2:2 15:0:1",15,0,1,6,3,"6:0:2 8:2:2 14:1:1",8,2,2,1,1,5,4,"1:1:2 6:0:1 6:1:2 14:2:2"
OO_WM_PLUS,14,29,"14:2:2 15:0:1",15,0,1,7,3,"7:0:2 7:2:2 14:1:1",7,0,2,5,1,7,4,"1:1:2 5:0:2 7:1:1 14:2:2"
OO_WM_PLUS,14,29,"14:2:2 15:0:1",15,0,1,8,3,"6:2:2 8:0:2 14:1:1",8,0,2,6,1,6,4,"1:1:2 6:0:2 6:1:1 14:2:2"
OO_WM_PLUS,14,29,"14:2:2 15:0:1",15,0,1,9,3,"5:2:2 9:0:2 14:1:1",5,2,2,1,1,4,4,"1:1:2 3:1:2 9:0:1 14:2:2"
OO_WM_PLUS,14,29,"14:2:2 15:0:1",15,0,1,10,3,"4:2:2 10:0:2 14:1:1",10,0,2,8,1,7,4,"1:1:2 4:1:1 8:0:2 14:2:2"
OO_WM_PLUS,14,29,"14:2:2 15:0:1",15,0,1,11,3,"3:2:2 11:0:2 14:1:1",11,0,2,9,1,13,4,"1:1:2 3:1:1 9:0:2 14:2:2"
OO_WM_PLUS,14,29,"14:2:2 15:0:1",15,0,1,12,3,"2:2:2 12:0:2 14:1:1",14,1,1,2,2,2,4,"2:1:1 2:2:2 11:2:2 12:0:1"
OO_WM_PLUS,14,29,"14:2:2 15:0:1",15,0,1,13,3,"1:2:2 13:0:2 14:1:1",13,0,2,11,1,15,4,"1:1:1 1:1:2 11:0:2 14:2:2"
OO_WM_PLUS,14,29,"14:2:2 15:0:1",15,0,1,14,2,"14:0:2 14:1:1",14,1,1,0,0,18,2,"13:2:2 14:0:1"
WO_MO,14,28,"14:0:2 14:1:2",14,0,2,1,3,"1:0:2 12:1:2 14:1:2",12,1,2,10,1,18,4,"1:0:1 1:1:2 10:2:2 14:1:2"
WO_MO,14,28,"14:0:2 14:1:2",14,0,2,2,3,"2:0:2 11:1:2 14:1:2",14,1,2,2,2,1,4,"2:0:1 2:2:2 11:1:2 11:1:2"
WO_MO,14,28,"14:0:2 14:1:2",14,0,2,3,3,"3:0:2 10:1:2 14:1:2",10,1,2,8,1,16,4,"1:1:2 3:0:1 8:2:2 14:1:2"
WO_MO,14,28,"14:0:2 14:1:2",14,0,2,4,3,"4:0:2 9:1:2 14:1:2",4,0,2,2,1,13,4,"1:1:2 2:0:2 9:1:2 14:1:2"
WO_MO,14,28,"14:0:2 14:1:2",14,0,2,5,3,"5:0:2 8:1:2 14:1:2",5,0,2,2,2,3,4,"2:0:2 2:1:2 8:1:2 14:1:2"
WO_MO,14,28,"14:0:2 14:1:2",14,0,2,6,3,"6:0:2 7:1:2 14:1:2",7,1,2,5,1,13,4,"1:1:2 5:2:2 6:0:1 14:1:2"
WO_MO,14,28,"14:0:2 14:1:2",14,0,2,7,3,"6:1:2 7:0:2 14:1:2",14,1,2,12,1,8,4,"1:1:2 6:1:2 7:0:1 12:2:2"
WO_MO,14,28,"14:0:2 14:1:2",14,0,2,8,3,"5:1:2 8:0:2 14:1:2",8,0,2,2,2,4,4,"2:0:2 5:1:2 5:1:2 14:1:2"
WO_MO,14,28,"14:0:2 14:1:2",14,0,2,9,3,"4:1:2 9:0:2 14:1:2",4,1,2,2,1,7,4,"1:1:2 2:2:2 9:0:1 14:1:2"
WO_MO,14,28,"14:0:2 14:1:2",14,0,2,10,3,"3:1:2 10:0:2 14:1:2",10,0,2,2,2,4,4,"2:0:2 3:1:2 7:1:2 14:1:2"
WO_MO,14,28,"14:0:2 14:1:2",14,0,2,11,3,"2:1:2 11:0:2 14:1:2",11,0,2,2,2,5,4,"2:0:2 2:1:2 8:1:2 14:1:2"
WO_MO,14,28,"14:0:2 14:1:2",14,0,2,12,3,"1:1:2 12:0:2 14:1:2",14,1,2,12,1,4,4,"1:1:2 1:1:2 12:0:1 12:2:2"
WO_MO,14,28,"14:0:2 14:1:2",14,1,2,0,2,"13:1:2 14:0:1",14,0,1,13,0,23,2,"13:0:2 13:1:2"
WO_MO,14,28,"14:0:2 14:1:2",14,1,2,1,3,"1:2:2 12:1:2 14:0:1",12,1,2,10,1,18,4,"1:1:1 1:1:2 10:2:2 14:0:2"
WO_MO,14,28,"14:0:2 14:1:2",14,1,2,2,3,"2:2:2 11:1:2 14:0:1",11,1,2,2,2,3,4,"2:1:1 2:2:2 8:1:2 14:0:2"
WO_MO,14,28,"14:0:2 14:1:2",14,1,2,3,3,"3:2:2 10:1:2 14:0:1",10,1,2,8,1,16,4,"1:1:2 3:1:1 8:2:2 14:0:2"
WO_MO,14,28,"14:0:2 14:1:2",14,1,2,4,3,"4:2:2 9:1:2 14:0:1",14,0,1,1,1,7,4,"1:0:2 4:1:1 9:1:2 12:2:2"
WO_MO,14,28,"14:0:2 14:1:2",14,1,2,5,3,"5:2:2 8:1:2 14:0:1",5,2,2,2,2,5,4,"2:1:2 2:1:2 8:1:2 14:0:2"
WO_MO,14,28,"14:0:2 14:1:2",14,1,2,6,3,"6:2:2 7:1:2 14:0:1",7,1,2,5,1,7,4,"1:1:2 5:2:2 6:1:1 14:0:2"
WO_MO,14,28,"14:0:2 14:1:2",14,1,2,7,3,"6:1:2 7:2:2 14:0:1",6,1,2,2,2,3,4,"2:2:2 3:1:2 7:1:1 14:0:2"
WO_MO,14,28,"14:0:2 14:1:2",14,1,2,8,3,"5:1:2 8:2:2 14:0:1",5,1,2,2,2,5,4,"2:1:2 2:2:2 8:1:1 14:0:2"
WO_MO,14,28,"14:0:2 14:1:2",14,1,2,9,3,"4:1:2 9:2:2 14:0:1",4,1,2,2,1,4,4,"1:1:2 2:2:2 9:1:1 14:0:2"
WO_MO,14,28,"14:0:2 14:1:2",14,1,2,10,3,"3:1:2 10:2:2 14:0:1",14,0,1,2,2,2,4,"2:0:2 3:1:2 10:1:1 11:2:2"
WO_MO,14,28,"14:0:2 14:1:2",14,1,2,11,3,"2:1:2 11:2:2 14:0:1",11,2,2,2,2,5,4,"2:1:2 2:1:2 8:1:2 14:0:2"
WO_MO,14,28,"14:0:2 14:1:2",14,1,2,12,3,"1:1:2 12:2:2 14:0:1",14,0,1,1,1,2,4,"1:0:2 1:1:2 12:1:1 12:2:2"
WO_PLUS_MO,14,29,"14:1:2 15:0:2",14,1,2,0,2,"13:1:2 15:0:1",15,0,1,14,0,25,2,"13:1:2 14:0:2"
WO_PLUS_MO,14,29,"14:1:2 15:0:2",14,1,2,1,3,"1:2:2 12:1:2 15:0:1",12,1,2,1,1,21,4,"1:1:1 1:2:2 10:1:2 15:0:2"
WO_PLUS_MO,14,29,"14:1:2 15:0:2",14,1,2,2,3,"2:2:2 11:1:2 15:0:1",15,0,1,12,2,2,4,"2:1:1 2:2:2 11:1:2 12:0:2"
WO_PLUS_MO,14,29,"14:1:2 15:0:2",14,1,2,3,3,"3:2:2 10:1:2 15:0:1",3,2,2,1,1,20,4,"1:1:2 1:1:2 10:1:2 15:0:2"
WO_PLUS_MO,14,29,"14:1:2 15:0:2",14,1,2,4,3,"4:2:2 9:1:2 15:0:1",4,2,2,1,1,12,4,"1:1:2 2:1:2 9:1:2 15:0:2"
WO_PLUS_MO,14,29,"14:1:2 15:0:2",14,1,2,5,3,"5:2:2 8:1:2 15:0:1",5,2,2,1,1,3,4,"1:1:2 3:1:2 8:1:2 15:0:2"
WO_PLUS_MO,14,29,"14:1:2 15:0:2",14,1,2,6,3,"6:2:2 7:1:2 15:0:1",7,1,2,5,1,11,4,"1:1:2 5:2:2 6:1:1 15:0:2"
WO_PLUS_MO,14,29,"14:1:2 15:0:2",14,1,2,7,3,"6:1:2 7:2:2 15:0:1",7,2,2,1,1,8,4,"1:1:2 5:1:2 6:1:2 15:0:2"
WO_PLUS_MO,14,29,"14:1:2 15:0:2",14,1,2,8,3,"5:1:2 8:2:2 15:0:1",8,2,2,1,1,7,4,"1:1:2 5:1:2 6:1:2 15:0:2"
WO_PLUS_MO,14,29,"14:1:2 15:0:2",14,1,2,9,3,"4:1:2 9:2:2 15:0:1",4,1,2,2,1,8,4,"1:1:2 2:2:2 9:1:1 15:0:2"
WO_PLUS_MO,14,29,"14:1:2 15:0:2",14,1,2,10,3,"3:1:2 10:2:2 15:0:1",10,2,2,1,1,8,4,"1:1:2 3:1:2 8:1:2 15:0:2"
WO_PLUS_MO,14,29,"14:1:2 15:0:2",14,1,2,11,3,"2:1:2 11:2:2 15:0:1",11,2,2,1,1,9,4,"1:1:2 2:1:2 9:1:2 15:0:2"
WO_PLUS_MO,14,29,"14:1:2 15:0:2",14,1,2,12,3,"1:1:2 12:2:2 15:0:1",12,2,2,1,1,9,4,"1:1:2 1:1:2 10:1:2 15:0:2"
WO_PLUS_MO,14,29,"14:1:2 15:0:2",15,0,2,1,3,"1:0:2 13:1:2 14:1:2",14,1,2,0,0,23,3,"1:0:1 13:1:2 13:1:2"
WO_PLUS_MO,14,29,"14:1:2 15:0:2",15,0,2,2,3,"2:0:2 12:1:2 14:1:2",12,1,2,10,1,18,4,"1:1:2 2:0:1 10:2:2 14:1:2"
WO_PLUS_MO,14,29,"14:1:2 15:0:2",15,0,2,3,3,"3:0:2 11:1:2 14:1:2",11,1,2,9,1,15,4,"1:1:2 3:0:1 9:2:2 14:1:2"
WO_PLUS_MO,14,29,"14:1:2 15:0:2",15,0,2,4,3,"4:0:2 10:1:2 14:1:2",10,1,2,8,1,16,4,"1:1:2 4:0:1 8:2:2 14:1:2"
WO_PLUS_MO,14,29,"14:1:2 15:0:2",15,0,2,5,3,"5:0:2 9:1:2 14:1:2",14,1,2,12,1,5,4,"1:1:2 5:0:1 9:1:2 12:2:2"
WO_PLUS_MO,14,29,"14:1:2 15:0:2",15,0,2,6,3,"6:0:2 8:1:2 14:1:2",8,1,2,2,2,7,4,"2:2:2 5:1:2 6:0:1 14:1:2"
WO_PLUS_MO,14,29,"14:1:2 15:0:2",15,0,2,7,3,"7:0:2 7:1:2 14:1:2",7,0,2,5,1,8,4,"1:1:2 5:0:2 7:1:2 14:1:2"
WO_PLUS_MO,14,29,"14:1:2 15:0:2",15,0,2,8,3,"6:1:2 8:0:2 14:1:2",14,1,2,12,1,7,4,"1:1:2 6:1:2 8:0:1 12:2:2"
WO_PLUS_MO,14,29,"14:1:2 15:0:2",15,0,2,9,3,"5:1:2 9:0:2 14:1:2",5,1,2,2,2,6,4,"2:1:2 2:2:2 9:0:1 14:1:2"
WO_PLUS_MO,14,29,"14:1:2 15:0:2",15,0,2,10,3,"4:1:2 10:0:2 14:1:2",4,1,2,2,1,3,4,"1:1:2 2:2:2 10:0:1 14:1:2"
WO_PLUS_MO,14,29,"14:1:2 15:0:2",15,0,2,11,3,"3:1:2 11:0:2 14:1:2",11,0,2,9,1,8,4,"1:1:2 3:1:2 9:0:2 14:1:2"
WO_PLUS_MO,14,29,"14:1:2 15:0:2",15,0,2,12,3,"2:1:2 12:0:2 14:1:2",14,1,2,12,1,9,4,"1:1:2 2:1:2 12:0:1 12:2:2"
WO_PLUS_MO,14,29,"14:1:2 15:0:2",15,0,2,13,3,"1:1:2 13:0:2 14:1:2",14,1,2,12,1,5,4,"1:1:2 1:1:2 12:2:2 13:0:1"
MO_MO,15,30,"15:1:2 15:1:2",15,1,2,0,2,"14:1:2 15:1:2",15,1,2,0,0,25,2,"14:1:2 14:1:2"
MO_MO,15,30,"15:1:2 15:1:2",15,1,2,1,3,"1:2:2 13:1:2 15:1:2",13,1,2,11,1,19,4,"1:1:1 1:1:2 11:2:2 15:1:2"
MO_MO,15,30,"15:1:2 15:1:2",15,1,2,2,3,"2:2:2 12:1:2 15:1:2",15,1,2,2,2,1,4,"2:1:1 2:2:2 12:1:2 12:1:2"
MO_MO,15,30,"15:1:2 15:1:2",15,1,2,3,3,"3:2:2 11:1:2 15:1:2",15,1,2,13,1,16,4,"1:1:2 3:1:1 11:1:2 13:2:2"
MO_MO,15,30,"15:1:2 15:1:2",15,1,2,4,3,"4:2:2 10:1:2 15:1:2",10,1,2,2,2,3,4,"2:2:2 4:1:1 7:1:2 15:1:2"
MO_MO,15,30,"15:1:2 15:1:2",15,1,2,5,3,"5:2:2 9:1:2 15:1:2",15,1,2,5,5,1,4,"5:1:1 5:2:2 9:1:2 9:1:2"
MO_MO,15,30,"15:1:2 15:1:2",15,1,2,6,3,"6:2:2 8:1:2 15:1:2",8,1,2,2,2,3,4,"2:2:2 5:1:2 6:1:1 15:1:2"
MO_MO,15,30,"15:1:2 15:1:2",15,1,2,7,3,"7:1:2 7:2:2 15:1:2",15,1,2,7,7,1,4,"7:1:1 7:1:2 7:1:2 7:2:2"
MO_MO,15,30,"15:1:2 15:1:2",15,1,2,8,3,"6:1:2 8:2:2 15:1:2",15,1,2,2,2,2,4,"2:2:2 6:1:2 8:1:1 12:1:2"
MO_MO,15,30,"15:1:2 15:1:2",15,1,2,9,3,"5:1:2 9:2:2 15:1:2",5,1,2,2,2,4,4,"2:1:2 2:2:2 9:1:1 15:1:2"
MO_MO,15,30,"15:1:2 15:1:2",15,1,2,10,3,"4:1:2 10:2:2 15:1:2",15,1,2,10,4,1,4,"4:1:2 4:1:2 10:1:1 10:2:2"
MO_MO,15,30,"15:1:2 15:1:2",15,1,2,11,3,"3:1:2 11:2:2 15:1:2",15,1,2,2,2,4,4,"2:2:2 3:1:2 11:1:1 12:1:2"
MO_MO,15,30,"15:1:2 15:1:2",15,1,2,12,3,"2:1:2 12:2:2 15:1:2",15,1,2,2,2,2,4,"2:1:2 2:2:2 12:1:1 12:1:2"
MO_MO,15,30,"15:1:2 15:1:2",15,1,2,13,3,"1:1:2 13:2:2 15:1:2",15,1,2,13,1,1,4,"1:1:2 1:1:2 13:1:1 13:2:2"
OO_MM,15,30,"15:1:1 15:2:2",15,1,1,0,2,"14:2:2 15:1:1",15,1,1,0,0,14,2,"14:1:1 14:2:2"
OO_MM,15,30,"15:1:1 15:2:2",15,1,1,1,3,"1:2:2 13:2:2 15:1:1",13,2,2,1,1,10,4,"1:1:1 1:1:2 11:1:2 15:2:2"
OO_MM,15,30,"15:1:1 15:2:2",15,1,1,2,3,"2:2:2 12:2:2 15:1:1",15,1,1,2,2,1,4,"2:1:1 2:2:2 12:1:1 12:2:2"
OO_MM,15,30,"15:1:1 15:2:2",15,1,1,3,3,"3:2:2 11:2:2 15:1:1",11,2,2,2,2,6,4,"2:1:2 3:1:1 8:1:2 15:2:2"
OO_MM,15,30,"15:1:1 15:2:2",15,1,1,4,3,"4:2:2 10:2:2 15:1:1",10,2,2,1,1,6,4,"1:1:2 4:1:1 8:1:2 15:2:2"
OO_MM,15,30,"15:1:1 15:2:2",15,1,1,5,3,"5:2:2 9:2:2 15:1:1",15,1,1,2,2,2,4,"2:2:2 5:1:1 9:1:1 12:2:2"
OO_MM,15,30,"15:1:1 15:2:2",15,1,1,6,3,"6:2:2 8:2:2 15:1:1",8,2,2,2,2,4,4,"2:1:2 5:1:2 6:1:1 15:2:2"
OO_MM,15,30,"15:1:1 15:2:2",15,1,1,7,3,"7:2:2 7:2:2 15:1:1",15,1,1,7,7,1,4,"7:1:1 7:1:1 7:2:2 7:2:2"
OO_MM,15,30,"15:1:1 15:2:2",15,2,2,1,3,"1:1:2 13:1:2 15:2:2",15,2,2,1,1,2,4,"1:1:2 1:1:2 13:1:2 13:1:2"
OO_MM,15,30,"15:1:1 15:2:2",15,2,2,2,3,"2:1:2 12:1:2 15:2:2",15,2,2,2,2,1,4,"2:1:2 2:1:2 12:1:2 12:1:2"
OO_MM,15,30,"15:1:1 15:2:2",15,2,2,3,3,"3:1:2 11:1:2 15:2:2",15,2,2,3,3,1,4,"3:1:2 3:1:2 11:1:2 11:1:2"
OO_MM,15,30,"15:1:1 15:2:2",15,2,2,4,3,"4:1:2 10:1:2 15:2:2",4,1,2,2,1,3,4,"1:1:2 2:2:2 10:1:2 15:1:1"
OO_MM,15,30,"15:1:1 15:2:2",15,2,2,5,3,"5:1:2 9:1:2 15:2:2",15,2,2,5,5,1,4,"5:1:2 5:1:2 9:1:2 9:1:2"
OO_MM,15,30,"15:1:1 15:2:2",15,2,2,6,3,"6:1:2 8:1:2 15:2:2",15,2,2,6,6,1,4,"6:1:2 6:1:2 8:1:2 8:1:2"
OO_MM,15,30,"15:1:1 15:2:2",15,2,2,7,3,"7:1:2 7:1:2 15:2:2",7,1,2,2,2,2,4,"2:2:2 4:1:2 7:1:2 15:1:1"
OO_WM,15,30,"15:0:1 15:2:2",15,0,1,1,3,"1:0:2 13:2:2 15:1:1",13,2,2,1,1,10,4,"1:0:1 1:1:2 11:1:2 15:2:2"
OO_WM,15,30,"15:0:1 15:2:2",15,0,1,2,3,"2:0:2 12:2:2 15:1:1",15,1,1,2,2,1,4,"2:0:1 2:2:2 12:1:1 12:2:2"
OO_WM,15,30,"15:0:1 15:2:2",15,0,1,3,3,"3:0:2 11:2:2 15:1:1",11,2,2,2,2,6,4,"2:1:2 3:0:1 8:1:2 15:2:2"
OO_WM,15,30,"15:0:1 15:2:2",15,0,1,4,3,"4:0:2 10:2:2 15:1:1",4,0,2,2,1,9,4,"1:1:2 2:0:2 10:1:1 15:2:2"
OO_WM,15,30,"15:0:1 15:2:2",15,0,1,5,3,"5:0:2 9:2:2 15:1:1",5,0,2,2,2,3,4,"2:0:2 2:1:2 9:1:1 15:2:2"
OO_WM,15,30,"15:0:1 15:2:2",15,0,1,6,3,"6:0:2 8:2:2 15:1:1",6,0,2,2,2,5,4,"2:0:2 3:1:2 8:1:1 15:2:2"
OO_WM,15,30,"15:0:1 15:2:2",15,0,1,7,3,"7:0:2 7:2:2 15:1:1",7,2,2,1,1,7,4,"1:1:2 5:1:2 7:0:1 15:2:2"
OO_WM,15,30,"15:0:1 15:2:2",15,0,1,8,3,"6:2:2 8:0:2 15:1:1",8,0,2,2,2,5,4,"2:0:2 5:1:2 6:1:1 15:2:2"
OO_WM,15,30,"15:0:1 15:2:2",15,0,1,9,3,"5:2:2 9:0:2 15:1:1",5,2,2,2,2,4,4,"2:1:2 2:1:2 9:0:1 15:2:2"
OO_WM,15,30,"15:0:1 15:2:2",15,0,1,10,3,"4:2:2 10:0:2 15:1:1",10,0,2,1,1,9,4,"1:0:2 4:1:1 8:1:2 15:2:2"
OO_WM,15,30,"15:0:1 15:2:2",15,0,1,11,3,"3:2:2 11:0:2 15:1:1",11,0,2,2,2,7,4,"2:0:2 3:1:1 8:1:2 15:2:2"
OO_WM,15,30,"15:0:1 15:2:2",15,0,1,12,3,"2:2:2 12:0:2 15:1:1",12,0,2,2,2,2,4,"2:0:2 2:1:1 9:1:2 15:2:2"
OO_WM,15,30,"15:0:1 15:2:2",15,0,1,13,3,"1:2:2 13:0:2 15:1:1",13,0,2,1,1,14,4,"1:0:2 1:1:1 11:1:2 15:2:2"
OO_WM,15,30,"15:0:1 15:2:2",15,0,1,14,2,"14:0:2 15:1:1",15,1,1,0,0,20,2,"14:0:1 14:2:2"
OO_WM,15,30,"15:0:1 15:2:2",15,2,2,1,3,"1:1:2 13:1:2 15:0:2",15,0,2,1,1,5,4,"1:0:2 1:1:2 13:1:2 13:1:2"
OO_WM,15,30,"15:0:1 15:2:2",15,2,2,2,3,"2:1:2 12:1:2 15:0:2",12,1,2,2,2,5,4,"2:1:2 2:2:2 9:1:2 15:0:1"
OO_WM,15,30,"15:0:1 15:2:2",15,2,2,3,3,"3:1:2 11:1:2 15:0:2",11,1,2,2,2,5,4,"2:2:2 3:1:2 8:1:2 15:0:1"
OO_WM,15,30,"15:0:1 15:2:2",15,2,2,4,3,"4:1:2 10:1:2 15:0:2",4,1,2,2,1,6,4,"1:1:2 2:2:2 10:1:2 15:0:1"
OO_WM,15,30,"15:0:1 15:2:2",15,2,2,5,3,"5:1:2 9:1:2 15:0:2",5,1,2,2,2,8,4,"2:1:2 2:2:2 9:1:2 15:0:1"
OO_WM,15,30,"15:0:1 15:2:2",15,2,2,6,3,"6:1:2 8:1:2 15:0:2",6,1,2,2,2,8,4,"2:2:2 3:1:2 8:1:2 15:0:1"
OO_WM,15,30,"15:0:1 15:2:2",15,2,2,7,3,"7:1:2 7:1:2 15:0:2",7,1,2,5,1,4,4,"1:1:2 5:2:2 7:1:2 15:0:1"
OO_WM_PLUS,15,31,"15:2:2 16:0:1",15,2,2,1,3,"1:1:2 13:1:2 16:0:2",16,0,2,14,1,5,4,"1:1:2 1:1:2 13:1:2 14:0:2"
OO_WM_PLUS,15,31,"15:2:2 16:0:1",15,2,2,2,3,"2:1:2 12:1:2 16:0:2",12,1,2,10,1,11,4,"1:1:2 2:1:2 10:2:2 16:0:1"
OO_WM_PLUS,15,31,"15:2:2 16:0:1",15,2,2,3,3,"3:1:2 11:1:2 16:0:2",11,1,2,2,2,7,4,"2:2:2 3:1:2 8:1:2 16:0:1"
OO_WM_PLUS,15,31,"15:2:2 16:0:1",15,2,2,4,3,"4:1:2 10:1:2 16:0:2",4,1,2,2,1,4,4,"1:1:2 2:2:2 10:1:2 16:0:1"
OO_WM_PLUS,15,31,"15:2:2 16:0:1",15,2,2,5,3,"5:1:2 9:1:2 16:0:2",5,1,2,2,2,8,4,"2:1:2 2:2:2 9:1:2 16:0:1"
OO_WM_PLUS,15,31,"15:2:2 16:0:1",15,2,2,6,3,"6:1:2 8:1:2 16:0:2",6,1,2,2,2,8,4,"2:2:2 3:1:2 8:1:2 16:0:1"
OO_WM_PLUS,15,31,"15:2:2 16:0:1",15,2,2,7,3,"7:1:2 7:1:2 16:0:2",7,1,2,2,2,3,4,"2:2:2 4:1:2 7:1:2 16:0:1"
OO_WM_PLUS,15,31,"15:2:2 16:0:1",16,0,1,1,3,"1:0:2 14:2:2 15:1:1",15,1,1,0,0,14,3,"1:0:1 14:1:1 14:2:2"
OO_WM_PLUS,15,31,"15:2:2 16:0:1",16,0,1,2,3,"2:0:2 13:2:2 15:1:1",13,2,2,1,1,10,4,"1:1:2 2:0:1 11:1:2 15:2:2"
OO_WM_PLUS,15,31,"15:2:2 16:0:1",16,0,1,3,3,"3:0:2 12:2:2 15:1:1",12,2,2,1,1,6,4,"1:1:2 3:0:1 10:1:2 15:2:2"
OO_WM_PLUS,15,31,"15:2:2 16:0:1",16,0,1,4,3,"4:0:2 11:2:2 15:1:1",11,2,2,2,2,6,4,"2:1:2 4:0:1 8:1:2 15:2:2"
OO_WM_PLUS,15,31,"15:2:2 16:0:1",16,0,1,5,3,"5:0:2 10:2:2 15:1:1",10,2,2,1,1,6,4,"1:1:2 5:0:1 8:1:2 15:2:2"
OO_WM_PLUS,15,31,"15:2:2 16:0:1",16,0,1,6,3,"6:0:2 9:2:2 15:1:1",9,2,2,1,1,6,4,"1:1:2 6:0:1 7:1:2 15:2:2"
OO_WM_PLUS,15,31,"15:2:2 16:0:1",16,0,1,7,3,"7:0:2 8:2:2 15:1:1",7,0,2,5,1,5,4,"1:1:2 5:0:2 8:1:1 15:2:2"
OO_WM_PLUS,15,31,"15:2:2 16:0:1",16,0,1,8,3,"7:2:2 8:0:2 15:1:1",7,2,2,1,1,8,4,"1:1:2 5:1:2 8:0:1 15:2:2"
OO_WM_PLUS,15,31,"15:2:2 16:0:1",16,0,1,9,3,"6:2:2 9:0:2 15:1:1",9,0,2,6,2,6,4,"2:1:2 6:0:2 6:1:1 15:2:2"
OO_WM_PLUS,15,31,"15:2:2 16:0:1",16,0,1,10,3,"5:2:2 10:0:2 15:1:1",5,2,2,2,2,5,4,"2:1:2 2:1:2 10:0:1 15:2:2"
OO_WM_PLUS,15,31,"15:2:2 16:0:1",16,0,1,11,3,"4:2:2 11:0:2 15:1:1",4,2,2,1,1,12,4,"1:1:2 2:1:2 11:0:1 15:2:2"
OO_WM_PLUS,15,31,"15:2:2 16:0:1",16,0,1,12,3,"3:2:2 12:0:2 15:1:1",12,0,2,10,1,13,4,"1:1:2 3:1:1 10:0:2 15:2:2"
OO_WM_PLUS,15,31,"15:2:2 16:0:1",16,0,1,13,3,"2:2:2 13:0:2 15:1:1",15,1,1,2,2,2,4,"2:1:1 2:2:2 12:2:2 13:0:1"
OO_WM_PLUS,15,31,"15:2:2 16:0:1",16,0,1,14,3,"1:2:2 14:0:2 15:1:1",14,0,2,12,1,17,4,"1:1:1 1:1:2 12:0:2 15:2:2"
OO_WM_PLUS,15,31,"15:2:2 16:0:1",16,0,1,15,2,"15:0:2 15:1:1",15,1,1,0,0,20,2,"14:2:2 15:0:1"
WO_MO,15,30,"15:0:2 15:1:2",15,0,2,1,3,"1:0:2 13:1:2 15:1:2",13,1,2,11,1,19,4,"1:0:1 1:1:2 11:2:2 15:1:2"
WO_MO,15,30,"15:0:2 15:1:2",15,0,2,2,3,"2:0:2 12:1:2 15:1:2",15,1,2,2,2,1,4,"2:0:1 2:2:2 12:1:2 12:1:2"
WO_MO,15,30,"15:0:2 15:1:2",15,0,2,3,3,"3:0:2 11:1:2 15:1:2",15,1,2,13,1,16,4,"1:1:2 3:0:1 11:1:2 13:2:2"
WO_MO,15,30,"15:0:2 15:1:2",15,0,2,4,3,"4:0:2 10:1:2 15:1:2",4,0,2,2,1,15,4,"1:1:2 2:0:2 10:1:2 15:1:2"
WO_MO,15,30,"15:0:2 15:1:2",15,0,2,5,3,"5:0:2 9:1:2 15:1:2",5,0,2,2,2,3,4,"2:0:2 2:1:2 9:1:2 15:1:2"
WO_MO,15,30,"15:0:2 15:1:2",15,0,2,6,3,"6:0:2 8:1:2 15:1:2",15,1,2,13,1,14,4,"1:1:2 6:0:1 8:1:2 13:2:2"
WO_MO,15,30,"15:0:2 15:1:2",15,0,2,7,3,"7:0:2 7:1:2 15:1:2",7,1,2,5,1,8,4,"1:1:2 5:2:2 7:0:1 15:1:2"
WO_MO,15,30,"15:0:2 15:1:2",15,0,2,8,3,"6:1:2 8:0:2 15:1:2",8,0,2,2,2,4,4,"2:0:2 5:1:2 6:1:2 15:1:2"
WO_MO,15,30,"15:0:2 15:1:2",15,0,2,9,3,"5:1:2 9:0:2 15:1:2",5,1,2,2,2,7,4,"2:1:2 2:2:2 9:0:1 15:1:2"
WO_MO,15,30,"15:0:2 15:1:2",15,0,2,10,3,"4:1:2 10:0:2 15:1:2",10,0,2,2,2,4,4,"2:0:2 4:1:2 7:1:2 15:1:2"
WO_MO,15,30,"15:0:2 15:1:2",15,0,2,11,3,"3:1:2 11:0:2 15:1:2",11,0,2,2,2,5,4,"2:0:2 3:1:2 8:1:2 15:1:2"
WO_MO,15,30,"15:0:2 15:1:2",15,0,2,12,3,"2:1:2 12:0:2 15:1:2",12,0,2,2,2,5,4,"2:0:2 2:1:2 9:1:2 15:1:2"
WO_MO,15,30,"15:0:2 15:1:2",15,0,2,13,3,"1:1:2 13:0:2 15:1:2",15,1,2,13,1,4,4,"1:1:2 1:1:2 13:0:1 13:2:2"
WO_MO,15,30,"15:0:2 15:1:2",15,1,2,0,2,"14:1:2 15:0:1",15,0,1,14,0,25,2,"14:0:2 14:1:2"
WO_MO,15,30,"15:0:2 15:1:2",15,1,2,1,3,"1:2:2 13:1:2 15:0:1",13,1,2,11,1,19,4,"1:1:1 1:1:2 11:2:2 15:0:2"
WO_MO,15,30,"15:0:2 15:1:2",15,1,2,2,3,"2:2:2 12:1:2 15:0:1",12,1,2,2,2,3,4,"2:1:1 2:2:2 9:1:2 15:0:2"
WO_MO,15,30,"15:0:2 15:1:2",15,1,2,3,3,"3:2:2 11:1:2 15:0:1",15,0,1,1,1,16,4,"1:0:2 3:1:1 11:1:2 13:2:2"
WO_MO,15,30,"15:0:2 15:1:2",15,1,2,4,3,"4:2:2 10:1:2 15:0:1",10,1,2,2,2,7,4,"2:2:2 4:1:1 7:1:2 15:0:2"
WO_MO,15,30,"15:0:2 15:1:2",15,1,2,5,3,"5:2:2 9:1:2 15:0:1",5,2,2,2,2,5,4,"2:1:2 2:1:2 9:1:2 15:0:2"
WO_MO,15,30,"15:0:2 15:1:2",15,1,2,6,3,"6:2:2 8:1:2 15:0:1",8,1,2,2,2,7,4,"2:2:2 5:1:2 6:1:1 15:0:2"
WO_MO,15,30,"15:0:2 15:1:2",15,1,2,7,3,"7:1:2 7:2:2 15:0:1",7,1,2,2,2,3,4,"2:2:2 4:1:2 7:1:1 15:0:2"
WO_MO,15,30,"15:0:2 15:1:2",15,1,2,8,3,"6:1:2 8:2:2 15:0:1",6,1,2,2,2,5,4,"2:2:2 3:1:2 8:1:1 15:0:2"
WO_MO,15,30,"15:0:2 15:1:2",15,1,2,9,3,"5:1:2 9:2:2 15:0:1",5,1,2,2,2,4,4,"2:1:2 2:2:2 9:1:1 15:0:2"
WO_MO,15,30,"15:0:2 15:1:2",15,1,2,10,3,"4:1:2 10:2:2 15:0:1",4,1,2,2,1,3,4,"1:1:2 2:2:2 10:1:1 15:0:2"
WO_MO,15,30,"15:0:2 15:1:2",15,1,2,11,3,"3:1:2 11:2:2 15:0:1",15,0,1,2,2,5,4,"2:0:2 3:1:2 11:1:1 12:2:2"
WO_MO,15,30,"15:0:2 15:1:2",15,1,2,12,3,"2:1:2 12:2:2 15:0:1",12,2,2,2,2,3,4,"2:1:2 2:1:2 9:1:2 15:0:2"
WO_MO,15,30,"15:0:2 15:1:2",15,1,2,13,3,"1:1:2 13:2:2 15:0:1",15,0,1,1,1,2,4,"1:0:2 1:1:2 13:1:1 13:2:2"
WO_PLUS_MO,15,31,"15:1:2 16:0:2",15,1,2,0,2,"14:1:2 16:0:1",16,0,1,15,0,27,2,"14:1:2 15:0:2"
WO_PLUS_MO,15,31,"15:1:2 16:0:2",15,1,2,1,3,"1:2:2 13:1:2 16:0:1",13,1,2,11,1,21,4,"1:1:1 1:1:2 11:2:2 16:0:2"
WO_PLUS_MO,15,31,"15:1:2 16:0:2",15,1,2,2,3,"2:2:2 12:1:2 16:0:1",12,1,2,2,2,2,4,"2:1:1 2:2:2 9:1:2 16:0:2"
WO_PLUS_MO,15,31,"15:1:2 16:0:2",15,1,2,3,3,"3:2:2 11:1:2 16:0:1",11,1,2,9,1,19,4,"1:1:2 3:1:1 9:2:2 16:0:2"
WO_PLUS_MO,15,31,"15:1:2 16:0:2",15,1,2,4,3,"4:2:2 10:1:2 16:0:1",10,1,2,8,1,9,4,"1:1:2 4:1:1 8:2:2 16:0:2"
WO_PLUS_MO,15,31,"15:1:2 16:0:2",15,1,2,5,3,"5:2:2 9:1:2 16:0:1",5,2,2,2,2,5,4,"2:1:2 2:1:2 9:1:2 16:0:2"
WO_PLUS_MO,15,31,"15:1:2 16:0:2",15,1,2,6,3,"6:2:2 8:1:2 16:0:1",6,2,2,2,2,9,4,"2:1:2 3:1:2 8:1:2 16:0:2"
WO_PLUS_MO,15,31,"15:1:2 16:0:2",15,1,2,7,3,"7:1:2 7:2:2 16:0:1",7,1,2,5,1,8,4,"1:1:2 5:2:2 7:1:1 16:0:2"
WO_PLUS_MO,15,31,"15:1:2 16:0:2",15,1,2,8,3,"6:1:2 8:2:2 16:0:1",6,1,2,2,2,5,4,"2:2:2 3:1:2 8:1:1 16:0:2"
WO_PLUS_MO,15,31,"15:1:2 16:0:2",15,1,2,9,3,"5:1:2 9:2:2 16:0:1",5,1,2,2,2,6,4,"2:1:2 2:2:2 9:1:1 16:0:2"
WO_PLUS_MO,15,31,"15:1:2 16:0:2",15,1,2,10,3,"4:1:2 10:2:2 16:0:1",4,1,2,2,1,7,4,"1:1:2 2:2:2 10:1:1 16:0:2"
WO_PLUS_MO,15,31,"15:1:2 16:0:2",15,1,2,11,3,"3:1:2 11:2:2 16:0:1",11,2,2,2,2,6,4,"2:1:2 3:1:2 8:1:2 16:0:2"
WO_PLUS_MO,15,31,"15:1:2 16:0:2",15,1,2,12,3,"2:1:2 12:2:2 16:0:1",12,2,2,2,2,5,4,"2:1:2 2:1:2 9:1:2 16:0:2"
WO_PLUS_MO,15,31,"15:1:2 16:0:2",15,1,2,13,3,"1:1:2 13:2:2 16:0:1",16,0,1,2,2,5,4,"1:1:2 2:0:2 13:1:1 13:2:2"
WO_PLUS_MO,15,31,"15:1:2 16:0:2",16,0,2,1,3,"1:0:2 14:1:2 15:1:2",15,1,2,0,0,25,3,"1:0:1 14:1:2 14:1:2"
WO_PLUS_MO,15,31,"15:1:2 16:0:2",16,0,2,2,3,"2:0:2 13:1:2 15:1:2",13,1,2,11,1,19,4,"1:1:2 2:0:1 11:2:2 15:1:2"
WO_PLUS_MO,15,31,"15:1:2 16:0:2",16,0,2,3,3,"3:0:2 12:1:2 15:1:2",12,1,2,10,1,19,4,"1:1:2 3:0:1 10:2:2 15:1:2"
WO_PLUS_MO,15,31,"15:1:2 16:0:2",16,0,2,4,3,"4:0:2 11:1:2 15:1:2",15,1,2,13,1,16,4,"1:1:2 4:0:1 11:1:2 13:2:2"
WO_PLUS_MO,15,31,"15:1:2 16:0:2",16,0,2,5,3,"5:0:2 10:1:2 15:1:2",10,1,2,2,2,3,4,"2:2:2 5:0:1 7:1:2 15:1:2"
WO_PLUS_MO,15,31,"15:1:2 16:0:2",16,0,2,6,3,"6:0:2 9:1:2 15:1:2",9,1,2,7,1,12,4,"1:1:2 6:0:1 7:2:2 15:1:2"
WO_PLUS_MO,15,31,"15:1:2 16:0:2",16,0,2,7,3,"7:0:2 8:1:2 15:1:2",7,0,2,5,1,9,4,"1:1:2 5:0:2 8:1:2 15:1:2"
WO_PLUS_MO,15,31,"15:1:2 16:0:2",16,0,2,8,3,"7:1:2 8:0:2 15:1:2",7,1,2,2,2,6,4,"2:2:2 4:1:2 8:0:1 15:1:2"
WO_PLUS_MO,15,31,"15:1:2 16:0:2",16,0,2,9,3,"6:1:2 9:0:2 15:1:2",6,1,2,2,2,5,4,"2:2:2 3:1:2 9:0:1 15:1:2"
WO_PLUS_MO,15,31,"15:1:2 16:0:2",16,0,2,10,3,"5:1:2 10:0:2 15:1:2",10,0,2,8,1,7,4,"1:1:2 5:1:2 8:0:2 15:1:2"
WO_PLUS_MO,15,31,"15:1:2 16:0:2",16,0,2,11,3,"4:1:2 11:0:2 15:1:2",4,1,2,2,1,10,4,"1:1:2 2:2:2 11:0:1 15:1:2"
WO_PLUS_MO,15,31,"15:1:2 16:0:2",16,0,2,12,3,"3:1:2 12:0:2 15:1:2",15,1,2,2,2,4,4,"2:2:2 3:1:2 12:0:1 12:1:2"
WO_PLUS_MO,15,31,"15:1:2 16:0:2",16,0,2,13,3,"2:1:2 13:0:2 15:1:2",13,0,2,10,2,9,4,"2:1:2 2:1:2 10:0:2 15:1:2"
WO_PLUS_MO,15,31,"15:1:2 16:0:2",16,0,2,14,3,"1:1:2 14:0:2 15:1:2",15,1,2,13,1,8,4,"1:1:2 1:1:2 13:2:2 14:0:1"
MO_MO,16,32,"16:1:2 16:1:2",16,1,2,0,2,"15:1:2 16:1:2",16,1,2,0,0,27,2,"15:1:2 15:1:2"
MO_MO,16,32,"16:1:2 16:1:2",16,1,2,1,3,"1:2:2 14:1:2 16:1:2",14,1,2,12,1,23,4,"1:1:1 1:1:2 12:2:2 16:1:2"
MO_MO,16,32,"16:1:2 16:1:2",16,1,2,2,3,"2:2:2 13:1:2 16:1:2",16,1,2,2,2,1,4,"2:1:1 2:2:2 13:1:2 13:1:2"
MO_MO,16,32,"16:1:2 16:1:2",16,1,2,3,3,"3:2:2 12:1:2 16:1:2",12,1,2,10,1,17,4,"1:1:2 3:1:1 10:2:2 16:1:2"
MO_MO,16,32,"16:1:2 16:1:2",16,1,2,4,3,"4:2:2 11:1:2 16:1:2",16,1,2,2,2,2,4,"2:2:2 4:1:1 11:1:2 13:1:2"
MO_MO,16,32,"16:1:2 16:1:2",16,1,2,5,3,"5:2:2 10:1:2 16:1:2",16,1,2,5,5,1,4,"5:1:1 5:2:2 10:1:2 10:1:2"
MO_MO,16,32,"16:1:2 16:1:2",16,1,2,6,3,"6:2:2 9:1:2 16:1:2",9,1,2,2,2,5,4,"2:2:2 6:1:1 6:1:2 16:1:2"
MO_MO,16,32,"16:1:2 16:1:2",16,1,2,7,3,"7:2:2 8:1:2 16:1:2",16,1,2,7,7,1,4,"7:1:1 7:2:2 8:1:2 8:1:2"
MO_MO,16,32,"16:1:2 16:1:2",16,1,2,8,3,"7:1:2 8:2:2 16:1:2",16,1,2,2,2,3,4,"2:2:2 7:1:2 8:1:1 13:1:2"
MO_MO,16,32,"16:1:2 16:1:2",16,1,2,9,3,"6:1:2 9:2:2 16:1:2",16,1,2,12,3,2,4,"3:1:2 6:1:2 9:1:1 12:2:2"
MO_MO,16,32,"16:1:2 16:1:2",16,1,2,10,3,"5:1:2 10:2:2 16:1:2",16,1,2,2,2,2,4,"2:2:2 5:1:2 10:1:1 13:1:2"
MO_MO,16,32,"16:1:2 16:1:2",16,1,2,11,3,"4:1:2 11:2:2 16:1:2",16,1,2,2,2,4,4,"2:2:2 4:1:2 11:1:1 13:1:2"
MO_MO,16,32,"16:1:2 16:1:2",16,1,2,12,3,"3:1:2 12:2:2 16:1:2",16,1,2,12,3,1,4,"3:1:2 3:1:2 12:1:1 12:2:2"
MO_MO,16,32,"16:1:2 16:1:2",16,1,2,13,3,"2:1:2 13:2:2 16:1:2",16,1,2,2,2,2,4,"2:1:2 2:2:2 13:1:1 13:1:2"
MO_MO,16,32,"16:1:2 16:1:2",16,1,2,14,3,"1:1:2 14:2:2 16:1:2",16,1,2,14,1,1,4,"1:1:2 1:1:2 14:1:1 14:2:2"
OO_MM,16,32,"16:1:1 16:2:2",16,1,1,0,2,"15:2:2 16:1:1",16,1,1,0,0,15,2,"15:1:1 15:2:2"
OO_MM,16,32,"16:1:1 16:2:2",16,1,1,1,3,"1:2:2 14:2:2 16:1:1",14,2,2,1,1,10,4,"1:1:1 1:1:2 12:1:2 16:2:2"
OO_MM,16,32,"16:1:1 16:2:2",16,1,1,2,3,"2:2:2 13:2:2 16:1:1",16,1,1,2,2,1,4,"2:1:1 2:2:2 13:1:1 13:2:2"
OO_MM,16,32,"16:1:1 16:2:2",16,1,1,3,3,"3:2:2 12:2:2 16:1:1",12,2,2,1,1,10,4,"1:1:2 3:1:1 10:1:2 16:2:2"
OO_MM,16,32,"16:1:1 16:2:2",16,1,1,4,3,"4:2:2 11:2:2 16:1:1",16,1,1,2,2,4,4,"2:2:2 4:1:1 11:1:1 13:2:2"
OO_MM,16,32,"16:1:1 16:2:2",16,1,1,5,3,"5:2:2 10:2:2 16:1:1",16,1,1,2,2,2,4,"2:2:2 5:1:1 10:1:1 13:2:2"
OO_MM,16,32,"16:1:1 16:2:2",16,1,1,6,3,"6:2:2 9:2:2 16:1:1",16,1,1,6,6,1,4,"6:1:1 6:2:2 9:1:1 9:2:2"
OO_MM,16,32,"16:1:1 16:2:2",16,1,1,7,3,"7:2:2 8:2:2 16:1:1",16,1,1,2,2,3,4,"2:2:2 7:1:1 8:1:1 13:2:2"
OO_MM,16,32,"16:1:1 16:2:2",16,2,2,1,3,"1:1:2 14:1:2 16:2:2",16,2,2,1,1,1,4,"1:1:2 1:1:2 14:1:2 14:1:2"
OO_MM,16,32,"16:1:1 16:2:2",16,2,2,2,3,"2:1:2 13:1:2 16:2:2",16,2,2,2,2,1,4,"2:1:2 2:1:2 13:1:2 13:1:2"
OO_MM,16,32,"16:1:1 16:2:2",16,2,2,3,3,"3:1:2 12:1:2 16:2:2",12,1,2,2,2,2,4,"2:2:2 3:1:2 9:1:2 16:1:1"
OO_MM,16,32,"16:1:1 16:2:2",16,2,2,4,3,"4:1:2 11:1:2 16:2:2",16,2,2,4,4,1,4,"4:1:2 4:1:2 11:1:2 11:1:2"
OO_MM,16,32,"16:1:1 16:2:2",16,2,2,5,3,"5:1:2 10:1:2 16:2:2",16,2,2,5,5,1,4,"5:1:2 5:1:2 10:1:2 10:1:2"
OO_MM,16,32,"16:1:1 16:2:2",16,2,2,6,3,"6:1:2 9:1:2 16:2:2",6,1,2,2,2,3,4,"2:2:2 3:1:2 9:1:2 16:1:1"
OO_MM,16,32,"16:1:1 16:2:2",16,2,2,7,3,"7:1:2 8:1:2 16:2:2",16,2,2,7,7,1,4,"7:1:2 7:1:2 8:1:2 8:1:2"
OO_WM,16,32,"16:0:1 16:2:2",16,0,1,1,3,"1:0:2 14:2:2 16:1:1",14,2,2,1,1,10,4,"1:0:1 1:1:2 12:1:2 16:2:2"
OO_WM,16,32,"16:0:1 16:2:2",16,0,1,2,3,"2:0:2 13:2:2 16:1:1",16,1,1,2,2,1,4,"2:0:1 2:2:2 13:1:1 13:2:2"
OO_WM,16,32,"16:0:1 16:2:2",16,0,1,3,3,"3:0:2 12:2:2 16:1:1",12,2,2,1,1,10,4,"1:1:2 3:0:1 10:1:2 16:2:2"
OO_WM,16,32,"16:0:1 16:2:2",16,0,1,4,3,"4:0:2 11:2:2 16:1:1",4,0,2,2,1,9,4,"1:1:2 2:0:2 11:1:1 16:2:2"
OO_WM,16,32,"16:0:1 16:2:2",16,0,1,5,3,"5:0:2 10:2:2 16:1:1",5,0,2,2,2,3,4,"2:0:2 2:1:2 10:1:1 16:2:2"
OO_WM,16,32,"16:0:1 16:2:2",16,0,1,6,3,"6:0:2 9:2:2 16:1:1",9,2,2,1,1,10,4,"1:1:2 6:0:1 7:1:2 16:2:2"
OO_WM,16,32,"16:0:1 16:2:2",16,0,1,7,3,"7:0:2 8:2:2 16:1:1",7,0,2,2,2,4,4,"2:0:2 4:1:2 8:1:1 16:2:2"
OO_WM,16,32,"16:0:1 16:2:2",16,0,1,8,3,"7:2:2 8:0:2 16:1:1",8,0,2,2,2,4,4,"2:0:2 5:1:2 7:1:1 16:2:2"
OO_WM,16,32,"16:0:1 16:2:2",16,0,1,9,3,"6:2:2 9:0:2 16:1:1",9,0,2,2,2,3,4,"2:0:2 6:1:1 6:1:2 16:2:2"
OO_WM,16,32,"16:0:1 16:2:2",16,0,1,10,3,"5:2:2 10:0:2 16:1:1",16,1,1,2,2,3,4,"2:2:2 5:1:1 10:0:1 13:2:2"
OO_WM,16,32,"16:0:1 16:2:2",16,0,1,11,3,"4:2:2 11:0:2 16:1:1",11,0,2,2,2,5,4,"2:0:2 4:1:1 8:1:2 16:2:2"
OO_WM,16,32,"16:0:1 16:2:2",16,0,1,12,3,"3:2:2 12:0:2 16:1:1",12,0,2,1,1,15,4,"1:0:2 3:1:1 10:1:2 16:2:2"
OO_WM,16,32,"16:0:1 16:2:2",16,0,1,13,3,"2:2:2 13:0:2 16:1:1",16,1,1,2,2,2,4,"2:1:1 2:2:2 13:0:1 13:2:2"
OO_WM,16,32,"16:0:1 16:2:2",16,0,1,14,3,"1:2:2 14:0:2 16:1:1",14,0,2,1,1,15,4,"1:0:2 1:1:1 12:1:2 16:2:2"
OO_WM,16,32,"16:0:1 16:2:2",16,0,1,15,2,"15:0:2 16:1:1",16,1,1,0,0,21,2,"15:0:1 15:2:2"
OO_WM,16,32,"16:0:1 16:2:2",16,2,2,1,3,"1:1:2 14:1:2 16:0:2",16,0,2,1,1,4,4,"1:0:2 1:1:2 14:1:2 14:1:2"
OO_WM,16,32,"16:0:1 16:2:2",16,2,2,2,3,"2:1:2 13:1:2 16:0:2",13,1,2,2,2,4,4,"2:1:2 2:2:2 10:1:2 16:0:1"
OO_WM,16,32,"16:0:1 16:2:2",16,2,2,3,3,"3:1:2 12:1:2 16:0:2",12,1,2,2,2,5,4,"2:2:2 3:1:2 9:1:2 16:0:1"
OO_WM,16,32,"16:0:1 16:2:2",16,2,2,4,3,"4:1:2 11:1:2 16:0:2",4,1,2,2,1,6,4,"1:1:2 2:2:2 11:1:2 16:0:1"
OO_WM,16,32,"16:0:1 16:2:2",16,2,2,5,3,"5:1:2 10:1:2 16:0:2",5,1,2,2,2,6,4,"2:1:2 2:2:2 10:1:2 16:0:1"
OO_WM,16,32,"16:0:1 16:2:2",16,2,2,6,3,"6:1:2 9:1:2 16:0:2",6,1,2,2,2,7,4,"2:2:2 3:1:2 9:1:2 16:0:1"
OO_WM,16,32,"16:0:1 16:2:2",16,2,2,7,3,"7:1:2 8:1:2 16:0:2",7,1,2,2,2,7,4,"2:2:2 4:1:2 8:1:2 16:0:1"
OO_WM_PLUS,16,33,"16:2:2 17:0:1",16,2,2,1,3,"1:1:2 14:1:2 17:0:2",14,1,2,12,1,12,4,"1:1:2 1:1:2 12:2:2 17:0:1"
OO_WM_PLUS,16,33,"16:2:2 17:0:1",16,2,2,2,3,"2:1:2 13:1:2 17:0:2",13,1,2,11,1,8,4,"1:1:2 2:1:2 11:2:2 17:0:1"
OO_WM_PLUS,16,33,"16:2:2 17:0:1",16,2,2,3,3,"3:1:2 12:1:2 17:0:2",17,0,2,15,1,7,4,"1:1:2 3:1:2 12:1:2 15:0:2"
OO_WM_PLUS,16,33,"16:2:2 17:0:1",16,2,2,4,3,"4:1:2 11:1:2 17:0:2",4,1,2,2,1,8,4,"1:1:2 2:2:2 11:1:2 17:0:1"
OO_WM_PLUS,16,33,"16:2:2 17:0:1",16,2,2,5,3,"5:1:2 10:1:2 17:0:2",10,1,2,8,1,8,4,"1:1:2 5:1:2 8:2:2 17:0:1"
OO_WM_PLUS,16,33,"16:2:2 17:0:1",16,2,2,6,3,"6:1:2 9:1:2 17:0:2",6,1,2,2,2,5,4,"2:2:2 3:1:2 9:1:2 17:0:1"
OO_WM_PLUS,16,33,"16:2:2 17:0:1",16,2,2,7,3,"7:1:2 8:1:2 17:0:2",7,1,2,5,1,8,4,"1:1:2 5:2:2 8:1:2 17:0:1"
OO_WM_PLUS,16,33,"16:2:2 17:0:1",17,0,1,1,3,"1:0:2 15:2:2 16:1:1",16,1,1,0,0,15,3,"1:0:1 15:1:1 15:2:2"
OO_WM_PLUS,16,33,"16:2:2 17:0:1",17,0,1,2,3,"2:0:2 14:2:2 16:1:1",14,2,2,1,1,10,4,"1:1:2 2:0:1 12:1:2 16:2:2"
OO_WM_PLUS,16,33,"16:2:2 17:0:1",17,0,1,3,3,"3:0:2 13:2:2 16:1:1",16,1,1,2,2,7,4,"2:2:2 3:0:1 13:1:1 13:2:2"
OO_WM_PLUS,16,33,"16:2:2 17:0:1",17,0,1,4,3,"4:0:2 12:2:2 16:1:1",12,2,2,1,1,10,4,"1:1:2 4:0:1 10:1:2 16:2:2"
OO_WM_PLUS,16,33,"16:2:2 17:0:1",17,0,1,5,3,"5:0:2 11:2:2 16:1:1",16,1,1,2,2,4,4,"2:2:2 5:0:1 11:1:1 13:2:2"
OO_WM_PLUS,16,33,"16:2:2 17:0:1",17,0,1,6,3,"6:0:2 10:2:2 16:1:1",16,1,1,2,2,3,4,"2:2:2 6:0:1 10:1:1 13:2:2"
OO_WM_PLUS,16,33,"16:2:2 17:0:1",17,0,1,7,3,"7:0:2 9:2:2 16:1:1",7,0,2,5,1,7,4,"1:1:2 5:0:2 9:1:1 16:2:2"
OO_WM_PLUS,16,33,"16:2:2 17:0:1",17,0,1,8,3,"8:0:2 8:2:2 16:1:1",16,1,1,2,2,3,4,"2:2:2 8:0:1 8:1:1 13:2:2"
OO_WM_PLUS,16,33,"16:2:2 17:0:1",17,0,1,9,3,"7:2:2 9:0:2 16:1:1",16,1,1,2,2,5,4,"2:2:2 7:1:1 9:0:1 13:2:2"
OO_WM_PLUS,16,33,"16:2:2 17:0:1",17,0,1,10,3,"6:2:2 10:0:2 16:1:1",10,0,2,8,1,7,4,"1:1:2 6:1:1 8:0:2 16:2:2"
OO_WM_PLUS,16,33,"16:2:2 17:0:1",17,0,1,11,3,"5:2:2 11:0:2 16:1:1",16,1,1,2,2,2,4,"2:2:2 5:1:1 11:0:1 13:2:2"
OO_WM_PLUS,16,33,"16:2:2 17:0:1",17,0,1,12,3,"4:2:2 12:0:2 16:1:1",12,0,2,10,1,10,4,"1:1:2 4:1:1 10:0:2 16:2:2"
OO_WM_PLUS,16,33,"16:2:2 17:0:1",17,0,1,13,3,"3:2:2 13:0:2 16:1:1",13,0,2,11,1,16,4,"1:1:2 3:1:1 11:0:2 16:2:2"
OO_WM_PLUS,16,33,"16:2:2 17:0:1",17,0,1,14,3,"2:2:2 14:0:2 16:1:1",16,1,1,2,2,1,4,"2:1:1 2:2:2 13:2:2 14:0:1"
OO_WM_PLUS,16,33,"16:2:2 17:0:1",17,0,1,15,3,"1:2:2 15:0:2 16:1:1",15,0,2,13,1,18,4,"1:1:1 1:1:2 13:0:2 16:2:2"
OO_WM_PLUS,16,33,"16:2:2 17:0:1",17,0,1,16,2,"16:0:2 16:1:1",16,1,1,0,0,21,2,"15:2:2 16:0:1"
WO_MO,16,32,"16:0:2 16:1:2",16,0,2,1,3,"1:0:2 14:1:2 16:1:2",14,1,2,12,1,23,4,"1:0:1 1:1:2 12:2:2 16:1:2"
WO_MO,16,32,"16:0:2 16:1:2",16,0,2,2,3,"2:0:2 13:1:2 16:1:2",16,1,2,2,2,1,4,"2:0:1 2:2:2 13:1:2 13:1:2"
WO_MO,16,32,"16:0:2 16:1:2",16,0,2,3,3,"3:0:2 12:1:2 16:1:2",12,1,2,10,1,17,4,"1:1:2 3:0:1 10:2:2 16:1:2"
WO_MO,16,32,"16:0:2 16:1:2",16,0,2,4,3,"4:0:2 11:1:2 16:1:2",4,0,2,2,1,16,4,"1:1:2 2:0:2 11:1:2 16:1:2"
WO_MO,16,32,"16:0:2 16:1:2",16,0,2,5,3,"5:0:2 10:1:2 16:1:2",5,0,2,2,2,3,4,"2:0:2 2:1:2 10:1:2 16:1:2"
WO_MO,16,32,"16:0:2 16:1:2",16,0,2,6,3,"6:0:2 9:1:2 16:1:2",9,1,2,7,1,12,4,"1:1:2 6:0:1 7:2:2 16:1:2"
WO_MO,16,32,"16:0:2 16:1:2",16,0,2,7,3,"7:0:2 8:1:2 16:1:2",7,0,2,2,2,4,4,"2:0:2 4:1:2 8:1:2 16:1:2"
WO_MO,16,32,"16:0:2 16:1:2",16,0,2,8,3,"7:1:2 8:0:2 16:1:2",8,0,2,2,2,4,4,"2:0:2 5:1:2 7:1:2 16:1:2"
WO_MO,16,32,"16:0:2 16:1:2",16,0,2,9,3,"6:1:2 9:0:2 16:1:2",6,1,2,2,2,6,4,"2:2:2 3:1:2 9:0:1 16:1:2"
WO_MO,16,32,"16:0:2 16:1:2",16,0,2,10,3,"5:1:2 10:0:2 16:1:2",10,0,2,2,2,5,4,"2:0:2 5:1:2 7:1:2 16:1:2"
WO_MO,16,32,"16:0:2 16:1:2",16,0,2,11,3,"4:1:2 11:0:2 16:1:2",11,0,2,2,2,5,4,"2:0:2 4:1:2 8:1:2 16:1:2"
WO_MO,16,32,"16:0:2 16:1:2",16,0,2,12,3,"3:1:2 12:0:2 16:1:2",12,0,2,2,2,4,4,"2:0:2 3:1:2 9:1:2 16:1:2"
WO_MO,16,32,"16:0:2 16:1:2",16,0,2,13,3,"2:1:2 13:0:2 16:1:2",13,0,2,2,2,5,4,"2:0:2 2:1:2 10:1:2 16:1:2"
WO_MO,16,32,"16:0:2 16:1:2",16,0,2,14,3,"1:1:2 14:0:2 16:1:2",16,1,2,14,1,6,4,"1:1:2 1:1:2 14:0:1 14:2:2"
WO_MO,16,32,"16:0:2 16:1:2",16,1,2,0,2,"15:1:2 16:0:1",16,0,1,15,0,27,2,"15:0:2 15:1:2"
WO_MO,16,32,"16:0:2 16:1:2",16,1,2,1,3,"1:2:2 14:1:2 16:0:1",14,1,2,12,1,23,4,"1:1:1 1:1:2 12:2:2 16:0:2"
WO_MO,16,32,"16:0:2 16:1:2",16,1,2,2,3,"2:2:2 13:1:2 16:0:1",16,0,1,2,2,2,4,"2:0:2 2:1:1 13:1:2 13:2:2"
WO_MO,16,32,"16:0:2 16:1:2",16,1,2,3,3,"3:2:2 12:1:2 16:0:1",12,1,2,10,1,18,4,"1:1:2 3:1:1 10:2:2 16:0:2"
WO_MO,16,32,"16:0:2 16:1:2",16,1,2,4,3,"4:2:2 11:1:2 16:0:1",11,1,2,9,1,5,4,"1:1:2 4:1:1 9:2:2 16:0:2"
WO_MO,16,32,"16:0:2 16:1:2",16,1,2,5,3,"5:2:2 10:1:2 16:0:1",16,0,1,2,2,3,4,"2:0:2 5:1:1 10:1:2 13:2:2"
WO_MO,16,32,"16:0:2 16:1:2",16,1,2,6,3,"6:2:2 9:1:2 16:0:1",9,1,2,2,2,6,4,"2:2:2 6:1:1 6:1:2 16:0:2"
WO_MO,16,32,"16:0:2 16:1:2",16,1,2,7,3,"7:2:2 8:1:2 16:0:1",8,1,2,2,2,5,4,"2:2:2 5:1:2 7:1:1 16:0:2"
WO_MO,16,32,"16:0:2 16:1:2",16,1,2,8,3,"7:1:2 8:2:2 16:0:1",16,0,1,2,2,4,4,"2:0:2 7:1:2 8:1:1 13:2:2"
WO_MO,16,32,"16:0:2 16:1:2",16,1,2,9,3,"6:1:2 9:2:2 16:0:1",6,1,2,2,2,4,4,"2:2:2 3:1:2 9:1:1 16:0:2"
WO_MO,16,32,"16:0:2 16:1:2",16,1,2,10,3,"5:1:2 10:2:2 16:0:1",5,1,2,2,2,5,4,"2:1:2 2:2:2 10:1:1 16:0:2"
WO_MO,16,32,"16:0:2 16:1:2",16,1,2,11,3,"4:1:2 11:2:2 16:0:1",4,1,2,2,1,6,4,"1:1:2 2:2:2 11:1:1 16:0:2"
WO_MO,16,32,"16:0:2 16:1:2",16,1,2,12,3,"3:1:2 12:2:2 16:0:1",16,0,1,2,2,2,4,"2:0:2 3:1:2 12:1:1 13:2:2"
WO_MO,16,32,"16:0:2 16:1:2",16,1,2,13,3,"2:1:2 13:2:2 16:0:1",16,0,1,2,2,2,4,"2:0:2 2:1:2 13:1:1 13:2:2"
WO_MO,16,32,"16:0:2 16:1:2",16,1,2,14,3,"1:1:2 14:2:2 16:0:1",16,0,1,1,1,2,4,"1:0:2 1:1:2 14:1:1 14:2:2"
WO_PLUS_MO,16,33,"16:1:2 17:0:2",16,1,2,0,2,"15:1:2 17:0:1",17,0,1,16,0,29,2,"15:1:2 16:0:2"
WO_PLUS_MO,16,33,"16:1:2 17:0:2",16,1,2,1,3,"1:2:2 14:1:2 17:0:1",14,1,2,12,1,23,4,"1:1:1 1:1:2 12:2:2 17:0:2"
WO_PLUS_MO,16,33,"16:1:2 17:0:2",16,1,2,2,3,"2:2:2 13:1:2 17:0:1",17,0,1,14,2,1,4,"2:1:1 2:2:2 13:1:2 14:0:2"
WO_PLUS_MO,16,33,"16:1:2 17:0:2",16,1,2,3,3,"3:2:2 12:1:2 17:0:1",12,1,2,10,1,22,4,"1:1:2 3:1:1 10:2:2 17:0:2"
WO_PLUS_MO,16,33,"16:1:2 17:0:2",16,1,2,4,3,"4:2:2 11:1:2 17:0:1",11,1,2,9,1,14,4,"1:1:2 4:1:1 9:2:2 17:0:2"
WO_PLUS_MO,16,33,"16:1:2 17:0:2",16,1,2,5,3,"5:2:2 10:1:2 17:0:1",17,0,1,14,2,2,4,"2:2:2 5:1:1 10:1:2 14:0:2"
WO_PLUS_MO,16,33,"16:1:2 17:0:2",16,1,2,6,3,"6:2:2 9:1:2 17:0:1",9,1,2,7,1,8,4,"1:1:2 6:1:1 7:2:2 17:0:2"
WO_PLUS_MO,16,33,"16:1:2 17:0:2",16,1,2,7,3,"7:2:2 8:1:2 17:0:1",8,1,2,2,2,7,4,"2:2:2 5:1:2 7:1:1 17:0:2"
WO_PLUS_MO,16,33,"16:1:2 17:0:2",16,1,2,8,3,"7:1:2 8:2:2 17:0:1",8,2,2,1,1,6,4,"1:1:2 6:1:2 7:1:2 17:0:2"
WO_PLUS_MO,16,33,"16:1:2 17:0:2",16,1,2,9,3,"6:1:2 9:2:2 17:0:1",9,2,2,1,1,7,4,"1:1:2 6:1:2 7:1:2 17:0:2"
WO_PLUS_MO,16,33,"16:1:2 17:0:2",16,1,2,10,3,"5:1:2 10:2:2 17:0:1",5,1,2,2,2,6,4,"2:1:2 2:2:2 10:1:1 17:0:2"
WO_PLUS_MO,16,33,"16:1:2 17:0:2",16,1,2,11,3,"4:1:2 11:2:2 17:0:1",4,1,2,2,1,8,4,"1:1:2 2:2:2 11:1:1 17:0:2"
WO_PLUS_MO,16,33,"16:1:2 17:0:2",16,1,2,12,3,"3:1:2 12:2:2 17:0:1",17,0,1,14,2,5,4,"2:2:2 3:1:2 12:1:1 14:0:2"
WO_PLUS_MO,16,33,"16:1:2 17:0:2",16,1,2,13,3,"2:1:2 13:2:2 17:0:1",17,0,1,14,2,6,4,"2:1:2 2:2:2 13:1:1 14:0:2"
WO_PLUS_MO,16,33,"16:1:2 17:0:2",16,1,2,14,3,"1:1:2 14:2:2 17:0:1",17,0,1,2,2,7,4,"1:1:2 2:0:2 14:1:1 14:2:2"
WO_PLUS_MO,16,33,"16:1:2 17:0:2",17,0,2,1,3,"1:0:2 15:1:2 16:1:2",16,1,2,0,0,27,3,"1:0:1 15:1:2 15:1:2"
WO_PLUS_MO,16,33,"16:1:2 17:0:2",17,0,2,2,3,"2:0:2 14:1:2 16:1:2",14,1,2,12,1,23,4,"1:1:2 2:0:1 12:2:2 16:1:2"
WO_PLUS_MO,16,33,"16:1:2 17:0:2",17,0,2,3,3,"3:0:2 13:1:2 16:1:2",13,1,2,11,1,19,4,"1:1:2 3:0:1 11:2:2 16:1:2"
WO_PLUS_MO,16,33,"16:1:2 17:0:2",17,0,2,4,3,"4:0:2 12:1:2 16:1:2",12,1,2,10,1,17,4,"1:1:2 4:0:1 10:2:2 16:1:2"
WO_PLUS_MO,16,33,"16:1:2 17:0:2",17,0,2,5,3,"5:0:2 11:1:2 16:1:2",16,1,2,2,2,2,4,"2:2:2 5:0:1 11:1:2 13:1:2"
WO_PLUS_MO,16,33,"16:1:2 17:0:2",17,0,2,6,3,"6:0:2 10:1:2 16:1:2",10,1,2,8,1,8,4,"1:1:2 6:0:1 8:2:2 16:1:2"
WO_PLUS_MO,16,33,"16:1:2 17:0:2",17,0,2,7,3,"7:0:2 9:1:2 16:1:2",7,0,2,5,1,8,4,"1:1:2 5:0:2 9:1:2 16:1:2"
WO_PLUS_MO,16,33,"16:1:2 17:0:2",17,0,2,8,3,"8:0:2 8:1:2 16:1:2",16,1,2,2,2,2,4,"2:2:2 8:0:1 8:1:2 13:1:2"
WO_PLUS_MO,16,33,"16:1:2 17:0:2",17,0,2,9,3,"7:1:2 9:0:2 16:1:2",7,1,2,5,1,9,4,"1:1:2 5:2:2 9:0:1 16:1:2"
WO_PLUS_MO,16,33,"16:1:2 17:0:2",17,0,2,10,3,"6:1:2 10:0:2 16:1:2",6,1,2,2,2,3,4,"2:2:2 3:1:2 10:0:1 16:1:2"
WO_PLUS_MO,16,33,"16:1:2 17:0:2",17,0,2,11,3,"5:1:2 11:0:2 16:1:2",16,1,2,2,2,3,4,"2:2:2 5:1:2 11:0:1 13:1:2"
WO_PLUS_MO,16,33,"16:1:2 17:0:2",17,0,2,12,3,"4:1:2 12:0:2 16:1:2",4,1,2,2,1,10,4,"1:1:2 2:2:2 12:0:1 16:1:2"
WO_PLUS_MO,16,33,"16:1:2 17:0:2",17,0,2,13,3,"3:1:2 13:0:2 16:1:2",16,1,2,12,3,3,4,"3:1:2 3:1:2 12:2:2 13:0:1"
WO_PLUS_MO,16,33,"16:1:2 17:0:2",17,0,2,14,3,"2:1:2 14:0:2 16:1:2",16,1,2,2,2,6,4,"2:1:2 2:2:2 13:1:2 14:0:1"
WO_PLUS_MO,16,33,"16:1:2 17:0:2",17,0,2,15,3,"1:1:2 15:0:2 16:1:2",16,1,2,14,1,5,4,"1:1:2 1:1:2 14:2:2 15:0:1"
MO_MO,17,34,"17:1:2 17:1:2",17,1,2,0,2,"16:1:2 17:1:2",17,1,2,0,0,29,2,"16:1:2 16:1:2"
MO_MO,17,34,"17:1:2 17:1:2",17,1,2,1,3,"1:2:2 15:1:2 17:1:2",15,1,2,13,1,25,4,"1:1:1 1:1:2 13:2:2 17:1:2"
MO_MO,17,34,"17:1:2 17:1:2",17,1,2,2,3,"2:2:2 14:1:2 17:1:2",17,1,2,2,2,1,4,"2:1:1 2:2:2 14:1:2 14:1:2"
MO_MO,17,34,"17:1:2 17:1:2",17,1,2,3,3,"3:2:2 13:1:2 17:1:2",13,1,2,11,1,20,4,"1:1:2 3:1:1 11:2:2 17:1:2"
MO_MO,17,34,"17:1:2 17:1:2",17,1,2,4,3,"4:2:2 12:1:2 17:1:2",17,1,2,15,1,6,4,"1:1:2 4:1:1 12:1:2 15:2:2"
MO_MO,17,34,"17:1:2 17:1:2",17,1,2,5,3,"5:2:2 11:1:2 17:1:2",17,1,2,5,5,1,4,"5:1:1 5:2:2 11:1:2 11:1:2"
MO_MO,17,34,"17:1:2 17:1:2",17,1,2,6,3,"6:2:2 10:1:2 17:1:2",17,1,2,15,1,3,4,"1:1:2 6:1:1 10:1:2 15:2:2"
MO_MO,17,34,"17:1:2 17:1:2",17,1,2,7,3,"7:2:2 9:1:2 17:1:2",9,1,2,2,2,2,4,"2:2:2 6:1:2 7:1:1 17:1:2"
MO_MO,17,34,"17:1:2 17:1:2",17,1,2,8,3,"8:1:2 8:2:2 17:1:2",17,1,2,2,2,2,4,"2:2:2 8:1:1 8:1:2 14:1:2"
MO_MO,17,34,"17:1:2 17:1:2",17,1,2,9,3,"7:1:2 9:2:2 17:1:2",7,1,2,2,2,3,4,"2:2:2 4:1:2 9:1:1 17:1:2"
MO_MO,17,34,"17:1:2 17:1:2",17,1,2,10,3,"6:1:2 10:2:2 17:1:2",17,1,2,10,6,1,4,"6:1:2 6:1:2 10:1:1 10:2:2"
MO_MO,17,34,"17:1:2 17:1:2",17,1,2,11,3,"5:1:2 11:2:2 17:1:2",17,1,2,2,2,4,4,"2:2:2 5:1:2 11:1:1 14:1:2"
MO_MO,17,34,"17:1:2 17:1:2",17,1,2,12,3,"4:1:2 12:2:2 17:1:2",17,1,2,12,4,1,4,"4:1:2 4:1:2 12:1:1 12:2:2"
MO_MO,17,34,"17:1:2 17:1:2",17,1,2,13,3,"3:1:2 13:2:2 17:1:2",17,1,2,13,3,1,4,"3:1:2 3:1:2 13:1:1 13:2:2"
MO_MO,17,34,"17:1:2 17:1:2",17,1,2,14,3,"2:1:2 14:2:2 17:1:2",17,1,2,2,2,2,4,"2:1:2 2:2:2 14:1:1 14:1:2"
MO_MO,17,34,"17:1:2 17:1:2",17,1,2,15,3,"1:1:2 15:2:2 17:1:2",17,1,2,15,1,1,4,"1:1:2 1:1:2 15:1:1 15:2:2"
OO_MM,17,34,"17:1:1 17:2:2",17,1,1,0,2,"16:2:2 17:1:1",17,1,1,0,0,16,2,"16:1:1 16:2:2"
OO_MM,17,34,"17:1:1 17:2:2",17,1,1,1,3,"1:2:2 15:2:2 17:1:1",15,2,2,1,1,12,4,"1:1:1 1:1:2 13:1:2 17:2:2"
OO_MM,17,34,"17:1:1 17:2:2",17,1,1,2,3,"2:2:2 14:2:2 17:1:1",17,1,1,2,2,1,4,"2:1:1 2:2:2 14:1:1 14:2:2"
OO_MM,17,34,"17:1:1 17:2:2",17,1,1,3,3,"3:2:2 13:2:2 17:1:1",13,2,2,1,1,13,4,"1:1:2 3:1:1 11:1:2 17:2:2"
OO_MM,17,34,"17:1:1 17:2:2",17,1,1,4,3,"4:2:2 12:2:2 17:1:1",17,1,1,2,2,2,4,"2:2:2 4:1:1 12:1:1 14:2:2"
OO_MM,17,34,"17:1:1 17:2:2",17,1,1,5,3,"5:2:2 11:2:2 17:1:1",17,1,1,2,2,3,4,"2:2:2 5:1:1 11:1:1 14:2:2"
OO_MM,17,34,"17:1:1 17:2:2",17,1,1,6,3,"6:2:2 10:2:2 17:1:1",17,1,1,2,2,4,4,"2:2:2 6:1:1 10:1:1 14:2:2"
OO_MM,17,34,"17:1:1 17:2:2",17,1,1,7,3,"7:2:2 9:2:2 17:1:1",17,1,1,2,2,2,4,"2:2:2 7:1:1 9:1:1 14:2:2"
OO_MM,17,34,"17:1:1 17:2:2",17,1,1,8,3,"8:2:2 8:2:2 17:1:1",17,1,1,2,2,3,4,"2:2:2 8:1:1 8:1:1 14:2:2"
OO_MM,17,34,"17:1:1 17:2:2",17,2,2,1,3,"1:1:2 15:1:2 17:2:2",17,2,2,1,1,1,4,"1:1:2 1:1:2 15:1:2 15:1:2"
OO_MM,17,34,"17:1:1 17:2:2",17,2,2,2,3,"2:1:2 14:1:2 17:2:2",17,2,2,2,2,1,4,"2:1:2 2:1:2 14:1:2 14:1:2"
OO_MM,17,34,"17:1:1 17:2:2",17,2,2,3,3,"3:1:2 13:1:2 17:2:2",17,2,2,3,3,1,4,"3:1:2 3:1:2 13:1:2 13:1:2"
OO_MM,17,34,"17:1:1 17:2:2",17,2,2,4,3,"4:1:2 12:1:2 17:2:2",17,2,2,4,4,1,4,"4:1:2 4:1:2 12:1:2 12:1:2"
OO_MM,17,34,"17:1:1 17:2:2",17,2,2,5,3,"5:1:2 11:1:2 17:2:2",17,2,2,5,5,1,4,"5:1:2 5:1:2 11:1:2 11:1:2"
OO_MM,17,34,"17:1:1 17:2:2",17,2,2,6,3,"6:1:2 10:1:2 17:2:2",17,2,2,6,6,1,4,"6:1:2 6:1:2 10:1:2 10:1:2"
OO_MM,17,34,"17:1:1 17:2:2",17,2,2,7,3,"7:1:2 9:1:2 17:2:2",17,2,2,7,7,1,4,"7:1:2 7:1:2 9:1:2 9:1:2"
OO_MM,17,34,"17:1:1 17:2:2",17,2,2,8,3,"8:1:2 8:1:2 17:2:2",17,2,2,8,8,1,4,"8:1:2 8:1:2 8:1:2 8:1:2"
OO_WM,17,34,"17:0:1 17:2:2",17,0,1,1,3,"1:0:2 15:2:2 17:1:1",15,2,2,1,1,12,4,"1:0:1 1:1:2 13:1:2 17:2:2"
OO_WM,17,34,"17:0:1 17:2:2",17,0,1,2,3,"2:0:2 14:2:2 17:1:1",17,1,1,2,2,1,4,"2:0:1 2:2:2 14:1:1 14:2:2"
OO_WM,17,34,"17:0:1 17:2:2",17,0,1,3,3,"3:0:2 13:2:2 17:1:1",13,2,2,1,1,13,4,"1:1:2 3:0:1 11:1:2 17:2:2"
OO_WM,17,34,"17:0:1 17:2:2",17,0,1,4,3,"4:0:2 12:2:2 17:1:1",4,0,2,2,1,10,4,"1:1:2 2:0:2 12:1:1 17:2:2"
OO_WM,17,34,"17:0:1 17:2:2",17,0,1,5,3,"5:0:2 11:2:2 17:1:1",5,0,2,2,2,4,4,"2:0:2 2:1:2 11:1:1 17:2:2"
OO_WM,17,34,"17:0:1 17:2:2",17,0,1,6,3,"6:0:2 10:2:2 17:1:1",10,2,2,1,1,11,4,"1:1:2 6:0:1 8:1:2 17:2:2"
OO_WM,17,34,"17:0:1 17:2:2",17,0,1,7,3,"7:0:2 9:2:2 17:1:1",7,0,2,2,2,4,4,"2:0:2 4:1:2 9:1:1 17:2:2"
OO_WM,17,34,"17:0:1 17:2:2",17,0,1,8,3,"8:0:2 8:2:2 17:1:1",8,0,2,2,2,4,4,"2:0:2 5:1:2 8:1:1 17:2:2"
OO_WM,17,34,"17:0:1 17:2:2",17,0,1,9,3,"7:2:2 9:0:2 17:1:1",9,0,2,2,2,5,4,"2:0:2 6:1:2 7:1:1 17:2:2"
OO_WM,17,34,"17:0:1 17:2:2",17,0,1,10,3,"6:2:2 10:0:2 17:1:1",10,0,2,2,2,6,4,"2:0:2 6:1:1 7:1:2 17:2:2"
OO_WM,17,34,"17:0:1 17:2:2",17,0,1,11,3,"5:2:2 11:0:2 17:1:1",11,0,2,2,2,4,4,"2:0:2 5:1:1 8:1:2 17:2:2"
OO_WM,17,34,"17:0:1 17:2:2",17,0,1,12,3,"4:2:2 12:0:2 17:1:1",12,0,2,2,2,4,4,"2:0:2 4:1:1 9:1:2 17:2:2"
OO_WM,17,34,"17:0:1 17:2:2",17,0,1,13,3,"3:2:2 13:0:2 17:1:1",13,0,2,1,1,18,4,"1:0:2 3:1:1 11:1:2 17:2:2"
OO_WM,17,34,"17:0:1 17:2:2",17,0,1,14,3,"2:2:2 14:0:2 17:1:1",14,0,2,2,2,4,4,"2:0:2 2:1:1 11:1:2 17:2:2"
OO_WM,17,34,"17:0:1 17:2:2",17,0,1,15,3,"1:2:2 15:0:2 17:1:1",15,0,2,1,1,19,4,"1:0:2 1:1:1 13:1:2 17:2:2"
OO_WM,17,34,"17:0:1 17:2:2",17,0,1,16,2,"16:0:2 17:1:1",17,1,1,0,0,23,2,"16:0:1 16:2:2"
OO_WM,17,34,"17:0:1 17:2:2",17,2,2,1,3,"1:1:2 15:1:2 17:0:2",17,0,2,1,1,4,4,"1:0:2 1:1:2 15:1:2 15:1:2"
OO_WM,17,34,"17:0:1 17:2:2",17,2,2,2,3,"2:1:2 14:1:2 17:0:2",14,1,2,2,2,4,4,"2:1:2 2:2:2 11:1:2 17:0:1"
OO_WM,17,34,"17:0:1 17:2:2",17,2,2,3,3,"3:1:2 13:1:2 17:0:2",13,1,2,2,2,5,4,"2:2:2 3:1:2 10:1:2 17:0:1"
OO_WM,17,34,"17:0:1 17:2:2",17,2,2,4,3,"4:1:2 12:1:2 17:0:2",4,1,2,2,1,8,4,"1:1:2 2:2:2 12:1:2 17:0:1"
OO_WM,17,34,"17:0:1 17:2:2",17,2,2,5,3,"5:1:2 11:1:2 17:0:2",5,1,2,2,2,7,4,"2:1:2 2:2:2 11:1:2 17:0:1"
OO_WM,17,34,"17:0:1 17:2:2",17,2,2,6,3,"6:1:2 10:1:2 17:0:2",6,1,2,2,2,6,4,"2:2:2 3:1:2 10:1:2 17:0:1"
OO_WM,17,34,"17:0:1 17:2:2",17,2,2,7,3,"7:1:2 9:1:2 17:0:2",7,1,2,2,2,8,4,"2:2:2 4:1:2 9:1:2 17:0:1"
OO_WM,17,34,"17:0:1 17:2:2",17,2,2,8,3,"8:1:2 8:1:2 17:0:2",8,1,2,2,2,4,4,"2:2:2 5:1:2 8:1:2 17:0:1"
OO_WM_PLUS,17,35,"17:2:2 18:0:1",17,2,2,1,3,"1:1:2 15:1:2 18:0:2",18,0,2,16,1,10,4,"1:1:2 1:1:2 15:1:2 16:0:2"
OO_WM_PLUS,17,35,"17:2:2 18:0:1",17,2,2,2,3,"2:1:2 14:1:2 18:0:2",14,1,2,12,1,7,4,"1:1:2 2:1:2 12:2:2 18:0:1"
OO_WM_PLUS,17,35,"17:2:2 18:0:1",17,2,2,3,3,"3:1:2 13:1:2 18:0:2",13,1,2,2,2,4,4,"2:2:2 3:1:2 10:1:2 18:0:1"
OO_WM_PLUS,17,35,"17:2:2 18:0:1",17,2,2,4,3,"4:1:2 12:1:2 18:0:2",4,1,2,2,1,11,4,"1:1:2 2:2:2 12:1:2 18:0:1"
OO_WM_PLUS,17,35,"17:2:2 18:0:1",17,2,2,5,3,"5:1:2 11:1:2 18:0:2",11,1,2,9,1,4,4,"1:1:2 5:1:2 9:2:2 18:0:1"
OO_WM_PLUS,17,35,"17:2:2 18:0:1",17,2,2,6,3,"6:1:2 10:1:2 18:0:2",18,0,2,16,1,12,4,"1:1:2 6:1:2 10:1:2 16:0:2"
OO_WM_PLUS,17,35,"17:2:2 18:0:1",17,2,2,7,3,"7:1:2 9:1:2 18:0:2",18,0,2,16,1,9,4,"1:1:2 7:1:2 9:1:2 16:0:2"
OO_WM_PLUS,17,35,"17:2:2 18:0:1",17,2,2,8,3,"8:1:2 8:1:2 18:0:2",18,0,2,9,8,1,4,"8:1:2 8:1:2 8:1:2 9:0:2"
OO_WM_PLUS,17,35,"17:2:2 18:0:1",18,0,1,1,3,"1:0:2 16:2:2 17:1:1",17,1,1,0,0,16,3,"1:0:1 16:1:1 16:2:2"
OO_WM_PLUS,17,35,"17:2:2 18:0:1",18,0,1,2,3,"2:0:2 15:2:2 17:1:1",15,2,2,1,1,12,4,"1:1:2 2:0:1 13:1:2 17:2:2"
OO_WM_PLUS,17,35,"17:2:2 18:0:1",18,0,1,3,3,"3:0:2 14:2:2 17:1:1",14,2,2,1,1,12,4,"1:1:2 3:0:1 12:1:2 17:2:2"
OO_WM_PLUS,17,35,"17:2:2 18:0:1",18,0,1,4,3,"4:0:2 13:2:2 17:1:1",13,2,2,1,1,13,4,"1:1:2 4:0:1 11:1:2 17:2:2"
OO_WM_PLUS,17,35,"17:2:2 18:0:1",18,0,1,5,3,"5:0:2 12:2:2 17:1:1",17,1,1,2,2,2,4,"2:2:2 5:0:1 12:1:1 14:2:2"
OO_WM_PLUS,17,35,"17:2:2 18:0:1",18,0,1,6,3,"6:0:2 11:2:2 17:1:1",11,2,2,1,1,8,4,"1:1:2 6:0:1 9:1:2 17:2:2"
OO_WM_PLUS,17,35,"17:2:2 18:0:1",18,0,1,7,3,"7:0:2 10:2:2 17:1:1",7,0,2,5,1,8,4,"1:1:2 5:0:2 10:1:1 17:2:2"
OO_WM_PLUS,17,35,"17:2:2 18:0:1",18,0,1,8,3,"8:0:2 9:2:2 17:1:1",17,1,1,2,2,3,4,"2:2:2 8:0:1 9:1:1 14:2:2"
OO_WM_PLUS,17,35,"17:2:2 18:0:1",18,0,1,9,3,"8:2:2 9:0:2 17:1:1",8,2,2,1,1,6,4,"1:1:2 6:1:2 9:0:1 17:2:2"
OO_WM_PLUS,17,35,"17:2:2 18:0:1",18,0,1,10,3,"7:2:2 10:0:2 17:1:1",10,0,2,7,2,7,4,"2:1:2 7:0:2 7:1:1 17:2:2"
OO_WM_PLUS,17,35,"17:2:2 18:0:1",18,0,1,11,3,"6:2:2 11:0:2 17:1:1",11,0,2,9,1,10,4,"1:1:2 6:1:1 9:0:2 17:2:2"
OO_WM_PLUS,17,35,"17:2:2 18:0:1",18,0,1,12,3,"5:2:2 12:0:2 17:1:1",5,2,2,1,1,5,4,"1:1:2 3:1:2 12:0:1 17:2:2"
OO_WM_PLUS,17,35,"17:2:2 18:0:1",18,0,1,13,3,"4:2:2 13:0:2 17:1:1",13,0,2,11,1,9,4,"1:1:2 4:1:1 11:0:2 17:2:2"
OO_WM_PLUS,17,35,"17:2:2 18:0:1",18,0,1,14,3,"3:2:2 14:0:2 17:1:1",14,0,2,12,1,19,4,"1:1:2 3:1:1 12:0:2 17:2:2"
OO_WM_PLUS,17,35,"17:2:2 18:0:1",18,0,1,15,3,"2:2:2 15:0:2 17:1:1",17,1,1,2,2,1,4,"2:1:1 2:2:2 14:2:2 15:0:1"
OO_WM_PLUS,17,35,"17:2:2 18:0:1",18,0,1,16,3,"1:2:2 16:0:2 17:1:1",16,0,2,14,1,20,4,"1:1:1 1:1:2 14:0:2 17:2:2"
OO_WM_PLUS,17,35,"17:2:2 18:0:1",18,0,1,17,2,"17:0:2 17:1:1",17,1,1,0,0,23,2,"16:2:2 17:0:1"
WO_MO,17,34,"17:0:2 17:1:2",17,0,2,1,3,"1:0:2 15:1:2 17:1:2",15,1,2,13,1,25,4,"1:0:1 1:1:2 13:2:2 17:1:2"
WO_MO,17,34,"17:0:2 17:1:2",17,0,2,2,3,"2:0:2 14:1:2 17:1:2",17,1,2,2,2,1,4,"2:0:1 2:2:2 14:1:2 14:1:2"
WO_MO,17,34,"17:0:2 17:1:2",17,0,2,3,3,"3:0:2 13:1:2 17:1:2",13,1,2,11,1,20,4,"1:1:2 3:0:1 11:2:2 17:1:2"
WO_MO,17,34,"17:0:2 17:1:2",17,0,2,4,3,"4:0:2 12:1:2 17:1:2",4,0,2,2,1,22,4,"1:1:2 2:0:2 12:1:2 17:1:2"
WO_MO,17,34,"17:0:2 17:1:2",17,0,2,5,3,"5:0:2 11:1:2 17:1:2",5,0,2,2,2,3,4,"2:0:2 2:1:2 11:1:2 17:1:2"
WO_MO,17,34,"17:0:2 17:1:2",17,0,2,6,3,"6:0:2 10:1:2 17:1:2",10,1,2,8,1,18,4,"1:1:2 6:0:1 8:2:2 17:1:2"
WO_MO,17,34,"17:0:2 17:1:2",17,0,2,7,3,"7:0:2 9:1:2 17:1:2",17,1,2,15,1,9,4,"1:1:2 7:0:1 9:1:2 15:2:2"
WO_MO,17,34,"17:0:2 17:1:2",17,0,2,8,3,"8:0:2 8:1:2 17:1:2",8,0,2,2,2,4,4,"2:0:2 5:1:2 8:1:2 17:1:2"
WO_MO,17,34,"17:0:2 17:1:2",17,0,2,9,3,"7:1:2 9:0:2 17:1:2",7,1,2,5,1,7,4,"1:1:2 5:2:2 9:0:1 17:1:2"
WO_MO,17,34,"17:0:2 17:1:2",17,0,2,10,3,"6:1:2 10:0:2 17:1:2",6,1,2,2,2,5,4,"2:2:2 3:1:2 10:0:1 17:1:2"
WO_MO,17,34,"17:0:2 17:1:2",17,0,2,11,3,"5:1:2 11:0:2 17:1:2",11,0,2,2,2,5,4,"2:0:2 5:1:2 8:1:2 17:1:2"
WO_MO,17,34,"17:0:2 17:1:2",17,0,2,12,3,"4:1:2 12:0:2 17:1:2",4,1,2,2,1,6,4,"1:1:2 2:2:2 12:0:1 17:1:2"
WO_MO,17,34,"17:0:2 17:1:2",17,0,2,13,3,"3:1:2 13:0:2 17:1:2",13,0,2,2,2,4,4,"2:0:2 3:1:2 10:1:2 17:1:2"
WO_MO,17,34,"17:0:2 17:1:2",17,0,2,14,3,"2:1:2 14:0:2 17:1:2",14,0,2,2,2,6,4,"2:0:2 2:1:2 11:1:2 17:1:2"
WO_MO,17,34,"17:0:2 17:1:2",17,0,2,15,3,"1:1:2 15:0:2 17:1:2",17,1,2,15,1,4,4,"1:1:2 1:1:2 15:0:1 15:2:2"
WO_MO,17,34,"17:0:2 17:1:2",17,1,2,0,2,"16:1:2 17:0:1",17,0,1,16,0,29,2,"16:0:2 16:1:2"
WO_MO,17,34,"17:0:2 17:1:2",17,1,2,1,3,"1:2:2 15:1:2 17:0:1",15,1,2,13,1,25,4,"1:1:1 1:1:2 13:2:2 17:0:2"
WO_MO,17,34,"17:0:2 17:1:2",17,1,2,2,3,"2:2:2 14:1:2 17:0:1",14,1,2,2,2,3,4,"2:1:1 2:2:2 11:1:2 17:0:2"
WO_MO,17,34,"17:0:2 17:1:2",17,1,2,3,3,"3:2:2 13:1:2 17:0:1",13,1,2,11,1,22,4,"1:1:2 3:1:1 11:2:2 17:0:2"
WO_MO,17,34,"17:0:2 17:1:2",17,1,2,4,3,"4:2:2 12:1:2 17:0:1",17,0,1,1,1,10,4,"1:0:2 4:1:1 12:1:2 15:2:2"
WO_MO,17,34,"17:0:2 17:1:2",17,1,2,5,3,"5:2:2 11:1:2 17:0:1",5,2,2,2,2,5,4,"2:1:2 2:1:2 11:1:2 17:0:2"
WO_MO,17,34,"17:0:2 17:1:2",17,1,2,6,3,"6:2:2 10:1:2 17:0:1",10,1,2,8,1,7,4,"1:1:2 6:1:1 8:2:2 17:0:2"
WO_MO,17,34,"17:0:2 17:1:2",17,1,2,7,3,"7:2:2 9:1:2 17:0:1",9,1,2,2,2,4,4,"2:2:2 6:1:2 7:1:1 17:0:2"
WO_MO,17,34,"17:0:2 17:1:2",17,1,2,8,3,"8:1:2 8:2:2 17:0:1",8,1,2,2,2,5,4,"2:2:2 5:1:2 8:1:1 17:0:2"
WO_MO,17,34,"17:0:2 17:1:2",17,1,2,9,3,"7:1:2 9:2:2 17:0:1",7,1,2,2,2,4,4,"2:2:2 4:1:2 9:1:1 17:0:2"
WO_MO,17,34,"17:0:2 17:1:2",17,1,2,10,3,"6:1:2 10:2:2 17:0:1",6,1,2,2,2,3,4,"2:2:2 3:1:2 10:1:1 17:0:2"
WO_MO,17,34,"17:0:2 17:1:2",17,1,2,11,3,"5:1:2 11:2:2 17:0:1",5,1,2,2,2,6,4,"2:1:2 2:2:2 11:1:1 17:0:2"
WO_MO,17,34,"17:0:2 17:1:2",17,1,2,12,3,"4:1:2 12:2:2 17:0:1",4,1,2,2,1,3,4,"1:1:2 2:2:2 12:1:1 17:0:2"
WO_MO,17,34,"17:0:2 17:1:2",17,1,2,13,3,"3:1:2 13:2:2 17:0:1",17,0,1,2,2,2,4,"2:0:2 3:1:2 13:1:1 14:2:2"
WO_MO,17,34,"17:0:2 17:1:2",17,1,2,14,3,"2:1:2 14:2:2 17:0:1",14,2,2,2,2,3,4,"2:1:2 2:1:2 11:1:2 17:0:2"
WO_MO,17,34,"17:0:2 17:1:2",17,1,2,15,3,"1:1:2 15:2:2 17:0:1",17,0,1,1,1,2,4,"1:0:2 1:1:2 15:1:1 15:2:2"
WO_PLUS_MO,17,35,"17:1:2 18:0:2",17,1,2,0,2,"16:1:2 18:0:1",18,0,1,17,0,31,2,"16:1:2 17:0:2"
WO_PLUS_MO,17,35,"17:1:2 18:0:2",17,1,2,1,3,"1:2:2 15:1:2 18:0:1",15,1,2,13,1,25,4,"1:1:1 1:1:2 13:2:2 18:0:2"
WO_PLUS_MO,17,35,"17:1:2 18:0:2",17,1,2,2,3,"2:2:2 14:1:2 18:0:1",18,0,1,15,2,3,4,"2:1:1 2:2:2 14:1:2 15:0:2"
WO_PLUS_MO,17,35,"17:1:2 18:0:2",17,1,2,3,3,"3:2:2 13:1:2 18:0:1",13,1,2,11,1,23,4,"1:1:2 3:1:1 11:2:2 18:0:2"
WO_PLUS_MO,17,35,"17:1:2 18:0:2",17,1,2,4,3,"4:2:2 12:1:2 18:0:1",4,2,2,1,1,18,4,"1:1:2 2:1:2 12:1:2 18:0:2"
WO_PLUS_MO,17,35,"17:1:2 18:0:2",17,1,2,5,3,"5:2:2 11:1:2 18:0:1",11,1,2,9,1,4,4,"1:1:2 5:1:1 9:2:2 18:0:2"
WO_PLUS_MO,17,35,"17:1:2 18:0:2",17,1,2,6,3,"6:2:2 10:1:2 18:0:1",6,2,2,1,1,17,4,"1:1:2 4:1:2 10:1:2 18:0:2"
WO_PLUS_MO,17,35,"17:1:2 18:0:2",17,1,2,7,3,"7:2:2 9:1:2 18:0:1",7,2,2,1,1,10,4,"1:1:2 5:1:2 9:1:2 18:0:2"
WO_PLUS_MO,17,35,"17:1:2 18:0:2",17,1,2,8,3,"8:1:2 8:2:2 18:0:1",8,2,2,1,1,6,4,"1:1:2 6:1:2 8:1:2 18:0:2"
WO_PLUS_MO,17,35,"17:1:2 18:0:2",17,1,2,9,3,"7:1:2 9:2:2 18:0:1",7,1,2,2,2,7,4,"2:2:2 4:1:2 9:1:1 18:0:2"
WO_PLUS_MO,17,35,"17:1:2 18:0:2",17,1,2,10,3,"6:1:2 10:2:2 18:0:1",10,2,2,1,1,11,4,"1:1:2 6:1:2 8:1:2 18:0:2"
WO_PLUS_MO,17,35,"17:1:2 18:0:2",17,1,2,11,3,"5:1:2 11:2:2 18:0:1",11,2,2,1,1,10,4,"1:1:2 5:1:2 9:1:2 18:0:2"
WO_PLUS_MO,17,35,"17:1:2 18:0:2",17,1,2,12,3,"4:1:2 12:2:2 18:0:1",4,1,2,2,1,8,4,"1:1:2 2:2:2 12:1:1 18:0:2"
WO_PLUS_MO,17,35,"17:1:2 18:0:2",17,1,2,13,3,"3:1:2 13:2:2 18:0:1",13,2,2,2,2,9,4,"2:1:2 3:1:2 10:1:2 18:0:2"
WO_PLUS_MO,17,35,"17:1:2 18:0:2",17,1,2,14,3,"2:1:2 14:2:2 18:0:1",14,2,2,1,1,11,4,"1:1:2 2:1:2 12:1:2 18:0:2"
WO_PLUS_MO,17,35,"17:1:2 18:0:2",17,1,2,15,3,"1:1:2 15:2:2 18:0:1",15,2,2,2,2,10,4,"1:1:2 2:1:2 12:1:2 18:0:2"
WO_PLUS_MO,17,35,"17:1:2 18:0:2",18,0,2,1,3,"1:0:2 16:1:2 17:1:2",17,1,2,0,0,29,3,"1:0:1 16:1:2 16:1:2"
WO_PLUS_MO,17,35,"17:1:2 18:0:2",18,0,2,2,3,"2:0:2 15:1:2 17:1:2",15,1,2,13,1,25,4,"1:1:2 2:0:1 13:2:2 17:1:2"
WO_PLUS_MO,17,35,"17:1:2 18:0:2",18,0,2,3,3,"3:0:2 14:1:2 17:1:2",14,1,2,12,1,22,4,"1:1:2 3:0:1 12:2:2 17:1:2"
WO_PLUS_MO,17,35,"17:1:2 18:0:2",18,0,2,4,3,"4:0:2 13:1:2 17:1:2",13,1,2,11,1,20,4,"1:1:2 4:0:1 11:2:2 17:1:2"
WO_PLUS_MO,17,35,"17:1:2 18:0:2",18,0,2,5,3,"5:0:2 12:1:2 17:1:2",17,1,2,15,1,6,4,"1:1:2 5:0:1 12:1:2 15:2:2"
WO_PLUS_MO,17,35,"17:1:2 18:0:2",18,0,2,6,3,"6:0:2 11:1:2 17:1:2",11,1,2,9,1,11,4,"1:1:2 6:0:1 9:2:2 17:1:2"
WO_PLUS_MO,17,35,"17:1:2 18:0:2",18,0,2,7,3,"7:0:2 10:1:2 17:1:2",7,0,2,5,1,11,4,"1:1:2 5:0:2 10:1:2 17:1:2"
WO_PLUS_MO,17,35,"17:1:2 18:0:2",18,0,2,8,3,"8:0:2 9:1:2 17:1:2",17,1,2,15,1,8,4,"1:1:2 8:0:1 9:1:2 15:2:2"
WO_PLUS_MO,17,35,"17:1:2 18:0:2",18,0,2,9,3,"8:1:2 9:0:2 17:1:2",8,1,2,2,2,8,4,"2:2:2 5:1:2 9:0:1 17:1:2"
WO_PLUS_MO,17,35,"17:1:2 18:0:2",18,0,2,10,3,"7:1:2 10:0:2 17:1:2",10,0,2,8,1,7,4,"1:1:2 7:1:2 8:0:2 17:1:2"
WO_PLUS_MO,17,35,"17:1:2 18:0:2",18,0,2,11,3,"6:1:2 11:0:2 17:1:2",17,1,2,15,1,10,4,"1:1:2 6:1:2 11:0:1 15:2:2"
WO_PLUS_MO,17,35,"17:1:2 18:0:2",18,0,2,12,3,"5:1:2 12:0:2 17:1:2",12,0,2,10,1,13,4,"1:1:2 5:1:2 10:0:2 17:1:2"
WO_PLUS_MO,17,35,"17:1:2 18:0:2",18,0,2,13,3,"4:1:2 13:0:2 17:1:2",4,1,2,2,1,7,4,"1:1:2 2:2:2 13:0:1 17:1:2"
WO_PLUS_MO,17,35,"17:1:2 18:0:2",18,0,2,14,3,"3:1:2 14:0:2 17:1:2",17,1,2,15,1,7,4,"1:1:2 3:1:2 14:0:1 15:2:2"
WO_PLUS_MO,17,35,"17:1:2 18:0:2",18,0,2,15,3,"2:1:2 15:0:2 17:1:2",17,1,2,15,1,12,4,"1:1:2 2:1:2 15:0:1 15:2:2"
WO_PLUS_MO,17,35,"17:1:2 18:0:2",18,0,2,16,3,"1:1:2 16:0:2 17:1:2",17,1,2,15,1,8,4,"1:1:2 1:1:2 15:2:2 16:0:1"
MO_MO,18,36,"18:1:2 18:1:2",18,1,2,0,2,"17:1:2 18:1:2",18,1,2,0,0,31,2,"17:1:2 17:1:2"
MO_MO,18,36,"18:1:2 18:1:2",18,1,2,1,3,"1:2:2 16:1:2 18:1:2",16,1,2,14,1,24,4,"1:1:1 1:1:2 14:2:2 18:1:2"
MO_MO,18,36,"18:1:2 18:1:2",18,1,2,2,3,"2:2:2 15:1:2 18:1:2",18,1,2,2,2,1,4,"2:1:1 2:2:2 15:1:2 15:1:2"
MO_MO,18,36,"18:1:2 18:1:2",18,1,2,3,3,"3:2:2 14:1:2 18:1:2",18,1,2,16,1,21,4,"1:1:2 3:1:1 14:1:2 16:2:2"
MO_MO,18,36,"18:1:2 18:1:2",18,1,2,4,3,"4:2:2 13:1:2 18:1:2",13,1,2,2,2,2,4,"2:2:2 4:1:1 10:1:2 18:1:2"
MO_MO,18,36,"18:1:2 18:1:2",18,1,2,5,3,"5:2:2 12:1:2 18:1:2",18,1,2,5,5,1,4,"5:1:1 5:2:2 12:1:2 12:1:2"
MO_MO,18,36,"18:1:2 18:1:2",18,1,2,6,3,"6:2:2 11:1:2 18:1:2",11,1,2,2,2,2,4,"2:2:2 6:1:1 8:1:2 18:1:2"
MO_MO,18,36,"18:1:2 18:1:2",18,1,2,7,3,"7:2:2 10:1:2 18:1:2",18,1,2,7,7,1,4,"7:1:1 7:2:2 10:1:2 10:1:2"
MO_MO,18,36,"18:1:2 18:1:2",18,1,2,8,3,"8:2:2 9:1:2 18:1:2",18,1,2,2,2,2,4,"2:2:2 8:1:1 9:1:2 15:1:2"
MO_MO,18,36,"18:1:2 18:1:2",18,1,2,9,3,"8:1:2 9:2:2 18:1:2",18,1,2,9,8,1,4,"8:1:2 8:1:2 9:1:1 9:2:2"
MO_MO,18,36,"18:1:2 18:1:2",18,1,2,10,3,"7:1:2 10:2:2 18:1:2",18,1,2,10,7,1,4,"7:1:2 7:1:2 10:1:1 10:2:2"
MO_MO,18,36,"18:1:2 18:1:2",18,1,2,11,3,"6:1:2 11:2:2 18:1:2",18,1,2,2,2,3,4,"2:2:2 6:1:2 11:1:1 15:1:2"
MO_MO,18,36,"18:1:2 18:1:2",18,1,2,12,3,"5:1:2 12:2:2 18:1:2",18,1,2,2,2,2,4,"2:2:2 5:1:2 12:1:1 15:1:2"
MO_MO,18,36,"18:1:2 18:1:2",18,1,2,13,3,"4:1:2 13:2:2 18:1:2",18,1,2,13,4,1,4,"4:1:2 4:1:2 13:1:1 13:2:2"
MO_MO,18,36,"18:1:2 18:1:2",18,1,2,14,3,"3:1:2 14:2:2 18:1:2",18,1,2,14,3,1,4,"3:1:2 3:1:2 14:1:1 14:2:2"
MO_MO,18,36,"18:1:2 18:1:2",18,1,2,15,3,"2:1:2 15:2:2 18:1:2",18,1,2,2,2,2,4,"2:1:2 2:2:2 15:1:1 15:1:2"
MO_MO,18,36,"18:1:2 18:1:2",18,1,2,16,3,"1:1:2 16:2:2 18:1:2",18,1,2,16,1,1,4,"1:1:2 1:1:2 16:1:1 16:2:2"
OO_MM,18,36,"18:1:1 18:2:2",18,1,1,0,2,"17:2:2 18:1:1",18,1,1,0,0,17,2,"17:1:1 17:2:2"
OO_MM,18,36,"18:1:1 18:2:2",18,1,1,1,3,"1:2:2 16:2:2 18:1:1",16,2,2,1,1,12,4,"1:1:1 1:1:2 14:1:2 18:2:2"
OO_MM,18,36,"18:1:1 18:2:2",18,1,1,2,3,"2:2:2 15:2:2 18:1:1",18,1,1,2,2,1,4,"2:1:1 2:2:2 15:1:1 15:2:2"
OO_MM,18,36,"18:1:1 18:2:2",18,1,1,3,3,"3:2:2 14:2:2 18:1:1",14,2,2,2,2,8,4,"2:1:2 3:1:1 11:1:2 18:2:2"
OO_MM,18,36,"18:1:1 18:2:2",18,1,1,4,3,"4:2:2 13:2:2 18:1:1",18,1,1,2,2,4,4,"2:2:2 4:1:1 13:1:1 15:2:2"
OO_MM,18,36,"18:1:1 18:2:2",18,1,1,5,3,"5:2:2 12:2:2 18:1:1",18,1,1,2,2,2,4,"2:2:2 5:1:1 12:1:1 15:2:2"
OO_MM,18,36,"18:1:1 18:2:2",18,1,1,6,3,"6:2:2 11:2:2 18:1:1",18,1,1,2,2,5,4,"2:2:2 6:1:1 11:1:1 15:2:2"
OO_MM,18,36,"18:1:1 18:2:2",18,1,1,7,3,"7:2:2 10:2:2 18:1:1",18,1,1,7,7,1,4,"7:1:1 7:2:2 10:1:1 10:2:2"
OO_MM,18,36,"18:1:1 18:2:2",18,1,1,8,3,"8:2:2 9:2:2 18:1:1",18,1,1,2,2,3,4,"2:2:2 8:1:1 9:1:1 15:2:2"
OO_MM,18,36,"18:1:1 18:2:2",18,2,2,1,3,"1:1:2 16:1:2 18:2:2",18,2,2,1,1,1,4,"1:1:2 1:1:2 16:1:2 16:1:2"
OO_MM,18,36,"18:1:1 18:2:2",18,2,2,2,3,"2:1:2 15:1:2 18:2:2",18,2,2,2,2,1,4,"2:1:2 2:1:2 15:1:2 15:1:2"
OO_MM,18,36,"18:1:1 18:2:2",18,2,2,3,3,"3:1:2 14:1:2 18:2:2",18,2,2,3,3,1,4,"3:1:2 3:1:2 14:1:2 14:1:2"
OO_MM,18,36,"18:1:1 18:2:2",18,2,2,4,3,"4:1:2 13:1:2 18:2:2",13,1,2,2,2,2,4,"2:2:2 4:1:2 10:1:2 18:1:1"
OO_MM,18,36,"18:1:1 18:2:2",18,2,2,5,3,"5:1:2 12:1:2 18:2:2",18,2,2,5,5,1,4,"5:1:2 5:1:2 12:1:2 12:1:2"
OO_MM,18,36,"18:1:1 18:2:2",18,2,2,6,3,"6:1:2 11:1:2 18:2:2",18,2,2,6,6,1,4,"6:1:2 6:1:2 11:1:2 11:1:2"
OO_MM,18,36,"18:1:1 18:2:2",18,2,2,7,3,"7:1:2 10:1:2 18:2:2",7,1,2,2,2,3,4,"2:2:2 4:1:2 10:1:2 18:1:1"
OO_MM,18,36,"18:1:1 18:2:2",18,2,2,8,3,"8:1:2 9:1:2 18:2:2",18,2,2,8,8,1,4,"8:1:2 8:1:2 9:1:2 9:1:2"
OO_WM,18,36,"18:0:1 18:2:2",18,0,1,1,3,"1:0:2 16:2:2 18:1:1",16,2,2,1,1,12,4,"1:0:1 1:1:2 14:1:2 18:2:2"
OO_WM,18,36,"18:0:1 18:2:2",18,0,1,2,3,"2:0:2 15:2:2 18:1:1",18,1,1,2,2,1,4,"2:0:1 2:2:2 15:1:1 15:2:2"
OO_WM,18,36,"18:0:1 18:2:2",18,0,1,3,3,"3:0:2 14:2:2 18:1:1",14,2,2,2,2,8,4,"2:1:2 3:0:1 11:1:2 18:2:2"
OO_WM,18,36,"18:0:1 18:2:2",18,0,1,4,3,"4:0:2 13:2:2 18:1:1",4,0,2,2,1,11,4,"1:1:2 2:0:2 13:1:1 18:2:2"
OO_WM,18,36,"18:0:1 18:2:2",18,0,1,5,3,"5:0:2 12:2:2 18:1:1",5,0,2,2,2,3,4,"2:0:2 2:1:2 12:1:1 18:2:2"
OO_WM,18,36,"18:0:1 18:2:2",18,0,1,6,3,"6:0:2 11:2:2 18:1:1",6,0,2,2,2,8,4,"2:0:2 3:1:2 11:1:1 18:2:2"
OO_WM,18,36,"18:0:1 18:2:2",18,0,1,7,3,"7:0:2 10:2:2 18:1:1",10,2,2,1,1,8,4,"1:1:2 7:0:1 8:1:2 18:2:2"
OO_WM,18,36,"18:0:1 18:2:2",18,0,1,8,3,"8:0:2 9:2:2 18:1:1",8,0,2,2,2,4,4,"2:0:2 5:1:2 9:1:1 18:2:2"
OO_WM,18,36,"18:0:1 18:2:2",18,0,1,9,3,"8:2:2 9:0:2 18:1:1",8,2,2,2,2,5,4,"2:1:2 5:1:2 9:0:1 18:2:2"
OO_WM,18,36,"18:0:1 18:2:2",18,0,1,10,3,"7:2:2 10:0:2 18:1:1",10,0,2,2,2,3,4,"2:0:2 7:1:1 7:1:2 18:2:2"
OO_WM,18,36,"18:0:1 18:2:2",18,0,1,11,3,"6:2:2 11:0:2 18:1:1",11,0,2,2,2,7,4,"2:0:2 6:1:1 8:1:2 18:2:2"
OO_WM,18,36,"18:0:1 18:2:2",18,0,1,12,3,"5:2:2 12:0:2 18:1:1",12,0,2,2,2,3,4,"2:0:2 5:1:1 9:1:2 18:2:2"
OO_WM,18,36,"18:0:1 18:2:2",18,0,1,13,3,"4:2:2 13:0:2 18:1:1",13,0,2,11,1,9,4,"1:1:2 4:1:1 11:0:2 18:2:2"
OO_WM,18,36,"18:0:1 18:2:2",18,0,1,14,3,"3:2:2 14:0:2 18:1:1",14,0,2,2,2,10,4,"2:0:2 3:1:1 11:1:2 18:2:2"
OO_WM,18,36,"18:0:1 18:2:2",18,0,1,15,3,"2:2:2 15:0:2 18:1:1",15,0,2,2,2,2,4,"2:0:2 2:1:1 12:1:2 18:2:2"
OO_WM,18,36,"18:0:1 18:2:2",18,0,1,16,3,"1:2:2 16:0:2 18:1:1",16,0,2,1,1,17,4,"1:0:2 1:1:1 14:1:2 18:2:2"
OO_WM,18,36,"18:0:1 18:2:2",18,0,1,17,2,"17:0:2 18:1:1",18,1,1,0,0,24,2,"17:0:1 17:2:2"
OO_WM,18,36,"18:0:1 18:2:2",18,2,2,1,3,"1:1:2 16:1:2 18:0:2",18,0,2,1,1,5,4,"1:0:2 1:1:2 16:1:2 16:1:2"
OO_WM,18,36,"18:0:1 18:2:2",18,2,2,2,3,"2:1:2 15:1:2 18:0:2",15,1,2,2,2,4,4,"2:1:2 2:2:2 12:1:2 18:0:1"
OO_WM,18,36,"18:0:1 18:2:2",18,2,2,3,3,"3:1:2 14:1:2 18:0:2",14,1,2,2,2,4,4,"2:2:2 3:1:2 11:1:2 18:0:1"
OO_WM,18,36,"18:0:1 18:2:2",18,2,2,4,3,"4:1:2 13:1:2 18:0:2",4,1,2,2,1,6,4,"1:1:2 2:2:2 13:1:2 18:0:1"
OO_WM,18,36,"18:0:1 18:2:2",18,2,2,5,3,"5:1:2 12:1:2 18:0:2",5,1,2,2,2,7,4,"2:1:2 2:2:2 12:1:2 18:0:1"
OO_WM,18,36,"18:0:1 18:2:2",18,2,2,6,3,"6:1:2 11:1:2 18:0:2",6,1,2,2,2,6,4,"2:2:2 3:1:2 11:1:2 18:0:1"
OO_WM,18,36,"18:0:1 18:2:2",18,2,2,7,3,"7:1:2 10:1:2 18:0:2",7,1,2,5,1,7,4,"1:1:2 5:2:2 10:1:2 18:0:1"
OO_WM,18,36,"18:0:1 18:2:2",18,2,2,8,3,"8:1:2 9:1:2 18:0:2",8,1,2,2,2,7,4,"2:2:2 5:1:2 9:1:2 18:0:1"
OO_WM_PLUS,18,37,"18:2:2 19:0:1",18,2,2,1,3,"1:1:2 16:1:2 19:0:2",19,0,2,17,1,6,4,"1:1:2 1:1:2 16:1:2 17:0:2"
OO_WM_PLUS,18,37,"18:2:2 19:0:1",18,2,2,2,3,"2:1:2 15:1:2 19:0:2",15,1,2,13,1,12,4,"1:1:2 2:1:2 13:2:2 19:0:1"
OO_WM_PLUS,18,37,"18:2:2 19:0:1",18,2,2,3,3,"3:1:2 14:1:2 19:0:2",14,1,2,2,2,9,4,"2:2:2 3:1:2 11:1:2 19:0:1"
OO_WM_PLUS,18,37,"18:2:2 19:0:1",18,2,2,4,3,"4:1:2 13:1:2 19:0:2",4,1,2,2,1,5,4,"1:1:2 2:2:2 13:1:2 19:0:1"
OO_WM_PLUS,18,37,"18:2:2 19:0:1",18,2,2,5,3,"5:1:2 12:1:2 19:0:2",5,1,2,2,2,8,4,"2:1:2 2:2:2 12:1:2 19:0:1"
OO_WM_PLUS,18,37,"18:2:2 19:0:1",18,2,2,6,3,"6:1:2 11:1:2 19:0:2",6,1,2,2,2,8,4,"2:2:2 3:1:2 11:1:2 19:0:1"
OO_WM_PLUS,18,37,"18:2:2 19:0:1",18,2,2,7,3,"7:1:2 10:1:2 19:0:2",7,1,2,5,1,7,4,"1:1:2 5:2:2 10:1:2 19:0:1"
OO_WM_PLUS,18,37,"18:2:2 19:0:1",18,2,2,8,3,"8:1:2 9:1:2 19:0:2",8,1,2,2,2,11,4,"2:2:2 5:1:2 9:1:2 19:0:1"
OO_WM_PLUS,18,37,"18:2:2 19:0:1",19,0,1,1,3,"1:0:2 17:2:2 18:1:1",18,1,1,0,0,17,3,"1:0:1 17:1:1 17:2:2"
OO_WM_PLUS,18,37,"18:2:2 19:0:1",19,0,1,2,3,"2:0:2 16:2:2 18:1:1",16,2,2,1,1,12,4,"1:1:2 2:0:1 14:1:2 18:2:2"
OO_WM_PLUS,18,37,"18:2:2 19:0:1",19,0,1,3,3,"3:0:2 15:2:2 18:1:1",15,2,2,1,1,10,4,"1:1:2 3:0:1 13:1:2 18:2:2"
OO_WM_PLUS,18,37,"18:2:2 19:0:1",19,0,1,4,3,"4:0:2 14:2:2 18:1:1",14,2,2,2,2,8,4,"2:1:2 4:0:1 11:1:2 18:2:2"
OO_WM_PLUS,18,37,"18:2:2 19:0:1",19,0,1,5,3,"5:0:2 13:2:2 18:1:1",18,1,1,2,2,4,4,"2:2:2 5:0:1 13:1:1 15:2:2"
OO_WM_PLUS,18,37,"18:2:2 19:0:1",19,0,1,6,3,"6:0:2 12:2:2 18:1:1",12,2,2,1,1,7,4,"1:1:2 6:0:1 10:1:2 18:2:2"
OO_WM_PLUS,18,37,"18:2:2 19:0:1",19,0,1,7,3,"7:0:2 11:2:2 18:1:1",7,0,2,5,1,7,4,"1:1:2 5:0:2 11:1:1 18:2:2"
OO_WM_PLUS,18,37,"18:2:2 19:0:1",19,0,1,8,3,"8:0:2 10:2:2 18:1:1",10,2,2,1,1,8,4,"1:1:2 8:0:1 8:1:2 18:2:2"
OO_WM_PLUS,18,37,"18:2:2 19:0:1",19,0,1,9,3,"9:0:2 9:2:2 18:1:1",18,1,1,2,2,3,4,"2:2:2 9:0:1 9:1:1 15:2:2"
OO_WM_PLUS,18,37,"18:2:2 19:0:1",19,0,1,10,3,"8:2:2 10:0:2 18:1:1",10,0,2,7,2,5,4,"2:1:2 7:0:2 8:1:1 18:2:2"
OO_WM_PLUS,18,37,"18:2:2 19:0:1",19,0,1,11,3,"7:2:2 11:0:2 18:1:1",7,2,2,1,1,10,4,"1:1:2 5:1:2 11:0:1 18:2:2"
OO_WM_PLUS,18,37,"18:2:2 19:0:1",19,0,1,12,3,"6:2:2 12:0:2 18:1:1",18,1,1,2,2,5,4,"2:2:2 6:1:1 12:0:1 15:2:2"
OO_WM_PLUS,18,37,"18:2:2 19:0:1",19,0,1,13,3,"5:2:2 13:0:2 18:1:1",5,2,2,2,2,4,4,"2:1:2 2:1:2 13:0:1 18:2:2"
OO_WM_PLUS,18,37,"18:2:2 19:0:1",19,0,1,14,3,"4:2:2 14:0:2 18:1:1",4,2,2,1,1,13,4,"1:1:2 2:1:2 14:0:1 18:2:2"
OO_WM_PLUS,18,37,"18:2:2 19:0:1",19,0,1,15,3,"3:2:2 15:0:2 18:1:1",15,0,2,13,1,17,4,"1:1:2 3:1:1 13:0:2 18:2:2"
OO_WM_PLUS,18,37,"18:2:2 19:0:1",19,0,1,16,3,"2:2:2 16:0:2 18:1:1",18,1,1,2,2,1,4,"2:1:1 2:2:2 15:2:2 16:0:1"
OO_WM_PLUS,18,37,"18:2:2 19:0:1",19,0,1,17,3,"1:2:2 17:0:2 18:1:1",17,0,2,15,1,21,4,"1:1:1 1:1:2 15:0:2 18:2:2"
OO_WM_PLUS,18,37,"18:2:2 19:0:1",19,0,1,18,2,"18:0:2 18:1:1",18,1,1,0,0,24,2,"17:2:2 18:0:1"
WO_MO,18,36,"18:0:2 18:1:2",18,0,2,1,3,"1:0:2 16:1:2 18:1:2",16,1,2,14,1,24,4,"1:0:1 1:1:2 14:2:2 18:1:2"
WO_MO,18,36,"18:0:2 18:1:2",18,0,2,2,3,"2:0:2 15:1:2 18:1:2",18,1,2,2,2,1,4,"2:0:1 2:2:2 15:1:2 15:1:2"
WO_MO,18,36,"18:0:2 18:1:2",18,0,2,3,3,"3:0:2 14:1:2 18:1:2",18,1,2,16,1,21,4,"1:1:2 3:0:1 14:1:2 16:2:2"
WO_MO,18,36,"18:0:2 18:1:2",18,0,2,4,3,"4:0:2 13:1:2 18:1:2",4,0,2,2,1,20,4,"1:1:2 2:0:2 13:1:2 18:1:2"
WO_MO,18,36,"18:0:2 18:1:2",18,0,2,5,3,"5:0:2 12:1:2 18:1:2",5,0,2,2,2,3,4,"2:0:2 2:1:2 12:1:2 18:1:2"
WO_MO,18,36,"18:0:2 18:1:2",18,0,2,6,3,"6:0:2 11:1:2 18:1:2",18,1,2,16,1,19,4,"1:1:2 6:0:1 11:1:2 16:2:2"
WO_MO,18,36,"18:0:2 18:1:2",18,0,2,7,3,"7:0:2 10:1:2 18:1:2",7,0,2,2,2,8,4,"2:0:2 4:1:2 10:1:2 18:1:2"
WO_MO,18,36,"18:0:2 18:1:2",18,0,2,8,3,"8:0:2 9:1:2 18:1:2",8,0,2,2,2,4,4,"2:0:2 5:1:2 9:1:2 18:1:2"
WO_MO,18,36,"18:0:2 18:1:2",18,0,2,9,3,"8:1:2 9:0:2 18:1:2",8,1,2,2,2,8,4,"2:2:2 5:1:2 9:0:1 18:1:2"
WO_MO,18,36,"18:0:2 18:1:2",18,0,2,10,3,"7:1:2 10:0:2 18:1:2",10,0,2,2,2,4,4,"2:0:2 7:1:2 7:1:2 18:1:2"
WO_MO,18,36,"18:0:2 18:1:2",18,0,2,11,3,"6:1:2 11:0:2 18:1:2",11,0,2,2,2,5,4,"2:0:2 6:1:2 8:1:2 18:1:2"
WO_MO,18,36,"18:0:2 18:1:2",18,0,2,12,3,"5:1:2 12:0:2 18:1:2",5,1,2,2,2,7,4,"2:1:2 2:2:2 12:0:1 18:1:2"
WO_MO,18,36,"18:0:2 18:1:2",18,0,2,13,3,"4:1:2 13:0:2 18:1:2",13,0,2,2,2,4,4,"2:0:2 4:1:2 10:1:2 18:1:2"
WO_MO,18,36,"18:0:2 18:1:2",18,0,2,14,3,"3:1:2 14:0:2 18:1:2",14,0,2,2,2,6,4,"2:0:2 3:1:2 11:1:2 18:1:2"
WO_MO,18,36,"18:0:2 18:1:2",18,0,2,15,3,"2:1:2 15:0:2 18:1:2",15,0,2,2,2,5,4,"2:0:2 2:1:2 12:1:2 18:1:2"
WO_MO,18,36,"18:0:2 18:1:2",18,0,2,16,3,"1:1:2 16:0:2 18:1:2",18,1,2,16,1,4,4,"1:1:2 1:1:2 16:0:1 16:2:2"
WO_MO,18,36,"18:0:2 18:1:2",18,1,2,0,2,"17:1:2 18:0:1",18,0,1,17,0,31,2,"17:0:2 17:1:2"
WO_MO,18,36,"18:0:2 18:1:2",18,1,2,1,3,"1:2:2 16:1:2 18:0:1",16,1,2,14,1,24,4,"1:1:1 1:1:2 14:2:2 18:0:2"
WO_MO,18,36,"18:0:2 18:1:2",18,1,2,2,3,"2:2:2 15:1:2 18:0:1",15,1,2,2,2,3,4,"2:1:1 2:2:2 12:1:2 18:0:2"
WO_MO,18,36,"18:0:2 18:1:2",18,1,2,3,3,"3:2:2 14:1:2 18:0:1",18,0,1,1,1,21,4,"1:0:2 3:1:1 14:1:2 16:2:2"
WO_MO,18,36,"18:0:2 18:1:2",18,1,2,4,3,"4:2:2 13:1:2 18:0:1",13,1,2,2,2,5,4,"2:2:2 4:1:1 10:1:2 18:0:2"
WO_MO,18,36,"18:0:2 18:1:2",18,1,2,5,3,"5:2:2 12:1:2 18:0:1",5,2,2,2,2,5,4,"2:1:2 2:1:2 12:1:2 18:0:2"
WO_MO,18,36,"18:0:2 18:1:2",18,1,2,6,3,"6:2:2 11:1:2 18:0:1",11,1,2,2,2,5,4,"2:2:2 6:1:1 8:1:2 18:0:2"
WO_MO,18,36,"18:0:2 18:1:2",18,1,2,7,3,"7:2:2 10:1:2 18:0:1",10,1,2,2,2,3,4,"2:2:2 7:1:1 7:1:2 18:0:2"
WO_MO,18,36,"18:0:2 18:1:2",18,1,2,8,3,"8:2:2 9:1:2 18:0:1",9,1,2,2,2,5,4,"2:2:2 6:1:2 8:1:1 18:0:2"
WO_MO,18,36,"18:0:2 18:1:2",18,1,2,9,3,"8:1:2 9:2:2 18:0:1",8,1,2,2,2,6,4,"2:2:2 5:1:2 9:1:1 18:0:2"
WO_MO,18,36,"18:0:2 18:1:2",18,1,2,10,3,"7:1:2 10:2:2 18:0:1",7,1,2,2,2,3,4,"2:2:2 4:1:2 10:1:1 18:0:2"
WO_MO,18,36,"18:0:2 18:1:2",18,1,2,11,3,"6:1:2 11:2:2 18:0:1",6,1,2,2,2,6,4,"2:2:2 3:1:2 11:1:1 18:0:2"
WO_MO,18,36,"18:0:2 18:1:2",18,1,2,12,3,"5:1:2 12:2:2 18:0:1",5,1,2,2,2,4,4,"2:1:2 2:2:2 12:1:1 18:0:2"
WO_MO,18,36,"18:0:2 18:1:2",18,1,2,13,3,"4:1:2 13:2:2 18:0:1",4,1,2,2,1,3,4,"1:1:2 2:2:2 13:1:1 18:0:2"
WO_MO,18,36,"18:0:2 18:1:2",18,1,2,14,3,"3:1:2 14:2:2 18:0:1",18,0,1,2,2,2,4,"2:0:2 3:1:2 14:1:1 15:2:2"
WO_MO,18,36,"18:0:2 18:1:2",18,1,2,15,3,"2:1:2 15:2:2 18:0:1",15,2,2,2,2,3,4,"2:1:2 2:1:2 12:1:2 18:0:2"
WO_MO,18,36,"18:0:2 18:1:2",18,1,2,16,3,"1:1:2 16:2:2 18:0:1",18,0,1,1,1,2,4,"1:0:2 1:1:2 16:1:1 16:2:2"
WO_PLUS_MO,18,37,"18:1:2 19:0:2",18,1,2,0,2,"17:1:2 19:0:1",19,0,1,18,0,33,2,"17:1:2 18:0:2"
WO_PLUS_MO,18,37,"18:1:2 19:0:2",18,1,2,1,3,"1:2:2 16:1:2 19:0:1",16,1,2,14,1,27,4,"1:1:1 1:1:2 14:2:2 19:0:2"
WO_PLUS_MO,18,37,"18:1:2 19:0:2",18,1,2,2,3,"2:2:2 15:1:2 19:0:1",19,0,1,16,2,1,4,"2:1:1 2:2:2 15:1:2 16:0:2"
WO_PLUS_MO,18,37,"18:1:2 19:0:2",18,1,2,3,3,"3:2:2 14:1:2 19:0:1",14,1,2,12,1,25,4,"1:1:2 3:1:1 12:2:2 19:0:2"
WO_PLUS_MO,18,37,"18:1:2 19:0:2",18,1,2,4,3,"4:2:2 13:1:2 19:0:1",13,1,2,11,1,15,4,"1:1:2 4:1:1 11:2:2 19:0:2"
WO_PLUS_MO,18,37,"18:1:2 19:0:2",18,1,2,5,3,"5:2:2 12:1:2 19:0:1",12,1,2,2,2,3,4,"2:2:2 5:1:1 9:1:2 19:0:2"
WO_PLUS_MO,18,37,"18:1:2 19:0:2",18,1,2,6,3,"6:2:2 11:1:2 19:0:1",11,1,2,9,1,14,4,"1:1:2 6:1:1 9:2:2 19:0:2"
WO_PLUS_MO,18,37,"18:1:2 19:0:2",18,1,2,7,3,"7:2:2 10:1:2 19:0:1",10,1,2,8,1,10,4,"1:1:2 7:1:1 8:2:2 19:0:2"
WO_PLUS_MO,18,37,"18:1:2 19:0:2",18,1,2,8,3,"8:2:2 9:1:2 19:0:1",8,2,2,2,2,6,4,"2:1:2 5:1:2 9:1:2 19:0:2"
WO_PLUS_MO,18,37,"18:1:2 19:0:2",18,1,2,9,3,"8:1:2 9:2:2 19:0:1",8,1,2,2,2,6,4,"2:2:2 5:1:2 9:1:1 19:0:2"
WO_PLUS_MO,18,37,"18:1:2 19:0:2",18,1,2,10,3,"7:1:2 10:2:2 19:0:1",7,1,2,5,1,9,4,"1:1:2 5:2:2 10:1:1 19:0:2"
WO_PLUS_MO,18,37,"18:1:2 19:0:2",18,1,2,11,3,"6:1:2 11:2:2 19:0:1",6,1,2,2,2,6,4,"2:2:2 3:1:2 11:1:1 19:0:2"
WO_PLUS_MO,18,37,"18:1:2 19:0:2",18,1,2,12,3,"5:1:2 12:2:2 19:0:1",5,1,2,2,2,5,4,"2:1:2 2:2:2 12:1:1 19:0:2"
WO_PLUS_MO,18,37,"18:1:2 19:0:2",18,1,2,13,3,"4:1:2 13:2:2 19:0:1",4,1,2,2,1,7,4,"1:1:2 2:2:2 13:1:1 19:0:2"
WO_PLUS_MO,18,37,"18:1:2 19:0:2",18,1,2,14,3,"3:1:2 14:2:2 19:0:1",14,2,2,2,2,6,4,"2:1:2 3:1:2 11:1:2 19:0:2"
WO_PLUS_MO,18,37,"18:1:2 19:0:2",18,1,2,15,3,"2:1:2 15:2:2 19:0:1",19,0,1,16,2,6,4,"2:1:2 2:2:2 15:1:1 16:0:2"
WO_PLUS_MO,18,37,"18:1:2 19:0:2",18,1,2,16,3,"1:1:2 16:2:2 19:0:1",19,0,1,2,2,5,4,"1:1:2 2:0:2 16:1:1 16:2:2"
WO_PLUS_MO,18,37,"18:1:2 19:0:2",19,0,2,1,3,"1:0:2 17:1:2 18:1:2",18,1,2,0,0,31,3,"1:0:1 17:1:2 17:1:2"
WO_PLUS_MO,18,37,"18:1:2 19:0:2",19,0,2,2,3,"2:0:2 16:1:2 18:1:2",16,1,2,14,1,24,4,"1:1:2 2:0:1 14:2:2 18:1:2"
WO_PLUS_MO,18,37,"18:1:2 19:0:2",19,0,2,3,3,"3:0:2 15:1:2 18:1:2",15,1,2,13,1,23,4,"1:1:2 3:0:1 13:2:2 18:1:2"
WO_PLUS_MO,18,37,"18:1:2 19:0:2",19,0,2,4,3,"4:0:2 14:1:2 18:1:2",18,1,2,16,1,21,4,"1:1:2 4:0:1 14:1:2 16:2:2"
WO_PLUS_MO,18,37,"18:1:2 19:0:2",19,0,2,5,3,"5:0:2 13:1:2 18:1:2",13,1,2,2,2,2,4,"2:2:2 5:0:1 10:1:2 18:1:2"
WO_PLUS_MO,18,37,"18:1:2 19:0:2",19,0,2,6,3,"6:0:2 12:1:2 18:1:2",12,1,2,10,1,18,4,"1:1:2 6:0:1 10:2:2 18:1:2"
WO_PLUS_MO,18,37,"18:1:2 19:0:2",19,0,2,7,3,"7:0:2 11:1:2 18:1:2",7,0,2,5,1,11,4,"1:1:2 5:0:2 11:1:2 18:1:2"
WO_PLUS_MO,18,37,"18:1:2 19:0:2",19,0,2,8,3,"8:0:2 10:1:2 18:1:2",8,0,2,5,2,5,4,"2:1:2 5:0:2 10:1:2 18:1:2"
WO_PLUS_MO,18,37,"18:1:2 19:0:2",19,0,2,9,3,"9:0:2 9:1:2 18:1:2",9,1,2,2,2,7,4,"2:2:2 6:1:2 9:0:1 18:1:2"
WO_PLUS_MO,18,37,"18:1:2 19:0:2",19,0,2,10,3,"8:1:2 10:0:2 18:1:2",10,0,2,8,1,8,4,"1:1:2 8:0:2 8:1:2 18:1:2"
WO_PLUS_MO,18,37,"18:1:2 19:0:2",19,0,2,11,3,"7:1:2 11:0:2 18:1:2",7,1,2,2,2,9,4,"2:2:2 4:1:2 11:0:1 18:1:2"
WO_PLUS_MO,18,37,"18:1:2 19:0:2",19,0,2,12,3,"6:1:2 12:0:2 18:1:2",6,1,2,2,2,6,4,"2:2:2 3:1:2 12:0:1 18:1:2"
WO_PLUS_MO,18,37,"18:1:2 19:0:2",19,0,2,13,3,"5:1:2 13:0:2 18:1:2",13,0,2,11,1,9,4,"1:1:2 5:1:2 11:0:2 18:1:2"
WO_PLUS_MO,18,37,"18:1:2 19:0:2",19,0,2,14,3,"4:1:2 14:0:2 18:1:2",4,1,2,2,1,11,4,"1:1:2 2:2:2 14:0:1 18:1:2"
WO_PLUS_MO,18,37,"18:1:2 19:0:2",19,0,2,15,3,"3:1:2 15:0:2 18:1:2",18,1,2,14,3,1,4,"3:1:2 3:1:2 14:2:2 15:0:1"
WO_PLUS_MO,18,37,"18:1:2 19:0:2",19,0,2,16,3,"2:1:2 16:0:2 18:1:2",16,0,2,13,2,11,4,"2:1:2 2:1:2 13:0:2 18:1:2"
WO_PLUS_MO,18,37,"18:1:2 19:0:2",19,0,2,17,3,"1:1:2 17:0:2 18:1:2",18,1,2,16,1,7,4,"1:1:2 1:1:2 16:2:2 17:0:1"
